employee_id,store_id,employee_name,role,gender,monthly_salary_inr,joining_date,employment_status
100001,6064,Kabir Parmer,Store Manager,M,63640.0,2024-03-25,Active
100002,6100,Riya Thaman,PICKER,m,64992.0,2024-05-09,Resigned
100003,6109,Banjeet De,delivery rider,f,47002.0,02-Sep-2024,On Leave
100004,6115,Yasti Buch,PICKER,F,40236.0,17-Dec-2022,Active
100005,6114,Laban Bal,Delivery Rider,M,19389.0,2022-11-06,active
100006,6021,Rishi Deep,Delivery Rider,m,56778.0,2026-01-22,Resigned
100007,6050,Bhavna Gandhi,Packer,Female,24820.0,2026-07-23,Active
100008,6090,Dominic Panchal,Inventory Associate,F,54208.0,2025-05-17,Active
100009,6129,Nathan Naik,PICKER,F,54361.0,2025-01-26,Active
100010,6047,Tanmayi Dhawan,delivery rider,F,32231.0,2026-03-20,Active
100011,6030,Sathvik Lall,Delivery Rider,f,43690.0,2023-08-25,Active
100012,6138,Eiravati Pradhan,delivery rider,f,31350.0,2025-02-03,Active
100013,6085,Netra Edwin,Picker,Female,54329.0,10-11-2022,Active
100014,6150,Falak Puri,Quality Checker,,16214.0,2025-03-06,active
100015,6107,Ishwar Wali,Quality Checker,M,28893.0,2023-04-22,Active
100016,6091,Sneha Verma,Inventory Associate,M,49003.0,2022-10-28,Resigned
100017,6053,Zayyan Wason,Quality Checker,m,24395.0,2024-12-13,Active
100018,6116,Kamya Lanka,Picker,M,57612.0,2025-02-24,Active
100019,6015,Madhav Parsa,Quality Checker,m,43081.0,2024-02-18,On Leave
100020,6043,Riya Karpe,Delivery Rider,,15653.0,2023-12-15,Active
100021,6004,Chaman Varty,Store Manager,F,47964.0,2023-05-04,active
100022,6045,Aarav Bandi,Inventory Associate,M,17177.0,2023-08-24,On Leave
100023,6002,Rachana Sahni,delivery rider,Female,44491.0,2023-07-08,Active
100024,6027,Kevin Suresh,Inventory Associate,F,22078.0,2024-09-06,active
100025,6014,Anthony Bhagat,Inventory Associate,f,42577.0,2023-07-17,Active
100026,6056,Daksha Cherian,Picker,,31063.0,2022-08-22,Active
100027,6084,Odika Mitra,Store Manager,Female,29674.0,2024-09-21,active
100028,6138,Jeevika Soman,PICKER,Female,,26/12/2024,Resigned
100029,6055,Yagnesh Dixit,delivery rider,m,51041.0,2023-04-07,Active
100030,6042,Maanav Madan,Quality Checker,F,,2024-06-07,active
100031,6018,Advay Bhalla,Delivery Rider,M,63923.0,2024-03-28,RESIGNED
100032,6017,Sachi Vasa,delivery rider,M,27314.0,2025-03-18,RESIGNED
100033,6074,Noah Acharya,PICKER,M,63634.0,2025-07-25,Active
100034,6067,Nidra Grewal,Delivery Rider,Male,,2022-10-22,Active
100035,6129,Henry Arora,PICKER,Male,16030.0,2023-08-01,Active
100036,6013,Lucky Sachdev,Store Manager,f,19956.0,2025-01-30,On Leave
100037,6135,Owen Trivedi,Store Manager,Male,,2023-06-06,On Leave
100038,6127,Chanakya Sridhar,Quality Checker,m,24413.0,2023-11-14,active
100039,6128,Keya Sarkar,Packer,M,64253.0,2025-06-29,active
100040,6027,Faris Sethi,Quality Checker,Male,39860.0,2025-08-11,On Leave
100041,6007,Advika Kata,Quality Checker,F,42053.0,2023-05-02,On Leave
100042,6060,Gautami Lall,PICKER,F,63445.0,2025-03-16,Active
100043,6149,Rajata Virk,Quality Checker,m,43511.0,2025-06-23,Active
100044,6113,Teerth Chada,Inventory Associate,m,35892.0,2026-07-08,Active
100045,6050,Omkaar Lad,Inventory Associate,Male,54457.0,24/02/2026,active
100046,6134,Nathaniel Narain,Quality Checker,F,26404.0,2026-04-01,Active
100047,6027,Falguni Khare,Store Manager,Female,23720.0,2023-05-26,On Leave
100048,6051,Urmi Wali,Picker,f,32402.0,2024-02-24,Active
100049,6103,Rajeshri Kaur,delivery rider,f,55443.0,06-03-2025,Resigned
100050,6002,Simon Raman,Store Manager,Female,52497.0,2024-11-29,Active
100051,6150,Onveer Dhillon,Store Manager,f,22140.0,2025-02-13,active
100052,6108,Hredhaan Edwin,Store Manager,Female,55262.0,2022-10-06,On Leave
100053,6006,Ayush Balasubramanian,delivery rider,m,25997.0,2024-01-04,Active
100054,6126,Ekansh Batra,Picker,M,28279.0,2022-10-18,Active
100055,6090,Ryan Walla,Picker,m,27433.0,2022-11-23,active
100056,6134,Leena Chhabra,Quality Checker,Female,43944.0,2026-03-13,On Leave
100057,6032,Isaac Bandi,Quality Checker,,31980.0,2023-08-14,On Leave
100058,6091,Bhavna Sood,Inventory Associate,M,62593.0,2022-10-08,Active
100059,6119,Samarth Menon,Store Manager,F,64895.0,2023-01-11,Active
100060,6144,Advika Bail,Store Manager,F,55864.0,2023-11-28,On Leave
100061,6076,Chanakya Pillai,Packer,Female,29103.0,2024-01-13,Active
100062,6048,Bhavna Balasubramanian,PICKER,M,32429.0,2026-04-09,Active
100063,6125,Rajata Venkataraman,delivery rider,m,57205.0,10-14-2025,RESIGNED
100064,6015,Upasna Bava,Picker,m,23201.0,2025-09-21,Resigned
100065,6003,Gavin Mani,Store Manager,M,30385.0,2024-10-12,RESIGNED
100066,6048,Saksham Mani,PICKER,Male,27666.0,2023-04-24,Active
100067,6024,Aayush Pall,Inventory Associate,F,27965.0,2025-09-05,On Leave
100068,6030,Qarin Talwar,Picker,Male,23131.0,2024-08-05,On Leave
100069,6037,Nathan Mander,PICKER,F,49359.0,2024-12-31,Active
100070,6120,Wishi Gandhi,PICKER,f,44524.0,2025-11-22,active
100071,6047,Vritti Cheema,Quality Checker,f,15347.0,2023-01-26,Active
100072,6131,Girish Rattan,PICKER,Female,,2025-02-21,active
100073,6087,Pahal Bakshi,Picker,f,45099.0,2026-05-06,Active
100074,6112,Adya Sangha,Quality Checker,Female,17455.0,2024-02-13,RESIGNED
100075,6104,Ladli Kaur,Quality Checker,m,47189.0,2026-03-27,On Leave
100076,6085,Bahadurjit Pall,Store Manager,Male,22360.0,2026-05-29,RESIGNED
100077,6103,Shravya Naik,delivery rider,m,40114.0,15/12/2024,RESIGNED
100078,6016,Aarini Kashyap,delivery rider,m,58151.0,2023-04-23,active
100079,6055,Wazir Tripathi,Delivery Rider,f,54978.0,19/02/2023,RESIGNED
100080,6108,Mohammed Dugal,Picker,,23089.0,2023-05-25,Active
100081,6048,Ijaya Dyal,delivery rider,M,42224.0,2026-07-13,Active
100082,6146,Aarna Chaudry,Delivery Rider,M,41595.0,2023-07-30,On Leave
100083,6004,Rohan Rajagopalan,delivery rider,m,57214.0,2023-04-16,On Leave
100084,6027,Chasmum Mishra,Picker,f,23946.0,2023-03-27,Active
100085,6032,Ikbal Chhabra,Picker,F,22452.0,2024-05-15,Resigned
100086,6116,Ucchal Bandi,Packer,M,62971.0,2023-10-03,active
100087,6076,Tristan Tella,PICKER,Female,30649.0,2022-09-06,Active
100088,6004,Ubika Bains,Picker,Female,61804.0,2026-07-22,RESIGNED
100089,6016,Abdul Kibe,Quality Checker,Male,61694.0,2023-03-14,Active
100090,6093,Oviya Karnik,Packer,f,45258.0,2026-04-06,Active
100091,6086,Pratyush Dash,Inventory Associate,,56660.0,2025-04-20,Active
100092,6004,Abha Chaudhari,Packer,m,52316.0,2024-06-12,On Leave
100093,6097,Mugdha Dugar,Store Manager,Female,14110.0,2026-03-18,Active
100094,6011,Vasudha Shah,Inventory Associate,F,51480.0,2023-08-19,RESIGNED
100095,6128,Zarna Goswami,Quality Checker,m,50285.0,2022-09-16,RESIGNED
100096,6080,Advaith Ramachandran,Delivery Rider,f,60421.0,2026-03-17,RESIGNED
100097,6099,Balvan Krishnamurthy,PICKER,m,37272.0,2025-12-16,Resigned
100098,6067,Ryan Venkataraman,Quality Checker,Female,27229.0,20/10/2024,RESIGNED
100099,6093,Samarth Soni,Quality Checker,Female,23765.0,2024-01-09,On Leave
100100,6028,Hemal Roy,Quality Checker,f,19356.0,2024-09-05,Active
100101,6133,Shivansh Gour,Delivery Rider,,51058.0,2025-08-07,Active
100102,6110,Ishani Bhalla,Picker,Female,53893.0,2024-03-14,Active
100103,6052,Mugdha Bhat,Packer,Female,,2023-08-22,active
100104,6125,Osha Pandey,Picker,m,21858.0,09-07-2022,Resigned
100105,6023,Udarsh Mitter,delivery rider,F,24467.0,2024-12-13,active
100106,6045,Manya Shere,Delivery Rider,Male,17884.0,2025-08-06,RESIGNED
100107,6067,Ekapad Hans,PICKER,M,34819.0,2023-06-24,active
100108,7004,Madhav Pandit,PICKER,f,35228.0,2024-07-04,Active
100109,6098,Upadhriti Menon,Packer,Female,23381.0,2025-04-18,On Leave
100110,6010,Upasna Pant,Packer,,54544.0,2025-09-02,Active
100111,6025,Amara Puri,delivery rider,M,43644.0,2025-10-06,Active
100112,6030,Quincy Subramaniam,Quality Checker,F,62238.0,2025-05-19,Resigned
100113,6113,Ishita Konda,Packer,Male,30171.0,2022-08-22,RESIGNED
100114,6086,Varsha Sundaram,Packer,Male,34844.0,2025-04-01,Active
100115,6015,Janani Dua,Store Manager,m,32758.0,2024-05-06,Active
100116,6067,Dakshesh Chada,Store Manager,F,32967.0,05-06-2026,Active
100117,6005,Logan Wali,PICKER,m,23184.0,2025-12-10,Resigned
100118,6048,Advay Kadakia,Quality Checker,,40800.0,2025-12-15,Active
100119,6134,Zashil Chaudhuri,Store Manager,f,53364.0,09-Jun-2026,RESIGNED
100120,6045,Quincy Seth,Store Manager,F,60383.0,12-11-2024,Active
100121,6017,Sathvik Rau,delivery rider,f,47977.0,2024-01-07,RESIGNED
100122,6127,Gautam Mishra,Picker,M,64002.0,2025-10-18,Active
100123,6048,Farhan Sarna,Quality Checker,M,38324.0,2023-06-03,Active
100124,6115,Jagat Lalla,Picker,M,30038.0,2025-04-25,Active
100125,6148,Urvashi Tailor,Delivery Rider,Male,61903.0,2024-04-22,Resigned
100126,6035,Unni Dhawan,Delivery Rider,F,28660.0,11-10-2024,Active
100127,6008,Wishi Gala,Delivery Rider,M,62414.0,07-Jun-2025,Resigned
100128,6114,Naveen Nagi,Picker,Male,60995.0,2024-10-15,On Leave
100129,6150,Chaman Shroff,Inventory Associate,M,40584.0,2024-07-02,Active
100130,6038,Faqid Gole,PICKER,f,15212.0,2024-02-17,On Leave
100131,6135,Ansh Bath,Delivery Rider,Female,17405.0,2025-03-06,Active
100132,6112,Girindra Uppal,Quality Checker,Female,17509.0,05-12-2025,Active
100133,6003,Bahadurjit Kala,Quality Checker,M,18539.0,2024-07-26,active
100134,6058,Hamsini Chandra,Packer,Female,64893.0,2025-07-03,Active
100135,6009,Harita Som,Inventory Associate,f,55172.0,2026-01-28,Resigned
100136,6065,Bhanumati Saran,Picker,,29509.0,2025-09-29,Active
100137,6043,Charles Mann,Picker,M,47671.0,31/12/2023,On Leave
100138,6131,Netra Nath,Packer,Male,51836.0,2023-10-20,Active
100139,6074,Yashawini Pai,PICKER,m,28523.0,2024-08-23,active
100140,6118,Jacob Narayanan,Inventory Associate,m,,2026-07-13,Active
100141,6140,Joshua Chahal,delivery rider,m,37111.0,2023-05-26,Active
100142,6084,Mohini Ravi,PICKER,Male,28165.0,2025-10-07,Active
100143,6018,Mohini Mital,Quality Checker,Female,47881.0,2024-10-23,active
100144,6134,Ranveer Soman,Store Manager,f,24126.0,2023-01-24,Active
100145,6052,Xiti Puri,Inventory Associate,m,62711.0,2025-01-24,Active
100146,6033,Simon Baral,delivery rider,,64179.0,04-Feb-2025,Resigned
100147,6107,Owen Chaudhuri,Inventory Associate,m,38874.0,2025-04-19,Active
100148,6075,Oviya Chaudhuri,Quality Checker,Female,53021.0,2025-04-14,RESIGNED
100149,6098,Jyoti Dewan,PICKER,Male,33925.0,2026-04-15,On Leave
100150,6060,Chasmum Goyal,Picker,Male,53851.0,2025-10-11,Active
100151,6003,Anmol Sankar,Delivery Rider,M,46593.0,2024-04-26,Active
100152,6112,Widisha Vig,delivery rider,Female,16668.0,2024-11-23,Active
100153,6018,Oviya Ravel,Store Manager,M,46827.0,2022-10-15,Resigned
100154,6049,Lila Dugal,delivery rider,Female,64287.0,2024-06-01,Active
100155,6024,Harsh Butala,Packer,Male,18920.0,2024-07-13,Active
100156,6076,Max Aurora,Quality Checker,m,41583.0,2025-03-17,RESIGNED
100157,6054,Jairaj Chakrabarti,Store Manager,Female,55294.0,2024-05-03,active
100158,6003,Kai Sodhi,Delivery Rider,Male,,2023-07-03,RESIGNED
100159,7001,Shravya Grover,Delivery Rider,,25481.0,2022-09-13,Active
100160,6137,Maanav Chad,Packer,m,53435.0,2026-04-28,Active
100161,6020,Triveni Kumar,Packer,m,44639.0,2023-10-21,Active
100162,6004,Azad Apte,Quality Checker,F,37189.0,2026-04-14,RESIGNED
100163,6017,Lopa Mukhopadhyay,Quality Checker,F,,2022-11-15,On Leave
100164,6012,Vidhi Bhasin,PICKER,M,30340.0,18/11/2023,Active
100165,6117,Upma Ganesan,Inventory Associate,Female,46476.0,24-Nov-2023,active
100166,6057,Janani Gade,delivery rider,Male,60646.0,2023-03-18,Active
100167,6045,Vansha Rajan,Packer,Male,14500.0,2025-02-24,Resigned
100168,6030,Anita Nath,Quality Checker,m,36012.0,2025-09-28,On Leave
100169,6142,Gaurangi Aurora,Store Manager,Female,32585.0,2023-10-20,Active
100170,6007,Priya Koshy,Quality Checker,F,22510.0,2025-12-15,RESIGNED
100171,6143,Vivaan Seth,PICKER,Female,29740.0,2024-02-20,active
100172,6097,Ekanta Lall,Store Manager,Male,47084.0,2023-10-06,active
100173,6067,Brijesh Mani,PICKER,m,49039.0,2023-09-14,Active
100174,6032,Anusha Tata,Picker,m,62230.0,2025-12-18,active
100175,6038,Vedhika Raj,Inventory Associate,M,19638.0,2024-01-07,Active
100176,6049,Dayamai Bhandari,Picker,M,37690.0,2023-06-07,Active
100177,6080,Samuel Kumar,Picker,F,60969.0,2025-05-05,RESIGNED
100178,6034,Lekha Sharaf,Inventory Associate,,58539.0,2024-12-22,On Leave
100179,6119,Dev Kaul,Store Manager,Female,55210.0,2024-10-16,Active
100180,6057,Ekani Sood,Delivery Rider,,24617.0,2024-03-22,Active
100181,6011,Ranbir Kala,Inventory Associate,f,25774.0,2024-08-27,On Leave
100182,6066,Bimala Patil,delivery rider,f,36874.0,05-26-2023,Active
100183,6013,Neha Varughese,Store Manager,f,34876.0,2024-12-10,active
100184,6107,Chaitanya Tak,delivery rider,f,28470.0,22-Jan-2026,On Leave
100185,6129,Kamya Sheth,PICKER,,59760.0,2024-02-16,RESIGNED
100186,6126,Diya Balasubramanian,Store Manager,M,50642.0,2025-10-12,RESIGNED
100187,6061,Girindra Bandi,Inventory Associate,F,25013.0,2024-01-04,Active
100188,6080,Tanay Lal,Packer,F,45879.0,2023-06-13,Active
100189,6132,Pooja Chatterjee,PICKER,F,37033.0,02/05/2026,Resigned
100190,6062,Aachal Barad,Quality Checker,f,49930.0,2026-06-01,active
100191,6040,Kritika Chacko,PICKER,Female,21502.0,27-Dec-2023,Active
100192,6016,Kala Shanker,Inventory Associate,Male,59981.0,2022-09-28,Active
100193,6114,Mekhala Dar,PICKER,m,25016.0,30-Jul-2024,RESIGNED
100194,6022,Aarini Nagar,Quality Checker,f,21130.0,2025-06-16,On Leave
100195,6140,Yashawini Ramaswamy,Quality Checker,M,19961.0,2024-11-20,active
100196,6065,Kamala Keer,Store Manager,M,,2023-05-12,Active
100197,6095,Orinder Barad,Packer,f,58700.0,2026-08-06,RESIGNED
100198,6084,Daniel Bala,delivery rider,F,37346.0,2026-05-25,Resigned
100199,6065,Aarna Varghese,Store Manager,,51150.0,2025-12-24,active
100200,6013,Daksh Chaudhuri,Store Manager,Female,61891.0,2025-06-20,Resigned
100201,6021,Rushil Misra,Packer,f,23063.0,2023-03-18,Active
100202,6113,Henry Sinha,PICKER,F,,2024-12-27,RESIGNED
100203,6109,Madhavi Dash,Packer,,17624.0,2023-12-05,Active
100204,6113,Om Sastry,Delivery Rider,f,25552.0,02-17-2024,Active
100205,6145,Advik Sidhu,Quality Checker,m,19573.0,2023-08-02,On Leave
100206,6040,Balendra Dugar,delivery rider,m,17932.0,2025-07-01,active
100207,6145,Faras Prakash,delivery rider,Male,56425.0,2026-05-05,Resigned
100208,6008,Sanya Chatterjee,Store Manager,F,43317.0,03-09-2026,Resigned
100209,6107,Anthony Borde,Quality Checker,m,42925.0,02/05/2026,Active
100210,6029,Ekantika Kaur,Store Manager,Male,26290.0,2024-06-09,On Leave
100211,6142,Luke Narula,PICKER,F,59660.0,2024-07-16,Resigned
100212,6021,Pranit Seth,delivery rider,,42804.0,2023-07-08,Resigned
100213,6132,Reva Dixit,Picker,Female,39687.0,2024-11-04,Active
100214,6122,Yatin Dugal,Picker,F,54552.0,2023-09-12,Active
100215,6004,Gaurika Ganesh,Store Manager,Female,60361.0,2022-09-25,Active
100216,6052,Eesha Shan,Picker,f,25010.0,2023-09-03,RESIGNED
100217,6003,Mitesh Varghese,Inventory Associate,M,47631.0,2026-03-30,active
100218,6012,Vansha Mangat,Quality Checker,M,35454.0,10/11/2022,Active
100219,6050,Janya Sankaran,PICKER,M,52100.0,2023-02-09,On Leave
100220,6019,Wazir Chatterjee,Inventory Associate,F,33007.0,2026-08-05,RESIGNED
100221,7002,Nicholas Bhandari,Inventory Associate,m,63901.0,2024-03-11,Active
100222,6088,Maanas Babu,Packer,Female,16073.0,17/12/2025,Resigned
100223,6101,Yasti Dey,PICKER,F,43398.0,2024-05-25,Resigned
100224,6020,Quincy Parsa,Quality Checker,Male,34398.0,2024-05-27,Active
100225,6044,Tejas Malhotra,Quality Checker,f,51817.0,2024-05-15,Active
100226,6086,Pranit Vig,PICKER,Male,30301.0,2024-11-30,Active
100227,6038,Ronith Buch,Packer,Male,18160.0,2025-09-17,Resigned
100228,6136,Anusha Gill,Packer,,50741.0,12/12/2025,RESIGNED
100229,6147,Darika Jain,Picker,Male,29600.0,2023-06-16,active
100230,6078,Christopher Vasa,Quality Checker,f,55629.0,2022-09-02,active
100231,6086,Baghyawati Tailor,Delivery Rider,f,35181.0,2025-11-15,Resigned
100232,6063,Vansha Deol,Store Manager,Male,,2022-12-28,On Leave
100233,6115,Yuvraj Grewal,delivery rider,m,25070.0,02-13-2026,Active
100234,6142,Balhaar Gade,Quality Checker,M,52230.0,2024-11-18,Active
100235,6091,Ishani Venkatesh,PICKER,Male,59238.0,2025-06-09,Active
100236,6082,Jai Parikh,Packer,Male,,05-11-2026,Active
100237,6056,Lakshmi Bhat,Delivery Rider,Female,53511.0,2025-06-28,Active
100238,6062,Warda Sekhon,Delivery Rider,F,19197.0,2023-10-18,Resigned
100239,6035,Ansh Kohli,Delivery Rider,F,56105.0,2024-09-06,Active
100240,6083,Qabil Ganesh,Quality Checker,,45871.0,2026-07-02,Active
100241,6015,Ayushman Bahl,delivery rider,M,54159.0,2023-01-16,Resigned
100242,6066,Advika Badami,PICKER,,34767.0,2023-01-06,Active
100243,6085,William Sawhney,Packer,,27794.0,2025-12-24,Active
100244,6093,Praneel Bath,delivery rider,Male,52567.0,01-16-2023,Active
100245,6067,Wakeeta Tella,PICKER,M,34267.0,2023-09-21,active
100246,6144,Jairaj Dara,Inventory Associate,Male,31952.0,04-Sep-2025,Active
100247,6093,Utkarsh Karan,Packer,f,63583.0,2024-04-02,Resigned
100248,6032,Mekhala Gala,Delivery Rider,m,50388.0,2023-03-22,Resigned
100249,6039,Lopa Salvi,Packer,f,24622.0,2026-06-04,active
100250,6114,Meghana Ben,PICKER,F,36559.0,2025-01-07,Active
100251,6007,Nandini Khosla,Picker,f,18288.0,2025-09-27,active
100252,6016,Ekani Rattan,Store Manager,m,38613.0,2025-12-26,Active
100253,6065,Ekta Varughese,Delivery Rider,Male,29848.0,2026-01-08,RESIGNED
100254,6072,Zaid Sami,Inventory Associate,Female,51324.0,2023-03-21,RESIGNED
100255,6035,Janya Chopra,Inventory Associate,Male,14257.0,2025-04-13,Active
100256,6116,Ekta Sant,Store Manager,,27750.0,2024-10-02,Active
100257,6047,Umang Dewan,delivery rider,F,33503.0,2023-06-08,Active
100258,6035,Sudiksha Batra,Inventory Associate,F,37047.0,24-Apr-2024,Active
100259,6087,Bakhshi Lata,delivery rider,Male,16157.0,2025-11-13,active
100260,6010,Balendra Chaudhry,Packer,m,51673.0,2026-04-21,Active
100261,6017,Radha Khalsa,Picker,M,22900.0,20/08/2023,active
100262,6038,Isaiah Mody,Picker,m,46523.0,08/06/2026,RESIGNED
100263,6019,Jai Bhasin,Inventory Associate,f,31343.0,2024-01-08,Active
100264,6013,Frado Shukla,delivery rider,m,,2025-01-03,active
100265,6140,Ria Dasgupta,Inventory Associate,m,40894.0,2024-12-28,active
100266,6103,Niharika Mani,delivery rider,Male,39098.0,2024-09-04,On Leave
100267,6037,Bhavna Sha,Delivery Rider,F,30689.0,2023-09-23,Active
100268,6030,Libni Jaggi,Picker,m,,2025-01-26,Active
100269,6114,Triveni Mitter,Quality Checker,Female,14061.0,2024-10-28,On Leave
100270,6088,Dayita Balasubramanian,delivery rider,F,62713.0,2025-01-30,Active
100271,6135,Ranbir Vala,Inventory Associate,m,35111.0,2023-08-07,active
100272,6068,Advik Pandit,Inventory Associate,Female,36791.0,2024-10-24,Active
100273,6017,Ekiya Nanda,Quality Checker,m,25084.0,2023-04-13,Active
100274,6118,Tarak Merchant,Packer,f,56735.0,05-Aug-2024,Active
100275,6032,Nathan Bhavsar,delivery rider,F,38585.0,2022-11-10,RESIGNED
100276,6134,Ria Bhatia,Inventory Associate,Female,32023.0,2025-01-20,active
100277,6116,Irya Chopra,PICKER,f,63728.0,12/09/2024,Active
100278,6134,Omaja Nazareth,Store Manager,m,36288.0,2024-09-18,Resigned
100279,6001,Samaksh Malhotra,Inventory Associate,M,34089.0,2025-04-21,Active
100280,6062,Vaishnavi Luthra,Inventory Associate,Female,55690.0,30/11/2025,On Leave
100281,6096,Nitara Chauhan,Delivery Rider,f,,2025-10-08,On Leave
100282,6066,Widisha Rao,Quality Checker,F,51925.0,2022-08-25,RESIGNED
100283,6096,Omisha Mammen,Picker,f,18638.0,2026-06-25,On Leave
100284,6107,Ladli Sethi,PICKER,f,15677.0,2026-02-14,On Leave
100285,6107,Ira Master,PICKER,F,42825.0,2025-05-26,active
100286,6052,Ekanta Ahuja,delivery rider,,58554.0,2024-01-16,On Leave
100287,6031,Lajita Sawhney,Picker,F,51422.0,2025-10-11,RESIGNED
100288,6145,Maanav Sarin,PICKER,M,27096.0,2023-10-31,Active
100289,6107,Gaurang Narayanan,Packer,Female,55059.0,2024-12-06,Resigned
100290,6048,Eshana Jayaraman,Inventory Associate,m,34515.0,2023-12-05,Active
100291,6102,Atharv Batta,delivery rider,,33955.0,2026-07-09,On Leave
100292,6066,Charita Yadav,Inventory Associate,F,27599.0,2023-08-28,On Leave
100293,6126,Zansi Varughese,Packer,Male,36397.0,2025-09-22,Resigned
100294,6014,Lopa Shetty,Quality Checker,M,40799.0,2025-07-16,Active
100295,6057,Sneha Anne,PICKER,Male,27720.0,2024-01-23,On Leave
100296,6114,Hardik Rout,Store Manager,,42424.0,03/05/2025,RESIGNED
100297,6128,Mitesh Guha,Packer,M,50769.0,17/02/2024,active
100298,6076,Neelima Sarraf,Store Manager,m,23553.0,2026-06-28,Resigned
100299,6120,George Garde,Picker,F,17297.0,2025-09-13,Active
100300,6109,Falan Mukhopadhyay,Packer,M,,2024-01-30,Active
100301,6150,Chaitaly Oza,Quality Checker,f,24091.0,2024-09-05,Resigned
100302,6039,Naksh Viswanathan,Store Manager,Female,35470.0,2025-11-29,Active
100303,6140,Yashasvi Guha,Picker,F,61725.0,2023-10-16,On Leave
100304,6010,Hredhaan Pandit,Quality Checker,M,27793.0,2024-04-12,Resigned
100305,6075,Nisha Anne,PICKER,,46541.0,2024-11-28,Active
100306,6072,Aayush Modi,Inventory Associate,m,63561.0,10-12-2025,RESIGNED
100307,6149,Alexander Balan,Inventory Associate,M,20597.0,2024-03-21,Active
100308,6077,Amaira Wali,Delivery Rider,F,43466.0,2023-06-02,Active
100309,6029,Rushil Roy,Inventory Associate,M,43817.0,2024-09-08,RESIGNED
100310,6101,Naksh Vasa,PICKER,,47643.0,2025-01-14,active
100311,6107,Ayush Chaudhry,Quality Checker,M,57459.0,2025-09-01,active
100312,6085,Unni Sani,Delivery Rider,f,45473.0,2022-12-08,Active
100313,6030,Advik Naidu,Packer,Female,49457.0,2025-11-09,Active
100314,6138,Irya Majumdar,Delivery Rider,m,26957.0,2023-03-17,Active
100315,6137,Hardik Bhatnagar,Store Manager,,17516.0,2023-04-23,Resigned
100316,6059,Lekha Bahri,Picker,F,31312.0,2024-01-10,Resigned
100317,6029,Caleb Sarraf,Inventory Associate,m,19526.0,2022-11-06,Active
100318,6132,Zaid Kapoor,Delivery Rider,,36104.0,06/11/2022,RESIGNED
100319,6088,Divya Ahuja,Picker,Female,,2022-10-22,On Leave
100320,6009,Chavvi Sahota,Picker,F,47515.0,03-24-2026,RESIGNED
100321,6053,Ekansh Kibe,Store Manager,F,60438.0,2025-01-15,RESIGNED
100322,6010,Odika More,PICKER,m,18524.0,2025-05-04,Active
100323,6013,Anthony Kohli,Quality Checker,Female,61018.0,2024-03-23,RESIGNED
100324,6128,Ishita Raghavan,Packer,Male,33855.0,2022-12-24,RESIGNED
100325,6043,Meghana Patil,delivery rider,Female,47616.0,2023-05-18,Resigned
100326,6030,Gautami Rau,Picker,Male,29210.0,2023-02-02,Resigned
100327,6127,Pahal Panchal,Delivery Rider,Female,39874.0,2025-03-27,Active
100328,6104,Rayaan Sibal,Picker,F,36255.0,2024-11-05,On Leave
100329,6002,Rajata Banerjee,Inventory Associate,Female,21248.0,2023-10-07,On Leave
100330,6077,Harita Dugal,PICKER,F,28002.0,2023-09-30,On Leave
100331,6009,George Hegde,Inventory Associate,Male,31760.0,2023-08-07,On Leave
100332,6138,Saanvi Sibal,Store Manager,M,,2023-09-16,Active
100333,6070,Nathaniel Pillai,Quality Checker,F,28693.0,2025-12-22,On Leave
100334,6128,Krisha Joshi,Quality Checker,m,53753.0,2024-01-16,Active
100335,6135,Yamini Jayaraman,Delivery Rider,M,20798.0,2023-10-27,RESIGNED
100336,6065,Karan Lal,Quality Checker,f,50220.0,2023-07-17,active
100337,6035,Jhalak Warrior,Inventory Associate,f,47703.0,2025-01-05,Active
100338,6079,Jeremiah Das,delivery rider,m,17911.0,2023-08-13,Active
100339,6015,Anamika Rajan,Picker,m,34391.0,2025-05-05,active
100340,6118,Deepa Aurora,Delivery Rider,Male,14463.0,2022-09-29,Active
100341,7003,Peter Kata,Delivery Rider,Female,52638.0,2024-03-10,RESIGNED
100342,6075,Ekansh Pathak,Delivery Rider,Female,40710.0,2023-12-01,active
100343,6098,Reyansh Bhatti,PICKER,f,32184.0,2025-11-07,On Leave
100344,6137,Upkaar Mani,Quality Checker,F,18040.0,2025-07-04,Active
100345,6080,Barkha Parekh,Delivery Rider,m,39098.0,2023-02-19,active
100346,6070,Kevin Malhotra,Inventory Associate,Female,35030.0,2024-03-30,active
100347,6093,Indali Sachar,delivery rider,Male,44969.0,2023-05-03,Resigned
100348,6129,Yuvraj Rattan,delivery rider,f,,2022-09-24,Resigned
100349,6144,Qabil Manne,delivery rider,M,37772.0,2024-01-15,RESIGNED
100350,6032,Banjeet Ravel,Inventory Associate,Female,16708.0,2023-02-03,Active
100351,6093,Raagini Hora,Inventory Associate,F,49949.0,2022-10-16,RESIGNED
100352,6029,Lajita Baral,Inventory Associate,F,61377.0,2025-08-28,RESIGNED
100353,6101,Vedant Tank,Quality Checker,Female,36074.0,02/11/2024,Resigned
100354,6106,Radhika Palla,Inventory Associate,F,58689.0,2025-07-01,Resigned
100355,6147,Bhavini Basak,Store Manager,m,28020.0,2026-05-17,RESIGNED
100356,6034,Yash Choudhry,Packer,F,63421.0,02-17-2026,Active
100357,6098,Shivansh Pai,Inventory Associate,F,60122.0,2022-10-12,active
100358,6131,Omisha Ramesh,Inventory Associate,m,28671.0,2025-08-18,Resigned
100359,6093,Avni Vyas,Delivery Rider,f,21984.0,2026-08-16,Active
100360,6036,Saanvi Oak,PICKER,Male,43209.0,2022-12-28,Active
100361,6138,Yashoda Bhagat,PICKER,M,33277.0,2025-05-25,Active
100362,6146,Priya Vala,Store Manager,F,27695.0,2025-05-03,Resigned
100363,6008,Vrishti Gulati,Store Manager,,47074.0,2026-01-06,active
100364,6023,Owen Gade,Picker,Female,52584.0,2022-10-21,Active
100365,6137,Abha Krish,Quality Checker,f,18678.0,2026-07-05,On Leave
100366,6117,Ishita Palan,Store Manager,Male,21332.0,2026-06-26,Active
100367,6133,Deepa Devan,Delivery Rider,Female,60120.0,2024-04-11,Active
100368,6076,Vasudha Khanna,Delivery Rider,f,,2023-03-06,On Leave
100369,6138,Yutika Saxena,Inventory Associate,m,24724.0,2025-06-14,Active
100370,6027,Chandani Deol,Delivery Rider,f,37282.0,01-Mar-2023,RESIGNED
100371,6088,Wridesh Nath,Picker,F,44884.0,03-03-2026,RESIGNED
100372,6122,Panini Gara,Packer,M,30465.0,2025-02-23,Active
100373,6006,Triya Ravi,Store Manager,f,48012.0,2025-05-04,On Leave
100374,6112,Bimala Arora,Packer,,28026.0,2025-12-15,Active
100375,6023,Caleb Bhasin,PICKER,M,51541.0,01-27-2024,Active
100376,6144,Ronith Choudhry,PICKER,Female,,2026-03-19,Active
100377,6027,Isaiah Edwin,Picker,m,27100.0,2025-06-09,active
100378,6113,Janani Mann,Picker,m,17523.0,06/12/2023,active
100379,6121,Chakradev Apte,PICKER,m,46635.0,21/04/2023,RESIGNED
100380,6002,Fiyaz Narula,delivery rider,m,28691.0,2024-07-03,Active
100381,6025,Ikbal Suresh,Store Manager,,17190.0,2026-07-21,Active
100382,6012,Ranveer Nagy,delivery rider,,,2026-06-16,Active
100383,6048,Bhavika Krishnamurthy,Packer,m,47562.0,2022-08-31,On Leave
100384,6019,Lakshit Bala,Delivery Rider,m,19611.0,2025-03-30,Resigned
100385,6020,Maanav Minhas,Delivery Rider,f,33068.0,2022-09-24,Resigned
100386,6007,Harsh Mukherjee,Packer,m,44014.0,2024-02-07,active
100387,6110,Ladli Gour,Picker,m,49790.0,2025-08-07,Active
100388,6026,Ekaja Karpe,Picker,Male,34264.0,03-21-2025,RESIGNED
100389,6002,Zehaan Khatri,Picker,,58753.0,2024-02-08,Resigned
100390,6117,Neha Bedi,delivery rider,m,27816.0,2022-11-11,RESIGNED
100391,6006,Pallavi Tata,Delivery Rider,f,57917.0,2026-05-30,On Leave
100392,6047,Faris Dhar,Inventory Associate,Female,22790.0,2025-07-21,Active
100393,6084,Lakshit Savant,delivery rider,M,24678.0,2025-05-20,On Leave
100394,6084,Gaurav Baral,Inventory Associate,,,2025-03-06,Active
100395,6001,Rayaan Kamdar,Store Manager,Male,48866.0,01-12-2026,On Leave
100396,6087,Azad Vaidya,Quality Checker,M,44017.0,2025-07-10,active
100397,6138,Ekbal Bhakta,Store Manager,Female,48001.0,2024-05-01,Active
100398,6055,Hamsini Bhatnagar,Store Manager,Male,14893.0,2024-09-08,Active
100399,6113,Nitesh Radhakrishnan,Packer,f,32632.0,2024-05-20,Active
100400,6024,Ijaya Hayre,Store Manager,f,56988.0,2023-10-25,active
100401,6018,Zansi Sharma,delivery rider,,61814.0,07-03-2024,Active
100402,6143,Nandini Bumb,Picker,f,47441.0,2024-05-05,RESIGNED
100403,6046,Garima Mishra,Picker,Male,40800.0,2025-11-16,RESIGNED
100404,6088,Jyoti Srivastava,Quality Checker,,28827.0,2024-11-21,Active
100405,6086,Chandani Oza,Inventory Associate,,26448.0,04-04-2025,active
100406,6047,Ranbir Kapadia,Delivery Rider,F,17751.0,2024-10-01,Resigned
100407,6058,Frederick Din,Delivery Rider,M,31585.0,05-06-2025,Active
100408,6046,Omaja Parsa,Packer,Male,30491.0,2025-04-09,RESIGNED
100409,6043,Meghana Lal,Inventory Associate,Female,15971.0,01/10/2024,RESIGNED
100410,6094,Samaksh Choudhury,Store Manager,f,31230.0,01-Feb-2023,RESIGNED
100411,6061,Girish Guha,Inventory Associate,M,45944.0,2023-07-08,active
100412,6024,Vrishti Karan,delivery rider,M,25391.0,2024-10-02,Active
100413,6049,Isaiah Varghese,Picker,Male,44747.0,2024-11-05,Active
100414,6131,Nikita Borah,Store Manager,Female,50888.0,2026-04-08,RESIGNED
100415,6029,Yahvi Tripathi,Delivery Rider,Female,29711.0,2025-10-31,Active
100416,6026,Yutika Chaudry,Picker,Female,44207.0,28-Jun-2025,active
100417,6026,Onveer Handa,Store Manager,Male,37673.0,2024-06-21,On Leave
100418,6066,Laksh Prakash,Packer,,56793.0,2024-11-18,active
100419,6009,Nidhi Khalsa,Store Manager,Female,23129.0,09-25-2025,active
100420,6095,Alexander Kala,Packer,f,53187.0,2022-10-26,On Leave
100421,6010,Krishna Sandhu,Inventory Associate,Female,26552.0,2024-06-20,Active
100422,6103,Saksham Contractor,Delivery Rider,f,37587.0,2026-04-07,On Leave
100423,6131,Om Peri,PICKER,f,54712.0,20-Apr-2026,Active
100424,6117,Advay Kumer,Inventory Associate,F,63531.0,2025-08-12,Active
100425,6006,Yochana Vohra,Quality Checker,F,14010.0,2023-02-14,Resigned
100426,6122,Caleb Pandit,delivery rider,F,50837.0,2026-06-04,Active
100427,6134,Isaiah Bandi,Packer,m,63367.0,2023-01-11,Active
100428,6150,Aachal Pandya,PICKER,Female,51366.0,2026-05-01,active
100429,6105,Ansh Sarraf,Picker,M,20822.0,2023-05-28,Active
100430,6045,Vinaya Choudhry,Packer,,38697.0,2023-01-31,active
100431,6150,Qasim Doctor,Picker,Female,57130.0,2022-12-04,Active
100432,6143,Lajita Dhawan,Store Manager,,30603.0,11-05-2024,active
100433,6106,Amruta Sawhney,Quality Checker,m,18811.0,25-Dec-2024,Active
100434,6084,Matthew Sur,Delivery Rider,Female,58429.0,2022-09-08,Active
100435,6084,Balendra Borde,Store Manager,Female,27575.0,2024-08-21,Active
100436,6095,Vamakshi Dutt,Quality Checker,Female,64258.0,2023-05-12,active
100437,6069,Maya Karnik,Picker,M,40616.0,2025-05-27,On Leave
100438,6117,Jalsa Narayan,Quality Checker,m,36616.0,2026-02-14,Active
100439,6005,Karan Bassi,Packer,Female,55245.0,2024-09-28,active
100440,6064,Unni Narula,Store Manager,Male,33716.0,2023-06-23,Resigned
100441,7007,Irya Murthy,Delivery Rider,F,53027.0,2024-12-09,Active
100442,6018,Gauri Karan,Delivery Rider,F,,2022-08-27,Active
100443,6005,Chakradev Dhingra,Delivery Rider,M,19799.0,09-17-2022,Active
100444,6090,Anjali Rajagopalan,Quality Checker,Male,45381.0,2025-07-16,Active
100445,6042,Ishanvi Wable,Inventory Associate,,17429.0,2023-09-22,RESIGNED
100446,6088,Bahadurjit Chandran,PICKER,F,50724.0,2024-12-19,RESIGNED
100447,6099,Hardik Patil,Inventory Associate,,34406.0,2026-02-13,Active
100448,7001,Lohit Bora,Packer,F,43632.0,2025-10-18,Active
100449,6024,Janani Upadhyay,PICKER,m,14861.0,2023-11-06,Active
100450,6118,Inaya Ravi,Store Manager,Male,48199.0,2026-01-16,Active
100451,6007,Ekantika Subramaniam,Store Manager,m,55929.0,2023-12-20,Active
100452,6053,Wahab Palla,Inventory Associate,f,22600.0,2024-08-23,RESIGNED
100453,6080,Abhimanyu Setty,delivery rider,Male,34079.0,2023-03-27,Active
100454,6013,Chasmum Ganguly,Quality Checker,m,25487.0,2024-04-01,On Leave
100455,6051,Charvi Morar,Quality Checker,M,61078.0,2024-12-23,active
100456,6136,Ethan Gupta,Inventory Associate,M,18591.0,2023-08-22,Active
100457,6132,Praneel Modi,Store Manager,Female,45253.0,2024-12-18,active
100458,6137,Ishanvi Sangha,PICKER,f,54550.0,2024-12-14,Active
100459,6072,Vedhika Nagar,Packer,M,50539.0,2025-07-07,Resigned
100460,6077,Aarini Bajaj,Picker,f,42662.0,2026-03-24,active
100461,6009,Warjas Bahri,Inventory Associate,f,20982.0,2025-08-31,RESIGNED
100462,6105,Sara Iyer,Packer,F,64132.0,2023-07-03,Active
100463,6063,Yachana Chaudhary,PICKER,m,31011.0,2026-03-15,active
100464,6122,Kai Bava,Store Manager,F,32920.0,2023-06-02,Active
100465,6050,Laban Ahluwalia,PICKER,M,47622.0,2022-12-12,Active
100466,6121,Ekantika Bala,Packer,m,25325.0,2023-05-20,active
100467,6108,Avi Sunder,Delivery Rider,M,51676.0,2023-06-25,Active
100468,6011,Owen Bhandari,Delivery Rider,Male,34826.0,2024-04-02,Active
100469,6096,Gagan Natt,Quality Checker,Female,21224.0,31-Jan-2026,RESIGNED
100470,6146,Aarini Sheth,Store Manager,f,61714.0,09-25-2025,Active
100471,6084,Edhitha Munshi,delivery rider,Female,22755.0,2026-02-14,active
100472,6089,Naksh Chander,Packer,Male,23115.0,2022-11-08,RESIGNED
100473,6139,Luke Wagle,Delivery Rider,m,36237.0,2022-09-15,active
100474,6088,Ishita Pathak,Quality Checker,,21756.0,2025-09-12,Active
100475,6019,Ganga Karpe,Picker,Female,27004.0,2024-04-28,Active
100476,6097,Vanya Balay,Inventory Associate,f,51795.0,2025-08-05,active
100477,6091,Sudiksha Mall,Picker,m,47982.0,2025-09-25,Active
100478,6059,Kevin Krishnan,Store Manager,F,37807.0,2024-01-28,RESIGNED
100479,6146,Harish Patil,Delivery Rider,Female,,2022-09-01,Active
100480,6075,Nandini Chana,Quality Checker,M,62812.0,03-27-2023,active
100481,6041,Jason Bhasin,delivery rider,f,41316.0,2026-05-18,Active
100482,6048,Qabil Lad,PICKER,m,14710.0,20-Oct-2024,RESIGNED
100483,6043,Manthan Goel,Packer,M,50135.0,05-22-2026,Active
100484,6054,Ayush Panchal,Delivery Rider,m,60816.0,2026-02-11,Resigned
100485,6040,Riya Tara,Store Manager,F,42722.0,2025-09-28,Resigned
100486,6071,Lopa Sharma,Store Manager,Female,55187.0,2023-06-26,RESIGNED
100487,6043,Hritik Aurora,Store Manager,m,47861.0,2023-06-24,Active
100488,6150,Indali Bhasin,Picker,f,52939.0,2022-11-22,RESIGNED
100489,6131,Nimrat Prashad,Delivery Rider,Female,43007.0,2023-07-18,RESIGNED
100490,6107,Azaan Krishnamurthy,Packer,Male,55858.0,2026-05-30,On Leave
100491,6051,Wyatt Kashyap,Store Manager,F,37366.0,2022-09-18,Active
100492,6056,Pavani Mallick,PICKER,M,52648.0,2024-01-18,Active
100493,6123,Tarak Dugar,PICKER,m,32159.0,29/10/2023,Resigned
100494,6060,Laban Mital,Picker,Male,18562.0,2024-07-16,On Leave
100495,6091,Aayush Sunder,delivery rider,f,51524.0,05-Oct-2023,Active
100496,6103,Neel Nagarajan,delivery rider,m,50321.0,2026-02-13,Active
100497,6038,Simon Ben,Quality Checker,f,35405.0,2025-05-12,Active
100498,6141,Jalsa Batra,delivery rider,f,21564.0,2026-02-28,Active
100499,6083,Qabil Saran,PICKER,Female,37818.0,10-01-2025,active
100500,6030,Aryan Choudhury,Quality Checker,Male,53921.0,2026-02-01,Active
100501,6100,Kiaan Mittal,Picker,Male,55178.0,2023-03-28,Active
100502,6127,Gunbir Ganguly,Packer,f,18962.0,27/03/2023,Active
100503,6059,Gautam Sachdeva,Store Manager,M,21995.0,2024-06-27,Active
100504,6142,Gautami Bali,Picker,F,,2023-12-28,active
100505,6109,Alexander Barad,Picker,f,63383.0,12-21-2024,Active
100506,6015,Qushi Cheema,Packer,,35483.0,2023-03-03,Active
100507,6042,Edhitha Bhattacharyya,Picker,F,37456.0,2025-07-18,Active
100508,6112,Vinaya Deshpande,Quality Checker,Female,43239.0,2026-02-22,active
100509,6043,Praneel Kapur,Packer,F,55027.0,2024-09-24,RESIGNED
100510,6141,Xiti Chowdhury,Delivery Rider,Female,15508.0,2025-05-16,On Leave
100511,6038,Faras Palla,Delivery Rider,m,46555.0,2024-10-01,active
100512,6002,Elijah Mahajan,Delivery Rider,Male,57864.0,2026-07-06,active
100513,6086,Aishani Luthra,PICKER,m,54317.0,2025-06-11,Active
100514,6055,Ronith Trivedi,Delivery Rider,m,34858.0,2022-11-27,RESIGNED
100515,6087,Amara Anne,Packer,m,46030.0,2022-10-27,Active
100516,6012,Sudiksha Manda,Packer,Female,51573.0,2023-12-07,Resigned
100517,6002,Amruta Rastogi,Picker,m,20743.0,2024-10-28,Resigned
100518,6114,Leela Dora,Inventory Associate,M,56515.0,04-26-2024,Active
100519,6067,Nimrat Dhar,Inventory Associate,Male,47286.0,2024-03-06,On Leave
100520,6072,William Thaker,PICKER,f,40296.0,2026-03-23,Active
100521,6038,Krishna Khosla,Inventory Associate,M,49451.0,2026-05-03,Active
100522,6097,Gabriel Bandi,Store Manager,Male,16179.0,2025-12-07,RESIGNED
100523,6056,Nidra Nair,PICKER,m,61100.0,2026-04-07,RESIGNED
100524,6048,Diya Shah,Packer,f,21870.0,2025-05-15,Active
100525,6043,Urvashi Singhal,Packer,F,28669.0,2026-07-08,Active
100526,6078,Wahab Radhakrishnan,Picker,f,54936.0,2024-09-02,Active
100527,6121,Maya Vora,Quality Checker,,39135.0,2024-01-19,RESIGNED
100528,6051,Ekbal Kapoor,Inventory Associate,F,21847.0,2023-09-12,Active
100529,6121,Adweta Solanki,PICKER,Female,50911.0,2026-04-29,RESIGNED
100530,6085,Vansha Kant,Packer,Male,38096.0,23/01/2026,On Leave
100531,6073,Januja Viswanathan,Quality Checker,Female,25679.0,18/08/2026,On Leave
100532,6073,Jasmit Khare,PICKER,f,64985.0,2023-06-14,Active
100533,6051,Triveni Goel,Packer,Male,26479.0,2025-04-29,Active
100534,6017,Ekanta Raj,delivery rider,M,18647.0,2025-03-11,Active
100535,6029,Jason Rout,Inventory Associate,M,58447.0,2024-01-29,Active
100536,6110,Keya Chauhan,Picker,Male,51255.0,2023-03-31,Active
100537,6137,Sneha Chakrabarti,Packer,M,25746.0,2024-02-02,Active
100538,6069,Sanaya Choudhury,Quality Checker,f,40546.0,24-Sep-2023,Active
100539,6132,Owen Varughese,Packer,Female,,2024-06-05,On Leave
100540,6137,Jeevika Suresh,delivery rider,F,37951.0,2023-03-25,Active
100541,6140,Kamala Virk,Packer,F,23788.0,2024-09-17,Active
100542,6080,Zayyan Badami,Picker,m,44364.0,2023-12-28,Active
100543,6036,Aashi Bhardwaj,Store Manager,M,37423.0,08-Nov-2024,Resigned
100544,6110,Anvi Naik,Quality Checker,Female,28569.0,2024-12-28,Active
100545,6129,Raksha Chand,Store Manager,M,25856.0,2023-08-27,RESIGNED
100546,6023,Gaurang Jaggi,Quality Checker,,63447.0,2024-09-24,On Leave
100547,6040,Kamya Bassi,Packer,Male,20957.0,2023-02-22,Active
100548,6012,Jeevika Barman,PICKER,M,62163.0,2025-07-02,Active
100549,6011,Nikita Sankar,Quality Checker,M,62660.0,25-Jun-2025,Active
100550,6054,Indira Khare,delivery rider,Male,19993.0,2025-03-22,active
100551,6102,Rehaan Pradhan,Picker,F,49138.0,2024-03-04,Active
100552,6069,Forum Bobal,Quality Checker,,41300.0,2022-11-19,Active
100553,6019,Ladli Ramaswamy,Delivery Rider,m,31244.0,13-Dec-2022,Active
100554,6026,Atharv Chokshi,PICKER,m,33132.0,2024-09-25,On Leave
100555,6037,Turvi Sarin,Picker,Female,57252.0,2025-01-01,Resigned
100556,6020,Patrick Bhattacharyya,Picker,Male,28483.0,2024-04-16,Active
100557,6094,Krishna Vala,delivery rider,f,24603.0,2024-05-22,Active
100558,6024,Vincent Iyer,delivery rider,F,24182.0,2025-08-22,Active
100559,6098,Chaitaly Narayanan,Picker,f,,2024-03-27,RESIGNED
100560,6082,Jacob Chana,PICKER,f,51083.0,2025-09-15,Active
100561,6087,Alexander Chaudry,Packer,Male,50641.0,2023-07-07,Active
100562,6129,Suhani Bhakta,Packer,,42163.0,08-14-2024,Active
100563,6115,Gautami Subramanian,Quality Checker,m,60161.0,2025-12-04,On Leave
100564,6075,Logan Ray,Inventory Associate,Female,16086.0,2026-01-30,active
100565,6055,Ekani Natt,PICKER,Male,43819.0,2025-11-24,active
100566,6054,Quincy Yohannan,Store Manager,Female,58313.0,2023-05-23,Active
100567,6141,Gabriel Munshi,Delivery Rider,Male,16120.0,2023-09-24,active
100568,6059,Megha Vaidya,Quality Checker,Male,61162.0,2024-03-01,On Leave
100569,6095,Damyanti Modi,Store Manager,Male,16832.0,2026-03-05,RESIGNED
100570,6113,Rajata Zacharia,Inventory Associate,Female,24086.0,17/08/2023,Active
100571,6016,Karan Ben,Store Manager,,25341.0,2023-08-29,Active
100572,6096,Ucchal Suresh,Picker,M,42805.0,2023-06-18,Active
100573,6101,Jasmit Om,delivery rider,F,14726.0,06-21-2025,Active
100574,6009,Dipta Anand,Store Manager,,58193.0,2023-06-07,Active
100575,6062,Ekiya Banik,Store Manager,Female,51660.0,10-05-2024,Resigned
100576,6024,Bishakha Iyer,PICKER,M,42869.0,2023-09-22,Active
100577,6059,Nidra Saxena,Picker,Male,29753.0,2025-06-22,Active
100578,6062,Dalbir Gole,delivery rider,,50053.0,2023-06-12,RESIGNED
100579,6120,Chandran Devan,Delivery Rider,M,44274.0,2024-05-13,RESIGNED
100580,6121,Widisha Gole,delivery rider,F,20855.0,2026-01-30,active
100581,6024,Wishi Kant,Inventory Associate,Female,,2022-09-08,Active
100582,6002,Siddharth Warrior,delivery rider,Female,32958.0,2025-04-29,Active
100583,6026,Samuel Varty,PICKER,M,49459.0,2025-12-25,Active
100584,6144,Saksham Chand,Inventory Associate,Male,54510.0,2023-01-13,Active
100585,6137,Udarsh Kurian,Quality Checker,F,21466.0,2026-06-08,Active
100586,6103,Panini Dubey,Delivery Rider,F,26956.0,2025-06-15,On Leave
100587,6060,Benjamin Dutta,Packer,f,38572.0,07-Feb-2026,Active
100588,6103,Viraj Nagar,Delivery Rider,Female,26945.0,22/12/2025,active
100589,6067,Dayamai Kuruvilla,Packer,f,25248.0,2025-06-16,Active
100590,6137,Max Kashyap,Packer,f,54408.0,2023-12-05,Active
100591,6052,Falak Rai,Store Manager,f,34955.0,2024-03-12,Active
100592,6115,Udant Chander,Packer,M,20979.0,2023-04-03,Resigned
100593,6038,Qarin Sani,Inventory Associate,M,,2023-06-04,Active
100594,6023,Ishwar Barad,PICKER,m,25958.0,2023-12-18,Active
100595,6007,Shivansh Viswanathan,Packer,Male,,2025-12-11,Active
100596,6075,Vrishti Pall,Inventory Associate,Male,19726.0,2024-09-25,On Leave
100597,6072,Girik Iyer,Delivery Rider,M,28919.0,2022-09-13,active
100598,6124,Gaurang Jaggi,Packer,Female,44408.0,2024-07-27,RESIGNED
100599,6057,Utkarsh Mital,Inventory Associate,Male,47455.0,2023-03-11,On Leave
100600,6058,Aarav Padmanabhan,Picker,F,38131.0,2022-10-05,On Leave
100601,6092,Charita Bedi,delivery rider,F,46521.0,2023-05-29,On Leave
100602,6135,Shivani Srivastava,Packer,Female,44922.0,2023-04-27,Active
100603,6064,Praneel Choudhary,Quality Checker,m,20183.0,2023-08-15,Active
100604,6073,Ekaraj Sha,delivery rider,m,28270.0,2025-10-12,RESIGNED
100605,6066,Neel Ramaswamy,Packer,m,50917.0,05/01/2023,Active
100606,6025,Balveer Varghese,delivery rider,Female,58128.0,2024-06-23,RESIGNED
100607,6040,Kevin Sagar,delivery rider,F,23771.0,2024-12-12,On Leave
100608,6072,Faraj Prasad,Packer,M,51845.0,10/12/2024,On Leave
100609,6129,Jagvi Gara,PICKER,,27057.0,2025-07-17,active
100610,6027,Garima Ahluwalia,delivery rider,F,34080.0,2025-04-13,Resigned
100611,6089,Chavvi Dixit,Quality Checker,M,18275.0,12-31-2025,Active
100612,6141,William Dada,Picker,M,17308.0,2023-09-04,Active
100613,6023,Jacob Nair,Inventory Associate,Female,14011.0,2023-03-30,Active
100614,6106,Brijesh Toor,Picker,F,21500.0,02-Jul-2024,RESIGNED
100615,6058,Bhanumati Raval,Store Manager,,63605.0,2023-08-28,Resigned
100616,6058,Wriddhish Warrior,Inventory Associate,,47562.0,2024-11-07,Resigned
100617,6122,Alexander Cherian,Inventory Associate,F,40719.0,21/08/2024,On Leave
100618,6063,Shivansh Karnik,Picker,M,42239.0,28-May-2026,active
100619,6050,Mitesh Lalla,PICKER,F,42444.0,2022-12-24,Active
100620,6101,Maya Vasa,Delivery Rider,f,39031.0,2026-08-16,Resigned
100621,6087,Frado Kalla,Picker,,19176.0,2023-01-26,Active
100622,6042,Yatan Bora,Picker,M,18465.0,2023-07-26,RESIGNED
100623,6046,Benjamin Kale,delivery rider,f,41193.0,10-Jan-2025,Active
100624,6114,Chavvi Oommen,delivery rider,M,28945.0,07-Feb-2025,active
100625,6101,Qadim Apte,Inventory Associate,M,56708.0,2022-12-19,Active
100626,6113,Niharika Bali,delivery rider,m,24003.0,25/11/2023,Active
100627,6032,Manbir Vaidya,Delivery Rider,Female,54231.0,2022-12-25,Active
100628,6113,Hemangini Dey,Picker,M,21155.0,2025-05-06,RESIGNED
100629,6097,Garima Bhavsar,Quality Checker,F,,12/06/2023,active
100630,6024,Baljiwan Tank,Store Manager,m,22975.0,2026-08-15,On Leave
100631,7004,Ekapad Bhatnagar,Store Manager,Male,17074.0,2024-09-24,Resigned
100632,6105,Jasmit Sabharwal,Inventory Associate,,21331.0,05/06/2023,Resigned
100633,6128,Nicholas Tailor,Inventory Associate,F,15401.0,2022-12-31,Active
100634,6071,Krishna Lad,Picker,M,46489.0,2025-04-27,Active
100635,6129,Chatresh Shukla,Inventory Associate,f,30215.0,2025-12-11,Active
100636,6062,Radhika Raju,delivery rider,Female,54102.0,17/12/2025,RESIGNED
100637,6004,Jack Bir,Picker,Male,25498.0,2025-12-06,Active
100638,6119,Vincent Khatri,Packer,f,33684.0,03-Jul-2026,active
100639,6136,Warjas Tailor,delivery rider,M,39694.0,2023-06-04,Active
100640,6144,Manya Rana,Inventory Associate,Female,40202.0,06/12/2024,Resigned
100641,6143,Ladli Ravi,PICKER,M,29771.0,21/10/2025,RESIGNED
100642,6069,Harinakshi Sandhu,PICKER,Female,53411.0,2026-06-04,RESIGNED
100643,6140,Charita Suresh,Packer,F,51223.0,2025-10-20,RESIGNED
100644,6135,Vaishnavi Sahota,Packer,F,28656.0,2025-01-17,RESIGNED
100645,6078,Tanvi Dhingra,Picker,Male,14792.0,2024-04-10,On Leave
100646,6113,Fiyaz Pandya,delivery rider,M,28970.0,2023-12-22,Resigned
100647,6119,Bachittar Master,delivery rider,m,19915.0,2024-03-16,Active
100648,6147,Rachit Sathe,Delivery Rider,M,,2023-12-22,RESIGNED
100649,6141,Jai Kalita,Packer,Female,49375.0,2024-04-05,Active
100650,6024,Keya Gour,Quality Checker,m,26698.0,2025-05-12,Active
100651,6129,Matthew Patil,Quality Checker,m,35842.0,2024-03-10,active
100652,6071,Meera Morar,delivery rider,m,44263.0,2023-04-20,Active
100653,6045,Nicholas Raman,Picker,F,58402.0,18/08/2024,Active
100654,6086,Parth Chawla,Store Manager,Male,43204.0,27/09/2024,RESIGNED
100655,6045,Zashil Pandey,PICKER,,,2026-05-30,On Leave
100656,6023,Krishna Kulkarni,delivery rider,F,17281.0,2025-05-02,Active
100657,6126,Yoshita Narula,delivery rider,,,18-Apr-2025,Active
100658,6086,Janaki Mody,Delivery Rider,M,17634.0,2024-05-28,On Leave
100659,6096,Darpan Tara,Picker,m,,2025-04-10,Active
100660,6017,Dakshesh Dani,PICKER,m,20794.0,2024-08-08,Active
100661,6111,Deepa Vala,Delivery Rider,M,44778.0,2024-11-10,RESIGNED
100662,6012,Bakhshi Nanda,delivery rider,f,57802.0,2026-03-12,Active
100663,6148,Anika Dhawan,PICKER,Female,55199.0,2024-07-23,Active
100664,6140,Manya Ghose,Store Manager,m,51095.0,2023-05-20,On Leave
100665,6142,Wyatt Manne,Packer,m,33919.0,2025-08-14,active
100666,6004,Osha Reddy,Packer,Male,59953.0,2025-09-21,Active
100667,6043,Waida Parsa,Inventory Associate,F,28838.0,2025-03-23,Resigned
100668,7005,Ekiya Edwin,Packer,M,47818.0,2025-05-24,Active
100669,6045,Chanakya Walia,Inventory Associate,,31742.0,2025-12-18,Active
100670,6102,Sai Varty,Picker,Male,24210.0,2024-01-08,Resigned
100671,6149,Nicholas Morar,Picker,Female,23382.0,2025-11-10,Active
100672,6040,Devika Bera,Inventory Associate,F,17554.0,2025-08-01,Active
100673,6113,Jagvi Grover,Quality Checker,F,34547.0,2024-12-24,Active
100674,6146,Rudra Nagi,PICKER,Male,53639.0,09-20-2023,Active
100675,6006,Ikbal Lad,Picker,F,,2026-05-05,active
100676,6120,Lekha Sodhi,Packer,Female,36872.0,29/01/2024,Active
100677,6024,Shravya Thaker,delivery rider,M,43735.0,2023-09-12,On Leave
100678,6116,Divya Basu,Picker,M,27180.0,2025-12-24,active
100679,6117,Nisha Bose,Quality Checker,f,39235.0,2023-03-29,Active
100680,6055,Meghana Wagle,delivery rider,Male,26295.0,2023-09-25,On Leave
100681,6098,Aashi Sengupta,Picker,M,51147.0,2025-11-15,On Leave
100682,6102,Dalaja Pandya,Picker,F,64361.0,2025-09-18,Active
100683,6124,Alka Kohli,delivery rider,Male,22094.0,2025-01-14,Active
100684,6040,Nitara Choudhry,Inventory Associate,Female,32859.0,2026-03-05,Active
100685,6123,Patrick Dalal,Packer,F,55960.0,2026-05-08,Active
100686,6128,Harita Ratta,Quality Checker,F,15322.0,2025-09-23,Active
100687,6024,Inaya Grewal,Picker,f,28502.0,2024-03-14,Active
100688,6117,Odika Mani,delivery rider,Male,28797.0,2025-06-24,Resigned
100689,6106,Dominic Sachdev,Quality Checker,m,25256.0,2023-03-02,Resigned
100690,6110,Warinder Sankaran,Quality Checker,Male,46347.0,24-Nov-2022,Resigned
100691,6053,Kevin Dora,Delivery Rider,,33531.0,2024-03-30,Active
100692,6077,Xiti Dash,PICKER,m,,09/07/2023,active
100693,6098,Lakshmi Mani,Packer,m,33787.0,03-23-2026,active
100694,6058,Anvi Bhavsar,Picker,,,2023-02-26,active
100695,6096,Tanay Kapur,PICKER,F,44653.0,2025-09-19,On Leave
100696,6035,Farhan Parsa,delivery rider,,33901.0,2023-11-13,Resigned
100697,6026,Jairaj Nair,Quality Checker,Female,,2022-09-22,RESIGNED
100698,6096,Liam Sekhon,Inventory Associate,Female,60158.0,2023-07-04,active
100699,6144,Sanaya Bali,PICKER,m,59660.0,2023-09-24,RESIGNED
100700,6148,Indrajit Sule,Delivery Rider,m,39445.0,2022-10-15,On Leave
100701,6112,Ganga Wali,Store Manager,Female,44773.0,2023-07-12,On Leave
100702,6067,Sathvik Manda,Inventory Associate,f,22974.0,2024-11-26,active
100703,6053,Udant Ghose,Inventory Associate,m,26046.0,12-27-2025,On Leave
100704,6006,Panini Prasad,Picker,Male,61811.0,29-Sep-2022,active
100705,6030,Gaurav Chowdhury,Quality Checker,m,20319.0,2022-11-19,On Leave
100706,6117,Upkaar Bhakta,Inventory Associate,f,50775.0,2024-03-25,active
100707,6057,Zayan Bora,Quality Checker,F,27006.0,2025-11-05,Active
100708,6080,Raagini Setty,Inventory Associate,M,31846.0,2025-03-13,active
100709,6088,Rayaan Om,Picker,m,30389.0,2026-07-04,On Leave
100710,6094,Neha Gandhi,Delivery Rider,Male,54830.0,2025-02-03,On Leave
100711,6085,Faraj Varty,Packer,F,53867.0,2023-10-05,Active
100712,6009,Ronith Lanka,Store Manager,f,22568.0,2022-09-12,Active
100713,6096,Arin Babu,Delivery Rider,F,29114.0,2023-06-08,Active
100714,6088,Omisha Arya,Delivery Rider,M,21715.0,2022-11-18,Active
100715,6025,Isha Gade,Packer,Female,28251.0,2025-12-21,Active
100716,6087,Isha Mohan,delivery rider,F,,2024-11-22,On Leave
100717,6051,Isha Sama,Picker,f,64738.0,2023-01-19,RESIGNED
100718,6087,Harsh Oza,Packer,M,50615.0,2026-03-24,active
100719,6106,Januja Sinha,Picker,,54983.0,2023-01-21,On Leave
100720,6088,Geetika Nagar,Inventory Associate,m,26291.0,07-29-2024,active
100721,6109,Ikbal Wable,Store Manager,f,57862.0,2024-07-14,active
100722,6033,Shaurya Pandya,Delivery Rider,m,42740.0,2024-11-19,Active
100723,6008,Reyansh Mall,delivery rider,m,16695.0,2023-08-22,Active
100724,6063,Leena Dyal,Packer,M,57569.0,2026-05-31,On Leave
100725,6093,Krish Devi,Delivery Rider,Female,17737.0,2025-11-17,On Leave
100726,6011,Ladli Bala,delivery rider,f,64536.0,06-Sep-2022,RESIGNED
100727,6129,Ubika Bassi,delivery rider,Male,29676.0,2022-09-01,Active
100728,6026,Ekiya Nigam,Packer,m,15087.0,2023-06-12,Active
100729,6013,Vedhika Jha,delivery rider,,45296.0,2025-02-16,active
100730,6105,Isha Raja,Inventory Associate,f,23387.0,2022-08-29,RESIGNED
100731,6043,Jonathan Iyengar,Delivery Rider,Male,27695.0,2026-02-25,Active
100732,6113,Ekansh Bhagat,Picker,M,62853.0,2024-05-22,Resigned
100733,6144,Mugdha Khatri,Packer,f,56991.0,28-Jan-2026,Resigned
100734,6034,Urmi Dhar,Quality Checker,Female,18387.0,2025-07-01,Active
100735,6101,Lakshmi Bhatnagar,Packer,Female,33496.0,2023-02-07,Active
100736,6102,Abdul Ramanathan,PICKER,Female,21858.0,2025-06-06,Active
100737,6014,Balvan Kibe,Inventory Associate,Female,17823.0,2024-11-23,active
100738,6115,Aadi Barad,Inventory Associate,f,44779.0,03/01/2023,RESIGNED
100739,6030,Wridesh Kanda,Quality Checker,m,60224.0,2024-06-30,Active
100740,6109,Odika Lall,Store Manager,M,43168.0,2025-09-24,RESIGNED
100741,6034,Andrew Srinivas,Picker,f,41586.0,2022-10-18,active
100742,7001,Gopal Grover,Store Manager,Female,51547.0,29/08/2025,active
100743,6085,Yauvani Naik,Picker,Male,15240.0,2023-03-16,Resigned
100744,6129,Aarnav Bora,Quality Checker,M,35105.0,01-20-2023,Resigned
100745,6039,Yadavi Yogi,Inventory Associate,Male,58815.0,2026-01-13,Active
100746,6068,Bina Shankar,PICKER,F,24840.0,2022-12-10,Active
100747,6045,Sathvik Bajwa,delivery rider,Male,45135.0,03-20-2024,Active
100748,6065,Sathvik Das,Packer,m,27557.0,2023-05-19,Active
100749,6093,Pushti Choudhry,PICKER,m,27557.0,2025-06-18,active
100750,6068,Zinal Pandey,Delivery Rider,f,42385.0,2025-01-30,Active
100751,6028,William Chaudhuri,Inventory Associate,m,53205.0,2025-05-05,Active
100752,6014,Chasmum More,Picker,,24767.0,2022-12-28,Active
100753,6150,Wakeeta Natt,delivery rider,F,49670.0,2025-09-05,Active
100754,6066,Farhan Borde,Picker,Female,37358.0,2025-09-15,active
100755,6051,Zinal Rajan,Quality Checker,Male,53982.0,2022-10-21,Active
100756,6098,Shivansh Buch,Quality Checker,m,42574.0,2024-06-14,active
100757,6133,Azaan Deshmukh,Inventory Associate,F,21264.0,04-13-2026,Resigned
100758,6122,Christopher Gole,Packer,m,41486.0,2026-01-11,Active
100759,6023,Riya Kumer,Delivery Rider,f,,07/02/2025,Active
100760,6076,Charita Pall,Picker,m,40775.0,2025-06-16,Active
100761,6045,Girindra Gaba,Packer,Female,40377.0,2022-09-29,Active
100762,6083,Eshana Mahal,Store Manager,Female,19756.0,2024-05-27,On Leave
100763,6138,Nitara Yogi,Picker,m,20385.0,2025-11-05,RESIGNED
100764,6005,Ishanvi Narasimhan,Picker,M,41623.0,2022-09-18,Active
100765,6038,Hema Buch,Inventory Associate,f,36769.0,21-Aug-2022,On Leave
100766,6012,Balendra Murthy,Quality Checker,Male,47636.0,2024-10-04,Active
100767,6136,Jeevika Bhatt,delivery rider,f,63812.0,2024-04-30,On Leave
100768,6036,Naveen Kakar,Picker,Male,59468.0,2024-10-11,Active
100769,6136,Nikita Venkataraman,Inventory Associate,m,25835.0,2024-10-02,Active
100770,6064,Simon Kamdar,Picker,f,58073.0,2025-05-22,RESIGNED
100771,6061,Abha Sankar,Delivery Rider,,29525.0,2023-10-12,On Leave
100772,6039,Raksha Ganesan,Packer,m,63749.0,2025-06-29,On Leave
100773,6002,Mahika Kothari,Store Manager,f,50632.0,2025-05-24,RESIGNED
100774,6094,Gavin Kadakia,delivery rider,F,43533.0,2023-12-31,active
100775,6085,Ekaraj Bir,Delivery Rider,f,60800.0,2025-03-12,Resigned
100776,6003,Faras Bhatt,Quality Checker,Female,40073.0,2025-05-30,active
100777,6012,Ethan Pathak,Picker,,51352.0,2025-07-19,active
100778,6021,Wakeeta Uppal,PICKER,m,50611.0,2022-12-05,Resigned
100779,6139,Shivani Gokhale,Quality Checker,Female,61625.0,2025-05-19,On Leave
100780,6131,Chavvi Rana,Quality Checker,f,41690.0,2026-03-25,Active
100781,6057,Sai Chandran,Store Manager,F,40300.0,07-Apr-2024,Active
100782,6144,Hema Naidu,delivery rider,m,63836.0,2026-01-28,active
100783,6121,Lipika Kara,PICKER,Female,,2025-12-16,Resigned
100784,6048,Indali Nayak,Delivery Rider,f,46005.0,2023-01-21,Active
100785,6029,Ranveer Bora,Quality Checker,M,36888.0,2023-09-28,RESIGNED
100786,6085,Devika Lall,Quality Checker,Male,15516.0,2026-04-02,Active
100787,6139,Vasana Chatterjee,Quality Checker,F,,2023-05-09,On Leave
100788,6067,Leela Kumar,Quality Checker,Male,18917.0,2025-12-23,Resigned
100789,6093,David Bhattacharyya,Picker,m,60525.0,2025-03-28,Active
100790,6089,Kalpit Pant,delivery rider,M,,2023-10-25,Active
100791,6136,Lakshit Pingle,PICKER,M,36170.0,2024-02-01,Active
100792,6037,Kamala Peri,Picker,f,44069.0,2025-10-13,Active
100793,6071,Yuvraj Gandhi,Quality Checker,f,30440.0,2023-04-18,RESIGNED
100794,6022,Ayushman Kapur,Delivery Rider,m,51674.0,2023-10-09,RESIGNED
100795,6088,Leena Pau,Packer,Female,52757.0,2025-03-23,RESIGNED
100796,6034,Adya Amble,Packer,Male,52825.0,2023-08-05,Active
100797,6007,Kala Keer,Quality Checker,,42278.0,2022-10-31,Active
100798,6054,Raksha Sura,Picker,f,21055.0,2023-10-04,Active
100799,6081,Vyanjana Chander,PICKER,F,44866.0,2023-02-04,RESIGNED
100800,6048,Varsha Ghose,Picker,f,43682.0,2024-04-01,Active
100801,6095,Ria Bhat,Packer,M,63692.0,2026-04-09,On Leave
100802,6036,Amaira Patel,delivery rider,Female,44384.0,07/02/2023,Active
100803,6058,Hamsini Bhandari,Store Manager,F,39657.0,2024-05-28,Resigned
100804,6037,Veda Kalita,Store Manager,F,35699.0,2022-12-01,On Leave
100805,6119,Imaran Bhasin,PICKER,M,,2024-11-18,Active
100806,6033,Wriddhish Vig,Store Manager,Male,27727.0,2026-05-28,Resigned
100807,6052,Simon Chaudhuri,Delivery Rider,F,62774.0,2023-04-25,Active
100808,6077,Upadhriti Sharma,Delivery Rider,m,,2022-12-18,Resigned
100809,6113,Falan Sethi,Quality Checker,M,62217.0,2025-10-08,Resigned
100810,6041,Samesh Mand,PICKER,Male,64211.0,2025-02-25,Active
100811,6088,Ekansh Dar,Quality Checker,,18756.0,2025-04-13,Active
100812,6107,Vasatika Kurian,Picker,f,19981.0,2025-06-11,On Leave
100813,6137,Yutika Bakshi,Store Manager,Female,21888.0,2023-05-08,active
100814,6107,Vivaan Tara,Packer,m,55571.0,16/03/2025,Active
100815,6084,Janya Dhillon,Quality Checker,Female,17952.0,2025-04-15,Resigned
100816,6051,Benjamin Pillai,Inventory Associate,,27270.0,2024-03-06,active
100817,6060,Utkarsh Babu,Inventory Associate,M,62313.0,2025-04-04,Resigned
100818,6020,Shivani Kalla,Picker,M,49480.0,2025-01-08,active
100819,6009,Reva Dey,Store Manager,M,54579.0,2026-01-11,On Leave
100820,6062,Dipta Iyengar,Inventory Associate,Male,36248.0,2025-12-27,Active
100821,6068,Aryan Gandhi,PICKER,M,28283.0,2026-05-22,Resigned
100822,6149,Viraj Bhatti,Quality Checker,,49532.0,2022-09-06,Active
100823,6034,Simon Kalita,Delivery Rider,F,14400.0,2024-07-15,RESIGNED
100824,6124,Saksham Mukherjee,Delivery Rider,Male,35248.0,2023-05-27,Active
100825,6038,Anika Kara,Delivery Rider,m,62382.0,2026-08-18,active
100826,6021,Azad Ray,PICKER,Female,45730.0,13-Jul-2026,Resigned
100827,6002,Arin Prakash,Quality Checker,F,58139.0,2023-05-05,RESIGNED
100828,6136,Aadi Dubey,Picker,,51612.0,2025-09-17,Active
100829,6044,Suhani Soman,PICKER,Male,50934.0,2025-01-22,RESIGNED
100830,6072,Laksh Lal,Store Manager,Male,21600.0,2024-11-16,On Leave
100831,6026,Anusha Saha,delivery rider,m,22913.0,05/08/2023,Resigned
100832,6127,Krishna Nagi,Packer,F,23630.0,2023-03-24,active
100833,6023,Oliver Kaur,Store Manager,M,,2026-03-06,Resigned
100834,6021,Sneha Rege,Picker,Male,52617.0,2024-04-27,Active
100835,6145,Matthew Luthra,delivery rider,m,59424.0,2023-08-23,Resigned
100836,6012,Girish Behl,Inventory Associate,F,51257.0,2026-07-02,On Leave
100837,6057,Anay Mann,Picker,Female,41063.0,2024-05-16,On Leave
100838,6127,Lakshit Salvi,Delivery Rider,Female,,2022-11-30,Resigned
100839,6077,Charita Varghese,Picker,Female,18624.0,2022-12-04,Active
100840,6129,Yagnesh Tata,Inventory Associate,m,54556.0,2024-12-17,Active
100841,6039,Reyansh Sarin,Quality Checker,Male,41008.0,2025-04-06,Active
100842,6034,Lavanya Golla,Store Manager,Male,35681.0,2022-12-08,On Leave
100843,6148,Warjas Sabharwal,Delivery Rider,f,29455.0,25/01/2026,Resigned
100844,6145,Ethan Bhandari,Picker,f,41295.0,2024-02-05,Resigned
100845,6052,Simon Narang,Inventory Associate,m,28591.0,2025-02-16,Active
100846,6020,Sai Soman,delivery rider,m,60708.0,2025-10-30,Active
100847,6058,Udyati Nair,PICKER,M,45323.0,2023-12-28,On Leave
100848,6013,Qushi Chakraborty,Packer,f,51605.0,2025-10-09,Active
100849,6069,Nilima Rattan,PICKER,M,31265.0,2026-06-18,Active
100850,6073,Kamala Parsa,Picker,Male,17299.0,2026-06-23,Active
100851,6036,Janya Datta,PICKER,F,23233.0,2024-02-25,Active
100852,6074,Amaira Chowdhury,Delivery Rider,Male,18517.0,2026-08-15,Active
100853,6030,Nidra Salvi,Packer,F,28193.0,2022-10-10,Active
100854,6117,Suhani Natarajan,Quality Checker,m,25896.0,2025-03-20,On Leave
100855,6124,Hemani Sarkar,Picker,M,41757.0,2024-12-08,Active
100856,6013,Andrew Dyal,Quality Checker,M,64620.0,2023-11-21,Active
100857,6009,Brinda Jani,Packer,m,45049.0,2024-03-16,Active
100858,6084,Kala Mitra,Picker,M,36113.0,2025-03-03,active
100859,6013,Dhruv Sha,Quality Checker,Male,63949.0,2025-03-23,Active
100860,6126,Rushil Aurora,Picker,F,,2026-01-11,Active
100861,6045,Anita Balakrishnan,Inventory Associate,m,21297.0,2025-01-05,Active
100862,6002,Oscar Chada,Packer,m,41612.0,2022-11-29,Active
100863,6057,Oscar Karpe,Packer,,62527.0,2025-05-31,RESIGNED
100864,6140,Anirudh Bajwa,delivery rider,Male,16128.0,2023-04-30,Resigned
100865,6015,Rushil Dixit,Quality Checker,f,51840.0,2023-02-01,On Leave
100866,6014,Ikshita Nagarajan,Quality Checker,m,60724.0,2024-07-05,Active
100867,6137,Aarna Nath,PICKER,Female,20074.0,2023-10-19,Resigned
100868,6137,Aishani Gaba,Store Manager,Female,46739.0,2022-11-07,Active
100869,6096,Charles Lall,Store Manager,,55392.0,09-10-2023,Active
100870,6114,Harita Thaker,Inventory Associate,f,38775.0,2023-02-27,active
100871,6150,Charan Dube,Picker,M,30813.0,2024-08-06,active
100872,6126,Lekha Merchant,PICKER,m,41590.0,2025-12-26,Active
100873,6119,Deepa Bora,Delivery Rider,Female,35083.0,2025-07-01,Resigned
100874,6122,Dominic Doshi,Quality Checker,F,19720.0,2025-11-02,On Leave
100875,6027,Upadhriti Kashyap,Delivery Rider,M,48109.0,2023-05-25,Active
100876,6032,Radhika Devi,Picker,m,26616.0,2025-02-13,RESIGNED
100877,6023,Hritik Shankar,Inventory Associate,Female,41006.0,09-07-2022,Active
100878,6017,Yachana Sampath,PICKER,M,35482.0,2023-08-05,Active
100879,6012,Dakshesh Balasubramanian,Store Manager,F,18950.0,2024-09-19,On Leave
100880,6126,Timothy Varghese,Picker,Male,25352.0,2023-07-19,active
100881,6127,Rehaan Gour,Quality Checker,Male,60517.0,2023-10-17,On Leave
100882,6139,Advika Deep,Store Manager,F,45718.0,2023-06-13,RESIGNED
100883,6123,Ubika Nori,Delivery Rider,Male,55721.0,05-Apr-2023,Active
100884,6013,Mekhala Mutti,delivery rider,Female,27631.0,09-Dec-2025,Active
100885,6080,Christopher Mutti,Inventory Associate,M,47497.0,2024-09-20,Active
100886,6142,Ekta Varkey,Delivery Rider,f,16585.0,2022-12-27,Active
100887,6095,Yatan Shenoy,Packer,Female,32545.0,30/07/2023,Resigned
100888,6069,Jagdish Toor,Inventory Associate,m,28616.0,2022-10-02,Active
100889,6020,Vamakshi Wadhwa,Inventory Associate,Female,47458.0,07-03-2025,Active
100890,6038,Hitesh Boase,Delivery Rider,Female,28614.0,2023-11-16,Resigned
100891,6071,Veda Bhavsar,Store Manager,M,33046.0,2025-02-15,On Leave
100892,6094,Shivani Nadkarni,Inventory Associate,M,53389.0,23/08/2023,On Leave
100893,6080,Kamya Warrior,Quality Checker,m,37912.0,2026-01-15,Active
100894,6149,Charan Cheema,Picker,,61196.0,2024-06-01,Active
100895,6148,Arya Deol,Store Manager,M,47675.0,09-15-2025,RESIGNED
100896,6091,Dev Shukla,Store Manager,m,55226.0,2022-10-12,RESIGNED
100897,6018,Charita Biswas,Quality Checker,Female,27104.0,2025-05-14,Active
100898,6016,Rajeshri Venkatesh,PICKER,Male,51910.0,2026-01-15,On Leave
100899,6018,Girindra Behl,Store Manager,f,49853.0,2022-12-22,Active
100900,6135,Hredhaan Bobal,PICKER,F,48706.0,2022-10-04,On Leave
100901,6016,Omkaar Khatri,delivery rider,F,,2023-11-23,Active
100902,6129,Hamsini Patil,delivery rider,M,42520.0,2023-04-29,RESIGNED
100903,6072,Tara Dada,Delivery Rider,m,22687.0,2023-02-15,Active
100904,6011,Urvashi Kara,Quality Checker,f,25893.0,2022-12-30,On Leave
100905,6082,Udyati Ramaswamy,Picker,Male,46234.0,2026-06-16,Active
100906,6117,Rishi Swaminathan,Quality Checker,f,42120.0,2025-06-30,On Leave
100907,6090,Yug Bala,Packer,m,57383.0,2023-01-22,RESIGNED
100908,6063,Manthan Nagi,Packer,Female,58704.0,2023-08-26,Active
100909,6127,Raghav Sahota,delivery rider,m,49646.0,11-19-2023,On Leave
100910,6030,Vincent Padmanabhan,Picker,M,18096.0,2022-11-09,Active
100911,6065,Balveer Barad,Delivery Rider,F,18228.0,2022-09-03,Active
100912,6043,Vedant Nadkarni,delivery rider,M,26579.0,2026-06-09,Resigned
100913,6081,Jasmit Mitra,delivery rider,F,23551.0,2025-11-27,Active
100914,6072,Meera Radhakrishnan,delivery rider,m,64291.0,2024-02-17,Active
100915,6020,Advik Roy,Store Manager,f,64459.0,07-Oct-2023,Resigned
100916,6053,Charles Garg,delivery rider,F,26708.0,2025-08-27,active
100917,6009,Zehaan Thaman,Picker,f,37500.0,2025-08-25,On Leave
100918,6010,Rajeshri Mohanty,delivery rider,f,16839.0,2025-04-03,Active
100919,6073,Christopher Pai,Packer,f,38800.0,02/03/2023,Resigned
100920,6035,Ekaja Dewan,Packer,m,,2026-03-19,Resigned
100921,6112,Tamanna Nori,Packer,M,46034.0,2026-01-22,Active
100922,6022,Tanish Oak,Store Manager,M,18923.0,2024-07-05,Active
100923,6045,Harish Dani,delivery rider,f,19423.0,2024-01-28,Active
100924,6012,Atharv Karan,delivery rider,Male,52441.0,2023-12-09,Active
100925,6016,Widisha Ben,Picker,F,15015.0,2024-02-10,RESIGNED
100926,6117,Neelima Mukhopadhyay,delivery rider,Male,56898.0,2023-06-04,Active
100927,6004,Dayita Singhal,Store Manager,Female,48747.0,03/11/2025,Active
100928,6096,Devika Pandey,delivery rider,,37598.0,2023-11-27,Resigned
100929,6119,Zarna Biswas,Packer,Female,60649.0,2024-12-03,active
100930,6140,Advik Karan,PICKER,Male,53997.0,2024-07-26,active
100931,6047,Janani Dash,Quality Checker,f,27240.0,2023-06-18,Active
100932,6086,Triya Sankaran,Store Manager,Female,46621.0,2025-04-01,Active
100933,6112,Pushti Chanda,PICKER,Male,63099.0,09-22-2022,Active
100934,6074,Yutika Parikh,Packer,F,20016.0,2023-05-14,Resigned
100935,6011,Theodore Peri,Inventory Associate,m,57523.0,2023-01-14,On Leave
100936,6060,Nakul Rai,Picker,M,14669.0,01-Mar-2026,Active
100937,6047,Omaja Jaggi,Packer,Female,60120.0,06-Mar-2025,Active
100938,6120,Yutika Grover,Delivery Rider,m,54548.0,2023-12-10,Active
100939,6039,Luke Radhakrishnan,Packer,Female,,2024-08-05,active
100940,6094,Qadim Badal,Delivery Rider,F,16290.0,18/08/2026,RESIGNED
100941,6002,Janaki Bera,Picker,F,19533.0,09-Apr-2026,active
100942,6127,Yashasvi Bajaj,Picker,F,18252.0,2026-04-29,Resigned
100943,6044,Yasti Shere,Store Manager,Male,61246.0,2026-03-27,Active
100944,6095,Maanas Dua,Quality Checker,M,32759.0,2026-05-12,Active
100945,6150,Panini Deshpande,Inventory Associate,F,63282.0,02-25-2025,active
100946,6085,Anya Kaur,Delivery Rider,Female,50591.0,14/01/2025,Active
100947,6067,Chatura Chanda,PICKER,F,44554.0,2024-04-24,Active
100948,6069,Noah Khalsa,Delivery Rider,f,21377.0,2025-09-22,On Leave
100949,6075,Zansi Gill,PICKER,M,46619.0,2024-10-13,active
100950,6103,Saksham Choudhary,Delivery Rider,M,30751.0,2023-07-24,active
100951,6120,Anjali Samra,delivery rider,Male,62163.0,2025-08-17,Resigned
100952,6133,Vrinda Agarwal,Store Manager,Male,24372.0,2026-05-01,active
100953,6131,Ekaraj Sagar,Packer,f,43076.0,2024-05-26,Active
100954,6016,Onveer Kalita,Picker,Male,,2023-03-14,RESIGNED
100955,6033,Nilima Korpal,Inventory Associate,m,38362.0,2026-08-15,Resigned
100956,6003,Neel Rout,Picker,,31340.0,13/08/2026,Resigned
100957,6050,Chavvi Mukherjee,Quality Checker,m,61598.0,2024-01-21,Resigned
100958,6088,Sanaya Chada,Store Manager,F,62489.0,2023-04-12,Active
100959,6021,Jeet Thaman,Delivery Rider,,43480.0,2023-03-15,active
100960,6089,Varsha Sarraf,Quality Checker,m,17423.0,2023-10-25,Resigned
100961,6075,Urvashi Malhotra,Inventory Associate,f,34686.0,2025-09-15,RESIGNED
100962,6047,Urmi Upadhyay,Picker,Male,61521.0,2024-07-07,Active
100963,6123,Viraj Borah,Inventory Associate,m,40011.0,18-Mar-2023,Active
100964,6071,Ekaraj Raval,Packer,f,15825.0,01-14-2024,Active
100965,6082,Gautami Pandey,Inventory Associate,Male,30360.0,2023-01-12,Resigned
100966,6122,Max Shroff,Packer,M,19955.0,2025-06-13,RESIGNED
100967,6011,Benjamin Sood,PICKER,F,33650.0,2026-02-01,On Leave
100968,6031,Rachana Misra,Quality Checker,F,63423.0,2024-01-18,On Leave
100969,6038,Maanav Pau,Inventory Associate,f,40202.0,2023-04-04,RESIGNED
100970,6045,Eta Kanda,Delivery Rider,Male,47749.0,2025-05-05,active
100971,6137,Neha Gopal,Inventory Associate,Male,28003.0,2023-12-28,active
100972,6054,Avi Naidu,Delivery Rider,Female,59107.0,2023-10-10,RESIGNED
100973,6110,Warhi Maharaj,Picker,f,34551.0,2025-11-09,Active
100974,6063,Inaya Wali,Inventory Associate,Male,46800.0,01-31-2024,RESIGNED
100975,6134,Vansha Dada,Picker,Male,45046.0,2025-10-18,Active
100976,6119,Abha Badal,delivery rider,Female,64224.0,2023-12-17,Active
100977,6015,Ekalinga Patil,Store Manager,Male,25616.0,2024-02-11,active
100978,6106,Anya Natarajan,Store Manager,F,14476.0,15/11/2025,RESIGNED
100979,6068,Naveen Purohit,Store Manager,f,14108.0,2023-10-13,Resigned
100980,6014,Shaurya Bhargava,Picker,Male,55510.0,2022-09-19,RESIGNED
100981,6041,Manan Mukhopadhyay,Packer,F,16574.0,2025-07-30,Active
100982,6045,Rajeshri Lalla,Delivery Rider,M,18392.0,18-Jul-2023,Resigned
100983,6026,Maanas Chakraborty,Delivery Rider,m,36054.0,13/02/2023,Resigned
100984,6097,Radha Hans,Inventory Associate,f,60074.0,2025-09-21,Resigned
100985,6066,Libni Sami,Packer,m,,2022-10-16,On Leave
100986,6093,Jonathan Mitra,PICKER,M,51038.0,2023-01-02,active
100987,6133,Naveen Dash,PICKER,Female,26328.0,2022-10-13,Active
100988,6008,Om Chowdhury,Store Manager,Male,28124.0,2022-10-14,RESIGNED
100989,6033,Pratyush Hora,Picker,m,20454.0,2024-06-25,Active
100990,6128,Jalsa Dara,Picker,Male,15990.0,2025-01-25,Active
100991,6038,Eshana Raman,Packer,F,53153.0,2026-07-19,Active
100992,6066,Viraj Subramanian,PICKER,Male,19850.0,04-07-2024,Resigned
100993,6073,Noah Gole,delivery rider,f,19055.0,2026-07-12,Active
100994,6140,Daniel Sehgal,Quality Checker,m,23530.0,2026-03-15,Active
100995,6143,Ria Atwal,Packer,Female,57090.0,2024-10-01,Active
100996,6034,Geetika Randhawa,Packer,M,51634.0,2024-06-08,Active
100997,6029,Chanakya Varty,Store Manager,f,16683.0,2024-09-04,Active
100998,6047,Leela Dugar,Picker,M,50156.0,2023-03-15,Active
100999,6139,Xiti Varma,Quality Checker,Male,53592.0,2025-05-24,Active
101000,6142,Oeshi Gulati,delivery rider,M,19903.0,2026-05-21,On Leave
101001,6148,Gauri Srinivasan,Inventory Associate,Female,38985.0,2024-11-28,Active
101002,6060,Diya Puri,Delivery Rider,m,25472.0,2026-06-14,Active
101003,6024,Aayush Narain,Picker,Male,54272.0,24-May-2023,RESIGNED
101004,6009,Gayathri Dutt,Store Manager,f,64891.0,2023-11-26,Resigned
101005,6135,Anvi Butala,delivery rider,F,36861.0,2024-12-04,RESIGNED
101006,6113,Manthan Sangha,delivery rider,Female,29358.0,2024-08-06,Active
101007,6093,Chaitaly Tripathi,PICKER,m,60611.0,2025-09-03,Active
101008,6080,Gagan Deol,Store Manager,M,36220.0,2024-05-04,Active
101009,6092,Ishaan Saran,delivery rider,m,48479.0,2023-01-16,RESIGNED
101010,6086,Finn Sen,delivery rider,m,16384.0,25-May-2024,active
101011,6024,Balendra Tak,Packer,Female,42512.0,2025-03-23,Active
101012,6056,Tanish Bhattacharyya,Store Manager,f,14891.0,2025-12-19,Active
101013,6108,Kamala Jha,Quality Checker,M,40662.0,2025-03-31,Active
101014,6059,Arunima Shan,Quality Checker,Female,21705.0,2026-04-24,active
101015,6030,Nandini Solanki,PICKER,f,63048.0,2025-03-15,Active
101016,6133,Maanav Merchant,Packer,m,16790.0,2026-06-19,Active
101017,6036,Indira Puri,Inventory Associate,Male,,2022-11-05,Active
101018,6084,Yashawini Bandi,Picker,F,64313.0,2026-01-23,Active
101019,6108,Gabriel Bumb,Store Manager,F,29931.0,2024-05-29,Resigned
101020,6025,Tanveer Shetty,Inventory Associate,,63423.0,13/01/2026,On Leave
101021,6066,Bina Oza,Store Manager,Male,52992.0,2025-01-12,Active
101022,6013,Laban Dar,Quality Checker,f,,2025-12-28,Active
101023,6046,Gayathri Gala,delivery rider,M,57882.0,18-Mar-2025,RESIGNED
101024,6089,Urvi Kapur,Picker,Male,18174.0,2023-04-15,Active
101025,6132,Timothy Dyal,Store Manager,,37431.0,08-19-2023,On Leave
101026,6032,Dev Rajagopal,Delivery Rider,m,43529.0,2026-04-04,Resigned
101027,6141,Simon Chaudhari,delivery rider,Male,42317.0,2024-10-05,Active
101028,6077,Dhriti Bhasin,Store Manager,,58904.0,18-Apr-2024,Active
101029,6036,Ubika Srivastava,PICKER,F,31974.0,2025-08-11,Active
101030,6134,Aashi Dyal,Inventory Associate,,55345.0,2025-12-03,Active
101031,6115,Eesha Ravel,Delivery Rider,F,15200.0,2024-09-17,Active
101032,6135,Upma Singh,PICKER,M,45865.0,2026-03-10,Active
101033,6142,Jhalak Chaudhary,Quality Checker,m,56025.0,08-Aug-2024,Active
101034,6031,Nicholas Oza,Quality Checker,Male,59686.0,2024-11-05,Resigned
101035,6015,Ladli Choudhury,Quality Checker,m,16163.0,2026-03-05,Resigned
101036,6098,Wishi Mandal,Inventory Associate,f,14989.0,2026-07-23,On Leave
101037,6070,Pranav Murthy,Inventory Associate,Female,56749.0,2026-07-01,Active
101038,6025,Samarth Shanker,Packer,Female,31502.0,2025-09-17,Active
101039,6053,Tamanna Pingle,PICKER,,30156.0,2023-02-16,Active
101040,6059,Vasana Hora,PICKER,F,51012.0,2024-11-18,Active
101041,6022,Jagvi Guha,delivery rider,f,49232.0,2024-10-20,Active
101042,6006,Chaaya Konda,Store Manager,Female,14361.0,18-Jan-2025,active
101043,6096,Osha Anne,Picker,F,27987.0,06-20-2025,On Leave
101044,6073,Samesh Varma,PICKER,,16977.0,2023-06-21,On Leave
101045,6094,Warjas Choudhry,Store Manager,Female,43146.0,2024-08-29,Resigned
101046,6007,Reyansh Agarwal,Delivery Rider,M,45695.0,2025-05-14,Active
101047,6019,Gagan Mand,delivery rider,f,22665.0,2023-09-12,Active
101048,6043,Yutika Sagar,Packer,,18411.0,2023-11-19,Active
101049,6083,Agastya Jain,Quality Checker,M,20143.0,2024-01-12,Active
101050,6085,Harsh Kade,Store Manager,Female,28482.0,2026-08-01,Resigned
101051,6121,Yutika Naik,Inventory Associate,f,44750.0,05-11-2026,On Leave
101052,6096,Nidhi Bala,Packer,f,39411.0,2025-04-30,Active
101053,6001,Indrajit Madan,Packer,M,,2022-11-25,RESIGNED
101054,6087,Januja Bains,PICKER,M,51199.0,2024-09-08,Resigned
101055,6109,Prisha Wali,PICKER,Male,45755.0,2026-06-12,On Leave
101056,6150,Kamya Pau,Store Manager,Female,,2025-03-30,active
101057,6098,Kala Kumer,Quality Checker,Female,,2024-11-01,Resigned
101058,6147,Nakul Doshi,Store Manager,Male,,2024-10-21,Resigned
101059,6050,Nathaniel More,Packer,f,53789.0,2023-03-25,Active
101060,6118,Watika Sachar,delivery rider,Female,61157.0,2024-08-22,On Leave
101061,6145,Dalbir Keer,Quality Checker,Male,26782.0,2024-06-25,On Leave
101062,6027,Abdul Khurana,Inventory Associate,,15396.0,2024-04-27,RESIGNED
101063,6099,Wyatt Chanda,PICKER,Female,61626.0,2026-03-19,RESIGNED
101064,6074,Pushti Nayak,Quality Checker,Male,27408.0,2025-12-20,RESIGNED
101065,6131,Tristan Bawa,Inventory Associate,F,39029.0,2024-07-14,RESIGNED
101066,6032,Baljiwan Golla,PICKER,f,26138.0,2024-06-10,active
101067,6072,Fitan Narula,Packer,M,35307.0,2023-06-04,Active
101068,6097,Farhan Sampath,Store Manager,M,19001.0,2025-08-25,active
101069,6109,Yauvani Sekhon,Delivery Rider,m,54390.0,2025-08-25,Active
101070,6045,Orinder Mody,Delivery Rider,m,51608.0,2023-08-11,On Leave
101071,6080,Yochana Sanghvi,Store Manager,Male,20986.0,2024-05-11,RESIGNED
101072,6045,Widisha Das,PICKER,,18928.0,2026-05-06,active
101073,6039,Dalbir Mane,Inventory Associate,M,46642.0,2026-08-04,Active
101074,6086,Champak Chaudry,Picker,Male,59260.0,2024-08-28,active
101075,6023,Yashvi Ravel,Quality Checker,M,63361.0,2024-09-18,Active
101076,6130,Rachita Lad,PICKER,Female,33726.0,2023-04-21,Resigned
101077,6089,Wriddhish Sibal,Quality Checker,Female,27765.0,2025-04-11,active
101078,6123,Mitali Chaudhuri,Store Manager,Male,53068.0,24-Aug-2022,active
101079,6062,Bhavna Patla,Store Manager,Female,33863.0,2023-06-04,RESIGNED
101080,6101,Ganga Kapadia,PICKER,f,44161.0,2023-12-21,RESIGNED
101081,6136,Raagini Biswas,Store Manager,f,45939.0,13-Oct-2022,RESIGNED
101082,6068,Dakshesh Handa,PICKER,Male,,2023-04-03,active
101083,6127,Lavanya Thakkar,Quality Checker,M,64663.0,2026-08-05,active
101084,6117,Rishi Chaudhary,delivery rider,M,35059.0,2025-05-09,Active
101085,6027,Sara Manne,Inventory Associate,Female,49619.0,2025-04-23,Active
101086,6115,Jonathan Dhaliwal,Packer,M,50468.0,19/11/2022,Resigned
101087,6015,Joshua Bakshi,Picker,Male,58979.0,2022-11-25,Active
101088,6035,Falan Chowdhury,Packer,m,36304.0,06-02-2025,Active
101089,6015,Chatura Kant,Delivery Rider,F,24926.0,2025-11-02,Active
101090,6083,Ijaya Garde,Picker,M,63582.0,2024-12-17,Active
101091,6142,Niharika Malhotra,Picker,Male,,2025-05-31,Active
101092,6013,Raksha Gola,Inventory Associate,,27379.0,2023-04-12,Active
101093,6054,Raagini Keer,Quality Checker,f,59283.0,2022-08-24,active
101094,6073,Abha Dada,Inventory Associate,F,46990.0,03-06-2025,Active
101095,6035,George Kant,Delivery Rider,Male,64478.0,2023-02-03,Resigned
101096,6028,Irya Chad,delivery rider,m,61713.0,2022-08-24,RESIGNED
101097,6045,Riya Walia,Store Manager,M,34048.0,16-Feb-2026,On Leave
101098,6110,Vasudha Nazareth,Delivery Rider,F,53787.0,2023-06-02,Resigned
101099,6012,Yashvi Kapadia,Delivery Rider,f,16553.0,2023-02-19,RESIGNED
101100,6072,Yahvi Bains,Packer,m,57674.0,2025-02-09,RESIGNED
101101,6024,Caleb Wali,Inventory Associate,m,45845.0,2024-04-21,Active
101102,6123,Sanaya Prasad,Inventory Associate,F,49754.0,2023-10-21,Active
101103,6109,Yasti Prashad,Picker,F,36740.0,12-Sep-2024,RESIGNED
101104,6115,Neelima Balay,Picker,f,53821.0,2024-10-21,RESIGNED
101105,6030,Ekani Kala,Quality Checker,F,43939.0,11-26-2025,On Leave
101106,6138,Damini Sha,delivery rider,f,47191.0,2025-07-19,Active
101107,6043,Sarthak Kaur,PICKER,F,49655.0,2024-01-26,Active
101108,6028,Aadhya Peri,Packer,f,26835.0,2026-07-25,Resigned
101109,6048,Darsh Om,PICKER,Female,54511.0,2025-05-28,On Leave
101110,7000,Rajeshri Vohra,PICKER,m,42187.0,2024-01-27,Resigned
101111,6075,Veer Oak,delivery rider,Female,41711.0,2026-03-11,RESIGNED
101112,6051,Quincy Sura,Quality Checker,,34831.0,2023-12-24,Resigned
101113,6050,Anamika Sur,Quality Checker,f,16842.0,2023-01-15,On Leave
101114,6101,Harinakshi Salvi,Delivery Rider,,32075.0,2022-10-21,Resigned
101115,6031,Bhavya Sama,Delivery Rider,,41379.0,2026-02-06,active
101116,6047,Qadim Dugar,PICKER,Male,36865.0,2023-04-03,active
101117,6095,Yatan Narula,PICKER,M,20282.0,2024-01-15,On Leave
101118,6119,Chatura Sane,delivery rider,F,59929.0,2022-10-11,Active
101119,6069,Kavya Upadhyay,Quality Checker,f,52164.0,2024-04-29,active
101120,6095,Ria Uppal,Inventory Associate,Female,31157.0,2023-02-09,Active
101121,6109,Anmol Ramanathan,Packer,F,,2024-03-21,Resigned
101122,6102,Advay Prabhu,Picker,Female,15388.0,2024-03-10,Active
101123,6028,Gaurangi Date,Packer,Female,45744.0,2023-02-01,Resigned
101124,6103,Samuel Bahri,Quality Checker,Female,32216.0,2025-05-07,Resigned
101125,6026,Chaaya Chaudhari,Inventory Associate,m,,2024-12-12,Resigned
101126,6114,Viraj Sinha,PICKER,M,51711.0,06-07-2023,Active
101127,6017,Jairaj Bansal,delivery rider,M,14803.0,2024-12-22,Active
101128,6003,Yashvi Sharma,Inventory Associate,F,63152.0,2024-12-01,Active
101129,7006,Ridhi Mukhopadhyay,Packer,Male,42673.0,2023-02-13,On Leave
101130,6130,Alexander Kari,Packer,M,,2026-08-09,On Leave
101131,6010,Wridesh Sami,Quality Checker,M,24215.0,2023-02-04,Active
101132,6140,Krishna Barad,Store Manager,Female,27223.0,2023-08-09,Active
101133,6052,Amruta Singh,Picker,m,36899.0,2024-09-16,active
101134,6062,Upadhriti Arya,Inventory Associate,F,58022.0,2025-09-25,On Leave
101135,6117,Turvi Kari,Picker,f,45137.0,2022-11-06,Active
101136,6069,Upasna Ram,delivery rider,f,42018.0,10/01/2025,Active
101137,6113,Abha Sarraf,PICKER,Female,16013.0,09-Apr-2023,On Leave
101138,6137,Deepa Shenoy,Delivery Rider,Male,48970.0,21/05/2026,Active
101139,6149,Ekansh Chander,Inventory Associate,m,44502.0,2026-02-11,On Leave
101140,6021,Jyoti Agrawal,Delivery Rider,Female,,02-Apr-2026,Active
101141,6027,Bimala Pall,Picker,m,49471.0,2024-05-12,active
101142,6123,Harish Uppal,Inventory Associate,M,28368.0,2024-09-11,On Leave
101143,6027,Kamya Mannan,Delivery Rider,f,60963.0,2024-09-28,RESIGNED
101144,6068,Thomas Ram,Delivery Rider,m,58442.0,2026-01-28,Active
101145,6114,Anusha Mander,Quality Checker,F,37956.0,2024-01-23,active
101146,6046,Ishwar Pau,delivery rider,m,64462.0,2025-09-04,Resigned
101147,6088,Laksh Narasimhan,Store Manager,m,59449.0,2025-04-04,On Leave
101148,6035,Hamsini Edwin,Packer,M,55957.0,29-Apr-2025,RESIGNED
101149,6135,Tristan Ratti,Quality Checker,Male,64618.0,2024-04-19,On Leave
101150,6004,Sanya Patel,delivery rider,f,53228.0,24/08/2022,RESIGNED
101151,6120,Orinder Shankar,delivery rider,,40230.0,2024-04-03,Resigned
101152,6076,Dalbir Balakrishnan,delivery rider,,,2023-04-16,On Leave
101153,6114,Neelima Basak,Inventory Associate,M,,2024-02-20,Active
101154,6083,Rudra Ghose,PICKER,M,28568.0,2024-08-14,Active
101155,6024,Quincy Kuruvilla,Inventory Associate,f,32981.0,2022-11-25,active
101156,6071,Onveer Upadhyay,PICKER,F,15635.0,16-Nov-2025,active
101157,6133,Krish Subramanian,delivery rider,M,48971.0,2026-02-09,RESIGNED
101158,6048,Krish Mahal,Picker,Female,14680.0,2025-07-24,On Leave
101159,6130,Tristan Savant,PICKER,f,42088.0,12/11/2023,Active
101160,6011,Jonathan Patla,Inventory Associate,f,47029.0,2025-08-08,RESIGNED
101161,6140,Daniel Chhabra,delivery rider,F,59761.0,2024-08-09,RESIGNED
101162,6030,Yauvani Divan,PICKER,M,23922.0,2022-12-15,active
101163,6038,Peter Verma,Inventory Associate,M,42741.0,2023-09-13,Active
101164,6018,Ria Chahal,Packer,,52195.0,09-22-2022,Resigned
101165,6016,William Gopal,delivery rider,f,47261.0,2025-12-13,On Leave
101166,6132,Atharv Deep,Picker,Female,,2023-06-11,RESIGNED
101167,6140,Ekbal Bajaj,delivery rider,m,46292.0,2023-12-23,RESIGNED
101168,6065,Chandresh Dutta,delivery rider,F,41529.0,2025-02-15,active
101169,6131,Charita Chahal,delivery rider,Male,30156.0,2025-06-08,Active
101170,6041,Avni Ahluwalia,PICKER,M,48321.0,2026-02-10,Resigned
101171,6067,Vedant Morar,delivery rider,,39810.0,2025-11-15,Active
101172,6120,Luke Raja,Picker,m,29014.0,2022-12-30,Resigned
101173,6034,Krisha Shah,Inventory Associate,Female,21004.0,2025-06-05,active
101174,6035,Avni Madan,Quality Checker,Female,61216.0,2025-12-12,Resigned
101175,6100,Kiaan Mody,Store Manager,F,43291.0,11-Aug-2025,Resigned
101176,6051,Girish Kalla,Delivery Rider,M,51150.0,19-Mar-2024,Resigned
101177,6082,Triya Uppal,Store Manager,Female,48716.0,2024-05-22,On Leave
101178,6133,Avi Parikh,Delivery Rider,f,37413.0,2024-01-09,Resigned
101179,6108,Idika Taneja,PICKER,m,48264.0,2024-03-27,Active
101180,6066,Naksh Vohra,Inventory Associate,Male,64803.0,23/07/2025,Resigned
101181,6063,Qarin Sodhi,Inventory Associate,Male,26017.0,2025-09-08,Active
101182,6090,Rudra Kothari,delivery rider,M,61651.0,2026-07-07,Active
101183,6110,Aishani Majumdar,Store Manager,f,64404.0,17/01/2024,Resigned
101184,6124,Vasatika Manda,Store Manager,F,54274.0,10/01/2024,active
101185,6112,Diya Sarkar,Picker,F,36578.0,2024-02-20,Active
101186,6114,Aachal Devi,Packer,Male,61983.0,2025-11-10,Active
101187,6104,Onkar Master,Inventory Associate,Female,27955.0,11-02-2024,Active
101188,6110,Radhika Sibal,Quality Checker,Female,23213.0,2025-04-27,active
101189,6107,Ranbir Chaudhuri,Store Manager,,22529.0,2024-05-17,Resigned
101190,6059,Yashodhara Dixit,Delivery Rider,F,43510.0,04/04/2023,Active
101191,6044,Lipika Mall,delivery rider,,53078.0,2023-11-26,Active
101192,6145,Ranveer Edwin,Delivery Rider,Male,40998.0,2023-03-24,On Leave
101193,6040,Ria Thakur,Delivery Rider,F,30125.0,2024-07-13,RESIGNED
101194,6008,Anay Iyengar,Packer,f,42597.0,2024-07-29,Active
101195,6068,Radhika Kalla,Store Manager,Male,17929.0,2024-05-29,Active
101196,6046,Vedant Gera,Inventory Associate,Male,15346.0,2026-01-11,Active
101197,6107,Hemang Srinivasan,Inventory Associate,f,17648.0,2025-03-23,On Leave
101198,6126,Damyanti Dube,Inventory Associate,f,60486.0,2025-11-09,On Leave
101199,6107,Darpan Bedi,Picker,Male,56952.0,2023-08-22,Resigned
101200,6079,Frado Kumer,Picker,m,21778.0,2023-06-03,active
101201,6127,Adya Suri,Inventory Associate,Male,64563.0,23-Aug-2023,RESIGNED
101202,6141,Charita Shenoy,Inventory Associate,Female,53506.0,2023-05-12,RESIGNED
101203,6150,Odika Comar,Quality Checker,Male,51077.0,2023-07-11,RESIGNED
101204,6130,Ishwar Narayan,Delivery Rider,Female,26531.0,08-25-2025,Active
101205,6134,Vritti Bajaj,Store Manager,,23732.0,2025-08-18,On Leave
101206,6046,Indali Bansal,Store Manager,,49216.0,2026-08-12,Resigned
101207,6092,Nisha Walla,Inventory Associate,m,51190.0,2023-11-19,On Leave
101208,6121,Omisha Bora,Inventory Associate,M,59933.0,2024-03-14,Active
101209,6136,Rajeshri Wali,Quality Checker,f,56962.0,02-07-2025,RESIGNED
101210,6130,Anvi Gokhale,Picker,f,41939.0,14-Dec-2025,Active
101211,6015,Siddharth Bawa,PICKER,f,38517.0,2025-12-10,Active
101212,6035,Yash Trivedi,Store Manager,Female,51590.0,2024-11-13,Active
101213,6070,Jyoti Sankar,Packer,Male,32144.0,2026-02-02,RESIGNED
101214,6146,Aashi Sura,delivery rider,Male,49305.0,2026-07-18,Active
101215,6072,Upma Deep,PICKER,m,33143.0,2025-02-27,Active
101216,6087,Samarth Dhar,Packer,M,26578.0,2026-02-17,Active
101217,6139,Chaman Bains,Delivery Rider,M,15945.0,2025-03-14,Active
101218,6084,Zinal Kata,Delivery Rider,m,46215.0,2024-02-28,RESIGNED
101219,6121,Chanakya Brar,Quality Checker,M,41118.0,23/12/2023,Active
101220,6140,Damini Gaba,Store Manager,Male,39421.0,2023-10-12,RESIGNED
101221,6055,Chandani Bakshi,Inventory Associate,Male,38744.0,2023-02-03,Resigned
101222,6087,Praneel Rana,Quality Checker,f,41971.0,2025-09-30,active
101223,6091,Jason Dalal,Quality Checker,F,18698.0,03-06-2025,Active
101224,6017,Vidhi Sawhney,Quality Checker,m,46707.0,2024-09-20,On Leave
101225,6141,Vedant Rai,PICKER,f,47578.0,29/02/2024,Active
101226,6018,Varsha Radhakrishnan,Inventory Associate,,41239.0,2026-07-04,Active
101227,6116,Imaran Basak,Inventory Associate,,34001.0,03-15-2024,Active
101228,6095,Samaksh Dube,Store Manager,,43353.0,2025-03-28,On Leave
101229,6106,Janaki Dua,Inventory Associate,Female,59590.0,2024-05-23,Active
101230,6058,Pavani Dixit,Store Manager,,31634.0,16/01/2025,Active
101231,6069,Jason Badal,Quality Checker,m,50516.0,21/05/2026,RESIGNED
101232,7009,Sai Mitter,Delivery Rider,m,,2024-04-18,On Leave
101233,6088,Dev Chaudry,PICKER,Female,19957.0,2026-04-10,Resigned
101234,6019,Nidhi Mitra,PICKER,f,46259.0,2026-04-30,Active
101235,6092,Keya Patla,PICKER,f,29154.0,2024-08-27,Active
101236,6107,Gaurang Babu,delivery rider,F,30778.0,2023-02-20,Active
101237,6050,Finn Chana,Store Manager,,,2022-09-27,Active
101238,6019,Laksh Mann,Delivery Rider,,47232.0,2024-11-03,Resigned
101239,6067,Ridhi Krishnamurthy,Quality Checker,F,59281.0,2025-11-30,Active
101240,6071,Champak Chatterjee,Store Manager,f,14329.0,2024-12-22,On Leave
101241,6007,Dalaja Bhardwaj,Picker,F,48839.0,10-20-2024,RESIGNED
101242,6124,Priya Bhatt,Quality Checker,,24813.0,2026-01-31,Active
101243,6147,Arunima Taneja,Delivery Rider,F,52128.0,2024-12-01,Active
101244,6041,Ansh Manda,Quality Checker,f,30622.0,2023-10-15,Active
101245,6032,Chandani Maharaj,Store Manager,f,21401.0,2024-06-15,Resigned
101246,6083,Girindra Varty,delivery rider,Male,42667.0,2025-03-08,Resigned
101247,6130,Jyoti Contractor,delivery rider,M,32612.0,2024-08-12,Active
101248,6066,Darika Prakash,Store Manager,M,33260.0,2023-11-24,Resigned
101249,6113,Wridesh Saraf,PICKER,m,37822.0,2023-08-15,Active
101250,6080,Samar Deshmukh,Store Manager,F,52220.0,2026-05-28,RESIGNED
101251,6050,Alexander Buch,Store Manager,Female,21290.0,2026-08-15,On Leave
101252,6003,Jalsa Lad,Store Manager,Female,57688.0,2023-08-29,Active
101253,6089,Mohini Shere,Store Manager,,41489.0,2025-05-22,RESIGNED
101254,6122,Charita Chawla,Quality Checker,F,16612.0,2023-04-30,RESIGNED
101255,6026,Caleb Halder,Picker,f,36202.0,2023-05-15,active
101256,6092,Mahika Sandal,Inventory Associate,Female,26146.0,2026-06-18,Active
101257,6073,Neha Ratta,PICKER,f,42930.0,2023-05-31,Active
101258,6079,Madhavi Dhaliwal,Picker,Male,47083.0,2024-09-10,RESIGNED
101259,6059,Udyati Bansal,Delivery Rider,f,55310.0,06-28-2026,On Leave
101260,6101,Faqid Gera,Packer,M,15220.0,2025-12-26,RESIGNED
101261,6097,Tripti Soman,Packer,F,52307.0,2025-12-18,On Leave
101262,6054,Qarin Goel,Picker,m,21962.0,17/12/2023,RESIGNED
101263,6055,Simon Sridhar,PICKER,F,41372.0,2023-04-24,On Leave
101264,6055,Mohammed Dhar,PICKER,F,25713.0,23-Dec-2023,active
101265,6065,Falguni Mani,delivery rider,Female,57217.0,2025-07-01,On Leave
101266,6057,Samesh Rana,Store Manager,f,44956.0,2023-11-04,On Leave
101267,6045,Thomas Rai,Quality Checker,Male,54310.0,2026-04-22,Active
101268,6055,Keya Acharya,Quality Checker,f,40726.0,2024-06-30,Resigned
101269,6140,Neha Kulkarni,Quality Checker,f,61300.0,2023-01-03,On Leave
101270,6115,Turvi Saini,Picker,M,33298.0,05-Aug-2023,On Leave
101271,6108,Yatin Sen,Store Manager,,51259.0,2024-12-16,Active
101272,6120,Kashish Balay,Quality Checker,F,36340.0,2023-10-11,Resigned
101273,6118,Ansh Sundaram,Delivery Rider,F,55029.0,2026-03-06,On Leave
101274,6089,Mohammed Zacharia,Picker,Male,21095.0,2024-10-30,On Leave
101275,6014,Mohini Dyal,Picker,M,47780.0,2024-06-25,RESIGNED
101276,6058,Radha Hari,Packer,f,19871.0,2023-05-25,Active
101277,6078,Champak Tella,Quality Checker,Male,33931.0,2025-11-18,Resigned
101278,6041,Balvan Nath,PICKER,Male,24050.0,12-Feb-2024,active
101279,6140,Anusha Sani,Delivery Rider,M,36480.0,2023-08-25,RESIGNED
101280,6023,Shivani Shenoy,Picker,Female,57476.0,2025-09-28,RESIGNED
101281,6058,Imaran Gill,Delivery Rider,F,48638.0,2024-07-01,Active
101282,6036,Joshua Kadakia,Inventory Associate,Male,57349.0,2025-11-12,active
101283,6008,Gaurika Guha,Picker,Male,41238.0,05/03/2023,Active
101284,6044,Vasatika Batra,Picker,,32737.0,2026-06-06,Active
101285,6132,Dalbir Ghosh,Quality Checker,Male,41779.0,2025-02-26,Active
101286,6099,Sneha Balasubramanian,Inventory Associate,F,14337.0,2024-05-31,RESIGNED
101287,6147,Nisha Thaman,Picker,Female,42316.0,2022-09-14,Resigned
101288,6015,Vincent Devi,delivery rider,Male,43307.0,2026-06-13,On Leave
101289,6062,Wazir Nori,PICKER,,20428.0,2025-10-01,On Leave
101290,6014,Ojasvi Rana,Delivery Rider,m,27543.0,2023-11-07,Resigned
101291,6110,Ekantika Barad,Packer,M,63114.0,2022-11-10,Resigned
101292,6033,Samaksh Kant,Packer,Female,16661.0,2025-01-21,Active
101293,6042,Avi Chandra,Picker,m,59753.0,2023-12-22,RESIGNED
101294,6017,Vrishti Tailor,delivery rider,M,53090.0,2025-12-31,active
101295,6069,Kritika Mutti,Packer,m,42126.0,30/06/2026,On Leave
101296,6059,Advika Rout,Inventory Associate,,23199.0,06/09/2022,Active
101297,6079,Xalak Vyas,Inventory Associate,F,52010.0,2025-02-10,On Leave
101298,6037,Guneet Ravel,delivery rider,m,29973.0,02-18-2024,Active
101299,6066,Rachana Thaman,Store Manager,M,33312.0,2025-04-07,RESIGNED
101300,6031,Upasna Modi,Delivery Rider,F,52318.0,2025-01-08,Active
101301,6095,Aradhana Agate,Quality Checker,f,19231.0,2022-10-24,Active
101302,6132,Indali Sidhu,Packer,Male,63774.0,2025-12-07,On Leave
101303,6079,Charles Narula,PICKER,F,44506.0,2024-02-23,Active
101304,6118,Mugdha Balakrishnan,Inventory Associate,Male,56496.0,2023-11-10,Active
101305,6126,Vanya Modi,Store Manager,Female,,2024-05-08,On Leave
101306,6042,Bimala Atwal,delivery rider,Male,14063.0,2025-03-02,Active
101307,6113,Yash Balasubramanian,Inventory Associate,f,18412.0,2023-03-22,On Leave
101308,6130,Adweta Khanna,Picker,f,36886.0,2026-04-10,Active
101309,6148,Eshana Dhar,Store Manager,,38628.0,2025-07-24,Active
101310,6128,Yug Sarna,Picker,M,14625.0,2026-06-13,Active
101311,6031,Hiral Dube,Store Manager,F,24725.0,2024-09-10,Resigned
101312,6086,Bhavya Prabhakar,Picker,Male,19102.0,2025-11-04,On Leave
101313,6047,Waida Ben,PICKER,m,62060.0,2022-09-15,On Leave
101314,6142,Aadi Ranganathan,delivery rider,F,26358.0,2026-05-18,RESIGNED
101315,6051,Eta Narayan,Inventory Associate,f,52040.0,2025-12-21,active
101316,6044,Krish Mitter,Delivery Rider,f,49396.0,2022-11-30,On Leave
101317,6033,Jairaj Sharaf,Packer,M,16010.0,2024-10-18,Resigned
101318,6009,Vidhi Dara,Picker,M,19923.0,2024-08-29,On Leave
101319,6054,Damyanti Karnik,PICKER,F,63511.0,01/07/2023,On Leave
101320,6065,Aarna Chatterjee,Picker,Female,52476.0,2026-03-29,Resigned
101321,6030,Raksha Vig,delivery rider,,28540.0,2026-03-23,Active
101322,6004,Kai Goyal,Store Manager,m,51164.0,2025-12-17,Active
101323,6047,Maanav Sem,Store Manager,Female,63877.0,2023-11-20,Resigned
101324,6063,Qadim Deshmukh,Packer,Female,23378.0,2023-09-25,Active
101325,6016,Max Kibe,Store Manager,m,31003.0,02-02-2025,Active
101326,6047,Jairaj Jaggi,PICKER,Female,36276.0,2025-05-29,active
101327,6071,Damini Naidu,Store Manager,,58372.0,2025-09-29,Active
101328,6008,Unnati Zachariah,Store Manager,m,62736.0,2023-01-09,On Leave
101329,6052,Girik Palla,Delivery Rider,,26103.0,2023-04-09,Active
101330,6073,Neel Johal,Delivery Rider,F,50626.0,2024-03-28,Active
101331,6042,Gavin Rattan,PICKER,m,48907.0,2022-12-04,Active
101332,6023,Sudiksha Ben,Store Manager,Male,16584.0,2022-12-18,Resigned
101333,6088,Shivani Dada,Inventory Associate,,39745.0,2026-02-15,Active
101334,6026,Sai Khurana,Delivery Rider,M,59763.0,2022-10-03,Resigned
101335,6011,Idika Setty,Delivery Rider,f,,2024-12-24,Active
101336,6036,Lekha Bhavsar,PICKER,M,50343.0,10-03-2024,On Leave
101337,6086,Bishakha Dalal,Picker,Male,25675.0,2023-10-20,Active
101338,6027,Sai Mandal,Packer,f,27895.0,2023-06-27,Resigned
101339,6060,Chavvi Raghavan,PICKER,,37083.0,2023-05-20,active
101340,6055,Jagat Sengupta,PICKER,Female,14268.0,2025-02-13,On Leave
101341,6028,Prisha Kunda,Packer,f,21804.0,2022-11-18,active
101342,6137,Harshil Kata,Packer,Male,19625.0,2024-08-10,Resigned
101343,6145,Yasti Sankaran,delivery rider,Male,55554.0,2024-08-21,Active
101344,6017,Vasana Raja,Inventory Associate,F,,05-24-2023,RESIGNED
101345,6019,Krisha Dasgupta,Delivery Rider,,27558.0,2025-12-22,active
101346,6136,Manya Dugal,Picker,,34346.0,2024-11-09,Active
101347,6058,Bhavna Nair,Quality Checker,,35369.0,2023-11-11,Active
101348,6047,Bhavna Sridhar,Packer,m,51387.0,05-31-2024,RESIGNED
101349,6066,Oscar Kumar,Inventory Associate,Female,48712.0,2025-01-29,Resigned
101350,6058,Odika Bakshi,Quality Checker,Female,25550.0,2025-03-11,active
101351,6143,Kavya Kala,Inventory Associate,Female,48163.0,2023-09-24,Active
101352,6134,Upadhriti Roy,delivery rider,F,15905.0,2024-05-03,RESIGNED
101353,6109,Gaurav Kant,Store Manager,Male,34049.0,07-18-2025,Active
101354,6078,Oeshi Prabhu,Picker,M,25111.0,2023-11-15,Resigned
101355,6063,Rachita Pau,Delivery Rider,Male,52723.0,2024-12-08,On Leave
101356,6040,Ekapad Morar,Delivery Rider,Male,40197.0,2024-03-09,Active
101357,6006,Odika Panchal,Inventory Associate,Male,22009.0,2024-09-15,RESIGNED
101358,6035,Wriddhish Tripathi,PICKER,,33293.0,2024-11-29,Active
101359,6070,Forum Krishna,Packer,Male,32628.0,2024-10-19,RESIGNED
101360,6120,Sanaya Barad,Packer,F,40195.0,2024-03-04,Active
101361,6032,Chatresh Dutt,Delivery Rider,f,56993.0,2026-07-19,Active
101362,6137,Farhan Kale,PICKER,Female,38703.0,2022-11-09,On Leave
101363,6032,Riya Yogi,Delivery Rider,,44489.0,2023-07-30,active
101364,6105,Brijesh Bhatti,Picker,,55353.0,2024-04-08,On Leave
101365,6035,George Rai,Picker,f,30015.0,2023-04-28,Active
101366,6122,Janaki Bhavsar,Quality Checker,M,41106.0,2023-03-30,Active
101367,6064,Priya Kapur,Packer,Male,41371.0,2023-03-13,Active
101368,6082,Vidhi Nair,Picker,M,58477.0,2023-02-16,RESIGNED
101369,6127,Arya Prabhu,Delivery Rider,M,37861.0,2022-10-07,Active
101370,6138,Amara Grewal,Inventory Associate,Female,53753.0,2024-05-31,active
101371,6132,Sudiksha Palan,Picker,Female,35059.0,2024-07-02,RESIGNED
101372,6113,Maya Bhattacharyya,PICKER,M,19654.0,2025-08-31,Resigned
101373,6025,Anusha Walia,PICKER,M,49638.0,2023-05-24,Active
101374,6100,Gaurika Rajagopalan,Delivery Rider,M,48748.0,2023-07-30,Active
101375,6093,Agastya Andra,Store Manager,F,49002.0,2023-07-21,active
101376,6053,Kamya Mitra,Store Manager,m,27661.0,2024-05-29,Active
101377,6114,Chanchal Joshi,Packer,F,42230.0,2024-08-17,Active
101378,6122,Vanya Parekh,Delivery Rider,F,17221.0,07-10-2025,RESIGNED
101379,6140,Fitan Anne,delivery rider,m,17520.0,22/11/2025,On Leave
101380,6100,Lipika Murty,Picker,m,20007.0,2024-12-06,On Leave
101381,6150,Shaurya Suri,Inventory Associate,Female,,2024-08-15,Active
101382,6067,Tejas Narain,Picker,F,30424.0,2026-07-24,RESIGNED
101383,6064,Aashi Master,Packer,F,,2024-07-08,On Leave
101384,6109,Saanvi Jha,Picker,Female,56884.0,2025-04-17,Active
101385,6006,Qarin Hora,Store Manager,m,23128.0,2023-10-09,On Leave
101386,6046,Hemal Bains,Inventory Associate,F,37092.0,2026-08-01,Active
101387,6140,Reyansh Din,Quality Checker,F,49712.0,2023-01-06,RESIGNED
101388,6130,Jackson Prakash,Store Manager,F,38483.0,2023-04-28,active
101389,6125,Gopal Mitter,PICKER,m,60389.0,2025-08-20,Active
101390,6142,Anamika Sha,Store Manager,Female,30789.0,2023-08-21,Resigned
101391,6067,Hemal Kumer,Picker,F,31017.0,2026-05-20,Active
101392,6150,Tristan Narayanan,delivery rider,,43092.0,2025-04-06,Active
101393,6098,Qushi Lall,delivery rider,f,29022.0,2023-07-20,Active
101394,6145,Dayamai Manda,Packer,Male,23509.0,2026-03-23,active
101395,6146,Laksh Kala,Packer,Female,,2022-09-07,Active
101396,6071,Hema Dar,delivery rider,Male,20710.0,02-03-2024,active
101397,6013,Zashil Chadha,Delivery Rider,f,26137.0,2024-08-30,RESIGNED
101398,6072,Wishi Mody,Inventory Associate,f,57885.0,2024-12-10,active
101399,6137,Hemal Salvi,Packer,m,30403.0,2024-02-04,Resigned
101400,6056,Pratyush Soman,Inventory Associate,,62750.0,2026-04-21,RESIGNED
101401,6091,Yash Kuruvilla,Store Manager,M,33980.0,2024-08-16,Active
101402,6150,Warinder Kota,PICKER,m,36242.0,2025-01-23,RESIGNED
101403,6143,Ronith Viswanathan,Picker,Female,24096.0,2026-03-07,Active
101404,6064,Inaya Tara,Delivery Rider,Male,27193.0,02/08/2023,RESIGNED
101405,6018,Rehaan Kashyap,Packer,m,25200.0,2024-02-15,Active
101406,6043,Raghav Bath,PICKER,Female,,2024-05-01,Active
101407,6142,Frederick Mahal,Packer,F,43371.0,2025-06-22,active
101408,6142,Manthan Varghese,Store Manager,f,19852.0,11/01/2024,Active
101409,6090,Gopal Varughese,Packer,m,46822.0,2024-09-28,Active
101410,6007,Jonathan Mitter,delivery rider,F,24915.0,2025-02-14,On Leave
101411,6143,Upma Brar,Store Manager,f,35832.0,2023-07-02,RESIGNED
101412,6038,Mitali Johal,Picker,M,21305.0,2026-05-11,On Leave
101413,6050,Anmol Swamy,delivery rider,F,40924.0,2026-06-17,Active
101414,6100,Rushil Thakkar,Inventory Associate,f,58975.0,2026-03-12,On Leave
101415,6063,Triveni Kapur,delivery rider,Female,46282.0,2026-05-25,Active
101416,6148,Geetika Doctor,delivery rider,Male,38424.0,2025-01-12,Active
101417,6124,Janaki Brar,Delivery Rider,m,44143.0,2023-01-15,Active
101418,6122,Chameli Rajagopalan,Inventory Associate,,35245.0,2024-04-09,Active
101419,6033,Urishilla Madan,Store Manager,F,60517.0,2025-11-07,Active
101420,6103,Aryan Guha,Store Manager,f,54576.0,2025-11-17,On Leave
101421,6055,Samarth Padmanabhan,Quality Checker,f,50654.0,2024-08-02,Active
101422,6010,Raghav Bhatt,Picker,m,41969.0,2025-05-04,Resigned
101423,6070,Caleb Date,PICKER,Female,52644.0,2026-06-16,RESIGNED
101424,6080,Reva Kulkarni,Delivery Rider,m,57738.0,11/09/2022,Active
101425,6117,Nirja Madan,Store Manager,f,52178.0,2023-09-25,Active
101426,6081,Laban Shenoy,Quality Checker,f,55793.0,2024-09-28,RESIGNED
101427,6100,Xavier Din,Picker,F,56500.0,2026-08-11,Active
101428,6006,Karan Sur,Picker,Female,49598.0,2022-09-28,Active
101429,6105,Radhika Saini,Delivery Rider,Male,40452.0,13/04/2024,Active
101430,6100,Wishi Basak,Quality Checker,,48285.0,2025-06-02,Active
101431,6085,Waida Swamy,Packer,Male,38855.0,2024-04-01,Active
101432,6073,Karan Thakur,Store Manager,,39879.0,2023-05-01,Active
101433,6118,Arunima Lata,Store Manager,m,60670.0,2026-02-19,Active
101434,6045,Tripti Patla,Quality Checker,m,40850.0,2022-12-21,RESIGNED
101435,6067,Zarna Kale,Picker,M,25138.0,2024-11-28,Active
101436,6143,Falguni Kashyap,delivery rider,m,63658.0,2023-03-07,On Leave
101437,6150,Champak Sahota,Packer,M,49578.0,19/11/2023,Active
101438,6144,Vanya Sule,Quality Checker,M,59405.0,10-May-2023,Resigned
101439,6147,Nikita Mitra,Picker,,48440.0,2026-02-09,On Leave
101440,6135,Luke Sheth,Quality Checker,F,40008.0,2025-08-19,Resigned
101441,6127,Brijesh Padmanabhan,PICKER,,63442.0,2025-09-25,Active
101442,6066,Gaurika Dani,PICKER,m,60112.0,2024-11-07,On Leave
101443,6039,Hredhaan Dalal,Quality Checker,Female,27428.0,2025-07-23,On Leave
101444,6067,Zinal Varty,Inventory Associate,m,14814.0,2025-07-11,Resigned
101445,6140,Champak Luthra,Store Manager,m,34352.0,2024-12-11,On Leave
101446,6139,Oviya Bera,Store Manager,Female,35849.0,2024-12-26,Active
101447,6076,Oviya Bhavsar,Picker,M,21327.0,02-23-2023,Active
101448,6114,Zansi Raman,Picker,f,31062.0,11/05/2024,Active
101449,6124,Kamya Mishra,Picker,m,53329.0,2023-03-22,Active
101450,6131,Ridhi Badal,delivery rider,Male,32411.0,2026-07-08,On Leave
101451,6135,Megha Tandon,Store Manager,F,24647.0,2023-12-04,active
101452,6039,Jeevika Bansal,Packer,M,27853.0,2024-06-04,Active
101453,6091,Matthew Behl,Picker,f,,2023-08-03,active
101454,6121,Udyati Naik,PICKER,,,2026-05-21,On Leave
101455,6020,Wridesh Sen,Delivery Rider,f,56072.0,2026-04-09,Active
101456,6122,Sachi Ram,Store Manager,m,54952.0,2023-08-26,Active
101457,6069,Jasmit Contractor,Packer,m,,2023-02-05,Active
101458,6131,Maanav Bhasin,Store Manager,F,38950.0,2024-01-11,RESIGNED
101459,6135,Ekapad Saxena,Store Manager,m,61624.0,2024-04-30,On Leave
101460,6090,Kalpit Chaudhry,Picker,Female,52828.0,2025-04-17,RESIGNED
101461,6123,Oviya Rege,PICKER,M,30020.0,31-May-2025,Active
101462,6077,Veer Sarraf,Inventory Associate,m,46940.0,2023-08-18,On Leave
101463,6085,Gautam Sarraf,Inventory Associate,m,51337.0,2024-01-01,On Leave
101464,6049,Zarna Narayanan,PICKER,m,41799.0,2025-01-29,Resigned
101465,6117,Falak Bahl,Picker,f,25708.0,2026-07-01,Resigned
101466,6099,Parth Tella,Quality Checker,F,43225.0,2023-01-27,Active
101467,6056,Sara Dash,Store Manager,M,48826.0,2024-01-01,Resigned
101468,6003,Onveer Mohan,Quality Checker,f,55258.0,2023-12-02,Active
101469,6090,Yutika Loke,Delivery Rider,m,30892.0,2024-10-09,active
101470,6139,Sanya Dugal,Picker,M,36233.0,2023-08-26,On Leave
101471,6040,Simon Gandhi,Inventory Associate,Female,28779.0,2023-10-21,On Leave
101472,6093,Karan Kala,Store Manager,M,14834.0,24/12/2024,Active
101473,6112,Megha Mody,PICKER,M,61884.0,2025-07-13,Active
101474,6086,Meghana Dubey,Packer,m,60191.0,2024-03-30,Active
101475,6061,Pavani Krishna,Picker,M,34780.0,2025-09-23,Active
101476,6130,Samuel Raj,Packer,Male,27588.0,03/05/2023,Active
101477,6025,Kabir Parsa,Packer,F,50929.0,2026-07-22,Active
101478,6136,Yochana Vyas,Picker,M,21678.0,2026-08-16,Active
101479,6048,Peter Nayar,PICKER,f,60638.0,2025-01-07,Resigned
101480,6080,Aarnav Sant,Quality Checker,Male,14968.0,2026-07-27,active
101481,6009,Gavin Kakar,Store Manager,F,25899.0,2023-05-18,Active
101482,6037,Xalak Narain,Picker,F,32749.0,2023-01-25,RESIGNED
101483,6143,Ati Pal,Quality Checker,M,20001.0,01-09-2025,Active
101484,6087,Ishaan Basu,Quality Checker,m,49892.0,2025-05-04,Active
101485,6107,Farhan Sani,Picker,Male,46759.0,21-Sep-2022,Active
101486,6015,Harita Sha,PICKER,Female,64422.0,2023-05-27,Resigned
101487,6134,Aahana Dalal,Quality Checker,Female,48558.0,2022-10-25,Active
101488,6141,Chameli Chaudhuri,Quality Checker,F,52085.0,2024-03-21,Active
101489,6058,Baghyawati Mahal,Store Manager,f,,08-13-2025,Active
101490,6128,Vivaan Bassi,PICKER,M,46470.0,2023-09-21,Active
101491,6012,Inaya Grover,Store Manager,f,24130.0,2022-12-20,On Leave
101492,6046,Amruta Kota,delivery rider,,60373.0,2025-03-31,RESIGNED
101493,6132,Praneel Choudhry,Packer,F,59292.0,2025-02-17,Active
101494,6090,Wyatt Pillai,Delivery Rider,Male,18246.0,2024-11-03,active
101495,6130,Laban Saini,delivery rider,F,17539.0,07-Sep-2024,Resigned
101496,6046,Noah Barman,Delivery Rider,,22601.0,2026-03-17,RESIGNED
101497,6028,Andrew Nadkarni,Inventory Associate,,25000.0,2024-02-14,On Leave
101498,6038,Darpan Gour,Delivery Rider,,57205.0,2025-12-23,active
101499,6128,Ikbal Toor,Inventory Associate,Female,40368.0,2023-02-23,Active
101500,6126,Nachiket Merchant,Quality Checker,Male,63070.0,2025-05-17,Active
101501,6026,Saumya Gala,Picker,M,28346.0,2023-11-28,Active
101502,6095,Jonathan Mitter,Store Manager,F,25632.0,2024-05-30,active
101503,6132,Wriddhish Raval,Quality Checker,f,34644.0,2024-03-03,Active
101504,6084,Forum Shan,Picker,F,39747.0,2024-02-10,Active
101505,6059,Jacob Kumer,Quality Checker,Female,46123.0,2026-02-01,Active
101506,6096,Falguni Nagy,Quality Checker,M,30540.0,2025-01-25,RESIGNED
101507,6030,Guneet Chaudhuri,Delivery Rider,m,26950.0,2026-02-01,On Leave
101508,6070,Abha Nadig,delivery rider,M,29027.0,2023-05-09,active
101509,6055,Jeet Prabhu,Picker,M,27748.0,2022-11-07,active
101510,6046,Tanmayi Sharma,Packer,m,44740.0,2024-01-08,Active
101511,6138,Harinakshi Modi,delivery rider,f,17128.0,03-29-2025,Active
101512,6066,Divya Bhakta,Inventory Associate,Female,40292.0,2023-12-01,On Leave
101513,6014,Ishani Patil,Quality Checker,f,16147.0,2024-01-17,Active
101514,6010,Ekavir Mody,Inventory Associate,m,15398.0,2024-06-05,Active
101515,6032,Qushi Baral,PICKER,f,44913.0,2025-02-22,Active
101516,6033,Pranit Roy,Store Manager,Female,19020.0,2022-10-16,Active
101517,6076,Kiaan Krish,Inventory Associate,Female,,2026-04-14,Active
101518,6060,Riya Agarwal,Picker,Male,57418.0,2023-01-16,Resigned
101519,6022,Umang Anne,Picker,m,16735.0,2026-05-09,On Leave
101520,6083,Krishna Wali,Quality Checker,,29272.0,2025-07-10,Active
101521,6102,Naksh Wable,Store Manager,Female,47175.0,02-24-2026,Active
101522,6057,Varenya Mall,Packer,f,30254.0,2026-01-23,RESIGNED
101523,6014,Diya Modi,Packer,m,18507.0,2022-08-25,active
101524,6006,Bakhshi Patla,Delivery Rider,M,,2024-11-12,Active
101525,6045,Shravya Dayal,Picker,M,23408.0,17/05/2024,active
101526,6069,Abhimanyu Suri,PICKER,F,63956.0,18-Nov-2024,Resigned
101527,6103,Aditya Nazareth,Picker,Male,49642.0,2024-11-02,active
101528,6006,Kashish Bala,delivery rider,m,38911.0,2024-07-17,On Leave
101529,6122,Jatin Singh,Packer,F,58781.0,2025-03-23,Active
101530,6073,Ekanta Kaul,Picker,,64434.0,2022-12-08,On Leave
101531,6051,Farhan Saxena,Inventory Associate,f,52242.0,04-Sep-2023,Resigned
101532,6142,Darika Wali,Store Manager,,59997.0,2026-04-07,Resigned
101533,6096,Vidhi Kalla,Delivery Rider,F,17530.0,2025-01-15,active
101534,6114,Odika Dasgupta,Packer,F,33943.0,2025-12-07,active
101535,6140,Pahal Joshi,Picker,Female,56203.0,2024-09-01,Active
101536,6036,Wridesh Kapadia,Store Manager,Female,17789.0,2026-06-19,Resigned
101537,6120,Anusha Mangat,Quality Checker,f,18087.0,30-Dec-2023,Active
101538,6148,Charita Ramachandran,delivery rider,Male,30368.0,2022-11-09,RESIGNED
101539,6045,Omkaar Sinha,Store Manager,f,61349.0,2025-01-07,Active
101540,6103,Nandini Baria,PICKER,Male,22457.0,2024-06-12,On Leave
101541,6125,Quincy Tripathi,Inventory Associate,Female,39336.0,08-Jan-2023,Resigned
101542,6014,Parth Kashyap,Delivery Rider,f,42118.0,2026-02-23,On Leave
101543,6110,Falguni Ahuja,Inventory Associate,f,53112.0,2023-09-19,On Leave
101544,6061,Lila Chowdhury,Delivery Rider,Male,33993.0,2024-12-16,Active
101545,6076,Ganga Narayan,Store Manager,M,46347.0,2026-05-31,Resigned
101546,6041,Patrick Bajaj,Quality Checker,Female,57725.0,11-23-2025,Active
101547,6001,Triya Murthy,Store Manager,,30676.0,2024-12-27,Resigned
101548,6117,Aarnav Prakash,Quality Checker,F,40301.0,2026-07-26,RESIGNED
101549,6040,Aarna Narula,PICKER,,33595.0,2023-06-30,Active
101550,6043,Falan Walla,Quality Checker,Female,21751.0,2023-08-24,Active
101551,6059,Elijah Raja,Picker,Female,,2023-09-08,Active
101552,6062,Andrew Pal,Inventory Associate,F,61836.0,2026-02-20,RESIGNED
101553,6048,Aachal Babu,Quality Checker,Female,33691.0,2024-04-18,active
101554,6022,Warjas Wadhwa,delivery rider,f,61316.0,2024-02-06,Active
101555,6116,Hamsini Bora,Delivery Rider,m,,2025-03-29,Active
101556,6101,Ijaya Chaudhari,Delivery Rider,f,14882.0,2024-10-04,RESIGNED
101557,6108,Tara Sengupta,Inventory Associate,f,56338.0,16-Mar-2023,RESIGNED
101558,6139,Anvi Vasa,Picker,F,14548.0,2025-10-22,Resigned
101559,6074,Zashil Rege,Delivery Rider,M,35879.0,2023-12-28,active
101560,6113,Frado Bakshi,PICKER,f,26771.0,2025-02-08,On Leave
101561,6147,Madhav Sarna,Packer,F,19893.0,2024-10-19,Active
101562,6020,Nisha Minhas,Picker,m,53742.0,2024-01-02,active
101563,6084,George Deo,Store Manager,F,30694.0,2024-05-06,On Leave
101564,6083,Owen Ahluwalia,Quality Checker,f,,2023-02-22,Active
101565,6122,Janya Nagarajan,Inventory Associate,Male,41850.0,2026-07-27,RESIGNED
101566,6015,Adya Khalsa,delivery rider,F,17348.0,09-15-2022,Active
101567,6098,Shravya Kadakia,Store Manager,f,,2023-08-07,Resigned
101568,6008,Hritik Karpe,PICKER,F,20647.0,2026-05-11,On Leave
101569,6055,Isaiah Nair,Inventory Associate,M,60746.0,2023-07-10,On Leave
101570,6079,Nicholas Ratti,Delivery Rider,Male,40279.0,2024-05-15,Active
101571,6042,Ekiya Rai,Delivery Rider,Male,33664.0,2024-07-07,Resigned
101572,6008,Harrison Chatterjee,Delivery Rider,Female,52350.0,2025-10-25,active
101573,6097,Henry Borah,Packer,M,,2024-06-10,Resigned
101574,6052,Kabir Chacko,Delivery Rider,M,45929.0,2025-08-13,active
101575,6077,Urmi Sodhi,delivery rider,Male,62580.0,2025-01-28,Active
101576,6089,Pallavi Taneja,Store Manager,M,58149.0,2024-02-21,active
101577,6095,Bhavna Chandran,delivery rider,m,24383.0,2023-05-17,On Leave
101578,6033,Falguni Pradhan,Delivery Rider,Female,49038.0,2026-03-20,Resigned
101579,6102,Yug Sehgal,Delivery Rider,M,25979.0,07-10-2023,Resigned
101580,6027,Yahvi Talwar,Picker,Male,,2025-05-23,On Leave
101581,6075,Samar Kari,Store Manager,m,23819.0,2024-05-17,On Leave
101582,6136,Dhruv Bobal,Quality Checker,,49162.0,05-Jan-2024,active
101583,6060,Pranit Shere,Delivery Rider,f,42907.0,09/11/2023,On Leave
101584,6016,Aarav Rau,Picker,Female,37494.0,2025-02-25,Active
101585,6124,Rachana Guha,Quality Checker,m,15683.0,2022-12-01,active
101586,6082,Samaksh Padmanabhan,Picker,Male,60033.0,2022-09-27,Resigned
101587,6080,Ishita Hans,PICKER,Female,17995.0,2024-04-14,Active
101588,6040,Saksham Agrawal,Store Manager,F,15197.0,10-18-2024,On Leave
101589,6047,Xiti Bhardwaj,Packer,Male,55230.0,2026-05-25,active
101590,6062,Akshay Chopra,Quality Checker,m,35231.0,2022-10-11,On Leave
101591,6038,Oviya Sarma,PICKER,F,56725.0,2022-09-23,Active
101592,6047,Siya Dhaliwal,Store Manager,m,49947.0,2024-01-21,RESIGNED
101593,6102,Ucchal Munshi,Picker,M,52656.0,2024-12-24,On Leave
101594,6092,Anmol Mani,Quality Checker,F,15785.0,2024-11-30,Active
101595,6131,Andrew Bir,delivery rider,Male,22223.0,2023-12-29,Active
101596,6002,Riya Agrawal,Delivery Rider,Male,,2025-09-18,Active
101597,6143,Varsha Chand,delivery rider,m,32707.0,2024-09-22,RESIGNED
101598,6053,Amruta Arya,PICKER,f,61884.0,2025-10-18,On Leave
101599,6034,Meghana Kant,Inventory Associate,Male,45555.0,2024-03-09,Resigned
101600,6058,Aarav Venkataraman,Packer,Male,38072.0,2023-02-10,RESIGNED
101601,6145,Abhiram Butala,Delivery Rider,F,14382.0,04-16-2024,RESIGNED
101602,6087,Upkaar Ghosh,delivery rider,Female,23881.0,2023-05-03,On Leave
101603,6039,Mahika Bhasin,Store Manager,m,14708.0,2023-12-06,On Leave
101604,6008,Xiti Taneja,Inventory Associate,F,15278.0,2024-01-06,Active
101605,6036,Zinal Amble,Packer,Female,34902.0,2023-06-06,Active
101606,6012,Odika Jha,Packer,Male,49183.0,12/09/2025,Active
101607,6033,Dayamai Barman,Quality Checker,m,57965.0,2025-08-10,Active
101608,6059,Victor Reddy,Packer,f,18933.0,2026-01-09,RESIGNED
101609,6120,Faraj Chand,Delivery Rider,f,39827.0,2026-05-11,Resigned
101610,6092,Jatin Sunder,Quality Checker,f,53074.0,2023-01-07,RESIGNED
101611,6110,Azad Jha,delivery rider,F,52841.0,2022-10-29,On Leave
101612,6048,Utkarsh Salvi,Quality Checker,Male,26229.0,2022-10-11,Active
101613,6040,Hemani Dixit,Packer,M,59970.0,2024-03-17,Active
101614,6018,Tanvi Gera,Delivery Rider,F,37760.0,2025-03-13,active
101615,6079,Daniel Mittal,Store Manager,f,44822.0,04-Jun-2024,Resigned
101616,6116,Vasatika Mitra,delivery rider,M,21413.0,2023-07-03,Active
101617,6045,Aadi Date,PICKER,Female,54636.0,2026-04-08,Active
101618,6116,Karan Bahri,Inventory Associate,f,40256.0,2022-12-04,RESIGNED
101619,6059,Abeer Lad,Delivery Rider,M,59492.0,2023-04-11,Active
101620,6084,Veda Agate,Store Manager,Female,57355.0,04/02/2024,On Leave
101621,6019,Ekta Deshmukh,Picker,M,34267.0,2025-11-20,Resigned
101622,6061,Eta Naik,Quality Checker,Female,48934.0,2024-04-15,active
101623,6086,Waida Agate,Picker,f,31147.0,03-21-2023,On Leave
101624,6095,Urmi Shankar,delivery rider,Male,33672.0,2025-03-26,active
101625,6015,Laban Das,Store Manager,Male,19227.0,2025-04-04,Active
101626,6113,Jacob Ahluwalia,Delivery Rider,m,31000.0,2026-05-27,On Leave
101627,6080,Kritika Wali,delivery rider,Female,40731.0,2023-11-28,Active
101628,6109,Rohan Mishra,Quality Checker,F,33294.0,2022-11-27,On Leave
101629,6096,Onveer Sawhney,Inventory Associate,Male,16092.0,2022-12-08,RESIGNED
101630,6066,Lakshmi Mall,Inventory Associate,F,26504.0,2024-01-06,RESIGNED
101631,6135,Nidhi D’Alia,PICKER,Male,43475.0,17/05/2026,Active
101632,6134,Zehaan Raj,delivery rider,F,,04-28-2025,Active
101633,6057,Qarin Gaba,delivery rider,Female,24256.0,04-10-2024,active
101634,6036,Mason Dhar,Inventory Associate,Female,59956.0,2023-03-05,Resigned
101635,6086,Wakeeta Warrior,Quality Checker,Male,47747.0,2024-09-23,Active
101636,6140,Wyatt Goyal,Inventory Associate,,28811.0,2026-06-10,Active
101637,6078,Upasna Palla,Store Manager,f,17336.0,21-Mar-2023,RESIGNED
101638,6039,Gagan Kanda,Packer,m,21938.0,29-May-2025,RESIGNED
101639,6106,Avi Chandra,Packer,,18244.0,2022-11-20,Active
101640,6085,Henry Pingle,delivery rider,Male,23126.0,2024-12-05,Active
101641,6058,Harini Prasad,PICKER,f,21976.0,2023-08-05,active
101642,6023,Pallavi Zachariah,Picker,Female,54106.0,2026-06-01,On Leave
101643,6035,Chaitanya Mistry,PICKER,m,40610.0,2026-08-15,Resigned
101644,6107,Nitesh Rao,Packer,,27484.0,02-Sep-2025,Active
101645,6148,Raagini Singh,Packer,f,23548.0,2024-05-22,On Leave
101646,6032,Vrishti Sane,Store Manager,M,47737.0,2023-07-08,RESIGNED
101647,6026,Charvi Sarkar,Delivery Rider,M,16735.0,2024-04-13,On Leave
101648,6067,Warhi Bassi,Quality Checker,Female,30441.0,2025-10-30,Active
101649,6138,Xiti Bal,Quality Checker,,32162.0,2024-06-02,On Leave
101650,6150,Darika Misra,delivery rider,M,15459.0,2025-03-30,Active
101651,6002,Falan Bobal,Store Manager,Male,18840.0,2023-01-19,Resigned
101652,6059,Sachi Pall,Store Manager,f,43579.0,2026-02-27,Active
101653,6074,Hamsini Rama,Store Manager,Male,39910.0,17/07/2024,RESIGNED
101654,6092,Andrew Chadha,Store Manager,Female,28028.0,2025-02-08,RESIGNED
101655,6118,Mason Pandey,delivery rider,M,55956.0,2026-07-06,Active
101656,6016,Nitara Tak,Quality Checker,F,32391.0,30/09/2025,Resigned
101657,6023,Manthan Deo,Quality Checker,Female,60861.0,2025-01-18,Active
101658,6099,Umang Ratta,delivery rider,M,33908.0,2026-06-30,Active
101659,6074,Reva Venkataraman,Store Manager,M,28595.0,2023-12-15,Active
101660,6092,Gaurika Banik,Store Manager,M,53383.0,2026-06-26,Resigned
101661,6040,Ekalinga Morar,Store Manager,f,57677.0,2025-07-06,Resigned
101662,6078,Bhanumati Prashad,delivery rider,F,26572.0,2024-02-16,On Leave
101663,6003,Saksham Majumdar,Store Manager,f,,2026-04-21,RESIGNED
101664,6076,Tristan Sundaram,Store Manager,M,59301.0,2024-09-11,Active
101665,6067,Jack Kade,Packer,f,28629.0,2023-09-18,Resigned
101666,6144,Oeshi Tiwari,Quality Checker,m,59600.0,2024-07-04,active
101667,6026,Ekavir Dalal,Store Manager,M,41427.0,2025-10-06,On Leave
101668,6120,Ishanvi Tailor,Quality Checker,m,36602.0,2025-09-11,Active
101669,6023,Farhan Sridhar,delivery rider,f,54795.0,2025-11-20,RESIGNED
101670,6054,Watika Date,Picker,M,38213.0,2024-02-08,Resigned
101671,6040,Saksham Tank,Quality Checker,F,18037.0,2022-10-30,Active
101672,6012,Udarsh Srinivasan,Picker,M,43930.0,2026-01-31,Active
101673,6075,Hritik Rao,Packer,f,34293.0,2023-09-11,Active
101674,6111,Yashodhara Mane,Quality Checker,Male,15728.0,2023-09-07,active
101675,6098,Chandresh Krishna,Picker,f,49698.0,01-27-2026,Active
101676,6047,Wriddhish Devan,Store Manager,f,49436.0,12-Feb-2026,active
101677,6035,Kiaan Singhal,Packer,f,43037.0,2025-02-04,RESIGNED
101678,6071,Hemangini More,PICKER,F,38826.0,2022-09-01,Resigned
101679,6089,Eesha Sheth,Picker,Male,53739.0,2023-10-09,Active
101680,6005,Aachal Sengupta,Inventory Associate,Male,17061.0,2022-11-27,RESIGNED
101681,6024,Lakshit Koshy,Store Manager,Female,53900.0,2023-04-04,Active
101682,6125,Shravya Ganesh,Delivery Rider,M,60589.0,2024-08-27,Active
101683,6128,Ekiya Vasa,Store Manager,f,44243.0,2023-01-18,Active
101684,6092,Quincy Dua,Inventory Associate,Female,22354.0,2024-02-23,Active
101685,6083,Advik Subramanian,Packer,M,17262.0,01/10/2023,Active
101686,6090,Pallavi Dyal,Delivery Rider,Female,61186.0,2023-01-04,Active
101687,6082,Vedant Keer,Inventory Associate,f,44556.0,2023-07-11,active
101688,6136,Faqid Rama,PICKER,Female,59616.0,27-Oct-2022,Active
101689,6128,Guneet Banerjee,Store Manager,F,30237.0,2026-06-28,Active
101690,6139,Yashoda Chaudhari,Quality Checker,M,,2025-11-28,Active
101691,6085,Falak Chander,Quality Checker,F,35953.0,2024-07-11,On Leave
101692,6069,Jai Ratta,Picker,m,31356.0,2025-12-14,RESIGNED
101693,6010,Warinder Lall,Packer,Female,49704.0,2023-01-21,active
101694,6121,Gaurangi Pandit,Inventory Associate,F,14793.0,2025-01-04,On Leave
101695,6077,Yagnesh Suresh,Quality Checker,m,22208.0,2023-02-16,Active
101696,6120,Kai Agrawal,Picker,Male,31111.0,2023-02-07,On Leave
101697,6089,Advaith Brahmbhatt,PICKER,Male,20091.0,2025-01-26,Active
101698,6014,Aishani Kadakia,Inventory Associate,F,37916.0,2026-07-10,Active
101699,6039,Girindra Nayar,Quality Checker,Female,43236.0,2026-02-05,Active
101700,6029,Pratyush Hayre,delivery rider,F,51539.0,2026-03-21,On Leave
101701,6007,Ishaan Chaudhuri,delivery rider,Male,49135.0,01-31-2025,Active
101702,6048,Fariq Chhabra,PICKER,Male,55526.0,2023-07-10,RESIGNED
101703,6112,Mohini Parikh,delivery rider,M,36773.0,2023-10-14,active
101704,6143,William Boase,PICKER,Female,42094.0,2024-07-15,RESIGNED
101705,6072,Jyoti Saraf,Delivery Rider,F,50149.0,2024-11-22,Resigned
101706,6110,Pallavi Golla,Picker,Male,30569.0,2024-06-26,Active
101707,6147,Urvashi Arora,Delivery Rider,F,58250.0,2022-11-03,Active
101708,6024,Yashica Lal,Quality Checker,Male,24544.0,2025-06-25,active
101709,6008,Unni Chanda,Delivery Rider,f,33835.0,20-Nov-2023,Resigned
101710,6086,Kalpit Uppal,Quality Checker,,16003.0,2023-10-14,On Leave
101711,6073,Lekha Tata,Quality Checker,Male,32160.0,2022-09-30,Active
101712,6147,Zehaan Deshpande,PICKER,m,50220.0,2023-08-04,Active
101713,6103,Yug More,delivery rider,M,24280.0,2025-12-23,Active
101714,6066,Atharv Mital,delivery rider,Female,49551.0,2022-12-01,Active
101715,6088,Adya Misra,Inventory Associate,f,64687.0,2023-12-24,RESIGNED
101716,6043,Victor Chakraborty,Inventory Associate,f,17200.0,2023-04-10,RESIGNED
101717,6084,Jackson Kalla,delivery rider,F,40486.0,2025-05-09,Resigned
101718,6050,Chasmum Suresh,Store Manager,f,60491.0,2024-09-11,Active
101719,6139,Upasna Badami,PICKER,M,56848.0,2026-04-30,Active
101720,6022,Azad Shetty,PICKER,M,44071.0,13/09/2024,Active
101721,6027,Maya Agate,Store Manager,f,53586.0,2022-11-05,On Leave
101722,6096,Gabriel Bahl,Store Manager,M,62926.0,2023-12-02,active
101723,6080,Ishita Krish,delivery rider,M,40547.0,2024-08-31,Active
101724,7001,Mahika Balasubramanian,delivery rider,M,22516.0,2025-09-05,On Leave
101725,6038,Harsh Tella,Packer,Female,25922.0,2024-02-15,Active
101726,6099,Siya Venkatesh,Picker,Male,42358.0,2022-10-21,On Leave
101727,6058,Chaitanya Pai,delivery rider,f,43180.0,21/12/2025,Active
101728,6091,Nitesh Hans,Picker,Male,51228.0,16/02/2023,Active
101729,6094,Amruta Sheth,Picker,m,63753.0,2025-06-16,Active
101730,6096,Harita Dhawan,Packer,M,62067.0,2026-06-22,RESIGNED
101731,6019,Abhimanyu Dani,Packer,M,23660.0,2023-05-12,RESIGNED
101732,6012,Henry Narang,Inventory Associate,F,24526.0,2022-11-19,Active
101733,6058,Manthan Sheth,Quality Checker,Female,50865.0,2023-05-11,Active
101734,6147,Lucky Cheema,Quality Checker,m,40807.0,2025-06-22,Resigned
101735,6012,Jagvi Swamy,Quality Checker,f,42453.0,2022-12-07,Active
101736,6121,Oscar Zacharia,delivery rider,m,62971.0,2026-08-01,Active
101737,6041,Waida Zachariah,Packer,Female,17435.0,2025-07-21,Active
101738,6016,Tristan Sharma,Inventory Associate,M,34164.0,2023-12-08,active
101739,6048,Damyanti Zacharia,PICKER,Male,33448.0,2024-11-19,RESIGNED
101740,6027,Chaman Sule,Delivery Rider,F,32296.0,2023-07-18,Resigned
101741,6143,Ekalinga Madan,Delivery Rider,F,47221.0,2024-01-31,RESIGNED
101742,6111,Amara Mody,Inventory Associate,Male,61591.0,2024-07-18,On Leave
101743,6065,Vedika Dixit,Delivery Rider,m,54738.0,2023-01-21,On Leave
101744,6058,Chanakya Sangha,PICKER,F,23306.0,2026-02-09,RESIGNED
101745,6073,Qadim Borah,Quality Checker,Male,57059.0,2024-07-23,Resigned
101746,6018,Dayita Master,Store Manager,f,25766.0,2025-05-31,RESIGNED
101747,6046,Waida Dave,Quality Checker,Female,24440.0,2026-01-14,RESIGNED
101748,6032,Indali Raja,delivery rider,f,31555.0,2024-03-02,Resigned
101749,6084,Kala Dutt,Store Manager,Male,57887.0,2022-10-15,Active
101750,6056,Barkha Sarna,Quality Checker,F,60481.0,2024-08-02,RESIGNED
101751,6085,Amara Menon,Store Manager,f,37232.0,2025-11-06,active
101752,6096,Aachal Apte,PICKER,Female,14490.0,2025-12-19,active
101753,6066,Faraj Lata,Store Manager,F,15394.0,04-10-2024,RESIGNED
101754,6051,Ekaraj Bera,Quality Checker,f,38463.0,2024-08-03,RESIGNED
101755,6147,David Tank,Quality Checker,F,23000.0,2024-01-23,Active
101756,6030,Darsh Om,PICKER,F,32135.0,2025-04-25,RESIGNED
101757,7006,Aradhana Varkey,PICKER,Female,25031.0,09-21-2022,Active
101758,6048,Jagrati Mannan,Store Manager,M,15394.0,11/06/2023,On Leave
101759,6096,Ubika Kibe,Inventory Associate,Female,59821.0,2022-12-05,On Leave
101760,6017,Charles Konda,Delivery Rider,Male,53514.0,2024-02-01,Active
101761,6035,Lopa Sandal,Packer,,38250.0,2022-11-27,Active
101762,6007,Janya Narain,Store Manager,M,58363.0,2023-11-15,Resigned
101763,6048,Waida Borra,Store Manager,,40343.0,2023-06-23,Active
101764,6059,Xiti Solanki,delivery rider,m,,2023-05-21,RESIGNED
101765,6050,Robert Johal,Store Manager,f,36949.0,2026-08-14,active
101766,6112,Kalpit Pingle,Quality Checker,f,42888.0,2022-11-16,Active
101767,6045,Irya Guha,Inventory Associate,Female,17890.0,2025-12-07,Resigned
101768,6108,Hamsini Biswas,Picker,m,62956.0,26-Oct-2024,active
101769,6145,Bina Srivastava,Quality Checker,Male,59151.0,2023-12-07,Active
101770,6109,Charles Bhatia,Packer,M,39593.0,2026-08-10,RESIGNED
101771,6100,Parth Parmer,Delivery Rider,Male,53319.0,2024-06-25,active
101772,6084,Ekapad Walia,Picker,f,28551.0,2026-08-07,Active
101773,6046,Triveni Malhotra,Picker,m,45091.0,2023-06-22,active
101774,6012,Lohit Jha,Delivery Rider,Female,15878.0,2025-03-31,active
101775,6089,Nidra Sankaran,Delivery Rider,Male,17477.0,2023-03-20,On Leave
101776,6117,Laksh Bath,Picker,Male,52430.0,2022-10-20,Active
101777,6070,Abha Thakkar,Inventory Associate,Male,33634.0,2026-07-16,Resigned
101778,6128,Radhika Sahota,Store Manager,Male,25664.0,25-Apr-2024,On Leave
101779,6088,Darsh Varghese,PICKER,F,26033.0,09/12/2023,On Leave
101780,6129,Indali Hari,Store Manager,Female,31099.0,2023-05-24,active
101781,6068,Idika Patla,Delivery Rider,Male,60018.0,2025-07-07,Active
101782,6132,Rachita Kala,delivery rider,M,42638.0,2023-05-11,Active
101783,6140,Avni Swamy,Packer,M,43147.0,2023-11-25,active
101784,6035,Bishakha Kapur,delivery rider,Female,,2024-04-11,active
101785,6053,Pushti Sama,Delivery Rider,M,37679.0,2024-06-16,Active
101786,6018,Vasatika Din,Store Manager,Male,25989.0,22/12/2022,RESIGNED
101787,6114,Harita Kaur,delivery rider,F,63659.0,2024-01-11,Active
101788,6092,Yatan Goswami,Packer,F,54829.0,2026-04-06,RESIGNED
101789,6048,Fiyaz Bora,Store Manager,Female,24503.0,2024-06-25,Active
101790,6131,Ridhi Chand,PICKER,F,35631.0,2025-05-02,RESIGNED
101791,6108,Kashvi Dada,PICKER,F,35993.0,2026-01-09,Active
101792,6001,Mugdha Bhatnagar,Quality Checker,m,62702.0,2025-03-09,RESIGNED
101793,6065,Deepa Prabhu,Quality Checker,f,20004.0,01-Feb-2026,Active
101794,6017,Ansh Kadakia,Packer,Female,42077.0,2026-08-08,Active
101795,6073,Yashodhara Khanna,Inventory Associate,F,59536.0,2026-01-30,active
101796,6048,Ojas Sant,Packer,F,40162.0,2026-06-16,Active
101797,6002,Rehaan Prasad,delivery rider,Female,48246.0,2022-09-23,active
101798,6122,Dipta Sarin,delivery rider,m,30347.0,2026-02-15,Resigned
101799,6060,Wakeeta Maharaj,Picker,Female,48578.0,2023-03-08,Resigned
101800,6144,Priya Menon,Quality Checker,Male,47332.0,2023-06-10,Resigned
101801,6150,Benjamin Borde,Quality Checker,m,52142.0,2025-12-09,RESIGNED
101802,6147,Eshana Bhandari,Picker,Female,39183.0,2023-06-20,Active
101803,6149,Samar Puri,delivery rider,Male,50538.0,2022-12-13,RESIGNED
101804,6001,Rishi Bava,Picker,m,26697.0,2023-05-16,Active
101805,6041,Azad Vaidya,Inventory Associate,Male,37666.0,2023-07-24,Active
101806,6067,Jagrati Chowdhury,Delivery Rider,f,37225.0,2022-12-17,Resigned
101807,6070,Mahika Barad,Store Manager,Female,38103.0,2024-09-08,active
101808,6092,Libni Palan,Quality Checker,Male,56888.0,2024-04-24,active
101809,6137,Kritika Bhagat,Quality Checker,Male,56147.0,2022-10-23,RESIGNED
101810,6045,Bahadurjit Desai,Packer,F,38144.0,03/11/2024,RESIGNED
101811,6140,Yashasvi Badal,Inventory Associate,Female,39789.0,2025-07-28,On Leave
101812,6098,Tristan Chowdhury,Store Manager,Male,,2024-03-09,Active
101813,6126,Patrick Arya,PICKER,m,38865.0,2026-08-06,On Leave
101814,6031,Brijesh Kala,Inventory Associate,m,59197.0,2024-04-08,Active
101815,6077,Fitan Kalita,Inventory Associate,F,58060.0,2025-12-21,Active
101816,6090,Ubika Kanda,Picker,f,59761.0,2023-02-13,Active
101817,6020,Oscar Ramakrishnan,delivery rider,M,35663.0,2022-10-20,Active
101818,6139,Prisha Merchant,Quality Checker,f,22350.0,2025-05-22,Active
101819,6145,Mekhala Pillay,Delivery Rider,F,57131.0,2024-07-03,On Leave
101820,6057,Advika Tak,Store Manager,Male,27895.0,2026-03-17,Resigned
101821,6133,Madhav Nigam,delivery rider,Female,27233.0,2026-04-06,Resigned
101822,6107,Vedika Sha,Quality Checker,Female,40158.0,2024-10-02,active
101823,6031,Rachana Zacharia,Inventory Associate,M,45661.0,2026-05-10,On Leave
101824,6029,Azad Arya,Quality Checker,m,30175.0,2025-02-11,RESIGNED
101825,6129,Joshua Chakrabarti,Delivery Rider,m,15150.0,2023-08-05,Resigned
101826,6012,George Desai,Packer,Male,64954.0,2022-10-11,Active
101827,6124,Atharv Parsa,Store Manager,m,43341.0,16/02/2024,Active
101828,6062,Omaja Shere,delivery rider,f,,2026-06-04,Active
101829,6040,Isaac Savant,delivery rider,F,17701.0,2023-05-18,RESIGNED
101830,6044,Veda Pandit,Inventory Associate,Male,36346.0,06-May-2026,active
101831,6071,Qadim Patil,Packer,Male,56701.0,2024-02-14,Active
101832,6080,Varsha Dhillon,Inventory Associate,F,23698.0,2025-08-17,Resigned
101833,6087,Samuel Nayak,Inventory Associate,F,55099.0,2026-01-23,Active
101834,6140,Saumya Sachdeva,Picker,m,20063.0,2025-01-27,RESIGNED
101835,6125,Manya Arya,delivery rider,F,50625.0,2023-11-03,active
101836,6090,Vasudha Saran,PICKER,M,43394.0,2024-04-23,active
101837,6033,Wakeeta Arora,Delivery Rider,Female,36400.0,15-Jun-2025,Active
101838,6031,Bhavna Mani,Store Manager,M,37393.0,2023-06-27,Active
101839,6135,Devansh Chanda,delivery rider,M,43264.0,2026-06-19,Resigned
101840,6079,Gautam Varughese,Store Manager,Male,56171.0,2023-06-15,On Leave
101841,6026,Yasti Naik,Inventory Associate,f,,2023-03-16,Active
101842,6034,Raghav Saxena,Quality Checker,F,28292.0,2023-04-30,On Leave
101843,6098,Isaiah Venkatesh,delivery rider,Male,44815.0,11-12-2024,Active
101844,6083,Sanaya More,Store Manager,Female,25627.0,2022-09-02,Resigned
101845,6051,Qadim Sabharwal,Packer,m,18976.0,2024-10-30,Resigned
101846,6027,Dev Wagle,Packer,Female,61100.0,2023-05-17,Active
101847,6012,Unni Vaidya,Inventory Associate,m,16143.0,2024-04-19,active
101848,6131,Arunima Biswas,Store Manager,Female,48884.0,2024-11-13,Active
101849,6042,Aishani Som,Store Manager,m,39564.0,2025-02-07,Active
101850,6073,Om Sridhar,Delivery Rider,m,39230.0,2022-12-06,Active
101851,6114,Advay Munshi,Quality Checker,M,54858.0,2025-12-25,Active
101852,6119,Baljiwan Dayal,delivery rider,M,57749.0,19/07/2025,RESIGNED
101853,6079,Daksh Edwin,delivery rider,Female,43944.0,2023-06-08,On Leave
101854,6133,Abhimanyu Dasgupta,Packer,M,24765.0,2023-05-28,Active
101855,6090,Frado Tiwari,delivery rider,m,62336.0,2023-06-25,Active
101856,6004,Sachi Choudhury,Packer,Female,17182.0,2024-07-07,Active
101857,6071,Onveer Talwar,delivery rider,Male,27304.0,2024-08-08,Active
101858,6049,Naksh Garde,Picker,F,64205.0,2026-04-20,Active
101859,6142,Thomas Hayre,PICKER,Female,16938.0,2023-07-01,Active
101860,6145,Ekta Bir,delivery rider,m,64459.0,19-Dec-2023,active
101861,6067,Gagan Parsa,Delivery Rider,Female,44895.0,2025-09-13,On Leave
101862,6079,William Ravi,Quality Checker,f,,2026-01-07,active
101863,6135,Logan Kar,delivery rider,Male,41124.0,31/12/2024,Resigned
101864,6108,Manthan Loke,Store Manager,Male,21828.0,01-Nov-2023,Active
101865,6018,Abeer Sood,Packer,F,63355.0,2025-06-28,Resigned
101866,6050,Yashvi Dugal,Packer,m,49202.0,2024-09-08,Active
101867,6047,Vinaya Jhaveri,PICKER,M,40030.0,02-Sep-2023,Resigned
101868,6071,Januja Aggarwal,Picker,f,15671.0,2023-04-11,Resigned
101869,6033,Amara Anand,Delivery Rider,f,35221.0,2025-07-28,Active
101870,6029,Zilmil Tandon,PICKER,M,30088.0,2026-07-07,Resigned
101871,6018,Yashoda Sehgal,Store Manager,Female,34551.0,07-05-2024,On Leave
101872,6117,Kalpit Modi,Store Manager,M,36237.0,2022-12-03,active
101873,6128,Mohini Bail,Packer,Female,59138.0,2023-09-08,Active
101874,6003,Yuvraj Balay,Packer,F,64140.0,2022-11-29,Active
101875,6045,Udyati Ramesh,Quality Checker,Male,39389.0,2025-11-02,Active
101876,6145,Oliver Vora,Packer,Female,63724.0,2026-03-28,Active
101877,6113,Wishi Vasa,Inventory Associate,M,54988.0,24/04/2025,On Leave
101878,6033,Advika Tandon,Store Manager,Female,39973.0,2024-08-29,On Leave
101879,6129,Anya Brahmbhatt,Picker,M,18444.0,2026-01-03,Active
101880,6141,Zarna Amble,PICKER,m,47746.0,2024-09-02,active
101881,6061,Rajeshri Jha,Packer,m,47668.0,2026-04-19,Active
101882,6018,Faras Mangal,Delivery Rider,m,55710.0,12/01/2024,Active
101883,6061,Bachittar Misra,Delivery Rider,m,32495.0,2023-08-26,active
101884,6020,Joshua Kurian,Inventory Associate,,63972.0,2025-10-29,Active
101885,6026,Kamya Wagle,delivery rider,m,59251.0,2024-09-09,On Leave
101886,6096,Advaith Choudhry,Quality Checker,f,39545.0,2024-06-06,Active
101887,6072,Odika Cherian,Delivery Rider,f,62837.0,2022-12-24,Resigned
101888,6083,Rehaan Nadkarni,Quality Checker,M,30002.0,2022-12-11,RESIGNED
101889,6007,Benjamin Chada,Store Manager,m,16321.0,2025-12-20,Resigned
101890,6143,Vedant Datta,Quality Checker,M,43359.0,2024-12-14,Active
101891,6106,Peter Desai,Quality Checker,m,31319.0,2026-02-01,Active
101892,6004,Fariq Atwal,delivery rider,Female,40827.0,2022-12-31,active
101893,6079,Shivani Desai,Quality Checker,m,30631.0,2024-11-09,Active
101894,6076,Hemangini Mutti,Inventory Associate,Female,,2023-09-11,Resigned
101895,6066,Lila Vaidya,Store Manager,F,56896.0,08-21-2025,Active
101896,6009,Brinda Mukherjee,Store Manager,f,23924.0,2026-07-14,On Leave
101897,6055,Jagdish Gopal,Picker,m,44433.0,2025-04-04,Active
101898,6107,Bhavya Pillay,Store Manager,Female,20731.0,2025-05-18,On Leave
101899,6005,Dev Cherian,Store Manager,Male,23888.0,2025-10-10,Resigned
101900,6007,Mekhala Nanda,PICKER,m,51389.0,2024-07-17,On Leave
101901,6106,Baghyawati Mandal,delivery rider,Male,33177.0,2024-06-15,Resigned
101902,6138,Isaiah Zacharia,PICKER,M,62029.0,2023-09-24,Active
101903,6043,Jeremiah Parsa,PICKER,m,32811.0,2026-01-10,active
101904,6120,Bhavna Mitter,Store Manager,Female,30476.0,2022-09-12,Active
101905,6119,Teerth Thakkar,PICKER,,14842.0,2024-08-18,Active
101906,6079,Urvashi Dubey,Inventory Associate,M,32680.0,2026-07-31,Active
101907,6112,Gavin Devan,Store Manager,M,57494.0,2025-12-03,Active
101908,6093,Brijesh Tailor,Packer,F,32075.0,2023-02-13,active
101909,6052,Imaran Rattan,Delivery Rider,m,36216.0,2026-01-02,On Leave
101910,7008,Jai Patla,Store Manager,f,44384.0,2022-12-15,Active
101911,6003,Girindra Samra,PICKER,Male,38929.0,2023-07-08,Resigned
101912,6084,Chakrika Sundaram,PICKER,Male,42601.0,2025-03-20,RESIGNED
101913,6025,Simon Raju,Packer,,47888.0,2023-07-23,Active
101914,6107,Darsh Nayar,Packer,Male,17753.0,2026-02-11,Active
101915,6039,Waida Walia,Delivery Rider,,55294.0,2026-03-05,Resigned
101916,6019,Zaitra Kala,delivery rider,F,39903.0,2023-09-10,Resigned
101917,6122,Mason Kadakia,delivery rider,F,,2024-06-17,On Leave
101918,6061,Triveni Upadhyay,PICKER,m,64265.0,09-28-2024,Active
101919,6024,Abhimanyu Varty,delivery rider,m,38280.0,2026-06-16,Active
101920,6069,Priya Dar,delivery rider,Male,16631.0,2022-08-31,Resigned
101921,6111,Dipta Mangat,Delivery Rider,M,57643.0,2025-08-10,On Leave
101922,6050,Chaitaly Sheth,Inventory Associate,F,63825.0,2024-01-18,Active
101923,6035,Kamya Wason,Picker,Female,,2026-08-15,active
101924,6082,Nathaniel Master,Packer,m,16054.0,2025-06-06,active
101925,6054,Imaran Nagarajan,delivery rider,f,21649.0,2026-06-19,Active
101926,6065,Ojasvi Sarna,Picker,f,17083.0,2025-05-29,RESIGNED
101927,6066,Oeshi Raman,Delivery Rider,M,26851.0,2024-01-12,Active
101928,6027,Patrick Pingle,Quality Checker,Female,18650.0,2026-04-19,Resigned
101929,6084,Sai Nadig,delivery rider,M,50384.0,11/03/2023,On Leave
101930,6072,Vamakshi Tailor,Delivery Rider,f,19455.0,2023-12-29,Resigned
101931,6004,Umang Koshy,Store Manager,f,24424.0,2023-02-27,Active
101932,6125,Falak Malhotra,Delivery Rider,,29448.0,2023-11-26,active
101933,6119,Chaaya Lalla,Quality Checker,m,39504.0,2022-09-22,Resigned
101934,6003,Madhav Agarwal,Quality Checker,F,58953.0,2023-08-19,active
101935,6060,Victor Behl,Inventory Associate,Male,38359.0,01-Jul-2026,Active
101936,6032,Maanav Brahmbhatt,Quality Checker,m,49817.0,15/12/2022,Active
101937,6062,Nakul Gole,Quality Checker,M,29594.0,2025-09-17,active
101938,6090,Balveer Bumb,PICKER,m,49117.0,2023-08-18,Resigned
101939,6036,Baljiwan Chahal,delivery rider,f,58843.0,2023-06-25,RESIGNED
101940,6093,Nathaniel Dey,Picker,m,17538.0,10-Oct-2023,Resigned
101941,6016,Guneet Agarwal,PICKER,F,25349.0,2022-12-23,active
101942,6085,Brijesh Barad,PICKER,M,46315.0,2024-10-21,Resigned
101943,6120,Yashica Issac,Delivery Rider,m,38393.0,2023-01-10,Active
101944,6120,Ishwar Dubey,PICKER,f,46615.0,2024-02-20,On Leave
101945,6073,Unnati Kurian,Inventory Associate,Male,64013.0,2023-02-18,Active
101946,6017,Rudra Kulkarni,Delivery Rider,Male,28293.0,2023-04-07,active
101947,6036,Sneha Andra,Store Manager,M,63082.0,2022-10-20,Resigned
101948,6130,Zilmil Dayal,delivery rider,m,25651.0,2023-04-15,RESIGNED
101949,6005,Vrishti Bali,Inventory Associate,F,20035.0,27-Mar-2025,Active
101950,6135,Odika Johal,delivery rider,Female,33909.0,2023-05-20,RESIGNED
101951,6055,Ayushman Kant,Delivery Rider,M,,2023-12-21,On Leave
101952,6003,Tanmayi Kapur,Inventory Associate,Female,58497.0,2026-01-23,On Leave
101953,6034,Frederick Varty,Inventory Associate,Male,23644.0,2026-01-05,Active
101954,6120,Lila Sethi,PICKER,,33042.0,2023-07-01,On Leave
101955,6150,George Pal,PICKER,f,59712.0,2023-04-21,active
101956,6033,Qadim Ravel,PICKER,m,64485.0,02/01/2026,Active
101957,6134,Madhav Desai,Delivery Rider,Male,18634.0,2026-01-05,Active
101958,6124,Kevin Gupta,Store Manager,f,32049.0,2025-11-16,RESIGNED
101959,6020,Aachal Sur,delivery rider,f,47163.0,2026-05-11,Resigned
101960,6137,Nandini Chakraborty,PICKER,f,54257.0,2026-08-18,RESIGNED
101961,6106,Agastya Nadig,Inventory Associate,M,64076.0,2023-10-28,On Leave
101962,6036,Baghyawati Sahota,Delivery Rider,,52533.0,2024-10-07,Active
101963,6035,Faraj Upadhyay,Inventory Associate,m,26794.0,2025-07-10,RESIGNED
101964,6046,Hema Vyas,Delivery Rider,Male,41210.0,2024-12-30,active
101965,6006,Peter Kanda,delivery rider,m,56758.0,2023-06-20,On Leave
101966,6114,Indali Golla,Quality Checker,,64065.0,2026-02-14,RESIGNED
101967,6143,Aadi Brar,Picker,F,58368.0,2026-06-11,RESIGNED
101968,6121,Jack Deo,Inventory Associate,M,57602.0,2024-04-21,RESIGNED
101969,6077,Ishwar Mistry,Picker,F,31998.0,2026-05-13,Resigned
101970,6050,Wriddhish Balasubramanian,delivery rider,Female,19517.0,2024-12-04,On Leave
101971,6039,Rishi Ravel,Picker,M,34695.0,2024-09-16,On Leave
101972,6117,Kashish Bava,Inventory Associate,m,49927.0,2022-10-17,Resigned
101973,6083,Falan Bala,Inventory Associate,Male,47631.0,2025-01-15,Active
101974,6100,Wridesh Zacharia,Store Manager,Male,64669.0,2025-09-28,active
101975,6097,Aryan Sidhu,delivery rider,M,58337.0,2024-09-10,active
101976,6028,Chandani Vyas,Inventory Associate,F,56797.0,2023-08-28,Resigned
101977,6064,Meera Chana,Quality Checker,M,37696.0,2024-11-03,Active
101978,6017,Hitesh Rastogi,PICKER,F,33836.0,2025-12-07,Active
101979,6100,Mekhala Apte,Store Manager,Male,36208.0,2025-11-26,RESIGNED
101980,6077,Yagnesh Kashyap,Quality Checker,Male,24710.0,2024-02-26,Active
101981,6111,Parth More,PICKER,f,24141.0,2022-09-11,Active
101982,6021,Ansh Chand,Quality Checker,f,45946.0,2024-01-15,Resigned
101983,6103,Ekalinga Sem,Store Manager,M,16257.0,2023-01-11,RESIGNED
101984,6081,Bakhshi Gulati,Quality Checker,m,,2025-12-30,Resigned
101985,6030,Ekaja Dixit,Picker,Male,58591.0,10-02-2025,Active
101986,6115,Meghana Viswanathan,Quality Checker,F,64326.0,2022-09-02,active
101987,6134,Ikshita Kalita,Picker,Male,31997.0,05-19-2025,active
101988,6126,Ria Sahota,delivery rider,f,25257.0,2023-08-23,On Leave
101989,6033,Vivaan Borde,Picker,F,56295.0,2026-06-06,active
101990,6088,Vanya Pathak,Picker,f,29357.0,2024-11-28,active
101991,6061,Saumya Tailor,Delivery Rider,M,62736.0,2024-10-30,active
101992,6126,Samesh Basak,Delivery Rider,f,52644.0,2023-08-10,RESIGNED
101993,6042,Adweta Salvi,Delivery Rider,F,36066.0,2024-03-27,Active
101994,6140,Ishanvi Saini,Picker,Male,20716.0,2025-07-28,On Leave
101995,6073,Jagrati Hora,Store Manager,m,34252.0,2026-06-17,RESIGNED
101996,6131,Gaurika Sachdev,Quality Checker,Female,16846.0,2026-06-08,Active
101997,6051,Simon Deep,Store Manager,m,21934.0,2025-02-14,Resigned
101998,6114,Gautam Gole,PICKER,Female,16818.0,2024-12-25,Active
101999,6031,Krishna Saran,Store Manager,Male,45863.0,2026-05-04,active
102000,6135,Vedant Kalla,PICKER,Male,25993.0,2024-01-29,Active
102001,6074,Agastya Cheema,PICKER,m,37593.0,2023-07-27,active
102002,6137,Gaurangi Apte,delivery rider,f,14620.0,2024-07-30,RESIGNED
102003,6111,Vrishti Nayak,PICKER,m,,2025-06-04,On Leave
102004,6139,Pratyush Karnik,Picker,m,54011.0,2023-05-27,RESIGNED
102005,6045,Janaki Tata,Quality Checker,Male,58905.0,2025-10-22,Active
102006,6059,Omya Kar,Store Manager,Male,29623.0,2026-07-15,Active
102007,6070,Jack Setty,PICKER,M,14147.0,2025-11-30,active
102008,6100,Warhi Bora,delivery rider,M,28870.0,2025-03-05,On Leave
102009,6014,Zilmil Ganesh,Quality Checker,Male,14789.0,2023-01-19,Active
102010,6068,Rajata Hans,Store Manager,Female,58200.0,2025-02-02,Resigned
102011,6007,Patrick Devi,PICKER,,41428.0,2023-09-22,active
102012,6133,Gayathri Narasimhan,Inventory Associate,M,,2025-10-17,Active
102013,6024,Gaurang Mukherjee,Delivery Rider,F,35713.0,2022-09-15,Active
102014,6008,Harsh Hayre,PICKER,M,59571.0,2025-05-06,Active
102015,6028,Chandresh Subramanian,Picker,M,35559.0,2025-04-29,active
102016,6133,Jairaj Sawhney,PICKER,Female,39854.0,2024-04-25,Active
102017,6114,Girindra Mangal,Delivery Rider,,49593.0,2023-08-09,Active
102018,6052,Aryan Doshi,Packer,Female,63117.0,2023-03-02,Active
102019,6150,Aachal Halder,Delivery Rider,M,26092.0,17/07/2026,Active
102020,6063,Zarna Hora,Quality Checker,f,39051.0,2023-11-04,Active
102021,6061,Aayush Bedi,Packer,m,25180.0,2024-09-30,Active
102022,6018,Liam Goel,Quality Checker,m,34887.0,2026-03-02,Active
102023,6075,Zayyan Hayer,Store Manager,f,16210.0,2024-05-10,Resigned
102024,6058,Hamsini Pai,Store Manager,m,44130.0,2024-12-12,Resigned
102025,6054,Devansh Yogi,Delivery Rider,F,18912.0,2023-01-17,active
102026,6066,Yauvani Khanna,delivery rider,Male,36940.0,2026-04-28,RESIGNED
102027,6149,Tristan Doshi,Store Manager,Male,28212.0,2025-08-12,Active
102028,6080,Siya Singh,Store Manager,Female,51437.0,2022-12-12,active
102029,6128,Alka Seshadri,Picker,,25095.0,2023-02-17,Resigned
102030,6081,Rajeshri Kumar,delivery rider,,51765.0,2023-09-06,Active
102031,6091,Victor Parmar,Packer,Female,23006.0,2024-06-08,Active
102032,6118,Lila Misra,Inventory Associate,f,27839.0,2023-12-22,Active
102033,6072,Saksham Anand,Delivery Rider,Female,22083.0,2025-09-13,Active
102034,6105,Mohammed Narayan,Delivery Rider,Male,32733.0,2023-04-30,Active
102035,6077,Ekani Dey,Store Manager,Female,28578.0,2024-06-21,On Leave
102036,6006,Radha Mahal,delivery rider,M,40563.0,2024-08-03,RESIGNED
102037,6060,Zinal Menon,Quality Checker,Male,47537.0,27-Mar-2025,active
102038,6144,Mekhala Sem,Store Manager,F,43548.0,2023-01-14,RESIGNED
102039,6110,Andrew Krish,Packer,m,38148.0,2022-09-13,Active
102040,6095,Vedant Vora,Delivery Rider,M,19380.0,2024-11-06,Resigned
102041,6068,Balhaar Sunder,Packer,f,15052.0,11-Jul-2024,RESIGNED
102042,6088,Mugdha Trivedi,PICKER,Male,26596.0,25/06/2026,Active
102043,6105,Luke Sant,Inventory Associate,F,,2023-12-20,Active
102044,6052,Ekaja Loyal,Store Manager,Female,32806.0,2023-02-05,active
102045,6077,Christopher Viswanathan,Packer,Female,61759.0,2026-04-25,active
102046,6111,Ekani Zacharia,Quality Checker,F,29981.0,2023-07-09,Active
102047,6006,Hema Nadkarni,Picker,f,43277.0,2025-07-16,Resigned
102048,6055,Kala Gade,delivery rider,F,18131.0,2024-02-27,active
102049,6020,Lakshmi Madan,Store Manager,m,,25-Sep-2024,active
102050,6103,Manya Sinha,Picker,Female,31306.0,2025-08-22,Resigned
102051,6004,Yahvi Chandra,delivery rider,m,44042.0,2023-04-01,On Leave
102052,6046,Avi Loke,Quality Checker,Female,44606.0,2025-07-21,Active
102053,6020,Bishakha Jha,Inventory Associate,m,59652.0,2024-03-04,Active
102054,6069,Edhitha Balakrishnan,delivery rider,F,61779.0,2024-12-23,Active
102055,6095,Manbir Ghosh,PICKER,Female,43458.0,2022-11-28,Active
102056,6118,Anika Naidu,PICKER,m,45706.0,07-17-2023,RESIGNED
102057,6079,Aradhana Chacko,Inventory Associate,Male,26725.0,2025-05-20,Active
102058,6095,Dayita Rajan,Picker,m,61593.0,2024-04-19,Resigned
102059,6027,Victor Swamy,delivery rider,F,58152.0,2024-01-14,RESIGNED
102060,6028,Warhi Gala,Picker,Male,15115.0,2025-03-25,Resigned
102061,6065,Widisha Pradhan,PICKER,F,21372.0,31/05/2024,Active
102062,6020,Tanay Narula,Packer,m,28214.0,2023-01-27,RESIGNED
102063,6093,Mahika Mandal,Packer,F,28710.0,2022-11-06,active
102064,6057,Chakradev Pradhan,delivery rider,Male,30584.0,2024-07-12,On Leave
102065,6022,Megha Dayal,delivery rider,Female,22336.0,2024-12-26,Active
102066,6098,Onveer Thakur,Delivery Rider,f,36159.0,2024-02-04,active
102067,6015,Ekbal Bal,Packer,F,24222.0,2024-05-29,Active
102068,6031,Dayita Sule,Packer,f,59677.0,2022-09-15,Active
102069,6070,Vincent Patla,PICKER,m,31065.0,2023-03-02,Resigned
102070,6101,Osha Deo,Store Manager,Female,64535.0,2024-06-25,On Leave
102071,6068,Ansh Manda,Inventory Associate,Female,35841.0,2024-07-08,RESIGNED
102072,6145,Max Barman,delivery rider,m,14687.0,2023-03-11,On Leave
102073,6043,Chakrika Bajaj,Picker,,49643.0,2025-09-05,Active
102074,6097,Ekanta Nadig,Packer,f,18810.0,2023-01-23,Active
102075,6060,Chakrika Pau,Packer,Male,44176.0,2022-08-23,Active
102076,6077,Maya Patla,Delivery Rider,,33092.0,2024-12-24,RESIGNED
102077,6006,Prisha Savant,delivery rider,M,49193.0,2025-10-18,active
102078,6136,Upasna Kant,Picker,F,24912.0,2024-07-06,Active
102079,6064,Adya Sami,Picker,m,34393.0,2026-01-19,On Leave
102080,6128,Kashvi Dhaliwal,Inventory Associate,Male,16177.0,2025-07-05,Active
102081,6090,Pranit Amble,PICKER,Male,37705.0,2026-04-22,active
102082,6077,Isha Acharya,Packer,F,64254.0,2024-01-01,Active
102083,6147,Damyanti Shankar,Store Manager,F,49662.0,2023-04-03,Active
102084,6028,Jagvi Anand,Packer,F,28373.0,2026-05-11,Active
102085,6010,Vinaya Chand,Picker,Male,59109.0,2025-04-28,Active
102086,6148,Naveen Samra,delivery rider,f,59017.0,03-Apr-2023,Active
102087,6010,Vedhika Srinivas,Inventory Associate,F,49923.0,2024-08-10,On Leave
102088,6019,Keya Purohit,Picker,Male,37192.0,2023-12-21,active
102089,6079,Lakshmi Panchal,Picker,m,55671.0,2022-08-27,Active
102090,6114,Bhanumati Vasa,Quality Checker,f,25694.0,2026-01-25,Active
102091,6126,Janaki Ravel,Delivery Rider,F,27796.0,2022-11-20,On Leave
102092,6010,Oviya Dalal,Store Manager,,48722.0,2025-07-04,Active
102093,6039,Teerth Tata,Store Manager,F,,2023-05-30,Active
102094,6119,Vrishti Shankar,Quality Checker,Male,41500.0,2024-06-24,Active
102095,6138,Wazir Goel,Quality Checker,Male,23463.0,05-06-2024,Active
102096,6041,Lakshmi Narain,Store Manager,m,39680.0,2023-08-02,active
102097,6013,Kala Tak,Quality Checker,f,34205.0,2023-11-01,Active
102098,6106,Ati Karpe,delivery rider,,28868.0,2024-12-21,active
102099,6050,Faqid Kapoor,Quality Checker,M,37572.0,2022-08-25,RESIGNED
102100,6106,Vinaya Ramakrishnan,PICKER,m,39588.0,2025-12-14,Active
102101,6045,Janani Saini,PICKER,Male,46776.0,2024-03-11,Active
102102,6143,Mitesh Sabharwal,Delivery Rider,M,62435.0,14-Oct-2023,RESIGNED
102103,6049,Qadim Buch,Quality Checker,F,17268.0,2023-06-13,Resigned
102104,6094,Krishna Raja,delivery rider,f,41689.0,2025-10-17,Active
102105,6088,Zashil Dash,Quality Checker,f,54453.0,2026-03-30,Active
102106,6124,Qasim Aggarwal,Quality Checker,Male,42222.0,2026-01-14,active
102107,6099,Qasim Bava,Delivery Rider,Male,47775.0,2025-08-29,active
102108,6095,Adweta Patel,Packer,m,20831.0,2024-10-18,Active
102109,6028,Keya Hegde,PICKER,M,38257.0,2026-05-27,active
102110,6138,Oeshi Sampath,delivery rider,,41907.0,2022-10-04,On Leave
102111,6148,Nikita Pandey,PICKER,Female,44761.0,2022-08-31,Active
102112,6138,Parth Andra,PICKER,F,54545.0,2026-04-05,Active
102113,6001,Nitara Deep,PICKER,f,54428.0,2025-12-06,Resigned
102114,6041,Deepa Hayer,delivery rider,F,25374.0,2024-07-20,Resigned
102115,6150,Hredhaan Mitter,Delivery Rider,,52088.0,2023-08-21,Active
102116,6138,Sneha Mani,Quality Checker,Female,31036.0,2023-09-14,Resigned
102117,6135,Edhitha Pandya,PICKER,f,56854.0,2022-11-20,RESIGNED
102118,6051,Bishakha Bassi,Store Manager,F,17262.0,10-12-2025,active
102119,6027,Henry Desai,Inventory Associate,Female,60558.0,2024-04-29,Active
102120,6011,Gautami Bhatti,PICKER,Female,31397.0,2026-01-05,Active
102121,6012,Guneet Dyal,Picker,Female,62058.0,23-Sep-2023,On Leave
102122,6006,Gagan Pandey,Inventory Associate,M,14177.0,2024-03-29,Active
102123,6057,Sudiksha Mutti,Inventory Associate,Male,31721.0,21/02/2026,Active
102124,6033,Mitali Mitra,Delivery Rider,m,50479.0,2024-09-03,Resigned
102125,6058,Hemangini Nayar,Picker,F,43861.0,13-Mar-2026,Resigned
102126,6017,Shivansh Butala,Picker,Male,22827.0,12-May-2024,Active
102127,6139,Vansha Kannan,Packer,Female,42828.0,2024-01-19,Active
102128,6139,Jack Sur,Inventory Associate,f,39897.0,2023-10-07,Active
102129,6142,Timothy Subramanian,Inventory Associate,m,22797.0,2025-03-15,Active
102130,6106,Falguni Mammen,Store Manager,F,23006.0,2023-07-21,RESIGNED
102131,6070,Saksham Sharma,delivery rider,f,49878.0,2024-03-16,On Leave
102132,6105,Gavin Ramesh,Packer,Male,20053.0,02-17-2025,RESIGNED
102133,6009,Vinaya Ben,Quality Checker,,16862.0,2024-09-27,Active
102134,6093,Wishi Lall,Picker,m,,2023-05-21,Resigned
102135,6149,Chandran Krish,Picker,,54871.0,2024-08-12,Active
102136,6136,Faras Bora,Packer,F,34620.0,2024-08-08,Active
102137,6079,Upma Shan,Packer,Male,17017.0,2023-02-06,Active
102138,6098,Ekanta Jha,Quality Checker,Female,14133.0,2024-04-11,active
102139,6079,Shravya Chaudry,Store Manager,f,30509.0,2024-10-10,active
102140,6037,Sara Thaman,Packer,Female,49030.0,2025-11-26,active
102141,6105,Victor Gulati,Store Manager,M,42748.0,2022-11-03,Active
102142,6111,Gautam Dash,Delivery Rider,Female,21380.0,2024-06-03,RESIGNED
102143,6085,Tanish Bhalla,PICKER,Male,40536.0,2024-11-08,Resigned
102144,6125,Lavanya Kanda,delivery rider,,52512.0,2022-12-08,Active
102145,6089,Laban Ghosh,PICKER,F,53492.0,2025-08-27,active
102146,6050,Tamanna Oak,Packer,m,49086.0,2026-07-15,On Leave
102147,6070,Zehaan Pau,PICKER,m,49038.0,2024-06-27,active
102148,6054,Aayush Dora,Quality Checker,M,15627.0,2022-12-30,Active
102149,6133,Ubika Gade,delivery rider,m,34164.0,2026-01-06,active
102150,6097,Ekbal Chad,PICKER,m,56338.0,2023-02-03,Resigned
102151,6084,Manan D’Alia,Picker,M,58506.0,2023-03-11,On Leave
102152,6104,Bachittar Vala,PICKER,,23720.0,2026-03-21,Active
102153,6136,Ladli Bedi,Picker,Male,41528.0,08-02-2024,Active
102154,6063,Aadhya Jayaraman,Packer,Male,44853.0,2023-08-26,Active
102155,6128,Dayamai Kadakia,Picker,Female,62986.0,2024-09-07,On Leave
102156,6111,Frado Saraf,PICKER,m,21616.0,2024-01-15,Active
102157,6143,Bhanumati Mannan,Store Manager,F,47902.0,2024-09-13,Active
102158,6103,Osha Thakur,Picker,M,54327.0,2025-08-30,Active
102159,6148,Chaman Borde,Inventory Associate,,24864.0,2023-09-17,Active
102160,6126,Chatura Mander,Delivery Rider,Male,44206.0,2025-05-19,Active
102161,6008,Jacob Nagy,Delivery Rider,F,27426.0,2024-02-01,Active
102162,6139,Krisha Dada,Quality Checker,Male,22571.0,2024-11-11,Resigned
102163,7006,Mekhala Gill,Picker,M,56992.0,2025-07-17,Active
102164,6128,Mitali Bir,Quality Checker,M,51517.0,28-May-2023,active
102165,6024,Divya Raj,Quality Checker,M,60703.0,2023-11-08,Resigned
102166,6069,Ansh Gopal,Quality Checker,m,41982.0,2024-04-16,On Leave
102167,6132,Ekta Batra,Delivery Rider,M,31548.0,2026-04-15,Active
102168,6127,Balvan Dubey,Inventory Associate,Female,60044.0,2022-09-22,RESIGNED
102169,6008,Jeremiah Wadhwa,Inventory Associate,m,21136.0,2025-02-17,Active
102170,6061,Divya Ganguly,Delivery Rider,Female,51013.0,2026-06-01,Resigned
102171,6119,Damini Mallick,PICKER,,42268.0,2026-01-29,Active
102172,6148,Chatura Modi,Delivery Rider,m,16221.0,2024-04-05,On Leave
102173,6022,Chanchal Jain,Inventory Associate,m,24770.0,2025-10-28,active
102174,6072,Thomas Balay,Store Manager,Female,25915.0,2025-08-17,RESIGNED
102175,6048,Matthew Palan,delivery rider,Male,22878.0,2025-03-26,active
102176,6067,Mohini Brahmbhatt,Inventory Associate,F,49977.0,2023-04-08,Active
102177,6074,Farhan Bath,Packer,F,22273.0,2024-06-01,active
102178,6040,Ronith Shan,Packer,Female,30292.0,2025-07-27,RESIGNED
102179,6042,Logan Mani,Delivery Rider,f,59972.0,2025-05-18,Resigned
102180,6104,Fiyaz Toor,delivery rider,F,52996.0,2024-07-10,Resigned
102181,6065,Jasmit Bose,Quality Checker,f,43420.0,14-Feb-2024,Active
102182,6048,Lohit Som,PICKER,F,23006.0,2023-04-19,On Leave
102183,6111,Balveer Kala,Quality Checker,m,42144.0,2024-10-21,Active
102184,6102,Manbir Wable,Inventory Associate,F,56925.0,2024-05-17,RESIGNED
102185,6077,Zilmil Raman,Packer,Female,32628.0,2025-03-16,Active
102186,6057,Vansha Randhawa,Picker,Male,19905.0,2025-02-03,active
102187,6089,Gaurika Ramachandran,Store Manager,Male,53295.0,2025-12-22,Active
102188,6065,Vanya Vohra,Packer,Female,50704.0,2026-02-23,Active
102189,6098,Aarnav Cherian,Packer,Female,40224.0,2024-09-06,active
102190,6076,Bishakha Rau,Store Manager,,44100.0,2025-02-09,On Leave
102191,6046,Pahal Bumb,Picker,M,18261.0,2024-06-08,Active
102192,6026,Ekanta Hegde,delivery rider,M,25390.0,13/03/2026,Active
102193,6095,Faraj Lad,Inventory Associate,f,53909.0,2025-10-15,Active
102194,6022,Ekanta Bassi,Picker,Male,50230.0,2023-11-26,On Leave
102195,6079,Kalpit Ramanathan,Inventory Associate,M,24376.0,2024-12-27,active
102196,6126,Christopher Majumdar,Packer,M,37570.0,03-24-2026,RESIGNED
102197,6085,Jagat Arya,Store Manager,Male,32366.0,2024-04-04,Resigned
102198,6100,Omisha Nigam,Inventory Associate,Female,45234.0,2023-12-22,Resigned
102199,6085,Pratyush Shenoy,Packer,Male,43655.0,2025-10-04,active
102200,6035,Owen Dhillon,Packer,f,18322.0,23-Oct-2025,Active
102201,6101,Jhalak Shenoy,PICKER,Male,38334.0,01-10-2024,active
102202,6080,Pooja Nadig,Delivery Rider,F,,12/02/2023,active
102203,6055,Ojasvi Doshi,Delivery Rider,,48583.0,2024-04-25,Active
102204,6012,Chandresh Konda,Packer,f,15815.0,2025-09-06,RESIGNED
102205,6053,Amaira Murthy,delivery rider,M,20944.0,2025-07-25,RESIGNED
102206,6132,Kamala Lad,Delivery Rider,m,27935.0,2025-04-29,active
102207,6141,Omaja Deep,Store Manager,M,37679.0,2024-06-18,On Leave
102208,6017,Pahal Verma,delivery rider,F,61238.0,2026-03-24,Active
102209,6075,Patrick Mannan,Quality Checker,M,44857.0,2026-01-23,On Leave
102210,6148,Meghana Chada,Delivery Rider,Female,64373.0,2022-09-07,Active
102211,6137,Nathaniel Parmer,PICKER,Male,25664.0,2024-07-10,Active
102212,6088,Krishna Padmanabhan,Inventory Associate,Female,36506.0,03-04-2023,Active
102213,6119,Ryan Rastogi,Quality Checker,M,54491.0,2025-04-27,active
102214,6142,Kritika Mall,Picker,F,57290.0,2024-01-15,Resigned
102215,6066,Hardik Krishnan,delivery rider,m,55985.0,21/09/2025,Active
102216,6074,Advaith Ray,Packer,f,27969.0,2026-03-12,Active
102217,6045,Sai Savant,delivery rider,m,39404.0,2025-04-29,Resigned
102218,6116,Anirudh Nayar,Quality Checker,Female,64762.0,2023-01-10,RESIGNED
102219,6025,Maanas Bhatt,Quality Checker,f,62895.0,2026-05-25,Active
102220,6005,Advik Kari,Quality Checker,f,28496.0,2024-04-01,Active
102221,6010,Matthew Apte,Quality Checker,M,38814.0,2024-05-06,active
102222,6036,Aahana Sibal,Picker,f,62761.0,2024-12-05,active
102223,6044,Pratyush Mane,Picker,Female,18164.0,30/03/2024,Resigned
102224,6006,Yahvi Khalsa,Delivery Rider,M,24425.0,03-23-2025,Active
102225,6122,Yamini Goswami,Delivery Rider,M,58681.0,2025-09-02,RESIGNED
102226,6007,Champak Kata,delivery rider,f,31320.0,2022-11-08,Active
102227,6089,Balendra Patla,Delivery Rider,Female,35647.0,2026-01-10,Resigned
102228,6022,Dominic Lata,Quality Checker,F,55885.0,2023-02-09,Active
102229,6073,Rishi Rout,Picker,M,50033.0,2026-04-04,Resigned
102230,6148,Eiravati Bhasin,Picker,Female,16108.0,2025-11-17,On Leave
102231,6046,Ikshita Ramachandran,Quality Checker,M,41984.0,2023-11-22,RESIGNED
102232,6030,Daksha Dyal,Inventory Associate,f,28371.0,2024-06-26,RESIGNED
102233,6011,Yashica Setty,PICKER,f,50133.0,2024-03-24,RESIGNED
102234,6142,Vaishnavi Bobal,Quality Checker,M,62900.0,2023-01-26,Active
102235,6039,Osha Luthra,delivery rider,M,17530.0,2023-10-27,RESIGNED
102236,6003,Varsha Sane,delivery rider,Male,52988.0,2024-09-24,Active
102237,6111,Hemal Goda,Picker,f,17526.0,2024-04-14,Active
102238,6119,Vrinda Savant,Picker,f,44825.0,2023-08-28,Active
102239,6083,Utkarsh Bajwa,Inventory Associate,F,14952.0,2024-05-28,Active
102240,6032,Dayita Walla,Packer,f,18645.0,2025-08-16,active
102241,6072,Damini Rattan,Picker,f,53694.0,2024-08-26,active
102242,6100,Chatura Baral,Delivery Rider,Male,61716.0,2024-11-25,RESIGNED
102243,6072,Hemang Madan,Delivery Rider,M,48382.0,11/02/2026,Active
102244,6104,Bimala Sarraf,Inventory Associate,m,56107.0,2024-09-13,Active
102245,6055,Agastya Sampath,Packer,Male,33359.0,2023-04-26,RESIGNED
102246,6048,Advaith Manda,delivery rider,Female,23327.0,2023-01-21,On Leave
102247,6075,Hemangini Chaudhuri,Packer,Female,29425.0,2022-08-24,RESIGNED
102248,6130,Aarini Pant,Inventory Associate,M,55321.0,2023-01-16,On Leave
102249,6019,Hardik Srinivasan,Inventory Associate,f,41823.0,2022-11-25,Active
102250,6044,Ishita Kanda,Store Manager,Male,30770.0,13-Sep-2023,Active
102251,6147,Mahika Chauhan,Inventory Associate,M,,11-24-2025,Active
102252,6123,Isaiah Kade,Packer,Female,52469.0,2022-10-17,Active
102253,6122,Adweta Barman,Packer,m,19612.0,2024-04-19,On Leave
102254,6081,Nimrat Raman,Quality Checker,m,43454.0,2024-10-01,Active
102255,6149,Saanvi Natt,delivery rider,,15106.0,2024-02-07,Active
102256,6060,Jhalak Goel,PICKER,Male,20335.0,2023-04-22,Active
102257,6008,Anamika Peri,Packer,M,35550.0,2024-05-07,Active
102258,6035,Krishna Om,Inventory Associate,F,60513.0,2024-08-31,Active
102259,6134,Udant Kapoor,Inventory Associate,f,15134.0,2023-06-08,Active
102260,6086,Logan Chana,Quality Checker,m,32604.0,2024-11-23,Active
102261,6080,Daksha Saraf,Inventory Associate,m,51852.0,2025-12-16,Resigned
102262,6138,Jyoti Thaman,Picker,Female,46221.0,2025-09-06,Active
102263,6046,Chanakya Rajagopalan,Delivery Rider,Male,36492.0,2025-09-20,Active
102264,6123,Niharika Saran,delivery rider,m,49509.0,11-Dec-2023,On Leave
102265,6034,Chakradev Pillay,Picker,m,14268.0,2025-01-09,active
102266,6088,Unnati Sampath,Quality Checker,m,27572.0,2026-03-09,Active
102267,6061,Urvashi Ratta,PICKER,M,40697.0,2025-11-05,Active
102268,6114,Irya Minhas,Store Manager,f,15569.0,2026-07-14,On Leave
102269,6148,Nirja Agate,Store Manager,Female,,2025-01-21,Active
102270,6041,Sai Sood,Quality Checker,Female,52546.0,2023-02-02,Active
102271,6087,Brinda Balan,PICKER,m,28936.0,2024-07-03,active
102272,6007,Varsha Batta,PICKER,M,19337.0,2026-05-05,Active
102273,6010,Daniel Varty,Delivery Rider,Male,44088.0,2024-08-03,RESIGNED
102274,6141,Wazir Sankar,Quality Checker,f,38401.0,2023-07-09,Active
102275,6124,Harshil Saran,Store Manager,Male,25533.0,2023-01-02,active
102276,6002,Azaan Mand,delivery rider,F,56558.0,2023-10-16,Active
102277,6044,Oliver Bakshi,delivery rider,,,2023-09-25,On Leave
102278,6030,Ubika Varughese,Quality Checker,f,16019.0,2025-04-19,Active
102279,6088,Faqid Pandey,Inventory Associate,Female,39689.0,2024-05-01,active
102280,6146,Rachit Chacko,Delivery Rider,f,27445.0,2023-12-09,Active
102281,6056,Advaith Goda,delivery rider,Male,18152.0,19-Dec-2025,active
102282,6133,Karan Tiwari,PICKER,,63308.0,2024-04-01,Resigned
102283,6120,Ganga Dixit,delivery rider,f,30065.0,23/06/2024,Resigned
102284,6033,Ojas Basak,Quality Checker,F,25465.0,2022-09-12,Active
102285,6075,Yamini Banik,PICKER,Female,19699.0,23/09/2024,Active
102286,6100,Kritika Ganesh,Delivery Rider,Female,58491.0,2025-08-15,active
102287,6006,Nilima Sarma,Picker,F,33437.0,06-06-2025,active
102288,6138,Max Pathak,Inventory Associate,F,58920.0,2023-02-04,Resigned
102289,6088,Maanav Lanka,Quality Checker,F,50231.0,12-17-2023,Active
102290,6121,Wridesh Halder,delivery rider,Female,27254.0,2023-02-15,Resigned
102291,6027,Ekansh Desai,Quality Checker,f,27780.0,2024-05-22,On Leave
102292,6080,Finn Dey,Picker,Male,40865.0,2023-07-07,On Leave
102293,6128,Darpan Rajan,Packer,Male,63338.0,2025-06-30,Active
102294,6005,Bina Bhat,Packer,f,34555.0,2025-04-02,On Leave
102295,6082,Tamanna Padmanabhan,Packer,M,33128.0,06-11-2024,Active
102296,6150,Chaitanya Dey,delivery rider,F,52129.0,04-22-2026,Active
102297,6080,Rajeshri Varty,Quality Checker,F,43450.0,2025-10-07,On Leave
102298,6016,Oscar Suri,delivery rider,f,49470.0,2023-04-03,Active
102299,6029,Zashil Saraf,Store Manager,m,53922.0,2025-10-24,active
102300,6048,Sathvik Mander,Picker,Male,31904.0,2026-07-06,Active
102301,6023,Darika Mahal,Quality Checker,m,53946.0,2024-04-23,Active
102302,6101,Upasna Koshy,Picker,F,38584.0,29-Aug-2024,Active
102303,6048,Chaaya Dutt,Packer,f,21341.0,2023-12-02,active
102304,6140,Yatan Lal,Inventory Associate,f,31792.0,2024-05-21,RESIGNED
102305,6076,Dhruv Ramesh,delivery rider,M,52478.0,2024-10-14,RESIGNED
102306,6056,Diya Goyal,Quality Checker,F,51496.0,2024-04-12,Active
102307,6149,Imaran Sankaran,Store Manager,Male,46982.0,2026-08-10,active
102308,6001,Yamini Sahota,Store Manager,Male,30800.0,2023-09-12,On Leave
102309,6074,Chameli Sen,Picker,Male,63821.0,2024-09-13,Resigned
102310,6150,Damini Vig,delivery rider,M,38564.0,2026-07-22,Active
102311,6082,Kiaan Parmar,Quality Checker,m,38612.0,2024-10-15,Active
102312,6013,Madhavi Hans,Delivery Rider,m,26886.0,2024-04-25,Resigned
102313,6047,Sanya Nanda,Inventory Associate,F,17535.0,2023-03-22,RESIGNED
102314,6084,Ubika Vohra,Store Manager,m,60716.0,2025-06-17,Resigned
102315,6027,Ansh Bhavsar,Delivery Rider,Female,41671.0,06-19-2026,Active
102316,6107,Sara Trivedi,delivery rider,M,56116.0,2024-11-05,Active
102317,6119,Raghav Reddy,Store Manager,m,38457.0,2024-05-06,Active
102318,6074,Janya Kalla,Inventory Associate,F,49577.0,2024-04-24,active
102319,7006,Janani Varghese,Delivery Rider,F,43236.0,23-Jun-2024,On Leave
102320,6048,Vihaan Salvi,Delivery Rider,Female,17871.0,2024-01-22,On Leave
102321,6098,Xavier Kaur,Quality Checker,M,32681.0,2024-06-14,Active
102322,6041,Ati Wagle,Delivery Rider,m,35268.0,2023-08-26,Active
102323,6011,Arin Kibe,delivery rider,,52520.0,2025-09-24,Active
102324,6143,Dayita Mohanty,Store Manager,m,59132.0,2024-09-21,Resigned
102325,6071,Yashawini Gokhale,delivery rider,Male,49762.0,12-03-2025,Resigned
102326,6041,Vihaan Palla,Quality Checker,M,59804.0,2024-04-10,Active
102327,6090,Jhalak Gour,Quality Checker,F,61746.0,2024-03-29,Active
102328,6139,Charita Khalsa,Packer,m,27335.0,2023-03-20,Resigned
102329,6038,Liam Arya,Delivery Rider,Male,46532.0,15/09/2025,RESIGNED
102330,6050,Yachana Subramaniam,Inventory Associate,,46472.0,2026-07-08,active
102331,6149,Kritika Chawla,Quality Checker,F,,2023-06-28,RESIGNED
102332,6070,Ekantika Saraf,Picker,M,39348.0,2025-05-27,Active
102333,6089,Hemangini Swamy,Quality Checker,F,42775.0,2023-01-22,Active
102334,6118,Pranit Suri,Packer,,57320.0,05-25-2023,Active
102335,6104,Warjas Balakrishnan,Quality Checker,M,18330.0,2024-05-25,Active
102336,6001,Raagini Kala,Picker,F,22264.0,2025-07-23,Active
102337,6026,Aarna Ratta,Store Manager,m,35023.0,2024-04-05,Active
102338,6130,Luke Babu,Picker,M,34913.0,2024-07-18,active
102339,6128,Jeevika Merchant,Delivery Rider,f,31452.0,14-Jan-2023,Active
102340,6089,Kala Rastogi,delivery rider,m,45449.0,2026-06-27,Active
102341,6023,Ekavir Sabharwal,Packer,F,51320.0,17-Oct-2024,Active
102342,6040,Omaja Kashyap,Picker,M,41601.0,2025-11-04,Active
102343,6061,Kalpit Ratta,Delivery Rider,M,28575.0,2023-05-27,RESIGNED
102344,6141,Utkarsh Bala,Delivery Rider,f,44573.0,2025-03-26,Active
102345,6127,Omisha Bhagat,Packer,Male,25844.0,2023-07-06,RESIGNED
102346,7003,Qarin Garde,delivery rider,m,41691.0,2023-03-10,Active
102347,6102,Sudiksha Bhardwaj,Quality Checker,F,52894.0,2025-09-04,Active
102348,6098,Ekaja Shankar,PICKER,M,58570.0,2023-06-14,RESIGNED
102349,6107,Jhalak Lata,Delivery Rider,F,28084.0,2024-02-11,On Leave
102350,6026,Omisha Sant,Packer,Female,23753.0,2024-04-11,RESIGNED
102351,6117,Mitesh Pal,Packer,,51129.0,2025-03-19,Active
102352,6106,Unni Dass,Inventory Associate,Female,20510.0,2023-07-19,Active
102353,6131,Oviya Sarkar,PICKER,,64898.0,2022-10-03,Active
102354,6102,Adweta Kalita,Packer,Male,45400.0,2023-12-17,On Leave
102355,6019,Logan Sami,Quality Checker,,22856.0,2023-10-09,On Leave
102356,6039,Amara Konda,Delivery Rider,f,55072.0,2023-05-07,Active
102357,6098,Siddharth Saha,PICKER,F,59342.0,2024-08-18,Active
102358,6119,Orinder Bhalla,delivery rider,Male,18624.0,2023-09-01,Resigned
102359,6038,Osha De,Delivery Rider,F,14751.0,2025-10-10,RESIGNED
102360,6144,Henry Chacko,delivery rider,M,35832.0,2024-08-02,active
102361,6061,Anika Shenoy,delivery rider,m,26597.0,2025-06-20,On Leave
102362,6089,Faraj Pandey,Store Manager,Male,44801.0,2023-08-15,On Leave
102363,6020,Udyati Baral,Quality Checker,Female,50061.0,2025-01-25,active
102364,6108,Caleb Dani,Quality Checker,m,40388.0,2023-11-07,RESIGNED
102365,6063,Warhi Manne,Store Manager,M,44484.0,2024-02-24,Active
102366,6038,Jack Dalal,Inventory Associate,Male,29125.0,2026-03-04,Active
102367,6086,Adweta Mody,Store Manager,,42310.0,02-14-2026,active
102368,6086,Vasana Choudhary,delivery rider,,45794.0,2024-05-14,Resigned
102369,6052,Zarna Palla,delivery rider,f,22613.0,2025-06-26,On Leave
102370,6062,Pooja Zachariah,Packer,Female,62713.0,2024-02-13,Resigned
102371,6144,Yamini Bakshi,PICKER,f,39155.0,2024-04-15,active
102372,6049,Qadim Narang,Picker,m,45706.0,2024-05-10,Active
102373,6027,Nitara Bhalla,delivery rider,f,50553.0,03-05-2023,Active
102374,6133,Ladli Gola,Quality Checker,f,15019.0,2024-04-21,Resigned
102375,6109,Chakradhar Pai,Packer,F,42660.0,2026-04-29,Active
102376,6029,Meghana Randhawa,Quality Checker,m,,2024-10-12,Resigned
102377,6142,Bhavika Parsa,Store Manager,Female,17307.0,2026-05-25,Active
102378,6117,Aadhya Singhal,PICKER,f,32948.0,2023-10-08,Resigned
102379,6138,Riya Aurora,Picker,,36064.0,2023-11-01,Resigned
102380,6028,George Wadhwa,Quality Checker,f,52502.0,03-Feb-2024,Resigned
102381,6089,Aarav Chowdhury,Delivery Rider,Female,28248.0,2023-12-24,Active
102382,6055,Yamini Chahal,Store Manager,Female,34522.0,2022-10-24,Resigned
102383,6088,Vaishnavi Biswas,Store Manager,Female,45210.0,23-Jun-2025,Active
102384,6122,Gavin Ahuja,Quality Checker,F,60689.0,13/11/2023,RESIGNED
102385,6037,Kavya Panchal,Picker,Male,22845.0,2022-11-10,Resigned
102386,6095,Anusha Deol,Delivery Rider,m,30691.0,2023-08-19,Active
102387,6114,Mahika Sharma,PICKER,F,20938.0,2025-09-19,On Leave
102388,6030,Rachita Oak,Delivery Rider,F,38425.0,2025-09-17,RESIGNED
102389,6081,Kamya Mahal,Quality Checker,m,49424.0,2024-06-03,Active
102390,6131,Advika Gill,PICKER,F,42189.0,01-Jan-2025,active
102391,6038,Rachita Mittal,Delivery Rider,m,59798.0,2026-03-20,Resigned
102392,6039,Shivani Mani,Store Manager,f,60013.0,2023-11-29,active
102393,6078,Ria Verma,Store Manager,M,56392.0,2026-06-25,Active
102394,6009,Chameli Mangal,Delivery Rider,Male,29433.0,07/02/2024,Resigned
102395,6025,Qadim Chaudry,Delivery Rider,F,39511.0,18-Jun-2025,Active
102396,6113,Neelima Murty,Store Manager,Male,54754.0,2023-09-07,On Leave
102397,6136,Aarush Andra,Quality Checker,Male,52934.0,2026-05-10,Active
102398,6120,Qadim Saini,Quality Checker,,46008.0,2025-01-31,active
102399,6078,Eshana Aurora,Store Manager,F,58717.0,2022-09-25,Resigned
102400,6092,Vyanjana Shankar,Inventory Associate,Female,28479.0,2024-10-15,Active
102401,6075,Upma Pillai,Delivery Rider,,38483.0,2026-07-09,Active
102402,6022,Odika Chad,PICKER,m,,2022-12-17,RESIGNED
102403,6055,Eesha Seshadri,Picker,m,20862.0,2023-04-21,Active
102404,6068,Gautami Natarajan,Quality Checker,m,57014.0,2026-04-30,Resigned
102405,6010,Gopal Venkataraman,PICKER,m,59967.0,2022-08-24,Active
102406,6022,Falak Walla,PICKER,Male,57380.0,2023-06-25,RESIGNED
102407,6035,Ojasvi Nigam,Inventory Associate,m,47782.0,2025-01-22,RESIGNED
102408,6133,Jagvi Sane,Packer,,21379.0,2025-11-02,Active
102409,6122,Ekavir Sami,Inventory Associate,F,,2025-05-01,Active
102410,6029,Zansi Chaudhry,delivery rider,m,23687.0,2024-01-14,RESIGNED
102411,6144,Onkar Narayan,Delivery Rider,F,60785.0,2022-12-01,Active
102412,6010,Devansh Prabhu,Store Manager,m,37936.0,2023-10-05,Active
102413,6075,Nandini Apte,Quality Checker,Female,29156.0,2024-10-04,active
102414,6142,Girish Goyal,Quality Checker,Female,43734.0,2024-10-27,On Leave
102415,6079,Gaurav Biswas,Quality Checker,Female,61191.0,2025-05-31,Active
102416,6125,Ojasvi Chadha,Picker,M,20441.0,2023-10-08,Active
102417,6063,Wyatt Thakkar,Delivery Rider,Male,34743.0,2024-12-03,Active
102418,6135,Qushi Mody,Quality Checker,Male,48290.0,2024-06-09,On Leave
102419,6038,Alka Dewan,Delivery Rider,F,20838.0,2025-05-07,active
102420,6051,Udarsh Patla,Store Manager,Female,32463.0,2025-08-13,Active
102421,6109,Jagat Krishnamurthy,Quality Checker,f,61993.0,2022-10-07,Active
102422,6032,Charan Roy,Packer,Male,63897.0,17-Apr-2025,RESIGNED
102423,6006,Zaid Subramanian,PICKER,M,21689.0,2023-11-07,active
102424,6008,Upkaar Kale,delivery rider,Male,41021.0,2023-11-27,Active
102425,6145,Maanav Dutt,Delivery Rider,f,42799.0,2023-12-10,Resigned
102426,6100,Hemangini Sachdev,Quality Checker,f,27746.0,2023-01-11,Resigned
102427,6057,Noah Bhalla,Picker,F,25930.0,03-24-2024,On Leave
102428,6060,Yadavi Agate,Quality Checker,M,47309.0,2025-07-10,Resigned
102429,6060,Odika Oommen,delivery rider,F,61714.0,2023-10-09,RESIGNED
102430,6023,Radha Kamdar,delivery rider,,19579.0,2025-07-28,Active
102431,6058,Tripti Wadhwa,Picker,F,47505.0,2023-12-25,Active
102432,6069,Januja Subramaniam,Delivery Rider,,33934.0,2022-11-29,Active
102433,6106,Dalaja Parmer,delivery rider,Female,25271.0,14-Aug-2026,Resigned
102434,6014,Daksha Minhas,Picker,m,27576.0,10-Aug-2024,active
102435,6125,Pooja Gera,Quality Checker,M,46495.0,2023-05-06,On Leave
102436,6076,Vasana Chakrabarti,Delivery Rider,,57875.0,2024-05-11,RESIGNED
102437,6073,Yuvraj Bhandari,Picker,m,64986.0,2023-01-15,RESIGNED
102438,6115,Baljiwan Thakkar,Delivery Rider,Male,46890.0,2022-10-13,Resigned
102439,6045,Chaitanya Devan,delivery rider,M,47886.0,2024-04-11,active
102440,6053,Sanaya Lad,Delivery Rider,Male,23159.0,2022-11-05,active
102441,6056,Gaurika Chada,Store Manager,,51334.0,26/12/2023,RESIGNED
102442,6113,Oviya Ahluwalia,Delivery Rider,F,50173.0,2023-12-17,active
102443,6024,Madhavi Ganesan,delivery rider,Male,47679.0,2024-03-25,active
102444,6060,Lopa Wali,Picker,Female,62061.0,2022-09-22,RESIGNED
102445,6141,Neha Mangat,delivery rider,M,16149.0,2025-06-14,active
102446,6108,Hemal Bakshi,delivery rider,m,49375.0,22/11/2025,Active
102447,6036,Keya Lalla,Delivery Rider,m,30265.0,2022-10-20,active
102448,6150,Yashvi Bhandari,Packer,f,,2023-05-14,On Leave
102449,6126,Omaja Kalla,Delivery Rider,F,25942.0,07/05/2023,RESIGNED
102450,6091,Gaurika Mistry,Inventory Associate,f,24774.0,18/01/2024,Active
102451,6044,Advaith Dara,PICKER,f,17246.0,2023-08-24,Active
102452,6075,Devika Rajagopal,Picker,Female,17204.0,2023-07-25,Active
102453,6002,Ekanta Rama,Quality Checker,M,16004.0,2026-01-21,Active
102454,6123,Yashvi Suri,PICKER,M,55697.0,2024-01-14,RESIGNED
102455,6004,Jatin Mall,Inventory Associate,Female,56655.0,27-Aug-2024,RESIGNED
102456,6107,Yashvi Parsa,Inventory Associate,m,17817.0,2025-10-26,Active
102457,6090,Tarak Kunda,Store Manager,,47613.0,10/05/2026,RESIGNED
102458,6007,Hredhaan Memon,Inventory Associate,f,15396.0,2025-09-26,On Leave
102459,6112,Yamini Garg,Store Manager,f,,15-Aug-2026,RESIGNED
102460,6142,Warda Venkatesh,PICKER,Male,20386.0,08-13-2025,Active
102461,6045,Wyatt Padmanabhan,PICKER,m,20208.0,2024-09-05,active
102462,6137,Wyatt Gade,delivery rider,Male,45106.0,2023-02-28,Active
102463,6052,Pranit Venkataraman,Store Manager,M,26194.0,2023-08-01,active
102464,6144,Indrajit Bhatnagar,PICKER,f,33480.0,2023-05-31,Active
102465,6116,Advay Trivedi,Picker,f,17498.0,2023-07-18,RESIGNED
102466,6048,Anya Goyal,Quality Checker,Male,46958.0,08-09-2023,On Leave
102467,6093,Timothy Chada,Store Manager,Male,46487.0,2024-09-27,Active
102468,6058,Charvi Saran,Picker,M,62285.0,2022-10-13,active
102469,6126,Vaishnavi Nagarajan,Quality Checker,F,44561.0,2024-09-12,Active
102470,6126,Saksham Sethi,delivery rider,f,40284.0,11-Nov-2025,Active
102471,6018,Gaurav Narayan,delivery rider,m,,2026-05-16,Active
102472,6107,Rachita Mahajan,Quality Checker,f,18902.0,26/12/2023,Active
102473,6036,Chanchal Sandal,Packer,m,34846.0,2025-08-05,RESIGNED
102474,6054,Jack Mistry,Picker,f,51972.0,2025-08-05,Resigned
102475,6083,Ucchal Sathe,PICKER,Male,32216.0,2025-02-04,Active
102476,6036,Laksh Mohan,Inventory Associate,f,61606.0,2024-12-28,Active
102477,6091,Bhavini Wagle,delivery rider,m,41452.0,2025-08-12,Resigned
102478,6002,Victor Agarwal,delivery rider,M,32553.0,2024-08-25,Active
102479,6016,Arya Bath,Packer,Male,25808.0,2025-08-15,On Leave
102480,6003,Priya Bajwa,Packer,m,57508.0,2026-04-15,active
102481,6035,Warhi Bahl,Picker,F,18167.0,2024-03-17,On Leave
102482,6005,Keya Edwin,Picker,F,21897.0,2023-09-28,Active
102483,6089,Isha Johal,PICKER,Male,19404.0,2023-08-18,Active
102484,6134,Harita Dara,Quality Checker,Male,29966.0,2026-04-03,On Leave
102485,6046,Harsh Gulati,Inventory Associate,M,28303.0,2025-03-25,active
102486,6114,Tanish Sinha,Quality Checker,M,19235.0,2025-12-23,Active
102487,6030,Maya Rajagopalan,PICKER,Female,35881.0,2026-02-16,active
102488,6096,Shivansh Mangat,Quality Checker,f,50596.0,2024-12-17,Active
102489,6041,Vihaan Cheema,Inventory Associate,,33754.0,2025-05-23,Active
102490,7000,Zayyan Rastogi,Picker,m,40580.0,2025-01-20,Resigned
102491,6008,Radhika Nori,Quality Checker,Female,57566.0,2024-03-04,active
102492,6042,Tristan Kar,Delivery Rider,M,23585.0,2024-06-19,Active
102493,6109,Urmi Kanda,delivery rider,Female,20012.0,2025-04-29,active
102494,6010,Vamakshi Choudhry,PICKER,F,,2025-03-11,Active
102495,6010,Aashi Chahal,PICKER,Male,28280.0,2023-04-29,RESIGNED
102496,6139,Falguni Raja,Picker,F,32606.0,2025-10-05,Resigned
102497,6068,Siddharth Oommen,Inventory Associate,M,46278.0,2025-01-31,Active
102498,6112,Nikita Sarraf,Inventory Associate,,15170.0,2025-11-09,RESIGNED
102499,6069,Jeevika Shenoy,Store Manager,Female,22685.0,2024-02-04,Active
102500,6081,Nidhi Sekhon,Packer,Male,,07-26-2024,Resigned
102501,6038,Meghana Menon,PICKER,,19455.0,2023-02-04,Active
102502,6042,Yoshita Vora,Delivery Rider,M,44098.0,2024-11-23,Active
102503,6137,Oviya Kala,Picker,f,61876.0,2026-08-07,On Leave
102504,6113,Jalsa Rastogi,PICKER,f,35346.0,2023-07-15,On Leave
102505,6015,Xavier Bhatti,Delivery Rider,F,55107.0,2024-06-28,On Leave
102506,6124,Arya Ratta,PICKER,Male,39805.0,2025-10-18,On Leave
102507,6133,Abhiram Deep,PICKER,F,57720.0,2024-11-20,Active
102508,6098,Ekani Purohit,delivery rider,Female,49836.0,2024-10-11,RESIGNED
102509,6035,Hemangini Choudhary,PICKER,f,41529.0,2026-03-30,Active
102510,6144,Hritik Gill,Store Manager,m,24961.0,07-Dec-2023,Active
102511,6110,Chatura Toor,PICKER,,23486.0,2024-03-15,Resigned
102512,6067,Yutika Kade,Store Manager,Male,56995.0,2022-12-24,RESIGNED
102513,6001,Lakshit Dara,delivery rider,m,52291.0,07/06/2024,Active
102514,6072,Dhriti Karan,Picker,M,25224.0,2024-03-04,Resigned
102515,6131,Anjali Gulati,Packer,f,26087.0,2024-02-08,active
102516,6122,Ladli Bath,PICKER,Male,26797.0,2023-11-06,RESIGNED
102517,6128,Sachi Narayan,Picker,Female,36981.0,2025-11-16,RESIGNED
102518,6112,Azaan Ahuja,Packer,Male,27302.0,2025-01-30,On Leave
102519,6019,Darpan Bhatt,Picker,m,62408.0,2024-02-21,active
102520,6089,Gayathri Agate,Store Manager,M,46900.0,2026-07-21,Active
102521,6074,Gagan Dash,Store Manager,M,19452.0,2026-02-16,Resigned
102522,6011,Ekbal Sarma,Packer,F,28105.0,17/08/2024,On Leave
102523,6052,Chandresh Korpal,Delivery Rider,Male,15763.0,2025-10-12,Active
102524,6075,Andrew Mohanty,PICKER,Female,41149.0,2024-12-08,On Leave
102525,6023,Lakshit Mann,PICKER,M,58427.0,2023-07-26,Active
102526,6060,Lekha Mitter,Packer,F,21686.0,2023-10-21,Active
102527,6032,Dhruv Prabhu,PICKER,m,44888.0,2025-04-18,On Leave
102528,6113,Logan Basak,PICKER,f,,2025-07-18,Active
102529,6012,Bhavani Bhakta,Quality Checker,Female,60585.0,2024-08-19,Resigned
102530,6140,Farhan Mangal,Picker,Male,32408.0,2023-04-23,On Leave
102531,6015,Bina Mangal,Inventory Associate,Female,40400.0,2024-11-27,Resigned
102532,6125,Gaurangi Johal,Store Manager,F,15272.0,2025-11-24,On Leave
102533,6134,Aadi Kadakia,PICKER,M,60558.0,2024-12-13,On Leave
102534,6031,Ranbir Varughese,Inventory Associate,Male,14487.0,2024-03-03,Active
102535,6094,Victor Dasgupta,Packer,f,62946.0,2024-05-29,On Leave
102536,6132,Tamanna Sankaran,Store Manager,f,46505.0,2026-01-03,active
102537,6011,Yashoda Sachdev,Quality Checker,Female,26251.0,2024-01-14,active
102538,6086,Zaitra Ram,Packer,Male,,2026-07-10,Active
102539,6031,Alka Buch,Picker,F,47797.0,2023-12-03,Active
102540,6074,Wridesh Sem,Packer,M,51997.0,2024-08-12,Active
102541,6080,Gabriel Keer,Store Manager,Female,53462.0,2025-03-29,Resigned
102542,6102,Chatura Bansal,Quality Checker,Female,31779.0,2022-12-17,active
102543,6112,Harini Saraf,PICKER,m,52128.0,2025-01-05,active
102544,6083,Onveer Chakraborty,Packer,Male,18011.0,01-22-2025,Active
102545,6050,Kabir Ghosh,delivery rider,m,46697.0,2026-03-28,Resigned
102546,6073,Daksh Chadha,Delivery Rider,m,43833.0,2024-04-07,Active
102547,6001,Amara Palla,Store Manager,f,46848.0,2023-01-15,On Leave
102548,6010,Anusha Sibal,Inventory Associate,,28428.0,14/04/2023,RESIGNED
102549,6089,Hemang Kanda,delivery rider,F,35020.0,2022-11-19,RESIGNED
102550,6108,Viraj Luthra,Store Manager,F,52651.0,2024-04-01,Active
102551,6065,Kashvi Ben,Delivery Rider,Female,38667.0,2023-04-13,Resigned
102552,6127,Upadhriti Kara,Store Manager,m,49351.0,2025-07-26,Active
102553,6021,Ethan Chadha,PICKER,m,22307.0,2023-07-16,Resigned
102554,6144,Arjun Din,Quality Checker,Female,42455.0,2026-04-15,active
102555,6140,Bishakha Dayal,Quality Checker,f,48053.0,2023-04-09,RESIGNED
102556,6126,Yatin Karpe,PICKER,f,43947.0,2025-11-01,Active
102557,6014,Wahab Dhar,Quality Checker,f,58412.0,2025-05-19,RESIGNED
102558,6146,Tanveer Sane,Inventory Associate,F,42371.0,2024-05-03,Active
102559,6144,Kamya Kala,Packer,m,58947.0,2023-04-29,On Leave
102560,6035,Girish Krishnamurthy,Picker,M,39180.0,2023-08-30,active
102561,6074,Abhiram Dar,delivery rider,Male,58168.0,2023-10-23,RESIGNED
102562,6055,Samuel Deshmukh,Quality Checker,M,41427.0,2025-03-13,Resigned
102563,6069,Advay Pillai,Delivery Rider,f,35885.0,2024-12-08,Active
102564,6004,Fariq Mahal,delivery rider,Male,33525.0,2024-02-10,active
102565,6016,Yochana Varma,Delivery Rider,,28001.0,2025-10-12,RESIGNED
102566,6133,Vrinda Zachariah,delivery rider,,61957.0,2026-06-21,Active
102567,6140,Dalaja Soman,Quality Checker,f,59360.0,2025-09-01,Resigned
102568,6136,Jagdish Nayar,PICKER,f,50535.0,2023-03-02,RESIGNED
102569,6056,Aadhya Prabhu,Delivery Rider,Male,,2025-08-08,Active
102570,6137,Vrishti Aurora,Picker,Female,32544.0,2024-10-17,active
102571,6072,Vrishti Khanna,Quality Checker,f,54712.0,2022-11-18,On Leave
102572,6094,Laksh Babu,delivery rider,,41746.0,2024-03-17,On Leave
102573,6064,Neel Sami,Packer,m,56994.0,2025-12-29,RESIGNED
102574,6138,Hema Dixit,Inventory Associate,M,27570.0,24-Aug-2023,Active
102575,6079,Anvi Sridhar,delivery rider,m,59743.0,01-31-2024,Active
102576,6116,Qushi Shankar,Inventory Associate,m,64866.0,2022-11-25,Active
102577,6010,Oliver Palla,Delivery Rider,m,20017.0,2023-04-28,Active
102578,6090,Hritik Nayak,Delivery Rider,f,53894.0,2024-06-28,active
102579,6001,Frado Aggarwal,Picker,M,30185.0,2024-01-19,Active
102580,6089,Kai Taneja,Delivery Rider,f,52649.0,2024-08-20,On Leave
102581,6040,Aditya More,PICKER,,34090.0,2022-12-17,Active
102582,6099,Irya Mallick,Delivery Rider,M,48704.0,2024-10-01,Active
102583,6074,Maanav Kalla,PICKER,M,51195.0,2025-03-03,RESIGNED
102584,6068,Yatan Bhatti,Picker,F,57217.0,2025-04-30,Active
102585,6032,Faras Chahal,PICKER,M,24086.0,2023-12-18,active
102586,6023,Vasana Nagy,Inventory Associate,F,14564.0,2025-06-12,active
102587,6098,Eshana Chand,Delivery Rider,Male,24584.0,2023-05-14,Active
102588,6110,Ati Ramanathan,Packer,Male,41859.0,2022-11-06,RESIGNED
102589,6044,Isaac Tandon,PICKER,m,32796.0,2025-09-10,On Leave
102590,6100,Rushil Lanka,PICKER,M,43769.0,2025-11-10,Active
102591,6106,Onveer Acharya,Quality Checker,M,50651.0,2025-04-24,Active
102592,6078,Warda Toor,Picker,F,60612.0,04-05-2025,Active
102593,6150,Jeremiah Gala,Delivery Rider,M,28700.0,2023-09-25,Active
102594,6037,Andrew Muni,Packer,M,49978.0,2022-11-15,active
102595,6139,Imaran Baral,Picker,f,31193.0,2025-01-29,On Leave
102596,6028,Libni Barman,Packer,Female,44444.0,11-Apr-2026,Resigned
102597,6089,Vincent Pradhan,Store Manager,M,46599.0,2023-06-22,On Leave
102598,6004,Fitan Jaggi,Quality Checker,m,57345.0,08-26-2025,Resigned
102599,6032,Shravya Krishna,Picker,f,38311.0,2025-03-16,On Leave
102600,6124,Nisha Parikh,Picker,Male,24021.0,2026-01-23,Resigned
102601,6021,Raagini Dey,Packer,f,20121.0,2023-05-28,active
102602,6109,Omaja D’Alia,delivery rider,f,63098.0,2024-04-13,On Leave
102603,6003,Tristan Maharaj,Delivery Rider,f,31881.0,2024-02-23,active
102604,6122,Zilmil Doshi,Packer,m,,2024-04-24,Active
102605,6078,Pranit Jayaraman,Delivery Rider,,23870.0,2024-11-24,Resigned
102606,6065,Rishi Mangat,delivery rider,M,39691.0,26/08/2025,active
102607,6022,Xavier Edwin,Store Manager,M,14011.0,24/07/2024,Active
102608,6137,Charita Gole,Picker,F,39337.0,2026-01-08,Active
102609,6131,Henry Bhargava,Quality Checker,f,53235.0,2025-04-14,Active
102610,6071,Zarna Narasimhan,delivery rider,f,22792.0,2025-12-27,Resigned
102611,6032,Brijesh Peri,Quality Checker,M,,2026-07-16,Active
102612,6036,Qabil Srinivas,Picker,F,53667.0,2023-11-05,On Leave
102613,6054,Harini Nayar,PICKER,f,40736.0,2025-09-10,active
102614,6031,Vivaan Sani,Picker,m,31456.0,2023-02-18,Active
102615,6115,Falguni Balakrishnan,Picker,Female,36811.0,2022-11-24,On Leave
102616,6150,Darpan Varma,PICKER,F,39774.0,2023-07-27,On Leave
102617,6117,Sai Bala,Quality Checker,m,18737.0,2025-08-09,Resigned
102618,6042,Ikshita Goyal,Picker,F,25453.0,2026-03-12,Active
102619,6146,Daniel Khare,Store Manager,m,35502.0,2022-12-02,Active
102620,6044,Krish Loke,Picker,Male,26083.0,2023-10-07,On Leave
102621,6004,Arya Pandey,PICKER,f,19569.0,2023-04-15,Active
102622,6065,Warda Patla,delivery rider,,58763.0,2025-10-29,Active
102623,6063,Zehaan Chadha,delivery rider,M,61526.0,2023-03-11,Active
102624,6103,Edhitha Mand,Inventory Associate,Female,15343.0,2023-07-18,Resigned
102625,6121,Harita Mohanty,Picker,F,61525.0,2026-04-17,RESIGNED
102626,6018,Maya Sankar,Quality Checker,m,62053.0,2024-06-27,Active
102627,6084,Azad Bedi,PICKER,F,16801.0,2023-06-22,Active
102628,6130,Gaurangi Baral,PICKER,F,46303.0,2026-07-22,Resigned
102629,6030,Nilima Tak,Store Manager,f,56019.0,2022-09-28,Resigned
102630,6150,Ekaraj Dayal,Picker,Male,28100.0,2022-09-08,RESIGNED
102631,6053,Siya Bhalla,Inventory Associate,Male,23905.0,2024-12-17,Active
102632,6086,Rehaan Patla,Store Manager,M,22160.0,10-04-2025,RESIGNED
102633,6123,Gaurangi Bora,delivery rider,M,34092.0,21-Jul-2024,active
102634,6023,Aahana Bail,PICKER,Male,61071.0,23/12/2023,Active
102635,6042,Pahal Cheema,Picker,f,54690.0,2025-07-10,On Leave
102636,6141,Oscar Kala,Store Manager,Female,47309.0,2025-12-10,RESIGNED
102637,7005,Vivaan Taneja,Packer,M,44500.0,2024-12-07,Active
102638,6023,Abha Nath,delivery rider,M,34393.0,2025-08-08,Active
102639,6130,Charvi Agrawal,Picker,Female,32396.0,2023-06-25,Active
102640,6062,Chanakya Cherian,delivery rider,F,22462.0,2023-07-08,active
102641,6126,Jagat Bora,Inventory Associate,M,41246.0,2023-03-12,On Leave
102642,6101,Neel Nair,Delivery Rider,m,48347.0,04-17-2025,Active
102643,7010,Indrajit Ramanathan,Quality Checker,M,19335.0,2023-07-30,Resigned
102644,6086,Damyanti Luthra,Picker,Male,37233.0,2024-11-26,active
102645,6142,Rehaan Anne,PICKER,m,29859.0,2025-11-25,Active
102646,6084,Anya Kannan,Store Manager,Female,14719.0,06-03-2023,Active
102647,6144,Watika Bal,Delivery Rider,M,42002.0,2025-11-20,On Leave
102648,6139,Ethan Bhat,delivery rider,Female,41733.0,15/12/2024,On Leave
102649,6004,Kavya Pai,delivery rider,m,47284.0,2022-09-22,active
102650,6147,Gautam Narayan,Store Manager,F,31864.0,2022-12-12,Resigned
102651,6134,Ishwar Korpal,Store Manager,F,51970.0,2022-10-14,Active
102652,6066,Pranav Kapoor,Store Manager,M,49856.0,04-03-2026,Active
102653,6132,Amaira Bava,delivery rider,Female,55575.0,2025-02-05,Active
102654,6110,Aishani Dada,Delivery Rider,Male,21012.0,2024-08-02,active
102655,6031,Lakshit Yogi,Packer,F,63853.0,2025-05-30,active
102656,6139,Chaitanya Mander,delivery rider,m,37092.0,2024-10-06,RESIGNED
102657,6083,Chandani Sule,Picker,f,44023.0,2025-10-03,Resigned
102658,6142,Yutika Kapur,Inventory Associate,Male,42459.0,2024-09-09,Resigned
102659,6039,Tanvi Deep,Store Manager,m,43791.0,2026-03-12,On Leave
102660,6059,Gopal Raman,Delivery Rider,F,23851.0,2024-05-24,active
102661,6134,Suhani Verma,Inventory Associate,M,,2024-11-07,On Leave
102662,6050,Osha Vig,Store Manager,Male,60232.0,2023-04-29,Resigned
102663,6055,Vasana Samra,PICKER,m,53891.0,2024-04-02,Active
102664,6001,Samaksh Mitra,Delivery Rider,Female,45797.0,2024-12-06,Active
102665,6116,Aarini Iyengar,Packer,,29916.0,2024-07-17,Resigned
102666,6038,Upkaar Mitter,Picker,F,18703.0,2025-09-20,RESIGNED
102667,6147,George Acharya,PICKER,f,47005.0,14-Feb-2023,On Leave
102668,6082,Xavier Thaker,delivery rider,F,20866.0,2025-01-26,Active
102669,6139,Onkar Sengupta,delivery rider,f,59270.0,08-Sep-2022,Active
102670,6150,Adya Kulkarni,PICKER,Male,64644.0,2022-11-07,On Leave
102671,6067,Yug Bajaj,Store Manager,m,49802.0,04-14-2023,RESIGNED
102672,6131,Jason Ravi,delivery rider,Female,27080.0,2023-09-19,active
102673,6004,Akshay Deshpande,delivery rider,Female,25875.0,2023-12-14,Active
102674,6023,Janani Menon,Quality Checker,f,47886.0,2024-08-05,Active
102675,6097,Anika Mahajan,Inventory Associate,Male,57376.0,11-Aug-2023,RESIGNED
102676,6149,Bhavani Lad,delivery rider,F,32465.0,2023-03-07,On Leave
102677,6065,Upadhriti Deep,Packer,F,52995.0,2025-06-28,Resigned
102678,6015,Sanya Pillay,Inventory Associate,,25474.0,2023-05-11,RESIGNED
102679,6138,Ayushman Varghese,Store Manager,Female,25728.0,2026-03-01,Active
102680,6066,Tara Sankar,Store Manager,Female,50591.0,2023-01-25,Active
102681,6053,Nidra Savant,Inventory Associate,Female,28100.0,2023-09-04,Active
102682,6074,Aarush Magar,Packer,f,59216.0,2025-11-05,Active
102683,6041,Chavvi Balasubramanian,PICKER,M,57574.0,2022-08-31,RESIGNED
102684,6104,Nikita Chander,Quality Checker,Male,19651.0,2024-03-20,Resigned
102685,6014,Aarnav Sarkar,Delivery Rider,f,23191.0,2026-01-28,RESIGNED
102686,6128,Aarini Desai,delivery rider,F,19606.0,2026-03-30,Active
102687,6033,Mohini Konda,Quality Checker,M,60155.0,2026-03-17,Resigned
102688,6066,Ikshita Misra,Store Manager,F,53019.0,2025-08-05,Active
102689,6136,Frado Saran,Packer,Male,60899.0,2024-07-10,active
102690,6147,Luke Ganesan,Store Manager,Male,48893.0,2023-08-15,Active
102691,6131,Chasmum Sachdev,Delivery Rider,f,31979.0,2023-08-18,Active
102692,6004,Triveni Banik,Quality Checker,Female,40001.0,2024-04-20,Active
102693,6119,Yashoda Dani,Delivery Rider,Female,17009.0,12-02-2025,active
102694,6094,Reva Srinivasan,delivery rider,Male,62568.0,2022-11-06,On Leave
102695,6117,Daniel Patla,Delivery Rider,Male,57584.0,2024-08-09,active
102696,6136,Baghyawati Deep,Quality Checker,F,24984.0,01-01-2026,Active
102697,6108,Upadhriti Datta,Inventory Associate,f,31277.0,2024-06-09,Active
102698,6068,Daksh Varkey,Store Manager,f,38674.0,2025-01-21,Active
102699,6019,Ojasvi Padmanabhan,Packer,Female,37644.0,12-07-2022,Active
102700,6106,Ridhi Setty,Packer,Male,59369.0,2026-03-07,active
102701,6117,Gabriel Divan,Store Manager,,56086.0,2022-12-01,Active
102702,6072,Lajita Chandran,PICKER,F,45352.0,2023-03-12,RESIGNED
102703,6124,Laksh Nagi,Delivery Rider,Male,15373.0,2024-06-07,On Leave
102704,6101,Harita Ram,delivery rider,M,21070.0,2026-07-20,Resigned
102705,6091,Manbir Wagle,Packer,m,46816.0,2025-10-21,Active
102706,6111,Samar Gade,Inventory Associate,M,56374.0,2025-04-12,active
102707,6018,Yuvraj Krish,Inventory Associate,F,46738.0,2024-03-17,On Leave
102708,6028,Sathvik Gopal,PICKER,Female,28749.0,14/08/2026,Active
102709,6117,Wazir Dhar,Packer,Female,,2025-05-25,Active
102710,6087,Umang Sahni,Quality Checker,Male,36222.0,2025-03-02,Resigned
102711,6042,Mohammed Khatri,Picker,M,39586.0,2022-10-10,Resigned
102712,6105,Omya Kamdar,Delivery Rider,M,55488.0,18/07/2024,Active
102713,6066,Ekanta Chana,Quality Checker,F,48156.0,2023-04-23,Active
102714,6107,Aarini Bawa,Inventory Associate,M,38797.0,2024-07-12,RESIGNED
102715,6057,Damini Ratti,Inventory Associate,m,24670.0,2023-11-13,Active
102716,7006,Chatura Palan,PICKER,F,25688.0,2024-10-20,active
102717,6124,Sarthak Sachdev,PICKER,f,52089.0,2023-04-04,On Leave
102718,6029,Noah Iyengar,Store Manager,m,46761.0,2023-12-15,Active
102719,6069,Widisha Magar,Packer,m,29361.0,2022-12-30,Active
102720,6122,Anamika Basak,Delivery Rider,m,58986.0,02-Jun-2024,On Leave
102721,6040,Jhalak Mannan,delivery rider,F,43693.0,2023-04-09,Resigned
102722,6084,Pranit Krishna,PICKER,m,,2023-09-02,Active
102723,6067,Ridhi Kothari,Packer,Male,29754.0,2024-07-08,Active
102724,6054,Warjas Bandi,Inventory Associate,M,45716.0,2023-05-05,active
102725,6113,Anita Samra,Quality Checker,Female,22031.0,2025-01-09,Resigned
102726,6034,Avni Kapur,Inventory Associate,M,37236.0,12-26-2022,Active
102727,6149,Anthony Johal,Quality Checker,m,38546.0,2025-05-23,RESIGNED
102728,6094,Wazir Ravi,Quality Checker,F,28159.0,2026-04-28,Active
102729,6007,Anita Korpal,Picker,M,17518.0,2023-09-23,Active
102730,6034,Vasatika Sarraf,Quality Checker,M,59024.0,08-12-2026,Resigned
102731,6089,Janani Kata,Packer,Male,49103.0,2025-12-04,Active
102732,6021,Tripti Hayre,Quality Checker,Female,53912.0,2025-08-09,Resigned
102733,6097,Udarsh Parmar,Delivery Rider,F,34649.0,2025-07-15,active
102734,6019,Saanvi Raja,Quality Checker,Female,49660.0,10-21-2025,Active
102735,6070,Yamini Venkatesh,delivery rider,F,47715.0,05-25-2025,Resigned
102736,6083,Zayan Pillai,Quality Checker,F,16641.0,2025-02-14,On Leave
102737,6066,Lipika Sibal,Quality Checker,m,17580.0,2025-06-19,active
102738,6081,Anvi Ahuja,Store Manager,Male,60124.0,20/02/2024,Resigned
102739,6129,Aashi Padmanabhan,Packer,Male,28388.0,2023-09-03,Active
102740,6107,Neha Bora,Quality Checker,f,55903.0,2023-07-04,Active
102741,7007,Idika Mitter,Picker,m,18733.0,2024-05-08,Active
102742,6002,Mugdha Karnik,Delivery Rider,m,48366.0,2023-07-24,Active
102743,6094,Sneha Dube,Quality Checker,m,55727.0,10-24-2023,On Leave
102744,6075,Hardik Dhillon,Picker,f,19200.0,29-Aug-2025,On Leave
102745,6062,Vrinda Dhingra,delivery rider,M,15121.0,2023-05-22,Resigned
102746,6072,Ati Bansal,Picker,Female,29442.0,08-Aug-2026,Resigned
102747,6041,Anya Radhakrishnan,Store Manager,f,15641.0,2024-12-05,Active
102748,6043,Harsh Natt,PICKER,f,48536.0,2023-12-02,Resigned
102749,6040,Tristan Bava,Packer,Female,31182.0,09-09-2022,Active
102750,6020,Qasim Sami,Inventory Associate,Female,36615.0,2025-06-09,Active
102751,6102,Bhavna Ratti,Delivery Rider,f,34942.0,2024-12-29,Resigned
102752,6088,Meghana Zachariah,Delivery Rider,f,33723.0,2026-04-14,Active
102753,6059,Zashil Kibe,delivery rider,F,,2026-02-14,RESIGNED
102754,6067,Jacob Om,Delivery Rider,M,64223.0,2025-04-28,Resigned
102755,6006,Chaitaly Bajwa,PICKER,M,21382.0,2023-06-30,active
102756,6083,Hardik Pandit,Inventory Associate,,28467.0,2023-11-13,Resigned
102757,6144,Advaith Mody,Store Manager,F,38508.0,2023-06-04,Resigned
102758,6138,Geetika Khurana,Quality Checker,M,18146.0,2022-11-19,On Leave
102759,6056,Vinaya Pradhan,Delivery Rider,M,45310.0,2026-05-25,Active
102760,6126,Champak Chana,Picker,Male,57662.0,2023-04-19,Active
102761,6048,Riya Hayer,Store Manager,M,23482.0,13/06/2024,Resigned
102762,6013,Owen Bhattacharyya,Delivery Rider,M,57401.0,2025-12-19,active
102763,6049,Yuvraj Bedi,Quality Checker,Female,22821.0,2025-11-21,Active
102764,6048,Pranav Hora,Delivery Rider,Male,61796.0,2023-11-01,Resigned
102765,6007,Vanya Biswas,Delivery Rider,M,40915.0,2022-12-12,Active
102766,6053,Onveer Sarin,delivery rider,m,46645.0,2024-11-01,active
102767,6067,Gavin Ganesan,delivery rider,m,17844.0,2024-09-09,Active
102768,6144,Aarush Misra,Delivery Rider,f,54806.0,26/07/2024,Resigned
102769,6107,Tripti Deo,Store Manager,F,56868.0,2024-01-19,On Leave
102770,6043,Sara Jaggi,Delivery Rider,Male,41162.0,2023-04-17,active
102771,6110,Gaurav Chatterjee,Quality Checker,f,52879.0,2025-09-04,Active
102772,6077,Balendra Panchal,delivery rider,F,51423.0,2024-01-03,Active
102773,6099,Ronith Chokshi,Inventory Associate,m,37364.0,2026-01-13,RESIGNED
102774,6051,Eiravati Toor,Inventory Associate,Male,47162.0,2024-08-19,Active
102775,6077,Priya Jain,Packer,f,20500.0,2022-09-08,Resigned
102776,6028,Harish Singhal,Packer,Female,,2023-06-10,Resigned
102777,6064,Gauri Handa,Delivery Rider,f,46282.0,2023-12-28,RESIGNED
102778,6095,Yashawini Chaudhuri,delivery rider,Male,46665.0,05-05-2023,Resigned
102779,6040,Isaac Dara,Delivery Rider,M,53576.0,07-Feb-2023,RESIGNED
102780,6044,Ojasvi Sridhar,Inventory Associate,F,41365.0,2023-08-05,active
102781,6083,Madhav Krishnan,Store Manager,,63342.0,04-05-2025,Active
102782,6130,Alka Kota,Delivery Rider,,,2024-04-10,Resigned
102783,6035,Bimala Chad,Picker,m,35652.0,2022-08-26,Active
102784,6008,Ranbir Kibe,Quality Checker,F,56959.0,2024-05-24,Active
102785,6056,Lakshmi Warrior,delivery rider,F,63965.0,2024-11-07,RESIGNED
102786,6015,Chaaya Sahni,Delivery Rider,Male,17759.0,2023-05-17,RESIGNED
102787,6057,Bhavya Shah,PICKER,M,45140.0,18-Oct-2022,Active
102788,6093,Watika Subramaniam,Delivery Rider,Female,64631.0,2024-02-14,Active
102789,6022,Tripti Atwal,Quality Checker,F,27880.0,2024-11-18,Resigned
102790,6113,Xalak Som,Quality Checker,f,27831.0,06-23-2023,Active
102791,6141,Chatura Naik,Picker,Female,64834.0,04-01-2025,Active
102792,6135,Kabir Datta,Delivery Rider,Male,45503.0,2022-12-30,RESIGNED
102793,6101,Farhan Atwal,Quality Checker,M,39920.0,2023-07-06,Active
102794,6029,Nandini Khare,PICKER,M,50326.0,2025-11-24,On Leave
102795,6143,Unnati Kumar,Quality Checker,Male,55134.0,2025-04-13,On Leave
102796,6056,Simon Parikh,Store Manager,Male,28779.0,2024-07-30,Active
102797,6038,Warhi Batta,PICKER,M,49548.0,2025-05-05,Resigned
102798,6080,Gavin Kanda,delivery rider,f,50683.0,2022-09-10,active
102799,6102,Yashawini Manda,PICKER,m,47219.0,2024-06-07,Active
102800,6042,Jatin Koshy,delivery rider,Male,41509.0,2023-09-20,On Leave
102801,6149,Dayita Varty,Delivery Rider,f,27996.0,2026-01-01,active
102802,6053,Ojas Kamdar,PICKER,,45155.0,2026-06-10,Resigned
102803,6024,Yatin Naidu,Quality Checker,f,57698.0,2025-04-20,Active
102804,6038,Yatan Patil,Store Manager,f,16145.0,2026-05-28,active
102805,6129,Diya Rout,delivery rider,f,19243.0,2025-02-06,RESIGNED
102806,6129,Nakul Mital,Picker,f,38205.0,2023-11-23,Resigned
102807,6010,Yashoda D’Alia,delivery rider,F,36579.0,05-26-2026,Active
102808,6004,Januja Sharaf,Store Manager,m,26283.0,16/08/2023,Active
102809,6085,Harish Sandal,Store Manager,f,46441.0,25/01/2024,On Leave
102810,6090,Aashi Ray,Inventory Associate,,58560.0,2025-03-04,On Leave
102811,6007,Yachana Dube,PICKER,Female,23508.0,2025-02-07,On Leave
102812,6012,Bakhshi Chakraborty,Store Manager,m,15562.0,2024-03-30,active
102813,6097,Madhavi Nath,Packer,M,30596.0,2023-06-09,Resigned
102814,6022,Dipta Kulkarni,PICKER,M,28498.0,2023-03-14,RESIGNED
102815,6129,Gaurika Patla,Delivery Rider,M,35788.0,2023-06-16,Active
102816,6067,Tripti Khatri,delivery rider,F,20806.0,2026-08-14,RESIGNED
102817,6075,Sarthak Solanki,Packer,Female,21296.0,2026-05-31,Active
102818,6085,Diya Mander,PICKER,Male,16472.0,2022-10-14,active
102819,6108,Udyati Ratta,Delivery Rider,Female,60252.0,2022-10-09,Resigned
102820,6067,Qarin Gera,delivery rider,F,41858.0,2023-07-16,Resigned
102821,6006,Chaaya Bhatt,Quality Checker,F,38018.0,2023-12-12,active
102822,6145,Aayush Shan,delivery rider,m,31610.0,2023-09-04,Active
102823,6138,Amaira Dyal,Picker,f,30088.0,26/05/2026,Active
102824,6026,Yashodhara Lanka,Picker,Male,60986.0,2023-06-24,Active
102825,6058,Michael Shukla,Inventory Associate,F,57061.0,2026-03-31,active
102826,6142,Quincy Arora,Picker,Female,19466.0,2022-12-01,RESIGNED
102827,6008,Laban Nagi,Inventory Associate,M,44949.0,2024-03-01,On Leave
102828,6138,Rehaan Subramanian,Quality Checker,F,24667.0,2025-07-18,On Leave
102829,6018,Zarna Padmanabhan,Picker,m,23606.0,2024-11-16,active
102830,6001,Urvi Panchal,Inventory Associate,M,25146.0,2023-01-31,active
102831,6103,Chandran Vora,Packer,Female,36618.0,2024-12-01,Active
102832,6142,Pushti Karnik,PICKER,Female,31901.0,2024-06-01,active
102833,6059,Mekhala Rattan,Store Manager,,59441.0,2024-09-23,active
102834,6043,Warda Srinivas,Inventory Associate,F,26314.0,09-29-2024,Active
102835,6142,Sathvik Kunda,Picker,F,14852.0,2023-08-28,Active
102836,6111,Isaac Bora,Picker,Male,44208.0,2024-06-30,active
102837,6148,Leela Dada,Packer,Female,41804.0,2024-04-21,Active
102838,6143,Ishita Ramaswamy,Picker,m,24197.0,2025-01-06,Resigned
102839,6041,Yashica Mutti,PICKER,F,38704.0,2023-03-29,On Leave
102840,6132,Chatura Lal,Inventory Associate,F,48711.0,2023-02-24,On Leave
102841,6120,Advik Pai,Inventory Associate,Female,40526.0,2023-10-09,On Leave
102842,6023,Thomas Karan,Delivery Rider,M,38582.0,2024-06-06,On Leave
102843,6104,Hredhaan Sandal,Quality Checker,F,56978.0,2025-01-15,RESIGNED
102844,6037,Raksha Nath,Picker,f,46391.0,2023-07-09,Active
102845,6046,Ekantika Memon,delivery rider,,29897.0,10-30-2023,Active
102846,6118,Dakshesh Mukherjee,Picker,F,29431.0,2026-08-09,On Leave
102847,6002,Kalpit Wable,PICKER,m,24302.0,2023-01-20,On Leave
102848,6068,Sai Boase,Picker,M,52286.0,07/10/2023,Active
102849,6072,Abha Balan,Picker,F,58765.0,2025-11-28,Active
102850,6027,Ayush Subramanian,Quality Checker,M,19314.0,2024-10-06,Active
102851,6075,Gavin Kaul,Store Manager,f,36085.0,2026-06-09,RESIGNED
102852,6094,Krisha Trivedi,delivery rider,M,44290.0,2026-03-25,Active
102853,6003,Widisha Mand,PICKER,f,37600.0,2024-03-03,Resigned
102854,6126,Nisha Vohra,Packer,f,,2024-06-23,RESIGNED
102855,6040,Nicholas Buch,Packer,,52498.0,2023-08-18,Resigned
102856,6086,Anthony Dora,Packer,Female,46857.0,2025-09-16,Active
102857,6042,Finn Balay,Quality Checker,F,18265.0,2025-02-24,active
102858,6131,Barkha Pandit,delivery rider,Male,44839.0,2023-06-23,RESIGNED
102859,6143,Balhaar Atwal,delivery rider,f,50983.0,2022-11-29,Active
102860,6098,Ijaya Sinha,Packer,,54687.0,2023-03-09,Active
102861,6122,Abhiram Gaba,Quality Checker,,18219.0,2025-10-14,On Leave
102862,6036,Zansi Borra,Picker,M,41211.0,03/09/2022,Active
102863,6009,Joshua Majumdar,Inventory Associate,m,59664.0,2022-10-23,Active
102864,6104,Tripti Parmar,Picker,m,42199.0,2024-07-14,Active
102865,6099,Amara Grewal,PICKER,Female,31539.0,06/03/2025,Active
102866,6003,Alexander Borah,PICKER,Male,28668.0,2024-09-27,On Leave
102867,6140,Lakshit Rai,Picker,Female,37136.0,2025-06-03,On Leave
102868,6132,Chandani Vyas,Quality Checker,Female,50916.0,2024-11-14,Active
102869,6141,Advik Sahni,PICKER,Female,25545.0,2026-08-10,On Leave
102870,6003,George Singh,Inventory Associate,F,24811.0,2025-04-01,Active
102871,6111,Anirudh Sridhar,Packer,Female,22730.0,2025-10-25,Resigned
102872,6139,Reyansh Naik,delivery rider,Male,46241.0,2026-03-06,RESIGNED
102873,6109,Ria Majumdar,Packer,,49922.0,2023-08-11,Active
102874,6036,Zashil Thakkar,Picker,,63195.0,2023-02-04,Active
102875,6023,Chatresh Narula,Quality Checker,Male,25459.0,2023-02-02,Resigned
102876,6066,Pavani Mannan,PICKER,,41371.0,2023-10-27,Active
102877,6026,Ranveer Seshadri,delivery rider,M,35089.0,2022-11-23,Active
102878,6004,Faraj Verma,Picker,Female,40612.0,2024-11-24,active
102879,6144,Jai Pradhan,Inventory Associate,f,14913.0,2024-04-22,Resigned
102880,6014,Inaya De,Delivery Rider,Male,15452.0,2023-05-07,Active
102881,6019,Ridhi Radhakrishnan,Inventory Associate,Female,28508.0,2025-04-02,Active
102882,6100,Robert Das,Packer,m,38173.0,01/10/2023,On Leave
102883,6076,Zarna Ratta,Store Manager,F,43009.0,25-Mar-2025,Resigned
102884,6071,Isaac Iyengar,Inventory Associate,,42162.0,10/05/2025,Active
102885,6087,Inaya Banik,Picker,F,,2026-05-03,RESIGNED
102886,6042,Yadavi Kurian,Store Manager,Male,64235.0,2025-10-22,Resigned
102887,6006,Wakeeta Lad,Picker,f,46378.0,2024-08-03,Active
102888,6070,Devansh Sachar,Quality Checker,f,21210.0,2024-10-20,RESIGNED
102889,6051,Vincent Karan,Delivery Rider,Male,44149.0,2025-01-03,On Leave
102890,6060,Mohammed Memon,Store Manager,,26618.0,2026-03-23,Resigned
102891,6095,Jeevika Krishnan,Picker,,64938.0,2024-08-04,Active
102892,6048,Omkaar Parsa,PICKER,,31628.0,2025-08-02,Active
102893,6125,Bhavani Chandran,Packer,m,36135.0,2023-05-31,Active
102894,6120,Amrita Sarraf,Picker,F,41240.0,2024-02-07,Resigned
102895,6143,Abhiram Khare,Store Manager,m,46383.0,2025-08-18,Active
102896,6007,Wazir Nath,Store Manager,m,55260.0,2024-10-19,Active
102897,6126,Jagvi Nagar,PICKER,F,55875.0,01/03/2023,Active
102898,6130,Harshil Bakshi,Inventory Associate,M,43652.0,09-07-2023,Active
102899,6080,Abhimanyu Khare,Delivery Rider,Female,63611.0,2023-10-29,RESIGNED
102900,6003,Eshana Johal,Picker,Female,27438.0,2024-08-21,active
102901,6071,Omkaar Iyer,Inventory Associate,Male,51508.0,2024-07-17,active
102902,6131,Nihal Doctor,delivery rider,Female,,2023-11-17,On Leave
102903,6102,Dipta Prasad,Packer,m,26053.0,2026-05-24,On Leave
102904,6048,Ethan Singhal,Delivery Rider,m,27368.0,2025-06-11,Resigned
102905,6042,Tara Ghosh,Picker,Male,53058.0,2022-12-25,On Leave
102906,6068,Mohini Sundaram,Picker,,26894.0,2024-09-05,Active
102907,6144,Samar Murty,delivery rider,f,51985.0,2025-06-23,active
102908,6064,Alexander Chand,Packer,Male,40023.0,2023-11-15,RESIGNED
102909,6100,Guneet Bali,PICKER,f,53692.0,2023-06-06,active
102910,6020,Samar Nagi,Quality Checker,F,19851.0,14-Jul-2026,Active
102911,6058,Alexander Shah,Store Manager,Female,50662.0,2026-01-02,Resigned
102912,6075,Faraj Dhar,Store Manager,Female,36651.0,2025-11-24,Active
102913,6077,Wyatt Mangal,Delivery Rider,Male,44924.0,2025-01-06,Active
102914,6108,Yochana Barad,Quality Checker,f,45329.0,2025-04-26,Active
102915,6102,Jatin Radhakrishnan,delivery rider,Male,16579.0,2024-11-08,Active
102916,6029,Viraj Warrior,Delivery Rider,m,22320.0,2022-12-30,Active
102917,6122,Janaki Nayar,PICKER,m,21077.0,2026-04-21,Active
102918,6126,Upasna Borah,Picker,F,50301.0,2024-09-04,Active
102919,6096,Sai Kumer,Delivery Rider,m,15443.0,2024-10-27,Active
102920,6088,Ojasvi Borde,Inventory Associate,Male,37949.0,2026-01-14,On Leave
102921,6001,Gagan Purohit,Inventory Associate,F,45128.0,2024-02-05,active
102922,6130,Warhi Subramaniam,Delivery Rider,f,56782.0,2023-10-29,Active
102923,6090,Zinal Nadkarni,Store Manager,Female,16923.0,2023-02-03,Resigned
102924,6096,Chanakya Dixit,Packer,Male,44649.0,2024-05-25,Active
102925,6108,Tanish Date,Packer,f,42800.0,2026-01-06,Resigned
102926,6025,Aarush Dua,Picker,m,49024.0,2025-08-12,active
102927,6008,Eiravati Sundaram,Inventory Associate,f,34007.0,2026-07-30,On Leave
102928,6072,Jagdish Loke,delivery rider,f,59797.0,2022-10-12,RESIGNED
102929,6106,Wishi Tata,Packer,Male,15742.0,2022-11-12,Active
102930,6068,Warhi Nayar,Store Manager,Male,35818.0,2026-02-25,Active
102931,6083,Anay Batra,Inventory Associate,f,54250.0,2026-08-09,active
102932,6033,Mohammed Jha,Delivery Rider,m,37406.0,2025-04-04,On Leave
102933,6003,Pallavi Gola,Quality Checker,Female,55778.0,08-12-2023,Active
102934,6084,Dev Nagar,Quality Checker,M,30514.0,2024-12-08,Active
102935,6094,Yoshita Gill,delivery rider,M,41265.0,2026-07-07,Active
102936,6010,Krishna Issac,Quality Checker,Male,17910.0,2023-03-17,Resigned
102937,6116,Alexander Mukherjee,Store Manager,Female,49934.0,2023-02-14,RESIGNED
102938,6025,Rachana Handa,Delivery Rider,m,,2026-02-10,Active
102939,6100,Max Bhagat,PICKER,M,18322.0,2025-05-02,Active
102940,6051,Nidhi Shere,Inventory Associate,Male,54953.0,2024-05-08,Active
102941,6083,Patrick Baral,Store Manager,Male,19149.0,2024-08-27,active
102942,6088,Vaishnavi Sama,Delivery Rider,Male,62926.0,19-Oct-2024,Active
102943,6038,Chaaya Dixit,PICKER,m,41178.0,2023-08-17,RESIGNED
102944,6028,Kai Dugar,Quality Checker,F,63224.0,2022-11-05,On Leave
102945,6066,Manan Arya,Picker,m,36170.0,2024-04-26,RESIGNED
102946,6011,Jhalak Walla,Delivery Rider,M,,2026-05-06,Active
102947,6007,Widisha Loyal,PICKER,F,41297.0,2025-11-13,On Leave
102948,6119,Chatura Rau,PICKER,m,30000.0,2025-11-12,RESIGNED
102949,6018,Teerth Oommen,Packer,M,19990.0,2025-07-06,active
102950,6103,Divya Gill,Delivery Rider,F,,2026-02-22,Active
102951,6028,Harsh Kakar,Store Manager,M,57897.0,2025-08-16,On Leave
102952,6006,Ekapad Chakraborty,Quality Checker,M,44252.0,2025-06-28,Active
102953,6017,Harita Pandey,Quality Checker,F,19819.0,2023-01-14,On Leave
102954,6001,Yuvraj Doshi,PICKER,M,60472.0,2025-05-30,Resigned
102955,6016,Ridhi Lad,Quality Checker,F,,2024-07-26,Active
102956,6039,Yauvani Naik,PICKER,M,62171.0,2025-01-24,Active
102957,6150,Divya Sachdeva,Store Manager,Male,17496.0,2025-06-27,Resigned
102958,6075,Michael Narain,Quality Checker,m,27186.0,28/10/2024,Active
102959,6040,Vivaan Ramaswamy,Store Manager,Male,48435.0,2025-11-18,Active
102960,6132,Pooja Karan,Quality Checker,f,20149.0,2025-11-10,Active
102961,6046,Charvi Suri,Inventory Associate,m,29199.0,2024-02-12,On Leave
102962,6104,Ekiya Dhingra,Delivery Rider,m,62958.0,2024-02-26,Active
102963,6078,Anthony Uppal,Picker,M,26634.0,2025-06-25,RESIGNED
102964,6117,Triya Contractor,delivery rider,m,23112.0,2023-08-22,active
102965,6101,Pavani Hora,Inventory Associate,m,55718.0,2026-08-11,Active
102966,6075,Vrinda Madan,PICKER,F,32373.0,2024-07-01,active
102967,6071,Veer Narayan,delivery rider,F,38481.0,2025-04-02,On Leave
102968,6005,Anirudh Kala,delivery rider,Female,46461.0,24/08/2024,active
102969,6065,Falan Oak,Store Manager,F,31416.0,2026-05-17,Active
102970,6043,Mason Warrior,Store Manager,M,49010.0,2022-11-07,Active
102971,6031,Ira Sarin,delivery rider,Male,20110.0,2023-11-20,Active
102972,6129,Pallavi Kothari,delivery rider,m,27666.0,2023-09-12,Active
102973,6049,Rachit Warrior,Inventory Associate,,48088.0,2026-04-27,RESIGNED
102974,6094,Anika Sibal,PICKER,f,59701.0,2023-10-18,Active
102975,6094,Vrinda Loyal,PICKER,Female,41347.0,2023-05-29,RESIGNED
102976,6150,Nandini Bali,delivery rider,Female,58018.0,2022-11-03,RESIGNED
102977,6016,Anvi Dey,Inventory Associate,Female,43325.0,2024-03-21,Active
102978,6132,Zarna Lad,Store Manager,M,32052.0,2022-10-09,active
102979,6148,Neel Loyal,PICKER,f,50706.0,2024-05-09,RESIGNED
102980,6024,Dalaja Parmar,Picker,Female,34444.0,2023-02-17,Active
102981,6020,Aachal Dass,Inventory Associate,f,25350.0,2024-07-08,Active
102982,6048,Veda Bose,Store Manager,Male,25433.0,2024-10-24,Resigned
102983,6019,Yatan Cherian,PICKER,,20886.0,2025-12-03,Active
102984,6047,Priya Sule,PICKER,f,34720.0,25/10/2023,On Leave
102985,6025,Andrew Choudhry,delivery rider,f,18093.0,2024-12-24,RESIGNED
102986,6148,Gagan Patil,Quality Checker,Female,27356.0,2022-12-10,Resigned
102987,6089,Yatin Suri,Inventory Associate,M,42563.0,2023-04-13,RESIGNED
102988,6032,Zinal Barman,Picker,Male,25452.0,2026-02-12,active
102989,6119,Ucchal Vohra,Quality Checker,Male,35950.0,2025-06-22,Active
102990,6046,Dakshesh Bhatti,Delivery Rider,F,58361.0,02/12/2023,active
102991,6150,Yadavi Rao,Picker,m,14857.0,2023-07-25,Resigned
102992,6087,Idika Toor,Quality Checker,M,17716.0,22/05/2023,On Leave
102993,6116,Bhavna Bandi,Delivery Rider,,51617.0,24/08/2025,Resigned
102994,6009,Quincy Halder,Store Manager,M,56979.0,2026-07-03,On Leave
102995,6030,Yatan Choudhury,PICKER,Male,22146.0,2023-08-16,Resigned
102996,6131,Hritik Dhar,Delivery Rider,F,64013.0,2022-11-04,active
102997,6015,Anmol Agate,Quality Checker,M,51476.0,2025-03-18,RESIGNED
102998,6145,Farhan Batta,PICKER,m,22129.0,2022-09-06,Resigned
102999,6075,Ekanta Handa,Packer,Female,28620.0,2025-12-08,Active
103000,6051,Banjeet Patil,Inventory Associate,Female,39459.0,2023-04-30,Active
103001,6146,Kai Hegde,PICKER,,18601.0,2023-03-16,Active
103002,6135,Shravya Dhar,PICKER,F,45816.0,2025-06-27,On Leave
103003,6002,Rachana Rajan,PICKER,m,21302.0,10-Apr-2025,Active
103004,6105,Chameli Nayak,Packer,M,32307.0,2024-03-23,RESIGNED
103005,6119,Anthony Rajagopal,Packer,f,21858.0,2026-04-21,active
103006,6119,Lajita Ganesh,Picker,M,33381.0,2024-12-14,Resigned
103007,6009,Suhani Som,Inventory Associate,,32025.0,2022-11-18,Active
103008,6017,Alexander Bhargava,delivery rider,,22527.0,2023-03-11,Active
103009,6100,Barkha Mane,Delivery Rider,m,40219.0,2023-03-11,Active
103010,6127,Samuel Varghese,Inventory Associate,m,22382.0,2023-01-20,Resigned
103011,6029,Yadavi Hegde,Packer,f,53412.0,07-18-2023,RESIGNED
103012,6106,Wriddhish Doctor,Quality Checker,F,27599.0,2026-03-10,Active
103013,6075,Aditya Chawla,Picker,Female,40324.0,2024-12-18,active
103014,6032,Raghav Kade,Delivery Rider,Male,,2024-12-08,Active
103015,7009,Xalak Tiwari,Picker,Male,22616.0,2022-09-24,Active
103016,6024,Tanveer Swaminathan,Inventory Associate,F,22595.0,2024-07-01,Active
103017,6125,Rushil Taneja,Inventory Associate,m,53748.0,2026-05-01,Active
103018,6036,Riya Dutt,Delivery Rider,Female,25874.0,21-May-2023,Active
103019,6110,Charita Modi,Packer,m,62648.0,2026-05-02,Resigned
103020,6051,Edhitha Cherian,Picker,Female,44382.0,2026-06-03,On Leave
103021,6021,Prisha Bassi,Picker,Male,37307.0,16-Mar-2026,Resigned
103022,6143,Udarsh Sahni,Packer,,54203.0,2024-06-06,Active
103023,6136,Charvi Gole,Quality Checker,f,15828.0,2025-10-26,Active
103024,6020,Gautami Saini,Packer,F,35458.0,2023-07-01,On Leave
103025,6120,Balvan Sabharwal,Store Manager,M,36995.0,2022-11-18,active
103026,6013,Rachana Oak,Picker,Male,18704.0,2023-12-17,On Leave
103027,6091,Udyati Srinivas,Inventory Associate,f,47358.0,2024-07-02,Active
103028,6100,Owen Kara,Delivery Rider,Male,31422.0,2024-04-18,Active
103029,6145,Chanchal Pandit,Store Manager,m,25953.0,15-Nov-2025,RESIGNED
103030,6069,Mohini Sunder,PICKER,Male,18661.0,2026-02-17,active
103031,6075,Karan Ravel,Quality Checker,f,49896.0,2024-01-27,Active
103032,6106,Saumya Sunder,Packer,F,35425.0,2023-07-29,Resigned
103033,6113,Samaksh Mohan,Inventory Associate,m,59409.0,2023-08-31,Active
103034,6057,Janya Behl,Quality Checker,m,24551.0,11-26-2022,Active
103035,6006,Pushti Bawa,Store Manager,Female,61313.0,2025-12-22,active
103036,6129,Amruta Wason,Delivery Rider,m,37967.0,2024-07-13,On Leave
103037,6012,Yoshita Sanghvi,Picker,F,47309.0,2023-05-24,active
103038,6085,Yahvi Barad,Delivery Rider,,57491.0,2023-02-01,RESIGNED
103039,6040,Dalaja Singhal,Inventory Associate,m,35343.0,2023-09-12,active
103040,6042,Chaman Hayer,Store Manager,m,55774.0,2023-02-28,RESIGNED
103041,6054,Wakeeta Halder,delivery rider,M,57038.0,2025-08-25,RESIGNED
103042,6100,Nathan Nori,Picker,M,48559.0,2025-04-03,active
103043,6091,Banjeet Kulkarni,Picker,M,62507.0,2024-02-29,Active
103044,6032,Yasti Varughese,Store Manager,Female,43577.0,2023-09-15,Active
103045,6025,Meera Bakshi,Packer,F,55482.0,2025-11-24,Active
103046,6004,Abhimanyu Shah,Packer,F,31410.0,2026-07-24,active
103047,6025,Nandini Jaggi,Store Manager,Female,25158.0,2024-02-02,active
103048,6002,Charles Dugal,Quality Checker,F,20201.0,2025-02-02,Active
103049,6144,Vansha Mistry,Quality Checker,m,,27-Jul-2024,RESIGNED
103050,6025,Rudra Gandhi,Picker,M,35499.0,2023-04-20,Active
103051,6147,Lucky Dani,Delivery Rider,,57748.0,2024-12-13,Active
103052,6009,Bakhshi Zacharia,Store Manager,m,52557.0,2025-11-09,RESIGNED
103053,6029,Vedant D’Alia,Packer,f,42981.0,21-Aug-2022,Active
103054,6117,Anay Hans,Picker,M,17633.0,2026-07-30,Active
103055,6085,Avi Khurana,delivery rider,F,61350.0,2023-01-07,Resigned
103056,6013,Vrinda Gupta,Delivery Rider,,49784.0,11-02-2023,active
103057,6053,Champak Gour,Inventory Associate,f,33382.0,2025-01-13,On Leave
103058,6015,Tristan Mital,PICKER,f,55978.0,11-18-2023,active
103059,6117,Rushil Chada,Inventory Associate,M,42657.0,2025-06-08,Active
103060,6085,Ladli Arya,Delivery Rider,F,40963.0,2026-04-22,Active
103061,6045,Sai Sethi,Quality Checker,F,38621.0,2023-09-19,RESIGNED
103062,6138,Abhiram Kar,Delivery Rider,m,37831.0,2025-08-26,On Leave
103063,6101,Meera Bedi,Store Manager,m,20841.0,2025-03-18,Active
103064,6128,Agastya Kumer,delivery rider,F,33450.0,2025-03-05,Active
103065,6004,Oni Mann,Inventory Associate,Female,25630.0,2022-11-10,RESIGNED
103066,6030,Divya Ganguly,Packer,Female,57105.0,2025-05-30,Active
103067,6040,Robert Anand,delivery rider,Female,17746.0,2024-04-01,On Leave
103068,6074,Pranit Mangat,delivery rider,Male,22467.0,25-May-2024,On Leave
103069,6064,Gauri Radhakrishnan,Store Manager,Male,32381.0,2022-11-06,Active
103070,6146,Ridhi Sarna,Inventory Associate,f,22274.0,10-Aug-2026,RESIGNED
103071,6088,Robert Warrior,Picker,f,29200.0,2025-05-10,RESIGNED
103072,6123,Champak Edwin,Delivery Rider,M,44078.0,2025-03-30,Active
103073,6042,Megha Pau,Quality Checker,F,61234.0,2023-07-05,Active
103074,6125,Teerth Ganesan,Quality Checker,f,43025.0,2023-10-24,active
103075,6091,Timothy Narain,Delivery Rider,f,31373.0,2026-07-27,RESIGNED
103076,6102,Nathaniel Ramachandran,Store Manager,Male,20712.0,2024-12-01,Active
103077,6065,Balveer Nagy,PICKER,m,54832.0,2023-08-26,active
103078,6102,Abhimanyu Desai,Inventory Associate,f,32883.0,09-12-2025,Active
103079,6112,Daksha Prakash,Packer,F,31847.0,2026-03-20,Resigned
103080,6126,Faraj Sodhi,Store Manager,Male,47807.0,2025-10-25,On Leave
103081,6138,Wahab Dey,Delivery Rider,f,27727.0,2026-05-12,active
103082,6129,Krish Garg,delivery rider,M,47078.0,2022-11-01,active
103083,6023,Chakrika Raja,Quality Checker,F,35510.0,2023-11-28,RESIGNED
103084,6120,Alexander Peri,delivery rider,f,34138.0,2023-08-07,On Leave
103085,6140,Jack Chaudhuri,Store Manager,Female,52706.0,2022-10-02,Active
103086,6061,Simon Manne,Store Manager,f,50046.0,2023-05-14,On Leave
103087,6079,Bahadurjit Shroff,Packer,Female,19568.0,2022-10-02,Active
103088,7010,Daniel Padmanabhan,Inventory Associate,m,49383.0,2024-12-05,On Leave
103089,7010,Jacob Walia,delivery rider,Male,30048.0,2023-07-26,On Leave
103090,6009,Vamakshi Edwin,PICKER,f,47694.0,2024-11-25,Active
103091,6102,Daniel Mital,PICKER,Male,56633.0,2022-11-08,Resigned
103092,6010,Azaan Bhagat,delivery rider,Female,26488.0,2026-06-05,Active
103093,6042,Dalbir Bajwa,Inventory Associate,f,64434.0,2024-03-27,active
103094,6053,Oliver Chanda,Delivery Rider,M,54075.0,2024-04-24,RESIGNED
103095,6056,Bachittar Sahota,Picker,M,54366.0,2026-02-08,Active
103096,6022,Samaksh Babu,Picker,f,38504.0,2023-12-05,Active
103097,6136,Urmi Gill,Packer,Female,46227.0,2025-12-02,Active
103098,6032,Ekanta Prakash,Picker,F,37042.0,27/10/2023,Active
103099,6053,Arya Varughese,Inventory Associate,f,48288.0,2025-08-06,Active
103100,6129,Raghav Comar,Picker,f,15737.0,2025-09-17,Active
103101,6009,Patrick Pillay,Quality Checker,F,36801.0,2024-07-19,Active
103102,6130,Rudra Solanki,Picker,f,28667.0,2025-12-06,Active
103103,6126,Anirudh Shanker,delivery rider,m,31709.0,2022-10-26,On Leave
103104,6043,Ira Varty,Store Manager,Female,,2024-05-26,Active
103105,6084,Finn Shan,Picker,M,50249.0,2022-12-28,Active
103106,6112,Bhavika Swaminathan,Delivery Rider,Male,39986.0,2023-07-18,Active
103107,6007,Dayamai Om,Picker,Female,55966.0,2025-06-02,Resigned
103108,6017,Amruta Purohit,PICKER,,41624.0,2024-06-20,active
103109,6061,Wakeeta Doctor,Packer,M,52785.0,2023-11-10,Active
103110,6121,Henry Sharma,Quality Checker,M,26681.0,2023-09-26,Resigned
103111,6124,Falak Aurora,Delivery Rider,Female,54017.0,24/05/2023,Resigned
103112,6129,Rayaan Sachar,Delivery Rider,Female,34997.0,2023-01-22,On Leave
103113,6147,Dalbir Merchant,Packer,F,38995.0,2025-05-16,Resigned
103114,6114,Om Lad,Store Manager,m,,2025-12-19,Active
103115,6047,David Cheema,Picker,Female,45909.0,31-Jul-2023,active
103116,6036,Jagrati Khatri,PICKER,m,59588.0,2024-05-30,Active
103117,6047,Kashvi Srinivas,PICKER,f,54843.0,2024-07-26,RESIGNED
103118,6085,Xavier Wason,delivery rider,f,56726.0,2025-07-12,Active
103119,6036,Eiravati Das,Delivery Rider,M,,2023-08-05,Active
103120,6052,Umang Hayer,Inventory Associate,M,36253.0,2025-11-02,Active
103121,6113,Yutika Lall,Delivery Rider,F,58309.0,2026-07-22,RESIGNED
103122,6044,Sara Suri,delivery rider,m,23638.0,2024-12-28,Active
103123,6030,Urvi Dewan,Inventory Associate,f,50867.0,2024-04-05,Active
103124,6048,Michael Dubey,PICKER,Male,52428.0,2024-12-08,Active
103125,6042,Andrew Grover,Picker,F,,2023-07-11,RESIGNED
103126,6129,Omya Bobal,Store Manager,m,26239.0,2022-11-29,Active
103127,6024,Owen Pradhan,PICKER,M,30978.0,2025-11-30,Resigned
103128,6114,Wriddhish Nazareth,Picker,F,19194.0,2024-02-26,Resigned
103129,6135,Pallavi Sawhney,Quality Checker,M,25515.0,2025-08-20,active
103130,6031,Eesha Bali,Quality Checker,Female,50029.0,2023-03-19,Active
103131,6146,Jagdish Goswami,Picker,Male,40197.0,2025-02-22,Active
103132,6011,Fariq Karnik,Picker,F,17775.0,2023-05-28,RESIGNED
103133,6114,Qasim Tailor,delivery rider,Male,31559.0,2024-03-22,Resigned
103134,6126,Theodore Sengupta,PICKER,f,53331.0,2023-02-25,Active
103135,6058,Vedhika Madan,Inventory Associate,,51493.0,2022-09-27,active
103136,6004,Amruta Rajan,Store Manager,F,34424.0,22-May-2023,On Leave
103137,6130,Benjamin Mohanty,Quality Checker,F,58219.0,2024-02-10,Active
103138,6083,Bahadurjit Nori,PICKER,Female,28588.0,31/01/2024,Active
103139,6115,Abdul Dugal,Store Manager,F,57873.0,2023-11-14,RESIGNED
103140,6141,Dayamai Sanghvi,PICKER,Male,50648.0,2024-06-29,active
103141,6103,Bhavika Lad,PICKER,Female,22653.0,2025-02-04,Active
103142,6019,Samarth Sheth,Store Manager,M,,2022-12-23,On Leave
103143,6139,Radhika Bala,Packer,Female,45049.0,2025-04-23,Active
103144,6132,Chanchal Pathak,delivery rider,f,48412.0,24/05/2024,RESIGNED
103145,6010,Shaurya Bali,Packer,F,,2025-01-17,Resigned
103146,6009,Udant Ganesan,PICKER,f,,2026-07-02,On Leave
103147,6074,Jhalak Jha,Delivery Rider,M,53022.0,2024-02-08,Active
103148,6130,Charan Kibe,Quality Checker,m,56595.0,2023-07-03,Resigned
103149,6046,Pooja Arya,delivery rider,,31198.0,2025-08-13,Resigned
103150,6115,Logan Nori,Picker,M,25333.0,10-Dec-2025,On Leave
103151,6145,Saksham Saraf,Delivery Rider,F,42920.0,2024-05-18,On Leave
103152,6057,Max Tella,PICKER,F,23090.0,2025-01-26,Active
103153,6124,Isaac Bhatt,Quality Checker,f,23727.0,2023-07-07,Resigned
103154,6137,Jhalak Balasubramanian,Delivery Rider,M,48970.0,2024-12-03,On Leave
103155,6127,Anirudh Bhattacharyya,Store Manager,m,30557.0,16-Apr-2026,On Leave
103156,6055,Damyanti Pall,Inventory Associate,Female,38926.0,2026-06-19,RESIGNED
103157,6092,Kalpit Sodhi,Store Manager,Female,40699.0,2025-04-05,RESIGNED
103158,6150,Logan Tripathi,Packer,F,19011.0,2024-02-10,Active
103159,6015,Caleb Desai,Quality Checker,Female,20819.0,2026-06-07,RESIGNED
103160,6124,Ikbal Bhat,Quality Checker,F,33306.0,2024-02-14,RESIGNED
103161,6022,Utkarsh Dave,Store Manager,f,37500.0,2024-12-17,RESIGNED
103162,6105,Naksh Mitter,Delivery Rider,,60162.0,2024-01-13,Active
103163,6109,Faqid Dhingra,Packer,Female,54068.0,2025-07-04,Active
103164,6036,Peter Borra,Picker,,30841.0,2023-09-27,Active
103165,6080,Timothy Nagi,Quality Checker,m,36322.0,23-Mar-2025,Resigned
103166,6093,Meera Hora,Picker,Female,58588.0,2024-07-01,RESIGNED
103167,6061,Lohit Shankar,delivery rider,M,35705.0,2024-01-22,RESIGNED
103168,6141,George Sandhu,Inventory Associate,m,29781.0,2024-10-14,RESIGNED
103169,6068,Bina Tak,Store Manager,Male,21363.0,04/05/2024,Active
103170,6096,Qasim Prasad,Picker,f,30430.0,2024-10-15,Active
103171,6061,Barkha Gokhale,delivery rider,m,64714.0,2023-10-30,On Leave
103172,6052,Fiyaz Nagar,Delivery Rider,m,18644.0,2023-10-25,RESIGNED
103173,6025,Aachal Shetty,Inventory Associate,F,49040.0,2022-12-28,Resigned
103174,6074,Ekalinga Batra,Picker,M,44748.0,06-14-2026,RESIGNED
103175,6100,Janani Minhas,Picker,Male,27384.0,2023-02-23,Active
103176,6131,Dalaja Keer,PICKER,m,35574.0,05-May-2023,RESIGNED
103177,6018,Upma Sant,Picker,Female,31763.0,06-Jan-2026,Active
103178,6116,Shivani Raja,PICKER,M,62902.0,2023-03-20,Active
103179,6022,Ijaya Bhatia,Inventory Associate,,59185.0,2022-12-16,Resigned
103180,6008,Warda Taneja,Inventory Associate,f,58256.0,20-Jul-2026,Resigned
103181,6031,Advika Balakrishnan,Inventory Associate,M,25389.0,2024-04-01,Active
103182,6069,Chasmum Rattan,Inventory Associate,Male,51554.0,2026-02-24,Resigned
103183,6138,Lohit Karpe,Packer,Male,63527.0,09/09/2024,active
103184,6094,Charan Misra,PICKER,Female,41729.0,2026-02-21,Active
103185,6121,Dev Narang,PICKER,f,24441.0,2025-08-18,RESIGNED
103186,6113,Dakshesh Narain,Picker,f,52620.0,11/03/2025,Active
103187,6058,Libni Kulkarni,Inventory Associate,M,61418.0,2023-04-17,Active
103188,6049,Dayamai Kaul,Picker,m,42777.0,12-02-2022,RESIGNED
103189,6121,Lila Keer,Packer,Male,56237.0,2025-12-02,Active
103190,6126,Wyatt Bahri,Store Manager,Male,61059.0,2025-08-08,Active
103191,6067,Baghyawati Natt,Inventory Associate,Female,36740.0,2024-10-05,Resigned
103192,6088,Advika Sama,Quality Checker,,60867.0,2023-02-10,On Leave
103193,6071,Adweta Raman,Delivery Rider,m,62317.0,2026-06-04,Active
103194,6018,Kamala Sanghvi,Inventory Associate,M,44361.0,2025-07-03,On Leave
103195,6125,Hardik Bansal,Delivery Rider,,47039.0,2023-12-16,RESIGNED
103196,6021,Yatan Mangat,PICKER,Male,45004.0,2024-09-17,Active
103197,6149,Nilima Patla,Packer,Female,53468.0,2026-05-18,Active
103198,6033,Avi Lad,Inventory Associate,F,23921.0,05/10/2022,Active
103199,6133,Teerth Rastogi,delivery rider,Female,45399.0,2025-01-13,Active
103200,6001,Omya Reddy,Store Manager,Male,21420.0,2025-04-28,Active
103201,6022,Gabriel Iyengar,Packer,M,,2023-06-18,Active
103202,6087,Ganga Ghose,Quality Checker,m,20189.0,2026-07-23,Active
103203,6085,Falak Samra,Delivery Rider,M,,2026-01-07,RESIGNED
103204,6142,Avni Kuruvilla,delivery rider,m,28397.0,2024-04-01,Resigned
103205,6102,Upma Sinha,Inventory Associate,m,14264.0,2023-06-09,active
103206,6042,Aahana Mitter,Inventory Associate,m,36221.0,30-Jun-2026,active
103207,6134,Rayaan Bose,Delivery Rider,Female,43803.0,2026-07-20,Active
103208,6148,Varsha Nori,Inventory Associate,Male,43817.0,2025-08-25,active
103209,6046,Eiravati Badal,delivery rider,m,18587.0,06/07/2026,RESIGNED
103210,6131,Indira Ratti,Store Manager,Female,21505.0,2022-09-04,active
103211,6062,Nicholas Rajagopal,Quality Checker,,30174.0,2026-04-20,Active
103212,6076,Charan Buch,Quality Checker,Female,,2025-01-19,Active
103213,6004,Hemangini Kapadia,PICKER,F,47432.0,2025-06-22,Resigned
103214,6077,Warinder Agrawal,Packer,M,58156.0,2024-03-16,RESIGNED
103215,6036,Hredhaan Devi,Quality Checker,f,50692.0,2023-03-10,Active
103216,6137,Chavvi Dasgupta,Picker,m,38431.0,2023-10-05,RESIGNED
103217,6080,Gautami Munshi,delivery rider,F,29744.0,2024-01-14,Resigned
103218,6129,Aditya Varghese,Picker,F,34874.0,2023-11-15,active
103219,6030,Arya Ganesh,Packer,f,15214.0,2023-02-12,active
103220,6148,Eiravati Johal,Inventory Associate,Female,63319.0,10-10-2022,active
103221,6120,Abhiram Mitter,Packer,,34140.0,2024-09-21,active
103222,6075,Kamya Behl,Packer,Male,,2025-02-11,RESIGNED
103223,6088,Ranbir Sha,Delivery Rider,M,39097.0,2023-12-10,Resigned
103224,6011,Maanas Virk,Quality Checker,Female,40420.0,2025-11-20,Resigned
103225,6043,Tanay Contractor,Inventory Associate,F,49750.0,2026-03-13,RESIGNED
103226,6121,Vasatika Roy,Quality Checker,f,24015.0,2023-05-08,Active
103227,6111,Manya Arora,Store Manager,F,61476.0,2025-04-25,Resigned
103228,6026,Mitesh Narayanan,Delivery Rider,m,64807.0,02-Dec-2024,active
103229,6106,Nitara Shenoy,Store Manager,Female,60454.0,2024-02-25,Resigned
103230,6074,Benjamin Kar,Packer,m,43987.0,2025-06-27,Active
103231,6056,Jairaj Dubey,Picker,F,46624.0,2024-10-06,Active
103232,6098,Gaurav Chacko,PICKER,Female,,2026-06-21,Active
103233,6047,Yashasvi Manda,Delivery Rider,M,47940.0,2024-03-24,RESIGNED
103234,6149,Kiaan Shroff,Delivery Rider,,29810.0,2022-12-31,Active
103235,6010,Nidra Sodhi,Delivery Rider,m,47415.0,2024-10-13,On Leave
103236,6128,Ojasvi Garg,PICKER,m,28764.0,2024-03-22,Active
103237,6087,Banjeet Sen,Picker,Female,59967.0,2025-11-17,Active
103238,6074,Faris Sule,Picker,Male,22765.0,15-Jun-2023,active
103239,6009,Hiral Borah,Packer,Male,39213.0,2023-01-11,Active
103240,6092,Darika Rajan,delivery rider,M,28557.0,2023-03-19,Active
103241,6021,Balvan Varma,delivery rider,Male,22339.0,2024-12-14,On Leave
103242,6085,Nandini Brar,Picker,,27607.0,2025-01-12,active
103243,6140,Darpan Ramachandran,PICKER,Female,32428.0,2026-06-12,On Leave
103244,6066,Bachittar Kuruvilla,Store Manager,Male,23789.0,2024-04-08,active
103245,6083,Zashil Mukherjee,Inventory Associate,Female,,2024-02-01,active
103246,6033,Libni Wason,Quality Checker,Female,15817.0,2025-03-26,Active
103247,6002,Aarnav Bal,Store Manager,Male,31929.0,2025-10-22,Resigned
103248,6081,Nirja Rai,Store Manager,M,52026.0,2024-02-16,Active
103249,6085,Ekavir Kannan,Picker,Female,43402.0,2022-10-10,On Leave
103250,6023,Vedant Murthy,Quality Checker,M,21348.0,2022-10-03,Resigned
103251,6004,Chandran Ratti,PICKER,f,60397.0,2026-07-23,Active
103252,6131,Rohan Rajagopal,Inventory Associate,Male,18931.0,2026-05-29,Active
103253,6099,Sanya Arora,PICKER,Male,60070.0,04-Jul-2024,Active
103254,6040,Upkaar Palan,Delivery Rider,m,23719.0,2025-08-20,Active
103255,6123,Jacob Bhatti,Quality Checker,f,47104.0,2023-10-07,On Leave
103256,6116,Ishanvi Hayre,PICKER,f,62750.0,2025-09-25,active
103257,6004,Tanvi Ramachandran,delivery rider,Male,45818.0,2026-03-17,RESIGNED
103258,6075,Triveni Purohit,Delivery Rider,F,63263.0,2025-07-04,active
103259,6053,Anika Datta,PICKER,Male,35839.0,2022-12-12,active
103260,6140,Januja Goda,Delivery Rider,f,14655.0,2024-07-29,Active
103261,6081,Nirja Sura,Packer,M,26174.0,2022-12-14,RESIGNED
103262,6141,Saumya Chakrabarti,Delivery Rider,,19023.0,2022-09-04,Active
103263,6050,Ubika Virk,Delivery Rider,f,58676.0,2025-12-20,Active
103264,6036,Timothy Rajagopal,Packer,Male,,2026-02-27,On Leave
103265,6016,Gopal Modi,Quality Checker,M,24107.0,2025-12-12,RESIGNED
103266,6020,Yash Kadakia,Store Manager,m,48878.0,2026-08-10,RESIGNED
103267,6035,Dominic Salvi,PICKER,Female,37008.0,2023-08-19,Active
103268,6117,Jonathan Dutt,Picker,f,38895.0,2024-09-18,Active
103269,6095,Ekani Parmar,delivery rider,Male,18947.0,2022-11-12,Active
103270,6007,Odika Dugal,Store Manager,m,33404.0,13-Jun-2026,On Leave
103271,6001,Vincent Padmanabhan,Store Manager,M,18341.0,2024-12-16,Active
103272,6116,Lekha Kala,Picker,Male,24747.0,2026-08-10,Active
103273,6113,Indrajit Gala,Packer,f,23537.0,2025-06-03,active
103274,6019,Upma Anand,Quality Checker,Female,62640.0,2025-02-28,On Leave
103275,6086,Amol Mahal,PICKER,M,17210.0,12/02/2026,Resigned
103276,6062,Chakrika Kar,Picker,m,51167.0,2025-10-20,Active
103277,6016,Gagan Lad,Store Manager,Male,29768.0,2022-08-19,RESIGNED
103278,6054,Udant Sarma,PICKER,f,41708.0,2023-04-26,Resigned
103279,6094,Eiravati Wason,Store Manager,M,43481.0,2024-08-25,Active
103280,6115,Adweta Chaudhry,Picker,Female,33257.0,2025-09-05,Resigned
103281,6069,Harsh Padmanabhan,Picker,Female,30378.0,2024-08-19,Active
103282,6138,Gaurang Muni,delivery rider,m,23087.0,2024-04-21,Active
103283,6148,Eta Toor,Picker,F,64495.0,22/06/2024,Active
103284,6134,Tanay Merchant,Packer,Female,18955.0,08-09-2023,Active
103285,6005,Gagan Sanghvi,Inventory Associate,f,47453.0,2025-03-03,Active
103286,6139,Gavin Garg,Quality Checker,m,30462.0,2026-03-04,Resigned
103287,6005,Shivansh Chacko,Delivery Rider,f,29879.0,2024-12-06,Resigned
103288,6144,Kala Bumb,Packer,f,31773.0,21-Dec-2022,Active
103289,6091,Michael Nagi,delivery rider,m,28125.0,05-Apr-2023,Active
103290,6116,David Guha,Store Manager,F,55366.0,2023-07-05,active
103291,6050,Aarav Batra,Picker,M,62554.0,12-12-2023,RESIGNED
103292,6138,Tanmayi Tara,Inventory Associate,m,47742.0,2023-02-03,Resigned
103293,6028,Bina Dhingra,Store Manager,Male,23921.0,2024-07-28,On Leave
103294,6021,Wahab Sundaram,Inventory Associate,Male,40426.0,2026-06-17,Resigned
103295,6101,Rachita Nagi,Picker,f,34748.0,2024-01-05,Active
103296,6125,Avi Sampath,Packer,Male,34680.0,2023-10-05,On Leave
103297,6058,Lajita Chandran,Inventory Associate,F,57046.0,02-24-2026,active
103298,6033,Isaiah Wali,delivery rider,Female,53634.0,2025-05-19,Resigned
103299,6055,Qadim Wable,Quality Checker,F,63992.0,2022-08-22,Active
103300,6095,Rohan Dara,delivery rider,Female,42740.0,2023-05-10,On Leave
103301,6134,Daksha Deshpande,PICKER,M,37173.0,2024-06-03,RESIGNED
103302,6015,Ranbir Gupta,Store Manager,Male,47738.0,2023-02-22,Active
103303,6001,Oviya Sachdev,Picker,Female,52584.0,2023-09-27,On Leave
103304,6090,Yauvani Chaudhuri,PICKER,M,29965.0,02-23-2024,Active
103305,6127,Gunbir Mane,Store Manager,,59479.0,2025-02-07,Active
103306,6056,Hamsini Johal,delivery rider,M,18968.0,2024-03-27,RESIGNED
103307,6085,Anvi Malhotra,delivery rider,m,48912.0,2024-08-01,Active
103308,6041,Bimala Kumar,Delivery Rider,Female,44442.0,26/10/2022,On Leave
103309,6041,Lavanya Srinivasan,Inventory Associate,f,34977.0,2022-12-29,Resigned
103310,6028,Hredhaan Karnik,Picker,,44085.0,2024-06-03,Resigned
103311,6110,Ayush Borra,Packer,F,39015.0,2023-02-23,Active
103312,6040,Osha Krishnamurthy,PICKER,Male,54504.0,25-Feb-2024,active
103313,6107,Watika Uppal,PICKER,,29061.0,2023-05-07,On Leave
103314,6048,Triya Ratti,Delivery Rider,m,44170.0,2026-07-18,Active
103315,6009,Faqid Parmer,Store Manager,f,32127.0,29/08/2022,Active
103316,6027,Sai Walia,Quality Checker,f,58804.0,2025-09-26,On Leave
103317,6101,Tarak Nagi,Store Manager,M,45577.0,2023-02-21,On Leave
103318,6070,Vasana Bedi,Quality Checker,M,54958.0,2023-02-23,RESIGNED
103319,6112,Bhavya Palla,Packer,m,50139.0,2026-04-13,Active
103320,6019,Yahvi Modi,Picker,F,45134.0,2022-09-29,Resigned
103321,6124,Zansi Shukla,delivery rider,m,21911.0,2024-01-31,RESIGNED
103322,6014,Waida Wagle,PICKER,F,28856.0,2025-01-27,Active
103323,6052,Lila Taneja,Picker,m,43181.0,2026-01-30,On Leave
103324,6056,Saksham Bobal,Inventory Associate,F,,2025-11-30,Active
103325,6143,Chanchal Amble,Quality Checker,Female,56113.0,01/01/2025,Active
103326,6050,Yug Contractor,Quality Checker,Female,51528.0,2024-08-14,Active
103327,6126,Chandani Zacharia,Picker,Male,37091.0,2026-07-19,RESIGNED
103328,6065,Hemangini Badami,Store Manager,M,54163.0,2024-02-06,Resigned
103329,6041,Udarsh Narasimhan,Inventory Associate,,39061.0,2026-04-24,active
103330,6017,Gautami Kohli,Store Manager,Male,37253.0,2024-02-06,Active
103331,6098,Vanya Bath,Picker,f,59034.0,2025-04-10,active
103332,6149,Alka Butala,Store Manager,M,44471.0,2023-09-13,Active
103333,6023,Balendra Dutt,Picker,F,34291.0,2026-06-11,active
103334,6142,Shivani Bora,Inventory Associate,M,37679.0,25/09/2025,Active
103335,6024,Upma Kumer,Inventory Associate,F,26808.0,2024-11-01,On Leave
103336,6015,Advik Raghavan,PICKER,Male,24837.0,13-Mar-2023,On Leave
103337,6053,Nikita Misra,Quality Checker,m,18820.0,2026-04-09,RESIGNED
103338,6048,Garima Mallick,Store Manager,Male,38564.0,2026-01-01,Resigned
103339,6075,Gavin Pathak,delivery rider,M,25955.0,2025-09-25,Active
103340,6066,Leena Sachdev,delivery rider,Female,40609.0,2024-12-27,Resigned
103341,6103,Hemani Taneja,Packer,f,24745.0,2026-05-01,RESIGNED
103342,6074,Daksh Ben,Picker,Male,45755.0,2025-10-10,active
103343,6012,Eta Patla,Picker,M,46807.0,22-May-2025,Resigned
103344,6036,Amruta Chhabra,delivery rider,F,44031.0,2024-06-13,On Leave
103345,6139,Tanvi Chaudhuri,PICKER,,,2024-04-09,On Leave
103346,6143,Omisha Sem,Quality Checker,Female,49045.0,2022-09-07,Active
103347,6048,Diya Chowdhury,Inventory Associate,Female,46205.0,2023-09-30,On Leave
103348,6088,Krishna Randhawa,PICKER,f,38149.0,2025-06-28,Active
103349,6150,Neha Bajwa,Quality Checker,m,52144.0,2024-12-02,RESIGNED
103350,6129,Aarav Gade,Delivery Rider,Female,47130.0,2024-04-01,RESIGNED
103351,6039,Anirudh Doshi,Inventory Associate,f,41732.0,01-28-2025,On Leave
103352,6054,Vasudha Patla,Store Manager,F,63823.0,2025-12-17,Active
103353,6043,Rajata Sandhu,Inventory Associate,F,27241.0,2025-08-31,Active
103354,6013,Azad Bajaj,Delivery Rider,f,53102.0,2023-02-14,RESIGNED
103355,6006,Sudiksha Sangha,Inventory Associate,Female,53140.0,2025-06-01,Resigned
103356,6077,Devika Wadhwa,PICKER,Female,16691.0,04-Mar-2026,Active
103357,6092,Aarna Sangha,Quality Checker,m,35009.0,2023-09-30,Active
103358,6120,Noah Wable,delivery rider,M,18220.0,2023-02-12,RESIGNED
103359,6003,Laksh Walia,Picker,m,31253.0,2022-09-11,active
103360,6084,Neelima Ghose,Inventory Associate,F,58030.0,2025-05-01,Active
103361,6095,Ikshita Mohanty,delivery rider,M,47654.0,2024-08-10,Active
103362,6099,Girish Bala,delivery rider,Female,56796.0,2024-05-03,active
103363,6100,Xavier Mittal,Quality Checker,M,64337.0,2024-09-15,Active
103364,6082,Gopal Sangha,Delivery Rider,F,49884.0,2023-05-09,Resigned
103365,6033,Hemangini Comar,Inventory Associate,Female,48439.0,2024-11-02,Resigned
103366,6087,Sai Sinha,Picker,Male,38066.0,19-Sep-2022,Resigned
103367,6049,Damyanti Venkataraman,Quality Checker,f,55866.0,2024-04-02,On Leave
103368,6084,Isha Ratti,PICKER,F,21310.0,2023-09-27,Resigned
103369,6045,Yashica Gera,Store Manager,f,15371.0,2024-12-04,Active
103370,6038,Alexander Jain,Picker,F,55187.0,2024-01-11,RESIGNED
103371,6085,Yashica Raval,delivery rider,F,24481.0,2025-01-09,Active
103372,6028,Lajita Soman,Packer,M,58978.0,2022-10-14,active
103373,6007,Yuvraj Kumer,Delivery Rider,F,28407.0,2025-02-22,Active
103374,6129,Anjali Khare,Quality Checker,M,,2024-03-20,RESIGNED
103375,6014,Harita Vig,Delivery Rider,f,25032.0,2022-11-11,RESIGNED
103376,7000,Wridesh Kuruvilla,Inventory Associate,m,44933.0,2023-09-06,On Leave
103377,6015,Ojas Loke,Store Manager,,25278.0,2024-09-23,Active
103378,6147,Chandran Mahajan,delivery rider,Female,42630.0,2025-07-17,On Leave
103379,6054,Vincent Narang,Picker,F,56331.0,2024-05-17,On Leave
103380,6142,Rohan Nori,Quality Checker,M,24343.0,2024-03-01,active
103381,6112,Reyansh Kala,Delivery Rider,m,51216.0,2026-02-02,Resigned
103382,6052,Amol Kohli,Packer,M,36612.0,2025-06-12,RESIGNED
103383,6098,Abeer Thaman,delivery rider,,36602.0,2024-03-12,Active
103384,6114,Barkha Chacko,Inventory Associate,F,17485.0,2024-08-12,Resigned
103385,6064,Kai Manne,Picker,M,43430.0,2025-06-04,active
103386,6025,Rohan Saxena,Delivery Rider,m,55500.0,2024-06-19,Resigned
103387,6122,Harsh Kadakia,Store Manager,Male,50856.0,2023-06-23,active
103388,6132,Kai Prashad,Packer,F,41188.0,02/03/2025,Active
103389,6127,William Butala,Picker,f,25000.0,2026-01-08,On Leave
103390,6108,Jalsa Mukhopadhyay,Delivery Rider,F,64058.0,2025-03-03,Active
103391,6038,Oni Ravel,delivery rider,f,27686.0,03-25-2024,Active
103392,6100,Quincy Char,Delivery Rider,F,53420.0,2024-10-04,On Leave
103393,6125,Wahab Ganesh,delivery rider,f,32878.0,2024-12-25,Active
103394,6127,Aayush Rajagopal,Store Manager,,44944.0,2023-02-24,Active
103395,6015,Manbir Sodhi,Packer,Male,52144.0,2022-11-12,RESIGNED
103396,6031,Aarav Barad,Quality Checker,M,64773.0,2024-09-23,Active
103397,6050,Zaid Rajagopalan,Quality Checker,F,36695.0,2026-05-14,Active
103398,6050,Rachita Nagy,PICKER,,19067.0,2022-12-03,active
103399,6117,Yug Kapoor,Inventory Associate,F,51542.0,06/03/2023,Active
103400,6021,Yahvi Saxena,Inventory Associate,Male,45343.0,27-Mar-2026,RESIGNED
103401,6073,Irya Varghese,Picker,M,50102.0,2025-11-05,active
103402,6088,Geetika Pandya,Store Manager,m,38973.0,2025-11-04,Active
103403,6003,Arunima Dhillon,PICKER,m,44331.0,2023-01-27,RESIGNED
103404,6129,Wahab Peri,Picker,Male,20937.0,2025-03-15,On Leave
103405,6063,Tarak Nagi,PICKER,M,39770.0,2022-12-22,RESIGNED
103406,6107,Advay Chana,Quality Checker,Male,22912.0,2024-10-06,Active
103407,6028,Udant Kala,Packer,Female,22777.0,2025-07-25,active
103408,6150,Girish Din,Picker,f,36898.0,2022-11-29,Resigned
103409,6017,Ati Golla,Quality Checker,Female,21625.0,2024-02-01,Active
103410,6107,Ekanta Koshy,Store Manager,F,47690.0,2026-08-12,Active
103411,6080,Udarsh Padmanabhan,PICKER,m,19142.0,2025-11-13,Active
103412,6067,Ati Parikh,Packer,F,23285.0,2024-05-27,Active
103413,6066,Shivansh Nazareth,PICKER,M,19082.0,2022-09-27,RESIGNED
103414,6088,Yochana Nazareth,Packer,Male,45747.0,2024-04-07,Active
103415,6047,Chandresh Babu,Quality Checker,f,16783.0,2025-06-06,Active
103416,6070,Urishilla Rao,delivery rider,F,32251.0,2022-12-20,RESIGNED
103417,6079,Fitan Bhasin,Delivery Rider,M,58271.0,2026-05-06,active
103418,6006,Abdul Samra,Inventory Associate,m,29344.0,2025-03-21,active
103419,6001,Charvi Ben,delivery rider,F,21945.0,2023-04-04,Resigned
103420,6052,George Naidu,Picker,Male,33797.0,2025-11-12,RESIGNED
103421,6147,Chaaya Chana,Store Manager,M,53204.0,2023-08-09,Active
103422,6069,Ijaya Korpal,Store Manager,M,29196.0,2024-12-12,Active
103423,6072,Advika Nagy,Delivery Rider,F,59232.0,2025-09-04,RESIGNED
103424,6015,Gabriel Karan,Picker,Female,17670.0,26-Jun-2023,active
103425,6116,Hemang Anne,Inventory Associate,M,42634.0,2025-03-08,Active
103426,6150,Leena Mallick,Packer,F,48559.0,2026-01-28,Active
103427,6130,Nitesh Banerjee,Quality Checker,F,,21/02/2023,RESIGNED
103428,6080,Yashodhara Sani,Quality Checker,M,56275.0,2023-03-18,On Leave
103429,6021,Tanay Hans,Delivery Rider,Female,60662.0,2023-10-28,RESIGNED
103430,6119,Zayan Bajwa,PICKER,F,41898.0,09-Aug-2024,On Leave
103431,6146,Balhaar Deol,delivery rider,M,56054.0,2025-08-26,RESIGNED
103432,6119,Anmol Kar,Picker,F,36144.0,2026-08-06,RESIGNED
103433,6047,Simon Dhar,Quality Checker,,50167.0,2025-05-23,Active
103434,6051,Ansh Mander,PICKER,f,56823.0,2024-07-12,Active
103435,6114,Chakrika Bansal,Delivery Rider,f,45292.0,2026-06-28,Resigned
103436,6018,Jhalak Jha,PICKER,f,40794.0,2025-04-04,Active
103437,6068,Praneel Ben,Delivery Rider,f,27176.0,24-Nov-2022,Active
103438,6032,Anvi Gokhale,Store Manager,m,51136.0,2024-06-04,Resigned
103439,6105,Nathaniel Raj,delivery rider,M,48695.0,2023-12-04,Active
103440,6128,Jason Ram,PICKER,m,16185.0,2024-07-07,Active
103441,6075,Amrita Chad,PICKER,m,35986.0,2025-08-13,Active
103442,6042,Falak Iyengar,Quality Checker,m,54448.0,2024-12-05,Active
103443,6058,Jeet Dara,Inventory Associate,Male,37361.0,2025-09-10,Resigned
103444,6114,Veda Kalita,PICKER,m,54070.0,2025-01-01,Active
103445,6134,Simon Randhawa,PICKER,Female,63317.0,2025-06-05,Active
103446,6125,Ganga Issac,Delivery Rider,Female,30022.0,2026-01-03,RESIGNED
103447,6132,Sanaya Borra,Quality Checker,Male,26386.0,2025-02-23,Resigned
103448,6066,Upadhriti Cheema,Picker,m,21161.0,2026-05-18,On Leave
103449,6022,Upma Banerjee,Quality Checker,F,53747.0,2023-01-27,Active
103450,6005,Ryan Dhaliwal,Store Manager,,33139.0,2026-07-09,active
103451,6082,Harrison Gopal,PICKER,,37408.0,2024-12-03,active
103452,6046,Ridhi Hayre,Packer,Female,61101.0,2022-12-05,Active
103453,6061,Urvashi Yadav,Picker,F,32574.0,11-29-2023,Active
103454,6031,Rohan Devan,PICKER,Male,25522.0,2025-07-17,Active
103455,6091,Advay Kanda,Delivery Rider,M,20070.0,2023-08-14,RESIGNED
103456,6120,Sai Grover,Packer,f,24992.0,2025-01-13,Active
103457,6050,Lipika Narayan,delivery rider,m,26491.0,2023-03-11,RESIGNED
103458,6021,Vasana Sule,Delivery Rider,M,46050.0,2025-08-09,Resigned
103459,6017,Banjeet Gupta,Quality Checker,m,56694.0,2024-06-22,On Leave
103460,6126,Anamika Mangal,delivery rider,Female,46027.0,2024-04-16,On Leave
103461,6141,Ayush Bail,Quality Checker,Female,39145.0,2023-05-19,Resigned
103462,6101,Advika Goel,Delivery Rider,,18073.0,2024-05-12,Active
103463,6117,Zansi Vora,Store Manager,M,30549.0,2024-04-06,Active
103464,6087,Peter Prabhakar,Picker,Male,36906.0,2023-08-23,Resigned
103465,6093,Chandran Mohan,delivery rider,M,37059.0,2023-05-08,Active
103466,6123,Amaira Bora,Packer,m,21639.0,2025-06-26,active
103467,6011,Mohammed Sani,Quality Checker,m,60661.0,2023-12-31,active
103468,6015,Ethan Nagar,Quality Checker,Female,49351.0,2022-08-24,Active
103469,6028,Theodore Bandi,Picker,M,18028.0,2023-02-02,RESIGNED
103470,6032,Falan Sarma,Inventory Associate,Male,59146.0,03/07/2025,Active
103471,6044,Tristan Toor,Quality Checker,F,18826.0,2022-09-22,RESIGNED
103472,6053,Jacob Subramanian,Inventory Associate,f,47302.0,2022-09-20,active
103473,6066,Vedant Saha,Quality Checker,m,56497.0,2023-07-26,RESIGNED
103474,6048,Benjamin Dube,Inventory Associate,F,60495.0,29/08/2024,Active
103475,6072,Robert Kale,Delivery Rider,,16198.0,24/10/2024,active
103476,6123,Ishita Tara,Picker,m,47813.0,12-Jul-2025,Resigned
103477,6087,Ganga Swamy,Quality Checker,,37572.0,09-04-2024,Active
103478,6042,Vihaan Dhingra,PICKER,f,17730.0,2025-08-17,On Leave
103479,6091,Meghana Bhargava,Inventory Associate,F,,2024-08-02,Active
103480,6051,Manan Wason,delivery rider,Male,19621.0,2025-08-18,active
103481,6039,Dev Vaidya,Picker,f,44130.0,2025-12-16,Resigned
103482,6092,Falan Ramanathan,Packer,Male,18964.0,2024-01-22,RESIGNED
103483,6073,Bhanumati Hans,PICKER,M,15720.0,05-17-2024,active
103484,6075,Amol Karnik,Inventory Associate,M,53388.0,2022-10-27,Active
103485,6133,Vivaan Ramakrishnan,Store Manager,Female,29713.0,2024-04-26,Active
103486,6088,Manbir Chandra,Store Manager,Female,15112.0,2025-06-19,Active
103487,6132,Advika Oommen,Delivery Rider,,43145.0,03-08-2024,Resigned
103488,6138,Kevin Upadhyay,Inventory Associate,m,60439.0,2024-10-28,active
103489,6132,Ridhi Kapadia,Inventory Associate,Female,49173.0,2023-12-05,Active
103490,6090,Ekantika Balay,Delivery Rider,F,27496.0,2026-08-02,Active
103491,6073,Indrajit Goda,Picker,f,40641.0,2026-08-06,active
103492,6048,Arya Kalita,Store Manager,m,,2024-03-08,active
103493,6130,Caleb Basak,PICKER,f,16561.0,02-23-2023,Resigned
103494,6116,Ayush Dayal,Delivery Rider,m,38527.0,2024-05-05,Active
103495,6081,Hemangini Vala,Picker,Male,29781.0,2023-01-04,active
103496,6061,Janya Sahota,Quality Checker,F,58522.0,2025-11-06,On Leave
103497,6024,Manthan Srinivasan,delivery rider,F,19334.0,2022-11-09,On Leave
103498,6142,Ekansh Pandya,Inventory Associate,M,47276.0,2024-02-19,Active
103499,6075,Faqid Tella,delivery rider,Male,,2025-12-27,Resigned
103500,6120,Ekani Mistry,Quality Checker,m,54919.0,2023-09-18,Active
103501,6138,Adweta Sachdeva,Packer,f,,2024-09-16,Active
103502,6137,Pranav Gopal,Quality Checker,f,60409.0,2024-08-16,Active
103503,6100,Nikita Sahota,Packer,Female,41382.0,18-Aug-2024,Resigned
103504,6034,Kai Garg,Packer,,60442.0,2023-12-30,Resigned
103505,6136,Neel Babu,Quality Checker,F,44346.0,08-Feb-2023,RESIGNED
103506,6001,Yachana Issac,Inventory Associate,F,,2023-08-15,Active
103507,6149,Advika Mammen,Store Manager,m,15353.0,02-Mar-2024,Active
103508,6003,Aarnav Parmar,Store Manager,M,36229.0,2025-10-07,RESIGNED
103509,6026,Devika Aurora,Quality Checker,Female,28595.0,2024-05-22,Active
103510,6056,Benjamin Saxena,Packer,Male,42556.0,2022-09-12,Active
103511,6072,Tristan Wable,PICKER,m,53954.0,2022-12-26,active
103512,6121,Krisha Saxena,delivery rider,Male,41111.0,2023-03-12,active
103513,6113,Laban Wable,Packer,m,61087.0,2023-05-24,On Leave
103514,6086,Jeevika Wali,Store Manager,F,,2026-01-09,Active
103515,6086,Samarth Balasubramanian,Store Manager,f,32140.0,18/09/2022,On Leave
103516,6030,Advika Lalla,Picker,f,59118.0,2023-01-20,Active
103517,6114,Abha Goswami,delivery rider,Male,41959.0,2024-03-23,Resigned
103518,6059,Maya Dua,Store Manager,Male,46994.0,2025-04-30,active
103519,6037,Riya Raval,PICKER,m,42428.0,2025-12-06,RESIGNED
103520,6010,Harshil Kamdar,Quality Checker,f,44681.0,2026-05-31,Active
103521,6017,Adweta Parmer,Inventory Associate,Female,59289.0,2025-07-16,RESIGNED
103522,6038,Megha Tata,Store Manager,M,41208.0,2023-04-15,Active
103523,6011,Rachit Hans,Quality Checker,M,32656.0,2022-08-25,Active
103524,6007,Ijaya Dass,Packer,F,56238.0,22/07/2024,Resigned
103525,6132,Kamya Dora,Picker,Female,51513.0,2026-06-06,Active
103526,6027,Vedant Narayan,Store Manager,m,61676.0,2024-09-02,Active
103527,6091,Rachit Saini,PICKER,m,22609.0,2026-08-01,RESIGNED
103528,6097,Geetika Pathak,PICKER,M,41142.0,2025-11-24,On Leave
103529,6137,Vincent Acharya,Delivery Rider,M,50810.0,2025-10-15,On Leave
103530,6048,Janani Upadhyay,Packer,f,26684.0,2025-07-16,active
103531,6116,Ekanta Chand,Inventory Associate,Female,16994.0,26/05/2026,On Leave
103532,6036,Vanya Narula,Store Manager,M,61838.0,2025-05-14,RESIGNED
103533,6102,Urvashi Sangha,Delivery Rider,Male,20433.0,27-Dec-2024,On Leave
103534,6072,Tristan Mukherjee,Picker,Male,,2023-11-02,RESIGNED
103535,6074,Meghana Sur,Delivery Rider,m,19745.0,2023-10-06,RESIGNED
103536,6090,Harini Gour,Quality Checker,f,16558.0,2025-05-30,RESIGNED
103537,6023,Eshana Behl,PICKER,f,15796.0,2023-03-16,Active
103538,6021,Jasmit Madan,Store Manager,Male,52919.0,2024-03-24,active
103539,6125,Manya Pal,PICKER,f,22615.0,21-Oct-2025,Active
103540,6039,Timothy Soman,delivery rider,m,24132.0,2023-12-13,Active
103541,6054,Triya Krish,Delivery Rider,m,22883.0,2025-09-08,active
103542,6082,Yochana Kala,Inventory Associate,Male,28099.0,2024-02-04,Active
103543,6150,Faris Tank,delivery rider,f,24289.0,2025-06-11,RESIGNED
103544,6118,Harini Mukherjee,Store Manager,Male,20158.0,2026-07-06,active
103545,6115,Yochana Nadig,Delivery Rider,Female,17121.0,2025-04-07,active
103546,6045,Shravya Sharaf,Picker,,35362.0,2024-08-31,RESIGNED
103547,6008,Varenya Subramanian,Packer,M,49341.0,12-05-2025,Active
103548,6100,Chakradev Yadav,Picker,F,36000.0,2024-01-06,Active
103549,6148,Ekani Wali,Delivery Rider,m,41872.0,2023-12-21,RESIGNED
103550,6027,Aarnav Choudhary,Store Manager,F,32934.0,2023-08-24,Active
103551,6033,Rishi Chaudhuri,Packer,F,58277.0,2024-09-14,Active
103552,6107,Nathan Lal,Store Manager,Female,37154.0,2023-12-06,Active
103553,6130,Triveni Chander,Quality Checker,m,21180.0,2023-12-15,On Leave
103554,6088,Irya Dua,Picker,F,28889.0,2024-11-09,Active
103555,6009,Mekhala Mahajan,Inventory Associate,M,21661.0,2025-01-20,RESIGNED
103556,6022,Jhalak Dora,Inventory Associate,F,45590.0,2023-08-10,Resigned
103557,6042,Ishita Patil,Picker,m,34418.0,2024-08-23,Active
103558,6093,Yahvi Tank,Packer,Female,38307.0,2023-09-14,Active
103559,6125,Ijaya Kala,Picker,Male,54226.0,12-16-2025,RESIGNED
103560,6025,Darpan Ghose,Inventory Associate,f,51572.0,15/03/2025,Resigned
103561,6003,Nachiket Gandhi,delivery rider,M,55944.0,2023-05-14,Active
103562,6077,Ijaya Lad,Picker,Male,53453.0,03-03-2023,Active
103563,6092,Lohit Ramaswamy,Inventory Associate,m,45587.0,2025-12-21,Active
103564,7010,Lavanya Yogi,PICKER,m,36078.0,30-May-2024,active
103565,6053,Udyati Batta,Quality Checker,M,61268.0,22-Jul-2023,Active
103566,6084,Tanmayi Swamy,delivery rider,m,51975.0,2023-10-25,RESIGNED
103567,6023,Ladli Mand,Packer,f,49444.0,2024-06-26,active
103568,6025,Jagdish Mohanty,Picker,M,50417.0,2023-06-27,RESIGNED
103569,6018,Jeremiah Dada,Store Manager,F,32718.0,2025-01-21,Active
103570,6107,Jonathan Hayer,Store Manager,Male,57335.0,2025-12-05,Active
103571,6028,Qasim Savant,Inventory Associate,Female,32875.0,2025-11-21,Active
103572,6088,Gaurav Mangat,Quality Checker,,40546.0,2025-04-27,Resigned
103573,6094,Sara Raja,Store Manager,f,56456.0,2023-02-04,Active
103574,6059,Falan Saha,PICKER,f,38418.0,15/04/2024,Active
103575,6141,Odika Ramanathan,PICKER,F,55578.0,2022-09-01,RESIGNED
103576,6117,Ekantika Yohannan,Picker,Male,35070.0,2025-10-28,Resigned
103577,6060,Girindra Bhakta,Quality Checker,Female,31929.0,2025-05-30,Active
103578,6126,Tristan Banik,Inventory Associate,,20385.0,2025-02-02,active
103579,6016,Ojasvi Kapadia,PICKER,f,24356.0,2023-08-17,On Leave
103580,6144,Wakeeta Kala,Inventory Associate,m,35832.0,2023-07-24,Active
103581,6011,Lucky Dua,Store Manager,M,33419.0,2024-03-12,Active
103582,6032,Vasatika Cherian,Store Manager,F,51499.0,2025-07-21,active
103583,6073,Omisha Parikh,Store Manager,M,33007.0,2023-06-10,Active
103584,6006,Ekansh Acharya,delivery rider,Female,46742.0,29/04/2024,Active
103585,6004,Frado Chada,Picker,f,33831.0,11-Feb-2023,On Leave
103586,6144,Janaki Chakraborty,delivery rider,F,40477.0,2024-08-20,Active
103587,6131,Geetika Venkatesh,Inventory Associate,F,27844.0,2024-08-16,RESIGNED
103588,6081,Aarav Batta,Picker,,57999.0,04-10-2026,On Leave
103589,6088,Yahvi Agrawal,delivery rider,Female,40853.0,2026-07-31,RESIGNED
103590,6039,Advika Bhatia,delivery rider,,34175.0,2024-08-25,active
103591,6040,Caleb Dugar,delivery rider,m,26121.0,2024-01-03,On Leave
103592,6011,Lakshmi Mahajan,PICKER,m,53163.0,2025-11-07,Active
103593,6066,Alexander Subramanian,delivery rider,,32755.0,2025-07-02,Active
103594,6089,Sara Sibal,Inventory Associate,Male,27371.0,2023-07-20,Active
103595,6022,Raghav Mand,Delivery Rider,f,44633.0,2022-12-18,Active
103596,6005,Wriddhish Sahota,Picker,Female,49839.0,2026-03-24,Active
103597,6043,Chakradev Koshy,Inventory Associate,F,38762.0,04-30-2025,Resigned
103598,6136,Wridesh Dube,Packer,Female,18394.0,2024-10-08,Active
103599,6093,Daksh Dutta,Quality Checker,f,16735.0,2026-05-01,Active
103600,6071,Azaan Shere,Quality Checker,Female,54804.0,2024-07-31,active
103601,6120,Divya Pai,delivery rider,f,51650.0,2026-03-20,Active
103602,6065,Daksha Wagle,Picker,M,42504.0,2025-11-15,Active
103603,6049,Krish Patla,Packer,M,16653.0,03-Jul-2024,On Leave
103604,6002,Damini Sant,Packer,f,40435.0,2025-03-30,RESIGNED
103605,6141,Aarini Jain,Store Manager,Male,57546.0,18-Jan-2023,Active
103606,6119,Gayathri Vaidya,Inventory Associate,m,33568.0,2023-07-13,Active
103607,6100,Anika Dayal,Store Manager,m,46788.0,2026-02-15,On Leave
103608,6098,Yatan Gera,Packer,f,43851.0,2024-08-24,RESIGNED
103609,6041,Abhimanyu Chanda,PICKER,F,56151.0,2025-08-25,On Leave
103610,6030,Leela Sundaram,Quality Checker,f,26162.0,12-May-2026,Active
103611,6019,Vinaya Palla,Quality Checker,,59306.0,2024-05-13,Active
103612,6005,Saumya Kapur,Packer,m,19057.0,2024-05-22,Active
103613,6123,Viraj Date,Packer,F,52859.0,2024-12-28,RESIGNED
103614,6032,Darika Oak,Delivery Rider,F,35533.0,2022-11-14,Resigned
103615,6020,Aarini Goswami,delivery rider,m,42538.0,2026-07-02,Active
103616,6126,Fiyaz Dalal,Quality Checker,Male,36322.0,2025-12-17,Active
103617,6090,Jeet Nigam,Store Manager,F,31105.0,2026-07-22,active
103618,6075,Ronith Buch,Inventory Associate,Male,30260.0,2024-01-22,active
103619,6028,Bakhshi Dyal,Quality Checker,Female,27960.0,2022-09-26,RESIGNED
103620,6126,Ria Prasad,PICKER,f,28019.0,2025-08-19,Active
103621,6050,Dalaja Koshy,Packer,M,27572.0,2024-05-29,active
103622,6139,Wishi Sharaf,Delivery Rider,M,62895.0,2023-09-03,Resigned
103623,6095,Harish Manda,Quality Checker,m,32941.0,04-18-2024,On Leave
103624,6083,Bahadurjit Bhakta,Packer,Female,40190.0,2025-08-14,On Leave
103625,6078,Ishwar Deo,Delivery Rider,Male,38514.0,2022-12-18,Active
103626,6077,Pooja Kamdar,Packer,Female,49027.0,2023-12-18,Active
103627,6017,Omisha Sha,delivery rider,F,33298.0,2025-03-01,Active
103628,6065,Eiravati Singhal,delivery rider,F,32677.0,2024-02-25,active
103629,6128,Ekiya Agarwal,Quality Checker,M,51008.0,2025-01-09,Active
103630,6103,Ekanta Kala,Quality Checker,f,52219.0,2025-08-25,On Leave
103631,6128,Peter Peri,Delivery Rider,M,55494.0,2025-12-05,Active
103632,6089,Ronith Goswami,Packer,Female,,09/10/2025,active
103633,6077,Faqid Bhandari,delivery rider,Female,27182.0,2024-12-11,Resigned
103634,6081,Yadavi Narang,Delivery Rider,f,22013.0,22-Nov-2025,Active
103635,6030,Matthew Srinivas,Packer,m,61458.0,2026-06-19,active
103636,6025,Raagini Dugar,Inventory Associate,F,15989.0,2023-11-01,RESIGNED
103637,6051,Bhavna Dada,Quality Checker,Female,29430.0,2026-02-25,RESIGNED
103638,6093,Deepa Karnik,Picker,M,31697.0,2024-05-08,Resigned
103639,6014,Yasti Trivedi,Picker,Male,30523.0,2026-05-03,Active
103640,6057,Eiravati Oza,Inventory Associate,Female,18589.0,2024-11-25,active
103641,6095,Vedant Sharaf,Delivery Rider,m,28897.0,2024-02-05,RESIGNED
103642,6030,Atharv Bhatnagar,Quality Checker,m,49636.0,2024-03-10,On Leave
103643,6024,Krish Manda,Inventory Associate,Female,52049.0,2024-12-01,On Leave
103644,6053,Rudra Rajan,Packer,m,53013.0,2022-10-25,Active
103645,6007,Udant Sathe,PICKER,f,25462.0,2024-12-14,On Leave
103646,6043,David Sahota,Store Manager,f,20878.0,2026-06-08,Active
103647,6084,Balhaar De,Delivery Rider,m,53659.0,2025-02-14,On Leave
103648,6092,Chakradev Peri,PICKER,F,43338.0,11-11-2023,Resigned
103649,6122,Indrajit Khare,Picker,Male,45375.0,2023-01-10,RESIGNED
103650,6019,Manya Talwar,PICKER,Male,45990.0,2026-01-01,RESIGNED
103651,6140,Irya Mall,Inventory Associate,Female,60053.0,11/09/2023,Active
103652,6126,Triveni Varty,Picker,M,35103.0,01-02-2026,Active
103653,6074,Zinal Goswami,Inventory Associate,M,24524.0,02-20-2023,Resigned
103654,6143,Lila Varghese,Picker,Male,30936.0,2026-04-28,On Leave
103655,6103,Zilmil Pillay,delivery rider,F,16258.0,2025-01-19,Active
103656,6069,Naveen Purohit,Store Manager,m,33359.0,2023-11-07,On Leave
103657,6081,Faris Nigam,Quality Checker,f,17235.0,2026-04-08,Active
103658,6065,Bimala Jain,delivery rider,m,,2023-06-12,Active
103659,6060,Mahika Dhingra,delivery rider,Female,44956.0,25/06/2024,Active
103660,6020,Rayaan Bora,Picker,f,58399.0,2025-07-31,Resigned
103661,6117,Ansh Ravel,Quality Checker,m,48676.0,2023-04-25,RESIGNED
103662,6050,Wakeeta Sidhu,Packer,M,36859.0,2022-11-19,active
103663,6051,Ishwar Goswami,Inventory Associate,Female,,2026-01-07,Resigned
103664,6012,Manan Sant,PICKER,F,61563.0,2022-08-30,RESIGNED
103665,6024,Ansh Sankaran,Picker,F,22942.0,2025-03-17,Resigned
103666,6052,Yagnesh Rau,Store Manager,f,56039.0,2024-05-09,Active
103667,6093,Simon Sani,Picker,Male,16734.0,2024-06-20,active
103668,6088,Nidra Lalla,Inventory Associate,f,16280.0,17-Oct-2022,RESIGNED
103669,6074,Nilima Tank,Quality Checker,f,18098.0,2025-01-02,RESIGNED
103670,6097,Yamini Saini,Quality Checker,M,17328.0,2022-08-26,On Leave
103671,6149,Nicholas Dar,Delivery Rider,F,44710.0,2025-08-30,active
103672,6121,Siya Kamdar,Store Manager,Female,47602.0,2023-11-21,Active
103673,6116,Madhav Gera,PICKER,F,19184.0,2025-08-04,RESIGNED
103674,6023,Rehaan Dutta,Packer,Male,25295.0,2026-08-09,Active
103675,6111,Henry Doshi,Delivery Rider,,35397.0,2024-09-11,Active
103676,6100,Vaishnavi Bahri,Inventory Associate,Female,46776.0,2023-12-03,On Leave
103677,6083,Ranbir Choudhary,Quality Checker,Male,18522.0,2026-05-12,RESIGNED
103678,6120,Jai Konda,Picker,Male,30788.0,2024-03-02,Active
103679,6144,Zayan Ben,Delivery Rider,f,15727.0,2022-09-25,active
103680,6097,Jonathan Bhalla,Inventory Associate,Male,27985.0,2026-05-12,Active
103681,6048,Ekiya Dani,delivery rider,Female,59159.0,04-08-2025,RESIGNED
103682,6064,Xiti Thakkar,PICKER,f,54887.0,2023-02-20,Active
103683,6115,Avi Golla,Picker,Male,39104.0,2026-06-28,RESIGNED
103684,6033,Radha Bir,Packer,F,55373.0,2026-06-04,Active
103685,6029,Dipta Walia,delivery rider,M,21371.0,2023-07-31,Active
103686,6122,Leela Bajwa,Quality Checker,m,62540.0,2023-01-23,Active
103687,6057,Charan Mitra,Packer,m,35035.0,2025-07-22,Active
103688,6023,Fiyaz Chakraborty,Packer,Female,42840.0,08-15-2024,Active
103689,6087,Charita Saran,Picker,Female,63586.0,2024-08-14,Active
103690,6039,Karan Anne,PICKER,Male,42241.0,2025-05-21,On Leave
103691,6138,Umang Kuruvilla,Packer,,45621.0,2024-10-27,active
103692,6133,Tanish Bajaj,Picker,,49697.0,2025-09-09,On Leave
103693,6058,Garima Misra,Inventory Associate,m,49182.0,2026-06-15,On Leave
103694,6119,Zarna Kala,PICKER,f,43794.0,2024-12-29,active
103695,6007,Mitesh Talwar,Quality Checker,F,30971.0,2026-04-02,Active
103696,6007,Henry Amble,PICKER,M,36545.0,2024-11-09,On Leave
103697,6073,Aadhya Chakraborty,Quality Checker,F,,2026-05-22,On Leave
103698,6098,Noah Sundaram,Picker,f,37438.0,2025-05-15,active
103699,6147,Vedhika Randhawa,PICKER,,35546.0,2023-02-05,RESIGNED
103700,6054,Veda Mutti,Picker,Male,49704.0,2024-09-02,On Leave
103701,6032,Tamanna Bhargava,Inventory Associate,M,,2024-08-20,RESIGNED
103702,6123,Mitali Nazareth,Quality Checker,F,57174.0,2026-01-01,RESIGNED
103703,6120,Sanya Edwin,Picker,,30812.0,2025-03-02,On Leave
103704,6072,Amara Rama,Quality Checker,Male,34676.0,2022-11-01,Active
103705,6054,Warinder Deshmukh,Inventory Associate,Female,57558.0,2024-04-12,Resigned
103706,6060,Yoshita Sinha,Packer,F,34840.0,2026-07-27,Resigned
103707,6110,Dakshesh Bir,PICKER,Female,57521.0,2023-08-20,Active
103708,6128,Logan Deol,PICKER,M,16966.0,2022-10-15,Resigned
103709,6145,Ekaja Keer,PICKER,F,34278.0,2025-08-06,RESIGNED
103710,6051,Nitesh Manda,Store Manager,M,27189.0,2022-10-07,Resigned
103711,6149,Damyanti Vohra,Store Manager,F,43477.0,2024-04-25,Resigned
103712,6105,Leena Chaudhary,Delivery Rider,f,38248.0,2022-11-29,Active
103713,6069,Ucchal Sanghvi,Inventory Associate,Female,33604.0,2025-09-24,active
103714,6040,Kamya Nayar,delivery rider,M,40570.0,2025-10-09,Active
103715,6051,Madhavi Garg,PICKER,f,36169.0,2025-05-01,Active
103716,6052,Abeer Mall,Delivery Rider,m,60099.0,24-Dec-2024,Resigned
103717,6082,Omkaar Saraf,PICKER,f,33339.0,2026-02-22,On Leave
103718,6126,Ekantika Varty,delivery rider,Female,24910.0,2025-05-07,RESIGNED
103719,6145,Yash Chandra,Picker,m,53278.0,2024-01-28,active
103720,6124,Avi Kade,PICKER,Male,51838.0,2025-06-09,Active
103721,6010,Owen Wable,PICKER,,45211.0,2024-10-02,RESIGNED
103722,6006,Gautam Ranganathan,Packer,m,43476.0,2024-11-02,active
103723,6073,Dayamai Dora,Inventory Associate,Female,32395.0,2026-06-08,Active
103724,6041,Yashasvi Lalla,Delivery Rider,M,34648.0,2024-08-30,RESIGNED
103725,6110,Zayan Shanker,Store Manager,f,41994.0,2025-09-05,On Leave
103726,6141,Nitara Hayer,Packer,Female,47125.0,2025-11-30,Active
103727,6120,Damini Nath,Packer,,19423.0,2025-11-04,Resigned
103728,6006,Indrajit Mutti,Delivery Rider,F,39925.0,2024-09-03,Active
103729,6011,Yamini Mall,Packer,Female,57520.0,2025-10-20,Resigned
103730,6068,Abdul Dhillon,Store Manager,m,64471.0,2024-08-12,active
103731,6131,Wriddhish Dugal,Packer,F,29886.0,2024-12-29,On Leave
103732,6101,Ekaja Patla,Quality Checker,M,60878.0,2023-06-25,On Leave
103733,6141,William Doshi,Store Manager,m,27192.0,2023-07-23,Active
103734,6143,Bakhshi Sura,Inventory Associate,M,53655.0,24-Dec-2025,Active
103735,6099,Siddharth Das,Delivery Rider,m,63252.0,2026-06-23,On Leave
103736,6035,Pahal Tara,delivery rider,,50453.0,01/02/2025,Resigned
103737,6052,Omisha Hayre,Delivery Rider,f,48024.0,2025-05-30,On Leave
103738,6020,Harshil Kadakia,delivery rider,Female,48630.0,2025-08-22,Active
103739,6090,Anya Badal,Packer,f,50377.0,2024-11-20,Active
103740,6036,Chavvi Ganesh,PICKER,m,22566.0,2025-08-01,active
103741,6016,Parth Bal,delivery rider,Female,21486.0,2026-01-12,Active
103742,6064,Kashish Palla,Store Manager,M,24159.0,2025-08-11,active
103743,6058,Warjas Roy,PICKER,M,16267.0,2024-07-28,Active
103744,6035,Widisha Dubey,Quality Checker,M,22666.0,2024-03-05,Active
103745,6147,Charles Nath,Inventory Associate,M,56966.0,2026-08-17,Active
103746,6078,Gautami Modi,Delivery Rider,Male,,2025-08-10,active
103747,6013,Saumya Yogi,Quality Checker,m,14360.0,2024-11-14,active
103748,6007,Raghav Goswami,Packer,M,64128.0,2023-02-07,RESIGNED
103749,6027,Unnati Kashyap,Packer,m,45250.0,2025-07-11,Active
103750,6141,Anthony Bhatia,Inventory Associate,Female,16583.0,2024-02-20,On Leave
103751,6038,Bina Bandi,delivery rider,F,22560.0,2025-02-05,On Leave
103752,6045,Megha Mohanty,Inventory Associate,f,34591.0,2024-10-07,Active
103753,6029,Oviya Mane,Store Manager,m,,2025-01-17,Resigned
103754,6088,Udant Bansal,Inventory Associate,F,45835.0,2024-03-07,On Leave
103755,6118,Charles Banerjee,Picker,Male,37699.0,2024-08-05,Active
103756,6009,Rishi Bajwa,PICKER,m,20625.0,04-Mar-2026,Active
103757,6024,Owen Ganesh,delivery rider,Male,47806.0,2025-02-26,Resigned
103758,6114,Sara Deol,Inventory Associate,F,56116.0,2023-03-06,Active
103759,6135,Ryan Aggarwal,Store Manager,M,22073.0,24-Oct-2023,Active
103760,6003,Max Sastry,Quality Checker,F,21632.0,2024-12-20,active
103761,6036,Hitesh Sheth,Delivery Rider,M,35275.0,10-15-2024,Active
103762,6060,Pooja Anne,Picker,f,15627.0,2026-07-17,RESIGNED
103763,6030,Lajita Hari,PICKER,Female,28795.0,2024-07-30,Active
103764,6033,Yauvani Baria,Delivery Rider,F,47806.0,2026-05-06,Active
103765,6006,Ladli Sarin,Picker,f,50129.0,2023-12-09,RESIGNED
103766,6130,Gunbir Dugal,Packer,M,21446.0,2023-11-17,Active
103767,6002,Abeer Kale,Store Manager,f,59846.0,2023-08-21,Resigned
103768,6012,Ekanta Mohanty,Packer,M,55504.0,2024-04-19,Active
103769,6059,Ekanta Dora,Quality Checker,m,17250.0,2023-01-29,On Leave
103770,6015,Arjun Sharaf,Packer,Female,39550.0,2026-08-11,On Leave
103771,6101,Saanvi Dani,delivery rider,Male,22277.0,2025-02-24,On Leave
103772,6076,Ethan Rout,Inventory Associate,m,49720.0,2024-09-29,Active
103773,6051,Megha Minhas,PICKER,F,30974.0,2023-08-03,Active
103774,6055,Urvashi Rao,Picker,,42458.0,2024-10-30,active
103775,6044,Abhiram Pall,Picker,Male,45742.0,2023-07-24,On Leave
103776,6125,Lakshmi Keer,delivery rider,,47018.0,2023-09-29,RESIGNED
103777,6037,Yachana Vohra,Store Manager,M,20816.0,2026-06-18,Active
103778,6145,Zaitra Basu,delivery rider,f,,2023-01-03,active
103779,6100,Nimrat Chander,delivery rider,,56013.0,2023-08-21,Active
103780,6102,Kamala Kalla,PICKER,F,17974.0,2024-10-31,Resigned
103781,6116,Netra Minhas,Quality Checker,Male,58256.0,2023-05-13,Active
103782,6054,Diya Sankar,Packer,Male,14643.0,2025-12-15,active
103783,6059,Ekapad Kamdar,Packer,m,33651.0,2025-12-06,Resigned
103784,6148,Rishi Misra,Inventory Associate,f,41364.0,2023-01-21,Active
103785,6143,Nathan Jha,Picker,m,41637.0,2023-07-19,Active
103786,6128,Raksha Parsa,delivery rider,m,25720.0,2022-09-23,Active
103787,6014,Eesha Varty,PICKER,m,24491.0,06-13-2026,Active
103788,6001,Robert Master,Quality Checker,Male,44823.0,2023-03-28,Active
103789,6149,Sarthak Salvi,delivery rider,m,35256.0,2024-02-11,Active
103790,6028,Rayaan Kohli,Store Manager,m,50035.0,2025-03-18,Active
103791,6144,Zayan Comar,Quality Checker,F,61053.0,2026-05-30,Active
103792,6059,Ekapad Kurian,Quality Checker,Male,58742.0,2025-05-04,On Leave
103793,6081,Baljiwan Sekhon,delivery rider,,16017.0,2026-04-02,Active
103794,6082,Nakul Pant,Store Manager,Female,27324.0,2024-10-16,Active
103795,6009,Gauri Sarma,Delivery Rider,Male,59201.0,13-Feb-2023,RESIGNED
103796,6007,Owen Goswami,PICKER,m,22714.0,2023-12-04,RESIGNED
103797,6141,Eshana Saran,Delivery Rider,Male,61212.0,06-Aug-2024,Active
103798,6003,David Krish,Picker,Female,46847.0,2026-03-30,Active
103799,6109,Avni Bhandari,Store Manager,M,61386.0,2024-05-16,RESIGNED
103800,6130,Yoshita Dara,delivery rider,Female,21447.0,2025-04-29,Active
103801,6139,Nathan Ravi,Picker,f,50167.0,2022-09-06,Active
103802,6068,Nimrat Sura,Delivery Rider,Male,55316.0,2023-03-29,Active
103803,6147,Warinder Bala,Picker,F,35149.0,2022-11-01,Active
103804,6010,Turvi Pant,Delivery Rider,M,27540.0,2025-06-30,Active
103805,6116,Lopa Rout,Packer,Female,58850.0,2026-07-23,active
103806,6044,Abhiram Peri,Store Manager,F,24180.0,2025-11-29,Active
103807,6076,Udarsh Patla,delivery rider,F,52526.0,2023-04-22,On Leave
103808,6061,Viraj Mall,Picker,Male,17432.0,2023-12-30,Active
103809,6055,Kamya Nadkarni,Quality Checker,Male,40451.0,2023-11-28,On Leave
103810,6098,Kashish Apte,Packer,M,16504.0,2022-10-30,Active
103811,6052,Jalsa Pandit,Delivery Rider,m,55505.0,2026-02-04,Resigned
103812,6096,Abdul Keer,PICKER,f,43257.0,2024-10-25,RESIGNED
103813,6100,Hemal Dar,Delivery Rider,f,,2023-06-08,Active
103814,6001,Faqid Palla,Delivery Rider,f,18203.0,2023-05-13,On Leave
103815,6111,Xiti Lal,Picker,F,37268.0,2026-03-03,Active
103816,6113,Abhimanyu Gala,PICKER,Male,22692.0,2026-05-29,active
103817,6085,Falguni Parsa,Delivery Rider,F,50486.0,2023-03-10,active
103818,6035,Yashica Bhagat,Picker,Male,37787.0,2026-05-02,RESIGNED
103819,6042,Baljiwan Tara,Packer,f,59849.0,2026-03-17,RESIGNED
103820,6055,Tripti Hegde,PICKER,Female,58085.0,2024-10-19,Active
103821,6136,Krishna Rout,Packer,Female,57863.0,04-17-2023,Resigned
103822,6006,Vrinda Dar,Delivery Rider,Male,24105.0,2025-06-13,RESIGNED
103823,6024,Qarin Barad,PICKER,M,23959.0,22/01/2024,Active
103824,6015,Udyati Bandi,Delivery Rider,f,58753.0,09-16-2024,RESIGNED
103825,6080,Chakrika Gola,PICKER,f,32296.0,2025-02-11,Active
103826,6011,Upadhriti Sharma,Quality Checker,Male,45667.0,2023-10-31,active
103827,6020,Widisha Ahluwalia,Packer,M,19751.0,2025-05-21,On Leave
103828,6120,Oliver Mander,Inventory Associate,f,42798.0,2024-06-15,Active
103829,6111,Falguni Sandhu,delivery rider,F,,02-Dec-2024,Active
103830,6006,Dhruv Bala,Inventory Associate,M,31316.0,2023-04-28,Active
103831,6040,Tejas Mangat,Delivery Rider,Female,30779.0,2023-11-02,Active
103832,6019,Udarsh Buch,Quality Checker,,45347.0,2024-07-09,Resigned
103833,6144,Gaurangi Bahl,Packer,F,31237.0,05-Oct-2024,Active
103834,6125,Yashasvi Sarkar,Picker,F,18839.0,02-07-2025,Resigned
103835,6002,Pranav Wason,Picker,Female,28503.0,2025-01-27,On Leave
103836,6044,Charvi Kale,Picker,Male,37003.0,2025-09-05,Active
103837,6034,Urmi Andra,Picker,M,25897.0,2024-04-27,On Leave
103838,6004,Harsh Vora,Packer,M,56833.0,2024-07-05,On Leave
103839,6140,Panini Modi,PICKER,Female,64254.0,2024-04-10,Active
103840,6076,Vanya Kakar,delivery rider,,25873.0,16-Jun-2026,On Leave
103841,6081,Advay Bhatti,Store Manager,M,35456.0,2022-10-21,RESIGNED
103842,6076,Aditya Vohra,Packer,,26451.0,03-Sep-2024,Resigned
103843,6009,Frederick Shere,Store Manager,Male,53128.0,2023-11-05,Resigned
103844,6108,Kalpit Mukhopadhyay,Inventory Associate,,16359.0,2026-03-11,Active
103845,6046,Manan Narang,Packer,Male,57036.0,2023-12-09,Resigned
103846,6113,Azad Sibal,Quality Checker,M,58885.0,2024-01-03,Active
103847,6142,Darpan Mannan,Packer,Female,35837.0,2024-07-10,On Leave
103848,6042,Leela Mani,delivery rider,Female,43600.0,2026-03-18,active
103849,6138,Gautam Contractor,delivery rider,,54242.0,06-30-2026,On Leave
103850,6062,Jeremiah Trivedi,Inventory Associate,F,47887.0,2026-02-20,active
103851,6046,Zansi Kala,Packer,Female,25492.0,2026-02-04,Resigned
103852,6097,Frederick Shankar,Packer,m,14934.0,2023-01-15,active
103853,6052,Kamya Setty,Store Manager,Male,44878.0,2025-10-13,active
103854,6133,Adweta Mohan,delivery rider,F,49429.0,2023-04-04,Active
103855,6106,Tanveer Majumdar,Picker,Male,18286.0,2026-02-07,Resigned
103856,6139,Falan Rajagopalan,Inventory Associate,Female,45075.0,2023-07-21,Active
103857,6115,Yashawini Deshmukh,Inventory Associate,Female,15920.0,06/08/2025,On Leave
103858,6089,Alka Warrior,Delivery Rider,m,64436.0,2026-01-29,On Leave
103859,6088,Osha Raman,delivery rider,M,22561.0,2024-07-05,active
103860,6020,Nirja Loke,Inventory Associate,Male,38491.0,2022-10-23,Resigned
103861,6135,Gaurika Raju,Inventory Associate,Male,28218.0,2023-01-18,Active
103862,6081,Lakshit Bali,Picker,F,42853.0,2025-07-12,Active
103863,6132,Ishita Nagarajan,Delivery Rider,Male,31035.0,04-21-2024,On Leave
103864,6084,Aashi Walia,Quality Checker,Female,28535.0,2023-11-24,active
103865,6005,Ekani Goda,Delivery Rider,,33073.0,2025-03-08,On Leave
103866,6086,Meghana Sagar,Delivery Rider,F,50466.0,2022-09-29,Active
103867,6103,Eta Bajaj,Store Manager,Female,48675.0,2023-03-05,Active
103868,6016,Om Nagy,Inventory Associate,Male,31168.0,2025-06-10,RESIGNED
103869,6115,Mekhala Sathe,Inventory Associate,,52627.0,2025-03-29,Active
103870,6058,Ridhi Padmanabhan,Picker,F,61963.0,2024-02-04,On Leave
103871,6069,William Pandit,Picker,m,41279.0,2026-02-09,Active
103872,6138,Tanveer Pillai,PICKER,M,15812.0,2023-08-30,On Leave
103873,6057,Adweta Chandra,Quality Checker,F,20471.0,2025-10-20,Resigned
103874,6046,Charita Dara,delivery rider,,,2025-12-31,Active
103875,6053,Champak Maharaj,delivery rider,F,37002.0,2026-01-17,RESIGNED
103876,6052,Gabriel Warrior,PICKER,f,33918.0,2026-02-02,RESIGNED
103877,6030,Reyansh Raju,Quality Checker,,34183.0,2025-11-19,Resigned
103878,6051,Frado Toor,Picker,Male,,2024-08-10,active
103879,6073,Elijah Bandi,Inventory Associate,M,53281.0,2024-05-17,active
103880,6131,Pallavi Dhar,delivery rider,,14717.0,2023-07-18,On Leave
103881,6131,Alka Chad,Inventory Associate,Female,24042.0,2024-08-07,On Leave
103882,6109,Vincent Bhatnagar,Picker,Female,39058.0,2023-10-08,Active
103883,6023,Geetika Vasa,Quality Checker,M,49576.0,2023-12-01,RESIGNED
103884,6146,Shravya Palla,Store Manager,Male,16236.0,2024-09-06,Resigned
103885,6146,Jasmit Char,Store Manager,m,50725.0,2024-09-26,RESIGNED
103886,6045,Chavvi Lalla,Picker,m,,2022-10-23,Active
103887,6009,Lajita Chanda,Quality Checker,Female,44500.0,2025-08-15,Active
103888,6115,Hritik Muni,Delivery Rider,,44184.0,2024-01-10,active
103889,6051,Damyanti Raj,PICKER,m,36802.0,2023-06-23,Resigned
103890,6041,Ijaya Chaudhuri,Quality Checker,M,35190.0,02-17-2026,RESIGNED
103891,6099,Naksh Hans,Inventory Associate,Female,48749.0,12-13-2024,Active
103892,6146,Zansi Srinivas,Picker,Male,,2026-07-23,RESIGNED
103893,6144,Vihaan Master,Store Manager,F,62881.0,2023-03-18,RESIGNED
103894,6148,Madhavi Kalita,Inventory Associate,M,31161.0,2026-08-04,active
103895,6055,Manan Mall,delivery rider,F,20590.0,2023-11-10,Resigned
103896,6080,Chanchal Nagarajan,Store Manager,F,,2026-03-04,active
103897,6083,Daniel Patil,PICKER,M,64432.0,2023-11-22,On Leave
103898,6103,Rachana Tak,Inventory Associate,Female,31637.0,02-Jul-2025,active
103899,6097,Mohammed Sood,Picker,Male,47026.0,2025-06-08,RESIGNED
103900,6042,Qadim Kala,Store Manager,Male,25056.0,24-Jul-2025,Active
103901,6131,Vinaya Sharma,delivery rider,M,36035.0,2022-12-14,active
103902,6019,Mugdha Kale,Quality Checker,Male,36427.0,2024-08-03,On Leave
103903,6005,Bakhshi Murty,delivery rider,Female,44425.0,2025-09-15,RESIGNED
103904,6038,Gayathri Bhakta,Store Manager,M,56269.0,27-Aug-2024,active
103905,6074,Samaksh Sibal,Picker,f,14883.0,2025-10-03,RESIGNED
103906,6093,Jackson Bhattacharyya,Delivery Rider,Female,30267.0,2026-03-11,Active
103907,6095,Qasim Kuruvilla,Quality Checker,m,58943.0,2023-10-28,Resigned
103908,6086,Dhriti Kamdar,Delivery Rider,Male,58685.0,2023-12-22,RESIGNED
103909,6119,Libni Thakkar,PICKER,f,39685.0,2023-07-30,active
103910,6089,Aarna Dutt,Quality Checker,,55083.0,2025-03-31,active
103911,6131,Gautami Upadhyay,Picker,,58848.0,2025-04-04,On Leave
103912,6024,Onveer Sachdeva,PICKER,m,34075.0,2024-08-05,active
103913,6045,Riya Manda,Picker,F,49011.0,2023-11-16,Active
103914,6011,Geetika Taneja,Packer,F,34614.0,2023-02-19,On Leave
103915,6025,Gunbir De,Delivery Rider,Male,28801.0,2025-08-16,Active
103916,6079,Anamika Keer,Inventory Associate,f,37662.0,2023-07-27,On Leave
103917,6005,Brijesh Krishnan,Delivery Rider,Female,42699.0,2022-11-13,On Leave
103918,6104,Xavier Edwin,delivery rider,F,35928.0,2024-08-03,Active
103919,6122,Dhruv Sodhi,Store Manager,,14255.0,2022-10-20,Active
103920,6111,Krishna Dash,Quality Checker,f,28249.0,2024-06-19,Resigned
103921,6038,Hemal Ravi,Packer,Female,60907.0,2023-11-04,active
103922,6024,Umang Venkatesh,PICKER,m,23955.0,2023-08-25,active
103923,6058,Ethan Gole,Packer,F,32288.0,2024-02-21,Resigned
103924,6050,Yashodhara Om,Store Manager,Female,,2025-11-14,On Leave
103925,6112,Tara Morar,Delivery Rider,F,38004.0,2026-02-03,Resigned
103926,6022,Jyoti Dutt,delivery rider,Female,29026.0,2022-10-21,RESIGNED
103927,6011,Yutika Kanda,Store Manager,Male,58085.0,2022-10-10,RESIGNED
103928,6054,Lipika Dara,Store Manager,Female,20297.0,31/07/2026,active
103929,6061,Sachi Tata,delivery rider,m,43458.0,2026-02-24,active
103930,6141,Caleb Modi,Quality Checker,F,64461.0,2024-03-27,Active
103931,6041,Nimrat Dani,Inventory Associate,f,28524.0,2026-07-26,RESIGNED
103932,6078,Patrick Sunder,Delivery Rider,M,32607.0,2023-06-28,Active
103933,6078,Widisha Tiwari,Quality Checker,M,16393.0,2025-10-13,Resigned
103934,6067,Sneha Mani,PICKER,f,45463.0,09-Jan-2023,Active
103935,6008,Veda Sharaf,PICKER,Female,41180.0,2025-11-12,Resigned
103936,6087,Girish Baria,Picker,f,26462.0,2023-04-15,Resigned
103937,6131,Jagvi Muni,delivery rider,m,30047.0,2023-10-11,Active
103938,6047,Patrick Walla,PICKER,M,23184.0,16/03/2025,Active
103939,6098,Krishna Lad,Picker,M,63980.0,2026-05-04,active
103940,6021,Januja Palan,Quality Checker,F,22018.0,2022-09-01,RESIGNED
103941,6035,Chatura Bava,Store Manager,F,61444.0,2024-05-08,On Leave
103942,6092,Jonathan Zachariah,Quality Checker,,18857.0,2024-09-19,Active
103943,6079,Kritika Saha,PICKER,m,60730.0,10-Dec-2022,Resigned
103944,6070,Orinder Nagarajan,delivery rider,Female,26308.0,15/11/2025,On Leave
103945,6006,Krisha Karnik,Quality Checker,m,26784.0,2026-07-31,On Leave
103946,6064,William Keer,delivery rider,m,41492.0,2023-07-06,Active
103947,6046,Anamika Uppal,Delivery Rider,f,19163.0,2022-08-26,RESIGNED
103948,6150,Aarnav Oommen,Picker,F,15909.0,2024-05-28,Resigned
103949,6016,Inaya Rama,Packer,Male,24301.0,2026-05-09,active
103950,6088,Gopal Kuruvilla,Picker,Female,50570.0,2026-03-30,RESIGNED
103951,6064,Balendra Salvi,Picker,m,25326.0,2024-06-26,Active
103952,6104,Chatresh Palan,Delivery Rider,f,38675.0,2024-06-07,On Leave
103953,6084,Advik Muni,Delivery Rider,Male,23938.0,2026-06-12,Active
103954,6072,Rayaan Sanghvi,Picker,M,39956.0,2024-03-01,Resigned
103955,6013,Ekiya Bakshi,PICKER,Female,21944.0,2024-07-16,Active
103956,6136,Wyatt Barad,PICKER,,53239.0,2025-08-30,Resigned
103957,6005,Ucchal Baria,Picker,M,24516.0,2026-01-18,Active
103958,6081,Chatura Kuruvilla,delivery rider,M,31784.0,2026-01-14,On Leave
103959,6054,Adya Chander,delivery rider,Male,45374.0,2024-01-15,Active
103960,6139,Garima Chaudhari,Picker,Male,24271.0,2022-10-27,Active
103961,6076,Noah Palla,Delivery Rider,,16537.0,04/11/2024,Active
103962,6022,Zaitra Singhal,Inventory Associate,m,46898.0,2022-09-29,Active
103963,6022,Azaan Chokshi,Quality Checker,Female,25164.0,21/12/2022,active
103964,6045,Falguni Srivastava,Store Manager,M,32935.0,2023-02-01,Active
103965,6148,Nidhi Ramesh,Store Manager,F,28332.0,2026-03-20,On Leave
103966,6053,Chaman Sathe,Packer,M,46416.0,2024-12-26,Active
103967,6146,Jeet Shah,delivery rider,,14590.0,2022-09-22,Active
103968,6062,Nachiket Iyer,Picker,M,20934.0,2023-11-30,Active
103969,6120,Omaja Jhaveri,Picker,,60364.0,2026-02-25,RESIGNED
103970,6138,Triveni Swamy,Delivery Rider,M,48063.0,2024-11-26,Active
103971,6128,Chandresh Chaudhry,Packer,Female,29717.0,2023-02-12,On Leave
103972,6093,Udarsh Garde,Packer,M,16358.0,2023-02-28,On Leave
103973,6046,Maya Kibe,Picker,f,23177.0,11/06/2023,RESIGNED
103974,6112,Warjas Tara,Picker,m,32960.0,2025-12-14,RESIGNED
103975,6001,Rehaan Keer,Packer,F,28558.0,2024-02-28,On Leave
103976,6136,Meghana Garde,Picker,M,44896.0,2026-06-09,RESIGNED
103977,6039,Tristan Chana,Inventory Associate,m,46546.0,2022-12-27,On Leave
103978,6073,Qadim Nagar,delivery rider,F,33172.0,2023-04-04,Active
103979,6121,Rushil Kannan,Inventory Associate,M,26449.0,2024-03-06,Resigned
103980,6056,Saksham Bandi,Delivery Rider,,17529.0,2025-08-12,RESIGNED
103981,6130,Yashasvi Karan,Store Manager,m,62899.0,2024-01-17,RESIGNED
103982,6150,Wriddhish Vora,Picker,f,60817.0,2025-09-15,On Leave
103983,6096,Oviya Sagar,delivery rider,m,,2024-09-04,Active
103984,6016,Shivansh Apte,Packer,Male,45668.0,2026-03-28,Active
103985,6123,Falan Sen,Delivery Rider,F,47926.0,2023-06-24,RESIGNED
103986,6095,Vasana Kurian,Store Manager,Male,33939.0,03-Nov-2023,active
103987,6002,Kavya Yadav,Picker,m,31696.0,2024-03-21,RESIGNED
103988,6023,Darsh Krish,Quality Checker,,27583.0,2024-01-12,Active
103989,6019,Jhalak Khalsa,Packer,F,32030.0,2025-11-27,active
103990,6080,Teerth Murthy,Quality Checker,M,63058.0,2024-01-05,On Leave
103991,6007,Wridesh More,Packer,,41924.0,2023-07-06,Active
103992,6105,Ishwar Virk,Store Manager,Male,48059.0,04-Aug-2023,Active
103993,6083,Faqid Gara,delivery rider,Female,28720.0,2024-08-17,Active
103994,6050,Divya Sahni,Inventory Associate,Male,56977.0,2026-06-22,active
103995,6081,Charles Natarajan,PICKER,Female,32130.0,2025-04-21,Resigned
103996,6026,Pratyush Rattan,Inventory Associate,Male,58649.0,2024-10-10,Resigned
103997,6115,Ati Mishra,Picker,Male,46120.0,2024-06-19,Resigned
103998,6059,Chaman Mital,Store Manager,M,38272.0,2023-10-03,Active
103999,6013,Tanay Bava,Picker,M,52986.0,2026-03-09,RESIGNED
104000,6050,Aayush Ramaswamy,Delivery Rider,m,,2023-07-04,Active
103199,6133,Teerth Rastogi,delivery rider,Female,45399.0,2025-01-13,Active
101393,6098,Qushi Lall,delivery rider,f,29022.0,2023-07-20,Active
100638,6119,Vincent Khatri,Packer,f,33684.0,03-Jul-2026,active
103092,6010,Azaan Bhagat,delivery rider,Female,26488.0,2026-06-05,Active
102217,6045,Sai Savant,delivery rider,m,39404.0,2025-04-29,Resigned
101721,6027,Maya Agate,Store Manager,f,53586.0,2022-11-05,On Leave
102985,6025,Andrew Choudhry,delivery rider,f,18093.0,2024-12-24,RESIGNED
103393,6125,Wahab Ganesh,delivery rider,f,32878.0,2024-12-25,Active
101341,6028,Prisha Kunda,Packer,f,21804.0,2022-11-18,active
100178,6034,Lekha Sharaf,Inventory Associate,,58539.0,2024-12-22,On Leave
102221,6010,Matthew Apte,Quality Checker,M,38814.0,2024-05-06,active
102149,6133,Ubika Gade,delivery rider,m,34164.0,2026-01-06,active
103540,6039,Timothy Soman,delivery rider,m,24132.0,2023-12-13,Active
102396,6113,Neelima Murty,Store Manager,Male,54754.0,2023-09-07,On Leave
101473,6112,Megha Mody,PICKER,M,61884.0,2025-07-13,Active
102743,6094,Sneha Dube,Quality Checker,m,55727.0,10-24-2023,On Leave
103452,6046,Ridhi Hayre,Packer,Female,61101.0,2022-12-05,Active
101654,6092,Andrew Chadha,Store Manager,Female,28028.0,2025-02-08,RESIGNED
101817,6020,Oscar Ramakrishnan,delivery rider,M,35663.0,2022-10-20,Active
101236,6107,Gaurang Babu,delivery rider,F,30778.0,2023-02-20,Active
