customer_id,customer_name,phone,email,city,signup_platform,app_version,signup_date
400001,Chameli Anand,5829928840,ekansh51@example.net,Kochi,BigBasket,Android,12-23-2024
400002,Zayyan Dutta,4575176532,maxsha@example.org,Bengaluru,BigBasket,iOS,2024-10-23
400003,Vidhi Badal,0613055455,venkateshhamsini@example.org,Lucknow,Blinkit,Android,2025-03-10
400004,Gaurav Seth,6486016862,aahana52@example.net,Chennai,Blinkit,Android,2025-06-10
400005,Divya Sandhu,4026454034,vedant69@example.com,Jaipur,Zepto,Android,13/05/2024
400006,Dev Apte,0778394613,nlanka@example.com,Kolkata,BigBasket,Android,2024-03-15
400007,Oscar Bhasin,4300117089,omisharoy@example.org,Delhi,Blinkit,ios,2024-02-03
400008,Liam Sethi,,wkuruvilla@example.org,Chandigarh,Swiggy Instamart,ios,2024-06-03
400009,Wridesh Dhillon,3401725275,pprashad@example.net,Lucknow,Blinkit,iOS,2025-06-16
400010,Amaira Chana,2521558959,xbanerjee@example.com,Lucknow,Zepto,Android,2026-04-16
400011,Warda Kalita,7313308113,chanakyade@example.com,bengaluru,Zepto,Android,2023-11-20
400012,Zinal Bhatia,9658258105,skashyap@example.net,Kochi,Swiggy Instamart,iOS,2026-03-22
400013,Christopher Kapadia,5719157880,kritika21@example.net,Kochi,Blinkit,iOS,2026-07-21
400014,Yutika Oak,5852750502,logan04@example.org,Chennai,Blinkit,Android,2025-04-12
400015,Divya Kannan,2223968924,pdhar@example.net,Bengaluru,Swiggy Instamart,Android,2025-07-28
400016,Gauri Dugar,3664791916,siddharthahluwalia@example.net,Hyderabad,Swiggy Instamart,ANDROID,2023-09-15
400017,Ekbal Joshi,5597246541,tsachar@example.org,Kochi,Swiggy Instamart,ios,09-Jul-2025
400018,Fitan Badal,8948173741,dugarryan@example.net,Kochi,Blinkit,,2024-05-26
400019,Gautami Doshi,0262760808,,Ahmedabad,BigBasket,,2026-03-06
400020,Ishanvi Jha,9194675597,munshiekaja@example.net,Mumbai,Zepto,,2024-08-18
400021,Aryan Ravel,,,Jaipur,Blinkit,Android,2025-04-14
400022,Gopal Gour,0181071301,dayita71@example.org,Lucknow,Blinkit,ios,07-May-2024
400023,Ethan Kalita,9756949785,omisharaman@example.net,Jaipur,Blinkit,Android,2026-01-15
400024,Dalbir Anand,7471387915,pagarwal@example.org,Lucknow,Zepto,ios,2026-05-01
400025,Maanav Bhatt,9297001459,jasmitshankar@example.net,Jaipur,Zepto,Android,13-Jan-2024
400026,Tarak Grover,5339100056,hemangini36@example.net,Jaipur,BigBasket,ANDROID,2026-05-01
400027,Samar Sundaram,4690069730,behlzaid@example.net,Bangalore,Zepto,ANDROID,2025-05-10
400028,Yuvraj Das,6829056486,onkarbhasin@example.org,Ahmedabad,Zepto,,2024-07-11
400029,Nakul Ghose,9286485626,anushatoor@example.net,Kochi,Zepto,iOS,2026-03-07
400030,Zaitra Mital,1239912788,,Bengaluru,Swiggy Instamart,ANDROID,09-01-2024
400031,Damyanti Tailor,,krishnakarnik@example.com,Lucknow,BigBasket,Android,2026-06-22
400032,Omkaar Loyal,7562591359,fitanbhasin@example.com,Kochi,BigBasket,iOS,2025-05-23
400033,Xiti Thaman,6070567821,gavin26@example.org,Kolkata,Blinkit,Android,2023-09-20
400034,Eshana Deshpande,0984362770,pranit70@example.org,Hyderabad,Zepto,ANDROID,2023-09-20
400035,Timothy Sethi,8677157595,harinakshi61@example.com,Kochi,BigBasket,iOS,2024-05-09
400036,Siddharth Varty,7853725558,farasbobal@example.com,Jaipur,BigBasket,ios,2026-04-07
400037,Zayyan Barad,7886512567,srinivasfitan@example.com,Kochi,Zepto,ANDROID,2025-05-20
400038,Hiral Roy,8556163703,qasimnarang@example.com,Bengaluru,Blinkit,iOS,2024-01-25
400039,Andrew Buch,4628405326,aandra@example.net,Kolkata,Swiggy Instamart,Android,26-Aug-2023
400040,Naveen Ratta,4668673902,vnair@example.org,Lucknow,Swiggy Instamart,ios,2026-05-28
400041,Upasna Bhalla,7489841593,yashodakarnik@example.net,Chandigarh,Zepto,iOS,2025-08-18
400042,Naksh Dalal,1289696175,vinaya34@example.net,Ahmedabad,Zepto,ANDROID,2026-07-08
400043,Niharika Grover,9343903942,udant43@example.com,Lucknow,Swiggy Instamart,iOS,14/03/2024
400044,Amol Talwar,3365594211,netraoommen@example.org,Hyderabad,Swiggy Instamart,iOS,2026-02-20
400045,Yochana Prabhu,3997303822,krishagala@example.org,Lucknow,BigBasket,ANDROID,2026-03-11
400046,Advaith Nair,,chopracharvi@example.net,bengaluru,Zepto,ios,2024-08-17
400047,Bina Jain,4623212004,isaacmenon@example.com,Bengaluru,Swiggy Instamart,ios,09-25-2024
400048,Aarav Narayan,4270202607,plal@example.com,Mumbai,BigBasket,Android,04-Mar-2024
400049,Hemani Nayak,0520593329,amrutaviswanathan@example.org,Kolkata,Zepto,iOS,2024-08-27
400050,Daksh Wason,8312583051,nathan20@example.org,Jaipur,Blinkit,ANDROID,2024-12-11
400051,Warjas Cheema,9581791857,sodhiwarinder@example.com,Bengaluru,Blinkit,Android,2023-11-07
400052,Qabil Mohan,2387118826,hritik02@example.org,Chennai,BigBasket,,2024-08-04
400053,Mugdha Dugar,2759602877,urvi04@example.net,Bengaluru,BigBasket,Android,2026-01-29
400054,Bhanumati Borah,9243632055,agastyacherian@example.com,Hyderabad,Swiggy Instamart,ANDROID,2024-12-04
400055,Charvi Ray,7350992746,mohammed81@example.net,Bengaluru,BigBasket,iOS,2025-05-26
400056,Advaith Dutta,3636963799,wagleoni@example.com,Lucknow,BigBasket,Android,2025-11-30
400057,Tanmayi Parekh,6997462101,onveer76@example.com,Mumbai,Swiggy Instamart,iOS,2025-04-25
400058,Banjeet Singhal,1627993726,ishaanmall@example.org,Kolkata,BigBasket,ANDROID,09-18-2025
400059,Triveni Vaidya,2733556907,,Lucknow,Zepto,Android,2024-11-28
400060,Adya Buch,8595928254,,Kochi,BigBasket,,2026-01-29
400061,Hemang Vala,0118116493,janyavarkey@example.com,Delhi,Zepto,ANDROID,2023-11-13
400062,Turvi Pal,0707495608,bahlsathvik@example.org,Pune,Blinkit,ANDROID,12/01/2026
400063,Oeshi Bhatnagar,7083582778,neel52@example.net,Lucknow,BigBasket,iOS,2026-07-26
400064,Pranav Dugar,4697538865,,NCR,Zepto,,2024-01-24
400065,Amara Khurana,7501019881,contractornakul@example.com,Mumbai,Zepto,iOS,24/09/2025
400066,Darsh Yogi,3308495132,graval@example.net,Chandigarh,BigBasket,Android,2025-04-15
400067,Chandresh Behl,5697745917,swamyadya@example.com,Jaipur,Zepto,Android,11/12/2025
400068,Mitali Samra,9817452051,saanvi89@example.com,Chandigarh,BigBasket,ANDROID,2023-12-06
400069,Ayaan Venkatesh,6752970427,qushidixit@example.com,Mumbai,Blinkit,Android,2024-04-16
400070,Urmi Pau,8486427530,bajwaaarna@example.net,Pune,Zepto,,2026-06-22
400071,Diya Dey,6082932155,onveerkurian@example.com,Lucknow,Swiggy Instamart,ios,2023-11-02
400072,Omisha Khanna,1616085858,,Kolkata,Blinkit,ios,2024-11-05
400073,Radha Manda,0468609057,kuruvillaethan@example.com,Delhi,Zepto,ios,2026-05-03
400074,Timothy Kamdar,6296587103,saanvibhardwaj@example.net,Pune,Blinkit,Android,2024-01-10
400075,Varsha Maharaj,0264183151,,Ahmedabad,Zepto,ios,2024-07-25
400076,Kritika Murthy,1707706457,mseth@example.org,Bengaluru,BigBasket,Android,2024-08-19
400077,Triveni Tella,2017633003,xpillai@example.org,Chandigarh,Blinkit,,2025-08-15
400078,Teerth Grover,0472347295,urmisidhu@example.net,Kolkata,Zepto,ANDROID,12-05-2023
400079,Ojasvi Shankar,7387899397,masteraryan@example.org,Chennai,BigBasket,ios,2025-03-19
400080,Ati Apte,3772764221,bawasneha@example.net,Bengaluru,Blinkit,ANDROID,2025-07-27
400081,Falak Anand,4068184790,,Bengaluru,BigBasket,,2024-08-06
400082,Oni Chana,6700456962,lchand@example.net,Chandigarh,BigBasket,ios,11/10/2023
400083,Warhi Jani,6483215479,qpalla@example.net,Jaipur,BigBasket,ANDROID,02-20-2026
400084,Aarav Sen,8542888660,madhavpathak@example.com,Ahmedabad,Zepto,iOS,2025-02-11
400085,Nirja Agrawal,7559909041,gaurav86@example.org,Chandigarh,Blinkit,ios,2024-09-10
400086,Gopal Dubey,3731870399,lpai@example.org,Kochi,Swiggy Instamart,iOS,2026-04-15
400087,Amaira Mistry,4277440654,,Hyderabad,Blinkit,,2025-06-16
400088,Ekantika Baral,1051096326,wwarrior@example.org,Hyderabad,Zepto,ANDROID,2024-05-22
400089,Nihal Swamy,2182800950,ubikakaul@example.org,Hyderabad,Swiggy Instamart,Android,2025-11-01
400090,Zehaan Magar,6760043372,parekhubika@example.net,Kochi,Zepto,ANDROID,2026-06-03
400091,Azaan Panchal,7502759752,xsur@example.org,Chennai,BigBasket,,2023-09-09
400092,Maanav Sha,4719419198,nbalasubramanian@example.com,Kolkata,Blinkit,ANDROID,2026-01-11
400093,Dalaja Comar,6946957786,pallgautam@example.net,Kochi,Blinkit,ios,2025-12-22
400094,Isaiah Varma,3552735454,aryanvenkatesh@example.net,Bengaluru,Swiggy Instamart,Android,2024-07-22
400095,Advay Palla,4921413551,qdalal@example.com,Ahmedabad,Swiggy Instamart,Android,20-Oct-2025
400096,Jackson Mangat,9934054306,seshadrisimon@example.com,Lucknow,BigBasket,ANDROID,06-07-2025
400097,Theodore Minhas,0965020381,ibrahmbhatt@example.net,Mumbai,Swiggy Instamart,iOS,2026-06-05
400098,Bahadurjit Kota,4589254726,zinalbrar@example.org,Hyderabad,Zepto,iOS,2024-01-24
400099,Arjun Pall,,nayarudant@example.com,Hyderabad,Zepto,ios,2023-12-17
400100,Vrishti Sarkar,4919835195,,Mumbai,Swiggy Instamart,ios,2023-09-23
400101,Unnati Bakshi,2861426977,yash01@example.org,Jaipur,BigBasket,Android,2023-12-11
400102,Jacob Ratta,3908401831,ladlibala@example.org,Ahmedabad,BigBasket,iOS,28/06/2025
400103,Jatin Behl,2394915353,aloke@example.com,Kochi,Blinkit,Android,2023-11-05
400104,Darpan Nagarajan,8000901270,yutikakapadia@example.com,Chandigarh,Swiggy Instamart,ios,2024-07-23
400105,Tarak Varughese,4583809920,binanath@example.net,Kochi,Zepto,iOS,2025-03-16
400106,Isha Sachdev,2318822249,xrout@example.com,Bengaluru,BigBasket,ANDROID,2024-08-26
400107,Chatura Sarma,2822410983,,Ahmedabad,BigBasket,ios,2024-12-19
400108,Ryan Chana,4923000499,yauvani62@example.net,Bengaluru,Blinkit,ANDROID,2026-07-07
400109,Warinder Sachdev,,saikala@example.net,Chandigarh,Zepto,ANDROID,2024-08-12
400110,Wridesh Hayre,1450829309,adya16@example.com,Bengaluru,Zepto,ANDROID,2025-06-12
400111,Lila Pal,8696236123,,Ahmedabad,Blinkit,Android,2025-11-07
400112,Dipta Patla,7610105773,tarak99@example.com,Jaipur,Zepto,Android,2024-10-05
400113,Vedhika Wable,5084657443,balvanmitra@example.net,Lucknow,Swiggy Instamart,ios,15-Jun-2024
400114,Upkaar Ahluwalia,,wadhwachameli@example.net,Pune,BigBasket,ios,2024-05-17
400115,Jasmit Goda,2357233984,zbhagat@example.org,Jaipur,Swiggy Instamart,ANDROID,2026-01-13
400116,Vinaya Kibe,2871550265,bhatiainaya@example.com,Bangalore,Zepto,ios,2026-06-20
400117,Jyoti Sagar,3959954176,azaan18@example.net,Kochi,Blinkit,Android,2023-12-11
400118,Owen Choudhry,5754257332,,Kolkata,Swiggy Instamart,Android,2026-05-09
400119,Harrison Lalla,0769259504,pallayatin@example.com,Hyderabad,Blinkit,ios,2025-05-17
400120,Andrew Vora,0929603121,solankigauri@example.org,Jaipur,Swiggy Instamart,Android,2025-08-08
400121,Warhi Uppal,3680502096,hsem@example.net,Lucknow,Zepto,ios,2024-04-19
400122,Bimala Dugal,3235863253,fbava@example.org,Pune,Zepto,Android,2025-08-25
400123,Yashica Arya,9392787277,shankergaurangi@example.net,Jaipur,Swiggy Instamart,Android,2023-12-19
400124,Triveni Brahmbhatt,6214443872,fsheth@example.org,Kochi,Zepto,Android,07/02/2025
400125,Vasatika Borah,4306480701,gapte@example.org,Jaipur,Swiggy Instamart,ios,2023-12-29
400126,Devika Nagy,0864937482,isaac92@example.net,Kochi,Swiggy Instamart,iOS,2024-11-07
400127,Liam Comar,5653432901,,Ahmedabad,Blinkit,ANDROID,2023-11-01
400128,Jeet Aurora,9054991472,baliyashodhara@example.org,Bengaluru,Blinkit,iOS,2026-04-11
400129,Jasmit Din,5752749639,aarnavsengupta@example.com,Kolkata,Blinkit,Android,2025-08-06
400130,Oliver Chandra,0362974397,pgaba@example.com,Ahmedabad,BigBasket,ANDROID,2024-10-19
400131,Fariq Das,9506968927,kpathak@example.com,Ahmedabad,Zepto,ANDROID,17/04/2024
400132,Anvi Ganesh,3133812365,udyatikala@example.org,Chandigarh,Zepto,Android,2025-04-01
400133,Samuel Edwin,1411434695,ekta15@example.com,Kolkata,BigBasket,iOS,2023-09-29
400134,Ekaja Sethi,7993802279,keya12@example.com,bengaluru,Blinkit,ios,2025-09-09
400135,Bina Pillay,2562251887,vvyas@example.org,Hyderabad,Swiggy Instamart,ios,2025-12-18
400136,Xiti Prabhu,,krish80@example.net,Ahmedabad,Zepto,ANDROID,2026-05-13
400137,Ishita Saha,0131985959,chatterjeematthew@example.org,Chandigarh,Blinkit,Android,19-Jun-2024
400138,Amol Bala,3971243614,lila81@example.org,Kochi,Zepto,Android,2025-05-23
400139,Raksha Halder,5911474545,,mumbai,Swiggy Instamart,ios,2023-10-19
400140,Gavin Bhalla,,palanabhimanyu@example.net,Mumbai,Zepto,ios,2023-12-01
400141,Vidhi Vasa,2368305381,ikbal48@example.net,Kochi,Zepto,ios,07-04-2026
400142,Ikbal Batta,7729111154,jalsaahluwalia@example.com,Delhi,Swiggy Instamart,ios,2023-08-20
400143,Nandini Goel,3839591926,tamannabaria@example.com,Pune,Zepto,ios,2026-07-14
400144,Ekbal Bhakta,,badamichanchal@example.org,Ahmedabad,Swiggy Instamart,ANDROID,2023-10-27
400145,Jai Jayaraman,5447075721,hminhas@example.com,Pune,Swiggy Instamart,ANDROID,2024-09-21
400146,Falan Aggarwal,5502796944,yatin96@example.net,Chennai,Swiggy Instamart,ios,2026-08-12
400147,Falak Patla,4696392719,osachar@example.com,bengaluru,Blinkit,ios,2025-07-29
400148,Vasana Kapadia,2904629281,hkulkarni@example.net,Jaipur,BigBasket,iOS,2025-03-25
400149,Benjamin Bhardwaj,6607774649,chartripti@example.com,Jaipur,Blinkit,Android,2024-11-02
400150,Vedant Nori,4487056943,qadim07@example.net,Pune,BigBasket,Android,2025-04-01
400151,Hredhaan Khosla,7270147154,ishakar@example.org,Chennai,Swiggy Instamart,iOS,2024-08-21
400152,Yashawini Wagle,9758713701,vnagar@example.net,Mumbai,Blinkit,ANDROID,2024-10-26
400153,Harsh Purohit,3478693266,qabil21@example.com,Lucknow,Blinkit,ios,2024-05-27
400154,Naveen Dugar,4481867341,iwali@example.org,Kolkata,Zepto,,2025-10-02
400155,Saksham Goel,1189612881,palanteerth@example.com,Mumbai,Swiggy Instamart,iOS,2024-10-20
400156,Vrinda Bhavsar,7966142698,wishidayal@example.org,Hyderabad,Swiggy Instamart,ios,01-29-2024
400157,Orinder Nanda,1674271733,uramanathan@example.org,Lucknow,Blinkit,Android,2025-04-29
400158,Vansha Bali,3288166743,balvan67@example.org,Lucknow,Zepto,ANDROID,2024-06-06
400159,Nitara Murty,2451260230,karantanveer@example.org,Chennai,BigBasket,ios,2026-04-13
400160,Nidhi Koshy,,oswamy@example.org,Kochi,Blinkit,ANDROID,2026-04-15
400161,Upkaar Dash,3573030339,etalad@example.net,Kochi,Swiggy Instamart,ANDROID,2023-11-09
400162,Tanveer Bala,9360525757,kaulleela@example.org,Bengaluru,Zepto,ANDROID,2023-11-03
400163,Jyoti Kohli,6949222806,kchad@example.org,Hyderabad,Zepto,iOS,2023-09-18
400164,Zaid Mohanty,9591180801,radha04@example.net,Pune,Blinkit,Android,2024-09-06
400165,Samarth Rana,5609917688,zdhawan@example.org,Chandigarh,Swiggy Instamart,ANDROID,2025-10-09
400166,Lakshit Chaudry,7207517381,swamyalka@example.com,Kolkata,Blinkit,iOS,2025-06-17
400167,Zinal Korpal,8075301077,fgole@example.com,Chennai,Swiggy Instamart,ANDROID,2025-01-27
400168,Saanvi Kapur,0461212175,ibora@example.com,Mumbai,Zepto,iOS,17-Mar-2025
400169,Urvi Bhatti,2719663858,,Lucknow,Swiggy Instamart,ios,2024-01-15
400170,Advik Doshi,0494043407,narainprisha@example.com,Mumbai,Swiggy Instamart,ANDROID,2023-10-14
400171,Qarin Saini,9688259211,kchhabra@example.net,Jaipur,BigBasket,ANDROID,2025-03-27
400172,Janya Grewal,5194864521,obajaj@example.org,Chandigarh,Blinkit,Android,2026-02-04
400173,Rachit Toor,0021704248,lbir@example.org,Chennai,Swiggy Instamart,ANDROID,2024-04-04
400174,Ranbir Viswanathan,0822231569,ekta48@example.net,Chandigarh,BigBasket,ANDROID,2025-04-30
400175,Darika Roy,,sachi64@example.org,Lucknow,BigBasket,iOS,2023-10-12
400176,Yauvani Sahota,7649425834,vraju@example.org,Ahmedabad,Zepto,ANDROID,2023-09-04
400177,Logan Muni,1675985253,vyanjana62@example.org,Mumbai,Zepto,Android,2025-12-05
400178,Chatresh Ghosh,7322294088,teerth26@example.com,Pune,Swiggy Instamart,iOS,2024-10-04
400179,Kevin Thaker,1113118084,vidhipradhan@example.org,Lucknow,BigBasket,ios,2025-01-18
400180,Wazir Dasgupta,3865283023,fbalay@example.net,Ahmedabad,Zepto,iOS,2025-03-03
400181,Balvan Salvi,,,Kochi,Blinkit,ANDROID,2024-07-14
400182,Dhruv Ramaswamy,4548371062,yshan@example.com,Bangalore,Zepto,iOS,2025-04-27
400183,Rushil Sastry,4733721028,,NCR,Zepto,iOS,2026-02-15
400184,Banjeet Bhakta,,aarushsarma@example.com,Delhi,Zepto,,2024-01-17
400185,Anjali Sanghvi,0611653686,yatinbose@example.net,Mumbai,Blinkit,iOS,2026-03-13
400186,Adweta Upadhyay,5731657753,,Pune,Blinkit,Android,2025-08-25
400187,Umang Vasa,4260118516,,Lucknow,Zepto,Android,2024-01-19
400188,Banjeet Kurian,6374595511,,Ahmedabad,Blinkit,Android,2024-03-04
400189,Warinder Sahni,6546884938,amairakhurana@example.org,Jaipur,Zepto,iOS,2024-01-27
400190,Panini Dua,1514884453,daramegha@example.org,Mumbai,BigBasket,Android,2026-05-26
400191,Balveer Munshi,9231438587,tailorupasna@example.org,Ahmedabad,Swiggy Instamart,iOS,2025-03-12
400192,Harinakshi Rama,5373581887,ranbir75@example.org,Lucknow,Zepto,Android,2023-11-30
400193,Wriddhish Ganesh,,,New Delhi,Swiggy Instamart,iOS,2024-03-05
400194,Ishaan Balan,,krishdaksh@example.net,Chandigarh,Swiggy Instamart,iOS,2025-09-20
400195,Hemal Wason,8253319924,,Jaipur,Zepto,iOS,03-27-2025
400196,Urmi Singh,1247841799,hkapur@example.net,Kochi,BigBasket,ANDROID,2024-03-27
400197,Udant Mani,2061412238,,Delhi,BigBasket,Android,2025-04-16
400198,Manya Singhal,4337187347,,Pune,Swiggy Instamart,ios,2024-10-25
400199,Idika Vohra,5540644740,kadakiaekaraj@example.com,Mumbai,Swiggy Instamart,ANDROID,2023-09-13
400200,Ubika Prasad,3727903168,subramaniamalka@example.com,Chennai,Zepto,iOS,2023-12-30
400201,Hema Toor,4927729985,kabir92@example.com,Mumbai,Swiggy Instamart,iOS,14-Sep-2023
400202,Aarav Halder,7617311109,yashoda12@example.com,BLR,Blinkit,,2024-11-01
400203,Frado Dass,2109441598,khatriadya@example.org,Hyderabad,BigBasket,iOS,2025-09-27
400204,Anirudh Agrawal,0206758682,ethan64@example.net,Kochi,BigBasket,iOS,2024-06-26
400205,Zayyan Edwin,8685108658,suhani89@example.com,Delhi,BigBasket,iOS,17-Nov-2023
400206,Indira Iyengar,7526834132,riyacontractor@example.com,Pune,Swiggy Instamart,iOS,2024-10-05
400207,Charles Khosla,5032312457,yauvanicomar@example.org,bengaluru,BigBasket,ios,18/02/2024
400208,Vansha Date,4824808542,battaanmol@example.org,Lucknow,Zepto,ANDROID,2024-08-25
400209,Charita Chawla,7881935169,kdeo@example.net,Hyderabad,Swiggy Instamart,ios,2024-05-08
400210,Yasti Thaker,3450618200,pooja62@example.com,Chennai,Zepto,Android,2024-07-27
400211,Oscar Bobal,8404248026,bhagatdalaja@example.com,Lucknow,BigBasket,ios,2025-06-18
400212,Mahika Baria,7369909024,raghav31@example.org,Lucknow,BigBasket,Android,2025-01-16
400213,Baljiwan Dua,2668334467,dugarrachit@example.net,Bengaluru,Swiggy Instamart,Android,2026-01-18
400214,Odika Jha,4659342857,baralteerth@example.org,Chennai,Swiggy Instamart,iOS,2024-03-03
400215,Luke Upadhyay,4676460783,vasaishanvi@example.org,Lucknow,BigBasket,iOS,2024-05-30
400216,Chatresh Mutti,6347520088,qsachdeva@example.com,Delhi,Swiggy Instamart,Android,2025-03-02
400217,Jason Kar,0555916949,majumdarjackson@example.net,Bengaluru,BigBasket,Android,2024-01-12
400218,Rudra Yohannan,,megha06@example.org,Chennai,BigBasket,ios,2024-04-08
400219,Siddharth Buch,5124473685,,Lucknow,Zepto,ANDROID,2023-10-31
400220,Wahab Sibal,4836443558,bhasinmason@example.net,Delhi,Zepto,ios,2026-01-06
400221,Upasna Rama,8022092577,,Pune,Blinkit,ios,2024-04-04
400222,Ishani Basu,9153193155,manansaraf@example.org,Chandigarh,Zepto,ANDROID,2023-11-22
400223,Viraj Choudhury,8089075347,,Chandigarh,BigBasket,ANDROID,2025-09-13
400224,Libni Tak,5652746209,,Jaipur,Zepto,,2026-07-08
400225,Watika Tiwari,3797730403,esunder@example.net,Jaipur,Blinkit,ANDROID,01-26-2025
400226,Brinda Bhargava,3873757157,,Delhi,BigBasket,iOS,02-Aug-2025
400227,Edhitha Bhatti,2064258806,gangamurthy@example.org,Mumbai,Blinkit,Android,2024-02-15
400228,Christopher Gour,9072254409,naiduisaac@example.net,Chandigarh,Zepto,iOS,2023-09-02
400229,Ojas Varughese,9392486752,indali40@example.com,Hyderabad,Swiggy Instamart,ANDROID,12-29-2024
400230,Frado Parmer,3043475641,skibe@example.com,Lucknow,Swiggy Instamart,Android,2023-09-14
400231,Yutika Divan,4076640302,panditshravya@example.org,Chandigarh,BigBasket,ANDROID,2026-04-28
400232,Jeevika Bhat,7287240921,vedhika65@example.com,Kochi,Zepto,ios,2023-09-28
400233,Chandran Borah,3883189264,gaurikagoda@example.com,Chennai,Zepto,iOS,23/06/2026
400234,Warda Bhat,0680531807,saumyachaudry@example.com,Chandigarh,Zepto,,2025-11-06
400235,Naksh Loke,7430452486,lakshitchakrabarti@example.org,Mumbai,Swiggy Instamart,ANDROID,09-25-2023
400236,Lohit Mann,3232582761,,Ahmedabad,BigBasket,ios,2025-08-07
400237,Jacob Lal,2858284137,zkibe@example.net,Jaipur,BigBasket,ios,2024-09-02
400238,Laban Madan,0070056813,com@example.com,Ahmedabad,Swiggy Instamart,iOS,2026-01-18
400239,Rajata Korpal,1121973956,xiti80@example.net,Chennai,Blinkit,ios,2024-02-29
400240,Hredhaan Jaggi,1323579691,ndoshi@example.org,Hyderabad,BigBasket,ios,2024-10-20
400241,Vasana Brar,0372525456,divyashanker@example.org,Delhi,Swiggy Instamart,iOS,14/10/2024
400242,Joshua Sachdev,5193359935,georgemangal@example.com,Hyderabad,Swiggy Instamart,,2024-12-04
400243,Orinder Sarna,3847887075,edhithabhakta@example.net,Delhi,Blinkit,ios,2026-05-20
400244,Isaac Varma,2646081649,ikshita97@example.org,Delhi,Zepto,ios,2024-09-03
400245,Kamala Chokshi,4057983401,nkalla@example.com,Chandigarh,Zepto,iOS,2023-10-27
400246,Faqid Krishnamurthy,5265698865,sarnaucchal@example.com,Kochi,Blinkit,ANDROID,2025-10-10
400247,Upkaar Rajagopalan,2459198091,sharafnetra@example.com,Chandigarh,Zepto,ios,2025-04-07
400248,Krishna Keer,9935427494,xjani@example.com,Pune,Zepto,,05/04/2026
400249,Chatura Karpe,1792980974,omkaarmalhotra@example.org,Chandigarh,Swiggy Instamart,,2023-10-05
400250,Orinder Goda,5976663096,nandinirana@example.com,Chennai,Blinkit,ios,2024-08-06
400251,Fiyaz Hegde,9628287324,vaishnaviacharya@example.net,Delhi,Zepto,ios,27-Jan-2025
400252,Jai Oak,4807276304,saibhatti@example.org,Jaipur,BigBasket,ANDROID,2024-08-29
400253,Aradhana Kalita,3100235128,max73@example.org,Hyderabad,Blinkit,Android,2026-04-12
400254,Ekani Tailor,9994453715,vedant18@example.org,Kolkata,Swiggy Instamart,Android,2025-06-20
400255,Alexander Tella,8524206943,npant@example.com,Jaipur,Blinkit,ANDROID,2025-08-19
400256,Mohammed Raj,6364799831,thakurnaveen@example.com,Chennai,Zepto,Android,2023-11-23
400257,Samuel Sheth,2502188405,gavin84@example.org,Ahmedabad,Blinkit,ANDROID,2025-04-10
400258,Siya Loke,9743824067,upadhriti91@example.org,Mumbai,Zepto,Android,2026-04-17
400259,Quincy Kata,7553854602,oakaarini@example.net,Bengaluru,Zepto,ANDROID,2024-11-29
400260,Tanmayi Ravi,5584623284,ladnikita@example.org,Ahmedabad,BigBasket,ANDROID,2025-01-30
400261,Indira Bassi,0168992682,mprabhakar@example.net,Bengaluru,Blinkit,ANDROID,2024-03-11
400262,Warda Prasad,3805886585,omanne@example.com,Lucknow,BigBasket,iOS,2024-03-09
400263,Avni Singhal,7527457305,harinakshi83@example.org,Ahmedabad,Blinkit,Android,2025-05-17
400264,Gabriel Gill,7138313122,nthakur@example.org,Lucknow,Swiggy Instamart,ANDROID,2026-07-30
400265,Vyanjana Grewal,,mishrachandresh@example.org,Jaipur,Swiggy Instamart,Android,2025-07-23
400266,Charvi Mander,4709275944,bhattacharyyapranit@example.org,Pune,Swiggy Instamart,ios,2024-10-19
400267,Ishanvi Patla,5545017605,aarav01@example.net,Bengaluru,Blinkit,ios,2025-03-09
400268,Praneel Seshadri,6542229196,iapte@example.com,Chandigarh,Zepto,iOS,03-Mar-2025
400269,Frado Dalal,6786375695,badaljackson@example.com,Ahmedabad,Zepto,iOS,2024-01-05
400270,Utkarsh Karnik,8239829478,enori@example.com,Lucknow,Swiggy Instamart,ANDROID,2025-09-20
400271,Vasatika Dara,7879835486,siya27@example.org,Chandigarh,Zepto,,2025-03-01
400272,Oscar Korpal,1992213864,christopher29@example.com,Bengaluru,BigBasket,ios,29/09/2024
400273,Hitesh Datta,3720029350,ayush20@example.net,Jaipur,Swiggy Instamart,Android,2026-06-29
400274,Charles Andra,2672094911,dyadav@example.org,Kochi,Blinkit,ios,2025-11-10
400275,Liam Agrawal,9676960603,,Hyderabad,Blinkit,Android,2023-10-01
400276,Darpan Kurian,6068099981,jasonchaudry@example.com,Ahmedabad,Zepto,Android,08-30-2024
400277,Dev Sawhney,9610152774,mkhanna@example.net,Chandigarh,BigBasket,ios,2025-10-16
400278,Yug Walla,0174396109,vihaansolanki@example.org,Kolkata,Blinkit,ios,25-May-2024
400279,Xavier Kala,8225681226,,Hyderabad,BigBasket,ios,2025-04-27
400280,Rachit Nori,4726883222,xbabu@example.org,Kochi,Zepto,Android,2025-11-20
400281,Nidhi Chandra,6416106730,jbhandari@example.com,Ahmedabad,Swiggy Instamart,Android,2024-10-25
400282,Jacob Nadkarni,3618954352,chanddev@example.net,Chennai,Swiggy Instamart,ANDROID,2024-03-19
400283,Warjas Brahmbhatt,8774225981,mittalcharita@example.com,Pune,Swiggy Instamart,iOS,2025-01-23
400284,Ishita Saran,4114835758,zroy@example.org,Hyderabad,BigBasket,ANDROID,2026-01-26
400285,Abhiram Shah,5742881516,rattiganga@example.org,Ahmedabad,Swiggy Instamart,ios,2025-08-14
400286,Maya Krish,4876545524,,Chennai,Swiggy Instamart,iOS,2024-01-22
400287,Zashil Desai,9155690157,jnanda@example.com,Chennai,Blinkit,ANDROID,2025-02-25
400288,Yoshita Varkey,4806478941,chahalturvi@example.com,Chandigarh,Zepto,ANDROID,2026-03-14
400289,Damini Chowdhury,6304447011,hemadass@example.com,Lucknow,Swiggy Instamart,iOS,2024-11-27
400290,Praneel Sarna,1258701244,manyamallick@example.org,Lucknow,Blinkit,iOS,2023-09-05
400291,Vidhi Mohan,0903662049,wriddhishvasa@example.net,Jaipur,BigBasket,Android,2023-11-27
400292,Neelima Dey,1838731549,jeetrandhawa@example.com,Ahmedabad,Blinkit,iOS,2025-06-04
400293,Ishanvi Sani,9314391124,nagaryutika@example.org,Jaipur,Blinkit,ANDROID,2026-07-24
400294,Christopher Chacko,4047167174,badalishwar@example.com,Ahmedabad,Swiggy Instamart,iOS,2025-05-21
400295,Shaurya Andra,8536021422,arunima06@example.com,Mumbai,BigBasket,ios,2025-05-27
400296,Umang Brar,7907724605,nhegde@example.net,Ahmedabad,Zepto,Android,2024-10-31
400297,Janaki Grewal,7129529592,khareodika@example.org,Hyderabad,BigBasket,,2026-04-07
400298,Rohan Srinivas,0175870747,shankarbenjamin@example.com,Jaipur,BigBasket,iOS,2024-02-28
400299,Harish Oommen,4023922656,jagrati66@example.org,Lucknow,BigBasket,ios,2025-06-06
400300,Unnati Shah,,karpedeepa@example.com,Ahmedabad,Zepto,,2025-01-22
400301,Gautami Pandit,7259799374,dayamai51@example.com,Delhi,Zepto,Android,2026-04-12
400302,Sachi Swamy,9154358778,indrajitsundaram@example.net,Kolkata,Zepto,ANDROID,2026-07-28
400303,Yash Pillai,2854838964,,Pune,Zepto,ios,2025-12-02
400304,Janaki Gopal,9354090341,laban57@example.com,Kolkata,Zepto,ios,2023-09-07
400305,Qushi Nagar,9227658522,bhanumatikeer@example.net,Mumbai,Blinkit,ios,2023-11-20
400306,Jack Dara,4322575019,bchad@example.com,Chennai,Swiggy Instamart,ios,2024-01-31
400307,Harinakshi Ganesh,2333694319,chandvrinda@example.org,Mumbai,Swiggy Instamart,Android,2025-11-01
400308,Xavier Bhatnagar,9057260767,enarayanan@example.com,Chennai,BigBasket,Android,06-26-2025
400309,Yasti Krishna,0815087287,fkannan@example.com,Delhi,Swiggy Instamart,ANDROID,2025-12-19
400310,Jalsa Virk,5875611524,,Kochi,Blinkit,iOS,2025-03-11
400311,Inaya Kunda,3410576583,aarini18@example.net,Chandigarh,Swiggy Instamart,iOS,2025-03-30
400312,Theodore Bhat,3145872823,tristan31@example.com,Chennai,Swiggy Instamart,ANDROID,2024-09-19
400313,Samar More,5841945873,yuvraj21@example.org,Hyderabad,Swiggy Instamart,Android,2025-11-20
400314,Hiral Mammen,2190471928,pgera@example.com,Jaipur,BigBasket,ANDROID,2025-04-14
400315,Gaurangi Apte,5791044327,,Chandigarh,Blinkit,ios,2024-06-25
400316,Advay Ghose,9364217215,,Mumbai,Blinkit,,2026-06-29
400317,Maya Chaudry,9407470100,bhavini01@example.net,Lucknow,Blinkit,ANDROID,2026-01-30
400318,Amaira Contractor,3837963979,,Jaipur,Blinkit,Android,02/02/2026
400319,Qarin Hari,,senguptayoshita@example.com,Hyderabad,Swiggy Instamart,iOS,2025-01-10
400320,Frado Bala,5503939074,asem@example.net,Kolkata,Blinkit,iOS,2025-09-02
400321,Tanish Bumb,6708782027,jsethi@example.net,Mumbai,BigBasket,ANDROID,2025-10-30
400322,Kavya Grewal,3515983080,janujabatra@example.net,Kolkata,Swiggy Instamart,Android,2023-11-21
400323,Avni Sandal,1631836575,,Lucknow,Zepto,ANDROID,2024-12-08
400324,Lavanya Mannan,5120939475,kmander@example.com,Lucknow,Blinkit,,2026-02-08
400325,Jack Mohanty,5501389526,jvasa@example.com,Delhi,Zepto,iOS,14-Apr-2025
400326,Libni Chauhan,8622808299,nsheth@example.net,Hyderabad,Swiggy Instamart,iOS,2023-08-31
400327,Gayathri Aggarwal,2623072080,zayanbail@example.net,Mumbai,Zepto,ANDROID,2023-12-02
400328,Varsha Korpal,0313358414,kapoorraksha@example.com,Lucknow,BigBasket,ANDROID,19/12/2025
400329,Teerth Gara,5664478294,samaurishilla@example.net,Delhi,Swiggy Instamart,Android,2024-12-07
400330,Tara Sankaran,,pranavchhabra@example.org,Hyderabad,BigBasket,Android,2026-03-12
400331,Arya Narula,9583549923,chaudhariwarjas@example.org,Hyderabad,Zepto,iOS,2025-09-10
400332,Triya Dhawan,9796590698,uthakur@example.org,Jaipur,Zepto,ios,2025-12-18
400333,Vinaya Varughese,6705768409,cshenoy@example.net,Kolkata,Zepto,ANDROID,2025-12-22
400334,Maanav Hora,5361130506,dakshabajwa@example.org,Hyderabad,Blinkit,Android,2024-04-08
400335,Pavani Dugal,8181798956,jvarghese@example.org,delhi,Blinkit,iOS,2023-10-25
400336,Ira Talwar,2274367188,chaitanya00@example.net,Bengaluru,Blinkit,Android,2024-05-13
400337,Shivani Tandon,2327377475,balakiaan@example.com,Chandigarh,Swiggy Instamart,ios,2026-05-23
400338,Lakshit Hora,7954568905,desaiomya@example.com,Lucknow,BigBasket,Android,2023-10-12
400339,Jackson Pandya,0381480819,vedant30@example.net,Chandigarh,Blinkit,iOS,2025-04-11
400340,Gagan Sura,5474229135,ukant@example.net,Delhi,BigBasket,ANDROID,2025-11-29
400341,Saumya Jha,0775329869,wsachdev@example.net,Kolkata,Swiggy Instamart,Android,26/09/2023
400342,Dalbir Dave,9475443552,naksh55@example.org,Chandigarh,BigBasket,ANDROID,2026-05-24
400343,Upadhriti Sharma,4172970710,orinderdalia@example.com,Kochi,Zepto,iOS,2023-10-29
400344,Manan Borah,2078510539,gautamidhingra@example.com,Chandigarh,BigBasket,ios,2026-04-02
400345,Ayaan Sandal,4132154859,nicholasdoctor@example.org,Ahmedabad,Zepto,Android,27-Aug-2025
400346,Rachita Baral,3675182285,chanakya70@example.com,Chandigarh,Zepto,Android,2026-02-01
400347,Theodore Sura,7500408123,naksh77@example.net,Lucknow,BigBasket,Android,2024-10-20
400348,Nihal Upadhyay,8424101527,chaudrybanjeet@example.org,Mumbai,Swiggy Instamart,Android,2025-01-31
400349,Kamala Suresh,2252149503,regeekansh@example.net,Kolkata,BigBasket,ios,2024-06-19
400350,Xiti Choudhury,4159978285,george37@example.net,Kolkata,Zepto,ANDROID,04-09-2026
400351,Tanmayi Nayar,1765385076,manthan56@example.net,Mumbai,Blinkit,Android,2026-02-26
400352,Yagnesh Chakrabarti,4818008191,manderudarsh@example.org,Chandigarh,Swiggy Instamart,ios,2026-07-30
400353,Aarnav Mangal,3700689345,hredhaanmandal@example.com,Chennai,Blinkit,ANDROID,2025-05-10
400354,Aarnav Bobal,5301646925,gaurisaha@example.org,Kolkata,Blinkit,ios,2025-02-02
400355,Kashish Malhotra,2358997320,surisuhani@example.net,Kolkata,Zepto,ANDROID,2023-11-07
400356,Manbir Toor,5734400740,maya75@example.org,Chandigarh,Zepto,iOS,2025-06-11
400357,Wakeeta Krish,,minhasbrijesh@example.com,Hyderabad,BigBasket,,2026-05-25
400358,Jeet Gupta,3972243074,anmolvasa@example.com,Kolkata,BigBasket,ios,2024-11-26
400359,Xalak Kade,3357013449,qsant@example.net,Mumbai,Swiggy Instamart,,2026-07-27
400360,Fariq Raval,3684211395,ebose@example.net,Pune,BigBasket,ANDROID,2025-03-28
400361,Amruta Pandey,,nbajaj@example.com,Bengaluru,Blinkit,,2026-06-10
400362,Nachiket Sachar,2246507961,jaikurian@example.com,Jaipur,BigBasket,ios,2025-06-09
400363,Jeevika Bandi,2565455321,balalaksh@example.org,Chandigarh,BigBasket,Android,2025-01-11
400364,George Manda,0816982472,krishna25@example.org,Kolkata,BigBasket,,2024-09-13
400365,Peter Ramaswamy,1783005586,chackotarak@example.org,Bangalore,Swiggy Instamart,Android,2024-06-16
400366,Eta Tripathi,,ltoor@example.net,Lucknow,BigBasket,ANDROID,2024-03-26
400367,Rayaan De,9043099760,xraja@example.com,Mumbai,Zepto,Android,03/03/2026
400368,Rohan Mukherjee,2629749444,ramakrishnanvivaan@example.net,Mumbai,Swiggy Instamart,iOS,2025-05-13
400369,Gauri Morar,6692672212,unnati11@example.com,Chandigarh,Blinkit,iOS,2025-07-12
400370,Anthony Zacharia,4156075712,faras69@example.org,Bengaluru,Swiggy Instamart,iOS,2024-08-26
400371,Wazir Prabhu,5418035798,omishra@example.org,Chandigarh,Blinkit,Android,2024-02-21
400372,Divya Mitter,4514583237,chakradevmann@example.net,Chandigarh,BigBasket,ANDROID,2025-10-24
400373,Kashvi Goel,,sureshvamakshi@example.net,Lucknow,Swiggy Instamart,ios,2024-08-16
400374,Warhi Keer,2173908009,jhalakpadmanabhan@example.net,Ahmedabad,Swiggy Instamart,ANDROID,2026-08-15
400375,Anamika Sabharwal,5847052776,tchowdhury@example.org,Bengaluru,Zepto,ios,2026-08-03
400376,Kavya Sengupta,4364265386,rameshyatan@example.com,Ahmedabad,Zepto,ANDROID,2026-05-04
400377,Urishilla Kala,1348637411,wagledeepa@example.net,Jaipur,Blinkit,Android,2025-10-15
400378,Mohammed Ratti,9719670082,waidachandran@example.net,Hyderabad,BigBasket,iOS,2024-09-01
400379,Thomas Gola,4673352096,ahluwaliarachita@example.com,BLR,Zepto,ANDROID,2026-04-09
400380,Max D’Alia,9119914380,rhayre@example.com,Chennai,Swiggy Instamart,ios,2025-01-14
400381,Warinder Sule,6581184573,mannsudiksha@example.com,Kolkata,Swiggy Instamart,ios,2025-11-28
400382,Falguni Deep,4691287450,zaidmurthy@example.org,Mumbai,BigBasket,,2024-09-06
400383,Tanmayi Chand,6719918277,aryan97@example.net,Lucknow,Swiggy Instamart,ios,2026-01-16
400384,Onveer Kumer,6129321573,,Delhi,Blinkit,ANDROID,2025-02-14
400385,Yashawini Subramaniam,9775248879,achana@example.net,Kochi,Zepto,ANDROID,2026-08-09
400386,Faraj Bora,4837289466,dominicbarad@example.com,Bengaluru,BigBasket,iOS,2026-01-26
400387,Wahab Nagy,3154309440,jeremiah29@example.com,Kochi,Swiggy Instamart,ANDROID,2026-04-21
400388,Faras Mukherjee,4871662908,amara38@example.net,Chennai,Blinkit,Android,2024-10-19
400389,Siya Lanka,5554702761,,Hyderabad,Zepto,Android,2026-03-07
400390,Viraj Rastogi,0712235411,nsha@example.net,Kochi,Swiggy Instamart,iOS,2024-09-07
400391,Urmi Jayaraman,0382065750,mdeshmukh@example.org,Bengaluru,Zepto,ANDROID,2025-10-14
400392,Caleb Sunder,6527341122,rjain@example.net,Kochi,BigBasket,iOS,2026-07-17
400393,Arunima Ganesan,1449097591,,Chennai,Zepto,ios,2025-02-12
400394,Ganga Venkataraman,2265090080,gopalgabriel@example.com,Jaipur,Zepto,ios,2026-05-03
400395,Caleb Sodhi,6824487872,,Bengaluru,Zepto,ios,2026-06-04
400396,Deepa Ben,7606015864,gchahal@example.net,Pune,Blinkit,,2025-02-04
400397,Eesha Lanka,4140597914,jeevika08@example.org,Bengaluru,Blinkit,Android,2026-07-04
400398,Atharv Hegde,6264453650,vradhakrishnan@example.net,Hyderabad,Blinkit,ANDROID,2024-02-02
400399,Garima Nagarajan,3772984971,psahni@example.org,Lucknow,Zepto,ios,2025-11-22
400400,Pratyush Dhawan,4341611418,isaac31@example.net,Jaipur,Swiggy Instamart,Android,2025-08-23
400401,Yahvi Mitter,3094121267,ekta59@example.org,Chennai,Swiggy Instamart,ANDROID,2026-06-16
400402,Yahvi Jani,2745464170,godavasudha@example.com,Ahmedabad,Zepto,ANDROID,2024-09-26
400403,Zarna Comar,1886634908,hrau@example.net,Ahmedabad,Zepto,ios,2026-04-18
400404,Urmi Sha,9740521430,avi71@example.org,Mumbai,Swiggy Instamart,ios,2026-04-24
400405,Rajata Walla,0744529000,uchahal@example.org,Ahmedabad,Blinkit,ios,2024-09-05
400406,Kamala Parsa,1035239123,ckorpal@example.net,Kolkata,Zepto,ANDROID,2026-03-26
400407,Aashi Chakraborty,1017890675,draman@example.org,Chennai,Blinkit,,2026-08-03
400408,Aahana Kaur,7449553531,,mumbai,Zepto,ANDROID,2023-09-15
400409,Ridhi Kata,2566594697,samarsekhon@example.com,Kolkata,Zepto,Android,2025-01-28
400410,Chakradev Dhar,5989873743,reyanshamble@example.net,Kolkata,BigBasket,Android,2024-07-10
400411,Qasim Bhatt,3927679906,nitara90@example.org,Chandigarh,Blinkit,ios,2025-09-29
400412,Brinda Sabharwal,4218312616,,Chandigarh,Blinkit,,21/01/2025
400413,Hamsini Krishna,3309920869,balvan47@example.net,Kochi,Zepto,iOS,2025-02-03
400414,Ijaya Basak,9719191904,pvirk@example.org,Lucknow,Swiggy Instamart,Android,2024-10-21
400415,Urmi Varty,,manderanika@example.com,mumbai,Swiggy Instamart,ios,2024-06-07
400416,Janani Kamdar,3520055579,janujasane@example.com,Hyderabad,Swiggy Instamart,Android,2025-07-11
400417,Amrita Dhaliwal,8283872116,koshyhitesh@example.com,Mumbai,Swiggy Instamart,iOS,2024-12-13
400418,Ayaan Gole,2779168643,ltrivedi@example.org,Kolkata,Swiggy Instamart,ANDROID,2025-04-19
400419,Isaac Barad,7765132063,imaransubramaniam@example.org,Kolkata,Swiggy Instamart,Android,2026-02-19
400420,Neel Kumer,6899061160,bsibal@example.net,Mumbai,Swiggy Instamart,ANDROID,2024-01-12
400421,Mitesh Bhavsar,2893068815,tsaran@example.org,Ahmedabad,Zepto,iOS,2025-03-19
400422,Turvi Apte,9582482525,kalpityogi@example.org,Kochi,Swiggy Instamart,iOS,2025-10-07
400423,Lakshmi Comar,1433311253,banerjeeaachal@example.net,mumbai,Zepto,Android,2026-06-13
400424,Laban Prabhakar,2228194197,palchavvi@example.net,New Delhi,Zepto,,2023-10-13
400425,Bachittar Sibal,0596095121,gardeoscar@example.org,Pune,BigBasket,iOS,2024-03-10
400426,Aarush Sood,3284709612,,Delhi,Zepto,ios,2025-06-28
400427,Charles Ghosh,2756051398,,Chennai,BigBasket,ios,2025-03-15
400428,Tanish Morar,8715515689,vasaudyati@example.net,Delhi,Swiggy Instamart,ANDROID,2025-03-06
400429,Peter Behl,7271657680,noah97@example.org,Lucknow,BigBasket,ios,2026-01-04
400430,Oliver Vyas,1317171509,lekhazachariah@example.org,Chennai,Zepto,ios,2023-09-07
400431,Aditya Nair,1547381660,,Chennai,Blinkit,Android,2024-11-19
400432,Bhavini Parmar,6203138664,badamiunni@example.net,BLR,BigBasket,ANDROID,2024-02-26
400433,Yashica Goel,8175951036,dattagaurang@example.com,Bombay,Zepto,ios,2023-11-10
400434,Sathvik Devi,3597505026,bsant@example.com,Bengaluru,Blinkit,iOS,2025-03-03
400435,Mitali Ramesh,5222076644,tamanna29@example.org,Chennai,Zepto,iOS,2024-12-12
400436,Aashi Batra,1916240921,patilkeya@example.com,Delhi,Zepto,ios,2025-11-30
400437,Chatura Pradhan,2313013109,aarnav71@example.net,Ahmedabad,BigBasket,Android,2025-07-02
400438,Damyanti Ramakrishnan,0058217672,chakrikaseth@example.net,Chandigarh,Swiggy Instamart,ANDROID,2025-02-24
400439,Wriddhish Khanna,3243802329,wahab58@example.net,Hyderabad,Zepto,iOS,2025-08-24
400440,Bachittar Sahni,6912081965,devansh76@example.net,Jaipur,Zepto,,2024-02-20
400441,Ansh Viswanathan,5078213340,januja73@example.org,Kolkata,BigBasket,ANDROID,2025-05-16
400442,Hredhaan Nair,4945193848,savantjagvi@example.org,Chandigarh,Swiggy Instamart,ANDROID,2025-07-01
400443,Luke Reddy,0835418656,lchaudhary@example.org,Mumbai,Swiggy Instamart,ANDROID,2024-01-10
400444,Vedant Sangha,9737005503,odeol@example.com,Bengaluru,Swiggy Instamart,iOS,2025-05-11
400445,Bhavika Munshi,5149861901,owenaggarwal@example.com,bengaluru,BigBasket,iOS,2025-04-24
400446,Ekantika Shere,4866618745,chadhageetika@example.net,Mumbai,Swiggy Instamart,Android,2026-08-10
400447,Alka Bajaj,9947119135,bansaladvik@example.org,Kolkata,Blinkit,iOS,2025-12-14
400448,Lila Ghosh,8972632871,ekarajdugal@example.org,Kochi,BigBasket,iOS,2024-07-07
400449,Chaaya Vaidya,2592671315,ekapadpatla@example.com,Bengaluru,BigBasket,ios,2024-04-06
400450,Netra Dhar,3773620580,,Pune,Blinkit,ios,2023-11-15
400451,Tara Gokhale,7371888166,gargaarnav@example.org,Delhi,Swiggy Instamart,ios,2026-01-10
400452,Caleb Raju,6613275568,hmallick@example.org,Kolkata,Blinkit,iOS,2025-02-28
400453,Anmol Narasimhan,3582612155,wjain@example.org,Ahmedabad,Blinkit,iOS,2024-02-13
400454,Theodore Oza,7376856505,qchaudhuri@example.net,Ahmedabad,Zepto,ios,2024-02-14
400455,Yashvi Ravi,0522191197,harinichaudhry@example.net,Chennai,BigBasket,ios,11/03/2024
400456,Zaitra Bajwa,5831942479,vbaral@example.com,Ahmedabad,BigBasket,ios,2024-07-25
400457,Xalak Warrior,1208811167,nathaniel27@example.net,Mumbai,Blinkit,ios,2025-09-18
400458,Rachana Ram,,unnati74@example.net,Bengaluru,Blinkit,ios,2023-11-20
400459,Anmol Shukla,1801500799,nakshiyer@example.com,Bengaluru,BigBasket,ios,2024-05-25
400460,Ekanta Subramaniam,,nsoni@example.org,Chennai,BigBasket,Android,18-Jan-2026
400461,Ucchal Ganguly,4356440210,omajaarya@example.org,Ahmedabad,Swiggy Instamart,ANDROID,2023-12-02
400462,Wishi Wadhwa,7587736821,sampathpratyush@example.net,Ahmedabad,Swiggy Instamart,ios,2023-09-09
400463,Tanvi Murthy,0358074042,matthewsoman@example.org,Pune,Zepto,Android,09-Jun-2025
400464,Bakhshi Uppal,5895490964,snehakurian@example.org,Pune,BigBasket,iOS,2025-12-01
400465,Anjali Kapur,,dgrover@example.com,Chennai,BigBasket,ANDROID,01-18-2024
400466,Siya Sarna,9667778888,ibhasin@example.com,Lucknow,Swiggy Instamart,,2024-11-27
400467,William More,3870199282,ryanbhat@example.net,Kochi,Zepto,Android,2023-12-11
400468,Kai Wali,0863733437,yvarughese@example.org,Jaipur,Zepto,iOS,2024-07-14
400469,Bishakha Dua,1567159084,rkulkarni@example.org,Ahmedabad,Swiggy Instamart,Android,12/05/2026
400470,Brinda Purohit,0126377508,mahika14@example.org,Lucknow,Blinkit,Android,2026-05-04
400471,Vasatika Bansal,4553868454,munshijack@example.org,Chandigarh,Swiggy Instamart,iOS,18/08/2025
400472,Pranav Natarajan,4804684198,kavya78@example.com,Pune,BigBasket,ANDROID,2024-04-17
400473,Aadhya Badami,2047706250,neha21@example.com,Jaipur,Blinkit,iOS,2024-04-01
400474,Upasna Guha,0450487974,chokshijeet@example.org,Ahmedabad,BigBasket,ANDROID,2025-04-28
400475,Neel Nanda,6778491856,jonathan88@example.net,Hyderabad,BigBasket,ANDROID,02-04-2025
400476,Chandresh Kari,6235210169,cchauhan@example.com,Jaipur,BigBasket,ANDROID,2024-03-17
400477,Ubika Dhaliwal,3629527659,,Delhi,Swiggy Instamart,iOS,2024-01-14
400478,Jack Murthy,0544679539,aggarwalzaid@example.net,Bengaluru,Swiggy Instamart,ANDROID,2025-07-20
400479,Baghyawati Muni,1497558866,keyagoyal@example.net,Jaipur,Swiggy Instamart,iOS,2026-04-26
400480,Triveni Dua,2906461667,waliazansi@example.com,Kochi,Zepto,Android,2026-04-13
400481,Damini Kothari,1993457083,balendranagar@example.net,Kolkata,Swiggy Instamart,ios,2024-02-24
400482,Aayush Kara,,ybassi@example.com,Chennai,Blinkit,,2023-10-21
400483,Noah Vig,3785591519,isaiah25@example.com,Kolkata,BigBasket,ANDROID,2023-12-19
400484,Kamya Rajagopalan,7618230040,fiyaz20@example.org,Chandigarh,Blinkit,ios,02-28-2026
400485,Samuel Gala,1544940524,kjoshi@example.net,Pune,BigBasket,ANDROID,2023-12-07
400486,Maanav Mukhopadhyay,3600355713,rrastogi@example.com,Delhi,BigBasket,iOS,2024-11-23
400487,Frederick Gill,7615588302,vedantdeshpande@example.org,Kochi,Zepto,ios,2024-11-15
400488,Yashvi Rajagopal,,zshetty@example.org,Ahmedabad,Blinkit,iOS,25/03/2025
400489,Manbir Kala,3818674917,wvora@example.com,BLR,Zepto,ios,10/03/2025
400490,Ishani Kothari,9431559737,morepranav@example.com,Pune,Swiggy Instamart,Android,2025-01-26
400491,Ubika Tandon,4357855037,dubeyunni@example.net,Hyderabad,Zepto,Android,2025-02-08
400492,Vasana Uppal,5412955213,banjeetvala@example.org,Chennai,Blinkit,ANDROID,2026-07-29
400493,Divya Halder,7010480391,chameli65@example.com,Chandigarh,Blinkit,iOS,04-Aug-2026
400494,Andrew Anne,8774627466,baghyawati89@example.com,Pune,Zepto,Android,2026-07-23
400495,Tanish Bhasin,5085465633,matthewshankar@example.com,Delhi,Swiggy Instamart,ios,19/02/2025
400496,Jagvi Rana,7927403232,reyanshhora@example.com,Chandigarh,Zepto,,29-Jan-2024
400497,Aadi Prabhu,9616039559,irajagopal@example.org,Chennai,Swiggy Instamart,Android,2024-08-17
400498,Hredhaan Barman,,wahabsankaran@example.net,Ahmedabad,Blinkit,ios,2024-03-09
400499,Sai Warrior,8524034245,,Bengaluru,Zepto,ios,06-29-2026
400500,Balveer Mander,2245013028,ebhatt@example.com,Chandigarh,Blinkit,iOS,2023-10-21
400501,Libni Mahajan,7606279651,arorawahab@example.net,Kochi,Blinkit,Android,2024-11-03
400502,Yash Brahmbhatt,3288970472,ethanraghavan@example.org,Kolkata,Swiggy Instamart,iOS,2023-09-18
400503,Samarth Bobal,5213283372,ishani59@example.org,Jaipur,BigBasket,,2025-02-22
400504,Urishilla Setty,1478402468,pmallick@example.org,Kolkata,Zepto,iOS,2026-07-22
400505,Aarna Kale,5058936887,usaini@example.net,Hyderabad,Zepto,Android,02-Apr-2026
400506,Praneel Balay,8191349134,gollaijaya@example.net,Pune,Zepto,iOS,2024-04-13
400507,Zayan Gaba,,fitankanda@example.org,Mumbai,Blinkit,iOS,2024-03-17
400508,Liam Ravi,6611705880,pranit12@example.com,Kochi,BigBasket,ios,2023-12-19
400509,Shivansh Randhawa,9707631250,dmanda@example.com,Hyderabad,BigBasket,ios,2025-12-30
400510,Karan Khare,9081162555,sarkaranika@example.net,Delhi,Zepto,ANDROID,09-01-2023
400511,Oni Chaudhry,6493715168,nakshgoyal@example.net,Lucknow,Blinkit,iOS,2025-03-15
400512,Ishani Menon,3080372920,qthakkar@example.org,Bengaluru,BigBasket,Android,2026-08-02
400513,Geetika Saraf,4033723144,vartyudant@example.org,Delhi,BigBasket,ANDROID,2025-03-26
400514,Krish Ratti,,bainssaanvi@example.org,Bengaluru,BigBasket,ANDROID,2023-11-22
400515,Ladli Toor,2027127310,ridhikapoor@example.com,Delhi,Swiggy Instamart,iOS,2025-12-26
400516,Jeremiah Agate,7364801188,bdhawan@example.net,Bengaluru,Swiggy Instamart,Android,01-15-2024
400517,Wahab Tank,5212076712,darpandhawan@example.org,Pune,Swiggy Instamart,iOS,05-Jul-2026
400518,Varenya Mann,0223533987,mittalurishilla@example.net,Ahmedabad,Zepto,ios,23/08/2025
400519,Anika Dora,8379732774,wishisodhi@example.net,Pune,Swiggy Instamart,ANDROID,2024-05-24
400520,Ranveer Dube,3050068788,pavanimore@example.net,Delhi,Blinkit,ANDROID,2023-11-19
400521,Vinaya Mukherjee,1568707558,emangat@example.net,Jaipur,Blinkit,iOS,2026-04-12
400522,Vanya Bala,9874859535,suriomaja@example.net,Mumbai,Zepto,ANDROID,2023-11-08
400523,Yashica Madan,3156033743,sarthakdass@example.com,Chandigarh,Swiggy Instamart,ios,2025-08-16
400524,Deepa Parsa,9386802013,meerarout@example.org,Chennai,BigBasket,ios,11-Sep-2024
400525,Zinal Ramanathan,9655567232,qhans@example.com,Kochi,Blinkit,iOS,2026-01-27
400526,Dhriti Taneja,9042901458,xchada@example.com,Pune,BigBasket,Android,2025-03-01
400527,Darpan Puri,3195988590,,Chennai,BigBasket,Android,2023-09-04
400528,Advay Muni,4979893291,varenyamerchant@example.org,Bengaluru,Zepto,iOS,2024-09-15
400529,Madhav Wable,2439971304,wmittal@example.com,Delhi,Swiggy Instamart,ios,2024-11-26
400530,Hritik Balakrishnan,3548622637,nathaniel98@example.org,Ahmedabad,Zepto,iOS,02-Nov-2024
400531,Kala Jha,,upkaar86@example.net,Kolkata,Swiggy Instamart,,2025-08-27
400532,Chaaya Kale,6988890355,reva39@example.org,Chennai,Blinkit,Android,2026-04-22
400533,Veer Sachdev,6752075821,anshhegde@example.org,Mumbai,Blinkit,ios,2025-12-28
400534,Hema Gulati,4580833057,andrew22@example.net,NCR,BigBasket,,2025-03-29
400535,Fiyaz Wadhwa,3415877777,bhavika67@example.net,Hyderabad,Zepto,ios,2025-07-29
400536,Naveen Sarin,1895280494,shankarlaksh@example.net,Lucknow,Blinkit,ANDROID,2025-03-13
400537,Anika Sani,9044951509,chandranganga@example.com,Hyderabad,Swiggy Instamart,ios,26/12/2023
400538,Nimrat Munshi,5922618115,rajata75@example.net,Chennai,Zepto,ANDROID,2024-03-23
400539,Ikbal Parmer,9200543285,lvaidya@example.org,Chandigarh,Blinkit,iOS,2026-06-04
400540,Ekaja Garg,1279117261,raagini82@example.net,Mumbai,Zepto,ANDROID,28/11/2025
400541,Edhitha Kala,6310723208,sawhneyowen@example.net,Kochi,Zepto,ios,09-16-2023
400542,Bhanumati Dewan,4702276460,anushatrivedi@example.net,Jaipur,Zepto,ios,2024-04-02
400543,Siddharth Pathak,8505423929,veda04@example.org,Mumbai,Swiggy Instamart,iOS,2023-11-27
400544,Ikshita Zacharia,6348736753,loyaladvay@example.com,Pune,Zepto,,2024-07-24
400545,Tripti Devan,3367328603,hema55@example.net,Mumbai,Blinkit,,2025-02-11
400546,Qabil Savant,5456874774,,Jaipur,Swiggy Instamart,iOS,2024-08-28
400547,Aarush Mohanty,5969646903,qabil08@example.net,Pune,Blinkit,ios,2026-02-22
400548,Charles Kala,1112870955,korpalatharv@example.org,Ahmedabad,Zepto,Android,2026-06-01
400549,Finn Kant,1279503932,unagi@example.org,Pune,Swiggy Instamart,iOS,2025-01-16
400550,Brinda Bassi,3947641120,jyotisur@example.com,Pune,Swiggy Instamart,Android,2026-04-20
400551,Ekantika Sampath,6373391508,ynaidu@example.net,Hyderabad,BigBasket,ANDROID,2024-03-10
400552,Matthew Sachdev,5221654050,kkhare@example.net,Kolkata,Swiggy Instamart,ANDROID,2025-11-19
400553,Ira Arora,3276833098,pkhalsa@example.org,Lucknow,Zepto,iOS,06-22-2025
400554,Veer Varghese,1834761292,dominicraj@example.com,Bengaluru,Swiggy Instamart,iOS,2025-09-01
400555,Peter Sibal,3188341456,ladaashi@example.org,Jaipur,BigBasket,ios,2025-08-25
400556,Frederick Mallick,1893787862,euppal@example.org,Chandigarh,BigBasket,Android,03-05-2026
400557,Ishani Agate,4651183775,fbasu@example.net,mumbai,Blinkit,,2023-12-21
400558,Arunima Loyal,9807739330,randra@example.org,Pune,Zepto,ANDROID,10-30-2023
400559,Manya Borra,6874805337,upadhriti47@example.net,Mumbai,Swiggy Instamart,ios,2024-09-27
400560,Tanveer Rajan,6866990426,nmangal@example.org,Kolkata,BigBasket,Android,2024-06-18
400561,Ridhi Kaul,2286826667,oroy@example.org,Chennai,Blinkit,Android,2026-05-28
400562,Avi Banerjee,9593996879,hardik11@example.net,Chandigarh,BigBasket,,2025-11-01
400563,Samaksh Nayar,5330526754,ysule@example.com,Pune,Zepto,Android,2026-01-31
400564,Hemal Raghavan,0236728825,neha35@example.com,mumbai,Blinkit,ANDROID,2024-01-24
400565,Devika Venkatesh,5088451807,ekiya68@example.com,Kolkata,Zepto,,2024-02-04
400566,Nitara Rama,3651836054,golamanan@example.net,Jaipur,Zepto,ios,2025-05-25
400567,Eiravati Narang,2406080020,brijesh46@example.org,Ahmedabad,Swiggy Instamart,iOS,09/07/2024
400568,Ishani Dhillon,9666998674,reyanshbakshi@example.org,Pune,Zepto,iOS,2026-07-01
400569,Osha Brahmbhatt,,aryasimon@example.net,Jaipur,Blinkit,,2025-01-08
400570,Maanav Garde,2054200572,uzachariah@example.net,Mumbai,Blinkit,Android,04-Mar-2024
400571,Om Balan,1836973308,ochana@example.org,Kochi,BigBasket,iOS,2023-09-21
400572,Saanvi Dugar,1059613961,qushihari@example.org,Ahmedabad,Swiggy Instamart,Android,2023-12-28
400573,Zayan Cheema,0042403721,sarrafimaran@example.org,Kolkata,Zepto,Android,2026-06-11
400574,Darsh Mistry,3202147123,fmenon@example.org,Lucknow,Swiggy Instamart,iOS,2024-05-27
400575,Yutika Dhawan,1818396033,dixittristan@example.net,Pune,BigBasket,Android,2025-12-19
400576,Finn Basu,3783107965,bmittal@example.net,Kolkata,Blinkit,ANDROID,2024-06-29
400577,Chanchal Saxena,6270176858,sgokhale@example.net,Ahmedabad,BigBasket,ANDROID,2026-03-25
400578,Harrison Dara,,xalak65@example.com,Jaipur,Swiggy Instamart,ANDROID,2024-02-16
400579,Umang Dalal,9411281517,jkaur@example.org,Kolkata,BigBasket,iOS,2024-05-04
400580,Maanav Dugal,4437187408,aadhyakari@example.net,Delhi,Zepto,Android,2026-06-29
400581,Yashawini Acharya,9351993390,vasudhamukhopadhyay@example.net,Pune,BigBasket,ANDROID,2025-05-12
400582,Nidhi Wagle,2899259748,omittal@example.org,NCR,Swiggy Instamart,ANDROID,2023-09-18
400583,Girik Pingle,4967611775,samesh67@example.net,Kolkata,Blinkit,ios,2025-01-20
400584,Vedant Dhar,4904719810,warhisaha@example.net,Kochi,BigBasket,iOS,2025-09-14
400585,Diya Gopal,6032985667,lsachdev@example.org,Pune,Swiggy Instamart,Android,2024-07-09
400586,Vyanjana Dewan,0385824076,barkha02@example.net,Kochi,Swiggy Instamart,iOS,2026-07-21
400587,Harsh Balan,,cmahajan@example.com,Kochi,Zepto,ios,05-Sep-2023
400588,Dayamai Gokhale,1346059675,gdutta@example.org,Hyderabad,BigBasket,ios,2024-02-23
400589,Atharv Raju,2926692943,surturvi@example.org,Chennai,Zepto,ANDROID,2024-03-02
400590,Tarak Devan,4110088729,fkeer@example.net,Bengaluru,Zepto,ios,12/11/2024
400591,Darpan Barad,8807670931,nilima10@example.com,Ahmedabad,Blinkit,Android,2024-08-13
400592,Hemangini Kapadia,4853391102,oeshibadami@example.net,Ahmedabad,BigBasket,ios,2024-10-03
400593,Arya Narayan,6187090050,tmistry@example.com,Delhi,Swiggy Instamart,iOS,2024-11-30
400594,Ekta Sankar,6554502703,orinder07@example.com,Chennai,Blinkit,,2024-06-28
400595,Jacob Sarma,7037024255,frado59@example.net,Kochi,Swiggy Instamart,ios,29/11/2023
400596,Advaith Murty,9249529424,jackson95@example.com,Delhi,BigBasket,Android,2025-05-19
400597,Kiaan Chadha,1703784580,ethan16@example.net,Lucknow,Blinkit,iOS,2026-01-17
400598,Ijaya Bava,8076772940,yochanaborra@example.com,Pune,BigBasket,Android,2024-05-08
400599,Fariq Gaba,,jacobpai@example.org,Kochi,Blinkit,,2024-01-23
400600,Chaitaly Mohanty,8439950366,vasatika44@example.com,Kolkata,Blinkit,ANDROID,2026-08-15
400601,Gayathri Pandya,8030310591,raghavanucchal@example.net,Kolkata,BigBasket,iOS,2025-01-13
400602,Jagvi Rastogi,0590395381,madansai@example.org,Mumbai,Blinkit,ios,2025-12-08
400603,Damini Ramachandran,9276848652,,Delhi,Swiggy Instamart,ANDROID,16/10/2024
400604,Ishita Vora,2914082898,,Kolkata,Blinkit,Android,2025-02-17
400605,Peter Narayanan,6656655059,hkapoor@example.net,Chandigarh,Blinkit,iOS,2025-12-31
400606,Vanya Bose,8700392890,csridhar@example.com,Mumbai,Zepto,ios,2024-12-21
400607,Alexander Mani,5042651057,nandinikrishna@example.com,Delhi,Swiggy Instamart,ANDROID,2025-06-28
400608,Nathan Tripathi,9129828676,annesuhani@example.com,Chandigarh,Blinkit,ios,2025-08-20
400609,Unni Deshpande,2096733083,atikala@example.org,Kochi,Zepto,Android,2025-04-09
400610,Aarnav Ramaswamy,6663600379,gnanda@example.com,Kochi,BigBasket,iOS,2024-02-06
400611,Bachittar Thaman,2142509166,mitesh94@example.com,Chandigarh,BigBasket,ios,2025-07-04
400612,Eshana Magar,2783756269,iyengarfalguni@example.org,Bengaluru,Blinkit,Android,2026-06-26
400613,Ojas Chhabra,0286642879,tkannan@example.org,Chandigarh,Blinkit,ios,2025-05-18
400614,Max Barman,9186654114,amorar@example.com,BLR,Zepto,iOS,2024-04-29
400615,Gayathri Jha,7374882675,omkaar78@example.com,Chandigarh,Blinkit,ios,2024-01-27
400616,Radhika Loke,6607350035,jagdishgupta@example.com,Chandigarh,Swiggy Instamart,Android,2026-05-21
400617,Zarna Chopra,9285949317,,Jaipur,Swiggy Instamart,Android,2025-03-06
400618,Damini Kaur,1941477320,datevasatika@example.net,Kochi,Zepto,iOS,2026-01-04
400619,Jeet Sethi,5979274127,sarafsamarth@example.com,Pune,Zepto,Android,31-Mar-2025
400620,Ekalinga Sankaran,7846534181,xbhalla@example.com,Mumbai,BigBasket,iOS,2024-12-16
400621,Anika Kaur,8083899508,bishakha17@example.com,Ahmedabad,Swiggy Instamart,,2024-01-12
400622,Chanakya Shanker,5963699893,fbhakta@example.com,Delhi,Zepto,ios,2024-08-20
400623,Hardik Anand,1834254962,rachana21@example.net,Ahmedabad,Blinkit,Android,2025-04-29
400624,Wazir Datta,4605308978,nidrapradhan@example.net,Jaipur,Swiggy Instamart,ANDROID,04-13-2025
400625,Shravya Devi,9518865380,sahachavvi@example.org,Mumbai,Zepto,ios,02-Aug-2025
400626,Dhriti Hayre,2082707723,,Pune,BigBasket,Android,30/05/2026
400627,Neha Sachdeva,7766813832,cnayak@example.net,Kolkata,Swiggy Instamart,Android,2025-11-22
400628,Isha Dey,,ghoshkamya@example.org,bengaluru,BigBasket,ios,11-12-2024
400629,Sudiksha Pillay,7441890978,,Chennai,BigBasket,ANDROID,2024-09-11
400630,Nimrat Thakur,5882538495,znanda@example.net,Pune,Blinkit,Android,2026-02-07
400631,Zansi Gour,8410275057,gayathri89@example.org,Chandigarh,Swiggy Instamart,ios,2024-03-01
400632,Bhavika Baral,9392971742,darsh54@example.net,Lucknow,Zepto,iOS,2023-11-08
400633,Hemangini Krishnan,2697535099,qabilchatterjee@example.org,Chandigarh,Zepto,ios,2024-05-03
400634,Maya Hans,,chasmumtara@example.org,Jaipur,Blinkit,iOS,2026-04-28
400635,Damini Krishna,8731725667,,Chennai,BigBasket,Android,2025-02-18
400636,Adya Sankar,8772922492,avnikhosla@example.net,Chandigarh,BigBasket,ios,2025-08-04
400637,Bhavani Bakshi,5634178655,,Ahmedabad,Swiggy Instamart,ANDROID,2025-06-26
400638,Omaja Kumar,1595358249,esur@example.net,Pune,Blinkit,iOS,2024-03-23
400639,Timothy Bhargava,7021499777,bahlmitali@example.com,Hyderabad,Zepto,ios,2023-10-04
400640,Edhitha Swaminathan,3705967731,hsachdev@example.org,Jaipur,BigBasket,ios,2026-04-22
400641,Ishaan Chokshi,8316847699,bhavini03@example.net,Kolkata,Zepto,ANDROID,11/07/2024
400642,Triveni Rao,8579246293,ridhigoel@example.net,New Delhi,BigBasket,,2025-08-04
400643,Max Khatri,9970001381,farajbalay@example.com,Chandigarh,Blinkit,ANDROID,2023-11-03
400644,Maanav Dutta,,pantkashish@example.net,Kochi,Swiggy Instamart,ios,2025-02-03
400645,Chandresh Nagarajan,7279911946,maanav29@example.org,Ahmedabad,BigBasket,ANDROID,06-Jan-2026
400646,Maya Vala,6647548879,mahika58@example.net,Chennai,Blinkit,iOS,2026-05-18
400647,Onkar Sridhar,1430247738,petersachar@example.com,Kochi,Swiggy Instamart,Android,2024-02-07
400648,Jason Mohan,8429616975,udant19@example.com,Kochi,BigBasket,Android,2024-05-21
400649,Tanmayi Ramesh,7868794003,zpillay@example.com,Hyderabad,Swiggy Instamart,ios,2024-12-23
400650,Falak Shanker,7528839743,ojasvinazareth@example.com,Lucknow,Blinkit,ANDROID,2026-04-11
400651,Advay Nagar,0812262884,noahbalan@example.com,Kolkata,Zepto,Android,2024-06-20
400652,Zaitra Cherian,1045933027,harsh34@example.org,Pune,Zepto,Android,2025-03-26
400653,Vivaan Thakur,5226365125,,Kochi,BigBasket,iOS,2023-11-28
400654,Raghav Kar,0541209470,nrajagopal@example.com,Kochi,Swiggy Instamart,Android,2024-01-23
400655,Bimala Chacko,9100991150,manbirpingle@example.org,Mumbai,Zepto,Android,2023-10-04
400656,Sarthak Dewan,3164703365,gaganshankar@example.org,Hyderabad,Blinkit,iOS,2024-09-12
400657,Pranit Dhawan,4106926242,lsastry@example.net,Chennai,Blinkit,ios,06-27-2025
400658,Charan Chada,3076049903,xbora@example.com,Pune,Swiggy Instamart,ios,2025-12-31
400659,Suhani Viswanathan,0400658486,spathak@example.net,Ahmedabad,Zepto,ANDROID,2024-02-01
400660,David Master,1527930069,odeol@example.net,Lucknow,Zepto,,2024-09-15
400661,Ojasvi Sagar,0167551536,forum07@example.net,Kolkata,Swiggy Instamart,ios,2023-08-28
400662,Jai Venkatesh,1696287197,devansh09@example.com,Mumbai,BigBasket,ANDROID,2024-04-25
400663,Damini Gara,2511053973,lakshmi46@example.org,Ahmedabad,Swiggy Instamart,ANDROID,2026-05-07
400664,Udant Uppal,9168815005,gardeyagnesh@example.com,Chandigarh,BigBasket,iOS,2025-04-09
400665,Amaira Sant,5504909000,kashyapsamarth@example.com,Ahmedabad,Swiggy Instamart,iOS,2026-05-20
400666,Devansh Dani,1366953319,saidash@example.net,Pune,BigBasket,ANDROID,2026-06-26
400667,Tanveer Magar,9162643570,dalbir01@example.org,Delhi,Zepto,ios,2024-10-28
400668,Qadim Grover,3990335878,ujhaveri@example.com,Chandigarh,BigBasket,ANDROID,2026-06-21
400669,Maanas Nigam,1217749398,wadhwaudant@example.net,Mumbai,BigBasket,ios,2024-11-28
400670,Upma Dugar,,ibandi@example.net,Chandigarh,Swiggy Instamart,ios,2025-08-05
400671,Avni Sheth,1744013535,pillayekansh@example.org,Kolkata,Zepto,iOS,2025-03-23
400672,Yashasvi Iyer,0272313229,emorar@example.com,Pune,BigBasket,Android,10-Jun-2026
400673,Wridesh Mittal,6667083164,chavviwalia@example.net,Hyderabad,Zepto,iOS,2026-03-22
400674,Rushil Cherian,0274531988,abhimanyu38@example.net,Ahmedabad,Blinkit,Android,2024-05-20
400675,Frederick Bal,7016266354,isrinivas@example.org,Delhi,Swiggy Instamart,iOS,18-Oct-2024
400676,Jacob Deshmukh,7317902325,,Lucknow,BigBasket,iOS,2025-07-10
400677,Priya Sethi,4795953932,parora@example.org,Lucknow,BigBasket,iOS,2024-11-07
400678,Vanya Dixit,5582617016,samarthgarde@example.com,Lucknow,BigBasket,Android,2024-08-28
400679,Fariq Taneja,3863453956,arinreddy@example.net,Lucknow,Swiggy Instamart,Android,2025-01-17
400680,Caleb Saini,9807473674,sachibhandari@example.net,Chennai,Swiggy Instamart,ANDROID,2024-11-18
400681,Sanaya Kannan,9051231203,senishita@example.org,Hyderabad,Zepto,,2026-08-12
400682,Samaksh Ravi,4627151896,dgoyal@example.net,Delhi,BigBasket,Android,2024-02-07
400683,Rishi Lal,8080134178,htata@example.net,Hyderabad,Blinkit,ios,2024-07-07
400684,Elijah Tara,8297939593,nitara46@example.net,Kolkata,Swiggy Instamart,,2023-11-27
400685,Benjamin Korpal,8173379038,bansalyug@example.net,Bombay,BigBasket,iOS,2024-10-31
400686,Eiravati Sankaran,6509852897,revadeo@example.net,NCR,Zepto,ANDROID,2024-09-10
400687,Yatan Prasad,8671584235,aggarwalethan@example.org,mumbai,Blinkit,iOS,2024-09-08
400688,Dipta Ghose,1658780346,robert50@example.org,Ahmedabad,Swiggy Instamart,Android,2025-03-09
400689,Yutika Nadig,7339491576,gourbrinda@example.com,Ahmedabad,BigBasket,Android,2026-01-18
400690,Eta Jayaraman,8810645712,seshadriyashica@example.com,Chandigarh,Zepto,ios,2024-04-15
400691,Ryan Pal,0797632302,tdugar@example.org,Lucknow,Blinkit,ANDROID,2026-03-01
400692,Zansi Bhatt,5828368899,kondaadvik@example.org,mumbai,BigBasket,ios,2024-06-09
400693,Lila Vasa,,,Kochi,Blinkit,Android,2025-12-23
400694,Jairaj Bera,9462110824,sbhatt@example.org,Chandigarh,Zepto,ANDROID,2025-12-09
400695,Brijesh Bassi,4669716736,,Ahmedabad,Swiggy Instamart,,2026-03-01
400696,Manthan Wason,4455894622,wriddhishgolla@example.net,Bombay,Swiggy Instamart,iOS,25-Oct-2024
400697,Advika Deo,,nbarad@example.net,Hyderabad,BigBasket,Android,2025-09-12
400698,Manya Rajagopal,2874816145,rayaan55@example.com,Chandigarh,Blinkit,,03-26-2026
400699,Jeremiah Ahluwalia,0889826434,amritatata@example.com,Pune,BigBasket,iOS,2025-05-22
400700,Rachit Patla,1307883174,nathaniel80@example.com,Pune,Blinkit,ios,2025-07-29
400701,Darpan Bal,,maanasmitter@example.org,Kochi,Blinkit,iOS,2024-01-31
400702,Lavanya Joshi,,lajitaborah@example.org,Hyderabad,Blinkit,ios,2024-10-12
400703,Raagini Soman,4718032272,nairdalbir@example.com,Chandigarh,BigBasket,ANDROID,2025-04-21
400704,Zayan Koshy,0399000421,,Delhi,Swiggy Instamart,Android,2024-09-13
400705,Bahadurjit Dey,9654764155,haritalala@example.com,Lucknow,Swiggy Instamart,Android,2025-07-20
400706,Jonathan Sodhi,6184970944,,Bengaluru,Zepto,Android,2024-05-31
400707,Devika Dave,4678897757,harish29@example.com,Kochi,BigBasket,ANDROID,2026-05-02
400708,Ojasvi Dash,0965997127,jeevikapingle@example.net,Pune,Blinkit,ANDROID,2024-08-20
400709,Yauvani Chandra,7432713550,jdeshpande@example.org,Hyderabad,Zepto,ANDROID,08-07-2025
400710,Ekantika Arya,9303947809,ozaumang@example.net,Jaipur,Blinkit,Android,2024-04-25
400711,Charles Sane,,lohitkaran@example.net,Kochi,Blinkit,Android,2026-04-09
400712,Jai Sangha,7087239661,tbutala@example.net,Mumbai,BigBasket,Android,2025-12-27
400713,Isha Dora,1035946949,ishanayar@example.net,Ahmedabad,Zepto,ios,2023-12-20
400714,Urvi Kunda,1456994380,vincentkrishna@example.com,Ahmedabad,Swiggy Instamart,,2023-11-12
400715,Eiravati Iyer,6822683061,baradtheodore@example.com,Pune,BigBasket,Android,2025-01-15
400716,Falguni Devan,2738130967,duttaadweta@example.org,Chandigarh,Zepto,iOS,2023-12-28
400717,George Mani,7467745908,chadveer@example.net,Jaipur,Swiggy Instamart,ANDROID,2025-10-24
400718,Wriddhish Kata,4742371928,zinalpatla@example.net,Ahmedabad,Blinkit,,03-Jul-2026
400719,Charvi Mandal,6434753820,oeshijani@example.org,Chennai,BigBasket,ANDROID,2024-03-11
400720,Qadim Vohra,8391489980,dattaxiti@example.com,Kochi,BigBasket,Android,2025-11-19
400721,Aarush Bava,9385606413,nilima65@example.net,Bengaluru,Zepto,ANDROID,2025-06-08
400722,Aachal Vala,7825785679,dalbir30@example.org,Pune,Zepto,Android,2024-09-22
400723,Prisha Minhas,2990006563,wishisami@example.org,Chandigarh,Blinkit,Android,2025-02-24
400724,Gaurangi Rai,9652613711,travi@example.net,Bengaluru,Blinkit,iOS,2025-04-16
400725,Aditya Rege,5715132931,shankervaishnavi@example.com,Kolkata,BigBasket,Android,29/11/2024
400726,Ucchal Kulkarni,2702996439,anita94@example.org,Mumbai,Zepto,,2024-07-30
400727,Bhavani Sani,,sarafmitali@example.org,Mumbai,Blinkit,ios,2025-06-19
400728,Nimrat Rana,2070823456,abdul60@example.net,Chandigarh,BigBasket,iOS,2024-10-16
400729,Panini Vig,3139894834,mluthra@example.com,Kolkata,BigBasket,iOS,2026-07-26
400730,Anmol Subramaniam,1664259817,zashil89@example.org,Kochi,Swiggy Instamart,,2024-04-15
400731,Advay Bhattacharyya,3278680260,gautamdara@example.org,Delhi,BigBasket,,2026-01-21
400732,Robert Barad,4582132723,vohrageorge@example.net,Hyderabad,Zepto,Android,2025-04-27
400733,Sneha Sunder,6817492761,lpatil@example.org,Chandigarh,Blinkit,Android,06-23-2025
400734,Aahana Savant,5666068425,ugoel@example.net,Delhi,Blinkit,Android,2024-10-28
400735,Urvi Pall,0601526989,hredhaan68@example.org,Bengaluru,BigBasket,,2023-11-21
400736,Arunima Natt,4009069954,doctormadhavi@example.net,Bengaluru,BigBasket,iOS,2023-11-05
400737,Jagrati Bhakta,1075164792,luke68@example.net,Chandigarh,Zepto,iOS,2024-06-01
400738,Jagrati Nazareth,7030311381,ktoor@example.org,Kochi,BigBasket,ANDROID,2023-11-28
400739,Saumya Sarin,,opatla@example.com,Kochi,Swiggy Instamart,,2026-05-12
400740,Damyanti Zachariah,7411522764,ayush03@example.org,Ahmedabad,BigBasket,ANDROID,2026-03-01
400741,Chameli Dewan,7588233355,januja83@example.org,Mumbai,Zepto,Android,2024-07-30
400742,Tanveer Sampath,3845316991,girishbains@example.net,Bengaluru,Blinkit,iOS,2026-03-22
400743,Ekapad Bir,5560601899,sathvikpadmanabhan@example.com,Kolkata,Zepto,Android,2025-03-02
400744,Ladli Rajagopalan,9659279750,amrutachaudhari@example.com,Hyderabad,Swiggy Instamart,,2026-03-29
400745,Raksha Chandran,4095768388,qabil93@example.org,Jaipur,Zepto,iOS,2025-04-17
400746,Amara Cheema,5625812069,tarak24@example.net,Mumbai,Blinkit,ANDROID,2024-06-22
400747,Avi Wable,6331970058,pillaiyashawini@example.com,Mumbai,BigBasket,ios,23/01/2026
400748,Gagan Trivedi,3113911776,hardikmaster@example.org,Kolkata,BigBasket,ios,2025-03-17
400749,Jason Saxena,8739984033,rattapavani@example.org,Chandigarh,Zepto,iOS,2026-07-31
400750,Upkaar Raghavan,8487500785,nbora@example.net,Pune,BigBasket,Android,2025-12-25
400751,Veda Mani,0143032204,xkashyap@example.com,Delhi,Swiggy Instamart,ANDROID,2025-01-05
400752,Ati Bassi,2858094297,jagatsunder@example.net,Kochi,Blinkit,Android,2024-09-27
400753,Darsh Zacharia,6650364720,vinaya80@example.org,Chennai,Zepto,Android,2025-03-06
400754,Avi Saran,9433219253,ndhingra@example.com,Pune,BigBasket,ANDROID,2026-06-25
400755,Gaurav Walia,0519839414,finn30@example.com,Chennai,Blinkit,iOS,2024-05-04
400756,Mason Bora,2460913833,tanishwalla@example.net,Kolkata,Zepto,ios,2024-05-07
400757,Isaiah Luthra,7520899171,banjeet64@example.net,Lucknow,Zepto,ios,2024-03-11
400758,Ishita Munshi,0752334560,karanaarini@example.com,Bengaluru,Blinkit,iOS,2024-05-07
400759,Bimala Narang,7439888563,edhitha37@example.org,Kolkata,Zepto,ios,2023-08-27
400760,Urvashi Nayar,2630767356,sanghviupkaar@example.org,Ahmedabad,Zepto,ios,2024-05-15
400761,Keya Lanka,0794080001,jalsa09@example.org,Hyderabad,BigBasket,iOS,2026-05-09
400762,Samaksh Kalla,7988890512,ilall@example.org,Delhi,Zepto,Android,04/06/2024
400763,Jai Sankaran,9747719710,yastishetty@example.org,Bombay,Swiggy Instamart,iOS,2026-06-27
400764,Onveer Edwin,3802588129,sachdevaomisha@example.net,Kochi,Blinkit,,2024-08-26
400765,Samaksh Hayre,2033463655,ozaharinakshi@example.net,Delhi,BigBasket,ANDROID,2024-04-02
400766,Frederick Chatterjee,,rishi50@example.net,Bangalore,Swiggy Instamart,ios,2024-10-04
400767,Jagrati Brahmbhatt,6660104801,masterkabir@example.net,Kolkata,Blinkit,ios,2024-09-23
400768,Robert Chaudhary,8594345686,ramafaqid@example.com,Delhi,Blinkit,ANDROID,2023-10-27
400769,Pranav Nagarajan,,mahikamangat@example.org,Lucknow,Swiggy Instamart,Android,2026-02-05
400770,Faraj Choudhary,7306152778,obiswas@example.org,Kochi,Blinkit,ios,2024-04-07
400771,Laban Ray,7857110608,mohammedbhargava@example.net,Kolkata,Blinkit,ANDROID,2023-12-24
400772,Harrison Toor,,vnath@example.org,Mumbai,Swiggy Instamart,,2023-12-27
400773,Pratyush Raghavan,5670386315,ugandhi@example.org,Bombay,Zepto,ios,2025-01-19
400774,Jason Bhagat,8976793301,achaudhary@example.net,Delhi,Swiggy Instamart,Android,2025-09-23
400775,Maya Sundaram,7480530390,sjha@example.org,Hyderabad,BigBasket,Android,2024-08-26
400776,Wridesh Kara,3716864527,uahluwalia@example.org,Bengaluru,BigBasket,ios,2024-09-08
400777,Balendra Choudhary,3772076890,,Hyderabad,BigBasket,Android,2024-05-14
400778,Eesha Shenoy,1222164320,falan74@example.com,Kolkata,BigBasket,iOS,2024-11-28
400779,Sai Natarajan,1808120719,jacob47@example.net,Lucknow,BigBasket,ANDROID,20/05/2025
400780,Zaitra Sodhi,3250251014,daslogan@example.com,Chennai,Blinkit,ios,29-Feb-2024
400781,Harini Toor,7870282259,palanhenry@example.com,Chennai,Zepto,ANDROID,2024-08-28
400782,Falguni Sridhar,1758566493,luckylanka@example.net,Lucknow,BigBasket,iOS,2025-12-02
400783,Daksha Hayer,0047653535,divyamohanty@example.com,Ahmedabad,Zepto,,2023-10-02
400784,Nikita Taneja,3634483376,reva85@example.com,Pune,Blinkit,,2024-05-24
400785,Finn Murty,0881507368,williamraval@example.org,Kolkata,Blinkit,Android,2026-07-15
400786,Aarush Ramesh,2991556049,,Chandigarh,Zepto,Android,2025-07-26
400787,Pushti Narayanan,2015518713,jyoti01@example.net,Pune,Zepto,ANDROID,2026-01-15
400788,Om Kulkarni,,bsuri@example.org,Bengaluru,Swiggy Instamart,ios,2024-02-06
400789,Simon Chander,0867783085,irattan@example.net,bengaluru,Blinkit,iOS,08-May-2026
400790,Christopher Sengupta,4783976568,gautami25@example.org,Hyderabad,Blinkit,ANDROID,2026-07-23
400791,Zaid Parmer,,luckymander@example.com,Pune,Blinkit,,2025-12-24
400792,Saumya Rana,0065765829,rajuluke@example.com,Delhi,BigBasket,Android,2026-07-10
400793,Avni Dey,6220255638,yochana88@example.org,Lucknow,Blinkit,Android,2026-01-31
400794,Zayan Bhavsar,3260251003,rishimishra@example.com,Chennai,Blinkit,ios,2024-11-22
400795,Udarsh Sinha,2584787705,joshibanjeet@example.org,Delhi,Zepto,ANDROID,31-Jan-2024
400796,Maanas Parmer,2748797859,,Chandigarh,Swiggy Instamart,ios,2025-05-26
400797,Hritik Mani,8060441233,,Chandigarh,Zepto,ios,2024-10-26
400798,Vamakshi Bajaj,5863258438,satherajeshri@example.net,Chandigarh,Blinkit,,2023-09-21
400799,Agastya Oza,2384871098,,Kochi,BigBasket,ANDROID,09/04/2025
400800,Lekha Narula,3987836054,pillaiisha@example.org,Mumbai,Zepto,,2025-02-19
400801,Jeevika Dugar,3568607267,simon46@example.net,Pune,Swiggy Instamart,,2026-04-28
400802,Chanakya Chahal,3391777392,lbehl@example.net,NCR,BigBasket,ios,2025-02-22
400803,Amruta Pandey,8435556854,harrisonsubramanian@example.net,Lucknow,BigBasket,ios,26-Apr-2024
400804,Upkaar Oza,1286139145,ygoswami@example.org,Kolkata,Zepto,Android,2025-01-29
400805,Devansh Chakrabarti,3690199772,upma53@example.com,Kolkata,Swiggy Instamart,iOS,2026-05-19
400806,Maanas Sur,1829811558,yasti10@example.net,Pune,Blinkit,ios,26-Oct-2024
400807,Anmol Saran,7099442444,shivani11@example.net,Kochi,BigBasket,ANDROID,2026-07-18
400808,Warjas Parsa,1475609993,kcheema@example.org,Lucknow,Blinkit,iOS,2024-03-24
400809,Viraj Venkataraman,4613246452,aahanashah@example.net,Kolkata,Zepto,,2025-01-18
400810,Urvi Sridhar,0337581052,qnayar@example.org,Chennai,Blinkit,ANDROID,2025-12-25
400811,Jai Chacko,0009263912,yagneshmangal@example.org,Pune,Zepto,Android,2025-11-07
400812,Faqid Yadav,1796611054,libni97@example.org,Kochi,Blinkit,ios,2024-07-13
400813,Jack Murty,1918100978,falguninarayan@example.com,Jaipur,Zepto,ANDROID,2024-06-05
400814,Rayaan Mall,7815803372,lopabhargava@example.org,Pune,Zepto,ios,2024-06-24
400815,Garima Chana,2326256474,,Chandigarh,Blinkit,Android,2024-06-10
400816,Darsh Sani,,darsh50@example.net,Kochi,Zepto,iOS,2024-07-01
400817,Jonathan Datta,6433866954,bahrilohit@example.org,Jaipur,Swiggy Instamart,ios,11-Sep-2023
400818,Imaran Jha,4744122643,saanvibera@example.com,Chennai,Zepto,,2026-04-05
400819,Sathvik Srivastava,6921347210,chandranbehl@example.net,Hyderabad,BigBasket,iOS,2024-03-20
400820,Yoshita Wason,3591998329,iyerveer@example.org,Jaipur,Zepto,ANDROID,2024-12-10
400821,Ridhi Sharma,1065035346,rajatabhasin@example.org,Mumbai,Zepto,ANDROID,2026-08-01
400822,Harshil Shetty,3385734073,gollarohan@example.org,Ahmedabad,Zepto,Android,2026-02-10
400823,Leena Gill,9760143616,,Pune,Zepto,ios,2024-04-11
400824,Hredhaan Kamdar,3876725023,sbedi@example.org,Ahmedabad,Blinkit,iOS,2025-09-05
400825,Edhitha Sidhu,7430288207,guhahemani@example.net,Lucknow,Blinkit,ANDROID,2024-07-01
400826,Odika Deo,0318781635,zachariahkrishna@example.org,Pune,Swiggy Instamart,Android,2025-12-24
400827,Rachita Sodhi,6577178518,imaranbir@example.com,Kochi,Zepto,ANDROID,2025-04-02
400828,Tara Buch,9873767545,vasatika58@example.org,Jaipur,BigBasket,,2024-06-05
400829,Kashish Dada,7051396337,advikagate@example.org,Ahmedabad,Swiggy Instamart,ios,19-Dec-2025
400830,Nicholas Kala,2431408847,babujoshua@example.net,Lucknow,BigBasket,Android,2025-01-16
400831,Noah Talwar,8365545807,mohini58@example.org,Hyderabad,Blinkit,ios,01-Jun-2025
400832,Abdul Sunder,2703864291,sakshamsaxena@example.com,Kochi,BigBasket,ios,2025-12-04
400833,Shivansh Anne,2096154157,,Kochi,Zepto,ios,2025-05-04
400834,Henry Thakur,6051019756,datefrederick@example.org,Kochi,BigBasket,Android,2025-10-30
400835,Advaith Raju,6452329004,ushukla@example.com,Lucknow,Blinkit,iOS,2025-01-03
400836,Xavier Bhardwaj,5291551604,balendra26@example.org,Chennai,Zepto,Android,24/11/2023
400837,Mitali Sibal,8875394970,hanschandani@example.net,Chennai,Blinkit,ios,2025-05-02
400838,Anthony Luthra,3648334790,mcheema@example.org,Mumbai,Zepto,iOS,2026-07-15
400839,Upadhriti Yogi,3583264201,ikshita61@example.com,Chennai,Zepto,iOS,2024-05-10
400840,Ekaraj Keer,7160222623,esarin@example.com,Bengaluru,BigBasket,Android,2026-06-27
400841,Lakshmi Wadhwa,9970833351,thamanwidisha@example.org,Kolkata,BigBasket,Android,2026-05-21
400842,Varsha Raju,,simonraju@example.com,Delhi,BigBasket,,2025-07-16
400843,Robert Ranganathan,4266764189,saumyaarya@example.com,Delhi,Zepto,ANDROID,2023-10-08
400844,Bahadurjit Chauhan,0443539513,yagnesh62@example.com,Chandigarh,Blinkit,ios,2026-01-14
400845,Harinakshi Sahota,4832626628,sankaranhitesh@example.org,Jaipur,Swiggy Instamart,ios,2025-03-02
400846,Udyati Rout,4317087481,ekhatri@example.org,Lucknow,BigBasket,iOS,2024-11-17
400847,Samuel Contractor,7264696349,peter19@example.com,Kolkata,Zepto,,2026-01-02
400848,Bhavini More,1060621372,,Kolkata,Zepto,ios,05-Apr-2025
400849,Imaran Cherian,5524510435,daminimani@example.net,Pune,Zepto,ANDROID,2025-01-10
400850,Shaurya Chaudry,8875844473,senguptakeya@example.com,Bengaluru,Zepto,ANDROID,2024-07-08
400851,Chaaya Bhargava,9267096564,sodhibaljiwan@example.com,Chennai,Blinkit,,2023-10-12
400852,Guneet Chawla,2977948787,surhenry@example.org,Pune,BigBasket,ANDROID,2026-05-06
400853,Zashil Sachdeva,7944635896,ombala@example.net,Lucknow,Swiggy Instamart,ios,2025-10-04
400854,Deepa Brahmbhatt,5586377870,ftalwar@example.com,Delhi,Blinkit,ios,2024-02-07
400855,Yashodhara Narayanan,4686929696,zaitradugal@example.net,Bengaluru,Zepto,Android,2025-05-15
400856,Raghav Salvi,8148360503,kashvideshmukh@example.com,Lucknow,Blinkit,ios,2025-01-17
400857,Janani Nazareth,2550333848,,Delhi,Swiggy Instamart,ANDROID,2026-01-01
400858,Chaman Das,5323043068,,Kochi,Blinkit,iOS,2024-06-04
400859,Niharika Barad,0153480515,gautam35@example.net,Chennai,BigBasket,Android,2025-10-14
400860,Yashawini Dubey,8635499691,ridhi35@example.org,Lucknow,BigBasket,,2025-03-05
400861,George Shenoy,9841892851,azadsachdev@example.net,Delhi,BigBasket,ANDROID,2024-03-28
400862,Wazir Agrawal,6396483648,rachana96@example.net,Ahmedabad,Zepto,ios,2025-12-18
400863,Ekantika Kohli,2184809659,raaginisuri@example.com,Bengaluru,Zepto,Android,2025-10-12
400864,Ekiya Chowdhury,0226268436,gsarna@example.org,Kochi,BigBasket,ios,12-24-2023
400865,Jagvi Shenoy,4852893880,adyataneja@example.com,Hyderabad,Zepto,Android,2026-06-18
400866,Azad Banik,3780880147,kulkarnisiya@example.net,Mumbai,Swiggy Instamart,Android,2024-03-23
400867,Lucky Jani,,ybhargava@example.net,Hyderabad,Zepto,ANDROID,01-05-2026
400868,Rajata Naidu,5660999337,fmurthy@example.org,Ahmedabad,Blinkit,,2025-06-09
400869,Zayan Raj,3303802731,vedika03@example.com,Delhi,Blinkit,Android,2026-08-12
400870,Brijesh Shah,6702390098,ekaraj39@example.com,Ahmedabad,Zepto,ios,2024-01-08
400871,Omisha Sem,4353230119,ekiyachoudhary@example.org,Kochi,BigBasket,ANDROID,2026-04-01
400872,Nisha Radhakrishnan,6292789559,wagleanusha@example.com,Chandigarh,Swiggy Instamart,ANDROID,2025-09-02
400873,Udyati Sethi,6395062594,harishgera@example.org,NCR,BigBasket,ANDROID,03/01/2025
400874,Rushil Bala,0124468797,vedantrajagopal@example.com,Mumbai,Swiggy Instamart,ANDROID,2024-04-19
400875,Dev Natt,9292568207,bakhshi14@example.net,Jaipur,BigBasket,Android,2026-03-23
400876,Janaki Chokshi,6151243327,,Chandigarh,Zepto,ANDROID,2024-10-05
400877,Alka Padmanabhan,5436814723,jmagar@example.org,Kolkata,Zepto,ANDROID,2026-01-31
400878,Omkaar Sant,6049538640,yashodhara31@example.com,Mumbai,Zepto,,2025-01-18
400879,Rachita Goel,6496907270,ranveer90@example.net,Lucknow,Blinkit,iOS,2026-07-01
400880,Chasmum Kamdar,6042947355,nitarachandran@example.com,Kolkata,Blinkit,ANDROID,2025-08-19
400881,Jagdish Misra,0619003468,,Hyderabad,BigBasket,ios,2025-11-05
400882,Abha Dhaliwal,9597429654,chatterjeeronith@example.net,Mumbai,Blinkit,iOS,14/03/2025
400883,Yashoda Kumer,7570738484,sinhaoni@example.net,Ahmedabad,Blinkit,ANDROID,21-Jun-2024
400884,Upkaar D’Alia,5119392577,ronithprashad@example.net,Chandigarh,BigBasket,iOS,2025-09-30
400885,Brinda Bal,1170553893,xvarughese@example.org,Hyderabad,BigBasket,iOS,2023-10-21
400886,Amrita Shankar,3375050203,wvarma@example.org,Pune,BigBasket,ANDROID,12-Aug-2026
400887,Arya Doshi,9325154393,glad@example.org,Ahmedabad,Blinkit,iOS,2026-08-10
400888,Gavin Kapoor,1333183571,xtalwar@example.org,Jaipur,Zepto,ANDROID,25/12/2024
400889,Yadavi Kaul,4286833290,ramakrishnanfrado@example.org,Bengaluru,BigBasket,ios,2026-03-24
400890,Siddharth Gill,9551651816,bhatnagarpratyush@example.net,Chennai,Blinkit,,2024-11-19
400891,Lipika Dua,6490807406,kshan@example.com,Chennai,Blinkit,iOS,2025-07-26
400892,Rachana Varkey,5204519440,harinakshi34@example.net,Bengaluru,Blinkit,ios,2024-07-01
400893,Vincent Kota,6557911738,,Ahmedabad,Blinkit,Android,2024-01-07
400894,Champak Seth,3271349203,eparekh@example.org,Kochi,Zepto,,2025-09-08
400895,Ayaan Borah,1697591258,jyoti62@example.org,Pune,Swiggy Instamart,Android,2024-05-26
400896,Widisha Mistry,0683107171,majumdarindrajit@example.net,Jaipur,Blinkit,ios,2025-09-18
400897,Ekansh Sood,5056277700,abhimanyu70@example.net,Chandigarh,BigBasket,ios,2025-03-13
400898,Amol Chadha,,mohini65@example.net,Jaipur,Zepto,ANDROID,2025-11-17
400899,Vanya Parekh,7988176113,zarna90@example.com,Jaipur,Zepto,ANDROID,22/02/2024
400900,Adya Kari,7900154857,traja@example.org,Jaipur,Swiggy Instamart,ios,2023-09-28
400901,Aashi Patla,3220829089,ekavir65@example.org,Ahmedabad,Swiggy Instamart,Android,2024-01-15
400902,Yatan Goel,8402981223,,Pune,Swiggy Instamart,Android,2025-06-12
400903,Hritik Tak,8351844024,emahajan@example.net,Kochi,Zepto,ANDROID,2025-05-22
400904,Yashasvi Choudhury,5718498784,naiduzarna@example.org,Bengaluru,Swiggy Instamart,Android,14-Jan-2026
400905,Jeet Krish,5183345163,dhaliwalqabil@example.org,Kochi,Blinkit,ios,2026-07-10
400906,Aarush Kota,3305064046,samarsankar@example.org,New Delhi,BigBasket,ANDROID,2025-08-30
400907,Kiaan Mukherjee,5068203104,dugalkeya@example.net,Mumbai,Blinkit,Android,2024-04-09
400908,Balendra Chana,0327910527,lopa90@example.org,Kolkata,Blinkit,iOS,2024-11-24
400909,Ishwar Deol,1114041766,vsuresh@example.com,Lucknow,Blinkit,Android,2025-06-25
400910,Veer Bhargava,,cmannan@example.com,Chennai,BigBasket,ANDROID,2025-04-11
400911,Gautami Ramesh,4494116268,radhikadeol@example.net,Chandigarh,BigBasket,Android,2025-05-12
400912,Xiti D’Alia,2587890121,esoni@example.net,Jaipur,Swiggy Instamart,,2024-06-10
400913,Tarak Bakshi,0896951509,ibhattacharyya@example.net,Kochi,BigBasket,,2026-06-17
400914,David Chand,9031117819,mananchatterjee@example.org,Jaipur,Blinkit,ANDROID,26-Nov-2025
400915,Ishani Shetty,9213682741,,Lucknow,BigBasket,Android,2025-11-16
400916,Pahal Bhattacharyya,2106378606,udugar@example.net,Kochi,Zepto,ios,08/08/2025
400917,Jagdish Pillay,5840308542,anushabassi@example.org,Mumbai,Swiggy Instamart,ios,27-Apr-2025
400918,Chasmum Taneja,9082861370,sastrypooja@example.net,Chennai,Blinkit,iOS,2024-01-26
400919,Aarini Tak,9285248595,rajagopalandrew@example.net,Chennai,Swiggy Instamart,iOS,2025-07-18
400920,Charan Varma,7810669427,zvohra@example.org,Hyderabad,Zepto,Android,2026-04-07
400921,Balendra Guha,0985866765,dpradhan@example.org,Kochi,Swiggy Instamart,ANDROID,2024-09-30
400922,Vedant Loyal,6847067897,venkataramanekaraj@example.org,Pune,Swiggy Instamart,iOS,2025-10-02
400923,Aarav Gara,0326594237,umangvyas@example.com,Jaipur,Swiggy Instamart,iOS,2024-08-11
400924,Isha Halder,6388338622,rachana23@example.org,Delhi,BigBasket,,2025-09-04
400925,Vincent Memon,7206940753,rohangoyal@example.net,Hyderabad,BigBasket,,2026-01-23
400926,Liam Comar,0309030270,nihalbalay@example.net,Mumbai,Blinkit,iOS,2025-10-09
400927,Laban Karan,5296711919,urvashi02@example.net,Kochi,Swiggy Instamart,ANDROID,2025-09-05
400928,Jagrati Char,8333921746,echaudhuri@example.net,Bengaluru,Swiggy Instamart,ios,2025-09-12
400929,Ekantika Devan,9903401391,vasatikabhatia@example.net,Lucknow,Blinkit,Android,2023-12-19
400930,Pallavi Kuruvilla,7559776290,amol73@example.com,Chennai,BigBasket,Android,2024-05-19
400931,Adya Aurora,6882219705,bnair@example.org,Hyderabad,Blinkit,ios,2026-02-09
400932,Fariq Chander,,vasudha67@example.net,Ahmedabad,Zepto,,2026-05-09
400933,Lila Wason,9429598994,wriddhishratta@example.org,Pune,Zepto,ios,2025-08-28
400934,Balendra Edwin,9459168824,kalitapranav@example.net,Chennai,BigBasket,Android,2026-03-05
400935,Ryan Handa,2877691614,iryarattan@example.org,Jaipur,Swiggy Instamart,iOS,2023-09-21
400936,Ayush Badal,4334745498,georgesethi@example.com,Ahmedabad,Blinkit,iOS,01-03-2024
400937,Yashoda Tripathi,9343996434,timothysaraf@example.org,Pune,Blinkit,,2024-02-05
400938,Dhruv Virk,2411220754,thomastailor@example.com,Chandigarh,Swiggy Instamart,ANDROID,2024-07-24
400939,Varsha Varghese,1292676707,,Jaipur,Zepto,,27/07/2024
400940,Umang Sha,0823159482,chadhavictor@example.net,Ahmedabad,Zepto,iOS,2026-02-13
400941,Gunbir Munshi,6615205598,,bengaluru,Blinkit,Android,27/10/2025
400942,Nilima Kannan,,somharish@example.com,Lucknow,Zepto,iOS,2024-06-03
400943,Alexander Pillai,1605132775,triptivenkataraman@example.org,BLR,Zepto,ANDROID,2026-01-06
400944,Jacob Randhawa,5771505128,thakurnilima@example.org,Bombay,Blinkit,iOS,2023-12-04
400945,Upadhriti Kara,8238369136,gnigam@example.net,Ahmedabad,BigBasket,ios,19-May-2026
400946,Lekha Sandhu,4730683417,odugar@example.com,Mumbai,Blinkit,Android,2026-03-14
400947,Aarnav Dara,0478359754,waidahayer@example.org,Lucknow,BigBasket,Android,2026-02-05
400948,Anusha Sanghvi,6693891444,parth11@example.com,Ahmedabad,Zepto,Android,2025-10-07
400949,Lavanya Sarma,4401534816,prashadaachal@example.net,Ahmedabad,Zepto,iOS,2024-12-08
400950,Upma Kumar,8737012792,adhaliwal@example.net,Pune,Swiggy Instamart,,2025-05-27
400951,Jeremiah Kashyap,8333573819,gmistry@example.org,Ahmedabad,Blinkit,Android,2024-04-25
400952,Hema Ranganathan,6669143687,advik98@example.org,Mumbai,Zepto,,2024-08-22
400953,Jackson Panchal,8891976695,sachi26@example.org,Pune,Zepto,ANDROID,2026-03-19
400954,Veer Upadhyay,7012504418,jasmit44@example.com,Ahmedabad,Zepto,Android,2025-10-25
400955,Siddharth Krishna,1184021509,ishaanmani@example.org,Ahmedabad,Blinkit,ios,14-Aug-2026
400956,Tripti Sodhi,4706570235,rajrishi@example.net,Jaipur,Swiggy Instamart,Android,2024-09-12
400957,Yauvani Mahal,4900420783,kibekeya@example.com,Bengaluru,Swiggy Instamart,ANDROID,2024-02-29
400958,Jeremiah Kata,,vasatikatalwar@example.org,Kochi,Swiggy Instamart,iOS,2024-06-10
400959,Aadhya Balakrishnan,,uverma@example.net,Lucknow,Zepto,ios,14/07/2024
400960,Saksham Chacko,7002752171,ekavirnadig@example.org,Mumbai,Zepto,ios,2023-10-01
400961,Nachiket Ray,6667221180,rsinghal@example.net,Hyderabad,Blinkit,,2026-03-11
400962,Lila Maharaj,3920284799,bhavsarurishilla@example.net,Bengaluru,Blinkit,ANDROID,2024-07-08
400963,Matthew Dora,0729142123,krishchandran@example.com,Mumbai,Zepto,Android,2024-01-19
400964,Jhalak Vyas,4355240836,badalyachana@example.com,Ahmedabad,Blinkit,,2024-09-06
400965,Neel Mitra,9658551030,vrishti01@example.net,Ahmedabad,Blinkit,ios,2025-10-03
400966,Ranbir Prasad,,,Hyderabad,BigBasket,,2023-08-26
400967,Aachal Sane,8076467349,harinakshi91@example.net,Kolkata,Blinkit,ios,2025-11-11
400968,Upma Ram,3407546228,ibrahmbhatt@example.com,Ahmedabad,BigBasket,,06/10/2023
400969,Rishi Vora,8140767830,balaisha@example.net,Ahmedabad,Swiggy Instamart,ios,2023-11-30
400970,Wahab Kumar,7842794309,pwalia@example.com,Hyderabad,BigBasket,Android,2026-02-09
400971,Gunbir Shenoy,2066261647,ojaggi@example.org,Kochi,Zepto,Android,2026-02-02
400972,Zansi Nagy,7001515204,goswamiwatika@example.net,Bengaluru,Swiggy Instamart,iOS,2024-04-17
400973,Ishanvi Sachdeva,2315750786,falan74@example.net,mumbai,Zepto,iOS,2025-06-29
400974,Bahadurjit Chawla,9217959262,watikakeer@example.com,Jaipur,Blinkit,,2025-06-21
400975,Liam Dass,6457256287,badalrishi@example.net,Jaipur,Blinkit,ios,2026-02-19
400976,Jackson Sarraf,,jsama@example.net,Ahmedabad,Blinkit,Android,2024-01-15
400977,Harsh Bhattacharyya,4366849436,chaaya28@example.com,Jaipur,BigBasket,iOS,2024-11-05
400978,Jagdish Dara,6291861626,basuurishilla@example.org,Kolkata,Blinkit,ANDROID,2023-10-17
400979,Ati Sarma,9716841157,siya30@example.net,Kolkata,Zepto,Android,2026-06-28
400980,Vivaan Sahota,8790656373,pallyug@example.org,BLR,Zepto,iOS,2023-08-30
400981,Harsh Krishna,8143343363,abhimanyu33@example.net,Kochi,Blinkit,ANDROID,2023-10-18
400982,Parth Keer,4401194021,vedikasawhney@example.net,Mumbai,Zepto,Android,2025-08-23
400983,Gautami Arora,6996022861,zramaswamy@example.com,Kochi,Zepto,iOS,12/08/2026
400984,Frado Hari,5579574323,daksh02@example.net,Chandigarh,Swiggy Instamart,iOS,2024-10-10
400985,Dayita Sachdeva,1058548801,nikita04@example.com,Mumbai,Zepto,ios,22/07/2026
400986,Max Pradhan,3398884946,nbath@example.net,Lucknow,Blinkit,iOS,16-Sep-2025
400987,Yashodhara Rastogi,2505298951,vasudhanadkarni@example.com,Bengaluru,BigBasket,ios,2025-11-01
400988,Nidra Kunda,6940554498,achahal@example.net,Bengaluru,Blinkit,ios,2024-09-09
400989,Yasti Halder,3931147142,obhakta@example.com,Kochi,Blinkit,Android,2023-12-25
400990,Pranav Mannan,1106482890,kritikahari@example.org,Delhi,BigBasket,Android,2024-07-04
400991,Avni Kalla,3476546808,manthanravi@example.com,Chandigarh,Zepto,,2026-02-27
400992,Faris Dugar,2725656641,zvenkatesh@example.org,Pune,Blinkit,Android,2026-02-23
400993,Saanvi Sagar,7429974533,gopalkapur@example.com,Jaipur,Zepto,Android,2024-09-12
400994,Sai Chacko,4240161874,raghavdas@example.org,Delhi,Zepto,ios,2025-02-19
400995,Dipta Gour,2770701678,bachittarmander@example.org,Jaipur,Zepto,ANDROID,2023-11-11
400996,Vritti Dash,6819590371,merchantmohini@example.com,Delhi,Zepto,Android,2025-08-03
400997,Liam Varma,5575260067,dganguly@example.org,Chennai,Zepto,ios,2026-07-15
400998,Abha Bhasin,4975191507,,mumbai,BigBasket,ios,2025-09-08
400999,Ladli Menon,4063162763,yashoda48@example.net,Hyderabad,Zepto,Android,2024-02-25
401000,Lakshit Mody,6370298717,,Chennai,BigBasket,ANDROID,2024-08-08
401001,Ekalinga Kapadia,6305265916,vinaya20@example.net,Lucknow,Zepto,iOS,2024-06-19
401002,Akshay Padmanabhan,1358217557,rayaanvyas@example.com,Jaipur,Swiggy Instamart,,2025-05-07
401003,Manya Deshmukh,5978625310,eiravatikant@example.net,Pune,Blinkit,ios,2023-09-03
401004,Pratyush Swaminathan,1312821073,fvaidya@example.org,Bengaluru,Swiggy Instamart,ANDROID,2024-10-02
401005,Leena Saraf,4541343633,vyanjana46@example.net,Jaipur,BigBasket,Android,2025-01-11
401006,Forum Pradhan,1952727086,,Kolkata,Blinkit,ios,2024-06-19
401007,Sanaya Chaudhari,1444426443,ekanshparikh@example.com,Chandigarh,Zepto,iOS,2025-08-27
401008,Ryan Johal,6236629835,harsh77@example.org,Chandigarh,BigBasket,iOS,2024-10-11
401009,Vedhika Borah,4099846130,,Hyderabad,Zepto,iOS,2024-01-25
401010,Amrita Sheth,1056047591,deywishi@example.org,Kolkata,Swiggy Instamart,ANDROID,2024-05-23
401011,Tripti Bajaj,5420180322,triveni25@example.net,Kochi,Blinkit,iOS,2026-07-12
401012,Vaishnavi Karnik,2062727394,,Bengaluru,BigBasket,ios,2024-10-11
401013,Sai Bandi,6796422665,odhingra@example.net,Kochi,Swiggy Instamart,iOS,2024-08-19
401014,Yashodhara Sampath,4722791968,ekalinga31@example.com,Kochi,BigBasket,ios,2025-10-13
401015,Shivansh Gulati,3033450339,faras18@example.org,Lucknow,Zepto,ANDROID,2025-07-20
401016,Priya Kannan,8540518395,,Hyderabad,Zepto,iOS,2025-12-07
401017,Eesha Chacko,3885653311,rishi36@example.org,Pune,BigBasket,ANDROID,20/03/2026
401018,Nitesh Sani,6917745151,,Jaipur,Swiggy Instamart,iOS,2024-03-21
401019,Ekani Krishnamurthy,3028357825,aradhana63@example.com,Lucknow,Blinkit,Android,2024-01-25
401020,Kabir Singh,4536904094,walioni@example.net,Kochi,Blinkit,,2024-03-01
401021,Lekha Kunda,1254886895,bobalbrijesh@example.com,Jaipur,BigBasket,ios,2024-01-16
401022,Frederick Bhasin,7432775233,megha96@example.com,Chandigarh,Swiggy Instamart,Android,2024-04-17
401023,Vasudha Kota,2643645440,egola@example.org,Bengaluru,Zepto,ios,2025-10-09
401024,Lakshmi Palla,8846128199,karpefalguni@example.net,Chennai,BigBasket,ios,2026-02-20
401025,Onveer Mahajan,3332586509,yashawini57@example.com,Chennai,BigBasket,,2025-10-09
401026,Imaran D’Alia,7582284154,,Hyderabad,Blinkit,iOS,2026-02-09
401027,Unni Panchal,0964397155,hemal24@example.org,Pune,Swiggy Instamart,ANDROID,2026-01-15
401028,Chakrika Kar,7696766485,oni94@example.net,Lucknow,BigBasket,,2025-08-10
401029,Charvi Andra,0631382675,,Jaipur,BigBasket,ANDROID,2026-02-27
401030,Theodore Toor,7461916990,bwason@example.com,Ahmedabad,Zepto,ANDROID,2026-07-22
401031,Xiti Merchant,6713157489,hsem@example.net,Kochi,Zepto,Android,31-Jan-2026
401032,Fariq Rastogi,0563698696,bahadurjit97@example.com,Chennai,Swiggy Instamart,ios,2025-04-20
401033,Aadhya Agate,9765599149,falan82@example.com,Hyderabad,Blinkit,ios,05-29-2025
401034,Advika Balan,,sarnasiya@example.net,Hyderabad,BigBasket,ios,2024-12-17
401035,Luke Chanda,3067135477,keyavasa@example.com,Kochi,Zepto,ANDROID,2026-07-26
401036,Manan Khare,8297912950,deepabasu@example.com,Jaipur,Zepto,ios,2025-01-21
401037,Leela Dube,2352825079,pushtichahal@example.com,Chandigarh,Zepto,Android,2025-02-14
401038,Chakrika Goyal,6318626865,vrinda52@example.com,Kolkata,BigBasket,Android,2024-05-02
401039,Fitan Kunda,5062198492,dixitzayyan@example.org,Bengaluru,Zepto,iOS,2026-05-24
401040,Kashish Wable,6526561433,biswasgarima@example.com,Kolkata,Blinkit,ANDROID,2025-01-01
401041,Wridesh Khatri,8088010801,lkant@example.com,Chennai,BigBasket,Android,23/07/2026
401042,Dev Handa,5460242751,bhandariekbal@example.net,New Delhi,Zepto,Android,2026-08-02
401043,Yashoda Agrawal,,aahanakashyap@example.com,Kochi,Swiggy Instamart,ios,2024-03-01
401044,Liam Rajagopal,8713735910,saiahuja@example.org,Chennai,BigBasket,iOS,2025-10-09
401045,Rajeshri Suri,3455822661,yachana39@example.org,Ahmedabad,Blinkit,ANDROID,2024-09-11
401046,Saanvi Borde,8497235257,virkekanta@example.net,Chennai,BigBasket,ANDROID,2025-09-05
401047,Adya Ravel,0769044096,baghyawatinarula@example.net,Chennai,Zepto,ios,2023-09-02
401048,Vincent Sandhu,4165243233,hemal94@example.org,Chennai,Swiggy Instamart,ANDROID,2024-06-07
401049,Umang Lad,4888124894,ekanshbir@example.net,Delhi,Swiggy Instamart,ios,2024-09-18
401050,Anirudh Bala,2502863540,gabakrisha@example.com,Mumbai,Zepto,Android,27/06/2024
401051,Gauri Patil,7687759261,,Bengaluru,Swiggy Instamart,,2024-10-11
401052,Charita Malhotra,7699511379,nidra49@example.net,Kolkata,BigBasket,ios,2025-03-31
401053,Girik Mani,8406129850,nadigvasudha@example.com,Delhi,Blinkit,Android,2026-03-24
401054,Aryan Setty,3817835328,jyotidalia@example.org,Pune,BigBasket,iOS,2025-10-06
401055,Naveen Doctor,6524951268,jananiramanathan@example.com,Delhi,BigBasket,ANDROID,2023-09-18
401056,Pranit Ramakrishnan,7021899334,,Hyderabad,Swiggy Instamart,Android,2025-12-17
401057,Prisha Master,5938778497,trivediadya@example.org,Chandigarh,Zepto,,2024-11-06
401058,Falguni Memon,7810329554,avi51@example.org,NCR,BigBasket,iOS,2025-05-13
401059,Orinder Sunder,9209637646,nilimasarkar@example.org,Hyderabad,BigBasket,ANDROID,2026-05-31
401060,Mitali Kant,5032672197,kalawriddhish@example.org,Hyderabad,Blinkit,ANDROID,2024-07-05
401061,Kamala Gopal,,ekalinga38@example.net,Ahmedabad,Swiggy Instamart,Android,2024-09-07
401062,Varenya Mahajan,4794189212,,Ahmedabad,Zepto,ios,2026-06-30
401063,Siya Modi,9139972685,ekapad03@example.com,Jaipur,Swiggy Instamart,iOS,2026-02-05
401064,Anusha Doctor,1388184956,harinakshideep@example.org,Ahmedabad,Swiggy Instamart,,2025-11-13
401065,Isaiah Gulati,4293494948,qmemon@example.org,Kolkata,BigBasket,iOS,2025-01-19
401066,Aryan Sabharwal,8355999292,etak@example.com,Chennai,Swiggy Instamart,ios,03-19-2026
401067,Yashawini Kota,4644253656,nathanielchoudhary@example.com,Lucknow,Zepto,Android,22/08/2024
401068,Gayathri Varma,3769629167,chanderanya@example.net,Chandigarh,Swiggy Instamart,iOS,2026-05-06
401069,Isaac Kalla,5538828551,mshukla@example.org,Hyderabad,Blinkit,,2024-06-19
401070,Advay Setty,1440340041,calebaggarwal@example.net,Delhi,Swiggy Instamart,Android,2026-03-07
401071,Chandani Kashyap,,ajaggi@example.com,Ahmedabad,Zepto,ANDROID,2025-01-09
401072,Zayan Bansal,1351409801,,Delhi,Blinkit,ANDROID,2026-05-04
401073,Pooja Agate,8474983217,ldas@example.net,Mumbai,Swiggy Instamart,ios,2025-11-06
401074,Vamakshi Memon,0857552344,xitihora@example.org,bengaluru,Zepto,,2024-02-04
401075,Edhitha Bhargava,5327414589,,bengaluru,Blinkit,ANDROID,2023-11-25
401076,Gopal Oak,7736226463,thomas25@example.com,Bengaluru,Zepto,iOS,2024-02-08
401077,Aayush Krishnan,8276004451,tdutta@example.net,Kolkata,Blinkit,iOS,2023-08-21
401078,Zehaan Pal,0614838336,kashvibala@example.com,Bengaluru,Zepto,ANDROID,2024-08-27
401079,Unni Sant,,naveen82@example.org,Ahmedabad,Swiggy Instamart,ANDROID,12-Jan-2025
401080,Vidhi Cheema,8034083586,,Delhi,Swiggy Instamart,,2023-12-29
401081,Alka Tiwari,0645553682,bachittarandra@example.org,bengaluru,BigBasket,,21/09/2023
401082,Aryan Dhillon,5392114132,aryabanik@example.net,Kochi,BigBasket,ANDROID,2025-02-19
401083,Vidhi Srinivas,1974922278,revakulkarni@example.net,Kochi,Swiggy Instamart,ios,2026-06-22
401084,Oviya Sanghvi,3474951244,niharikaoommen@example.net,Hyderabad,BigBasket,Android,2025-07-25
401085,Tara Chana,0377507825,aarav30@example.com,Kolkata,Swiggy Instamart,Android,2023-11-08
401086,Vivaan Krishnan,3299293402,ryanhora@example.com,Hyderabad,Zepto,ios,14-May-2026
401087,Nitara Banik,,sahotabhanumati@example.org,Jaipur,Swiggy Instamart,ios,2025-01-28
401088,Oviya Menon,6431215307,mangalagastya@example.org,Chandigarh,Swiggy Instamart,ios,2023-12-21
401089,Nihal Bhatia,3360149690,rajata87@example.org,Jaipur,Zepto,Android,04-16-2024
401090,Azad Chakraborty,8937636056,utkarshnagy@example.com,Mumbai,Blinkit,ANDROID,2025-12-04
401091,Sai Chad,0566761943,,Bengaluru,Swiggy Instamart,ANDROID,2025-10-21
401092,Shivani Chauhan,1132340205,anirudhrout@example.com,Chandigarh,Swiggy Instamart,iOS,2026-05-06
401093,Netra Basak,2194578050,unnichandran@example.net,Mumbai,BigBasket,ANDROID,2025-02-08
401094,Vaishnavi Bumb,5940660682,kamyabakshi@example.net,Ahmedabad,Zepto,,2025-10-27
401095,Hiral Sachdeva,7330272355,singhmanan@example.org,Lucknow,Blinkit,ANDROID,27/03/2026
401096,Gaurangi Mannan,1559539009,hiteshsahni@example.com,Chandigarh,BigBasket,ios,2025-02-23
401097,Qushi Bains,6531170836,charita28@example.org,Lucknow,BigBasket,ANDROID,2025-04-26
401098,Ranbir Sathe,6595465104,udass@example.org,Chandigarh,Swiggy Instamart,iOS,17-Jul-2026
401099,Daksha Raja,8282715837,ranbirmurty@example.net,mumbai,BigBasket,ANDROID,2023-09-14
401100,Janya Chadha,9908566621,bhattacharyyawarinder@example.com,Mumbai,Blinkit,ios,2024-07-27
401101,Sudiksha Bala,8750291770,yochana45@example.org,Jaipur,Swiggy Instamart,iOS,2024-10-30
401102,Kevin Jaggi,3896813012,jhachanakya@example.com,New Delhi,Swiggy Instamart,ios,09-Sep-2024
401103,Hemangini Ahluwalia,0088257836,joshihamsini@example.com,Chandigarh,Blinkit,ios,2023-11-21
401104,Nandini Jha,6673514704,shuklaharshil@example.net,Ahmedabad,Blinkit,,05/08/2026
401105,Hitesh Garde,8219854473,libni28@example.org,Lucknow,Blinkit,,2023-10-31
401106,Fariq Mannan,0523852837,sonizarna@example.org,Jaipur,Swiggy Instamart,iOS,2026-03-05
401107,Raksha Bhakta,0509629724,forumbiswas@example.org,Ahmedabad,Zepto,,2023-09-27
401108,Samarth Sahni,1793595834,upkaargoswami@example.org,Pune,Swiggy Instamart,,2023-09-08
401109,Samesh Thakur,8303808275,vanshapanchal@example.net,Jaipur,Zepto,ANDROID,2025-05-21
401110,Ganga Savant,,xchauhan@example.com,Kochi,BigBasket,ANDROID,2025-04-01
401111,Yoshita Mane,9758042033,isaiah92@example.org,mumbai,Zepto,iOS,2023-12-10
401112,Warinder Hora,5353825079,rjaggi@example.net,Bengaluru,Swiggy Instamart,iOS,2024-11-07
401113,Girindra Hayer,6387489892,hiral61@example.net,Delhi,Zepto,,2024-02-28
401114,Owen Pal,7674323287,fshenoy@example.org,Jaipur,Zepto,iOS,2023-10-14
401115,Jatin Balasubramanian,0545157933,abalasubramanian@example.org,Hyderabad,Swiggy Instamart,,22/07/2025
401116,Falguni Sharaf,0419854616,,Pune,Blinkit,Android,2026-01-14
401117,Tripti Sunder,6229963883,moraraarini@example.org,Mumbai,Blinkit,ANDROID,2024-07-24
401118,Yashawini Bora,4349249772,,Mumbai,Swiggy Instamart,ANDROID,2026-05-12
401119,Isaiah Bala,9376990861,ugoel@example.net,Bombay,Blinkit,,2025-05-29
401120,Sachi Naik,6738228638,zrandhawa@example.net,bengaluru,Swiggy Instamart,,2025-09-07
401121,Bhavika Sood,0170105974,yashawini85@example.com,Jaipur,Swiggy Instamart,,10-27-2025
401122,Ekantika De,3154954891,bishakha31@example.org,Hyderabad,Swiggy Instamart,iOS,2024-10-08
401123,Wazir Walla,3026339527,ranveer55@example.org,Pune,Swiggy Instamart,ios,2025-05-05
401124,Dalaja Mangat,5124175698,nandini33@example.net,Kochi,Swiggy Instamart,iOS,10/11/2023
401125,Lucky Halder,8945154489,matthew61@example.net,Mumbai,BigBasket,ANDROID,22/11/2025
401126,Vaishnavi Sachdeva,4778203005,idugal@example.net,Bangalore,Zepto,iOS,2025-08-04
401127,Daksh Shankar,7848717610,faras29@example.com,Ahmedabad,Swiggy Instamart,Android,2024-09-08
401128,Raagini Talwar,7921221534,udarsh49@example.com,Hyderabad,Zepto,Android,2025-04-10
401129,Adweta Sundaram,6763687327,lagarwal@example.net,Delhi,Blinkit,iOS,2025-08-29
401130,Eesha Andra,1745880140,waida26@example.com,Ahmedabad,BigBasket,ios,2026-07-25
401131,Isha Dave,1015452545,barmanjoshua@example.org,Mumbai,Zepto,iOS,2024-12-20
401132,Falak Krish,9557662734,qasim03@example.org,Ahmedabad,BigBasket,iOS,2024-02-07
401133,Harini Dhillon,2728012870,naveenchakrabarti@example.com,Mumbai,Zepto,Android,2026-05-09
401134,Krisha Chaudry,7204774490,tbhardwaj@example.org,Mumbai,Zepto,Android,2026-08-03
401135,Veda Chakrabarti,5690606121,vivaan00@example.net,Lucknow,Blinkit,,09/05/2024
401136,Hiral Saha,1355940846,shauryapal@example.net,Chandigarh,Zepto,iOS,2026-04-07
401137,Januja Kant,9755982469,avi33@example.net,Chandigarh,Blinkit,ios,06-Feb-2024
401138,Upasna Vala,8974799015,,Mumbai,Blinkit,ios,2024-10-04
401139,Kashish Menon,9880906958,thakkarsarthak@example.net,Hyderabad,Swiggy Instamart,ANDROID,2026-06-07
401140,Nirja Mistry,2631538696,vnadkarni@example.net,Chandigarh,BigBasket,iOS,2026-08-02
401141,Megha Agarwal,0609485799,warhi99@example.net,Delhi,Swiggy Instamart,ios,2024-07-03
401142,Yutika Vasa,7275639244,nisha86@example.com,Chandigarh,Zepto,ios,2026-02-10
401143,Kashvi Som,,waidaahuja@example.net,Kochi,Zepto,iOS,2024-10-25
401144,Ishwar Oommen,0123890284,bakhshi76@example.org,Hyderabad,BigBasket,,2025-10-10
401145,Yagnesh Soni,3970026800,azad78@example.org,Lucknow,Swiggy Instamart,Android,2024-02-29
401146,Unnati Tiwari,0120003110,ayush08@example.com,Delhi,BigBasket,ANDROID,2025-05-14
401147,Veda Kibe,1159202093,ambleijaya@example.net,Mumbai,Zepto,ANDROID,2025-04-09
401148,Joshua Sane,0903773070,vinayanagy@example.com,Jaipur,Blinkit,ios,15-Oct-2025
401149,Yashodhara Vig,0342930462,daksh84@example.net,Ahmedabad,Blinkit,ANDROID,2024-10-18
401150,Faras Karnik,9600210340,bainsisaac@example.org,Chennai,Swiggy Instamart,ANDROID,2025-12-26
401151,Ayushman Deshmukh,8102452366,sahahredhaan@example.org,BLR,Zepto,Android,2024-11-21
401152,Daksha Saraf,5003548443,aryadaksha@example.com,Ahmedabad,Blinkit,Android,2025-01-08
401153,Finn Butala,1131950910,,Lucknow,BigBasket,ANDROID,2024-11-17
401154,Damini Devi,0873502733,saneharsh@example.com,Pune,Zepto,iOS,2025-11-05
401155,Pratyush Modi,3019060917,isha07@example.org,Mumbai,Blinkit,Android,2025-08-07
401156,Abdul Trivedi,6426313927,elad@example.org,Lucknow,BigBasket,,2024-12-28
401157,Rajeshri Wagle,5581640358,lnagar@example.com,Kochi,Zepto,Android,2024-12-28
401158,Watika Hayre,7838582538,gaurika90@example.com,Jaipur,Zepto,Android,2026-05-26
401159,Libni Chandran,9271455332,haritagokhale@example.com,Delhi,Zepto,Android,2025-01-30
401160,Nathaniel Sandal,1146422982,savantchavvi@example.net,Pune,Zepto,ios,2025-04-26
401161,Jacob Chopra,5348415345,jagdish71@example.com,Kolkata,BigBasket,Android,2026-04-07
401162,Akshay Khatri,6785008170,viraj88@example.com,Mumbai,Swiggy Instamart,Android,2024-04-20
401163,Madhav Mahal,1616778807,pdutta@example.org,Chandigarh,Swiggy Instamart,Android,2024-09-28
401164,Nitesh Singhal,6901439841,,Delhi,Zepto,Android,2025-11-14
401165,Vyanjana Wason,8219368744,bumbbina@example.net,Delhi,Zepto,Android,04-19-2025
401166,Rachita Mukhopadhyay,9117723612,lsarma@example.com,Delhi,Blinkit,,2024-06-14
401167,Rajata Shetty,8862562047,warjaswalia@example.net,Lucknow,Blinkit,Android,2024-11-09
401168,Nirja Narain,1774157435,nranganathan@example.net,Bangalore,Swiggy Instamart,iOS,2025-02-20
401169,Arya Zacharia,4162404110,nkrishna@example.net,Jaipur,Blinkit,iOS,2025-06-07
401170,Anamika Chacko,9582617356,nayaramruta@example.com,Bengaluru,Zepto,ANDROID,2023-09-08
401171,Sai Dhillon,1835881459,gautami86@example.net,Pune,Swiggy Instamart,iOS,2025-06-19
401172,Eiravati Sabharwal,1509419162,diya03@example.com,Chennai,Zepto,Android,2026-02-13
401173,Max Lanka,4946839189,ramakrishnankaran@example.net,New Delhi,Swiggy Instamart,Android,2025-08-31
401174,Mekhala Chatterjee,3333085769,warindervenkatesh@example.net,Kochi,Swiggy Instamart,iOS,2025-03-25
401175,Dhruv Kibe,0933931737,bariaraksha@example.net,Ahmedabad,BigBasket,ANDROID,2023-09-29
401176,Nakul Kapoor,6231635993,dsood@example.net,Hyderabad,Zepto,ios,2024-05-18
401177,Mitesh Mallick,3625960969,pkala@example.net,Bengaluru,BigBasket,,2024-02-24
401178,Farhan Mohan,6310088492,charita45@example.net,Delhi,Blinkit,ANDROID,2024-12-06
401179,Warhi Deshpande,2356091172,riya89@example.org,Delhi,Blinkit,,2025-04-14
401180,Tejas Nadig,2956286104,ygandhi@example.net,Pune,Blinkit,ANDROID,2026-04-17
401181,Chavvi Chaudhuri,4228888421,adweta81@example.org,Jaipur,BigBasket,,2024-03-04
401182,Naksh Dewan,5268570330,,Kochi,Swiggy Instamart,ios,2024-04-12
401183,Kevin Sabharwal,8510372203,npalla@example.org,Chennai,BigBasket,,2026-01-15
401184,Veer Bajaj,4787842293,gdave@example.net,Kochi,BigBasket,ANDROID,2025-10-01
401185,Jhalak Nayak,2332483867,unnatipalla@example.com,Lucknow,BigBasket,Android,2025-02-19
401186,Kala Bhakta,5047443428,udant09@example.com,Bengaluru,Zepto,ANDROID,2026-06-23
401187,Mitesh Sama,1301248931,udyati82@example.org,Kochi,Swiggy Instamart,iOS,04-09-2025
401188,Banjeet Sidhu,1847578260,qluthra@example.org,Bengaluru,BigBasket,ANDROID,2024-09-08
401189,Vanya Kohli,5075976219,vedikatella@example.org,Ahmedabad,Blinkit,Android,2024-05-15
401190,Mugdha Mohan,2312896805,qshere@example.com,mumbai,Zepto,Android,2024-02-15
401191,Brinda Venkatesh,7171851193,prishabail@example.com,Pune,Swiggy Instamart,iOS,2026-01-05
401192,Farhan Anne,9055953261,balapratyush@example.org,Chennai,Swiggy Instamart,Android,2024-06-26
401193,Zehaan Sama,4531020429,manneojasvi@example.net,Kolkata,Zepto,iOS,2026-03-10
401194,Gaurangi Goda,1230572654,ekarajmajumdar@example.org,Chennai,Zepto,Android,2024-02-13
401195,Oni Murty,8271904468,ahujayash@example.net,Mumbai,Zepto,Android,2024-09-11
401196,Urvi Dubey,0686605259,chaaya05@example.org,Delhi,Swiggy Instamart,Android,2024-12-20
401197,Nathaniel Bhagat,4992861970,tanaysinghal@example.org,Chennai,Zepto,Android,2025-12-26
401198,Baghyawati Pall,9490239858,rushilhayer@example.com,Mumbai,Swiggy Instamart,Android,2024-02-24
401199,Vamakshi Parmar,7564334990,csibal@example.net,Pune,Swiggy Instamart,Android,2026-07-19
401200,Manthan Vohra,0399451180,csaxena@example.net,Kolkata,BigBasket,ios,31/10/2025
401201,Akshay Ben,7847081886,siyasastry@example.org,Kolkata,BigBasket,Android,2025-05-12
401202,Atharv Kalla,8148336903,forumshroff@example.net,Delhi,Zepto,iOS,2026-01-01
401203,Viraj Cheema,4478815356,iandra@example.net,NCR,Zepto,ANDROID,2024-12-05
401204,Sai Setty,8225888711,bachittarsuresh@example.org,Jaipur,Blinkit,Android,2025-05-23
401205,Hiral Patil,3204875560,tdhar@example.com,Bengaluru,Blinkit,,29-Jun-2025
401206,Oliver Dugar,0654512666,nagimeera@example.com,Chennai,Swiggy Instamart,Android,2025-06-06
401207,Osha Bhatnagar,9983147873,ansh90@example.org,Pune,Swiggy Instamart,ios,11/01/2025
401208,Shivani Mittal,6637036028,jatin36@example.net,Kochi,BigBasket,Android,2025-03-04
401209,William Taneja,8400794273,ymagar@example.net,mumbai,Zepto,ios,2026-02-12
401210,Faris Ratti,8089653450,deshmukhnathaniel@example.net,Chandigarh,Blinkit,Android,2024-07-11
401211,Jeevika Loke,1548386347,nkota@example.net,Bengaluru,Blinkit,ios,2025-04-03
401212,Aadi Chowdhury,6869076323,dashdevika@example.net,Mumbai,Swiggy Instamart,ANDROID,11/10/2024
401213,Vivaan Sarraf,1256732678,rajeshribehl@example.net,Mumbai,BigBasket,iOS,2025-11-09
401214,Gagan Chad,1940576910,priyahayre@example.net,Pune,Blinkit,Android,2026-02-11
401215,Ekavir Chahal,9228874367,edevi@example.com,Kochi,BigBasket,iOS,2024-08-18
401216,Hiral Trivedi,6896118532,pranit44@example.org,Kochi,BigBasket,iOS,2026-06-04
401217,Vedika Narang,1228029272,harish75@example.com,Ahmedabad,Zepto,Android,17/08/2026
401218,Chaitanya Dave,5187248173,timothydin@example.net,Ahmedabad,BigBasket,iOS,2025-02-05
401219,Pratyush Shetty,7467508294,rsethi@example.com,Lucknow,Zepto,ANDROID,2025-10-05
401220,Vedika Bora,8425891465,wallapallavi@example.com,Lucknow,BigBasket,ANDROID,2024-07-12
401221,Arin Kala,8681371962,nbal@example.net,Bengaluru,Swiggy Instamart,ios,2026-05-06
401222,Yauvani Nadkarni,1455255506,vasudha92@example.com,Kochi,Blinkit,ios,2023-08-30
401223,Varenya Sidhu,6947299545,giriksehgal@example.net,Delhi,Swiggy Instamart,iOS,2025-06-08
401224,Raksha Grover,8018097799,xbanik@example.net,Delhi,Swiggy Instamart,Android,2024-05-20
401225,Darika Wason,7744882422,,Lucknow,Blinkit,ios,2025-08-22
401226,Bhavika Shan,9507841627,ozacharia@example.org,Lucknow,Swiggy Instamart,ios,2025-07-07
401227,Tanvi Bera,2109304418,omdayamai@example.com,Delhi,BigBasket,,27/04/2026
401228,Chandani Badal,2904958715,balyug@example.com,Mumbai,Swiggy Instamart,iOS,03-09-2026
401229,Janaki Ganesan,2205453397,parikhurvi@example.net,Mumbai,Zepto,Android,2024-12-22
401230,Isaac Gupta,3838164573,zsuri@example.org,Jaipur,Zepto,ANDROID,2026-05-15
401231,Amruta Kari,6704746202,ethan79@example.net,Lucknow,Zepto,ANDROID,22/04/2025
401232,Jonathan Nagarajan,0756162955,inayabhandari@example.net,Kolkata,Swiggy Instamart,iOS,2025-01-17
401233,Chakradev Bumb,0478186422,hdasgupta@example.org,Ahmedabad,Blinkit,,2025-03-03
401234,Girindra Roy,,gaurangdube@example.org,Hyderabad,Zepto,iOS,2023-09-30
401235,Ishita Thakur,,chandranmani@example.net,Kolkata,BigBasket,ANDROID,2024-08-17
401236,Yashasvi Sengupta,,aggarwalchandani@example.org,Pune,Zepto,,2026-05-20
401237,Lekha Sahni,5649635596,theodore39@example.net,Kolkata,Swiggy Instamart,,2023-11-18
401238,Kai Kapoor,5988614519,brarranbir@example.net,Lucknow,Zepto,Android,2025-10-07
401239,Veer Prabhakar,4489230167,rsaini@example.org,Pune,Zepto,iOS,2023-09-26
401240,Harrison Morar,2958614201,tarak99@example.org,Pune,BigBasket,iOS,2025-06-22
401241,Oni Manne,4831947637,tamanna09@example.com,Bengaluru,Blinkit,ANDROID,2026-07-03
401242,Chameli Jain,6504433936,hredhaan79@example.com,Ahmedabad,Blinkit,iOS,15-Jun-2025
401243,Owen Ram,9598013890,,Chandigarh,BigBasket,ios,2026-02-13
401244,Rushil Vaidya,4091900191,,Jaipur,Blinkit,iOS,2025-06-26
401245,Wakeeta Reddy,9585597745,qkapadia@example.net,Lucknow,Blinkit,ANDROID,13-Sep-2025
401246,Naveen Zachariah,8120981466,fkhare@example.net,Delhi,Zepto,iOS,17-Mar-2026
401247,Gayathri Ramaswamy,0509468444,xkamdar@example.org,delhi,Zepto,,2024-01-28
401248,Rachit Loke,,jagvirout@example.com,Hyderabad,Blinkit,ios,2023-12-25
401249,Xavier Sahota,1272938886,nakul17@example.org,Delhi,BigBasket,ios,2025-01-26
401250,Osha Divan,5993586381,jagvi21@example.com,New Delhi,Blinkit,Android,2024-11-29
401251,Vanya Rana,7720706057,adya38@example.net,NCR,Swiggy Instamart,ios,2026-03-23
401252,Leena Lad,0277077546,aroraquincy@example.org,Jaipur,Swiggy Instamart,Android,2024-07-09
401253,Alexander Mall,5257782556,amol74@example.net,Kochi,BigBasket,ANDROID,2026-03-20
401254,Peter Mohanty,1669947477,zayyan27@example.org,bengaluru,BigBasket,iOS,2026-07-08
401255,Shaurya Subramaniam,3721557043,,Ahmedabad,Swiggy Instamart,iOS,2025-03-23
401256,Ganga Garg,9995512391,daksheshdani@example.net,Jaipur,BigBasket,Android,02/10/2023
401257,Hemang Badami,2743133920,qabilnarayanan@example.org,BLR,BigBasket,iOS,2025-12-25
401258,Anika Barad,,veerbatra@example.com,Pune,Blinkit,Android,2025-01-15
401259,Veer Saxena,,ughosh@example.net,Kochi,Zepto,ios,2024-12-18
401260,Sara Menon,0160216950,vkhanna@example.org,Bengaluru,Blinkit,iOS,2026-03-27
401261,Triveni Krishnan,6789850485,usahni@example.com,Jaipur,Blinkit,Android,2025-07-11
401262,Brijesh Chowdhury,4830157316,xrajan@example.org,Lucknow,Zepto,Android,2025-12-28
401263,Manan Madan,,chokshinetra@example.net,Kolkata,Zepto,ios,2024-10-23
401264,Aarini Lala,4727096720,deepababu@example.net,Kochi,Zepto,ios,2024-08-09
401265,Vivaan Srivastava,4232795852,xmishra@example.net,Hyderabad,Swiggy Instamart,iOS,2024-03-25
401266,Theodore Soni,,minhasgayathri@example.org,Kochi,BigBasket,iOS,2025-12-19
401267,Ucchal Sundaram,0288148898,sarthak24@example.net,Hyderabad,Blinkit,,2023-12-15
401268,Rudra Das,9345837091,ekavir12@example.net,Ahmedabad,Swiggy Instamart,,2024-08-29
401269,Darsh Gulati,4038009644,michaeldeep@example.com,Chennai,BigBasket,ANDROID,07-Sep-2024
401270,Tejas Trivedi,4228730663,ghosewazir@example.org,Mumbai,Blinkit,Android,2025-02-19
401271,Akshay Sahni,5835900473,,Bengaluru,Swiggy Instamart,Android,2026-04-20
401272,Krish Kadakia,5670443338,udarshkrishnan@example.com,Bengaluru,Blinkit,ios,2025-01-17
401273,Ekapad Sankar,2417692149,adatta@example.org,Delhi,Blinkit,ANDROID,2026-05-05
401274,Lucky Sengupta,4315467461,sakshamsangha@example.com,Lucknow,BigBasket,iOS,2025-10-30
401275,Shravya Mody,9540580952,xbakshi@example.net,Mumbai,BigBasket,,2025-03-25
401276,Deepa Parsa,0713797237,wazir95@example.net,Mumbai,BigBasket,,2025-05-15
401277,Arunima Manne,5919492630,dassyasti@example.com,Jaipur,Swiggy Instamart,iOS,2024-12-31
401278,Faras Taneja,2643654846,kala90@example.net,Mumbai,Swiggy Instamart,iOS,2025-09-06
401279,Krisha Dayal,2573648204,,Chandigarh,BigBasket,iOS,2023-08-20
401280,Nachiket Dara,2933615395,iyengarzilmil@example.com,Mumbai,BigBasket,iOS,2025-08-07
401281,Yoshita Bahl,3870696470,hmadan@example.org,Jaipur,Swiggy Instamart,iOS,2024-05-28
401282,Vihaan Sarna,8246418126,adoctor@example.com,Chandigarh,Swiggy Instamart,iOS,2026-06-26
401283,Harini Kota,5893928674,vivaanmagar@example.net,Bengaluru,Zepto,iOS,2024-08-25
401284,Andrew Kothari,9097867892,harinakshi66@example.com,Delhi,BigBasket,Android,2026-05-23
401285,Indrajit Sibal,2217147521,chawlayochana@example.net,Kolkata,Zepto,ios,06-13-2024
401286,Lila Mitra,,thakkarlakshit@example.com,Kochi,Zepto,,2023-08-21
401287,Lohit Ghosh,7851246556,,Pune,Blinkit,Android,2025-11-26
401288,Ayush Jhaveri,8750255814,jyoti43@example.com,Bengaluru,Zepto,iOS,2024-10-10
401289,Tarak Sani,5873165799,ambledipta@example.org,Pune,BigBasket,ANDROID,04-Apr-2024
401290,Harini Goswami,1296886562,oeshisharma@example.org,Pune,BigBasket,ANDROID,2024-06-11
401291,Zayyan More,3000562860,gaurangibala@example.com,Lucknow,Zepto,,2026-06-28
401292,Jeevika Peri,2780924455,,Ahmedabad,Zepto,ANDROID,2023-12-02
401293,Tristan Oommen,3275422761,johalfalguni@example.org,Jaipur,Blinkit,Android,2024-02-10
401294,Veda Deshmukh,0772620414,viswanathanchakradhar@example.net,NCR,BigBasket,iOS,28/09/2023
401295,Urvashi Jha,,rajagopalansamesh@example.com,Hyderabad,BigBasket,,2023-12-05
401296,Tristan Badal,8342779867,,Lucknow,Zepto,Android,2024-06-01
401297,Veda Sahni,2874189840,patelsneha@example.org,Chennai,Blinkit,Android,09-Aug-2025
401298,Falan Nadkarni,6272198777,xhayer@example.net,bengaluru,Blinkit,iOS,04-12-2026
401299,Vaishnavi Kapadia,1910556688,tataishwar@example.org,Lucknow,Zepto,iOS,11-18-2025
401300,Sathvik Purohit,1913657693,chaudhuriaarnav@example.com,New Delhi,Zepto,iOS,2024-08-18
401301,Ishaan Lala,2269353088,xwadhwa@example.org,Hyderabad,Blinkit,ANDROID,2025-04-25
401302,Dhriti Issac,5433145502,sacharya@example.org,Chennai,Zepto,ios,2025-08-23
401303,Upkaar Kala,5265274990,zayanchana@example.com,Chennai,Swiggy Instamart,ios,2025-09-15
401304,Chandran Varughese,8142505339,sameshsur@example.com,Kolkata,BigBasket,ios,2024-09-28
401305,Amruta Chana,0402165368,dubepanini@example.org,Ahmedabad,Zepto,iOS,2025-10-05
401306,Gautam Deep,4914736369,bahadurjitdate@example.net,Jaipur,Blinkit,Android,2026-04-16
401307,Noah Pant,,parsavedant@example.com,Kochi,Blinkit,ANDROID,08-19-2024
401308,Oeshi Krishna,1356705088,anitakhurana@example.org,Bombay,Blinkit,iOS,2025-10-14
401309,Chandran Chahal,7790335116,vinayasrinivas@example.net,Kochi,Swiggy Instamart,Android,28/06/2024
401310,Yashvi Batta,4510602019,jatin46@example.net,Hyderabad,Blinkit,ios,2026-02-02
401311,Zaid D’Alia,4430397723,dewahab@example.com,Pune,Swiggy Instamart,ANDROID,2024-05-22
401312,Geetika Sachdeva,0462280282,olivermann@example.net,Hyderabad,Swiggy Instamart,Android,2025-03-06
401313,Laban Chhabra,6081119133,omyawason@example.com,Hyderabad,BigBasket,ios,2026-08-16
401314,Warinder Sankar,9018427476,dassnidhi@example.com,Bengaluru,Zepto,iOS,2023-10-24
401315,Kalpit Sarkar,0102790766,vbhatt@example.org,Jaipur,Blinkit,iOS,2025-05-29
401316,Hritik Sinha,1444573239,janujaray@example.com,Kochi,Swiggy Instamart,Android,2024-07-17
401317,Arin Chakraborty,0431662600,,Kochi,Swiggy Instamart,Android,2024-09-01
401318,Dipta Bajaj,2394975144,lopa66@example.org,Chandigarh,Swiggy Instamart,iOS,2025-04-04
401319,Eiravati Goswami,7947264957,,Pune,Blinkit,,2023-09-01
401320,Teerth Naidu,5140098299,,Bengaluru,Zepto,ios,2025-09-01
401321,Bhavani Morar,9377494407,lohitsuri@example.org,Hyderabad,Zepto,Android,25-Jan-2025
401322,Vihaan Atwal,2693054584,udyati13@example.com,Ahmedabad,Blinkit,,2025-01-02
401323,Peter Rai,6652268811,jbose@example.net,Pune,Zepto,ios,2026-06-18
401324,Udyati Dayal,6229485858,vwalla@example.org,Jaipur,BigBasket,iOS,2025-02-22
401325,Ekaraj Suri,2007843511,hemaniborah@example.org,Chandigarh,BigBasket,ios,2026-03-31
401326,Samaksh Lal,3853758927,gangulyleena@example.org,Mumbai,Zepto,,2025-03-25
401327,Hritik Dugal,6055093767,rajagopalvincent@example.org,NCR,Blinkit,iOS,2024-02-04
401328,Pavani Mani,8955031335,balendrasule@example.org,Chandigarh,BigBasket,ANDROID,2026-06-10
401329,Ikbal Luthra,8948004412,ishani27@example.org,Ahmedabad,Blinkit,Android,2025-07-01
401330,Maanav Merchant,,tpradhan@example.com,Pune,Zepto,Android,2024-09-09
401331,Vivaan Aggarwal,6869548414,ywason@example.com,Delhi,Zepto,Android,2025-08-18
401332,Ekavir Atwal,7411657755,jchander@example.net,Ahmedabad,BigBasket,ANDROID,2025-04-05
401333,Aarush Uppal,7879665327,clad@example.org,Bengaluru,BigBasket,ios,2023-10-22
401334,Deepa Pillai,0111569080,vnarula@example.org,Hyderabad,BigBasket,Android,2025-05-01
401335,Saumya Kalita,1197042391,ayaansood@example.net,bengaluru,Swiggy Instamart,,2024-04-24
401336,Upasna Badal,1541823780,ramaimaran@example.com,Bengaluru,Blinkit,ios,2024-02-13
401337,Chakradev Kakar,3459634683,raaginiraman@example.net,Chandigarh,Swiggy Instamart,ios,30/12/2024
401338,Zayyan Samra,,jacksane@example.net,Kolkata,Swiggy Instamart,ANDROID,2024-03-30
401339,Triveni Kala,8032459941,soodyashica@example.org,Ahmedabad,Swiggy Instamart,ios,2024-03-17
401340,Urishilla Das,9110871760,diyer@example.com,Bengaluru,Zepto,ios,2025-01-17
401341,Varenya Sathe,2809873769,ayaan79@example.net,Kochi,BigBasket,Android,2023-12-24
401342,Leela Rau,6893650590,jpandit@example.com,Chandigarh,Swiggy Instamart,ios,2024-10-26
401343,Farhan Bhargava,2332510071,shuklaeiravati@example.com,Mumbai,Zepto,ios,2023-09-12
401344,Barkha Bhakta,9590016067,shethjasmit@example.net,Chandigarh,BigBasket,ios,2024-03-13
401345,Kalpit Lalla,9459611993,zilmil13@example.org,Jaipur,Swiggy Instamart,Android,2025-05-12
401346,Alexander Mukherjee,0324261976,,Kochi,BigBasket,ios,2025-09-10
401347,Ryan Bhatti,6769842454,gaganchoudhary@example.org,Kolkata,Zepto,Android,2025-01-12
401348,Omaja Malhotra,6053660431,joshua48@example.org,Chennai,Zepto,iOS,2025-06-18
401349,Atharv Pai,9239167016,vartypranit@example.com,Lucknow,BigBasket,ANDROID,01-Feb-2025
401350,Onkar Sidhu,1167275801,jyoti63@example.net,Bombay,Zepto,ANDROID,2025-10-15
401351,Adya Munshi,9912042484,edass@example.org,Pune,Zepto,ANDROID,2025-09-08
401352,Omisha Pandey,7869846283,sahniamaira@example.com,Mumbai,Blinkit,Android,2026-01-17
401353,Ekaraj Kadakia,0852832132,valamanan@example.net,Mumbai,Swiggy Instamart,iOS,2026-01-16
401354,Rachana Dutta,,,Bangalore,Swiggy Instamart,ANDROID,2024-07-17
401355,Anthony Devan,7066681365,abajaj@example.com,Bengaluru,Zepto,ANDROID,24-Nov-2023
401356,Harish Singh,1891452313,yatinnanda@example.org,Kolkata,Swiggy Instamart,ios,2023-10-12
401357,Vritti Ganguly,9331472271,iwadhwa@example.org,Jaipur,BigBasket,ANDROID,2026-07-20
401358,Aadi Shan,8956014188,bassichaman@example.net,Mumbai,Zepto,ANDROID,2025-12-03
401359,Jagrati Borra,8322776545,datekavya@example.net,Chandigarh,Swiggy Instamart,iOS,2025-06-06
401360,Indira Yohannan,0318078612,nkothari@example.net,Jaipur,Zepto,iOS,2024-04-09
401361,Wahab Banerjee,3199288918,sharafneel@example.net,Delhi,Zepto,ANDROID,2023-09-26
401362,Panini Narayanan,,tsur@example.com,Kolkata,Zepto,ANDROID,2024-10-12
401363,Harrison Vora,7828138569,varsha42@example.org,Jaipur,BigBasket,ios,2026-01-18
401364,Reva Murthy,3033381061,dyalfarhan@example.org,Jaipur,BigBasket,ios,2025-05-26
401365,Ishaan Murthy,9711144920,marya@example.com,Pune,Zepto,ANDROID,2026-03-03
401366,Yoshita Walla,8556915677,vdin@example.org,Chennai,Swiggy Instamart,,2024-07-16
401367,Naveen Atwal,0895916790,amaira36@example.org,Kochi,Blinkit,ANDROID,2025-11-09
401368,Anita Chakrabarti,3143500014,goswamicaleb@example.net,Ahmedabad,BigBasket,iOS,2024-04-19
401369,Charita Sampath,6148673077,aishani58@example.net,Jaipur,Zepto,Android,2026-06-05
401370,Mitesh Oak,0763150266,aishanidugar@example.net,Hyderabad,Swiggy Instamart,,2025-02-26
401371,Samuel Mistry,4555346858,pallavishukla@example.org,Kolkata,BigBasket,ANDROID,01-16-2024
401372,Lohit Chopra,6955034458,paljeremiah@example.com,Kolkata,Blinkit,ios,2024-07-14
401373,Unnati Borra,8885210676,thomaschaudhuri@example.org,Mumbai,Blinkit,ANDROID,04-21-2025
401374,Ranbir Chand,5997583513,zbarad@example.com,Mumbai,Swiggy Instamart,Android,2025-11-20
401375,Abhiram Mody,4987862403,damyantibansal@example.net,Chandigarh,Swiggy Instamart,ANDROID,2025-09-03
401376,Priya Pant,1714619709,,Chandigarh,BigBasket,iOS,2026-07-29
401377,Caleb Kohli,5579538309,ydhillon@example.org,Kochi,Zepto,iOS,2025-01-14
401378,Girindra Chand,8026481259,hjoshi@example.com,Pune,Swiggy Instamart,Android,2024-01-05
401379,Unni Kumar,0888424530,emadan@example.org,Mumbai,Swiggy Instamart,iOS,2024-04-21
401380,Yashawini Apte,5085530171,salvilogan@example.net,Hyderabad,Blinkit,Android,2026-04-26
401381,Avni Chander,5923393094,hemal73@example.net,Delhi,Zepto,ANDROID,2023-11-23
401382,Warhi Ratti,6693059592,qbava@example.org,Kolkata,BigBasket,,16/07/2024
401383,Dominic Choudhry,2217078788,kandasuhani@example.org,Kolkata,Swiggy Instamart,ios,13/12/2025
401384,Yatan Brar,7494854820,waglemegha@example.com,Chandigarh,Swiggy Instamart,iOS,10-Sep-2024
401385,Falguni Halder,,asalvi@example.com,Ahmedabad,Zepto,ANDROID,2026-07-10
401386,Ayush Dar,5409753454,lkibe@example.net,Jaipur,Swiggy Instamart,ios,08-19-2025
401387,Omya Taneja,7921549691,pavani44@example.org,Bengaluru,BigBasket,Android,2025-10-05
401388,Harinakshi Varughese,0227704572,bhavsaramaira@example.com,Chandigarh,Zepto,ANDROID,2025-06-16
401389,Sara Jain,9463615055,ganeshsiddharth@example.org,Jaipur,BigBasket,,23-Dec-2025
401390,Avi Manda,9091502491,zcontractor@example.com,Pune,Swiggy Instamart,ANDROID,2026-01-12
401391,Amruta D’Alia,0286346139,sudiksha81@example.net,Lucknow,Zepto,,2024-10-29
401392,Michael Batra,7158703847,naidusamuel@example.org,Delhi,Zepto,iOS,11-02-2024
401393,Zaid Kannan,3017959299,jatindube@example.com,Chennai,Zepto,ANDROID,2024-07-20
401394,Sara Grewal,,vritti75@example.com,Mumbai,Blinkit,ios,2023-12-31
401395,Riya Srinivasan,0973732925,ekavir08@example.com,Bengaluru,Swiggy Instamart,ios,2024-05-06
401396,Kamala Pai,1740056452,senguptasarthak@example.net,Bengaluru,Zepto,ios,2024-11-07
401397,Jagat Issac,3240202274,oeshimanda@example.com,Kolkata,Zepto,iOS,2023-12-10
401398,Ethan Badal,6643400868,ykoshy@example.com,Pune,Swiggy Instamart,ios,2026-04-09
401399,Urvashi Ganesh,7933842011,dnarang@example.org,Kolkata,Blinkit,ANDROID,05-16-2026
401400,Girindra Kala,1808068594,xavier62@example.net,Ahmedabad,Swiggy Instamart,ANDROID,03/02/2026
401401,Devika Narain,5979068607,anayraman@example.net,Chandigarh,BigBasket,iOS,2023-10-09
401402,Benjamin Ganesan,1685890777,nakshbasu@example.net,Ahmedabad,BigBasket,ANDROID,2025-01-31
401403,Advika Manda,0053945567,hemal57@example.net,Jaipur,Swiggy Instamart,ANDROID,2025-10-15
401404,Gunbir Wable,1934519374,,Bengaluru,BigBasket,iOS,2025-07-02
401405,Parth Luthra,9257018464,devdara@example.net,Pune,Zepto,ANDROID,2026-03-13
401406,Charles Sangha,4739202796,bachittar31@example.com,delhi,Zepto,ANDROID,2026-03-27
401407,Saksham Maharaj,1579061223,dgrover@example.com,Kolkata,Blinkit,ios,2024-08-30
401408,Ekani Singh,5323039082,quincy31@example.com,Kolkata,Swiggy Instamart,iOS,18-Nov-2024
401409,Faras Vig,2113486487,gunbir14@example.org,Kochi,Blinkit,iOS,2023-12-16
401410,Zaitra Borra,9398682704,ishaan93@example.net,Chennai,BigBasket,ANDROID,2024-12-04
401411,Yashoda Sidhu,8467612781,,Kolkata,Zepto,iOS,2026-06-13
401412,Suhani Mutti,9847485862,anmolshankar@example.org,Hyderabad,Blinkit,ios,2025-10-13
401413,Sarthak Ramakrishnan,7257364200,nagarajanchandran@example.com,Pune,BigBasket,ios,14-Aug-2026
401414,Tristan Rajagopalan,9931341052,pvig@example.net,Hyderabad,Swiggy Instamart,ANDROID,2026-01-03
401415,Ekanta Karnik,5390640489,dhargaurav@example.com,Hyderabad,Swiggy Instamart,,2025-12-10
401416,Widisha Khare,6207847071,ikapadia@example.com,Kochi,Blinkit,ios,11-17-2023
401417,Samuel Shetty,7652062956,,Lucknow,Swiggy Instamart,Android,2024-07-15
401418,Raagini Bahl,3928755636,ronith51@example.net,Kochi,BigBasket,,2024-05-06
401419,Waida Modi,0756323126,,Bengaluru,Zepto,ANDROID,2023-11-09
401420,Siddharth Devan,4146098010,wsavant@example.net,Chennai,Zepto,,2026-01-26
401421,Arya Ghose,8838859516,balhaar98@example.net,Pune,Blinkit,Android,2025-08-05
401422,Megha Panchal,6898074202,arunima68@example.net,mumbai,BigBasket,ios,2026-06-17
401423,Vanya Om,8231709542,,Ahmedabad,Blinkit,iOS,2023-11-19
401424,Neel Char,6353930788,gautami79@example.net,Chandigarh,BigBasket,Android,29-Oct-2024
401425,Siddharth Varkey,6694360709,panini66@example.org,Hyderabad,Blinkit,ios,2024-06-17
401426,Timothy Ahuja,0298237607,asachdeva@example.net,Pune,Zepto,,2026-01-02
401427,Yagnesh Rout,2018284516,tkorpal@example.com,Lucknow,BigBasket,iOS,2025-02-17
401428,Balvan Natarajan,3538377529,wdora@example.com,Bengaluru,BigBasket,Android,2025-09-13
401429,Thomas Jani,,santvedhika@example.com,Ahmedabad,Zepto,ANDROID,2024-01-22
401430,Logan Balakrishnan,1964519974,kaurgauri@example.org,Jaipur,Zepto,ios,2024-05-21
401431,Isha Singhal,3024585075,,Mumbai,Zepto,ANDROID,2024-03-24
401432,Nakul Yohannan,,advay72@example.org,Lucknow,Blinkit,ios,2025-08-03
401433,Meghana Roy,7906828449,gangulytejas@example.org,Ahmedabad,Swiggy Instamart,Android,2025-01-09
401434,Dayamai Sachdeva,7262459325,gshukla@example.net,Lucknow,Swiggy Instamart,Android,2026-06-27
401435,Ekapad Sathe,5451578078,tkaran@example.com,Kochi,Swiggy Instamart,ios,27-Aug-2024
401436,Anirudh Lal,7647739122,peter40@example.org,Delhi,Swiggy Instamart,Android,2025-07-10
401437,Samesh Muni,5630805129,,Delhi,Zepto,Android,2026-04-24
401438,Brijesh Pandey,7225523812,bainsvrinda@example.org,Bengaluru,Swiggy Instamart,Android,2026-05-01
401439,Zashil Deol,5616449547,balhaarhalder@example.com,Hyderabad,BigBasket,ios,2025-03-12
401440,Yoshita Khare,6499167850,dakshnath@example.org,Mumbai,Swiggy Instamart,Android,2023-09-02
401441,Ojas Handa,5107032768,ashere@example.net,Chennai,Blinkit,,2023-09-03
401442,Fitan Bandi,2658585176,umangbandi@example.com,Pune,Swiggy Instamart,ANDROID,2026-04-15
401443,Damini Majumdar,0599150789,lkumar@example.com,Ahmedabad,Swiggy Instamart,ios,2024-04-05
401444,Parth Karan,9587357119,naveen76@example.com,Ahmedabad,Blinkit,ios,2025-04-18
401445,Oeshi Mutti,6930255198,,Chandigarh,Zepto,ANDROID,2024-06-14
401446,Ojas Dave,0115613027,settyyashodhara@example.net,New Delhi,Zepto,,2025-12-09
401447,Anita Karan,,kapurbakhshi@example.com,Pune,BigBasket,iOS,2025-12-17
401448,Kritika Chanda,4547356900,girindranair@example.net,Chennai,BigBasket,iOS,2024-10-01
401449,Ranveer Mannan,3167771220,abha88@example.net,Kochi,Zepto,iOS,2023-12-14
401450,Lila Gaba,1613396229,pavanigole@example.org,Ahmedabad,Blinkit,ios,01-Jul-2026
401451,Udant Nazareth,0934058370,venkataramanpeter@example.com,Chennai,Zepto,Android,2024-09-10
401452,Gunbir Sarma,2493058998,omyarai@example.com,Delhi,BigBasket,iOS,2026-03-09
401453,Udarsh Vig,1291697613,ndube@example.org,Pune,Blinkit,iOS,2025-01-29
401454,Faraj Minhas,2642630230,sudiksha59@example.org,Hyderabad,Blinkit,Android,14/07/2024
401455,Imaran Kapadia,0335641904,gourcharan@example.org,Kochi,BigBasket,Android,2024-08-22
401456,Chakradev Kannan,9399316811,daksheshsachar@example.com,mumbai,Blinkit,ios,2024-05-06
401457,Krishna Sengupta,3850098638,warhichada@example.net,Chennai,Blinkit,ANDROID,2025-05-24
401458,Wahab Master,9680108242,fsheth@example.com,Mumbai,Blinkit,ios,2023-12-12
401459,Deepa Varghese,9266042151,yamini16@example.net,Bangalore,Zepto,iOS,2024-03-15
401460,Tara Chawla,6113776249,ekbal60@example.net,Lucknow,Swiggy Instamart,iOS,2025-12-07
401461,Wazir Nayak,,krishnanetra@example.com,Mumbai,BigBasket,iOS,2025-01-01
401462,Mugdha Cheema,4406841011,utkarsh46@example.net,Kolkata,Swiggy Instamart,ANDROID,2025-12-23
401463,Krish Morar,3412508726,dalbirsagar@example.org,Jaipur,Zepto,iOS,2024-09-01
401464,Veda Raju,9044457186,chokshiira@example.org,Bengaluru,Blinkit,ANDROID,2024-06-08
401465,Shivani Varma,2789206100,dkunda@example.com,Kochi,BigBasket,ios,2024-06-09
401466,Hamsini Chaudhuri,7717748193,snehadass@example.org,Delhi,Blinkit,ANDROID,2023-08-19
401467,Jai Aggarwal,4877525799,darpanpal@example.org,Mumbai,Swiggy Instamart,Android,09-08-2024
401468,Meera Edwin,5645703108,raagini46@example.org,Kochi,Swiggy Instamart,ANDROID,2025-06-10
401469,Ria Majumdar,7458270526,guneetlanka@example.com,Jaipur,Blinkit,Android,2026-05-06
401470,Vedant Choudhury,4601891113,,Jaipur,Zepto,iOS,2026-08-10
401471,Oeshi Zacharia,8839730150,,Ahmedabad,Swiggy Instamart,,2026-03-15
401472,Vamakshi Chakrabarti,,gaurangi37@example.org,Chandigarh,Swiggy Instamart,ios,2025-08-11
401473,Pranit Naik,5168409364,hritikraghavan@example.net,Lucknow,Zepto,,2025-12-28
401474,Pratyush Warrior,4220580376,jgill@example.com,Mumbai,BigBasket,iOS,2025-11-02
401475,Peter Ravi,0390962786,,Ahmedabad,Swiggy Instamart,Android,2026-03-16
401476,Yashasvi Sarma,1132903041,hdalia@example.net,Ahmedabad,Swiggy Instamart,,2026-07-26
401477,Manya Choudhury,9687262133,yasti68@example.net,Mumbai,Zepto,ANDROID,2026-03-28
401478,Hredhaan Dey,1074041016,radha67@example.net,Bengaluru,BigBasket,iOS,2026-06-13
401479,George Muni,4521703303,karantristan@example.com,Ahmedabad,Blinkit,ANDROID,2023-10-04
401480,Bachittar Bobal,2168881767,falanpillai@example.org,Kolkata,Zepto,iOS,2023-12-01
401481,Shivansh Iyer,2113587198,nnath@example.net,Hyderabad,Swiggy Instamart,Android,2025-03-15
401482,Yagnesh Chaudhary,0034294108,hredhaan45@example.net,Jaipur,Swiggy Instamart,iOS,2024-11-30
401483,Januja Lad,7376856554,vasudhanayak@example.org,Hyderabad,Swiggy Instamart,Android,2026-03-14
401484,George Sastry,4882110170,vigabha@example.org,Chennai,Blinkit,Android,2023-12-27
401485,Vyanjana Dixit,5000106961,ishani42@example.net,Kolkata,Zepto,ANDROID,2024-09-24
401486,Brijesh Krish,1125695841,hanstanish@example.org,Pune,Swiggy Instamart,Android,2023-10-07
401487,Yashawini Chaudhry,5881452560,vmistry@example.com,BLR,BigBasket,Android,2024-01-21
401488,Ekavir Deshpande,3386025424,elijah50@example.org,Chandigarh,Zepto,iOS,2023-11-05
401489,Ishwar Batta,4442690357,bhattacharyyasanaya@example.net,Lucknow,BigBasket,,2026-05-01
401490,Tristan Bhatti,4262066400,pooja52@example.com,Hyderabad,BigBasket,ANDROID,11-27-2024
401491,Chandresh Chaudry,8304631421,,Bengaluru,Blinkit,Android,2025-01-31
401492,Lekha Kari,9188556237,oiyengar@example.net,Kolkata,Blinkit,Android,2024-09-09
401493,Adya Kari,5830442060,,Chennai,BigBasket,ios,2025-08-02
401494,Inaya Kibe,1881260417,lekhaparekh@example.net,Chennai,Swiggy Instamart,ANDROID,2026-03-18
401495,Maanav Muni,5782885503,hvaidya@example.com,Chandigarh,Zepto,ANDROID,2024-01-05
401496,Warda Basak,1353492974,yoshitaacharya@example.net,Kolkata,Swiggy Instamart,ios,2025-06-29
401497,Yutika Wason,2978648726,kapurladli@example.com,Chandigarh,BigBasket,Android,2024-04-11
401498,Balvan Chand,7775937808,sanghvigaurika@example.com,Chennai,Zepto,Android,2024-11-26
401499,Aarav Kari,8737120935,tkumar@example.net,Hyderabad,Zepto,iOS,2024-03-17
401500,Yug Sengupta,8873009353,christophersur@example.net,NCR,Zepto,iOS,15/04/2026
401501,Devika Venkataraman,6775470518,patelbhavna@example.org,Kochi,Swiggy Instamart,iOS,2023-11-17
401502,Caleb Vig,7390279634,guptachasmum@example.com,Bengaluru,Zepto,iOS,2023-11-02
401503,Simon Gopal,5415381160,balakrishnanekani@example.net,Bengaluru,Blinkit,,2023-09-15
401504,Ekansh Johal,3022305233,saxenanihal@example.net,Jaipur,Blinkit,Android,2025-07-01
401505,Ubika Seshadri,0857786618,,delhi,Blinkit,Android,2025-02-01
401506,Harinakshi Date,1546026894,deeparamakrishnan@example.net,Chandigarh,Swiggy Instamart,iOS,2024-04-15
401507,Aarush Mall,4545535464,banjeetbal@example.org,Mumbai,Swiggy Instamart,,2024-12-05
401508,Reva Sood,7233228209,ojas69@example.com,Delhi,Zepto,Android,2024-08-23
401509,Xiti Goel,2302521145,rajagopalyadavi@example.net,delhi,Swiggy Instamart,Android,02-03-2025
401510,Vamakshi Mittal,1308091768,varenyashroff@example.org,Hyderabad,Zepto,ios,2024-03-13
401511,Zashil Batta,1212170813,rachit60@example.org,Mumbai,Zepto,,2025-01-11
401512,Lavanya Gala,0549524369,khatrigauri@example.com,Pune,Zepto,,2024-10-19
401513,Yagnesh Dewan,5683756144,gautam52@example.com,Ahmedabad,BigBasket,iOS,2026-06-26
401514,Sai Sankaran,1536086110,vedhikadalia@example.org,Delhi,Swiggy Instamart,iOS,2025-08-03
401515,Advika Kanda,0943550456,qsuri@example.com,mumbai,Blinkit,ios,09/11/2023
401516,Charan Bedi,7575762908,,Chandigarh,BigBasket,,27-May-2024
401517,Nachiket Samra,2798794597,neel24@example.net,Ahmedabad,Blinkit,iOS,2025-11-13
401518,Balvan Karan,4517833260,mjayaraman@example.org,Mumbai,BigBasket,iOS,2026-02-11
401519,Dhriti Bhatia,3897450838,tanish58@example.net,Pune,BigBasket,iOS,2024-11-26
401520,Balvan Sule,3138499803,,Kolkata,Swiggy Instamart,iOS,2025-03-02
401521,Utkarsh Dass,9598154535,anjalikala@example.org,Mumbai,BigBasket,,2025-06-10
401522,Daksh Pathak,3784448842,boraikbal@example.org,Kochi,Blinkit,ios,2025-12-27
401523,Lucky Dada,3181361395,dattaupasna@example.org,Chandigarh,Zepto,Android,2025-01-04
401524,Indrajit Sibal,9315423340,juppal@example.org,Ahmedabad,Zepto,Android,2024-06-03
401525,Bhavani Deep,4062975285,ttata@example.org,delhi,Blinkit,ios,2024-03-13
401526,Mahika Jaggi,2624825326,jayaramaneesha@example.org,Mumbai,Blinkit,ANDROID,2026-04-29
401527,Onveer Tandon,7284463088,lratti@example.net,Kolkata,Zepto,iOS,2024-02-27
401528,Maya Chatterjee,7481103868,wagleunnati@example.net,Kochi,Blinkit,iOS,2024-02-11
401529,Gautam Solanki,5269553868,bnair@example.org,Chennai,Swiggy Instamart,,2025-12-22
401530,Hamsini Rajagopal,1559465099,osinghal@example.net,Kochi,Zepto,Android,2026-04-30
401531,Leena Rau,,narasimhannathan@example.org,Kolkata,Blinkit,ios,2024-09-12
401532,Nitesh Dhar,9077877732,ynayak@example.net,Chennai,Blinkit,ios,2026-02-09
401533,Vritti Bora,5966855906,nakul74@example.com,Hyderabad,Swiggy Instamart,iOS,2025-10-18
401534,Odika Morar,4126498030,hmadan@example.net,Ahmedabad,Zepto,ANDROID,11/06/2025
401535,Ranbir Narayan,4129571889,anyajaggi@example.com,Mumbai,Swiggy Instamart,ios,2025-03-27
401536,Eta Narang,7239956675,tamanna26@example.com,Lucknow,BigBasket,Android,2025-12-04
401537,Leena Mohanty,7511211938,nirjabhargava@example.com,mumbai,Swiggy Instamart,ANDROID,2024-12-30
401538,Kalpit Kade,9882250008,,Lucknow,Zepto,iOS,2024-04-23
401539,Jhalak Oza,6723600731,adityajha@example.com,Hyderabad,BigBasket,Android,2024-11-10
401540,Devika Kumar,3923475299,trivenidevan@example.org,Lucknow,Blinkit,Android,04-01-2026
401541,Henry Lanka,1034765056,gbalasubramanian@example.com,Ahmedabad,BigBasket,iOS,2026-03-25
401542,Nicholas Deol,4081718679,raghavankai@example.net,Chandigarh,Blinkit,Android,2023-09-28
401543,Sachi Ben,3242376097,choudhryreva@example.net,Chandigarh,BigBasket,ios,2025-05-26
401544,Vedhika Saran,4627495215,unnati67@example.org,Jaipur,Zepto,Android,2025-07-15
401545,Anmol Sekhon,8142342207,george38@example.com,Hyderabad,Swiggy Instamart,iOS,2025-06-20
401546,Eesha Hora,7519896211,modygeorge@example.net,Mumbai,BigBasket,iOS,05-26-2025
401547,Anvi Issac,4011272315,sarthakseth@example.org,Jaipur,Blinkit,ios,2026-02-05
401548,Neelima Narayanan,6397684189,fdin@example.org,Kolkata,Zepto,iOS,2026-06-02
401549,Chandresh Saha,0095066687,,Jaipur,Swiggy Instamart,iOS,2026-03-10
401550,Farhan Rau,,,Jaipur,Zepto,Android,2025-07-24
401551,Hitesh Bahl,8986571505,,Pune,Zepto,Android,2024-03-09
401552,Frado Pandit,3027078079,ggala@example.org,Hyderabad,BigBasket,iOS,2025-09-25
401553,Ekaraj Bose,4439296242,bailelijah@example.org,Pune,Swiggy Instamart,Android,2023-09-04
401554,Ekantika Prashad,1085011180,diptadasgupta@example.org,Hyderabad,Blinkit,ANDROID,2026-03-04
401555,Vedhika Nagi,9210182328,abdul13@example.com,Kolkata,Zepto,ANDROID,2024-06-01
401556,Nikita Naik,3172999668,adatta@example.org,Jaipur,Zepto,ios,2024-06-17
401557,Daksh Sule,5201759059,ythakkar@example.net,Lucknow,Zepto,Android,2024-04-13
401558,Nachiket Varma,1666160465,kharesiya@example.net,Delhi,Zepto,iOS,2023-11-28
401559,Kritika Vyas,,yoshitadhar@example.org,Lucknow,BigBasket,iOS,2024-09-22
401560,Upadhriti Baria,8175065861,avi11@example.net,Bangalore,Zepto,ANDROID,2023-10-12
401561,Rajeshri Sibal,3514806736,kala33@example.com,Chandigarh,BigBasket,iOS,2023-11-27
401562,Ekalinga Goyal,5747146991,amolamble@example.net,Mumbai,Blinkit,ios,2025-04-08
401563,Ishaan Bassi,6293461825,falakraval@example.net,Pune,BigBasket,,2025-04-14
401564,Naksh Gala,2851373329,akade@example.net,Delhi,BigBasket,,2023-09-28
401565,Neelima Brar,,darsh57@example.org,Delhi,Zepto,iOS,30-Jun-2026
401566,Ayaan Pant,5915985907,qabilbahl@example.com,Delhi,BigBasket,iOS,2026-07-06
401567,David Ghose,9840298514,om80@example.org,Chennai,Blinkit,ios,2025-08-07
401568,Upasna Rege,7686269614,boseijaya@example.org,Lucknow,Zepto,iOS,2025-11-03
401569,Darpan Bandi,5833348729,gpandya@example.com,Kochi,BigBasket,iOS,2025-02-13
401570,Oviya Nigam,9597879493,,Jaipur,BigBasket,iOS,12/08/2024
401571,Daksh Ganesh,0632105893,triyadoctor@example.net,Chennai,BigBasket,,2025-07-14
401572,Onkar Soman,8890851630,,Ahmedabad,Zepto,ios,2026-07-12
401573,Mason Arya,2834392228,fitan49@example.org,Lucknow,Zepto,iOS,2023-11-25
401574,Michael Bandi,2395709102,praneel65@example.org,Pune,Blinkit,Android,09-27-2023
401575,Azaan Zachariah,2932622640,narasimhanfaris@example.net,Bangalore,Blinkit,iOS,2025-07-20
401576,Aarna Loyal,5401666440,kuruvillasaumya@example.net,Hyderabad,Blinkit,ios,2025-08-04
401577,Isaac Ratta,8389832382,fcherian@example.org,Ahmedabad,Swiggy Instamart,Android,2024-01-26
401578,Eta Bajaj,2920163392,hemangvala@example.org,Chandigarh,Zepto,,2025-08-21
401579,William Deol,,rbera@example.org,Jaipur,BigBasket,Android,15-Jul-2025
401580,Yasti Kota,7372374497,bhargavasaksham@example.com,Hyderabad,Zepto,Android,2026-05-02
401581,Utkarsh Barad,8674943821,maxnori@example.org,Jaipur,Blinkit,ios,2025-09-11
401582,Guneet Rajagopal,3807530008,elijahagrawal@example.org,New Delhi,Blinkit,,2024-08-29
401583,Warinder Bhatt,0714557290,brindapatel@example.net,Kolkata,Blinkit,,2026-05-01
401584,Ishanvi Edwin,8689164591,ridhi90@example.net,Lucknow,BigBasket,iOS,2024-03-08
401585,Victor Bansal,1971683611,gandhioviya@example.org,Jaipur,Swiggy Instamart,iOS,2025-09-04
401586,Urmi Kannan,2257299344,abeer37@example.org,Pune,Swiggy Instamart,,2024-05-08
401587,Vedhika Zacharia,9230059777,gavin29@example.org,Pune,Blinkit,Android,2025-01-04
401588,Oliver Ben,3634177462,udant01@example.org,Jaipur,Blinkit,Android,2024-08-02
401589,Vasatika Gupta,2853458949,dhillonchanakya@example.org,Kolkata,Blinkit,Android,2024-11-02
401590,Ethan Edwin,7088745562,zansi38@example.org,Jaipur,Blinkit,,2025-06-26
401591,Keya Ganguly,7585644772,echaudhry@example.net,Kochi,Blinkit,iOS,2024-09-02
401592,Baghyawati Contractor,4787895231,wvohra@example.com,Lucknow,Zepto,iOS,2026-04-21
401593,Lakshmi Chad,2583534091,,Hyderabad,BigBasket,iOS,2024-01-16
401594,Upadhriti Bath,0687973591,edhithabalasubramanian@example.net,Jaipur,Zepto,ANDROID,2026-01-18
401595,Watika Lall,3095034010,diyashanker@example.net,Ahmedabad,Blinkit,ios,2023-12-16
401596,Dakshesh Gole,4901987582,zayyan92@example.net,Kolkata,Blinkit,Android,2024-05-07
401597,Maya Srivastava,3352007307,ekaja18@example.com,Hyderabad,Zepto,iOS,2024-04-25
401598,Shaurya Yohannan,0486619069,ydas@example.com,Jaipur,Blinkit,Android,2025-11-20
401599,Lipika Arora,1778874946,mitesh61@example.com,Kochi,BigBasket,Android,2024-08-10
401600,Radhika Srinivas,4530722718,xbal@example.net,Ahmedabad,BigBasket,iOS,2026-06-13
401601,Bimala Bhakta,2652111738,jhalakhalder@example.org,New Delhi,Zepto,ios,2024-10-03
401602,Januja Bhardwaj,5936384959,zilmildoctor@example.net,Delhi,Zepto,iOS,2026-08-13
401603,Rohan Balakrishnan,9480548383,bvasa@example.org,Kochi,BigBasket,ANDROID,2025-10-05
401604,Reyansh Salvi,0559281819,bhavna28@example.com,Bangalore,BigBasket,ios,2024-06-17
401605,Chasmum Bava,1999523322,usunder@example.org,Hyderabad,Zepto,ANDROID,2023-10-01
401606,Elijah Sankar,9575966100,maxsubramaniam@example.com,Ahmedabad,Swiggy Instamart,ANDROID,2025-11-07
401607,Arya Yogi,2931730588,abhiramrau@example.org,Ahmedabad,Blinkit,ANDROID,07-Oct-2025
401608,Advik Sabharwal,,rattipratyush@example.com,Hyderabad,Swiggy Instamart,ios,2026-01-28
401609,Nicholas Bains,8204494860,ctripathi@example.org,Kolkata,Swiggy Instamart,iOS,2026-06-05
401610,Maya Jain,6991018679,loyalekapad@example.org,Bengaluru,Swiggy Instamart,ios,2023-10-23
401611,Fariq Som,,,Lucknow,Blinkit,Android,2023-09-14
401612,Wyatt Dube,4954908383,minhashitesh@example.org,Pune,Zepto,Android,2025-02-27
401613,Upkaar Bose,0991851658,,Kolkata,Blinkit,ios,2025-10-13
401614,Megha Devan,4148412757,rehaansetty@example.org,Ahmedabad,Zepto,ios,2025-07-08
401615,Farhan Korpal,,devigavin@example.net,Kolkata,BigBasket,ANDROID,2024-01-18
401616,Osha Deshmukh,4341286141,arjun99@example.com,Kochi,BigBasket,ios,2024-10-14
401617,Finn Chana,4416230486,harinakshi38@example.com,Ahmedabad,Zepto,ios,2024-09-04
401618,Rayaan Merchant,7320952146,bavacharan@example.org,Lucknow,BigBasket,,2024-03-23
401619,Jack Chana,5478833895,jyotipant@example.com,Delhi,Zepto,Android,2026-06-12
401620,Robert Dhingra,4923596464,hemaratta@example.org,Hyderabad,Swiggy Instamart,iOS,2023-08-29
401621,Parth Nayar,2144095371,ztiwari@example.net,Ahmedabad,Zepto,ANDROID,2025-08-08
401622,Ishanvi Apte,5166844070,jyoti29@example.org,Ahmedabad,BigBasket,ios,2024-04-14
401623,Wridesh Ratti,0204659370,bhattacharyyaniharika@example.com,Kochi,BigBasket,ios,2025-11-06
401624,Logan Biswas,1740325769,sidhudaksh@example.com,Lucknow,Swiggy Instamart,iOS,2025-10-06
401625,Waida Ramesh,4497298968,abduldas@example.com,Hyderabad,Blinkit,Android,13-Dec-2024
401626,Radhika Munshi,3328805460,isagar@example.org,Chandigarh,Zepto,ANDROID,23-Jul-2026
401627,Aarini Magar,8297429851,faris45@example.com,Bengaluru,Blinkit,ios,2024-03-31
401628,Jyoti Chana,2718849252,ekbalsawhney@example.com,Ahmedabad,Swiggy Instamart,iOS,2026-02-24
401629,Damini Krish,0943642682,vnarasimhan@example.org,Bengaluru,Swiggy Instamart,,2024-04-23
401630,Abha Edwin,0509547885,abha58@example.org,Chennai,Zepto,ios,03/09/2025
401631,Onkar Vyas,,brijeshbrahmbhatt@example.org,Delhi,Zepto,ANDROID,28/09/2024
401632,Nidra Natt,9048314461,tbuch@example.net,Hyderabad,Zepto,ANDROID,2023-10-06
401633,Vamakshi Srivastava,3473511799,miteshpant@example.org,Kochi,Zepto,ANDROID,2024-10-04
401634,Karan Dada,6114477145,tanish32@example.com,Kolkata,Swiggy Instamart,ANDROID,2025-03-11
401635,Nathan Pau,2899862043,bhavanisolanki@example.org,Delhi,Swiggy Instamart,ANDROID,2024-02-19
401636,Tara Mander,7977431208,vaishnavi24@example.net,Kolkata,Swiggy Instamart,ios,2024-03-04
401637,Fariq Bakshi,6950203709,rbhatt@example.com,Jaipur,Zepto,Android,2025-10-04
401638,Eesha Ghose,8009122368,fiyaz35@example.net,Hyderabad,Swiggy Instamart,ios,2023-10-29
401639,Parth Sen,8442095938,mitali59@example.com,Kolkata,Zepto,iOS,2024-07-08
401640,Chandani Sibal,2472220800,sharafchandani@example.org,Lucknow,Zepto,,2023-09-03
401641,Christopher Jain,8485509591,mannetriveni@example.org,Bengaluru,Zepto,ANDROID,2025-07-10
401642,Caleb Vyas,1474395037,,Chandigarh,BigBasket,Android,2025-03-27
401643,Triya Oza,1256082473,cdua@example.net,Kolkata,Zepto,Android,2023-12-09
401644,Rayaan Sagar,8002075343,rajaupasna@example.net,Kochi,Zepto,Android,2026-02-16
401645,Anmol Pillay,3931343161,shivansh34@example.org,Hyderabad,Blinkit,iOS,2026-03-15
401646,Nikita Sarkar,6835493442,rkara@example.org,BLR,BigBasket,ios,04-11-2025
401647,Ubika Mall,9070987108,sanayaraghavan@example.org,Lucknow,Blinkit,ios,2024-04-17
401648,Harsh Anand,6283287713,samakshreddy@example.net,Lucknow,Zepto,ANDROID,2026-03-16
401649,Praneel Mann,5917133944,ishwarbasu@example.com,Lucknow,Zepto,Android,2025-07-28
401650,Yashawini Bora,5431331739,orindermemon@example.org,Chennai,Zepto,Android,2024-03-08
401651,Reva Sane,3989105358,chandraupma@example.org,Kolkata,BigBasket,,2024-07-14
401652,Harsh Pai,9599878264,odika74@example.net,Pune,Swiggy Instamart,Android,2024-02-07
401653,Samuel Raman,9731538988,hdave@example.org,Mumbai,Swiggy Instamart,,2023-12-12
401654,Aishani Joshi,2376341698,daksh29@example.com,Kochi,Zepto,ANDROID,16/04/2026
401655,Tanveer Andra,9941044822,ychaudhuri@example.org,Lucknow,Swiggy Instamart,ios,2023-12-04
401656,Warhi Natt,1680058171,kiaanpandya@example.net,Hyderabad,Blinkit,,2025-11-25
401657,Jasmit Chanda,9976022818,,Kolkata,Swiggy Instamart,,2024-06-09
401658,Warjas Mittal,2202808620,bprabhu@example.net,Delhi,Zepto,Android,2024-02-26
401659,Jai Palan,2066179746,zsoman@example.org,Ahmedabad,BigBasket,iOS,2023-09-26
401660,Chavvi Bala,,unayar@example.org,Bengaluru,Blinkit,,2026-03-30
401661,Nakul Ghose,3128908385,vyanjana02@example.com,Bengaluru,Swiggy Instamart,iOS,25/03/2026
401662,Warinder Koshy,9394708506,panchalkrisha@example.net,Bengaluru,Zepto,Android,2023-09-21
401663,Aadhya Gaba,6303146453,sachdevgagan@example.net,Chandigarh,Zepto,Android,29-Mar-2024
401664,Bimala Bajwa,3635180514,iseshadri@example.com,Lucknow,BigBasket,ios,2026-01-21
401665,Bhavika Balan,4657063216,hiral55@example.com,Bombay,Blinkit,ANDROID,13-Dec-2023
401666,Samesh Sahni,3583504689,lavanyakothari@example.com,Ahmedabad,Zepto,iOS,2023-10-15
401667,Abhimanyu Deep,6635143873,sameshdoctor@example.org,Chandigarh,BigBasket,ios,2026-01-22
401668,Girish Sen,1943585123,suleishaan@example.net,Chennai,BigBasket,ios,2025-08-25
401669,William Dua,1778082777,atharv77@example.com,Delhi,Swiggy Instamart,ios,2026-08-02
401670,Harinakshi Hegde,1225455824,rsaran@example.com,Bengaluru,BigBasket,iOS,25/08/2023
401671,Vedant Tripathi,1285819051,kalitajanya@example.com,Chennai,Blinkit,iOS,2025-12-11
401672,Dakshesh Saraf,0883407636,yagneshnarayan@example.com,Mumbai,Blinkit,ios,2025-08-18
401673,Ronith Pau,4233897326,,Kolkata,BigBasket,ios,2025-12-14
401674,Shaurya Vora,5573290321,chaudrydhriti@example.com,Kolkata,Zepto,ANDROID,2026-03-07
401675,Ekani Saxena,8861247299,gautamisharaf@example.com,Mumbai,BigBasket,Android,2026-03-02
401676,Triveni Chawla,9350535917,amemon@example.com,Lucknow,Swiggy Instamart,ANDROID,05-31-2026
401677,Kalpit Rau,1409481909,,Hyderabad,Blinkit,,2025-08-13
401678,Gavin Nori,0184425857,daraeta@example.com,Bengaluru,Blinkit,ANDROID,2024-04-14
401679,Pushti Bobal,5922087130,rkurian@example.com,Kochi,Swiggy Instamart,ios,2025-02-04
401680,Vritti Basu,0479799181,qadim31@example.org,Chandigarh,BigBasket,iOS,2025-11-19
401681,Oviya Muni,4321817334,qvohra@example.org,Chennai,BigBasket,Android,2025-01-04
401682,Onkar Kuruvilla,6377202068,nwali@example.com,Lucknow,Zepto,ios,2024-02-08
401683,Vrinda Samra,3129128358,andravrishti@example.org,Mumbai,BigBasket,ios,12-24-2023
401684,Jonathan Kant,1724630089,gatwal@example.com,Chandigarh,BigBasket,ANDROID,2025-09-07
401685,Wakeeta Wable,0446458531,abeerperi@example.net,Kolkata,Blinkit,ANDROID,2024-01-06
401686,Saanvi Contractor,2816712698,hkuruvilla@example.net,Mumbai,Swiggy Instamart,ios,05-13-2024
401687,Rachana Raman,2189266900,manthanbanik@example.org,Chennai,BigBasket,iOS,2024-03-17
401688,Caleb Shan,9043573511,lkapadia@example.net,Chandigarh,BigBasket,Android,2025-03-12
401689,Ranveer Munshi,8731169082,umahal@example.com,Chandigarh,BigBasket,iOS,2025-03-18
401690,Jonathan Parikh,6128760199,fgaba@example.net,Lucknow,Zepto,iOS,2025-03-04
401691,Yuvraj Mitter,1720090819,qraju@example.com,Chennai,BigBasket,ios,2024-05-31
401692,Madhav Anand,,hemangini63@example.net,Chandigarh,Zepto,iOS,2024-09-03
401693,Krisha Thakur,8034793861,shahyashvi@example.org,Jaipur,Swiggy Instamart,iOS,2025-02-25
401694,Jagvi Wable,3744365151,amruta96@example.org,Ahmedabad,BigBasket,iOS,2023-10-17
401695,Yug Ganesan,9757518820,meghanaganesh@example.net,Kolkata,BigBasket,iOS,2026-03-24
401696,Vaishnavi Dalal,6358271955,usavant@example.com,Bengaluru,Swiggy Instamart,Android,2026-02-13
401697,Meghana Magar,3878141399,ddeshpande@example.org,Delhi,Blinkit,ANDROID,05/06/2026
401698,Kamala Bhasin,6840914350,hemanginisahni@example.com,Chandigarh,Swiggy Instamart,Android,23-May-2026
401699,Reyansh Mani,9977423887,abeermuni@example.org,Ahmedabad,Swiggy Instamart,ANDROID,2024-03-28
401700,Priya Khatri,2119866206,lavanyapai@example.net,Chandigarh,BigBasket,ANDROID,2025-06-03
401701,Qasim Nath,6293740678,yashasviyadav@example.com,Mumbai,BigBasket,ios,2026-04-10
401702,Tejas Chandran,4815329820,basurachita@example.com,Mumbai,BigBasket,ANDROID,2023-09-28
401703,Niharika Kalla,7512128063,pkurian@example.com,Jaipur,BigBasket,Android,2025-02-22
401704,Zashil Lad,1576394516,vedantsharaf@example.org,Pune,BigBasket,ANDROID,2023-10-21
401705,Jeremiah Gopal,4935463212,xdutt@example.net,Chennai,Swiggy Instamart,ios,02-Dec-2023
401706,Charita Bumb,3219967959,leenanadig@example.com,Delhi,Swiggy Instamart,iOS,2025-06-26
401707,Kabir Mammen,6903544864,tanvisawhney@example.org,Kochi,Zepto,,2025-01-01
401708,Aayush Talwar,8744184849,sahachatresh@example.com,Ahmedabad,Swiggy Instamart,,01-Oct-2025
401709,Henry Brahmbhatt,9082288060,ishanvidass@example.net,bengaluru,Blinkit,Android,09/10/2023
401710,Kritika Roy,3442154281,raviyamini@example.com,Jaipur,Zepto,ios,2026-03-20
401711,Faras Ahuja,4517462363,dalbir01@example.net,Chennai,BigBasket,ANDROID,2025-12-26
401712,Samesh Bhasin,5516589504,,Mumbai,Zepto,ANDROID,2025-09-11
401713,Samar Varghese,7897680853,omishagarg@example.net,Chennai,BigBasket,Android,14/04/2025
401714,Gagan Ben,3817254195,ayushdutta@example.net,Bengaluru,BigBasket,iOS,2025-06-28
401715,Chatresh Deep,1575889645,murtynakul@example.org,Kochi,Swiggy Instamart,ANDROID,2023-11-06
401716,Tripti Master,2877757005,xnatt@example.org,Delhi,Swiggy Instamart,ANDROID,2025-07-20
401717,Lucky Mittal,8432108115,avni82@example.net,Lucknow,Blinkit,iOS,2024-06-24
401718,Ronith Badami,1874209640,ranveer90@example.net,Pune,Zepto,,2024-11-04
401719,Maya Mall,3224617976,lajitadhawan@example.net,Kochi,Swiggy Instamart,Android,2024-10-27
401720,Adya Sabharwal,4032009512,,Delhi,Zepto,Android,01-07-2024
401721,Bhavini Kumer,3368134246,darshmittal@example.com,Ahmedabad,Blinkit,iOS,2024-10-22
401722,Alexander Radhakrishnan,6586144094,,Delhi,BigBasket,Android,2025-09-29
401723,Leena Shukla,4217025858,ydave@example.com,Delhi,BigBasket,ios,2026-06-18
401724,Nidra Acharya,0363805526,saksham44@example.net,Lucknow,Zepto,Android,2026-04-01
401725,Bahadurjit Zachariah,6447487809,mandernisha@example.org,Kolkata,Blinkit,,2026-02-09
401726,Chandran Sen,3477033102,pbose@example.net,Chennai,Blinkit,ios,2025-02-14
401727,Zansi Goel,9152444027,nehaprasad@example.com,Kolkata,BigBasket,ios,2023-09-13
401728,Rajata Sarraf,2736515748,vivaanshah@example.net,Mumbai,Blinkit,,22-Nov-2025
401729,Krisha Mand,0526485649,usengupta@example.com,Kochi,BigBasket,Android,2025-01-27
401730,Jasmit Pathak,3472755776,bhavya95@example.net,Kolkata,Blinkit,iOS,2026-07-16
401731,Netra Palla,7408781000,nnarula@example.org,Kochi,Zepto,ios,2023-10-04
401732,Darpan Viswanathan,2182474336,harshbarman@example.com,Chandigarh,Blinkit,ios,2024-04-29
401733,Yagnesh Mammen,7638700390,bhattacharyyaayush@example.net,Jaipur,Zepto,,2026-01-27
401734,Kalpit Sastry,3825184275,yashvi23@example.org,Mumbai,Blinkit,ios,2025-09-12
401735,Sai Kunda,8145318884,ede@example.com,Pune,Zepto,ANDROID,2025-03-20
401736,Warda Amble,0410975301,ochhabra@example.org,Chennai,Zepto,Android,2025-07-01
401737,Mitesh Dube,4277317508,anshchauhan@example.org,Bengaluru,Blinkit,ios,2026-07-06
401738,Divya Butala,7475830912,atwalhemani@example.com,Chandigarh,Zepto,iOS,2026-03-29
401739,Faris Lata,3571346685,gandhivaishnavi@example.org,Chandigarh,BigBasket,iOS,2026-01-03
401740,Januja Dubey,1107287922,gdua@example.com,Ahmedabad,Blinkit,ios,2024-06-28
401741,Balhaar Sibal,6157081614,avasa@example.org,New Delhi,Zepto,Android,2023-11-15
401742,Amara Swamy,2359963850,patelaahana@example.net,Chandigarh,Swiggy Instamart,iOS,2023-12-15
401743,Kashish Kanda,2924273511,venkateshoeshi@example.org,Hyderabad,Blinkit,iOS,2024-10-04
401744,Chaitaly Seth,9243762129,,Kolkata,Swiggy Instamart,Android,2025-12-26
401745,Jackson Manne,8878320356,,Ahmedabad,Swiggy Instamart,iOS,2025-08-01
401746,Jason Sagar,,michael43@example.org,Ahmedabad,Swiggy Instamart,ios,08/03/2024
401747,Yatan Kibe,1432053914,samaksh94@example.net,Chennai,Blinkit,Android,2025-04-21
401748,Nathaniel Sur,5989390199,bassiluke@example.net,Hyderabad,Blinkit,iOS,2025-12-25
401749,Jeevika Garde,7691054771,gchahal@example.com,Pune,Swiggy Instamart,Android,2025-10-17
401750,Prisha Sharaf,6032294759,aarushwali@example.org,Kochi,Blinkit,ANDROID,2023-12-04
401751,Zaitra Radhakrishnan,2968742302,agastyakarnik@example.com,Lucknow,Blinkit,iOS,2025-08-06
401752,Ekbal Reddy,1124778615,nbhagat@example.org,Ahmedabad,Blinkit,iOS,2025-05-06
401753,Meghana Bhagat,8742828158,,Lucknow,Zepto,ios,2024-08-08
401754,Hema Vyas,9367585044,jatinnagar@example.com,Mumbai,BigBasket,ANDROID,2024-12-22
401755,Joshua Dasgupta,9051251719,anjali55@example.org,Ahmedabad,Zepto,ANDROID,2024-10-04
401756,Baghyawati Dayal,5569913894,dinshravya@example.org,Hyderabad,Blinkit,Android,2024-01-24
401757,Nidra Barad,4641689653,chasmum90@example.com,Pune,Blinkit,Android,2023-08-24
401758,Vrishti Walia,5044575257,cherianurmi@example.com,Chandigarh,BigBasket,Android,2025-03-25
401759,Ishanvi Sankar,0521118399,wsavant@example.com,Bangalore,Swiggy Instamart,iOS,17-Dec-2025
401760,Isha Panchal,5440164867,wazir37@example.net,Delhi,Zepto,iOS,2024-04-03
401761,Agastya Gera,7023020977,gokhaleomisha@example.org,Jaipur,BigBasket,iOS,2026-08-16
401762,Nachiket Merchant,5691244888,aadiram@example.net,Hyderabad,Zepto,ios,2026-01-08
401763,Yatin Savant,8701807799,girish39@example.com,Ahmedabad,Swiggy Instamart,Android,2024-06-17
401764,Saksham Mammen,7048974725,anikamangal@example.net,Kolkata,Swiggy Instamart,iOS,2025-07-05
401765,Anirudh Amble,7031966172,abains@example.com,Pune,BigBasket,Android,2026-01-25
401766,Yatan Pau,6766883485,dhruvwalla@example.org,Pune,Zepto,ios,2024-09-29
401767,Patrick Krish,6507193233,qpalan@example.org,Ahmedabad,BigBasket,Android,2024-02-02
401768,Vritti Jhaveri,6857589659,santanthony@example.org,Delhi,Swiggy Instamart,iOS,2024-01-01
401769,Manya Char,8084956210,esathe@example.org,Lucknow,Swiggy Instamart,ios,2025-01-28
401770,Ethan Mahajan,,frado39@example.org,Chennai,Blinkit,ANDROID,2026-05-05
401771,Avni Padmanabhan,1393247500,krish00@example.net,Jaipur,Swiggy Instamart,iOS,2024-02-05
401772,Zarna Dash,5589340162,lkapadia@example.net,BLR,Zepto,ios,2025-08-17
401773,Advik Raja,2188383745,halderkamya@example.net,Jaipur,BigBasket,ios,2025-12-09
401774,Jack Butala,8758483591,gpingle@example.org,Pune,Swiggy Instamart,iOS,18/02/2025
401775,Hemal Sastry,2992930442,lsastry@example.org,Ahmedabad,Swiggy Instamart,ios,2024-09-12
401776,Balvan Dora,7708818822,uarora@example.com,Ahmedabad,Swiggy Instamart,Android,2026-03-31
401777,Rohan Munshi,0255775762,pratyushnarang@example.com,Jaipur,Zepto,iOS,2025-07-07
401778,Gauri Tak,6027795910,guneet33@example.net,Hyderabad,Zepto,ios,2025-03-20
401779,Ekanta Dewan,1899277718,tristan36@example.com,Jaipur,Blinkit,ANDROID,2024-12-13
401780,William Badal,6761608728,maninilima@example.net,Lucknow,Blinkit,ios,2023-09-21
401781,Suhani Wason,4058142024,xsaxena@example.org,Chennai,Zepto,iOS,2026-01-28
401782,Farhan Bala,2248204371,girish95@example.net,Lucknow,Swiggy Instamart,ios,2024-07-04
401783,Ayush Mand,2443873359,qbalay@example.com,Hyderabad,BigBasket,ios,2026-05-28
401784,Harini Oommen,3066937570,andrarohan@example.com,Jaipur,Swiggy Instamart,,2023-12-04
401785,Kamala Bhagat,9556219411,rmanne@example.com,Lucknow,BigBasket,,2023-08-31
401786,Chakrika Oommen,2720718179,lmohan@example.com,Jaipur,BigBasket,Android,2024-06-15
401787,Azaan Thakkar,3792929585,imaranbhattacharyya@example.com,Hyderabad,Swiggy Instamart,ANDROID,07-27-2025
401788,Vedika Edwin,3599479744,tuppal@example.com,Jaipur,Zepto,ios,2026-03-10
401789,Nicholas Choudhury,,aashinigam@example.com,Chandigarh,BigBasket,ios,2023-10-14
401790,Frado Kalla,8171526118,dharkai@example.net,Mumbai,Zepto,iOS,2025-07-19
401791,Vasana Sheth,4609193515,,Bengaluru,Zepto,Android,2024-11-01
401792,Tanay Karnik,2861275836,rhanda@example.org,Ahmedabad,Zepto,ios,2024-10-11
401793,Girish Wable,0604894297,arunimabehl@example.com,Pune,Blinkit,ios,2024-03-28
401794,Alexander Goswami,7056757168,vsoman@example.com,Lucknow,Zepto,iOS,2023-09-26
401795,Anika Mannan,6745480504,avnibalakrishnan@example.org,Chennai,BigBasket,iOS,2025-03-26
401796,Chakradhar Ganesh,1013958373,bhattutkarsh@example.com,Kolkata,BigBasket,iOS,2026-04-12
401797,Anita Choudhary,2956929175,leelarege@example.com,Jaipur,BigBasket,ANDROID,2025-02-04
401798,Dev Bera,9250443158,galaharinakshi@example.org,Kochi,Zepto,Android,2025-08-06
401799,Jagdish Rajan,7015076614,deira@example.org,Ahmedabad,BigBasket,ANDROID,2025-07-09
401800,Daksha Ahluwalia,6620715779,pkaran@example.com,Bengaluru,BigBasket,Android,2023-09-09
401801,Madhavi Sagar,3615131313,siddharthkhare@example.com,Ahmedabad,BigBasket,Android,2023-09-11
401802,Bakhshi Memon,5666257674,settyirya@example.com,Lucknow,Blinkit,Android,2025-12-27
401803,Anika Lad,6214109922,baliyadavi@example.com,Pune,Zepto,Android,2024-04-19
401804,Manya Brahmbhatt,3567857139,neha53@example.org,Bengaluru,Swiggy Instamart,ANDROID,2024-07-22
401805,Nidra Jha,9482755483,vincent17@example.net,Jaipur,Swiggy Instamart,iOS,2026-03-02
401806,Chasmum Sani,2652809374,zbhat@example.org,Jaipur,BigBasket,,2025-05-03
401807,Vasudha Basu,9951835456,,Chennai,Swiggy Instamart,ANDROID,2024-02-01
401808,Vasana Menon,5736226997,zarnavala@example.net,Ahmedabad,BigBasket,iOS,2025-10-01
401809,Pranav Walia,0762737637,khuranajhalak@example.com,Jaipur,Zepto,ANDROID,2025-01-19
401810,Onkar Madan,4425887786,ranbirbali@example.net,Ahmedabad,Zepto,ios,19/06/2024
401811,Nilima Sawhney,2449873269,basuayushman@example.org,Kochi,Zepto,ios,2025-01-31
401812,Diya Din,9399094756,yashasvigade@example.net,New Delhi,Blinkit,ios,2025-10-13
401813,Devika Srinivasan,5364849151,yranganathan@example.net,Jaipur,Swiggy Instamart,ios,2024-10-29
401814,Henry Banerjee,6274097283,chowdhuryharshil@example.org,Jaipur,Zepto,iOS,2024-06-23
401815,Charles Shukla,2889988605,sanayalall@example.org,Mumbai,Zepto,Android,2025-10-23
401816,Qadim Ahuja,2278965771,isha13@example.net,Jaipur,Zepto,iOS,2024-01-15
401817,Hardik Bobal,0362947496,kavya19@example.org,Hyderabad,Blinkit,ANDROID,2024-12-30
401818,Charita Mallick,1653149947,sodhihamsini@example.com,Hyderabad,Swiggy Instamart,ios,2026-01-15
401819,Yauvani Memon,3022807774,victor41@example.net,Ahmedabad,Swiggy Instamart,ios,2026-04-04
401820,Ikbal Tripathi,8892081720,deolgirish@example.org,Kochi,Swiggy Instamart,iOS,2024-03-02
401821,Anusha Kade,3555789440,ymangal@example.com,Jaipur,Zepto,iOS,2026-01-01
401822,Onkar Virk,8626867769,gchandran@example.org,Lucknow,Blinkit,,2024-02-14
401823,Samuel Buch,8161145752,omya84@example.com,Chandigarh,BigBasket,ANDROID,2026-05-13
401824,Wakeeta Ganguly,8918986270,vrinda86@example.net,Mumbai,Swiggy Instamart,ANDROID,2024-06-13
401825,Girindra Mallick,1705135893,falan44@example.com,Chandigarh,Blinkit,ios,2023-12-11
401826,Adya Chauhan,1414253169,taksamar@example.com,Kochi,BigBasket,Android,2025-01-29
401827,Champak Shanker,8641136673,yogiazad@example.org,Bengaluru,BigBasket,ANDROID,2026-08-05
401828,Hiral Raval,4334460465,bhavikawalia@example.net,Hyderabad,Blinkit,Android,2024-01-14
401829,Yamini Prasad,6079677326,karan80@example.com,Ahmedabad,Zepto,,03-Jul-2026
401830,Diya Dixit,2368588039,xborra@example.org,Pune,Zepto,iOS,08-13-2025
401831,Pahal Virk,6564309916,chandani32@example.org,Chandigarh,Zepto,Android,2026-03-24
401832,Raksha Sha,3923153053,madhaviratti@example.net,Bengaluru,Swiggy Instamart,iOS,2024-12-24
401833,Aadi Lalla,7024907799,choudharyfalan@example.com,Ahmedabad,Zepto,iOS,2023-11-11
401834,Abdul Aurora,8375557132,ayushmandas@example.net,Chandigarh,BigBasket,ios,2026-04-09
401835,Harrison Chowdhury,,narainwridesh@example.com,Chandigarh,Zepto,ANDROID,2025-11-08
401836,Rayaan Agate,2187012301,chandaniguha@example.com,Jaipur,BigBasket,Android,2025-07-28
401837,Gaurang Sunder,5939118623,chhabrawarhi@example.org,Chennai,BigBasket,iOS,2025-07-15
401838,Brijesh Doctor,3388123935,chaudharimugdha@example.com,Kochi,Swiggy Instamart,,2025-09-24
401839,Leena Pathak,9069724868,harirachit@example.org,Kochi,Blinkit,iOS,2025-08-06
401840,Frado Chopra,3604881323,vasatika73@example.net,Ahmedabad,Blinkit,ANDROID,28/03/2024
401841,Reva Shetty,6786773382,rparmer@example.com,Jaipur,Blinkit,iOS,2024-07-11
401842,Warinder Swaminathan,5499929517,uchar@example.com,Jaipur,Zepto,ios,07-03-2024
401843,Wahab Kapoor,,tandonjonathan@example.net,Chennai,Zepto,Android,2026-04-16
401844,Urishilla Gala,5092071807,abhimanyuramaswamy@example.com,Ahmedabad,Blinkit,Android,2026-07-19
401845,William Parekh,9077826444,,Chandigarh,BigBasket,ANDROID,2025-12-19
401846,Utkarsh Wali,3008166984,aryaojasvi@example.com,Bengaluru,Swiggy Instamart,Android,24-Jan-2024
401847,Turvi Palla,2538507752,parekhucchal@example.com,Chandigarh,Swiggy Instamart,ANDROID,2024-03-28
401848,Atharv Saraf,1252376086,gourarunima@example.com,Jaipur,Zepto,iOS,2024-07-02
401849,Arunima Bhatti,0445904528,ksarma@example.org,Lucknow,Swiggy Instamart,iOS,2026-01-21
401850,Wazir Bhasin,9793548634,batrahemani@example.com,Pune,BigBasket,,2026-05-13
401851,Rajeshri Manne,7785556505,,Kochi,Blinkit,ANDROID,2025-09-26
401852,Xavier Khalsa,9671490375,,Chandigarh,Zepto,ios,2026-06-28
401853,Arya Shukla,8111680869,isathe@example.net,Mumbai,Zepto,ANDROID,2024-07-08
401854,Sanaya Toor,3605579500,widisha31@example.com,Chandigarh,BigBasket,ios,2025-09-26
401855,Champak Luthra,1508980267,mukherjeexavier@example.org,Kochi,Zepto,iOS,2025-05-21
401856,Isaiah Toor,5088916569,fparekh@example.com,Chandigarh,Swiggy Instamart,ios,2025-04-08
401857,Sachi Bath,1161226585,,Chandigarh,Swiggy Instamart,ios,10/04/2026
401858,Vinaya Madan,7862300971,nguha@example.com,Chennai,BigBasket,ANDROID,09-24-2024
401859,Barkha Dar,0582736101,raghav79@example.org,Chandigarh,Blinkit,Android,2024-04-09
401860,Oeshi Rai,5506835450,vanya30@example.org,Pune,BigBasket,,2024-06-04
401861,Ayushman Kapoor,6489078433,harshsabharwal@example.com,Kolkata,Blinkit,Android,2023-11-07
401862,Yuvraj Tara,,virkfariq@example.com,Delhi,Zepto,iOS,2024-04-18
401863,Geetika Agrawal,1079796478,sanayapandya@example.net,Bengaluru,Zepto,iOS,2024-07-06
401864,Krishna Chander,5904533276,zayyandayal@example.org,Bengaluru,Swiggy Instamart,ANDROID,2024-03-14
401865,Lopa Mammen,6569408220,gayathrisuresh@example.com,Lucknow,Zepto,Android,2025-12-26
401866,Vyanjana Menon,2562088606,yachanaratti@example.com,Lucknow,Swiggy Instamart,,2025-03-26
401867,Harrison Singh,9625527007,tarabedi@example.com,Mumbai,Blinkit,Android,2024-05-29
401868,Vincent Kibe,8726609094,shaurya63@example.net,Chandigarh,Zepto,Android,2026-03-08
401869,Unni Andra,6089400001,dhruv60@example.org,Lucknow,BigBasket,Android,2026-04-04
401870,Reyansh Kala,9092735617,gautam46@example.net,Jaipur,Swiggy Instamart,iOS,2023-08-22
401871,Warda Bhatti,7427076955,yutika31@example.net,Chennai,Swiggy Instamart,Android,2024-03-20
401872,Amol Murty,7885434131,rattaneha@example.net,Chennai,Zepto,ANDROID,2024-09-20
401873,Mahika Bava,0442684840,benekaraj@example.net,Kochi,Blinkit,ANDROID,20-Oct-2024
401874,Chatura Bail,8647823107,varkeyjonathan@example.com,Ahmedabad,Zepto,ANDROID,2025-03-22
401875,Max Issac,8390618282,wakeetakunda@example.org,Kochi,Swiggy Instamart,iOS,2026-05-01
401876,Vanya Yohannan,8818443735,datepriya@example.net,Chennai,Zepto,ANDROID,2024-05-29
401877,Tristan Radhakrishnan,9113523510,srinivasabeer@example.com,Pune,Zepto,ios,03/08/2024
401878,Jagdish Parmar,8802250352,ayush46@example.com,Mumbai,Blinkit,iOS,2025-12-10
401879,Vedhika Jaggi,7266674314,quincysarna@example.com,Chandigarh,Blinkit,ios,2023-10-08
401880,Ekani Dhar,0209725034,virkxiti@example.net,NCR,Blinkit,iOS,2025-12-23
401881,Anthony Kala,1387258032,qushi58@example.org,Lucknow,Swiggy Instamart,ANDROID,2026-01-27
401882,Omkaar Pandey,3545869247,nkumar@example.com,Pune,Blinkit,ANDROID,2023-09-24
401883,Timothy Dhingra,2158811208,vpradhan@example.org,Delhi,Blinkit,,2025-10-12
401884,Diya Thaman,9781621802,dmohanty@example.com,Delhi,Zepto,Android,2024-11-12
401885,Vyanjana Bedi,9218382774,snarasimhan@example.com,Delhi,BigBasket,iOS,2024-07-31
401886,Gagan Peri,1404999129,zansisethi@example.net,Mumbai,BigBasket,iOS,2026-05-16
401887,Ayushman Chaudry,9230183429,darsh93@example.org,Chandigarh,Zepto,,2024-03-08
401888,Ojasvi Bhatia,6354355838,bhavyachad@example.net,Ahmedabad,Zepto,ios,2025-07-07
401889,Ethan Ganesan,6956081592,luckykumar@example.com,Jaipur,BigBasket,Android,2025-09-23
401890,Darsh Tank,,lsane@example.com,Kolkata,Blinkit,Android,2024-10-10
401891,Kevin Rajagopalan,5558092906,munikevin@example.com,New Delhi,Blinkit,Android,2025-11-11
401892,Indira Pillai,2444359491,,Pune,Swiggy Instamart,ANDROID,2023-09-25
401893,Farhan Sangha,1207608162,manbirgoda@example.org,Kolkata,BigBasket,ios,13-Apr-2026
401894,Udyati Chatterjee,7457022887,abdul10@example.com,Bengaluru,Swiggy Instamart,Android,2024-02-07
401895,Chaitaly Rau,7517447365,amorar@example.org,Delhi,Blinkit,Android,2024-07-03
401896,Urmi Magar,3130899409,veer80@example.org,Chandigarh,Zepto,iOS,2024-06-14
401897,Lajita Deo,1120673760,,Hyderabad,Swiggy Instamart,ANDROID,2024-03-31
401898,Yagnesh Parekh,5512293715,dattaanirudh@example.net,New Delhi,Swiggy Instamart,ios,2024-02-17
401899,Bishakha Kaur,1358822346,kevin61@example.com,Chennai,Swiggy Instamart,ANDROID,10-28-2025
401900,Geetika Kant,6901981476,manansastry@example.org,Pune,Swiggy Instamart,Android,24/03/2026
401901,Udant Puri,7201844383,utkarsh40@example.org,Kochi,Zepto,ios,2024-01-16
401902,Radha Suri,9284659693,faris89@example.org,Chandigarh,Blinkit,iOS,2023-10-20
401903,Mekhala Sanghvi,7688528131,yvenkatesh@example.com,Kolkata,Zepto,,2024-02-24
401904,Praneel Babu,7954860825,varughesechaman@example.net,Ahmedabad,Zepto,ios,2024-01-27
401905,Manthan Yohannan,6743377208,damini37@example.com,Hyderabad,Swiggy Instamart,ios,2026-08-17
401906,Nicholas Sachdeva,7576182789,ysibal@example.org,Chennai,Zepto,,2024-05-12
401907,Bhavya Chaudhary,3813566462,zsathe@example.com,Ahmedabad,Swiggy Instamart,ANDROID,2025-12-11
401908,Gagan Buch,3657444395,yrattan@example.net,BLR,Swiggy Instamart,iOS,2024-01-28
401909,Ayush Goda,2358920973,kavya85@example.net,Kochi,Zepto,Android,13-Jul-2025
401910,Aarini Sampath,6617469629,lvasa@example.org,Hyderabad,BigBasket,ANDROID,2024-04-09
401911,Gaurika Sarkar,2555001840,jagrati35@example.org,Kolkata,Zepto,Android,2025-07-20
401912,Anusha Rao,7269153263,mminhas@example.com,Chennai,Swiggy Instamart,ios,01-29-2024
401913,Hardik Tripathi,2662977286,mrana@example.com,Ahmedabad,BigBasket,ios,2026-05-04
401914,Vidhi Dhillon,4294982295,,Chennai,Swiggy Instamart,ANDROID,2025-12-11
401915,Yuvraj Gola,2605584019,tanmayi79@example.org,Chennai,Swiggy Instamart,ANDROID,26-Jun-2025
401916,Diya Taneja,0650724778,krishna60@example.org,Pune,Blinkit,iOS,2026-05-08
401917,Zayyan Raju,0386417958,charlespathak@example.net,Delhi,Swiggy Instamart,ios,2025-03-18
401918,Isha Mohan,1888230119,ggarg@example.net,Lucknow,Swiggy Instamart,ANDROID,2023-11-02
401919,Brinda Dubey,0977491264,mallyatan@example.net,Chandigarh,Blinkit,Android,2025-11-20
401920,Nihal Keer,5431215097,srivastavaharrison@example.org,Ahmedabad,Swiggy Instamart,Android,2025-02-14
401921,Bahadurjit Mann,0248736130,amrita19@example.org,Lucknow,Zepto,,2025-08-20
401922,Panini Chaudhry,5636786654,aadhya22@example.net,Kochi,BigBasket,ANDROID,23/12/2025
401923,Quincy Dora,5469787848,ydatta@example.com,Bengaluru,Swiggy Instamart,iOS,2024-04-25
401924,Harrison Handa,8969647860,bachittarkumer@example.net,Pune,BigBasket,iOS,2026-01-27
401925,Harita Agrawal,1309281518,geetika96@example.net,Chennai,Zepto,,2024-02-29
401926,Daksha Basu,7012387954,omya86@example.net,Lucknow,BigBasket,iOS,2025-04-20
401927,Unni Ganesan,3761994381,dinjason@example.net,Jaipur,Blinkit,ANDROID,2026-03-24
401928,Chaman Modi,,,Bengaluru,Zepto,iOS,2024-03-28
401929,Amruta Goswami,2735580219,nehaaurora@example.net,Ahmedabad,BigBasket,iOS,2024-02-03
401930,Ekani Narula,1870809000,wardasalvi@example.org,Delhi,Blinkit,iOS,2024-10-22
401931,Nikita Suresh,4803339984,aggarwalishita@example.org,Mumbai,BigBasket,Android,2024-07-13
401932,Ati Dewan,6698280232,balasubramaniansathvik@example.com,Lucknow,BigBasket,ios,2024-02-26
401933,Chameli Tella,4283219161,,Hyderabad,BigBasket,ANDROID,2026-01-26
401934,Upadhriti Lal,5954928691,purionkar@example.net,Pune,Blinkit,iOS,2025-03-08
401935,Gauri Kara,1389090320,gaurikanarayanan@example.net,Bengaluru,BigBasket,ios,2024-02-03
401936,Hritik Chana,2573566267,deonidra@example.org,Chennai,BigBasket,,21/01/2024
401937,Falguni Varughese,6509286907,lbora@example.com,Kochi,BigBasket,ANDROID,2025-11-27
401938,Jagvi Kala,5477093734,vanyaoza@example.com,Chennai,Blinkit,ios,2024-04-25
401939,Harish Choudhry,5116209963,issacveda@example.net,Kolkata,Blinkit,iOS,24/09/2023
401940,Oviya Kumer,3115000694,chameli50@example.com,Jaipur,Zepto,,2026-07-27
401941,Darpan Nagarajan,7598863033,xtak@example.com,Kochi,Blinkit,ios,2025-04-03
401942,Qushi Zacharia,9863310278,arunimanatarajan@example.org,Lucknow,Swiggy Instamart,,2025-05-18
401943,Ayush Hegde,3825540673,divya86@example.org,Chennai,BigBasket,Android,22-Jul-2026
401944,Aayush Lad,4483304165,warhipatla@example.org,Kolkata,BigBasket,ANDROID,2023-12-09
401945,Bhavini Pau,8793371333,chauhanvidhi@example.org,New Delhi,Blinkit,ios,2026-02-15
401946,Hema Raman,3148538245,umang20@example.org,NCR,Swiggy Instamart,Android,2024-02-20
401947,Shravya Sarraf,7253329867,cvarghese@example.org,Chandigarh,Swiggy Instamart,ANDROID,2024-02-04
401948,Neel Ganguly,6571333806,abhimanyugaba@example.org,Bengaluru,Zepto,ANDROID,2025-11-15
401949,Ira Tata,2790161397,,Pune,Blinkit,ios,2023-10-24
401950,Kavya Mane,7271870539,warindersani@example.net,Kochi,Swiggy Instamart,,2025-05-06
401951,Rachit Kibe,,chaitanyapanchal@example.net,Mumbai,Zepto,Android,2023-09-05
401952,Megha Kala,9625330120,barkha24@example.com,Bengaluru,Swiggy Instamart,,2024-12-19
401953,Anirudh Mahal,9552419171,chanakya46@example.com,Delhi,BigBasket,ios,04-04-2024
401954,Rachita Patel,9195742936,wrideshparmar@example.com,Pune,Blinkit,iOS,2025-04-06
401955,Jhalak Dutt,4432484876,unarula@example.org,Delhi,Swiggy Instamart,ANDROID,2024-11-02
401956,Varsha Nadig,,sanechanchal@example.org,Kolkata,Swiggy Instamart,iOS,21-Nov-2023
401957,Reyansh Palla,8072586689,,Chennai,Zepto,,2025-01-23
401958,Karan Garde,2723517190,jprabhu@example.org,Chennai,Swiggy Instamart,Android,2024-02-07
401959,Harish Aggarwal,0619916172,xbhalla@example.org,Chennai,BigBasket,ios,30-Nov-2025
401960,Widisha Chopra,7056360458,ijaya12@example.org,Hyderabad,Swiggy Instamart,Android,2025-01-28
401961,Amol Murty,1603377237,dhritisagar@example.org,Ahmedabad,BigBasket,ANDROID,22/02/2025
401962,Neel Ratta,8094972725,fiyaznagy@example.com,Kolkata,Swiggy Instamart,Android,2023-12-13
401963,Krishna Mannan,1799622881,ishaankanda@example.net,Chennai,Swiggy Instamart,Android,31-Jan-2026
401964,Adya Korpal,8975376587,prasadkiaan@example.net,Mumbai,Zepto,,2026-03-02
401965,Jeremiah Rastogi,5532589195,gloke@example.org,Mumbai,BigBasket,ANDROID,2023-11-02
401966,Girik Nagarajan,9733417316,valamanbir@example.net,Pune,BigBasket,ios,2026-07-04
401967,Gaurang Dube,5220921000,samamitali@example.com,Kolkata,Zepto,ios,2024-01-31
401968,Garima Grover,5636919377,vivaan09@example.com,Mumbai,Zepto,ANDROID,2025-02-03
401969,Eta Mahal,1263136360,prabhudipta@example.com,Chandigarh,Blinkit,iOS,2023-10-11
401970,Kavya Ravi,0596695817,korpalbanjeet@example.com,Lucknow,Swiggy Instamart,Android,2024-01-02
401971,Girish Deep,8126034870,jatin57@example.com,Jaipur,BigBasket,ANDROID,2025-07-18
401972,Zaid Chaudhari,,nitarapandit@example.net,Chandigarh,Swiggy Instamart,iOS,2026-01-20
401973,Akshay Dutta,5639884948,fiyaz59@example.org,Lucknow,Zepto,ANDROID,2024-12-16
401974,Alexander Pingle,6876848506,sudikshapai@example.com,Jaipur,Zepto,iOS,2023-10-17
401975,Peter Jaggi,6670009151,,Mumbai,Blinkit,ANDROID,2024-07-08
401976,Reyansh Bumb,1152144497,,Kochi,Blinkit,Android,2026-04-21
401977,Ojasvi Virk,0855949433,gunbir41@example.net,Jaipur,Zepto,iOS,2025-08-23
401978,Yachana Srivastava,2534633367,bhatiaelijah@example.net,Delhi,Zepto,,2025-09-09
401979,Aryan Dhar,0530472176,lrege@example.org,Jaipur,BigBasket,iOS,08-16-2024
401980,Anvi Atwal,3565150021,sunderyashodhara@example.com,Chennai,Blinkit,iOS,2026-03-19
401981,Fiyaz Ramakrishnan,0916836365,jackson28@example.com,Mumbai,Zepto,Android,24-May-2025
401982,Gagan Bhardwaj,6803078578,ishani12@example.org,Chennai,Blinkit,ios,2025-03-22
401983,Sathvik Chaudhary,1459584061,oommenbachittar@example.com,Ahmedabad,Swiggy Instamart,ios,2025-08-03
401984,Charvi More,0500272934,,Kolkata,Blinkit,Android,2026-05-13
401985,Lipika Mahal,0774943856,shivansh35@example.com,Delhi,Zepto,,2024-12-29
401986,Mason Kota,,koshychandani@example.net,Jaipur,Zepto,Android,2024-10-12
401987,Aarini Badal,8431729060,dayitabahl@example.net,Jaipur,Zepto,iOS,2026-04-24
401988,Sanya Golla,0283368531,alexanderde@example.org,Kolkata,Swiggy Instamart,ANDROID,2024-01-29
401989,Chandran Chahal,,iverma@example.org,Ahmedabad,Blinkit,ios,2025-03-09
401990,Faraj Goel,7394387664,devanshbala@example.org,New Delhi,Blinkit,ios,2025-05-14
401991,Hredhaan Dayal,7696185448,yasti76@example.net,Hyderabad,BigBasket,iOS,2024-04-27
401992,Zayan Lanka,3845084766,rachitnatt@example.com,Bangalore,Swiggy Instamart,ANDROID,2023-10-01
401993,Gaurang Anne,8855480573,gbir@example.com,Bengaluru,BigBasket,ios,2024-09-05
401994,Yashica Uppal,6206465218,savantodika@example.net,Hyderabad,Blinkit,Android,30-Sep-2023
401995,Christopher Pau,0453103317,triveni28@example.com,Pune,BigBasket,ios,06-Jan-2024
401996,Chameli Mukhopadhyay,2575085408,bhavika57@example.net,Kochi,Blinkit,,2024-01-31
401997,Bakhshi Upadhyay,8770035849,tanveermuni@example.net,Kolkata,Zepto,ios,2025-05-05
401998,Shivansh Bhasin,1357911896,harshil55@example.com,Mumbai,Swiggy Instamart,ANDROID,2025-10-29
401999,Divya Dugar,4064919834,saanvichand@example.org,Ahmedabad,BigBasket,iOS,2023-09-23
402000,Sathvik Seshadri,3103250019,vyasyash@example.net,Hyderabad,Swiggy Instamart,iOS,2024-07-15
402001,Simon Nanda,0202222925,tissac@example.org,Bengaluru,Swiggy Instamart,iOS,2026-02-13
402002,Karan Date,8236794836,,Ahmedabad,Zepto,iOS,10-31-2025
402003,Abhiram Buch,4188343514,ayushmankuruvilla@example.net,Kolkata,Swiggy Instamart,iOS,2023-09-01
402004,Abha Nigam,8269360453,zayyan65@example.net,Lucknow,Zepto,ANDROID,2025-11-24
402005,Brijesh Tak,8593316478,guneet29@example.org,Chennai,Swiggy Instamart,ios,2026-02-19
402006,Qasim Shukla,4313192405,anikachacko@example.net,Ahmedabad,Blinkit,Android,2026-06-18
402007,Ojas Sood,3749735515,,Hyderabad,Zepto,iOS,2024-07-10
402008,Adya Bail,3146050910,pahal15@example.org,Kochi,Swiggy Instamart,ios,2023-12-07
402009,Pushti De,0151922828,lramachandran@example.com,Jaipur,Zepto,ANDROID,19-Aug-2024
402010,Chakradhar Kaul,2406728472,wableaarna@example.net,Pune,Zepto,Android,2026-07-19
402011,Ekiya Dua,6279375176,mmallick@example.net,Pune,Blinkit,iOS,2026-03-19
402012,Lohit Sami,7790548394,upadhyaydevika@example.net,Kolkata,Blinkit,ios,2026-06-29
402013,Geetika Baria,5371326511,siddharthprabhakar@example.net,Bengaluru,Blinkit,ANDROID,2024-04-18
402014,Aadhya Parekh,6841736104,fkapur@example.net,Lucknow,Zepto,Android,2023-12-05
402015,Nirja Krishnamurthy,9437967999,rastogieesha@example.org,Chennai,Zepto,,2024-03-15
402016,Zaid Goel,3095857077,,Pune,Blinkit,iOS,2025-06-10
402017,Ekanta Kumar,3716019498,sachi62@example.net,Bengaluru,Zepto,ios,2025-06-09
402018,Chakradev Bali,7726543451,brindaseth@example.org,Chennai,BigBasket,Android,2026-05-26
402019,Mason Mahal,6669725477,geetikaraja@example.org,Pune,Zepto,iOS,2025-05-06
402020,Shravya Singh,8452047162,kmadan@example.com,Chandigarh,BigBasket,ios,2025-10-17
402021,Utkarsh Dora,8187015803,bavaadvaith@example.net,Pune,Swiggy Instamart,ANDROID,2026-07-26
402022,Wriddhish Jani,4418955901,,Chennai,Blinkit,ios,2024-09-07
402023,Ganga Bhargava,4210754271,jsamra@example.net,Kolkata,BigBasket,Android,2026-04-28
402024,Tanish Gandhi,3182260352,,Lucknow,Zepto,Android,2024-02-23
402025,Harinakshi Balay,8239394077,teertharya@example.com,Kochi,Swiggy Instamart,ANDROID,24/06/2026
402026,Turvi Chatterjee,8017370352,moretriveni@example.net,Ahmedabad,Blinkit,,2026-02-11
402027,Anita Babu,5221174710,qbajaj@example.com,Lucknow,Zepto,ANDROID,2024-03-31
402028,Samar Sen,5541348555,khannadaniel@example.com,Kolkata,BigBasket,ANDROID,2024-06-14
402029,Vihaan Mani,8665447106,,Pune,BigBasket,,2026-07-14
402030,Chaitaly Narayan,2734999190,benjamin45@example.org,Ahmedabad,Blinkit,iOS,2025-08-26
402031,Christopher Kale,0085870301,kakarpallavi@example.org,Chennai,Zepto,ios,03-13-2024
402032,Harrison Raghavan,,anamikakaul@example.com,Lucknow,Zepto,Android,2024-09-29
402033,Lajita Som,,wsampath@example.org,Jaipur,Zepto,ios,2024-09-24
402034,Kashish Behl,2412915660,eeshalala@example.net,Delhi,BigBasket,ios,2024-09-20
402035,Chakradhar Lala,0342203902,amritachander@example.net,Kolkata,Zepto,,2023-08-20
402036,Siya Randhawa,9470188877,vkashyap@example.org,Delhi,Blinkit,ANDROID,2024-02-14
402037,Omya Chaudhry,3878092861,kapadialakshit@example.net,Bengaluru,BigBasket,ios,2023-08-28
402038,Indali Bains,3261785879,,Hyderabad,Zepto,ios,2025-07-12
402039,Raagini Chhabra,4403105894,gaurika97@example.net,Kochi,BigBasket,ios,2025-10-03
402040,Akshay Raval,6255188845,petersachar@example.org,Bengaluru,BigBasket,iOS,2025-09-19
402041,Faqid Khurana,5717445640,ubarad@example.com,Lucknow,Swiggy Instamart,ios,2025-10-20
402042,Christopher Mangat,2001699834,watikakari@example.com,Mumbai,Blinkit,ANDROID,2024-09-02
402043,Chakradev Chakraborty,2974619581,,Kolkata,Swiggy Instamart,Android,2025-01-15
402044,Amol Om,3020456902,mitali68@example.org,Bengaluru,BigBasket,ANDROID,2025-01-18
402045,Eshana Misra,0142979872,arinwali@example.com,Pune,Swiggy Instamart,iOS,2026-03-26
402046,Chaitanya Shankar,9750624832,patrickbarman@example.org,Mumbai,Blinkit,iOS,2026-02-14
402047,Upma Seth,,zmani@example.com,Pune,Zepto,Android,2025-12-27
402048,Fiyaz Reddy,3980232087,devannitara@example.net,Lucknow,Zepto,ANDROID,2024-01-17
402049,Abha Sagar,0236361114,badamichandresh@example.net,Jaipur,Blinkit,Android,2024-06-03
402050,Kritika Nazareth,6559552143,eta61@example.net,Jaipur,Blinkit,,2023-09-05
402051,Yatan Narayanan,3599533857,,Chennai,BigBasket,ANDROID,12-Nov-2024
402052,Hritik Karnik,4488497787,,Kochi,Zepto,iOS,2025-01-11
402053,Ekanta Bhargava,5036075135,,Delhi,Zepto,ANDROID,2026-04-07
402054,Advik Krish,8646281465,shaurya59@example.com,Ahmedabad,Blinkit,Android,2024-11-30
402055,Eiravati Vig,4788800944,maya51@example.org,Kolkata,Zepto,Android,11-24-2023
402056,Sai Tandon,2314784278,andrew53@example.org,Kochi,Blinkit,ANDROID,2024-06-24
402057,Unnati Banik,4955894110,sanayamadan@example.com,bengaluru,Swiggy Instamart,ANDROID,2023-12-21
402058,Chandran Nagar,4437628489,jeetmani@example.net,Kolkata,Swiggy Instamart,iOS,2025-08-01
402059,Tara Yadav,2134415509,hemallad@example.net,Mumbai,Blinkit,Android,2024-03-14
402060,Yash Walia,4469226413,abhimanyu73@example.org,Kochi,BigBasket,ios,2025-11-21
402061,Wazir Hegde,2180528288,rachit82@example.com,Jaipur,BigBasket,iOS,29-May-2024
402062,Manthan Balan,8101867172,abhiram27@example.net,Jaipur,BigBasket,ANDROID,2026-02-20
402063,Niharika Warrior,4494407700,qabil25@example.org,Ahmedabad,BigBasket,ANDROID,2025-08-01
402064,Tamanna Gade,9190984775,faraj72@example.net,Bengaluru,Zepto,ANDROID,2024-11-23
402065,Oscar Cheema,9933920377,libnisoni@example.net,Pune,Swiggy Instamart,iOS,14-Jul-2024
402066,Agastya Ramakrishnan,2142176951,nirjakothari@example.com,Kolkata,Zepto,iOS,2024-03-05
402067,William Seth,,kallalaban@example.com,Jaipur,Zepto,ios,2026-04-24
402068,Yachana Bahl,2234457314,mallickdalbir@example.net,Chennai,Swiggy Instamart,,2024-03-07
402069,Vedant Gopal,2097567048,charanbalan@example.org,Chandigarh,Swiggy Instamart,,2023-12-02
402070,Lakshmi Saha,,,Pune,Swiggy Instamart,,2024-08-30
402071,Ekanta Doctor,4480395827,rajupatrick@example.org,Mumbai,Zepto,Android,2024-06-20
402072,Lopa Savant,6167611863,urishilla38@example.net,Kochi,Zepto,ANDROID,2025-01-25
402073,Mohini Dave,7793593849,qabil84@example.net,Kochi,Zepto,ios,03-10-2024
402074,Anya Seshadri,1994323764,ghoseurvashi@example.com,Lucknow,Zepto,iOS,2026-07-07
402075,Chaaya Gour,2055405781,bhargavaaarnav@example.com,Kochi,BigBasket,ANDROID,2025-01-03
402076,Imaran Kashyap,6557538601,,Jaipur,Swiggy Instamart,Android,02/12/2025
402077,Yagnesh Gara,,sbalay@example.org,Kochi,Swiggy Instamart,ANDROID,2025-12-04
402078,Aashi Bains,2415775824,kiaan29@example.com,Pune,Swiggy Instamart,Android,2025-03-11
402079,Xavier Raj,9817193637,rayaan75@example.net,Bengaluru,Swiggy Instamart,iOS,2024-02-20
402080,Omisha Sarin,6278731797,jsarna@example.net,Chennai,BigBasket,iOS,2023-10-20
402081,Ranveer Nair,8209194554,nimratmadan@example.org,Chennai,Blinkit,ANDROID,2024-07-23
402082,Xavier Varughese,3344756505,guptadiya@example.org,Mumbai,BigBasket,ANDROID,2025-10-13
402083,Abdul Agate,2018403971,,Chandigarh,BigBasket,,2024-07-06
402084,Guneet Upadhyay,1221242861,jchauhan@example.com,Chennai,BigBasket,Android,2024-12-12
402085,Neha Lad,1775892004,pgole@example.com,Bengaluru,Swiggy Instamart,iOS,2025-06-04
402086,Vihaan Saini,2212165187,michael86@example.org,Bangalore,Blinkit,iOS,09/02/2025
402087,Indali Rau,8723781846,mbanik@example.net,Bengaluru,Blinkit,Android,03-08-2024
402088,Dalaja Pandit,5383994931,sidhuanusha@example.net,Jaipur,Swiggy Instamart,iOS,2024-05-29
402089,Mekhala Chaudhary,0300138160,balhaar31@example.com,Pune,BigBasket,iOS,10/05/2024
402090,Aashi Som,7662451969,ukaur@example.net,Chandigarh,BigBasket,Android,2024-06-15
402091,Wridesh Manda,9408671760,keya89@example.org,Pune,Blinkit,Android,2025-06-05
402092,Naveen Sheth,1388863087,,Kolkata,Zepto,,2023-09-08
402093,Gayathri Narasimhan,1938224743,naksh56@example.com,Kolkata,Zepto,Android,29/09/2024
402094,Chameli Mahajan,8330420382,izacharia@example.net,Bengaluru,Swiggy Instamart,iOS,2025-05-08
402095,Geetika Chaudhry,3380982892,caggarwal@example.org,Hyderabad,BigBasket,Android,2023-10-10
402096,Samesh Parsa,0187575684,arunimarout@example.org,NCR,Blinkit,Android,01-17-2025
402097,Chaitaly Sidhu,1891198368,asur@example.com,Jaipur,Swiggy Instamart,iOS,28-Apr-2025
402098,Daksha Mitra,0287916357,harrisonrout@example.net,Kochi,Blinkit,ios,2026-01-18
402099,Orinder Gara,7491136944,jhalak30@example.org,Mumbai,Blinkit,iOS,2024-12-29
402100,Reyansh Ravi,8641289002,darsh13@example.org,Chandigarh,Swiggy Instamart,iOS,2025-11-21
402101,Rachita Chaudry,4846024450,chawlaamara@example.net,Pune,Zepto,Android,2026-03-07
402102,Bhavini Sarna,4235895614,girindrakhanna@example.com,Chennai,Swiggy Instamart,ANDROID,19-Dec-2024
402103,Vedika Kala,4583247230,wmalhotra@example.org,Ahmedabad,Swiggy Instamart,Android,2025-12-14
402104,Harsh Kurian,5355042185,emaster@example.net,Bengaluru,Blinkit,iOS,2026-02-14
402105,Neha Konda,2364354312,asachdev@example.com,bengaluru,BigBasket,ios,2023-10-22
402106,Ishanvi Date,3294864765,ihora@example.com,Pune,Blinkit,ANDROID,15-Jul-2024
402107,Vaishnavi Bora,8735106124,,Jaipur,Zepto,Android,02/05/2024
402108,Anusha Nanda,5611729532,shettykavya@example.org,Mumbai,BigBasket,Android,2025-01-07
402109,Upasna Andra,,manngirik@example.net,Chandigarh,Blinkit,iOS,2026-07-20
402110,Vrinda Kakar,6284680785,jkant@example.org,Ahmedabad,Swiggy Instamart,Android,2026-01-25
402111,Manya Barad,0839077198,hayergunbir@example.org,Chennai,BigBasket,ios,2026-02-28
402112,Yashodhara Sunder,0897674731,darpan94@example.net,Delhi,Zepto,ios,2023-09-16
402113,Aradhana Murty,2389042906,wcheema@example.org,bengaluru,Blinkit,ANDROID,2026-04-18
402114,Yachana Pradhan,,shenoyedhitha@example.org,Lucknow,Blinkit,Android,2023-10-12
402115,Ria Karpe,5449219244,dayamaidivan@example.org,Chennai,Blinkit,ANDROID,2024-03-13
402116,Harita Ghose,1093082769,kumarlila@example.net,BLR,BigBasket,iOS,2023-10-30
402117,Vasana Randhawa,5922981671,galashivani@example.org,Chandigarh,Swiggy Instamart,Android,2024-08-31
402118,Rishi Sodhi,3556250435,tripathiikbal@example.org,Kolkata,BigBasket,Android,02-05-2026
402119,Neelima Borde,2934071073,mahajanadvaith@example.net,Jaipur,Swiggy Instamart,iOS,2026-06-27
402120,Vritti Chad,6848132761,jbanerjee@example.com,Kochi,Swiggy Instamart,,01-10-2025
402121,Oscar Sandhu,4498061376,emorar@example.net,Lucknow,Blinkit,ios,2026-04-24
402122,Chakradhar Khanna,2726334519,timothy58@example.com,Kochi,BigBasket,iOS,2026-03-06
402123,Anika Oommen,9054371806,rkapoor@example.com,Mumbai,BigBasket,ANDROID,16/02/2024
402124,Yahvi Lad,5929672818,yom@example.net,Mumbai,BigBasket,ANDROID,2024-03-03
402125,Vinaya Bhalla,,geetikakala@example.org,Kolkata,Blinkit,ios,2025-03-08
402126,Harinakshi Sur,,abhiram65@example.org,Chandigarh,Zepto,ANDROID,2024-01-08
402127,Warjas Bandi,0602369069,vyohannan@example.org,Kochi,Swiggy Instamart,Android,04/12/2025
402128,Chanchal Dara,8725306135,bina62@example.net,Chandigarh,Blinkit,Android,2025-10-30
402129,Lajita Nair,1403768629,unnati76@example.com,Hyderabad,Swiggy Instamart,ios,2025-05-25
402130,Rachana Garde,9987980825,daliaria@example.net,NCR,Zepto,,2026-04-28
402131,Gaurang Sachar,5983419484,qrana@example.org,Mumbai,BigBasket,,2023-11-11
402132,Raghav Nazareth,3670031252,vchawla@example.org,Hyderabad,BigBasket,ANDROID,04-20-2025
402133,Chavvi Ganguly,4569192432,usuresh@example.com,Mumbai,Blinkit,ANDROID,2025-04-20
402134,Aarav Kashyap,8631726658,gkaul@example.com,Ahmedabad,Blinkit,iOS,2025-03-23
402135,Gautami Vala,5664845353,hemal98@example.com,Kochi,Zepto,ANDROID,2024-04-03
402136,Tristan Kashyap,9003383829,vsahni@example.net,Kochi,Blinkit,ANDROID,2026-04-13
402137,Janaki Purohit,,,Mumbai,BigBasket,ios,2025-04-22
402138,Yagnesh Dada,5172183724,hdin@example.net,Chennai,Zepto,ANDROID,10/01/2025
402139,Anvi Mahal,5420241136,,Bombay,Zepto,ANDROID,2026-04-21
402140,Ridhi Sahota,6397130489,yugtiwari@example.net,Kolkata,BigBasket,Android,2025-05-17
402141,Yahvi Lad,5912698106,masterchanakya@example.com,Kolkata,Swiggy Instamart,ios,2025-02-27
402142,Nitesh Buch,2510894194,udyatipanchal@example.com,Hyderabad,BigBasket,Android,2024-11-01
402143,Matthew Nayar,9944976044,harish73@example.com,Pune,Zepto,Android,2024-07-28
402144,Meera Mani,9658506086,aradhanadhar@example.org,Pune,Swiggy Instamart,iOS,10/07/2024
402145,Zaitra Mangat,,wishitata@example.org,Lucknow,BigBasket,ios,2026-07-24
402146,Waida Bandi,4982584293,vnanda@example.com,Pune,Blinkit,Android,2025-08-26
402147,Edhitha Sawhney,6738094046,,Pune,Swiggy Instamart,Android,2024-05-20
402148,Warjas Varma,3557377306,rajeshri74@example.org,Kochi,Swiggy Instamart,ios,13-Jun-2025
402149,Upasna Vora,7377797860,radhasampath@example.org,Delhi,Zepto,ios,2025-01-08
402150,Jatin Sarin,3088156874,rajagopalanamol@example.com,Bengaluru,Blinkit,ANDROID,2025-06-23
402151,Aayush Kala,,rpau@example.net,Hyderabad,BigBasket,ANDROID,2025-08-19
402152,Xavier Sarma,,rajatanagi@example.org,Jaipur,Swiggy Instamart,ios,2026-01-13
402153,Janaki Thakur,3068743278,ravalsamesh@example.net,Mumbai,Zepto,ios,2026-07-29
402154,Sai Solanki,4187939427,williamdayal@example.com,Chennai,BigBasket,ANDROID,2026-07-31
402155,Tara Shanker,5175661591,chanakyaaurora@example.org,Kolkata,Swiggy Instamart,ANDROID,2024-07-11
402156,Umang Dutt,4898996473,naikgagan@example.com,Jaipur,Zepto,iOS,2024-04-30
402157,Bishakha Chaudhry,6592304812,bhavna11@example.org,Ahmedabad,BigBasket,ios,2026-02-17
402158,Gaurangi Prashad,4683036426,schander@example.org,Delhi,BigBasket,ANDROID,2023-12-17
402159,Avi Setty,9316687631,sdave@example.com,Kochi,BigBasket,ios,2024-05-31
402160,Logan Joshi,8441018631,neel44@example.net,Bengaluru,BigBasket,ios,2024-04-05
402161,Yatan Kapoor,8496092728,pillaymatthew@example.com,Lucknow,Blinkit,Android,2024-12-17
402162,Ekani Sheth,8793493023,baljiwan13@example.com,Kochi,Blinkit,Android,23-Dec-2024
402163,Vedant Ghosh,3954738860,aarav32@example.org,Chennai,Blinkit,ANDROID,2026-05-28
402164,Rachana Jaggi,3730234679,bachittar74@example.org,Delhi,BigBasket,ANDROID,2024-02-15
402165,Aarav Om,5416229973,udhaliwal@example.org,Lucknow,Blinkit,ANDROID,2023-09-29
402166,Advika Naik,7652509135,tanvisuresh@example.org,Hyderabad,Blinkit,ANDROID,2025-03-27
402167,Ansh Sinha,7576061065,,Jaipur,Zepto,Android,2023-10-15
402168,Balhaar Choudhary,3253522338,nidhilad@example.net,Bengaluru,BigBasket,ANDROID,2025-01-30
402169,Megha Sastry,4226866569,ghoshmaanav@example.com,Lucknow,BigBasket,,2024-08-30
402170,Geetika Merchant,0620835879,yuvraj64@example.net,Chennai,Blinkit,ios,2024-08-23
402171,Akshay Bala,3014879574,abha08@example.com,Chandigarh,Swiggy Instamart,iOS,11-05-2024
402172,Arya Jhaveri,1398735941,bmunshi@example.net,BLR,Blinkit,Android,2024-03-26
402173,Vasudha Shenoy,3557984491,ubajaj@example.org,Pune,Swiggy Instamart,ios,23-Oct-2023
402174,Kai Suri,2915815531,diptamitra@example.org,Ahmedabad,Swiggy Instamart,ANDROID,14/09/2024
402175,Christopher Yadav,6978103677,sooddamini@example.com,Bangalore,Swiggy Instamart,ios,09-01-2025
402176,Harinakshi Singhal,0981682621,,Bombay,Swiggy Instamart,iOS,2025-02-03
402177,Turvi Biswas,6512929981,radha75@example.org,Hyderabad,Swiggy Instamart,iOS,2024-07-21
402178,Zilmil Magar,3297897275,victor56@example.net,Hyderabad,BigBasket,Android,2025-10-08
402179,Mohini Dube,7809694071,jkakar@example.com,Hyderabad,Blinkit,ANDROID,2026-05-31
402180,Upma Chana,4985687818,radhika18@example.com,Pune,BigBasket,ios,2026-01-13
402181,Nihal Sur,5308197934,unni93@example.net,Kochi,Zepto,iOS,2026-08-08
402182,Laban Madan,2615455204,kluthra@example.com,Bengaluru,BigBasket,ANDROID,2023-10-02
402183,Xiti Grover,5856246201,nrao@example.com,Ahmedabad,BigBasket,ANDROID,2026-06-15
402184,Ryan Lanka,2268223148,srao@example.net,Bengaluru,Blinkit,ios,2023-09-29
402185,Brinda Naik,9875393742,vedant95@example.org,Mumbai,Swiggy Instamart,ANDROID,2025-10-06
402186,Tanvi Sarkar,7644258761,zachariainaya@example.net,Bengaluru,BigBasket,iOS,2024-01-23
402187,Ishita Samra,4370017338,qasimsastry@example.org,Jaipur,Swiggy Instamart,Android,2023-09-09
402188,Fariq Khare,2130264631,gdoshi@example.com,Mumbai,Zepto,ios,2025-06-17
402189,Osha Chatterjee,9938902136,mitesh23@example.com,Mumbai,Blinkit,ios,2025-09-22
402190,Advik Sachar,4423098921,geetika83@example.net,Bengaluru,Zepto,iOS,2024-08-07
402191,Finn Bakshi,3903477336,raghav99@example.org,Lucknow,BigBasket,,02-Jan-2024
402192,Chakradev Saha,1227071943,varsha76@example.org,Kochi,BigBasket,ios,2025-06-15
402193,Harita Choudhry,,nakul14@example.com,Bengaluru,Zepto,ios,2025-05-03
402194,Aryan Gill,5852551721,dominic39@example.net,Pune,Swiggy Instamart,,2025-11-19
402195,Jason Madan,8950572233,,Delhi,Blinkit,ANDROID,2024-05-15
402196,Ekani Dey,3181465277,harrisonbanerjee@example.org,Delhi,Swiggy Instamart,Android,2026-04-13
402197,Urmi Pau,0120217978,chandranronith@example.net,Lucknow,Zepto,Android,2023-11-05
402198,Qushi Narayanan,0965902231,,Hyderabad,Swiggy Instamart,Android,2024-12-04
402199,Chandresh Bhasin,1010034912,wchand@example.org,Delhi,Zepto,ios,2026-07-05
402200,Vaishnavi Sheth,,divya31@example.org,Lucknow,BigBasket,Android,13-Aug-2024
402201,Forum Bhattacharyya,5535676928,,Bengaluru,Swiggy Instamart,iOS,2025-09-23
402202,Oni Trivedi,6023334557,darika69@example.net,Ahmedabad,Blinkit,,04-23-2025
402203,Ucchal Oza,8240432683,naveen53@example.com,Chandigarh,Blinkit,ANDROID,2026-07-09
402204,Bhavani Bhasin,9767672106,bachittar38@example.org,Kolkata,Blinkit,ANDROID,2026-04-16
402205,Robert Pillay,7742372935,usuresh@example.com,Kolkata,Swiggy Instamart,ios,2026-05-22
402206,Bishakha Bedi,2502265115,jagvigarg@example.com,Lucknow,Swiggy Instamart,ios,2026-07-24
402207,Eiravati Ganesh,7130441536,abhanaik@example.org,Kochi,Blinkit,iOS,2025-07-08
402208,Ayushman Lata,1361091387,nigamedhitha@example.org,Kochi,Swiggy Instamart,iOS,2026-01-16
402209,Sneha Sur,9285594708,janibhavini@example.com,Bengaluru,Swiggy Instamart,Android,16/08/2024
402210,Wahab Halder,9196576294,lanne@example.org,Kochi,BigBasket,ANDROID,2023-10-19
402211,Aarav Mandal,6765682515,kumarjanaki@example.com,Chandigarh,BigBasket,iOS,09/06/2024
402212,Ati Devi,,wkhare@example.com,Mumbai,BigBasket,iOS,2025-11-28
402213,Nimrat Dubey,0957679157,,Lucknow,Blinkit,iOS,2024-12-23
402214,Unnati Tank,6871339223,fariq39@example.com,Jaipur,Zepto,ios,2025-11-11
402215,Anvi Pall,3305791598,brinda03@example.org,Jaipur,Zepto,,16-Apr-2025
402216,Reyansh Sinha,,meera98@example.com,Hyderabad,BigBasket,ios,2026-01-09
402217,Dhruv Uppal,3240850548,pmishra@example.net,Kolkata,BigBasket,iOS,2026-01-01
402218,Yahvi Bandi,3650392797,boasebrinda@example.com,Pune,Blinkit,ANDROID,2024-08-13
402219,Bakhshi Lad,5371897771,skadakia@example.org,Lucknow,Swiggy Instamart,Android,2025-02-07
402220,Alka Dora,6338591009,osankar@example.org,Delhi,Zepto,ios,2025-02-16
402221,Xalak Narayanan,4474692909,hkaran@example.org,Kochi,Zepto,iOS,2023-09-16
402222,Ayush Kadakia,,abhiram12@example.net,Mumbai,Blinkit,ios,2025-04-14
402223,Nicholas Vora,1561582613,ahujabhavya@example.net,Kolkata,Zepto,ios,2026-05-24
402224,Jatin Hayre,7174591054,widisha02@example.com,Hyderabad,Swiggy Instamart,ios,2023-09-06
402225,Advay Mammen,6417061748,,Bangalore,Swiggy Instamart,ios,2025-07-22
402226,Vansha Sinha,0037097150,,Jaipur,Blinkit,Android,2024-08-01
402227,Jai Ramachandran,5828045708,panchalleela@example.org,Kochi,Zepto,iOS,2024-05-10
402228,Krishna Krishna,7559805456,yatinnarain@example.com,Jaipur,Zepto,Android,2024-01-04
402229,Vihaan Misra,3197830979,diptakrishna@example.org,Kolkata,Swiggy Instamart,ANDROID,2024-05-24
402230,Bhanumati Prashad,3744684058,,Hyderabad,Blinkit,ios,2024-04-24
402231,Onkar Sha,,teerth70@example.com,Chennai,Zepto,ios,2023-09-20
402232,Yoshita Puri,2926421012,patilabhiram@example.net,Bengaluru,Blinkit,Android,2025-09-26
402233,Pranit Mukhopadhyay,6754895996,,Hyderabad,BigBasket,Android,2025-12-18
402234,Ladli Tank,3239698101,mannnikita@example.net,Jaipur,Blinkit,,2024-12-11
402235,Nicholas Parmer,1287796804,ksunder@example.com,Delhi,BigBasket,iOS,2026-06-02
402236,Megha Narain,8596273739,prakashtejas@example.net,Lucknow,Blinkit,ANDROID,2024-10-22
402237,Vasatika Baria,1201708073,simon53@example.org,Delhi,Zepto,ANDROID,2025-08-11
402238,Avni Lal,1619278924,girindra15@example.net,Hyderabad,Zepto,iOS,2025-01-22
402239,Manbir Bhakta,2493572617,swason@example.com,Hyderabad,Blinkit,iOS,30/09/2025
402240,Eta Sarkar,4181864061,harishdeshpande@example.org,Pune,Swiggy Instamart,Android,2023-09-18
402241,Isaiah Handa,1430068386,irya83@example.org,Pune,BigBasket,Android,2025-11-05
402242,Ridhi Suri,0278036416,avni83@example.org,Chandigarh,BigBasket,ANDROID,2025-03-16
402243,Gaurika Kohli,8365834178,thakurvamakshi@example.org,Bengaluru,Blinkit,ios,2025-01-12
402244,Bakhshi Subramanian,,choudhuryekta@example.org,Bengaluru,BigBasket,iOS,2024-04-22
402245,Fiyaz Sur,3753688614,,Bengaluru,BigBasket,ios,2025-11-23
402246,Gavin Goyal,5431617936,rattaharish@example.net,Chennai,BigBasket,ANDROID,18/11/2024
402247,Shaurya Dua,9988284025,harish19@example.net,Mumbai,Blinkit,ANDROID,2026-07-07
402248,Hemal Dani,8262723491,fradoshetty@example.net,Ahmedabad,Zepto,iOS,12-Feb-2025
402249,Ekapad Rajagopalan,8040348988,,Lucknow,BigBasket,Android,2026-06-28
402250,Advaith Borah,4033644857,masonnarang@example.net,Mumbai,BigBasket,ios,2025-08-21
402251,Raghav Nagarajan,1258792601,dixitnikita@example.net,Pune,Zepto,,2023-12-06
402252,Qushi Sahni,4852934628,raghav72@example.org,Chennai,Swiggy Instamart,ios,04-06-2025
402253,Abdul Mittal,2099558099,ishaan32@example.com,Ahmedabad,Zepto,ios,2025-07-22
402254,Ladli Sankar,5913804119,snehadesai@example.net,Kochi,BigBasket,,2024-05-29
402255,Inaya Korpal,4358944636,achaudry@example.com,Mumbai,BigBasket,ios,2024-02-18
402256,Tanveer Suri,5940992211,chokshiyashica@example.com,Jaipur,BigBasket,Android,20-Feb-2025
402257,Zaitra Pandit,1024775905,averma@example.com,Ahmedabad,Swiggy Instamart,Android,2024-06-24
402258,Mitali Reddy,3185022708,bbedi@example.org,New Delhi,BigBasket,Android,2024-10-18
402259,Aahana Mody,1050673795,jbawa@example.org,Chennai,Zepto,ANDROID,21/07/2025
402260,Eshana Mall,4275001427,hegdeqasim@example.org,Pune,BigBasket,Android,03-14-2025
402261,Bahadurjit Sundaram,3341845297,alexandergera@example.net,Kolkata,Swiggy Instamart,ios,2023-09-29
402262,Balendra Sahni,2104751128,qabilsami@example.org,Kolkata,Swiggy Instamart,ANDROID,2025-09-24
402263,Jagat Minhas,5584530768,urvashikumer@example.org,Delhi,Blinkit,ios,2025-08-29
402264,Yahvi Chhabra,7271707463,mekhalajha@example.com,Lucknow,Blinkit,Android,2023-10-26
402265,Jason Sharaf,6890645545,oeshisodhi@example.net,Kochi,Blinkit,Android,05-Sep-2023
402266,Ekta Kota,7081500099,edhitha73@example.com,Jaipur,Zepto,ANDROID,2025-01-13
402267,Brinda Palla,4196531223,siddharthsachar@example.org,Pune,Blinkit,iOS,2026-08-02
402268,Faras Jha,5368021082,charitanatarajan@example.com,Chennai,Swiggy Instamart,,2023-10-28
402269,Amara Loyal,1540352379,rbobal@example.com,mumbai,BigBasket,iOS,02/10/2024
402270,Odika Kurian,8029725316,bandiisaac@example.net,Jaipur,BigBasket,ANDROID,2024-08-20
402271,Arin Bajwa,2164432800,hiralsur@example.net,Kolkata,Zepto,Android,2026-01-05
402272,Yachana Varma,2003853476,hiral68@example.com,Lucknow,Zepto,ANDROID,2023-12-05
402273,Zehaan Kumar,3231059256,oni39@example.net,Jaipur,Zepto,ANDROID,2024-02-22
402274,Pratyush Koshy,6654619846,,Hyderabad,Swiggy Instamart,ios,2025-06-06
402275,Vedhika Dutta,7382555298,devrege@example.com,Lucknow,Zepto,iOS,2025-07-29
402276,Tanmayi Chahal,1241529273,niharikathakkar@example.org,Ahmedabad,Blinkit,iOS,2024-04-19
402277,Siddharth Chacko,7513425932,,Pune,Zepto,Android,2023-11-02
402278,Priya Kothari,6295195634,znori@example.com,Ahmedabad,Blinkit,ANDROID,2026-01-31
402279,Sanaya Patil,2559675213,dakshbawa@example.net,Lucknow,Zepto,ANDROID,2024-08-09
402280,Vrinda Tak,2948416231,ekantaanand@example.com,Lucknow,Swiggy Instamart,ios,2025-11-22
402281,Arya Lal,1802826113,mallickavni@example.org,Delhi,Blinkit,iOS,2024-11-14
402282,Neel Raju,1171102828,zinal27@example.net,Bengaluru,Swiggy Instamart,ANDROID,2023-11-29
402283,Harish Jhaveri,1371890974,,Chennai,BigBasket,Android,2026-05-21
402284,Kai Mahal,3172854886,zayyan29@example.com,Bengaluru,Blinkit,iOS,2025-05-01
402285,Tanvi Dora,9482905314,kkala@example.com,Ahmedabad,Swiggy Instamart,ios,2024-04-09
402286,Anthony Mangal,8067457803,girishsidhu@example.org,Chennai,Zepto,ios,2024-12-03
402287,Madhavi Choudhary,1032145524,utkarshshere@example.net,Bengaluru,Zepto,,2024-09-21
402288,Tanish Sibal,5228486161,ysodhi@example.net,mumbai,Blinkit,Android,2026-06-16
402289,Girik Chakrabarti,1349567188,isathe@example.com,Delhi,BigBasket,ios,2024-05-03
402290,Oliver Raghavan,5455656029,parth59@example.com,Kolkata,BigBasket,ANDROID,2024-03-04
402291,Bina Dave,8306002652,ndate@example.org,Bengaluru,BigBasket,ios,03-02-2026
402292,Mason Memon,8075095516,gvarghese@example.net,Pune,BigBasket,ios,2025-01-12
402293,Wriddhish Sem,1269114673,deoanika@example.org,Kolkata,Blinkit,ANDROID,2026-07-16
402294,Henry Mand,1641204847,ksarma@example.org,Kochi,Zepto,,10/09/2024
402295,Vanya Raju,9851942721,arunimamangal@example.org,Bengaluru,Zepto,ANDROID,08-09-2024
402296,Gayathri Walia,7256298098,chakrikakrishnan@example.com,Pune,BigBasket,iOS,13-Jun-2026
402297,Yash Merchant,1533528124,imaran01@example.com,Mumbai,Blinkit,iOS,23/06/2024
402298,Qasim Tailor,1883560174,,BLR,Blinkit,Android,2024-06-26
402299,Rushil Chanda,1901067931,kalitaayush@example.org,Pune,BigBasket,ios,15-Nov-2025
402300,Zilmil Munshi,3997770107,,Mumbai,Zepto,,21-May-2024
402301,Rudra Thaman,6145431382,chameli03@example.org,Ahmedabad,Zepto,iOS,2025-12-18
402302,Sarthak Rajan,7385466018,babuamaira@example.com,Ahmedabad,Zepto,ios,2025-03-25
402303,Harsh Apte,6422856422,tellamitesh@example.com,mumbai,BigBasket,iOS,2025-11-14
402304,Gaurav Mody,6647482064,meera90@example.net,Bengaluru,Zepto,ios,2024-05-07
402305,Daniel Purohit,4124026981,triya79@example.org,Kochi,BigBasket,Android,2024-07-28
402306,Lopa Kulkarni,5675995241,aishani64@example.org,Kolkata,Zepto,iOS,2025-11-29
402307,Balhaar Jha,2484591286,farisdatta@example.com,Lucknow,Swiggy Instamart,ANDROID,02-Jul-2025
402308,Aarnav Singh,7880668449,xavier06@example.net,Ahmedabad,BigBasket,Android,2025-03-06
402309,Nakul Sankar,1723605118,bprabhakar@example.org,Kolkata,Swiggy Instamart,ANDROID,2024-12-18
402310,Aarav Grover,6180201058,goyalyadavi@example.net,Bengaluru,Blinkit,iOS,2026-02-20
402311,Darpan Bhasin,5660880174,rachit24@example.com,Jaipur,BigBasket,ios,2026-05-30
402312,Vansha Uppal,0063953052,palladipta@example.com,Ahmedabad,Swiggy Instamart,Android,2025-04-08
402313,Gautam Sachdev,6901663748,deepa14@example.org,Kolkata,Swiggy Instamart,iOS,06-Nov-2023
402314,Ekantika Magar,1122863495,zashilmaharaj@example.net,Jaipur,Blinkit,ANDROID,2024-09-26
402315,Oviya Patel,7410717205,amruta81@example.org,Bengaluru,Zepto,,2025-05-10
402316,Vincent Shan,1385964817,eiravati36@example.com,New Delhi,Zepto,ios,2026-01-14
402317,Kabir Sem,5413316024,babuethan@example.net,Delhi,Blinkit,iOS,2024-09-03
402318,Naveen Chhabra,1069135578,vrindanarasimhan@example.net,Jaipur,Blinkit,ios,2026-06-09
402319,Andrew Raju,0824729802,ucchal65@example.net,Kolkata,Swiggy Instamart,Android,03/08/2025
402320,Ucchal Khosla,1504293750,,Mumbai,Blinkit,iOS,2026-06-06
402321,Omkaar Chaudry,2235768502,hkar@example.com,Bengaluru,Blinkit,ios,2025-08-07
402322,Charvi Pathak,0167117214,,Kochi,Blinkit,ANDROID,2025-06-27
402323,Falan De,9448424189,lakshit72@example.net,Jaipur,Swiggy Instamart,,2026-03-25
402324,Eshana Yogi,6658449084,qushipalla@example.com,Lucknow,Swiggy Instamart,ios,2024-11-03
402325,Tanmayi Lal,7826460616,mprashad@example.net,NCR,Blinkit,ANDROID,2023-11-22
402326,Meghana Sarkar,8545303592,sanghviyauvani@example.net,Kolkata,Zepto,ios,2025-03-24
402327,Balvan Chawla,1698382073,anirudh63@example.com,Kochi,BigBasket,,2024-04-11
402328,Wridesh Basak,4208267856,dasguptachavvi@example.com,Lucknow,Swiggy Instamart,iOS,2024-08-11
402329,Brinda Krishnan,0683880702,yachana36@example.net,Hyderabad,Zepto,ANDROID,2023-08-26
402330,Vyanjana Khurana,2032104100,ydasgupta@example.org,Delhi,Zepto,Android,2024-12-09
402331,Januja Ahuja,2007127040,charitakeer@example.com,Mumbai,Blinkit,ios,22-May-2025
402332,Pranav Narula,9192989054,sehgallaban@example.net,Kochi,BigBasket,Android,2025-06-24
402333,Mitesh Salvi,8383372469,darika70@example.org,Pune,BigBasket,ANDROID,2025-08-06
402334,Aarini Sankar,,chaudhryazaan@example.org,New Delhi,BigBasket,ios,21/05/2026
402335,Azaan Solanki,,chamelisane@example.org,Bengaluru,Blinkit,ios,2024-08-28
402336,Ethan Hans,4843783826,birnikita@example.org,Chandigarh,Swiggy Instamart,iOS,2025-06-23
402337,Nachiket Mallick,5068842752,nakshchokshi@example.com,Mumbai,Swiggy Instamart,iOS,2026-06-17
402338,Tripti Kala,2541314345,sarrafyuvraj@example.net,Jaipur,Swiggy Instamart,,2026-02-19
402339,Janani Boase,2840996005,faqidpillay@example.org,Bengaluru,Swiggy Instamart,,2026-06-14
402340,Yug Pingle,9007806851,vjayaraman@example.com,Kolkata,BigBasket,,2025-04-07
402341,Saanvi Kade,6326793301,pmadan@example.com,Bengaluru,Blinkit,iOS,2024-01-13
402342,Gaurav Varughese,3055778727,upadhyayanirudh@example.org,Kochi,Zepto,iOS,2026-02-24
402343,Hitesh Sibal,0959512469,adyachacko@example.com,Delhi,Swiggy Instamart,ios,11-28-2025
402344,Chandani Bedi,6782299821,ekbal17@example.com,Kolkata,Zepto,ANDROID,2025-11-19
402345,Abeer Menon,5574738476,urvigandhi@example.net,Jaipur,Swiggy Instamart,iOS,2025-03-11
402346,Timothy Zachariah,0910387476,chaudrykalpit@example.com,Chennai,Blinkit,Android,12-27-2025
402347,Bhavna Nazareth,8432224703,raaginiparikh@example.org,Lucknow,Zepto,ANDROID,2026-01-05
402348,Nandini Bhat,8828253039,iyengarhredhaan@example.com,Chennai,BigBasket,Android,2025-05-29
402349,Harini Gola,0950299719,fbandi@example.com,Ahmedabad,Zepto,,2023-09-02
402350,Fariq Chaudhary,6058057013,samaekapad@example.net,Kochi,Blinkit,iOS,2024-01-03
402351,Deepa Bhasin,,halderoviya@example.com,Mumbai,Swiggy Instamart,ANDROID,22-May-2024
402352,Yagnesh Varty,5392063113,mohammed63@example.com,Pune,Swiggy Instamart,ANDROID,2025-01-17
402353,Hemani Dhawan,9676059579,,Chennai,Zepto,Android,2024-05-07
402354,Jyoti Venkataraman,9501810381,sunderbanjeet@example.net,Kochi,BigBasket,,2024-09-07
402355,Max Sunder,,cnarang@example.com,Chennai,BigBasket,ANDROID,2023-08-24
402356,Shivani Wadhwa,3805264268,chasmum40@example.net,Kolkata,BigBasket,iOS,2024-11-20
402357,Warhi Pant,3954538863,goelaarnav@example.com,Kolkata,Blinkit,ANDROID,2023-10-25
402358,Libni Sama,9174619630,advikbalay@example.org,Chandigarh,Zepto,ios,2024-10-13
402359,Faqid Khare,5427922251,advik59@example.net,Kochi,Swiggy Instamart,iOS,18-Dec-2025
402360,Dakshesh Prabhakar,4136952131,naveensen@example.com,Hyderabad,Zepto,ANDROID,2025-08-07
402361,Ekiya Brar,4135850981,sviswanathan@example.net,Lucknow,Swiggy Instamart,,2025-05-29
402362,Omaja De,6344058920,wazirbandi@example.org,Hyderabad,Zepto,ios,2026-03-08
402363,Turvi Majumdar,9127964426,eta90@example.net,Kochi,Swiggy Instamart,iOS,2025-12-14
402364,Teerth Chadha,3053199879,kchaudhari@example.net,Pune,Zepto,ios,2025-11-01
402365,Tejas Basu,0639649449,,Lucknow,Swiggy Instamart,ios,2025-08-02
402366,Ishaan Gara,,vivaan02@example.org,Bengaluru,Blinkit,ios,2025-01-21
402367,Lucky Gole,5448730635,mjha@example.com,Chennai,Blinkit,Android,2026-05-22
402368,Yashasvi Sanghvi,4735303566,,Ahmedabad,BigBasket,ios,2024-01-23
402369,Megha Gala,4169969651,siddharth69@example.com,Kolkata,Zepto,ios,2025-10-28
402370,Ayushman Narayanan,5338971982,caleb50@example.net,Kolkata,Blinkit,Android,2025-12-05
402371,Aarini Gera,,wpalla@example.org,Kolkata,Zepto,ANDROID,11-13-2025
402372,Arin Shankar,3038827330,turvichand@example.net,Chennai,BigBasket,ANDROID,05-07-2025
402373,Garima Mital,9325174883,ekavirtara@example.com,Kochi,Blinkit,iOS,2024-06-30
402374,Faras Dara,5479345944,,Pune,Zepto,Android,2026-02-09
402375,Tamanna Oza,6201211534,dbadal@example.com,Bengaluru,Zepto,Android,2025-07-07
402376,Pallavi Chaudry,5836821884,aditya21@example.org,Kolkata,Swiggy Instamart,Android,2024-10-01
402377,Dayamai Kota,9376150749,,Bengaluru,Blinkit,iOS,2026-03-21
402378,Yauvani Soman,0833567131,krishnakohli@example.com,Pune,Swiggy Instamart,Android,2024-05-26
402379,Avi Kunda,3395642430,madanekbal@example.org,Chennai,Blinkit,iOS,2024-12-30
402380,Osha Reddy,9013823847,lchander@example.net,Bangalore,Zepto,Android,2023-09-21
402381,Mason Baral,8188849251,egupta@example.com,Hyderabad,BigBasket,ANDROID,2025-10-27
402382,Adweta Rajagopalan,1661411242,nathankrishnan@example.org,delhi,BigBasket,iOS,2025-02-05
402383,Aarna Kulkarni,7571129006,korpaldarsh@example.net,Kolkata,Zepto,ios,2023-09-16
402384,Yahvi Rajan,4655455935,kmaster@example.net,Bengaluru,Swiggy Instamart,ANDROID,2024-05-21
402385,Faqid Edwin,4449548001,rajapavani@example.net,Chennai,Swiggy Instamart,ios,2025-04-30
402386,Ayaan Ramesh,9934671403,imerchant@example.org,Jaipur,Swiggy Instamart,,2023-11-26
402387,Ethan Khalsa,8959673228,aryaqadim@example.com,Kochi,BigBasket,ANDROID,2025-05-20
402388,Ati Bedi,3264501113,qchaudhari@example.org,Pune,BigBasket,iOS,2026-05-17
402389,Lipika Vohra,0810099948,goyalniharika@example.com,Mumbai,Swiggy Instamart,ios,2025-04-17
402390,Harinakshi Butala,2232155487,gbaral@example.net,Hyderabad,Zepto,ios,04-22-2025
402391,Sudiksha Gill,1854232021,abhimanyuchaudhry@example.com,Hyderabad,Swiggy Instamart,ANDROID,2026-02-17
402392,Arunima Iyer,3618006049,dganesan@example.net,Delhi,Blinkit,Android,2025-04-27
402393,Frederick Keer,1645636363,modythomas@example.org,Mumbai,Zepto,ios,08-01-2025
402394,Rajata Wable,4169234046,,Hyderabad,Zepto,ANDROID,26-Sep-2024
402395,Quincy Krishnamurthy,7635199497,rudra22@example.com,Bengaluru,Swiggy Instamart,Android,05-08-2026
402396,Nakul Bawa,5036985357,xmukhopadhyay@example.net,Ahmedabad,Swiggy Instamart,iOS,2025-02-02
402397,Sanya Baria,1092379626,,Chennai,Blinkit,ios,2023-10-30
402398,Chameli Pau,2221703469,saksham68@example.com,Pune,Blinkit,iOS,2025-03-23
402399,Om Sandal,4597982062,nidra80@example.net,Mumbai,Swiggy Instamart,ios,2025-09-02
402400,Gaurika Sur,4007833503,abhiramhalder@example.com,Chandigarh,Blinkit,ios,2024-04-06
402401,Aryan Divan,4566525607,gauripant@example.com,Kochi,Zepto,iOS,2025-09-08
402402,Odika Parikh,6516353705,ukaran@example.net,NCR,BigBasket,,08-09-2025
402403,Janani Mangat,7882704883,atharvmodi@example.org,Pune,Blinkit,ios,2026-08-04
402404,Yauvani Kalla,5528779172,ekiyabains@example.com,Jaipur,Blinkit,ios,2026-03-31
402405,Yug Nigam,1210252603,etasankar@example.org,Jaipur,BigBasket,iOS,2026-03-28
402406,Nilima Badal,,kashishkala@example.org,Hyderabad,BigBasket,ANDROID,10/07/2024
402407,Ayushman Chowdhury,1325729828,brardaksh@example.org,Mumbai,Blinkit,iOS,2024-08-15
402408,Hemang Date,5027916391,yugcomar@example.com,Mumbai,Blinkit,ios,2026-06-16
402409,Ekbal Kade,,cpathak@example.net,Bengaluru,Blinkit,Android,2024-12-20
402410,Kiaan Nagar,9115386897,mkhare@example.org,Chandigarh,Blinkit,ANDROID,2023-11-04
402411,Matthew Manne,9668691094,yadavigupta@example.net,Bangalore,Blinkit,ANDROID,2025-09-01
402412,Kabir Wali,9578807368,wazirtara@example.com,Mumbai,Zepto,ios,2024-12-17
402413,Warhi Karan,2654973518,chanakyaom@example.net,Mumbai,Swiggy Instamart,iOS,2026-01-27
402414,Om Ghosh,1320863299,oviya87@example.org,Hyderabad,Swiggy Instamart,iOS,2025-12-05
402415,Maya Korpal,1107108356,,Jaipur,Blinkit,iOS,21-Jan-2025
402416,David Yadav,5643387076,vyanjanagera@example.org,Jaipur,Blinkit,ANDROID,2025-03-12
402417,Nirja Madan,,jmurty@example.com,Pune,Blinkit,Android,2024-04-06
402418,Tara Pal,2578631318,gabrielbali@example.org,Jaipur,Swiggy Instamart,,2024-06-07
402419,Banjeet Devi,9449860859,shroffpatrick@example.org,Hyderabad,Zepto,ANDROID,2025-06-04
402420,Wriddhish Khatri,6206471402,rajushaurya@example.net,Delhi,Zepto,Android,03-20-2026
402421,Omkaar Narain,9939624007,mitali91@example.org,Ahmedabad,Blinkit,ios,2025-12-21
402422,Lakshit Saini,3216038387,xavierkamdar@example.com,Delhi,Swiggy Instamart,iOS,2024-10-07
402423,Karan Munshi,0627122571,kchoudhry@example.net,Jaipur,Swiggy Instamart,iOS,2025-11-30
402424,Yauvani Krish,5831752016,xsankaran@example.net,Ahmedabad,Zepto,Android,2024-11-20
402425,Onveer Reddy,6647088906,gbedi@example.org,Lucknow,BigBasket,Android,2024-05-11
402426,Kevin Varty,2691527084,banjeet67@example.net,Pune,Blinkit,ANDROID,2026-02-06
402427,Amaira Kata,4333594670,nihal72@example.com,Chennai,Zepto,Android,2025-12-10
402428,Samarth Bains,5643266392,matthew82@example.net,Mumbai,Zepto,iOS,2026-06-18
402429,Hritik Desai,4914785562,divyasagar@example.com,Pune,Blinkit,iOS,2023-09-12
402430,Indali Bakshi,9332132335,abora@example.net,Lucknow,Blinkit,iOS,2024-09-03
402431,Lucky Johal,2411864055,magarhemani@example.net,Jaipur,Blinkit,ios,2026-02-21
402432,Vinaya Nadkarni,1637660873,chaitanyamemon@example.net,Kochi,BigBasket,iOS,2024-01-17
402433,Faqid Ghosh,7427480493,jagvi75@example.net,Mumbai,BigBasket,Android,2025-09-14
402434,Jonathan Bobal,1680390226,talwardaniel@example.org,Chandigarh,Zepto,ios,2024-12-01
402435,Zilmil Buch,7905346537,tdevi@example.com,Pune,Blinkit,Android,2025-01-15
402436,Wahab Kata,9845670990,smody@example.com,Chandigarh,BigBasket,ios,17-Dec-2023
402437,Faras Suresh,3526530803,brijeshpatla@example.net,Kolkata,BigBasket,ANDROID,2024-10-09
402438,Yagnesh Vala,0467509004,qushivohra@example.com,mumbai,BigBasket,ANDROID,2025-01-08
402439,Wriddhish Bhattacharyya,1200036171,sahaudyati@example.com,Chennai,Blinkit,ios,2025-07-04
402440,Yashvi Ahluwalia,0642795720,ybuch@example.net,Pune,Zepto,ios,2023-09-29
402441,Zilmil Viswanathan,,,Delhi,Blinkit,ANDROID,2025-12-18
402442,Victor Basak,4714269698,ymand@example.net,Delhi,Blinkit,ANDROID,2025-04-24
402443,Aishani Balakrishnan,0350277444,pallayuvraj@example.com,Chennai,Swiggy Instamart,ios,2023-10-21
402444,Garima Deep,2783029643,krishnamurthyekaja@example.org,Kolkata,Zepto,iOS,26-Nov-2024
402445,Shaurya Bhatnagar,5776389266,teerthom@example.com,Delhi,Zepto,iOS,2024-03-02
402446,Nathan Sankaran,5173555436,bumbnandini@example.com,Lucknow,Swiggy Instamart,Android,2023-09-26
402447,Timothy Dubey,7309561350,periwriddhish@example.com,Bengaluru,Swiggy Instamart,iOS,2025-10-16
402448,Omisha Kota,3244293652,natarajanadvay@example.org,Pune,Blinkit,Android,2026-07-31
402449,Anusha Merchant,2217920508,harita35@example.org,Chandigarh,Swiggy Instamart,ios,05-Dec-2025
402450,Upma Chandran,1255392589,swamyjanya@example.org,Ahmedabad,BigBasket,ANDROID,2026-04-22
402451,Rudra Ramesh,5190142163,vermanaveen@example.org,Lucknow,Zepto,Android,2024-01-29
402452,Noah Sane,5958357263,mkade@example.org,Delhi,Swiggy Instamart,iOS,2024-07-31
402453,Siya Dhar,1992153733,pailopa@example.org,Bengaluru,Blinkit,,2024-07-10
402454,Samuel Samra,5261550348,ichauhan@example.com,Chennai,Blinkit,ios,27/03/2024
402455,Wridesh Samra,2450862709,nilimahora@example.net,Chennai,BigBasket,Android,2025-05-13
402456,Tanmayi Chatterjee,0003962188,nikitaperi@example.org,Chennai,Zepto,ANDROID,2024-08-23
402457,Owen Tak,7481461523,meeranarayan@example.org,Pune,Swiggy Instamart,ANDROID,07-May-2024
402458,Sara Goel,4084592038,rchakraborty@example.net,Bengaluru,Swiggy Instamart,ANDROID,2026-02-25
402459,Om Pandya,8872458017,jmorar@example.net,Chandigarh,Swiggy Instamart,Android,2024-11-27
402460,Hitesh Gade,6154966564,anshparikh@example.com,Kolkata,Blinkit,ANDROID,2026-02-13
402461,Krishna Vala,2470132523,dram@example.net,Lucknow,Zepto,Android,2026-06-20
402462,Hredhaan Bava,5767523237,ishani75@example.net,Delhi,Zepto,iOS,2025-02-18
402463,Maanas Dutta,3289532176,,Mumbai,BigBasket,ios,2025-04-11
402464,Rishi Sidhu,1159228150,bhavani27@example.org,Delhi,Swiggy Instamart,ios,2024-08-20
402465,Shaurya Nagy,4227748441,gauravchad@example.org,Chandigarh,Swiggy Instamart,ios,2023-09-13
402466,Faras Chana,4513616429,gkar@example.net,Chandigarh,Zepto,,2025-12-06
402467,Teerth Mahajan,5210514556,mangatkala@example.org,NCR,Swiggy Instamart,ios,2024-01-04
402468,Vyanjana Nayar,3158536100,,Jaipur,Zepto,ANDROID,2023-11-12
402469,Daksha Kamdar,8697137218,,Bengaluru,Swiggy Instamart,,2023-09-10
402470,Laban Peri,4106077493,,Pune,Blinkit,,2024-08-23
402471,Dhruv Parikh,4781703691,walibina@example.com,Jaipur,Swiggy Instamart,iOS,2024-05-07
402472,Parth Varma,5611871181,falgunirai@example.com,Hyderabad,Swiggy Instamart,iOS,2024-02-05
402473,Chakradev More,7671097111,advay77@example.com,Hyderabad,Blinkit,iOS,2025-11-16
402474,Yashoda Seth,7114057888,thakkarsai@example.com,Lucknow,BigBasket,iOS,2026-07-22
402475,Nachiket Zacharia,1066346008,pmunshi@example.org,Ahmedabad,Zepto,Android,2025-02-24
402476,Nidhi Ghosh,4873846194,shankarjack@example.org,Delhi,Swiggy Instamart,ANDROID,12-03-2023
402477,Logan Kata,6498182540,bathraksha@example.net,Mumbai,Swiggy Instamart,Android,2025-03-02
402478,Vaishnavi Seshadri,8956563851,gabrielmurty@example.net,NCR,BigBasket,ANDROID,2026-02-26
402479,Mekhala Chahal,4386050523,cgara@example.net,Bangalore,Swiggy Instamart,ios,11-10-2024
402480,Harrison Karan,5155527526,davegaurang@example.org,Chandigarh,Swiggy Instamart,iOS,2023-12-25
402481,Arunima Ganguly,4818154436,imaransarin@example.org,Chandigarh,Zepto,ios,2024-02-27
402482,Anjali Bahri,5731390725,khalsaraagini@example.com,Kochi,Swiggy Instamart,ANDROID,2025-09-20
402483,Vaishnavi Pai,2256430481,ozadakshesh@example.net,Ahmedabad,Zepto,iOS,2024-02-06
402484,Oni Chand,9712773787,oviyabehl@example.org,Chandigarh,Zepto,Android,2024-02-26
402485,Faras Sharma,1928436301,jagratisaini@example.com,Bengaluru,Swiggy Instamart,iOS,2024-12-02
402486,Eta Mammen,3451953387,urvikarnik@example.org,Pune,Zepto,ios,12-14-2025
402487,Kalpit Balakrishnan,6951769950,pavanimistry@example.com,Hyderabad,Zepto,,2024-04-23
402488,Harish Ray,4767501421,rpadmanabhan@example.org,Mumbai,Zepto,ios,2025-11-11
402489,Yashoda Singh,4704717594,acontractor@example.org,Kochi,Blinkit,ANDROID,2024-12-12
402490,Vedhika Khurana,8706677072,kalpitsingh@example.com,Lucknow,Zepto,ANDROID,2024-09-10
402491,Nakul Varughese,5377370086,pranavkari@example.net,bengaluru,Zepto,ANDROID,2025-05-24
402492,Gautami Vig,3191293047,morenathan@example.com,Jaipur,Zepto,ANDROID,2025-06-22
402493,Bishakha Yogi,6422923839,bkeer@example.net,Delhi,BigBasket,ANDROID,07/01/2024
402494,Shivani Mani,4923728970,iaggarwal@example.net,Delhi,BigBasket,ANDROID,2026-02-15
402495,Victor Patil,8073577628,niharika83@example.net,Delhi,Zepto,ios,2026-03-27
402496,Upma Ratti,4784175631,bchandra@example.com,Chennai,Zepto,Android,29-Nov-2023
402497,Vamakshi Sane,4211869600,chasmum76@example.net,Chennai,Blinkit,ios,2024-02-06
402498,Wridesh Keer,9786910236,sneha67@example.net,Lucknow,Swiggy Instamart,iOS,2024-08-22
402499,Kiaan Shah,7332567774,qbhargava@example.com,Bengaluru,Blinkit,iOS,16/04/2026
402500,Nitesh Lala,0917843628,alkalad@example.org,Chennai,Zepto,iOS,2023-12-01
402501,Vinaya Chada,8312577546,yastichatterjee@example.org,Kochi,Swiggy Instamart,ANDROID,03-Oct-2025
402502,Vamakshi Nagarajan,9855619879,harini56@example.net,Bangalore,Zepto,Android,2026-07-06
402503,Shaurya Jayaraman,3153815356,cdewan@example.org,Jaipur,BigBasket,iOS,2023-09-14
402504,Gaurav Tailor,9339299656,maxseth@example.net,Pune,Zepto,iOS,2026-01-21
402505,Veda Sastry,5439361843,netra77@example.net,Hyderabad,Swiggy Instamart,iOS,2026-08-12
402506,Aishani Bhatti,9043145976,qnagy@example.org,Jaipur,Swiggy Instamart,ANDROID,2026-01-31
402507,Bahadurjit Banerjee,8287756777,qabiltak@example.org,Lucknow,Zepto,ANDROID,2024-05-31
402508,Megha Bedi,2912219194,zilmil68@example.org,Chennai,Zepto,,2024-10-13
402509,Darsh Mannan,4930889979,lipikadani@example.org,Chennai,Zepto,iOS,2023-12-01
402510,William Kala,9968152922,ijayaravi@example.net,Lucknow,BigBasket,iOS,2026-08-16
402511,Reva Bal,9782319646,sridhararjun@example.net,Pune,Swiggy Instamart,iOS,2024-08-12
402512,Naveen Verma,0478456816,nayarlavanya@example.com,Bombay,Blinkit,Android,2026-01-20
402513,Girindra Ratta,0683827207,inarain@example.com,Kochi,Swiggy Instamart,iOS,2025-08-15
402514,Ryan Pant,4686245689,shanreyansh@example.com,Ahmedabad,Zepto,ANDROID,2024-08-26
402515,Yochana Parikh,3299572612,,Kochi,BigBasket,Android,05-23-2024
402516,Anirudh Jayaraman,4615470715,,Chennai,BigBasket,,2026-05-29
402517,Mekhala Korpal,3953389473,wakeeta96@example.com,Jaipur,Blinkit,ios,06-13-2025
402518,Rehaan Chokshi,9679133184,ddeo@example.net,Ahmedabad,Swiggy Instamart,ANDROID,2024-11-02
402519,Oscar Sule,0801302119,aroralila@example.com,Ahmedabad,Swiggy Instamart,ANDROID,2025-05-04
402520,Anmol Ram,6872989225,ibanerjee@example.com,Bengaluru,Zepto,iOS,2023-10-05
402521,Bakhshi Wali,,rishi24@example.net,Kochi,Swiggy Instamart,Android,07-07-2024
402522,Bhavya Basu,2362674997,upmabarad@example.org,Lucknow,Zepto,Android,2024-08-09
402523,Jeremiah Sood,2696208685,yashodaparekh@example.net,Lucknow,Swiggy Instamart,ANDROID,2025-12-01
402524,Pallavi Patel,2258747748,sethilajita@example.net,Chennai,Swiggy Instamart,ios,2023-10-07
402525,Neha Kala,,,Chennai,Blinkit,ANDROID,2023-12-13
402526,Zilmil Kunda,5663022742,leelakara@example.com,Hyderabad,Blinkit,iOS,29-Apr-2024
402527,Akshay Pant,6213326115,eeshasarraf@example.net,Mumbai,BigBasket,Android,2024-12-27
402528,Wakeeta Saran,,bhagatjhalak@example.org,Bangalore,Blinkit,iOS,2026-07-24
402529,Bakhshi Pathak,0630951373,manbirdass@example.com,Ahmedabad,BigBasket,ANDROID,2025-07-30
402530,Rishi Parsa,7577426283,,Lucknow,Zepto,,2024-02-23
402531,Gaurav Chawla,7196222382,esahni@example.net,Chennai,BigBasket,ANDROID,25-Mar-2024
402532,Aryan Dalal,0085992446,ethan16@example.org,Jaipur,Zepto,Android,2024-06-06
402533,Zansi Loyal,3417344179,sarthak03@example.net,Mumbai,BigBasket,ios,30/12/2024
402534,Edhitha Sha,8590538138,pandeyvaishnavi@example.com,Hyderabad,Swiggy Instamart,ios,2024-05-08
402535,Tripti Dhillon,5900001450,gauribrar@example.net,Mumbai,BigBasket,Android,2025-01-16
402536,Faqid Bala,2313003410,balakrishnanlaksh@example.net,Ahmedabad,Swiggy Instamart,iOS,2026-02-08
402537,Dipta Shukla,,sathekamala@example.net,Pune,BigBasket,ANDROID,2025-12-16
402538,Ryan Goswami,0887834532,tankhardik@example.net,Lucknow,Swiggy Instamart,ios,09-18-2025
402539,Omaja Bhatia,6253071427,henry29@example.org,Jaipur,BigBasket,ios,2023-09-21
402540,Shravya Sundaram,0377123886,xalak69@example.com,Mumbai,Swiggy Instamart,Android,06-13-2024
402541,Jhalak Rana,1389402442,srinivasanhamsini@example.net,Jaipur,Swiggy Instamart,ANDROID,14/03/2024
402542,Hemal Mishra,3963516650,vanshacheema@example.net,Chandigarh,Swiggy Instamart,,2024-02-08
402543,Bachittar Ramesh,8563759198,atharv69@example.net,Hyderabad,Swiggy Instamart,ios,2025-11-15
402544,Advay Seth,4228818349,dubesaksham@example.com,Ahmedabad,BigBasket,ANDROID,22-Sep-2023
402545,Anay Badami,2202001191,gaurangzacharia@example.com,Pune,Zepto,iOS,2025-12-16
402546,Dayamai Dugal,0080488596,isaiah96@example.net,Chennai,Swiggy Instamart,iOS,2023-09-19
402547,Nilima Roy,1615110898,,Pune,Zepto,Android,2026-04-15
402548,Tanveer Ramaswamy,4041206201,fiyazmand@example.org,Kolkata,Blinkit,iOS,2025-03-12
402549,Rudra Sur,,udutta@example.com,Ahmedabad,BigBasket,ios,2025-07-18
402550,Damyanti Murthy,3832358658,hayernachiket@example.org,Chandigarh,Zepto,ios,2025-11-02
402551,Triya Saran,2763072981,palidika@example.org,Lucknow,Swiggy Instamart,ios,2025-06-24
402552,Shaurya Golla,4762224605,vrai@example.com,Chennai,Swiggy Instamart,ANDROID,2026-01-22
402553,Nicholas Bobal,0641161112,ambleluke@example.net,Jaipur,Zepto,iOS,2024-01-02
402554,Indira Chahal,8723212665,grana@example.net,Hyderabad,Swiggy Instamart,ANDROID,2023-12-06
402555,Turvi Dani,5338286320,mananrajan@example.com,Chandigarh,Zepto,Android,2025-07-11
402556,Ethan Thaker,6702875447,ddevi@example.org,Ahmedabad,Swiggy Instamart,Android,03-01-2025
402557,Meera Wagle,8841233800,kantudarsh@example.com,Pune,Blinkit,Android,2024-03-14
402558,Ganga Bakshi,0851270612,,Ahmedabad,Swiggy Instamart,ios,2024-10-20
402559,Ira Kala,2929137527,hemalthaker@example.com,Mumbai,Blinkit,ANDROID,2024-05-30
402560,Pushti Ghose,0523863671,jasmit19@example.net,bengaluru,Blinkit,ios,2026-08-12
402561,Michael Raman,8907402857,maanasghose@example.net,Jaipur,Swiggy Instamart,ios,07-13-2026
402562,Gopal Walla,4035378022,chandranilima@example.net,Chandigarh,Zepto,ANDROID,2026-03-22
402563,Thomas Dada,3526571266,idikajha@example.org,Chandigarh,Blinkit,ios,2025-01-30
402564,Forum Patel,8880053762,aadishenoy@example.org,Delhi,Zepto,ANDROID,10-01-2024
402565,Lavanya Kalla,2801855805,hemal91@example.com,Hyderabad,Swiggy Instamart,ios,2023-12-15
402566,Abha Sura,0883671140,hayremanbir@example.com,Kolkata,Blinkit,Android,2024-02-03
402567,Odika Majumdar,9494706248,yashodasodhi@example.com,Hyderabad,BigBasket,,2025-06-05
402568,George Dar,6654586577,lankazaitra@example.net,Hyderabad,Blinkit,Android,2026-07-23
402569,Qarin Sibal,8926942350,mahika31@example.net,Jaipur,Zepto,ios,02/08/2025
402570,Tanay Toor,9502500479,farisraju@example.org,Hyderabad,BigBasket,Android,2025-12-07
402571,Xiti Ghose,5591344045,padmanabhanucchal@example.com,Bengaluru,Swiggy Instamart,ANDROID,2024-09-11
402572,Aishani Sood,9113680837,,Kochi,BigBasket,ANDROID,2024-09-07
402573,Darpan Modi,6088336987,om88@example.net,Pune,Swiggy Instamart,iOS,24/06/2026
402574,Liam Mitra,9222713091,aachalsani@example.net,Lucknow,BigBasket,ios,2024-02-24
402575,Hritik Chad,1697153296,puriparth@example.com,Chennai,Zepto,ANDROID,30/12/2024
402576,Mitesh Halder,3905206688,bsrinivasan@example.net,Kochi,Swiggy Instamart,Android,2024-03-21
402577,Chakrika Kadakia,6559681202,loommen@example.org,Kochi,BigBasket,Android,2026-01-06
402578,Aayush Mahajan,8235084324,,Jaipur,Swiggy Instamart,ANDROID,2025-04-27
402579,Vedika Chauhan,2258080463,,Chennai,Swiggy Instamart,iOS,2026-01-09
402580,Hemal Date,5224254296,arya55@example.net,Jaipur,Blinkit,,2023-11-13
402581,Avni Walia,1470706180,mukhopadhyayqabil@example.net,Kochi,Blinkit,iOS,2024-05-23
402582,Vedhika Zacharia,7394673266,qadimkadakia@example.net,Hyderabad,Blinkit,ANDROID,2024-03-05
402583,Varsha Sanghvi,6796737558,,Kolkata,Swiggy Instamart,Android,2026-02-08
402584,Balendra Sarkar,7915316024,dayamai31@example.com,Chandigarh,BigBasket,ios,12/12/2025
402585,Bhavna Munshi,4661724555,siddharthchacko@example.com,Bengaluru,BigBasket,Android,10-16-2023
402586,Vasudha Venkataraman,0299212988,pushtirajagopalan@example.com,Lucknow,Zepto,Android,2026-08-04
402587,Divya Kale,1730357972,vanya27@example.com,Lucknow,Zepto,Android,2024-12-26
402588,Brinda Lad,5696413452,ocontractor@example.org,Chandigarh,Zepto,ANDROID,2026-02-25
402589,Max Sharma,4513431979,brindaapte@example.com,Chennai,Swiggy Instamart,ANDROID,07-08-2025
402590,Niharika Pandey,2698004531,yaminibala@example.org,Chennai,Zepto,ios,2025-03-14
402591,Charles Choudhry,3670502504,lipikaanand@example.net,Jaipur,Blinkit,Android,2023-08-23
402592,Eiravati Bir,2097487260,goyalchandran@example.com,Pune,BigBasket,,2023-12-02
402593,Jagrati Merchant,8522109099,amara45@example.com,Mumbai,BigBasket,ANDROID,2024-05-22
402594,Kashvi Hans,6864623313,kritikakalla@example.org,Lucknow,Zepto,ANDROID,2024-10-25
402595,Darsh Jaggi,0934743290,lucky86@example.net,Bengaluru,Blinkit,Android,2024-02-08
402596,Wakeeta Hari,5421952912,nsanghvi@example.com,Bengaluru,Swiggy Instamart,ios,2025-12-02
402597,Nikita Chopra,8434756200,subramanianshivansh@example.net,Bengaluru,Blinkit,,2023-12-14
402598,Zashil Krishnamurthy,6391502672,unnikalita@example.net,Hyderabad,Swiggy Instamart,,2023-09-25
402599,Oscar Din,1684620017,bhatnagarzayan@example.com,Delhi,BigBasket,,2026-05-28
402600,Meghana Rout,3906143509,aishani68@example.com,Delhi,BigBasket,Android,2026-07-10
402601,Kabir Dara,4780889609,wbail@example.net,Lucknow,BigBasket,Android,2025-12-31
402602,Shaurya Dutt,5380519506,upkaarkari@example.org,Hyderabad,Swiggy Instamart,iOS,2025-05-10
402603,Odika Memon,3401449495,nchatterjee@example.org,Chennai,Blinkit,Android,2025-02-12
402604,Nitara Goyal,6854850880,mukherjeeupma@example.net,Kochi,Swiggy Instamart,Android,2024-04-14
402605,Liam Subramanian,9110921572,yashica77@example.org,Chandigarh,Zepto,Android,2024-02-07
402606,Gavin Dani,9506629070,bumbria@example.com,Lucknow,Zepto,ios,2025-10-13
402607,Divya Kashyap,7706266853,janakidhar@example.net,Chennai,Zepto,ios,2024-08-21
402608,Anya Bahri,4565390961,unniboase@example.net,Delhi,Zepto,iOS,2023-11-11
402609,Bhavya Prasad,,jshanker@example.net,Delhi,Blinkit,ios,2024-08-01
402610,Sathvik Sahota,8391239030,rchauhan@example.org,Pune,Blinkit,ANDROID,2024-02-25
402611,Dayamai Chakraborty,2015902239,imaranrao@example.org,Jaipur,Zepto,Android,2025-10-22
402612,Ishani Chada,7047432237,bakhshi14@example.com,Bombay,Blinkit,ANDROID,2026-04-02
402613,Jatin Sule,4485478397,memonaryan@example.com,Kochi,Zepto,ios,2023-09-25
402614,Riya Dada,3467740351,manealka@example.org,Kochi,Blinkit,Android,17/10/2023
402615,Yash Raj,4467467249,zinal70@example.org,Ahmedabad,Swiggy Instamart,Android,2024-03-09
402616,Azad Ben,6853128915,upmavarty@example.net,bengaluru,BigBasket,Android,2023-11-28
402617,Kala Mody,7426973692,,Kochi,Zepto,Android,2023-11-21
402618,Daniel Oza,5207640948,gaurangi35@example.org,Lucknow,Swiggy Instamart,Android,2025-05-26
402619,Zilmil Krishna,5803413686,nitara41@example.com,Kolkata,Blinkit,ANDROID,2024-07-21
402620,Anika Bawa,0470378452,tarauppal@example.com,Chandigarh,BigBasket,ANDROID,2024-02-09
402621,Gagan Guha,5745737742,mkibe@example.com,Bengaluru,Swiggy Instamart,ANDROID,2024-11-10
402622,Vansha Mutti,9270966362,manezinal@example.net,Lucknow,Zepto,ios,2026-06-16
402623,Yashvi Seth,4152550802,garimaagrawal@example.com,Jaipur,Swiggy Instamart,Android,2026-05-17
402624,Leena Mukherjee,,abhakta@example.org,Chandigarh,BigBasket,Android,2023-09-08
402625,Naveen Mani,1749142268,rayaanbasu@example.com,Hyderabad,Swiggy Instamart,ios,2024-01-30
402626,Ubika Munshi,8127274013,qabildeep@example.com,Pune,Swiggy Instamart,,2026-05-03
402627,Krishna Sundaram,1342518643,lakshmishah@example.org,Chennai,Zepto,,2026-05-01
402628,Chaaya Mitra,5567122688,tatameghana@example.org,Hyderabad,BigBasket,iOS,2023-10-02
402629,Ati Vala,1255891600,kamdarjeevika@example.com,Delhi,Zepto,ios,2026-02-10
402630,Lakshit Baral,2523711431,morararjun@example.org,Bengaluru,Blinkit,iOS,2025-05-26
402631,Vansha Goyal,1331016485,somanhemang@example.com,Lucknow,Swiggy Instamart,ANDROID,2024-01-12
402632,Chandani Yogi,1254426101,rajagopalvasatika@example.com,Jaipur,BigBasket,ANDROID,26-Jun-2026
402633,Brinda Goel,7891182916,pahalvarma@example.net,Kochi,Blinkit,,2026-07-12
402634,Advaith Singhal,4078280459,oliverkala@example.com,Hyderabad,Swiggy Instamart,ios,2026-07-23
402635,Aashi Mammen,7391082024,upadhritiahuja@example.com,Bengaluru,Blinkit,iOS,2026-02-18
402636,Ira Nair,9956677402,tejasswamy@example.org,Ahmedabad,Swiggy Instamart,iOS,13-Dec-2024
402637,Gunbir Vala,3008965968,sagarpushti@example.org,Mumbai,BigBasket,Android,2026-04-11
402638,Januja Gulati,4132316925,madhav71@example.org,Hyderabad,BigBasket,iOS,2025-01-05
402639,Pahal Vyas,5433640455,riya54@example.org,Kolkata,Swiggy Instamart,ANDROID,2023-10-29
402640,Kabir Soman,1239096828,schandra@example.net,Chandigarh,Swiggy Instamart,ios,2026-04-24
402641,Nikita Dewan,6116734059,chanchalbhat@example.net,Lucknow,Swiggy Instamart,Android,11-20-2025
402642,Chaaya Palla,4386087687,ucchal30@example.net,Ahmedabad,Swiggy Instamart,ios,2025-02-05
402643,Gauri Mody,6151568679,qkohli@example.com,Kolkata,Zepto,,08/08/2026
402644,Michael Krishnamurthy,9917903506,urvi79@example.com,Mumbai,Blinkit,,2023-11-14
402645,Nidra Dayal,4078907871,isuri@example.org,Mumbai,Zepto,ios,2025-02-10
402646,Advik Rama,2783319442,shuklaarin@example.net,Kolkata,BigBasket,ANDROID,2025-05-25
402647,Manya Nadkarni,1749731186,nchokshi@example.net,Kolkata,BigBasket,ANDROID,2023-10-17
402648,Jeevika Goyal,9096686078,takyasti@example.org,Chennai,Blinkit,ios,2025-06-16
402649,Jeet Hora,4919489698,jaibhakta@example.org,Mumbai,BigBasket,,2025-01-27
402650,Ekbal Mane,,tmorar@example.com,BLR,Zepto,Android,2025-11-12
402651,Kashish Chacko,3033484569,nakshpandey@example.net,Hyderabad,BigBasket,,2025-06-15
402652,Lipika Mittal,0411167477,harshil00@example.com,Hyderabad,Blinkit,Android,2024-12-22
402653,Dayita Ravi,8593786447,bhathritik@example.net,Delhi,Blinkit,Android,11-07-2025
402654,Imaran Pau,6388752558,toormeera@example.net,New Delhi,Swiggy Instamart,Android,2024-05-07
402655,Jeremiah Bali,8812027589,nkeer@example.com,Chennai,Swiggy Instamart,ANDROID,2025-04-23
402656,Zayan Shankar,9688720050,,Bangalore,Swiggy Instamart,Android,2026-05-29
402657,Vaishnavi Oza,7467375692,keya79@example.org,Lucknow,Zepto,ios,2025-06-20
402658,Bina Buch,1008701210,banikgirindra@example.net,Pune,Blinkit,Android,2026-03-25
402659,Keya Anne,5416956640,ojasvibandi@example.org,Chandigarh,Blinkit,Android,2024-02-22
402660,Ganga De,6865950267,ganeshazad@example.com,Mumbai,Zepto,iOS,2026-07-17
402661,Gaurav Kashyap,5639158073,onayar@example.net,Delhi,Swiggy Instamart,ANDROID,2025-05-23
402662,Qushi Sankar,4611166287,karpeamaira@example.org,Hyderabad,Blinkit,ios,2024-06-19
402663,Abeer Korpal,2327662525,wriddhish43@example.net,Jaipur,BigBasket,ios,2024-06-23
402664,Wyatt Hayre,6650879395,zehaan44@example.net,Chandigarh,Zepto,iOS,2023-09-16
402665,Indira Lall,7042168716,dubeyhema@example.org,Kolkata,Swiggy Instamart,Android,2026-02-20
402666,Lekha Prabhakar,2617911151,keerpooja@example.org,Chennai,Swiggy Instamart,ANDROID,02-Jan-2025
402667,Chanchal Dua,0685920119,rkapoor@example.net,Hyderabad,Swiggy Instamart,ANDROID,2025-05-03
402668,Jairaj Oommen,8879639328,pbose@example.org,Kochi,Blinkit,iOS,06-24-2026
402669,Radha Bail,6305701351,dugalkamya@example.org,Chennai,Zepto,iOS,2024-12-02
402670,Sarthak Swamy,4112293983,jalsajha@example.com,Chennai,Swiggy Instamart,ios,2023-09-05
402671,Timothy Varghese,5399491754,bkibe@example.org,Bombay,Blinkit,Android,2025-09-16
402672,Dev Bir,9956071272,,Bengaluru,Zepto,iOS,2025-06-19
402673,Harinakshi Mammen,6069414530,jchoudhary@example.net,Chennai,Zepto,iOS,2026-06-02
402674,Amruta Handa,8029673995,ssaini@example.com,Delhi,Zepto,ios,2023-12-01
402675,Hamsini Buch,6664088730,imaran59@example.net,Mumbai,Swiggy Instamart,ios,2024-02-21
402676,Vasana Jha,7580379047,chanchal02@example.net,Hyderabad,Zepto,iOS,2023-12-08
402677,Odika Goyal,4881693497,vedhikavarty@example.net,Ahmedabad,Swiggy Instamart,ANDROID,2024-10-23
402678,Harshil Dube,1128861821,itak@example.com,Pune,Swiggy Instamart,ANDROID,2026-06-15
402679,Reyansh More,2247563512,ckala@example.org,Hyderabad,Zepto,Android,2023-10-26
402680,Nicholas Lata,7698618052,ksangha@example.net,Pune,Swiggy Instamart,ios,21-Jun-2026
402681,Advik Ramanathan,6891514996,rudra97@example.net,Bengaluru,BigBasket,ios,14/11/2024
402682,Advika Warrior,,ydatta@example.net,Hyderabad,Swiggy Instamart,Android,2025-06-25
402683,Aadi Bhat,,pallaeta@example.net,Jaipur,Swiggy Instamart,ios,2024-04-11
402684,Mohammed Dave,0807886220,janujakanda@example.net,Chandigarh,Swiggy Instamart,ANDROID,2025-12-22
402685,Ranveer Lata,6956309271,faqidanand@example.net,Hyderabad,Swiggy Instamart,ios,2024-10-26
402686,Bina Iyer,0035651673,csarna@example.net,Chandigarh,Zepto,ANDROID,2025-03-14
402687,Bhavani Sarin,9994188721,,Mumbai,BigBasket,ios,2025-06-04
402688,Faras Chana,8311748343,anarasimhan@example.com,Kochi,Swiggy Instamart,ANDROID,2025-07-30
402689,Rayaan Morar,9518762041,dmerchant@example.net,Bengaluru,BigBasket,ANDROID,27-Apr-2024
402690,Nathaniel Borah,7053700279,abeer38@example.org,Delhi,BigBasket,iOS,2025-05-06
402691,Dalaja Sheth,6314998630,hema70@example.org,Pune,Zepto,iOS,12-01-2025
402692,Zarna Virk,7514646585,,Kolkata,BigBasket,ios,2025-06-18
402693,Vinaya Sethi,5550300247,savantnidra@example.org,Chennai,Swiggy Instamart,ios,2026-08-14
402694,Christopher Shanker,1008283923,simon97@example.com,Ahmedabad,Blinkit,ios,01-30-2026
402695,Madhavi Bal,9708126599,chandnathan@example.net,Bengaluru,Blinkit,ANDROID,2024-11-01
402696,Manan Vohra,3627848550,ekantagole@example.org,Hyderabad,BigBasket,iOS,2026-05-21
402697,Shaurya Bose,5008731158,bachittarpurohit@example.com,Delhi,Swiggy Instamart,ANDROID,2026-02-12
402698,Krishna Parmar,8365558172,sudikshakeer@example.com,Kochi,Swiggy Instamart,ANDROID,2024-11-26
402699,Siya Nanda,3286862498,andrewsalvi@example.com,Kochi,Swiggy Instamart,,2025-06-19
402700,Ekapad Chauhan,0913868329,vpal@example.org,Delhi,BigBasket,iOS,2024-12-11
402701,Ira Kumar,3715507013,varughesekeya@example.org,Ahmedabad,BigBasket,iOS,2024-11-09
402702,Anirudh Devan,0391486221,guneetom@example.net,Hyderabad,Zepto,,20/10/2023
402703,Hemangini Warrior,5568115023,tristan20@example.com,Lucknow,BigBasket,iOS,2024-07-07
402704,Ojasvi Lal,4581847926,yachana82@example.net,Chennai,BigBasket,Android,2023-10-12
402705,Kala Sankaran,8213973399,,Kochi,Swiggy Instamart,iOS,2024-05-08
402706,Ekbal Khosla,5553284429,aarushdalal@example.net,Chandigarh,Zepto,ios,06-10-2025
402707,Azad Thakkar,,sharafgabriel@example.org,Delhi,BigBasket,ios,2024-06-02
402708,Priya Gupta,7423398656,kritika89@example.net,Hyderabad,Blinkit,ios,2026-07-20
402709,Nirja Chana,2358150053,balhaarrama@example.org,Ahmedabad,Zepto,iOS,2026-04-06
402710,Saksham Arora,,urvi28@example.org,Kochi,BigBasket,Android,2024-12-08
402711,Triveni Verma,5258703180,darneha@example.net,Lucknow,Blinkit,iOS,2026-02-02
402712,Nathan Dugar,8769949013,baljiwanbhat@example.com,Jaipur,BigBasket,Android,2025-05-21
402713,Deepa Kar,3232173601,mangalpanini@example.net,Kochi,Zepto,ios,2024-01-24
402714,Krishna Chanda,6352224167,lsankaran@example.org,Hyderabad,Zepto,Android,2025-10-21
402715,Kiaan Parikh,1330536901,doctoreta@example.org,Lucknow,BigBasket,iOS,2024-03-08
402716,Matthew Chopra,7468008095,palanyatan@example.com,Chandigarh,Blinkit,ANDROID,2025-11-25
402717,Dalbir Kulkarni,6006621023,tankquincy@example.org,Bengaluru,Zepto,ANDROID,2025-12-05
402718,Bhavini Mistry,,wazir32@example.net,Bengaluru,Zepto,ios,2025-06-23
402719,Azad Wali,8950796133,raaginideol@example.org,Kochi,BigBasket,Android,2025-03-23
402720,Vrishti Gade,0101748044,karanveer@example.org,Chandigarh,Swiggy Instamart,Android,2025-12-22
402721,Prisha Gulati,0872040142,jeetandra@example.com,Kochi,BigBasket,iOS,2026-07-09
402722,Jack Hayer,4127372995,qasim67@example.com,Chandigarh,Blinkit,,26/05/2024
402723,Netra Rattan,2405812428,cbhatti@example.com,Mumbai,Zepto,ANDROID,2025-10-25
402724,Fariq Manda,7239830764,cghose@example.org,Jaipur,Swiggy Instamart,ios,2026-05-09
402725,Madhav Sarin,7970113820,mandom@example.net,Chandigarh,Swiggy Instamart,iOS,13-Nov-2023
402726,Dev Gour,3785985515,amol82@example.net,Delhi,Zepto,ios,2025-10-22
402727,Ekansh Sha,2799283018,hsule@example.com,Chandigarh,Swiggy Instamart,ios,2026-03-15
402728,Riya Narasimhan,2450148041,warriorpushti@example.org,Chennai,BigBasket,ANDROID,2026-04-14
402729,Mohammed Maharaj,3027673689,ekapad16@example.net,Lucknow,Swiggy Instamart,ANDROID,2026-07-12
402730,Ansh Bath,6481751555,tanaykapoor@example.com,Chandigarh,Blinkit,Android,2025-01-18
402731,Jeremiah Kant,5091246091,madantejas@example.org,Chennai,Swiggy Instamart,iOS,2025-12-23
402732,Yug Pandit,1649699713,srinivaswilliam@example.com,Chennai,Blinkit,ios,2025-10-25
402733,Jagrati Sura,8393655965,yde@example.org,Lucknow,Swiggy Instamart,Android,2026-04-04
402734,Netra Dasgupta,3987347018,,Kochi,Swiggy Instamart,ios,2024-04-15
402735,Oni Mann,4342934402,jairajborah@example.org,Kolkata,Zepto,ANDROID,2025-06-19
402736,Osha Basak,7559014328,nimratbal@example.com,Pune,Swiggy Instamart,ios,2024-06-22
402737,Janaki Bhargava,0963700065,usarkar@example.org,Ahmedabad,Blinkit,iOS,2024-11-09
402738,Wahab Sawhney,0370718245,,Kolkata,Swiggy Instamart,Android,2025-07-01
402739,Riya Master,3770460164,,Hyderabad,Swiggy Instamart,iOS,2024-01-05
402740,Vyanjana Talwar,8686244377,bumblibni@example.org,Lucknow,Zepto,Android,2025-08-24
402741,Bishakha Kari,3018794825,baradkeya@example.org,Ahmedabad,Zepto,iOS,2026-03-28
402742,Lila Sastry,,christophersahota@example.org,Bengaluru,Swiggy Instamart,ios,2024-12-18
402743,Samesh Thaker,1526175303,pbhatia@example.org,Kolkata,Swiggy Instamart,Android,2026-01-11
402744,Ladli Parekh,,aarnav61@example.org,Kolkata,Zepto,Android,2025-09-08
402745,Siya Sunder,2807289326,wridesh05@example.org,Mumbai,Blinkit,,2026-03-07
402746,Banjeet Bhat,3794854638,wpant@example.org,Ahmedabad,Blinkit,ios,2026-05-15
402747,Dominic Bala,2255330545,jagat18@example.com,Chandigarh,Blinkit,ios,2025-06-01
402748,Anamika Sinha,0714729419,pranav39@example.com,Kochi,BigBasket,iOS,08-27-2025
402749,Geetika Chaudhary,,nmorar@example.net,Ahmedabad,BigBasket,ANDROID,2026-01-14
402750,Chandresh Koshy,6585650237,gunbir65@example.com,Kochi,Swiggy Instamart,ANDROID,2026-06-29
402751,Anthony Pillai,0743732057,narayananharrison@example.org,Bengaluru,BigBasket,Android,2023-12-09
402752,Hredhaan Din,9169773217,sinhaaadi@example.com,Mumbai,Swiggy Instamart,ANDROID,2024-09-29
402753,David Shah,5617066282,dashfaraj@example.net,Lucknow,Zepto,iOS,2025-02-17
402754,Anika Kakar,2649618732,ugarg@example.com,Chandigarh,Blinkit,,2024-11-28
402755,Pallavi Setty,4334172940,lmajumdar@example.com,Kochi,Swiggy Instamart,ANDROID,2024-07-18
402756,Faras Balan,5980193617,,bengaluru,BigBasket,Android,2026-05-31
402757,Ayush Sehgal,3372664242,,Hyderabad,Zepto,Android,10-03-2025
402758,Mason Choudhry,2765017006,fbarad@example.org,Kochi,Zepto,ios,2024-03-09
402759,Jairaj Pathak,2037874682,avni97@example.com,Lucknow,BigBasket,ios,2024-10-16
402760,Nilima Bhagat,3462593782,csankaran@example.net,Kochi,Blinkit,ios,08/11/2023
402761,Laban Pai,5998643020,simonchakrabarti@example.com,Ahmedabad,BigBasket,,2025-06-19
402762,Chaman Das,3880646695,csha@example.org,Hyderabad,Zepto,ANDROID,2024-06-19
402763,Lajita Deshmukh,7382273218,vanshadeo@example.net,Hyderabad,Zepto,ANDROID,2023-12-09
402764,Xavier Murty,3879640597,nsekhon@example.com,Lucknow,Swiggy Instamart,Android,2025-03-05
402765,Saanvi Apte,1755854751,routfalak@example.org,Chandigarh,Swiggy Instamart,Android,2025-11-12
402766,Yutika Wali,0666322820,dhingraoni@example.net,Pune,BigBasket,Android,2025-04-02
402767,Isaiah Vohra,6322838069,nsachar@example.com,Hyderabad,Zepto,,2026-05-12
402768,Damyanti Padmanabhan,6896972925,patrick77@example.org,Jaipur,Blinkit,Android,2024-08-16
402769,Tamanna Taneja,1101943348,xbala@example.org,Ahmedabad,BigBasket,ios,2025-07-21
402770,Aarnav Wali,0378430308,sekhonjagat@example.org,Lucknow,BigBasket,Android,2026-08-05
402771,Aashi Sawhney,6568474776,ahluwaliaforum@example.com,Chandigarh,Swiggy Instamart,Android,2026-01-15
402772,Karan Shan,1175629402,forum20@example.com,Bengaluru,Zepto,Android,2024-05-09
402773,Umang Khatri,2852740001,pranit18@example.com,Chandigarh,Zepto,ANDROID,2023-11-02
402774,Kiaan Shah,5842232108,nraghavan@example.com,Bengaluru,Swiggy Instamart,Android,22-Sep-2024
402775,Manan Shroff,8384067786,amara57@example.net,Chennai,Swiggy Instamart,Android,2024-11-05
402776,Arin Viswanathan,2232723047,,Chennai,Zepto,iOS,2026-03-02
402777,Aarnav Dugar,4502344722,haldergautam@example.net,Kochi,Swiggy Instamart,ios,2025-10-16
402778,Sara Kalita,4901525435,ojasvipillay@example.org,Lucknow,BigBasket,ANDROID,03/06/2026
402779,Kamya Mohan,7225006429,warjas57@example.net,Ahmedabad,Zepto,,2026-05-20
402780,Hiral Khurana,3789685486,nazarethbalveer@example.com,Hyderabad,Blinkit,ios,2026-05-16
402781,Chatura Sharma,1073137655,amaramand@example.com,Delhi,Blinkit,ANDROID,2025-02-27
402782,Ekani Sant,1184455533,gaurangsaini@example.net,Chandigarh,BigBasket,ios,2025-02-15
402783,Vincent Sengupta,9691694770,lsubramanian@example.net,Bombay,Swiggy Instamart,Android,2025-09-23
402784,Ranbir Mody,,anthonybabu@example.com,delhi,Zepto,ios,2023-09-06
402785,Nidra Handa,9969898128,onadkarni@example.net,Ahmedabad,BigBasket,ios,10-06-2024
402786,Bhavani Setty,8014524758,zehaanshenoy@example.net,Lucknow,Swiggy Instamart,ios,2024-03-10
402787,Guneet Zacharia,3175306218,,Chennai,Swiggy Instamart,Android,2025-10-08
402788,Raksha Yadav,0563658283,kadefaraj@example.org,Chennai,Swiggy Instamart,iOS,2024-07-12
402789,Warda Master,,bosevasudha@example.net,Pune,Swiggy Instamart,iOS,27-Apr-2025
402790,Faras Chadha,,pratyushbumb@example.org,Chennai,Zepto,Android,2024-01-14
402791,Matthew Sha,3168031516,fbrar@example.net,Pune,Swiggy Instamart,,02-08-2026
402792,Ira Borah,5935399441,pallagauri@example.org,Mumbai,Swiggy Instamart,Android,2025-07-08
402793,Ridhi Panchal,1396402282,dlal@example.org,Delhi,BigBasket,,2025-02-24
402794,Oeshi Taneja,4378544780,samaksh09@example.org,Jaipur,Swiggy Instamart,Android,23-Nov-2023
402795,Abhiram Peri,5160223145,hkala@example.net,Pune,Swiggy Instamart,ANDROID,2025-08-19
402796,Jeremiah Chaudry,2392216118,vsengupta@example.org,Pune,BigBasket,ANDROID,2025-09-24
402797,Amruta Kashyap,3284846175,nathaniel39@example.org,Lucknow,Swiggy Instamart,iOS,2024-09-08
402798,Nidhi Minhas,6075834089,parsabrinda@example.com,Ahmedabad,Zepto,ANDROID,2023-08-31
402799,Gautam Tata,2156015288,lankachandani@example.net,Ahmedabad,Blinkit,Android,2024-11-09
402800,Diya Chahal,9489609248,uedwin@example.com,Ahmedabad,BigBasket,,04-19-2024
402801,Udyati Iyer,7388769994,aryansethi@example.org,Chennai,Blinkit,ANDROID,2025-02-04
402802,Vedant Sharma,3252846641,mhanda@example.org,Jaipur,Swiggy Instamart,ANDROID,2024-03-05
402803,Nisha Sant,0242435146,bandiansh@example.net,Lucknow,BigBasket,ANDROID,23/03/2025
402804,Sanya Rout,4404296929,ikbaldubey@example.com,Kolkata,BigBasket,iOS,2024-04-16
402805,Warinder Singh,4448189306,ishanvi82@example.com,Hyderabad,Zepto,iOS,2025-12-10
402806,Balendra Bhandari,5687143109,rajubalendra@example.org,Chandigarh,Zepto,iOS,08-01-2024
402807,Bhanumati Baria,,urvashi17@example.org,Kochi,Zepto,iOS,2026-07-20
402808,Radha Manne,2698311146,ilad@example.net,Bengaluru,Blinkit,ios,2025-05-10
402809,Dayita Chaudry,0805053885,pratyushramesh@example.net,Jaipur,Blinkit,ANDROID,02-28-2026
402810,Yahvi Sarin,9171483641,omurthy@example.com,Hyderabad,Zepto,ios,23-Feb-2026
402811,Gabriel Agate,2295814008,bahadurjit00@example.com,Jaipur,Blinkit,ANDROID,2023-09-20
402812,Henry Aurora,8329474104,balanabhimanyu@example.net,Kochi,Blinkit,,2025-04-18
402813,Ekalinga Kalita,3985357914,naveennagarajan@example.org,Kochi,Blinkit,ANDROID,2025-11-16
402814,Anmol Dhaliwal,5477801131,vasatikashroff@example.org,Kolkata,Blinkit,iOS,2026-07-19
402815,Odika Hari,0462971713,,Jaipur,BigBasket,Android,2025-08-31
402816,Chatura Tak,9363632069,abalan@example.com,Ahmedabad,BigBasket,ANDROID,2025-04-07
402817,Reva Vyas,8342891991,kotagopal@example.com,Ahmedabad,BigBasket,ANDROID,05-04-2025
402818,Tarak Mukherjee,1186578842,janani35@example.org,Delhi,Zepto,ANDROID,2026-02-13
402819,Ekavir Doctor,,,Ahmedabad,Swiggy Instamart,Android,2024-01-12
402820,Lekha Sem,2143866904,naidudavid@example.net,Lucknow,BigBasket,ios,18/05/2026
402821,Zayyan Dani,8527475962,,delhi,Blinkit,,2025-05-14
402822,Vrishti Garde,4605465587,tanish25@example.net,Bengaluru,Zepto,ios,2025-03-10
402823,Aarnav Bahl,6094091865,bansalvrishti@example.org,Chennai,Swiggy Instamart,iOS,2024-11-09
402824,Janani Nadkarni,7079163000,aryakiaan@example.org,Kolkata,Swiggy Instamart,ios,2025-12-26
402825,Advika Bhakta,7457538648,ccomar@example.net,mumbai,Blinkit,,2025-06-21
402826,Damini Behl,2217055003,sarthak06@example.org,Delhi,BigBasket,iOS,2025-10-29
402827,Nakul More,6441807534,rastogiraghav@example.net,Kochi,BigBasket,ANDROID,2025-12-23
402828,Patrick Kala,3663676902,ggaba@example.net,NCR,Blinkit,ios,2025-04-05
402829,Pranit Chaudhuri,4413223778,cdube@example.org,Chandigarh,Blinkit,Android,2024-07-10
402830,Yug Bhattacharyya,8720364738,abeerchaudry@example.com,Bombay,BigBasket,Android,2023-12-15
402831,Laksh Deol,0608165762,nidhimadan@example.net,Hyderabad,Swiggy Instamart,ios,2025-08-15
402832,Gunbir Salvi,0480326220,tpillai@example.net,Pune,Zepto,Android,10-30-2025
402833,Anay Sekhon,5508034282,vbhatti@example.net,Mumbai,Blinkit,ANDROID,2025-08-03
402834,Ladli Nadig,8005517037,leela39@example.net,Kolkata,Zepto,ios,2025-02-18
402835,Guneet Kuruvilla,7716577828,inath@example.com,Lucknow,Swiggy Instamart,ANDROID,2024-11-05
402836,Krishna Sundaram,3709424030,warriorzehaan@example.net,Kochi,Swiggy Instamart,,2025-09-18
402837,Yamini Subramaniam,1322703422,rdey@example.org,Kolkata,Swiggy Instamart,,2024-07-22
402838,Tanmayi Behl,5780791315,ranganathansuhani@example.org,Kochi,Blinkit,Android,2025-03-16
402839,Jeet Karnik,6300037739,subramaniamnachiket@example.net,Pune,Swiggy Instamart,ANDROID,2025-01-28
402840,Diya Nori,1851314971,suraeiravati@example.org,Jaipur,Blinkit,Android,03/01/2026
402841,Charita Bose,2256403223,,Jaipur,BigBasket,ANDROID,2025-02-05
402842,Ekbal Goswami,9729431428,vidhianand@example.com,Chandigarh,Blinkit,iOS,2025-10-30
402843,Netra Malhotra,6760336176,karnikhemani@example.com,Chandigarh,BigBasket,iOS,2026-04-08
402844,Jyoti Naik,8136342415,geradhruv@example.com,Lucknow,Zepto,ANDROID,08-Jun-2024
402845,Harinakshi Kashyap,,kalitavihaan@example.net,Kochi,BigBasket,ios,2025-01-26
402846,Christopher Kumar,1633045458,krish89@example.com,Lucknow,BigBasket,,2025-05-24
402847,Omya Gulati,9671515703,poojadatta@example.net,Kochi,Blinkit,,2024-09-20
402848,Raghav Sidhu,8749386662,fiyazramanathan@example.net,Chennai,Swiggy Instamart,iOS,2025-10-30
402849,Aadhya Varty,3142731138,wvig@example.com,Bengaluru,Zepto,Android,2024-02-09
402850,Wazir Soni,,rayaan89@example.com,Jaipur,BigBasket,ANDROID,2026-02-27
402851,Ryan Andra,1154774634,tamanna36@example.com,Chandigarh,Zepto,ANDROID,2025-08-06
402852,Advika Desai,3481245754,,Kochi,Zepto,iOS,2026-08-03
402853,Mason Natarajan,2401290822,jjaggi@example.com,Ahmedabad,Blinkit,ios,2026-07-05
402854,Urishilla Narasimhan,1741947414,teerth29@example.net,Kochi,Zepto,iOS,30/09/2024
402855,Watika Choudhury,4869134137,irya53@example.com,Kochi,Blinkit,Android,2024-07-20
402856,Charles Khosla,9497787582,yachana75@example.net,Bengaluru,Swiggy Instamart,ANDROID,10-Dec-2023
402857,Siya Gopal,8035158862,rsagar@example.com,Kochi,Blinkit,Android,2025-09-13
402858,Tristan Mutti,7544870196,gsolanki@example.org,Pune,BigBasket,iOS,20/02/2025
402859,Akshay Borde,6855536508,tdhawan@example.com,Pune,Swiggy Instamart,ios,2024-11-06
402860,Jeevika Kulkarni,1312202901,lhanda@example.org,Bangalore,Swiggy Instamart,ANDROID,2024-07-02
402861,Jeremiah Modi,4332788319,gsura@example.net,Chennai,Blinkit,ANDROID,2026-06-06
402862,Odika Edwin,0043496053,oraju@example.net,Bengaluru,Zepto,ios,2026-06-02
402863,Upadhriti Chaudhuri,0465854093,,Chennai,BigBasket,ios,2025-02-15
402864,Brijesh Issac,3508436279,babuyachana@example.net,Pune,Swiggy Instamart,iOS,2025-12-24
402865,Ridhi Chaudry,3246370157,tanveershere@example.org,NCR,Blinkit,ios,2023-08-28
402866,Chaitanya Chaudhari,3952850273,inayamaster@example.net,Lucknow,Zepto,ANDROID,2025-05-28
402867,Ayushman Deo,8906610905,kalpitbhatt@example.org,Ahmedabad,BigBasket,ios,2024-07-26
402868,Prisha Upadhyay,2780051597,pmajumdar@example.net,Chandigarh,Swiggy Instamart,ios,2025-09-24
402869,Arin Tella,9900821910,bhatiasaanvi@example.com,Kochi,Blinkit,iOS,23/09/2023
402870,Chandran Lal,0512734978,rkumer@example.com,Lucknow,Zepto,ios,2023-11-29
402871,Nidra Kalita,2782017171,hritikchaudhari@example.org,Pune,Blinkit,iOS,23/05/2026
402872,Balveer Sahni,0813464957,onveerdevi@example.com,Lucknow,Swiggy Instamart,iOS,01-Sep-2023
402873,Jatin Chaudhuri,0011731127,sanya48@example.com,Jaipur,Zepto,iOS,2025-07-04
402874,Charita Sankar,2195255104,aadhyaiyer@example.net,Bengaluru,Swiggy Instamart,iOS,2023-12-09
402875,Daniel Lalla,5834125624,,Pune,BigBasket,,2025-01-07
402876,Panini Dyal,4306688010,reyanshmander@example.org,Bengaluru,Blinkit,iOS,2025-04-26
402877,Gopal Krishnamurthy,3826051715,ranveerjoshi@example.org,Kochi,Swiggy Instamart,ANDROID,2023-10-09
402878,Yachana Dara,3515903955,lvarkey@example.net,Pune,Zepto,Android,2024-10-01
402879,Reyansh Sampath,2920471427,sahotaosha@example.org,Delhi,Zepto,iOS,2023-11-20
402880,Qarin Deshmukh,6327477097,matthewdevan@example.com,Lucknow,BigBasket,ANDROID,2025-09-08
402881,Ishwar Merchant,1036224519,raigunbir@example.org,Kochi,Blinkit,Android,2025-01-03
402882,Ladli Samra,8684551063,doshidev@example.org,Kochi,BigBasket,Android,2024-06-15
402883,Jeet Natt,4560220777,ikbaloommen@example.org,Hyderabad,Swiggy Instamart,Android,2024-09-25
402884,Ekansh Dugar,8470747052,lakshitdeshpande@example.net,Kolkata,Blinkit,Android,2025-03-14
402885,Vasatika Verma,2839167568,kannananvi@example.net,Kochi,Swiggy Instamart,iOS,2026-07-02
402886,Bakhshi Banik,9647855439,emaharaj@example.com,Kochi,BigBasket,Android,2025-12-27
402887,Unni Srivastava,3620232655,atalwar@example.net,Ahmedabad,Zepto,ANDROID,2025-01-27
402888,Kamya Boase,3207966937,hemaniyadav@example.net,Kolkata,BigBasket,iOS,2025-08-12
402889,Patrick Banerjee,5195712562,lkadakia@example.org,Chandigarh,Swiggy Instamart,Android,2026-01-22
402890,Nihal Nagar,7885631509,ayushperi@example.net,Hyderabad,Zepto,iOS,2023-10-04
402891,Kalpit Memon,9776279324,saanvi55@example.org,Chennai,Zepto,iOS,2023-12-29
402892,Leena Karpe,4718980767,ranveer72@example.com,Pune,Blinkit,Android,2024-08-11
402893,Ronith Halder,7805921884,nayakabha@example.com,Pune,Swiggy Instamart,ios,2025-05-19
402894,Ridhi Chaudhary,7978818424,anshsalvi@example.org,Kochi,BigBasket,ios,28-Feb-2025
402895,Hemangini Balay,7752489675,sehgaltripti@example.com,Hyderabad,Swiggy Instamart,ios,2024-03-03
402896,Amruta Brar,4607341983,elijaharya@example.net,Delhi,Swiggy Instamart,iOS,2025-09-10
402897,Geetika Desai,1100101357,gardeaachal@example.com,NCR,Blinkit,Android,2024-02-16
402898,Bishakha Chawla,3035797349,xgoel@example.net,Delhi,BigBasket,ANDROID,2026-07-02
402899,Kai Narang,3527524802,neelimanagi@example.com,Delhi,BigBasket,ios,2026-05-15
402900,Sanya Tata,9451016010,reyansh35@example.com,Chandigarh,Blinkit,Android,2024-09-02
402901,Harinakshi Merchant,3210943578,svora@example.com,Kochi,Blinkit,ios,2026-04-03
402902,Chatresh Venkatesh,6445535961,yahvirege@example.net,Chennai,Blinkit,ios,2026-02-03
402903,Bhavna Bansal,7547592344,ukant@example.net,Delhi,Zepto,ios,2026-03-30
402904,Yasti Banik,0477994634,william79@example.org,Jaipur,BigBasket,ANDROID,2025-01-04
402905,Lakshit Master,,,Hyderabad,Blinkit,ios,2024-03-07
402906,Manya Krishna,5207563408,gautamiprabhu@example.net,Bengaluru,Blinkit,iOS,2024-03-07
402907,Adya Atwal,9490974117,,Mumbai,Zepto,,2026-08-02
402908,Xavier Brahmbhatt,9452920482,yug24@example.org,Kolkata,Blinkit,iOS,2025-06-07
402909,Urvashi Om,9456745012,tpillay@example.com,Kolkata,Blinkit,ANDROID,2026-01-21
402910,Upma Gera,4623289068,manedarsh@example.org,Ahmedabad,Blinkit,iOS,27/05/2026
402911,Rehaan Varty,4680567469,gayathri33@example.net,Kochi,Swiggy Instamart,Android,2023-11-23
402912,Garima Nagi,6509538456,,Bengaluru,Swiggy Instamart,Android,19/08/2023
402913,Pahal Pillai,3206236875,handayuvraj@example.org,Ahmedabad,Swiggy Instamart,ios,2024-11-14
402914,Chandresh Mahal,7397794155,xkata@example.net,Hyderabad,Zepto,iOS,2026-03-24
402915,Faras Muni,1396913073,indira26@example.org,Lucknow,Zepto,Android,2025-08-31
402916,Vihaan Korpal,8513428246,eesha57@example.net,delhi,Blinkit,Android,2025-09-23
402917,Kai Varma,,mannesneha@example.net,Kolkata,Zepto,iOS,2026-04-30
402918,Urishilla Peri,9731218968,nagarajanowen@example.net,Kochi,Swiggy Instamart,Android,2025-07-07
402919,Bhavani Sha,8556090536,aachalmorar@example.net,Ahmedabad,BigBasket,Android,2026-01-11
402920,Sai Ramakrishnan,1703964744,zchopra@example.com,Pune,Blinkit,Android,2024-05-26
402921,Anirudh Sandhu,9691090578,mangalgauri@example.com,Mumbai,BigBasket,ios,2026-03-18
402922,Maanas Randhawa,0267134927,nbiswas@example.com,bengaluru,Swiggy Instamart,Android,2025-08-15
402923,Vincent Dash,2236828048,gabriel74@example.org,Jaipur,Zepto,Android,2024-07-01
402924,Chatura Ratti,6944508696,vanya27@example.org,Lucknow,Swiggy Instamart,Android,2024-01-31
402925,Mitesh Mahajan,8436410418,george21@example.com,Pune,Zepto,ios,08/02/2026
402926,Ishanvi Chandra,5499824241,prisha28@example.org,Delhi,BigBasket,ANDROID,2024-09-25
402927,Ria Edwin,8011933135,gautammahajan@example.net,Bengaluru,BigBasket,,08-May-2025
402928,Wahab Joshi,1290079780,mitrayashica@example.org,Ahmedabad,BigBasket,ios,2025-06-25
402929,Bimala Ramanathan,9535011466,manihemal@example.org,Mumbai,Zepto,ANDROID,05/04/2024
402930,Lila Chaudhry,2948857886,trivenikhare@example.org,Bengaluru,BigBasket,ANDROID,2024-01-11
402931,Watika Khosla,,balakrishnanbaghyawati@example.net,Kochi,Zepto,Android,04-Jul-2025
402932,Kavya Seshadri,9489288745,,Lucknow,BigBasket,ios,26/06/2024
402933,Manan Basu,5259917556,tanvibatta@example.org,Delhi,BigBasket,ANDROID,2024-12-03
402934,Aadhya Arya,5423978670,varmaanamika@example.org,Kolkata,BigBasket,ANDROID,2025-12-14
402935,Lakshmi Loke,1520883504,,Delhi,Zepto,Android,2024-12-07
402936,Udant Borah,1367041737,riyasastry@example.com,Mumbai,Swiggy Instamart,ANDROID,2026-02-26
402937,Ekapad Purohit,5484007230,vihaan65@example.com,Ahmedabad,BigBasket,iOS,2024-09-25
402938,Utkarsh Parmer,8668114795,aditya33@example.com,Hyderabad,Swiggy Instamart,,2025-01-24
402939,Wridesh Saxena,,fitanravel@example.com,Chennai,Swiggy Instamart,Android,23-Jun-2025
402940,Hemang Suresh,1271434943,,Mumbai,Swiggy Instamart,Android,2023-09-15
402941,Abdul Mutti,8004893220,balveer50@example.org,Chennai,BigBasket,Android,2025-01-18
402942,Bimala Ravi,1071275013,kamdaraarna@example.net,Kolkata,BigBasket,ANDROID,2024-01-16
402943,Urvi Contractor,3599584796,ramarachita@example.net,Chennai,Swiggy Instamart,ios,2024-06-22
402944,Zinal Bhatt,2424463987,gaurangdasgupta@example.com,Chennai,BigBasket,iOS,2023-10-01
402945,Januja Hayre,4158853359,ychatterjee@example.org,Chandigarh,Blinkit,,2026-02-01
402946,Yagnesh Baral,1900327157,zayankhurana@example.net,Kolkata,BigBasket,Android,2023-11-04
402947,Darsh Ramakrishnan,3239912778,gaurikrish@example.com,Pune,Blinkit,ios,13-Jun-2025
402948,Veer Shukla,8556231154,nidra73@example.net,Bengaluru,Zepto,,04-17-2024
402949,Kamala Singhal,7786279961,bhanumati87@example.net,Mumbai,Blinkit,Android,2025-05-04
402950,Falguni Kapur,0660110484,jason03@example.org,Ahmedabad,Swiggy Instamart,Android,2026-03-23
402951,Guneet Sule,7425400885,ekta32@example.com,Hyderabad,Swiggy Instamart,,2025-06-02
402952,Gunbir Mane,4448634576,kohliazad@example.net,Mumbai,Swiggy Instamart,iOS,2024-10-19
402953,Thomas Bail,7230014882,ujaggi@example.org,Bengaluru,BigBasket,,2024-09-13
402954,Madhav Aggarwal,6640322917,munizilmil@example.net,Hyderabad,Blinkit,ios,02-26-2026
402955,Aradhana Jain,3765427174,varkeypranit@example.org,Bengaluru,Blinkit,iOS,2025-05-18
402956,Zayyan Som,3159391646,naveen05@example.com,Hyderabad,BigBasket,Android,06-05-2026
402957,Ladli Dhingra,2976189881,gauri25@example.net,Chandigarh,Zepto,iOS,2025-08-25
402958,Harshil Goyal,4673098014,samakshpalla@example.net,Delhi,Zepto,iOS,2026-01-28
402959,Anthony Krish,,ekalinga23@example.org,Lucknow,Zepto,ios,2025-03-03
402960,Onveer Lanka,8026532215,vwali@example.org,Chandigarh,BigBasket,ANDROID,2024-03-14
402961,Ucchal Kuruvilla,7946124946,zayan08@example.org,Kochi,Swiggy Instamart,ios,2026-01-12
402962,Caleb Lal,2368528525,vincentsengupta@example.net,Jaipur,Zepto,,2026-02-20
402963,Samesh Mukhopadhyay,8195533253,patelinaya@example.net,Hyderabad,Blinkit,,03-Sep-2023
402964,Chaitanya Trivedi,0032396936,xalak09@example.com,Lucknow,Swiggy Instamart,ANDROID,2024-01-09
402965,Chaaya Bhatti,7350743380,,BLR,Zepto,ios,2024-07-31
402966,Yash Srinivasan,3678508737,wableinaya@example.net,Kolkata,Blinkit,,2024-12-13
402967,Jhalak Mani,5362785916,,mumbai,BigBasket,ios,2024-03-16
402968,Urvi Patla,,mukherjeejagdish@example.com,Pune,Swiggy Instamart,iOS,2025-01-24
402969,Udant Sachar,,rayaandeo@example.net,Hyderabad,Swiggy Instamart,ANDROID,22-Dec-2025
402970,Dominic Toor,0247254758,girish69@example.com,Mumbai,Swiggy Instamart,ANDROID,2024-03-21
402971,Banjeet Sampath,3926501222,bhatiamugdha@example.org,Ahmedabad,BigBasket,Android,2023-10-10
402972,Chasmum Patla,5014280030,daraekantika@example.org,Ahmedabad,BigBasket,Android,2026-07-03
402973,Wishi Barad,8280635329,janujachandran@example.com,Hyderabad,Blinkit,Android,13/02/2026
402974,Pratyush Ramakrishnan,1581000611,arjunghosh@example.org,delhi,BigBasket,ios,2025-12-10
402975,Jai Vohra,1771645819,qradhakrishnan@example.com,Hyderabad,Zepto,ios,2024-10-27
402976,Tripti Chaudhry,1331642348,zarna51@example.com,Lucknow,Swiggy Instamart,ios,2023-11-19
402977,Shravya Morar,7062357187,agour@example.com,Chandigarh,Zepto,Android,2025-06-23
402978,Yadavi Gaba,8102780620,tsalvi@example.com,Ahmedabad,BigBasket,ANDROID,2026-02-11
402979,Radhika Kanda,7452204243,anita72@example.net,Pune,Swiggy Instamart,Android,2023-12-04
402980,Ekani Dyal,1857640819,zaitra46@example.org,Chennai,BigBasket,iOS,2025-02-06
402981,Dhruv Thakur,5362514904,osha75@example.com,Bengaluru,Swiggy Instamart,iOS,2025-06-29
402982,Falguni Contractor,,alkakadakia@example.com,Chennai,BigBasket,ios,2025-05-05
402983,Warinder Bhattacharyya,5037454338,qissac@example.net,Jaipur,Zepto,iOS,2024-07-03
402984,Girish Pillai,,gangulyyashodhara@example.com,Bengaluru,BigBasket,ANDROID,2024-05-16
402985,Umang Nigam,4066425793,udantdeshmukh@example.org,Mumbai,Swiggy Instamart,Android,2023-11-02
402986,Timothy Seth,8682404411,farhanloke@example.net,Jaipur,BigBasket,ANDROID,2026-02-21
402987,Jack Bala,2510033614,hansveda@example.net,Hyderabad,BigBasket,ANDROID,2023-11-15
402988,Lila Dyal,4931597389,wshere@example.org,Jaipur,Blinkit,ios,2026-02-22
402989,Upasna Sahota,6061774930,ojasvi06@example.net,Hyderabad,Swiggy Instamart,,09-28-2024
402990,Jonathan Mangat,4822201698,,Kolkata,BigBasket,Android,2026-05-14
402991,Nihal Nayar,2288395239,kiaandhar@example.net,Chennai,BigBasket,ios,2025-06-21
402992,Akshay Jhaveri,9828875952,usom@example.com,Lucknow,BigBasket,ANDROID,2023-12-19
402993,Matthew Padmanabhan,7945345794,jonathanthaker@example.org,New Delhi,Zepto,iOS,2024-07-30
402994,Turvi Varghese,8093416055,mangalzilmil@example.com,Bengaluru,Zepto,,2025-11-09
402995,Patrick Deol,2869791602,uramanathan@example.com,Kochi,Blinkit,ANDROID,2023-09-05
402996,Jonathan Thaman,8313687325,chadhaurmi@example.com,Pune,BigBasket,iOS,2024-01-19
402997,Janani Choudhry,3379192504,eta45@example.com,Hyderabad,BigBasket,ANDROID,2024-04-05
402998,Timothy Banerjee,7861793187,munshitanveer@example.org,Jaipur,Swiggy Instamart,iOS,2025-12-03
402999,Zehaan Mani,5005895570,,Delhi,Swiggy Instamart,ios,05-15-2024
403000,Lopa Brahmbhatt,5664725553,bhavsarjai@example.net,Chennai,BigBasket,iOS,2025-03-16
403001,Vrinda Mallick,,klad@example.org,Kolkata,Swiggy Instamart,iOS,2025-12-25
403002,Anita Sankar,6152492898,bajajtarak@example.org,Jaipur,BigBasket,ios,2024-02-08
403003,Jason Sabharwal,6931215637,otiwari@example.net,Jaipur,Blinkit,ANDROID,2026-07-30
403004,Harish Dhillon,,ndoshi@example.org,Chandigarh,BigBasket,iOS,05-Jan-2025
403005,Devika Dayal,8553011356,jeremiah67@example.com,Hyderabad,Swiggy Instamart,iOS,2025-08-03
403006,Yasti Borde,9192317311,hegdeumang@example.org,Kochi,Blinkit,iOS,2026-04-13
403007,Bimala Gokhale,3809500621,ubumb@example.net,Chandigarh,Blinkit,,2025-05-12
403008,Kamala Palla,9724590787,ddugar@example.org,Kolkata,Blinkit,Android,24/07/2026
403009,Gunbir D’Alia,9916956920,palwaida@example.net,Pune,Zepto,ios,2025-12-06
403010,Rachita Vala,4056235930,chamandube@example.net,Kolkata,Zepto,ios,2025-01-27
403011,Indrajit Sathe,6613142473,waidagoswami@example.org,Pune,Swiggy Instamart,,2024-10-31
403012,Tarak Sawhney,3921747346,borahsimon@example.com,Jaipur,Blinkit,Android,2025-06-15
403013,Rishi Mishra,3721579242,abhiram26@example.net,Jaipur,Blinkit,iOS,2025-11-29
403014,Aashi Narang,4085986792,muttiekaja@example.net,Hyderabad,Blinkit,ios,2025-09-21
403015,Jeremiah Pillai,9846782409,soniaahana@example.org,Kolkata,Blinkit,Android,2025-09-22
403016,Brijesh Rao,6046755724,shethlekha@example.net,Chennai,Zepto,ios,2026-01-14
403017,Ucchal Tandon,0819815499,lsheth@example.com,Chandigarh,Swiggy Instamart,ANDROID,2025-03-03
403018,Indira Desai,9672469636,tsinghal@example.com,Ahmedabad,BigBasket,Android,2024-12-19
403019,Andrew Wali,5532503869,ykota@example.com,Ahmedabad,Swiggy Instamart,Android,2024-07-29
403020,Utkarsh Setty,7571044448,dakshesh48@example.net,Chennai,Swiggy Instamart,Android,2026-03-01
403021,Suhani Agrawal,4415495477,siya18@example.org,Kolkata,Zepto,Android,2025-02-02
403022,Nidra Cherian,7309847090,sethijyoti@example.com,Delhi,Zepto,Android,2025-09-15
403023,Shaurya Sharaf,0530348047,,Kochi,Blinkit,Android,2024-09-14
403024,Girish Prakash,6025829242,nnaidu@example.net,Kochi,Swiggy Instamart,ios,2024-03-30
403025,Ati Bhardwaj,2415407198,yashvi49@example.com,Kolkata,BigBasket,iOS,16/03/2024
403026,Gavin Kota,2200480714,rakshamagar@example.org,Mumbai,BigBasket,iOS,2024-04-22
403027,Mohammed Balay,3779356805,radha20@example.net,Hyderabad,Blinkit,Android,2023-11-22
403028,Amrita Rout,7822847042,upasnapillay@example.com,Delhi,Zepto,ios,2023-08-30
403029,Anika Natarajan,2217715980,dashyatan@example.net,Bengaluru,Swiggy Instamart,iOS,31-Jul-2026
403030,Karan Chawla,5969155155,klad@example.org,Kolkata,Zepto,ios,01-Jul-2025
403031,Dayita Venkataraman,5297236505,sawhneyadvaith@example.net,Pune,BigBasket,ios,03-03-2026
403032,Jason Krishna,2053912893,kraju@example.org,Hyderabad,BigBasket,Android,2025-05-24
403033,Rajeshri Palan,1359609150,vorabalvan@example.com,Chandigarh,Zepto,ios,2025-09-30
403034,Chaman Saran,0457591563,deepa22@example.org,Mumbai,Blinkit,iOS,23-Aug-2024
403035,Harsh Dani,,yagnesh16@example.net,Kochi,Zepto,ANDROID,2026-04-28
403036,Arjun Hora,7558170326,subramaniannicholas@example.com,Hyderabad,Swiggy Instamart,,2026-06-24
403037,Diya Sarkar,6084324124,sudiksha07@example.net,Delhi,BigBasket,iOS,2026-06-21
403038,Lucky Kaur,9535158151,mprasad@example.com,Chennai,Blinkit,ios,2025-08-18
403039,Chaitanya Ramaswamy,7418430942,bnaik@example.net,Ahmedabad,Swiggy Instamart,ANDROID,12/08/2026
403040,Aachal Zacharia,1656182057,nitaraseshadri@example.com,Hyderabad,Swiggy Instamart,ANDROID,2024-07-16
403041,Unnati Sabharwal,3794998477,jacksonkibe@example.org,Chennai,BigBasket,ANDROID,2025-12-17
403042,Gaurav Merchant,6953369725,anjalidate@example.com,Chandigarh,BigBasket,Android,2026-01-31
403043,Urvi Varghese,1897386102,bhavya40@example.com,Kolkata,Swiggy Instamart,iOS,22/10/2025
403044,Sachi Banerjee,,laldaksha@example.org,Mumbai,Zepto,,2026-08-05
403045,Urvashi Zacharia,,arin60@example.org,Chandigarh,BigBasket,Android,11/09/2023
403046,Jhalak Mishra,8908043457,qkara@example.net,Jaipur,Blinkit,iOS,2025-09-22
403047,Yahvi Sehgal,4577854089,finn41@example.org,Kochi,BigBasket,ANDROID,2024-06-13
403048,Gautami Kale,7285266639,arjungera@example.org,Kolkata,BigBasket,ANDROID,2025-10-21
403049,Kabir Bhatia,3813230527,ishitanagarajan@example.org,Ahmedabad,Swiggy Instamart,Android,08/05/2024
403050,Oliver Bath,5900340667,bguha@example.org,Hyderabad,Swiggy Instamart,iOS,2025-04-17
403051,Ekani Bahri,5680712551,luckykapadia@example.com,Jaipur,BigBasket,iOS,2023-11-23
403052,Nachiket Trivedi,,ekanshchahal@example.com,Kochi,BigBasket,Android,2025-03-10
403053,Ekanta Sarin,6791075030,omahajan@example.org,Jaipur,Zepto,ios,2024-09-22
403054,Ekta Chhabra,8986706905,chasmumswaminathan@example.com,Pune,Zepto,ANDROID,2024-05-09
403055,Karan Deol,8363074526,amrutamadan@example.com,Chandigarh,Blinkit,ANDROID,2025-01-18
403056,Umang Chokshi,9814946590,dyogi@example.org,Chandigarh,Swiggy Instamart,ANDROID,2025-07-18
403057,Megha Reddy,1713517693,yug72@example.net,Pune,Blinkit,iOS,04-06-2025
403058,Hitesh Pant,1552894362,lmaharaj@example.com,Delhi,Zepto,ANDROID,2025-04-22
403059,Unni Ravi,3280777215,ramakrishnanyoshita@example.com,Mumbai,BigBasket,ANDROID,2024-03-12
403060,Urmi Dey,7729705712,bhanumatisoni@example.com,Lucknow,Blinkit,,2025-09-22
403061,Qasim Dara,2592700227,maya36@example.net,Pune,Zepto,iOS,2026-07-04
403062,Geetika Garde,7050033457,rushil15@example.org,Lucknow,Zepto,Android,13/05/2026
403063,Lohit Varma,5195690703,rajatanazareth@example.org,Bengaluru,Swiggy Instamart,iOS,2024-12-17
403064,Janya Mittal,2757089752,reva05@example.com,Delhi,BigBasket,ANDROID,2026-07-05
403065,Ekansh Kadakia,4262411990,nbakshi@example.org,Jaipur,Zepto,,2024-01-06
403066,Dalaja Kala,4802516014,kandajacob@example.com,Jaipur,Zepto,Android,2025-05-22
403067,Jalsa Anand,7255760387,hbora@example.net,Kochi,Zepto,Android,2024-06-24
403068,Girindra Kapur,4810524416,,Hyderabad,BigBasket,ios,2024-11-15
403069,Urvashi Comar,3990801781,laban33@example.com,Pune,BigBasket,Android,2023-12-11
403070,Yamini Gopal,8734115671,zdua@example.net,Chandigarh,Swiggy Instamart,ios,09-14-2023
403071,Maanas Sundaram,8081637801,zsur@example.com,Bengaluru,BigBasket,Android,11-Jul-2024
403072,Henry Prabhu,6972669230,nimratbhattacharyya@example.com,Bengaluru,Zepto,ANDROID,2025-06-10
403073,Laksh Anand,4551699559,chatura00@example.net,Kochi,Swiggy Instamart,Android,2026-02-26
403074,Matthew Divan,7929489662,mekhalawali@example.net,Jaipur,Zepto,Android,2024-12-21
403075,Kamya Bandi,2919488715,pushti31@example.com,Lucknow,Blinkit,iOS,2024-11-23
403076,Jhalak Yohannan,7205662994,ibalay@example.com,Mumbai,Swiggy Instamart,ios,2026-07-18
403077,Zaid Tata,1092989289,dayita02@example.net,Ahmedabad,Zepto,ios,2025-05-23
403078,Yasti Dhar,6146889431,mittaleesha@example.org,Bengaluru,BigBasket,ANDROID,2024-09-15
403079,Bishakha Singh,5772268090,,Hyderabad,Zepto,ios,2023-08-29
403080,Eta Bhat,5882151356,samar07@example.net,Bengaluru,Blinkit,ios,2025-09-17
403081,Jai Ramaswamy,9259499283,buchanvi@example.com,Jaipur,Swiggy Instamart,ios,2026-02-14
403082,Peter Lal,7264513590,hiteshchacko@example.net,Chandigarh,Swiggy Instamart,ANDROID,2024-11-28
403083,Yasti Mukherjee,1484685628,mananswamy@example.com,Ahmedabad,Zepto,Android,2024-09-25
403084,Faras Borra,2077815609,lakshpalan@example.net,Lucknow,Blinkit,,2025-11-27
403085,Neelima Bava,8961693085,amara77@example.com,Pune,Zepto,iOS,2025-07-08
403086,Chandani Viswanathan,5000463028,yogigaurang@example.com,Pune,BigBasket,,2025-07-02
403087,Kashish Sathe,2335751133,abhirampalla@example.org,Lucknow,Zepto,ios,2026-01-13
403088,Patrick Prasad,7526580859,baralbachittar@example.net,Lucknow,Zepto,ios,21-Apr-2025
403089,Jagat Krishnan,1375618048,isharaj@example.com,Hyderabad,Zepto,,01-Nov-2025
403090,Advika Char,2034009999,yahvi79@example.com,Delhi,Zepto,Android,2023-10-02
403091,Yash Aggarwal,7970262795,praneel25@example.net,Delhi,Swiggy Instamart,iOS,2026-03-26
403092,Barkha Sibal,8270702272,bsanghvi@example.net,Pune,Swiggy Instamart,Android,2023-12-04
403093,Dominic Gour,7874227574,nathankanda@example.org,Jaipur,Blinkit,,2024-02-29
403094,Tanvi Raval,0096758935,jsangha@example.com,Chandigarh,Swiggy Instamart,Android,2025-07-07
403095,Amol Sachdev,9887385013,sathviksekhon@example.net,Delhi,Swiggy Instamart,Android,2023-12-13
403096,Vidhi Johal,7585502145,rehaannori@example.net,Jaipur,Zepto,Android,2023-09-03
403097,Xavier Sen,4555021712,azaanhanda@example.com,Ahmedabad,Swiggy Instamart,Android,2025-06-26
403098,Qasim Dhar,5995831050,zbail@example.com,Jaipur,Swiggy Instamart,ios,2023-09-30
403099,Mekhala Roy,3239913583,vbose@example.org,Hyderabad,Swiggy Instamart,ANDROID,2026-03-23
403100,Jeet Sibal,6964816646,anjali33@example.net,Mumbai,Blinkit,iOS,29-Apr-2026
403101,Victor Apte,7688902895,jnagar@example.org,Mumbai,BigBasket,ios,05/01/2025
403102,Rohan Virk,2673815105,,Jaipur,BigBasket,Android,2024-05-09
403103,Anay Patel,8554811442,zseth@example.com,Lucknow,Zepto,ios,2024-11-04
403104,Oeshi Chandra,8994904351,orinderramanathan@example.com,Hyderabad,Zepto,ANDROID,2025-11-04
403105,Wazir Bose,5260744801,jmittal@example.org,Pune,Blinkit,ANDROID,2024-11-22
403106,Bhavika Chatterjee,3093203878,hkoshy@example.com,Jaipur,Zepto,ios,2024-06-16
403107,Ekansh Bath,1014600349,chadatripti@example.com,Chandigarh,Zepto,ANDROID,2024-10-17
403108,Raagini Pant,0689728607,kashvi84@example.org,Mumbai,BigBasket,Android,02-05-2025
403109,Udyati Mann,3913186909,udarshbhatnagar@example.org,Hyderabad,BigBasket,iOS,2025-05-27
403110,Kalpit Shukla,7868231719,gwali@example.com,Chennai,Swiggy Instamart,ANDROID,18-Dec-2024
403111,Ayush Gandhi,9376619658,mahajanzansi@example.org,Pune,Blinkit,iOS,2026-03-14
403112,Gaurang Som,5342513572,mahalmanthan@example.net,Bombay,BigBasket,,2024-02-06
403113,Guneet Kannan,6539958636,jhadipta@example.com,Mumbai,Swiggy Instamart,iOS,2026-06-25
403114,Abhimanyu Bala,3291139728,brahmbhattjagat@example.com,Delhi,Blinkit,Android,2025-02-06
403115,Harshil Borde,7908914228,charanbiswas@example.org,Hyderabad,BigBasket,iOS,2026-07-08
403116,Tara Oza,0752720882,abdulyogi@example.org,Chandigarh,Zepto,Android,2024-08-14
403117,Nathaniel Oza,4647376032,golaekaja@example.org,Jaipur,Zepto,,2023-11-17
403118,Bimala Amble,7699248378,rishikaur@example.net,Delhi,Blinkit,ios,2023-11-01
403119,Ikbal Borra,6299340259,gangulycharita@example.com,Chandigarh,Swiggy Instamart,Android,2026-07-30
403120,Jeet Manne,8423967877,dominic55@example.com,Hyderabad,BigBasket,ios,2024-07-24
403121,Udarsh Mishra,3777021167,balhaar29@example.com,Kolkata,BigBasket,ANDROID,2025-04-24
403122,Anusha Shanker,4800506250,ryanbaral@example.com,Bengaluru,BigBasket,Android,11-Feb-2025
403123,Jatin Sangha,,williambalan@example.org,Mumbai,Swiggy Instamart,Android,2025-12-13
403124,Watika Dara,1504154751,,BLR,Swiggy Instamart,ios,2025-11-17
403125,Anthony Merchant,,ishani67@example.org,Chennai,Blinkit,ios,2024-08-06
403126,Dayita Bhat,,sachdevapushti@example.com,Lucknow,Zepto,Android,27/11/2025
403127,Caleb Issac,3691837803,dhingraganga@example.net,Ahmedabad,BigBasket,ANDROID,2025-01-06
403128,Ishanvi Patel,8401926457,charlessekhon@example.net,Chennai,Zepto,iOS,2024-03-24
403129,Netra Prabhu,5626599826,lbir@example.org,Chandigarh,Blinkit,Android,2024-10-21
403130,Zayyan Chakraborty,4893854098,mallfiyaz@example.net,Bengaluru,BigBasket,ios,2023-09-20
403131,Sarthak Arora,5704864442,samarth49@example.net,Hyderabad,Blinkit,ANDROID,2026-03-20
403132,Shivani More,1081054263,fkurian@example.net,Chennai,BigBasket,iOS,2024-11-12
403133,David Hans,4748367863,kotafariq@example.net,Delhi,Zepto,Android,2026-03-22
403134,Ethan Chauhan,9801740748,eben@example.com,Chandigarh,Blinkit,ios,2025-10-06
403135,Darsh Lata,1566192777,neha20@example.net,Jaipur,Blinkit,ios,2023-12-14
403136,Peter Sharma,8592603804,yashoda46@example.com,Ahmedabad,BigBasket,ios,2023-12-07
403137,Mohini Memon,5396728712,bhatiaamaira@example.com,Chandigarh,Zepto,ANDROID,2026-05-20
403138,Kashvi Master,1360386284,babuimaran@example.org,Delhi,Blinkit,Android,2026-03-11
403139,Garima Chaudhry,8831263959,mmohanty@example.net,Jaipur,Blinkit,ANDROID,2024-02-28
403140,Upma Varghese,1024512104,khareonkar@example.com,Kolkata,Blinkit,iOS,2025-11-06
403141,Advaith Lal,0157007901,ekta21@example.com,New Delhi,Swiggy Instamart,Android,08-05-2026
403142,Ganga Ramesh,3248593547,hraja@example.com,Delhi,BigBasket,iOS,2026-04-12
403143,Watika Koshy,5510990350,pushti36@example.net,Chandigarh,BigBasket,Android,2025-06-10
403144,Pranit Hora,9836094485,aroraazad@example.com,Hyderabad,Swiggy Instamart,ANDROID,2024-07-04
403145,Tanay Bhatti,0042569963,krishanarula@example.org,Chennai,Blinkit,ANDROID,01-14-2024
403146,Suhani Chaudhuri,3411476034,yuvrajrastogi@example.com,Pune,Blinkit,iOS,2026-01-02
403147,Harini Chawla,,,Bombay,Swiggy Instamart,ANDROID,2025-03-07
403148,Radhika Vala,8273248861,dubeyatharv@example.net,Bombay,Swiggy Instamart,ios,2026-01-12
403149,Ranveer Loyal,4859668461,nsani@example.org,Pune,Zepto,ios,2025-12-15
403150,Chanakya Aggarwal,5899357174,baralowen@example.com,Pune,Zepto,iOS,22-Jun-2024
403151,Tamanna Verma,4642017202,balfalguni@example.org,Hyderabad,Swiggy Instamart,ios,2024-04-19
403152,Anmol Butala,,davewazir@example.org,Delhi,BigBasket,Android,2025-02-22
403153,Manya Bhatia,8462717565,tataekansh@example.net,Delhi,Zepto,Android,02-06-2026
403154,Neelima Parmer,9848485152,lnayak@example.com,Pune,Blinkit,ANDROID,2024-08-12
403155,Jagdish Madan,2906829079,lkothari@example.net,Hyderabad,BigBasket,iOS,2023-11-04
403156,Abhiram Viswanathan,2661730728,patilchandran@example.org,Ahmedabad,Swiggy Instamart,iOS,2024-05-11
403157,Onkar Minhas,5494902944,ubandi@example.net,Delhi,BigBasket,Android,2026-08-07
403158,Bhavna Johal,9425762226,dakshloyal@example.org,Ahmedabad,Blinkit,ios,2025-11-13
403159,Vaishnavi Amble,2978957158,varkeyupasna@example.org,Pune,Swiggy Instamart,ios,2025-06-05
403160,Dayita Buch,6705013636,ucomar@example.com,Ahmedabad,Blinkit,ANDROID,2025-09-12
403161,Anya Master,0913141378,dkale@example.net,Lucknow,Zepto,ios,18-Jul-2026
403162,Fariq Munshi,2315716717,chaitaly72@example.org,Ahmedabad,Blinkit,ANDROID,03-31-2025
403163,Waida Tata,2536988957,,Ahmedabad,Swiggy Instamart,ios,2025-07-28
403164,Unni Gandhi,9739080736,dhingradev@example.org,Chennai,Blinkit,iOS,2024-08-29
403165,Nicholas Grewal,6564445177,anthonysur@example.com,Kolkata,Zepto,Android,2025-03-04
403166,Finn Bawa,,devansh62@example.org,Kochi,Swiggy Instamart,ios,2025-04-25
403167,Siya Pant,4062533208,alexanderjaggi@example.org,Lucknow,Blinkit,Android,2025-08-14
403168,Ranbir Oommen,8361887554,aryan45@example.net,Kochi,BigBasket,ios,2024-07-30
403169,Owen Ghosh,8596103450,ijaya05@example.org,Delhi,Zepto,Android,2024-06-22
403170,Vincent Sami,2481659431,lopanarayanan@example.com,Kolkata,Swiggy Instamart,ANDROID,2025-07-24
403171,Shaurya Mahajan,2964163062,manan86@example.org,Chennai,Zepto,Android,2026-05-05
403172,Aarav Mohan,7646466841,urvitripathi@example.com,Kochi,Swiggy Instamart,ANDROID,2025-04-06
403173,Neha Loyal,5167419698,pranit90@example.com,NCR,Swiggy Instamart,ios,2026-04-24
403174,Darika Ganesh,6412421399,karibimala@example.net,Kolkata,Zepto,Android,2026-04-20
403175,Nidra Chadha,9415516181,mangatadvay@example.org,Chandigarh,Swiggy Instamart,ANDROID,2026-03-07
403176,Madhavi Dhingra,0627398482,vamakshi12@example.org,Hyderabad,Zepto,,2026-04-02
403177,Nirja Khanna,,qdalia@example.com,Pune,Blinkit,ANDROID,10-Oct-2023
403178,Yachana Dada,5368767053,vrishtighose@example.com,Kochi,Zepto,Android,2026-08-02
403179,Yashawini Mandal,,harish39@example.org,Mumbai,Swiggy Instamart,ios,2025-01-01
403180,Udarsh Gade,6825966232,mayasehgal@example.net,Kolkata,BigBasket,Android,2025-11-22
403181,Dayita Behl,9185753015,mdube@example.net,Chandigarh,Swiggy Instamart,iOS,2025-02-10
403182,Daniel Chakrabarti,0849019442,prabhubachittar@example.com,Hyderabad,Blinkit,Android,2026-06-25
403183,Nikita Basu,4904058263,,Bengaluru,Swiggy Instamart,Android,2024-03-13
403184,Jalsa Merchant,5678707324,xkeer@example.net,Kochi,Zepto,ANDROID,2025-09-04
403185,Rajeshri Madan,2603096765,,Jaipur,Swiggy Instamart,ANDROID,2025-04-17
403186,Ekanta Ramaswamy,1916144707,ikbalmodi@example.com,Ahmedabad,BigBasket,,2025-09-02
403187,Tejas Kumar,1059450068,umangdua@example.com,Chennai,Swiggy Instamart,iOS,2024-11-22
403188,Yashasvi Kothari,0655360122,diyakara@example.org,New Delhi,Swiggy Instamart,,2025-06-25
403189,Samarth Kulkarni,4910468764,orinder07@example.com,Jaipur,BigBasket,ANDROID,2024-03-26
403190,Kavya Goswami,6466108142,daliaekansh@example.com,Mumbai,Swiggy Instamart,ANDROID,2025-09-08
403191,Xalak Thaman,1215166488,jagdish91@example.com,Chandigarh,Zepto,Android,2026-01-29
403192,Charita Nadkarni,7268266879,radhikaraghavan@example.net,Chandigarh,Blinkit,ios,05-02-2024
403193,Ucchal Muni,0452640300,anjalisingh@example.org,Hyderabad,Swiggy Instamart,,2024-06-23
403194,Radhika Brahmbhatt,5852966430,panchalbina@example.com,Lucknow,Blinkit,ANDROID,2025-06-29
403195,Ojasvi Kala,3409091666,mayaoak@example.org,Mumbai,BigBasket,ios,2025-01-18
403196,Gavin Gade,0866549495,aparekh@example.com,Jaipur,Swiggy Instamart,iOS,2026-07-16
403197,Ayaan Toor,3016541098,chameli44@example.com,Kochi,Zepto,Android,2025-10-13
403198,Jeremiah Pall,1947586630,agrawalakshay@example.com,Mumbai,BigBasket,Android,2025-04-22
403199,Yasti Mand,5772486530,ekansh45@example.com,Bombay,BigBasket,ios,2025-03-30
403200,Chaitanya Gupta,2499131476,oyohannan@example.org,Ahmedabad,Zepto,iOS,2024-03-22
403201,Neelima More,6417434378,pallavi69@example.com,Kochi,Swiggy Instamart,ANDROID,2024-12-10
403202,Balendra Dayal,,srinivasanharini@example.net,Chennai,Blinkit,ANDROID,2026-03-05
403203,Amruta Narula,2303050458,aarav93@example.org,Hyderabad,Zepto,Android,2025-09-22
403204,Radha Kant,3486985756,vedikaramakrishnan@example.com,Chennai,Swiggy Instamart,iOS,2025-02-03
403205,Darsh Pathak,0324544219,skala@example.com,Hyderabad,BigBasket,ios,2026-07-16
403206,Bimala Nagar,3175082583,vasanasane@example.com,Pune,Swiggy Instamart,ANDROID,11-09-2025
403207,Chakrika Khosla,6538706692,zaitravenkatesh@example.org,Chandigarh,Zepto,ios,15/08/2024
403208,Vivaan Kohli,9894643119,jkala@example.com,Kolkata,Swiggy Instamart,Android,2024-11-08
403209,Priya Baria,8884828261,odika04@example.com,Pune,BigBasket,iOS,2023-12-30
403210,Ucchal Bassi,6297691660,saanvisarin@example.org,Chandigarh,BigBasket,iOS,2026-05-27
403211,Jacob Grewal,0810227597,vincentyogi@example.net,Chandigarh,Blinkit,iOS,2025-04-06
403212,Mason Bora,3769201243,borakaran@example.net,Lucknow,BigBasket,iOS,2025-08-28
403213,Nathan Karan,3751911375,,Bengaluru,Zepto,Android,29-Apr-2024
403214,Jeremiah Rau,4372833098,,Mumbai,BigBasket,ANDROID,2025-12-15
403215,Ati Brar,6346056144,sanghavansha@example.com,Chennai,Zepto,ios,2024-08-30
403216,Laksh Nazareth,9197108773,vasatika89@example.net,Lucknow,Swiggy Instamart,Android,2025-12-17
403217,Vyanjana Guha,3429213343,,Chennai,Swiggy Instamart,ANDROID,2025-12-18
403218,Aayush Khanna,1536989912,robert54@example.net,Kolkata,Zepto,,04-21-2026
403219,Kamala Verma,1800113753,bhavna98@example.net,Chandigarh,Zepto,Android,2023-11-25
403220,Bhavini Palla,3482644725,frederick98@example.net,Jaipur,Zepto,Android,2025-03-25
403221,Mitali Kapur,5421832102,jwable@example.org,Ahmedabad,Zepto,ANDROID,2025-05-09
403222,Baljiwan Bhavsar,0782753611,,Lucknow,Swiggy Instamart,Android,2026-05-04
403223,Pooja Sinha,0264045225,tdeo@example.org,Hyderabad,Blinkit,ANDROID,10-May-2026
403224,Mekhala Murty,0322437638,vaidyaekavir@example.net,Kolkata,Zepto,ios,2026-02-26
403225,Sanaya Bhakta,9622353698,kannanekaja@example.com,Chandigarh,Swiggy Instamart,ANDROID,14-Nov-2025
403226,Anthony Dhaliwal,9647797527,,Lucknow,Blinkit,ANDROID,2026-01-12
403227,Gabriel Raj,1268086231,siya60@example.com,Delhi,Blinkit,Android,2024-06-06
403228,Amol Mukherjee,5986144343,mistryirya@example.com,Kochi,Swiggy Instamart,,2025-01-30
403229,Ronith Koshy,6780923877,devika11@example.net,Mumbai,Zepto,iOS,2026-01-15
403230,Aishani Seth,0360297604,upasna62@example.com,Kolkata,Swiggy Instamart,Android,2024-01-13
403231,Zayan Doshi,3428810509,qkulkarni@example.org,Kochi,Blinkit,ANDROID,2024-03-14
403232,Hredhaan Ganesh,7105312592,banjeetsastry@example.com,Lucknow,Swiggy Instamart,Android,2024-03-08
403233,Wyatt Swaminathan,7864599512,jgill@example.org,Chennai,Zepto,ios,2026-05-26
403234,Finn Dutt,2482348937,gadesachi@example.com,Mumbai,Zepto,iOS,2026-06-09
403235,Ishwar Wadhwa,1420758618,mvasa@example.com,Kochi,Blinkit,ANDROID,2024-10-27
403236,Dalaja Pandya,4728270909,nadkarniharshil@example.net,bengaluru,Zepto,ios,2025-11-28
403237,Ayush Ghosh,5520390998,xsaran@example.net,NCR,Blinkit,ios,2025-05-19
403238,Rachit Sangha,2348772772,harinakshi89@example.org,Chandigarh,Blinkit,ios,2023-08-21
403239,Imaran Sachdev,0811427571,luckymutti@example.com,Pune,Blinkit,ANDROID,2026-03-28
403240,Vihaan Gera,8327567390,indali17@example.org,Ahmedabad,Zepto,ANDROID,2024-02-02
403241,Ayushman Mangal,7411977838,lallaryan@example.com,Kochi,Blinkit,,2023-11-27
403242,Forum Bhatia,8639498137,wakeetaravi@example.org,Jaipur,Swiggy Instamart,Android,2025-03-04
403243,Ranveer Krishna,4507887457,laksh12@example.net,Hyderabad,Swiggy Instamart,ANDROID,2025-07-21
403244,Oni Tata,2184920301,faraj46@example.org,Chennai,BigBasket,ios,2025-06-20
403245,Rushil Venkataraman,1685994770,chavvi79@example.org,Chandigarh,BigBasket,Android,03-29-2026
403246,Kamya Chatterjee,9297334089,walijason@example.com,Hyderabad,Blinkit,iOS,2025-09-30
403247,Nilima Sandal,6271387114,,Chandigarh,Swiggy Instamart,iOS,2025-07-14
403248,Dayita Narang,1135260678,,Chennai,Blinkit,iOS,2025-04-19
403249,Watika Amble,,brijesh99@example.com,Lucknow,Zepto,Android,2024-04-14
403250,Shaurya Sastry,3853244686,nilimanarain@example.net,Pune,BigBasket,ios,2024-05-07
403251,Falan Master,0417603015,chowdhurypavani@example.org,Jaipur,Zepto,iOS,2024-08-25
403252,Indrajit Kota,8448238308,gautam42@example.com,Jaipur,Blinkit,ios,2026-04-28
403253,Maanav Sathe,5828425692,awagle@example.net,Ahmedabad,Swiggy Instamart,ANDROID,2025-07-07
403254,Krisha Purohit,2557742972,tooryoshita@example.org,Hyderabad,BigBasket,iOS,2025-08-31
403255,Gautami Sheth,5493632268,chanakyabarman@example.net,Bengaluru,Blinkit,ANDROID,29-Jul-2025
403256,Jagvi Divan,0421913662,balijagat@example.com,Hyderabad,BigBasket,Android,2024-02-26
403257,Udarsh Patla,5500173172,omajamand@example.org,bengaluru,BigBasket,ANDROID,2025-10-25
403258,Ubika Gaba,,lakshkrish@example.net,Hyderabad,BigBasket,Android,2026-07-08
403259,Inaya Palan,7421740003,ozaanita@example.net,Kochi,Blinkit,iOS,12-Jun-2024
403260,Pranit Sandhu,5267746736,,Ahmedabad,Blinkit,iOS,2025-02-22
403261,Oscar Kannan,3240749564,rbava@example.com,Jaipur,Blinkit,ANDROID,2024-01-30
403262,Mitesh Krishnan,5458198031,vlad@example.org,Chandigarh,Zepto,Android,2023-12-01
403263,Yadavi Agate,0703413497,ekantakeer@example.org,Jaipur,Swiggy Instamart,Android,03-10-2026
403264,Jagrati Doshi,6820497203,eesha40@example.org,Hyderabad,Swiggy Instamart,Android,2024-06-10
403265,Siya Mitra,1170970548,jairajarya@example.net,Kochi,Swiggy Instamart,Android,2024-03-16
403266,Nimrat Khurana,8717889497,gbakshi@example.org,Chennai,Swiggy Instamart,iOS,2023-08-29
403267,Charles Divan,8649490988,dinmadhav@example.org,Kolkata,Swiggy Instamart,ios,2026-04-30
403268,Onveer Shan,7935090253,thamanchatresh@example.com,Jaipur,Zepto,ANDROID,2025-10-10
403269,Edhitha Pai,1718168444,zjohal@example.org,Kolkata,Zepto,ANDROID,2026-04-01
403270,Sai Gaba,6876961181,akalla@example.org,Kolkata,Zepto,iOS,2025-02-16
403271,Bina Dugar,8929170152,ghoshsneha@example.com,Chennai,Swiggy Instamart,,2024-06-29
403272,Abeer Mallick,8351897458,nitesh96@example.org,Chandigarh,Zepto,Android,2024-01-05
403273,Adweta Gala,8144178517,sethitanay@example.net,Chandigarh,Blinkit,iOS,2023-11-01
403274,Aadhya Shanker,2032717793,upma91@example.com,Chandigarh,Zepto,ANDROID,2024-01-16
403275,Chakradhar Sridhar,3261433366,,Hyderabad,Zepto,ios,2026-02-13
403276,Vaishnavi Mohanty,,mistryliam@example.org,Hyderabad,Blinkit,Android,2023-09-02
403277,Dhriti Joshi,9325909557,krishnanbenjamin@example.com,Chennai,Blinkit,iOS,2023-09-26
403278,Yamini Sant,5025383080,diyanarasimhan@example.com,Bengaluru,Swiggy Instamart,ANDROID,2025-11-02
403279,Pavani Prasad,,sastryganga@example.org,Jaipur,Swiggy Instamart,ANDROID,2025-02-04
403280,Jacob Gill,8841951929,qbawa@example.org,Mumbai,BigBasket,Android,2025-05-07
403281,Mitesh Arya,6372521193,keerumang@example.org,Jaipur,Zepto,ios,2024-04-17
403282,Azad Natarajan,1732096399,joshuakale@example.com,Bengaluru,Blinkit,iOS,06-02-2025
403283,Adya Majumdar,5615184788,,Kochi,Zepto,Android,2024-03-26
403284,Victor Mallick,9598074557,akari@example.org,Delhi,BigBasket,ANDROID,2023-09-16
403285,Manya Sama,4166961237,lray@example.org,Kolkata,Blinkit,,23/07/2025
403286,Oviya Mukherjee,1479986257,,Chennai,Zepto,iOS,04-19-2026
403287,Praneel Deshpande,2592666995,rishi24@example.net,Chandigarh,Blinkit,Android,2024-07-07
403288,Abdul Date,7832094855,gkhalsa@example.com,Lucknow,Zepto,ios,2023-12-20
403289,Fiyaz Mand,6063183681,manyasalvi@example.org,Ahmedabad,Blinkit,iOS,2026-08-08
403290,Veda Mutti,2338060027,riaagarwal@example.com,Hyderabad,Blinkit,Android,2025-02-07
403291,Akshay Wali,2087385794,eiyengar@example.com,Kochi,BigBasket,ANDROID,08-17-2024
403292,Nathaniel Chaudry,1268697188,anushasetty@example.org,Ahmedabad,Swiggy Instamart,ios,2024-11-09
403293,Mason Sharma,6268718934,travel@example.org,Kolkata,Zepto,Android,05-Jun-2025
403294,Reyansh Mahal,9078721770,george42@example.com,Kolkata,Zepto,Android,2024-12-07
403295,Darsh Ramaswamy,6119735197,,Jaipur,Zepto,ANDROID,17/05/2026
403296,Yauvani Batta,9421509944,fiyaz66@example.com,Mumbai,Blinkit,ANDROID,2024-11-25
403297,Darpan Vora,2796867778,pallavisampath@example.org,Jaipur,Swiggy Instamart,,2024-08-30
403298,Jatin Wadhwa,5077145830,,Lucknow,Blinkit,ANDROID,2024-11-19
403299,Nisha Yohannan,3835657754,fsodhi@example.com,Jaipur,Blinkit,Android,2026-05-08
403300,Viraj Keer,,,Kolkata,Blinkit,ANDROID,10-07-2025
403301,Janya Bhatti,,rkhalsa@example.net,Jaipur,Swiggy Instamart,Android,2025-04-23
403302,Suhani Merchant,0350478890,railajita@example.org,Mumbai,Blinkit,iOS,2026-07-04
403303,Dev Kapadia,5353855681,rajagopalgopal@example.org,Chennai,BigBasket,Android,01-24-2024
403304,Eta Pillay,1258770869,avianne@example.net,Delhi,Blinkit,ios,2025-03-25
403305,Mugdha Nadkarni,2982522307,unatarajan@example.net,Delhi,Blinkit,ios,2026-03-27
403306,Rachita Nagy,2543381612,bdugar@example.org,Jaipur,Swiggy Instamart,iOS,2025-08-29
403307,Chavvi Raghavan,1658586583,,Pune,Swiggy Instamart,ANDROID,07/03/2025
403308,Arin Mander,0276450291,kissac@example.com,Hyderabad,Swiggy Instamart,ios,2024-04-18
403309,Dominic Dhar,,balaypanini@example.com,Kolkata,Swiggy Instamart,iOS,21-Mar-2024
403310,Bishakha Parsa,6148169304,pmagar@example.org,Ahmedabad,Zepto,ANDROID,2025-02-04
403311,Azad Sur,7905484821,meera90@example.org,Hyderabad,Blinkit,ANDROID,2025-11-08
403312,Anusha Hans,6139533592,,Kochi,BigBasket,ANDROID,2024-02-17
403313,Arjun Parmar,4422921004,jalsa71@example.org,Delhi,Swiggy Instamart,,2026-07-17
403314,Ishita Chaudry,2850062739,ladli70@example.net,Ahmedabad,Blinkit,ANDROID,2024-06-30
403315,Dalbir Sidhu,1642255421,,Jaipur,Zepto,iOS,2024-01-24
403316,Netra Pillay,0108073148,ddewan@example.org,Mumbai,Swiggy Instamart,iOS,2025-07-16
403317,Lopa Apte,7172407886,pushtivarma@example.com,Hyderabad,Swiggy Instamart,iOS,2025-10-09
403318,Ekansh Bava,1704493455,mohanshravya@example.net,mumbai,Blinkit,Android,2024-08-22
403319,William Karpe,8901868305,cbaria@example.com,Bengaluru,Zepto,iOS,2024-09-27
403320,Abhiram Johal,2050598161,dorajeremiah@example.net,Chandigarh,Zepto,ios,2026-02-23
403321,Pranit Badal,8552613527,venkatesholiver@example.org,Hyderabad,Swiggy Instamart,ANDROID,2026-02-13
403322,Bhavani Mital,0049965164,mannannidhi@example.org,Jaipur,Blinkit,Android,2024-09-26
403323,Chakradhar Rajagopalan,,vasudha42@example.com,Chennai,BigBasket,ANDROID,2025-12-27
403324,Meera Sanghvi,,christopher65@example.net,Kochi,Zepto,Android,2024-06-17
403325,Jhalak Saha,4906936152,ranveerjoshi@example.org,Kochi,Swiggy Instamart,ios,2025-09-03
403326,Warjas Kale,9087362017,emammen@example.org,Bengaluru,Swiggy Instamart,,2024-07-22
403327,Triya Basu,2102464248,hsekhon@example.com,Pune,Zepto,iOS,2025-12-01
403328,Neha Deshpande,3057604638,sagarbhavani@example.com,Bengaluru,Blinkit,ios,20/05/2026
403329,Varenya Dani,4731057176,aparikh@example.net,Kochi,Swiggy Instamart,,2023-10-09
403330,Rohan Bains,9850829268,kumernidhi@example.net,Chennai,Swiggy Instamart,Android,2023-09-07
403331,Tristan Dada,,vasarachana@example.org,Ahmedabad,Zepto,ios,2024-10-04
403332,Chaaya Jha,9835758467,,Ahmedabad,BigBasket,iOS,14/01/2026
403333,Max Narula,6008772043,skrishnan@example.net,Mumbai,Zepto,iOS,2024-01-26
403334,Nidhi Sant,4584034222,farasmane@example.com,Delhi,Zepto,,2023-11-14
403335,Agastya Yadav,3687458254,barmancharles@example.com,Lucknow,BigBasket,ANDROID,2024-08-29
403336,Harita Madan,4612494561,cbala@example.net,Hyderabad,BigBasket,ANDROID,2026-05-20
403337,Advika Banerjee,7745880457,zbuch@example.net,Jaipur,BigBasket,ios,15/03/2024
403338,Quincy Madan,,sagarbaghyawati@example.org,New Delhi,Swiggy Instamart,ANDROID,2024-12-17
403339,Vansha Balay,1973493041,nirjanadig@example.com,Kolkata,Blinkit,ios,2024-03-10
403340,Tristan Dugar,4351423717,sampathlakshit@example.org,Bengaluru,Zepto,ANDROID,05-20-2024
403341,Abhiram Bath,2504947787,davidsachdeva@example.com,Lucknow,Blinkit,,2025-03-11
403342,Atharv Deshpande,6729498804,pahal40@example.net,Hyderabad,Swiggy Instamart,Android,2025-01-03
403343,Dev Issac,8349157574,hayreyashasvi@example.net,Delhi,BigBasket,,18-Sep-2024
403344,Aachal Sur,,zbir@example.net,Jaipur,Blinkit,Android,2024-05-20
403345,Netra Singhal,8990665354,charangopal@example.com,Kolkata,Swiggy Instamart,Android,2025-01-22
403346,Falguni Chakrabarti,1714630679,,Kolkata,Swiggy Instamart,iOS,2026-05-19
403347,Aarnav Dhar,4808707355,,Jaipur,BigBasket,ios,14/01/2026
403348,Faraj Dua,8588069051,jshetty@example.org,Jaipur,Swiggy Instamart,,2026-04-26
403349,Yashodhara Bhat,5120582340,,Kolkata,BigBasket,Android,2025-02-27
403350,Samesh Prabhu,7821023659,zayanpandey@example.com,Lucknow,Swiggy Instamart,ios,2026-07-08
403351,Nandini Sangha,1109940821,ojasvi19@example.net,Jaipur,BigBasket,Android,2024-04-23
403352,Jonathan Agate,9163654403,cdas@example.net,delhi,Zepto,,2026-03-09
403353,Anjali Iyer,9144258530,kannanfaqid@example.net,Lucknow,Zepto,ANDROID,31-Oct-2024
403354,Zansi Lal,3316552459,senvanya@example.org,Lucknow,Swiggy Instamart,Android,2025-10-26
403355,Pavani Mistry,6201236245,,Hyderabad,BigBasket,,2025-01-14
403356,Yashica Patel,8165134946,frado93@example.org,Ahmedabad,Blinkit,Android,20/08/2024
403357,Gagan Borra,,chauhanchandran@example.com,Pune,BigBasket,iOS,2026-03-02
403358,Maanav Khanna,9152259081,lajita30@example.org,Delhi,Blinkit,ANDROID,2025-09-15
403359,Chavvi Bhandari,2054264402,muttibaghyawati@example.org,Hyderabad,BigBasket,Android,2023-10-05
403360,Yasti Memon,7296610210,tejas64@example.net,Chandigarh,Swiggy Instamart,,2023-10-10
403361,Aadhya Grover,6913336738,rajaorinder@example.org,Jaipur,Swiggy Instamart,iOS,2026-01-03
403362,Niharika Doctor,4147584715,narangsamuel@example.org,Delhi,Swiggy Instamart,Android,17-Nov-2023
403363,Tanvi Srinivas,8022631632,mkakar@example.org,Kochi,Zepto,ios,2024-08-28
403364,Anmol Mistry,8128780184,dayita65@example.com,Chandigarh,Blinkit,Android,2025-10-08
403365,Isaac Narang,,tjain@example.org,Mumbai,Swiggy Instamart,Android,2025-09-02
403366,Xiti Garde,5165558338,balayvedika@example.org,Chennai,Swiggy Instamart,Android,2024-05-19
403367,Daksh Shroff,6746199424,sanghamekhala@example.net,Chandigarh,Swiggy Instamart,ios,2024-04-16
403368,Jonathan Solanki,,jayaramankiaan@example.com,Chennai,Blinkit,iOS,2025-02-18
403369,Chameli Narula,1653203030,kbobal@example.net,Delhi,BigBasket,iOS,2025-02-21
403370,Henry Kala,2168207616,nathankeer@example.org,Lucknow,Swiggy Instamart,Android,2025-07-23
403371,Chameli Sekhon,,daliahredhaan@example.org,Kochi,Zepto,ANDROID,2024-03-15
403372,Orinder Khalsa,1618317679,nbatra@example.com,Lucknow,Swiggy Instamart,Android,2024-04-03
403373,Kiaan Raman,9091646176,aryankala@example.com,Chennai,Blinkit,iOS,2024-07-28
403374,Hemani Mandal,1839990243,cmangat@example.org,Mumbai,Blinkit,iOS,2024-06-16
403375,Vamakshi Krish,9905604180,ayushmandutt@example.net,Lucknow,Swiggy Instamart,,2026-07-12
403376,Gaurang Suresh,4044541441,vyanjana30@example.net,bengaluru,Swiggy Instamart,ios,2025-04-03
403377,Advaith Lal,9510480390,triveniyohannan@example.com,Pune,BigBasket,ANDROID,2026-04-27
403378,Dominic Pradhan,6201536424,lankajai@example.net,Mumbai,BigBasket,Android,2025-12-19
403379,Viraj Ratta,6093102611,bobalnilima@example.net,Hyderabad,Zepto,Android,2024-11-12
403380,Jackson Kulkarni,9477805790,qasim01@example.com,Chandigarh,Swiggy Instamart,iOS,2025-02-09
403381,Nidhi Uppal,9298316090,yashawinikumar@example.org,Bengaluru,BigBasket,,2025-06-26
403382,Vincent Sagar,5024876118,gaurangi09@example.com,Kolkata,BigBasket,ANDROID,26-Mar-2024
403383,Jalsa Kumar,5703017751,henry81@example.com,Jaipur,Blinkit,ANDROID,2025-02-07
403384,Dayita Dash,9176637266,draman@example.org,Kochi,Swiggy Instamart,ios,2025-09-07
403385,Edhitha Shanker,3011176829,ishitagoyal@example.net,Lucknow,BigBasket,iOS,2026-05-26
403386,Xiti Hegde,7967816530,mpandey@example.org,Kolkata,Swiggy Instamart,iOS,2024-01-20
403387,Gagan Ravi,6649349024,takgaurang@example.org,Chandigarh,Swiggy Instamart,ios,2024-12-09
403388,Divya Nori,,ayaande@example.com,Bengaluru,Zepto,ANDROID,2024-04-27
403389,Raghav Kaur,,janujanagi@example.org,Bengaluru,BigBasket,iOS,2025-10-25
403390,Chavvi Yadav,2234943008,kiaandewan@example.org,Lucknow,BigBasket,,2025-04-24
403391,Damini Ranganathan,4824324987,unnati83@example.net,Ahmedabad,Blinkit,,2024-05-31
403392,Garima Patel,0615371965,watika25@example.com,Delhi,Blinkit,ios,2026-08-15
403393,Ekaja Memon,6666654612,,Hyderabad,Blinkit,ios,2025-09-09
403394,Harita Parsa,5181159999,aarna64@example.com,Jaipur,Blinkit,iOS,2025-09-17
403395,Nakul Lata,2210812514,zarnaluthra@example.org,Delhi,Swiggy Instamart,ios,02-03-2025
403396,Shivani Saha,0873554850,sanirajeshri@example.org,Chandigarh,Blinkit,ios,2024-07-29
403397,Ijaya Mallick,8366776257,maharajaarav@example.com,Kolkata,Swiggy Instamart,Android,2025-08-19
403398,Saanvi Kant,1850329577,jhagopal@example.net,Delhi,Swiggy Instamart,Android,2025-07-14
403399,Kalpit Dewan,8519793740,dalbir29@example.net,New Delhi,Swiggy Instamart,ANDROID,2025-10-28
403400,Jeet Rege,6372364003,iramesh@example.org,Chennai,Swiggy Instamart,ios,2025-08-26
403401,Shravya Sridhar,8481431492,manan08@example.org,Jaipur,Blinkit,ANDROID,2023-11-14
403402,Gavin Sen,8839930403,narayanekta@example.com,Hyderabad,Swiggy Instamart,ios,2024-09-01
403403,Chakradev Mane,3663947751,shansachi@example.org,Chennai,Blinkit,iOS,2024-04-15
403404,Ekaraj Kamdar,8032303396,dsankar@example.net,Delhi,Swiggy Instamart,iOS,2024-10-02
403405,Chakradev Bala,0186527540,qasim45@example.com,Chennai,Swiggy Instamart,iOS,2024-09-28
403406,Oni Hayer,,vasudhasubramanian@example.org,Pune,Zepto,Android,2025-10-13
403407,Forum Nigam,3758212227,virajgoel@example.com,Delhi,Zepto,Android,08/03/2025
403408,Jackson Raghavan,0057178565,anya73@example.org,Chennai,Zepto,,2025-09-28
403409,Champak Dewan,7604635820,chokshishivansh@example.net,Kochi,Swiggy Instamart,ANDROID,31/01/2026
403410,Upma Tata,1217294708,yyogi@example.com,Kolkata,Blinkit,iOS,2024-11-11
403411,Yasti Ahluwalia,9810861641,,Ahmedabad,Swiggy Instamart,ANDROID,2024-12-13
403412,Waida Hegde,5397384956,jagdishbandi@example.org,Delhi,Blinkit,Android,2024-07-17
403413,Panini Kalita,1728264642,mason73@example.com,Kochi,BigBasket,iOS,2026-02-07
403414,Reyansh Babu,3010487989,rmishra@example.com,Chennai,Zepto,ios,2025-12-21
403415,Eshana Patel,6150795632,anitavohra@example.net,Kochi,Swiggy Instamart,ANDROID,01-12-2025
403416,Arunima Modi,6976735030,minhaslajita@example.org,Chennai,BigBasket,ios,2023-08-21
403417,Hamsini Saran,1300728682,routlakshmi@example.org,New Delhi,Zepto,ANDROID,2026-05-29
403418,Oviya Palla,6019259857,anair@example.org,Ahmedabad,Swiggy Instamart,ios,2023-10-15
403419,Yatan Arora,4279343503,rachitthaker@example.org,Kochi,Blinkit,,2024-12-09
403420,Yauvani Chacko,4783573478,paninisha@example.org,Mumbai,Swiggy Instamart,ANDROID,2024-06-24
403421,Thomas Trivedi,0892273985,mistrydipta@example.com,Pune,Swiggy Instamart,ios,2025-08-25
403422,Jairaj Hora,7148687350,vedant34@example.com,Delhi,BigBasket,ios,2026-06-17
403423,Agastya Dara,7669902763,snaik@example.org,Jaipur,Blinkit,iOS,2024-10-02
403424,Yamini Choudhury,9752855484,chakrikalata@example.net,Chennai,Zepto,,2024-11-15
403425,Avni Bose,9481305140,modizilmil@example.com,Chandigarh,Swiggy Instamart,iOS,2024-03-31
403426,Kamya Sachar,9043102063,tlanka@example.com,Ahmedabad,Zepto,ios,2023-09-08
403427,Utkarsh Samra,9871343338,kapadiafrado@example.com,Kolkata,Swiggy Instamart,,2025-05-10
403428,Triya Majumdar,7742637046,,Kochi,Blinkit,Android,2024-06-06
403429,Yug Karnik,2064713477,fzachariah@example.org,Kolkata,BigBasket,Android,2026-01-13
403430,Nachiket Zachariah,5882110160,jthakur@example.net,Jaipur,Zepto,iOS,11-18-2024
403431,Qadim Krish,6954626514,bimala56@example.com,Chennai,Zepto,iOS,2025-02-19
403432,Isaiah Sane,3477091711,obose@example.com,Delhi,Zepto,Android,2024-01-13
403433,Owen Bhavsar,2207404722,nathan48@example.com,New Delhi,BigBasket,,2023-10-13
403434,Harrison Sharma,8822499899,,Lucknow,Swiggy Instamart,Android,2024-07-29
403435,Geetika Venkatesh,2686931420,jagarwal@example.com,Kolkata,Swiggy Instamart,iOS,2025-07-14
403436,Girindra Ray,8767197742,suhanishan@example.org,Kochi,Blinkit,,2024-11-12
403437,Varsha Bhavsar,2149856700,boaseaayush@example.org,Ahmedabad,BigBasket,Android,31-Aug-2024
403438,Luke Bajwa,3291670965,hdass@example.org,Bombay,Swiggy Instamart,ios,2025-02-11
403439,Hamsini Gandhi,1586520689,,BLR,Zepto,,2024-01-31
403440,Karan Ravi,7800148421,bandra@example.org,Lucknow,Swiggy Instamart,Android,2025-05-07
403441,Widisha Dube,7782770829,,Mumbai,Swiggy Instamart,,2024-09-12
403442,Jackson Mandal,4343880219,indrajitkumar@example.net,Delhi,Swiggy Instamart,ios,2025-04-10
403443,Gopal Madan,2467979087,,Chandigarh,Swiggy Instamart,iOS,2026-01-22
403444,Vidhi Dewan,3154460739,mkarnik@example.org,Kochi,BigBasket,ios,16-Feb-2025
403445,Vinaya Madan,6212290902,jyoti38@example.net,Chandigarh,Swiggy Instamart,iOS,2024-10-20
403446,Parth Ben,3450305589,leenakumer@example.net,Hyderabad,BigBasket,ios,2024-12-30
403447,Ishanvi Kaur,7286825551,wakeetasoman@example.org,Kochi,BigBasket,ANDROID,2026-08-15
403448,Nandini Guha,9902589529,rchatterjee@example.com,Lucknow,BigBasket,ANDROID,2026-07-01
403449,Samar Gulati,1442938630,rachitchand@example.com,Bengaluru,BigBasket,iOS,20/09/2025
403450,Krish Srivastava,1344618503,shethtejas@example.org,Hyderabad,BigBasket,ios,2025-07-25
403451,Divya Doctor,0731283882,voralibni@example.org,Chandigarh,Swiggy Instamart,ANDROID,2025-06-18
403452,Avi Ratti,1127677721,,Kochi,BigBasket,,2024-09-26
403453,Chatura Dugal,4053402139,vasatika07@example.org,Ahmedabad,BigBasket,Android,2025-03-20
403454,Chandani Sandal,7787211926,rrau@example.com,Chandigarh,Swiggy Instamart,Android,2024-11-18
403455,Chaitanya Shah,5486731327,tejasbanik@example.net,Kolkata,Swiggy Instamart,ios,2024-01-10
403456,Hemang Balay,3492374562,mohammed33@example.net,Hyderabad,Swiggy Instamart,ANDROID,2024-12-08
403457,Yashvi Kala,8670323909,raghavanoviya@example.com,Chandigarh,Blinkit,ios,2026-05-15
403458,Pushti Vasa,8392291354,upasna04@example.com,Kolkata,Blinkit,Android,2025-11-07
403459,Arjun Karan,1451837829,karpeabdul@example.com,Lucknow,BigBasket,,2024-11-11
403460,Nathan Lal,8750282581,guhaarunima@example.org,Delhi,Swiggy Instamart,ANDROID,2025-10-09
403461,Divya Sheth,9226288331,gwali@example.org,Pune,BigBasket,Android,2024-10-14
403462,Amruta Basak,,bahrireva@example.com,Chandigarh,Blinkit,Android,2025-05-07
403463,Mohini Andra,4935428489,karianay@example.com,Hyderabad,Zepto,Android,2023-12-22
403464,Forum Kibe,,bathvarsha@example.org,Chennai,Swiggy Instamart,ANDROID,2025-05-04
403465,Zehaan Dara,8731034980,ekavirhans@example.com,Mumbai,Blinkit,ANDROID,2026-03-11
403466,Dalbir Konda,7512785119,nadkarnichandresh@example.net,Kolkata,BigBasket,ios,2024-10-13
403467,Ridhi Dara,6606243765,yviswanathan@example.com,Pune,Blinkit,,02-03-2026
403468,Vaishnavi Rastogi,7577970747,niteshnair@example.org,Lucknow,Blinkit,ANDROID,01-02-2024
403469,Nidhi Bhatti,2027012378,vyanjana25@example.net,Jaipur,Blinkit,ANDROID,2025-06-15
403470,Amaira Sibal,6734649398,hemangini67@example.net,Lucknow,Zepto,Android,2025-12-17
403471,Advay Modi,5938214832,doshijeevika@example.net,Kolkata,Blinkit,ANDROID,2025-01-02
403472,Victor Sami,0918342899,vbarad@example.org,Ahmedabad,BigBasket,iOS,2023-10-27
403473,Mugdha Magar,5819634849,vinaya68@example.org,Kolkata,Zepto,Android,06-02-2026
403474,Utkarsh Merchant,8363861600,balvan92@example.net,Bengaluru,Zepto,Android,2025-06-05
403475,Matthew Goel,2551053836,gopalnatarajan@example.com,Hyderabad,Swiggy Instamart,,2026-01-23
403476,Karan Khare,8694644547,zayannarayanan@example.net,Kolkata,Zepto,,2026-05-21
403477,Viraj Gandhi,,rrajan@example.com,Ahmedabad,BigBasket,Android,10/01/2026
403478,Banjeet Loyal,2565609280,yashoda97@example.org,Hyderabad,Swiggy Instamart,ios,2026-01-17
403479,Bahadurjit Madan,1217380754,sarmagopal@example.com,Chandigarh,Zepto,ios,2025-03-25
403480,Kamya Hora,3495762587,jhaanthony@example.org,Lucknow,Blinkit,Android,2024-01-10
403481,Varenya Gole,,,Kolkata,Zepto,iOS,2025-11-20
403482,Darsh Bawa,2283111076,gissac@example.net,Bengaluru,Swiggy Instamart,iOS,2024-11-08
403483,Kevin Kamdar,1644081021,behlayush@example.net,Delhi,Zepto,iOS,2026-06-22
403484,Laban Pandey,3236268036,sudiksha84@example.net,Chandigarh,Zepto,iOS,2024-01-22
403485,Rayaan Natt,8963445224,choudhurybakhshi@example.org,Pune,Blinkit,ANDROID,2026-07-17
403486,Ekansh Viswanathan,5769305800,wallanirja@example.net,Chennai,BigBasket,,2026-01-10
403487,Vedika Bassi,7132562375,sharafindira@example.net,Pune,Swiggy Instamart,,10-Dec-2024
403488,Darika Kala,0965474673,raaginishanker@example.org,Kolkata,Zepto,ios,2026-06-27
403489,Neelima Soni,3297519523,iyercharles@example.org,Jaipur,Blinkit,Android,2026-07-25
403490,Falguni Bail,5631723233,rbarad@example.net,Jaipur,BigBasket,iOS,2024-10-07
403491,Hemal Borde,8424061893,neelrajan@example.net,Jaipur,Blinkit,ios,2026-04-11
403492,Lavanya Chada,4818797391,triptibatra@example.net,Pune,BigBasket,iOS,2025-07-05
403493,Pallavi Garg,0868544829,ekanta17@example.com,Kolkata,Blinkit,ios,2025-12-31
403494,Omisha Nanda,7323091447,somanpriya@example.net,Chennai,BigBasket,ios,06-Dec-2023
403495,Hemang Krish,5442120103,bnatt@example.com,Kochi,BigBasket,Android,09/12/2024
403496,Wahab Ahuja,1908776871,mannanaishani@example.net,Mumbai,BigBasket,iOS,2023-12-28
403497,Gaurang Mani,7795664401,chaayabarad@example.org,Jaipur,BigBasket,Android,2025-09-16
403498,Jagat Samra,4754718291,bhanumati53@example.org,Lucknow,Blinkit,iOS,2023-08-25
403499,Ryan Dalal,0115922845,bravel@example.org,Mumbai,Swiggy Instamart,ANDROID,2023-11-21
403500,Januja Parsa,5551343249,,Kochi,Zepto,iOS,2024-07-28
403501,Advay Hayre,4257447962,noahkadakia@example.com,Delhi,BigBasket,,17/07/2025
403502,Ekalinga Thaker,1213997133,kmitra@example.net,Hyderabad,Blinkit,ANDROID,12-Apr-2024
403503,Anya Ramakrishnan,5215041362,zinal91@example.net,Hyderabad,Blinkit,ANDROID,2024-04-09
403504,Janya Suresh,5555502096,,Lucknow,BigBasket,ios,2026-04-20
403505,Anamika Wali,0412461254,saanvi08@example.org,Delhi,Zepto,ios,2026-05-18
403506,Hiral Kar,3471406005,turvidhillon@example.com,Pune,BigBasket,ios,2025-08-17
403507,Aarush Dasgupta,5077191834,shaurya14@example.net,Pune,Swiggy Instamart,Android,2025-07-02
403508,Abhiram Shere,5525394798,,Hyderabad,Zepto,iOS,2024-03-25
403509,Charan Dass,2276595299,sarthak58@example.org,Bengaluru,Zepto,Android,2026-07-12
403510,Chameli Sant,9188546964,bhandariveer@example.com,Kochi,Blinkit,ios,2024-03-15
403511,Qushi Dutta,4596663274,zilmil20@example.com,Lucknow,Zepto,iOS,2023-12-01
403512,Jonathan Rana,7280796518,dubesudiksha@example.net,Bengaluru,Swiggy Instamart,Android,2025-06-05
403513,Isha Loke,0992515141,danizashil@example.org,BLR,Swiggy Instamart,,09-26-2024
403514,Jason Sheth,,patlafaqid@example.net,Lucknow,Zepto,ANDROID,2025-07-11
403515,Dhruv Chakraborty,8444871926,brahmbhattaachal@example.org,Mumbai,Blinkit,ios,2023-09-15
403516,Yagnesh De,7665815994,chaitanyacheema@example.com,Chandigarh,BigBasket,Android,2024-06-19
403517,Tamanna Narasimhan,,charandewan@example.com,Delhi,Swiggy Instamart,ios,2026-08-13
403518,Krishna Peri,3458474314,jrama@example.com,Chandigarh,BigBasket,Android,2025-02-03
403519,Aadhya Din,5669714340,ccomar@example.org,Delhi,Blinkit,Android,2025-07-21
403520,Janya Dhar,1059602389,mannanridhi@example.org,Hyderabad,Blinkit,ios,2025-09-23
403521,Urishilla Bajaj,6201353261,qguha@example.net,Kochi,Swiggy Instamart,,2024-02-29
403522,Dalbir Basu,4103789470,datevasudha@example.org,Chandigarh,BigBasket,iOS,29-Oct-2023
403523,Megha Sankaran,6064481780,jmandal@example.com,Pune,BigBasket,iOS,2025-01-10
403524,Meera Krishnamurthy,7976391341,dhingraisha@example.com,Jaipur,Blinkit,ANDROID,2023-11-01
403525,Lohit Badal,2104855343,chaaya48@example.com,Pune,Blinkit,iOS,2024-12-31
403526,Faras Mander,7189028970,mishramax@example.com,Kolkata,BigBasket,,21-Feb-2024
403527,Shivansh Natarajan,4660168202,ucchal93@example.org,Mumbai,Zepto,,2024-05-24
403528,Rudra Pathak,5980838241,paubhavna@example.net,Hyderabad,BigBasket,iOS,2024-02-04
403529,Aarini Malhotra,0103484204,bhatiavasatika@example.net,Lucknow,Zepto,ios,08-15-2025
403530,Arjun Jani,0340479872,bbalan@example.com,Pune,Swiggy Instamart,ios,2024-10-09
403531,Keya Sabharwal,4774015428,edave@example.net,Ahmedabad,BigBasket,ios,17/07/2026
403532,Bimala Srinivas,2787201579,lohitrau@example.com,Pune,Swiggy Instamart,ANDROID,30/01/2026
403533,Hardik Samra,6384940800,naksh41@example.org,Pune,Blinkit,ANDROID,2026-03-24
403534,Baljiwan Balan,5690847859,lakshloke@example.com,Mumbai,BigBasket,ios,20-May-2025
403535,Lila Kant,0697154108,mkorpal@example.com,Bengaluru,Swiggy Instamart,Android,2023-11-28
403536,Harshil Johal,9359853210,uagate@example.org,New Delhi,Swiggy Instamart,iOS,2023-09-03
403537,Arunima Choudhary,4922543384,ukala@example.org,Pune,BigBasket,,2024-04-26
403538,Yash Barad,7691666832,lajitarajan@example.org,Kolkata,Swiggy Instamart,iOS,2025-12-06
403539,Wahab Dalal,5555592484,nilima38@example.net,Pune,Zepto,Android,2024-09-06
403540,Jeevika Bora,2041413641,,bengaluru,Blinkit,ios,2026-01-24
403541,Rachita Bahl,3688711724,watikachatterjee@example.net,Jaipur,Swiggy Instamart,ios,2025-06-15
403542,Bhanumati Nayar,0759447033,thomas00@example.net,Delhi,BigBasket,ios,09-01-2024
403543,Aayush Hans,1500427664,hshan@example.net,Lucknow,Zepto,ios,2026-07-14
403544,Warinder Dalal,1540095139,suhanichoudhary@example.org,Pune,BigBasket,iOS,2026-07-03
403545,Jeevika Gade,3500401236,,Jaipur,BigBasket,Android,2025-05-22
403546,Logan Wagle,4922556154,dayamai08@example.org,New Delhi,BigBasket,ios,2025-07-28
403547,Nikita Wable,0916164510,dmohan@example.net,Kochi,Zepto,ios,30-Oct-2023
403548,Tristan Palla,2583161651,veda18@example.com,Ahmedabad,Swiggy Instamart,Android,2024-10-14
403549,Keya Varkey,9161828303,amruta10@example.com,Kolkata,Zepto,Android,2024-04-01
403550,Tanay Mukherjee,,ojasvi84@example.org,Bengaluru,Zepto,ANDROID,2023-09-20
403551,Jasmit Garde,8720232358,jacobmadan@example.net,Delhi,BigBasket,iOS,2026-01-20
403552,Saksham Choudhury,4919602972,tara50@example.net,Chandigarh,Blinkit,ANDROID,2023-11-03
403553,Aarini Virk,6099436601,ejhaveri@example.net,Bengaluru,BigBasket,ANDROID,2024-07-04
403554,Luke Chowdhury,0986047878,damini57@example.com,Pune,BigBasket,,2025-11-05
403555,Gaurav Mani,2826395884,rameshanmol@example.org,Lucknow,BigBasket,ios,10-20-2025
403556,David Gala,9461574886,shahqushi@example.com,Delhi,BigBasket,iOS,03-Nov-2024
403557,Harish Chad,5964460489,,Mumbai,Swiggy Instamart,Android,2025-08-11
403558,Omisha Muni,4205634211,csachdev@example.net,Lucknow,Blinkit,Android,2024-04-14
403559,Rishi Lall,0428865969,sathepriya@example.org,Bombay,BigBasket,,2026-03-11
403560,Aarna Deol,3700131781,dayamairana@example.com,Mumbai,Zepto,ios,2024-07-11
403561,Maanas Kuruvilla,5131331492,ayaan03@example.com,Ahmedabad,Zepto,Android,06-22-2025
403562,Widisha Sem,4975689259,,Mumbai,Blinkit,,2026-02-28
403563,Neelima Agrawal,3695117230,,Kolkata,BigBasket,ANDROID,2026-07-23
403564,Yuvraj Dhawan,3096184543,xbora@example.net,Mumbai,Blinkit,ANDROID,2024-01-26
403565,Tanmayi Nayar,8586380636,charitachoudhury@example.com,Chennai,BigBasket,iOS,2024-01-14
403566,Abeer Hora,6431019743,ahluwaliadamini@example.net,Jaipur,Zepto,Android,24/01/2024
403567,Harita Korpal,8773126303,,Hyderabad,Blinkit,,2024-08-08
403568,Samesh Vyas,4522575689,harimanan@example.com,Pune,Swiggy Instamart,,2024-11-23
403569,Lopa Karpe,4614916486,rakshathaker@example.org,Delhi,Blinkit,ANDROID,2025-11-19
403570,Sneha Kumer,1726455756,kauryutika@example.net,Hyderabad,BigBasket,ios,2025-07-25
403571,Orinder Hayer,1137344152,samarth86@example.net,Chennai,Zepto,ios,2024-08-28
403572,Lakshmi Saxena,9481058294,dhawanforum@example.net,Chandigarh,Zepto,Android,2025-08-23
403573,Advaith Sood,6407521855,rbassi@example.com,Chennai,Blinkit,iOS,2024-01-26
403574,Janya Mann,0130254112,onkar24@example.net,Kochi,Zepto,ios,03-Dec-2024
403575,Harshil Ganesan,9151848856,nnigam@example.org,Bengaluru,Swiggy Instamart,Android,2026-05-21
403576,Eesha Kumer,3566378405,rajeshri48@example.com,Kolkata,Swiggy Instamart,Android,2026-04-27
403577,Urvi Lad,1118385744,varsha39@example.net,Ahmedabad,BigBasket,ANDROID,2025-01-24
403578,Xiti Wagle,9254983241,vritti41@example.com,Kolkata,Swiggy Instamart,ANDROID,2026-08-02
403579,Bachittar Contractor,9279142709,gunbirraja@example.net,Bengaluru,Blinkit,ANDROID,2025-03-31
403580,Chaitanya Saran,3865818555,nidra19@example.com,Hyderabad,Swiggy Instamart,ios,2024-03-08
403581,Advik Seshadri,9412168848,tsubramaniam@example.com,Hyderabad,Swiggy Instamart,,2025-02-15
403582,Advik Kanda,1480934493,sanepahal@example.net,Kolkata,Blinkit,Android,2025-10-01
403583,Vrinda Batra,4803335768,yochana82@example.org,Kochi,Zepto,ios,04-03-2026
403584,Arin Saini,,,Kochi,Zepto,ios,2024-09-24
403585,Avi Atwal,6806587075,mbali@example.com,Lucknow,Blinkit,Android,2024-06-09
403586,Tamanna Bali,1870458772,panini41@example.net,Chandigarh,Blinkit,ANDROID,2024-05-03
403587,Yadavi Chopra,8407570735,vkapoor@example.com,Pune,Zepto,iOS,2025-08-21
403588,Oni Kalita,0759176072,qnatt@example.com,Delhi,BigBasket,,2024-05-19
403589,Luke Sahni,1303744629,tperi@example.org,Lucknow,Swiggy Instamart,ios,24/01/2026
403590,Vasudha Kuruvilla,3702980303,,Delhi,Zepto,Android,05/01/2026
403591,Deepa Gandhi,5204465456,dattakrishna@example.net,Chandigarh,Zepto,,2026-05-12
403592,Hritik Hegde,4325933081,oliverchadha@example.net,BLR,Blinkit,ios,2024-10-20
403593,Dalbir Madan,6092447522,mdua@example.com,mumbai,Blinkit,iOS,2025-09-23
403594,Ekantika Goda,2757575079,iraaurora@example.org,Ahmedabad,Zepto,Android,2025-06-14
403595,Chakradhar Panchal,8056483550,dsuri@example.org,Kolkata,BigBasket,ios,2024-12-03
403596,Ranbir Dhaliwal,5167132208,hitesh03@example.net,Hyderabad,Swiggy Instamart,ANDROID,2024-11-08
403597,David Biswas,1308989936,abha53@example.com,Ahmedabad,Blinkit,Android,2024-06-05
403598,Yasti Khosla,0973346290,kben@example.org,Ahmedabad,Blinkit,ios,29/09/2023
403599,Warinder Mall,6257640490,veda59@example.org,Ahmedabad,Blinkit,Android,2025-07-29
403600,Vasudha Ram,4633636980,,Delhi,BigBasket,iOS,2025-11-29
403601,Aarini Reddy,4379077902,cshenoy@example.com,Kolkata,Blinkit,ios,07-14-2025
403602,Udarsh Parekh,2821186659,udoshi@example.com,Chennai,Swiggy Instamart,iOS,2026-03-10
403603,Falan Balan,8353373568,meghaupadhyay@example.net,Kolkata,Zepto,Android,2024-11-15
403604,Manthan Bawa,0549509120,jagrati62@example.com,Pune,Zepto,ANDROID,2025-10-15
403605,Sarthak Bains,1702336501,saralad@example.com,Bengaluru,Blinkit,,2025-07-11
403606,Tanmayi Gara,2624253411,,mumbai,Blinkit,iOS,2024-03-25
403607,Lipika Mohan,1249562566,devika40@example.org,Hyderabad,BigBasket,ios,2026-03-10
403608,Gauri Bal,4421743905,tiwarikai@example.com,Chandigarh,Zepto,ANDROID,2023-10-14
403609,Quincy Mohanty,5715939715,yuvrajpant@example.org,Chennai,BigBasket,iOS,09/08/2024
403610,Advika Ravi,6632317834,girikcontractor@example.com,Kolkata,Swiggy Instamart,Android,2024-03-09
403611,Udarsh Narain,4206761236,,Chennai,Zepto,ios,2025-07-01
403612,Pallavi Thaker,,reyanshbumb@example.net,Bengaluru,BigBasket,iOS,2024-09-24
403613,Bakhshi Andra,9461914793,alka72@example.com,Hyderabad,BigBasket,Android,2025-08-11
403614,Akshay Pradhan,0794406621,bajwaraksha@example.com,Kochi,Zepto,iOS,28-Jul-2025
403615,Madhav Samra,6811490820,dubevamakshi@example.org,Kochi,BigBasket,Android,2023-12-13
403616,Tejas Gala,2018458447,triya37@example.net,Pune,Swiggy Instamart,ANDROID,2025-06-18
403617,Harshil Patla,4475143909,macharya@example.net,Hyderabad,Blinkit,ANDROID,06-23-2025
403618,Vinaya Shanker,7682858535,patrick53@example.org,Jaipur,Blinkit,ANDROID,2024-05-16
403619,Oliver Narula,8238311921,ggupta@example.org,Mumbai,Blinkit,ios,2025-06-21
403620,Samar Badal,0186769670,subramaniamkashish@example.org,Kolkata,BigBasket,ANDROID,2026-04-23
403621,Naveen Manne,4951051594,,Kochi,Swiggy Instamart,ANDROID,2026-03-11
403622,Zayyan Parmer,2096864598,ramaswamykritika@example.org,Ahmedabad,Swiggy Instamart,ANDROID,2025-09-04
403623,Saumya Bhagat,5694588861,vivaan20@example.com,Jaipur,Swiggy Instamart,Android,30/01/2025
403624,Arya Pradhan,2252545747,xchaudhary@example.org,Pune,Blinkit,Android,2023-11-30
403625,Ishwar Warrior,8790550046,kotagautam@example.org,Jaipur,Zepto,ios,2026-07-26
403626,Oni Deo,0282210496,,Ahmedabad,BigBasket,,2025-09-13
403627,Ekansh Arya,5406524818,zashilsha@example.com,Bengaluru,Zepto,,2025-01-26
403628,Anjali Pathak,4196944918,libni21@example.com,Chandigarh,Swiggy Instamart,ios,18-May-2026
403629,Brijesh Dora,3293351812,hamsini90@example.net,Ahmedabad,Blinkit,ios,2026-07-17
403630,Jatin Bora,3819317342,kadeazad@example.org,BLR,BigBasket,ios,2024-02-15
403631,Bina Samra,2086745499,fghosh@example.net,Bengaluru,Zepto,iOS,2026-05-21
403632,Qasim Pandit,8326627061,joshuaganesan@example.org,delhi,Zepto,Android,27-Dec-2025
403633,Ekalinga Sodhi,4790443201,lavanyayohannan@example.org,New Delhi,BigBasket,Android,2025-01-21
403634,Maanav Padmanabhan,4933671550,dattaekaraj@example.com,Kochi,Zepto,,2025-11-09
403635,Oscar Narasimhan,8897382661,vmanda@example.com,Kolkata,Zepto,iOS,2024-09-11
403636,Michael Char,0216271071,ryandewan@example.net,Jaipur,Zepto,ANDROID,26/10/2024
403637,Chatura Sani,4124634919,michaeldas@example.net,Pune,Blinkit,ANDROID,18/09/2023
403638,Avni Bhattacharyya,,varsha00@example.org,Hyderabad,Zepto,iOS,2024-02-01
403639,Ekbal Kala,9027588345,wakeetadesai@example.com,Lucknow,BigBasket,iOS,07-19-2026
403640,Vincent Bhandari,8491865669,jasmitnatarajan@example.com,Chennai,Zepto,ios,2025-07-01
403641,Vedant Bhavsar,6981273012,reva88@example.org,Pune,Swiggy Instamart,,2025-08-26
403642,Orinder Krishnan,0181443492,timothy68@example.com,Lucknow,Blinkit,ANDROID,2026-03-07
403643,David Virk,4596652199,darsh87@example.net,Kochi,Swiggy Instamart,Android,01-09-2026
403644,Hemal Varkey,7689951605,tdeshmukh@example.org,Delhi,Zepto,Android,2024-07-03
403645,Nidra Prabhakar,0971711091,gjain@example.org,Delhi,Swiggy Instamart,ANDROID,2024-05-08
403646,Praneel Golla,0957041045,munisneha@example.com,Jaipur,Swiggy Instamart,ios,2026-08-01
403647,Zehaan Yogi,5100988419,srivastavacaleb@example.net,Ahmedabad,Zepto,iOS,2025-11-25
403648,Vyanjana Sengupta,7177644694,sachikhanna@example.net,Kolkata,Swiggy Instamart,Android,2025-12-30
403649,Anya Samra,6203825732,bavaridhi@example.com,Kolkata,BigBasket,,2026-07-15
403650,Vasudha Rajagopal,9040590644,dhillonzayyan@example.com,Lucknow,Blinkit,ios,2026-01-02
403651,Yuvraj Dewan,7465453655,chandani60@example.org,Kolkata,Blinkit,ANDROID,2025-03-10
403652,Rachita Krishnamurthy,5892428093,,Chandigarh,Swiggy Instamart,ANDROID,2025-10-30
403653,Ridhi Luthra,3836198471,chakrabortyprisha@example.net,Chennai,BigBasket,iOS,2024-03-08
403654,Vrinda Mangal,7335580250,xsetty@example.org,Kochi,Zepto,Android,2024-03-12
403655,Maya Mandal,6702544085,wtara@example.org,Kolkata,Zepto,iOS,2026-07-15
403656,Urvashi Iyer,6674163057,npathak@example.net,Kochi,BigBasket,ios,2023-08-24
403657,Chandran Baral,4754850576,jainbhavna@example.com,Kolkata,Swiggy Instamart,ANDROID,2023-12-23
403658,Azad Gopal,0685480058,jbabu@example.net,Lucknow,Swiggy Instamart,ios,2023-09-20
403659,Jason Pai,7553005623,ideo@example.net,Chandigarh,BigBasket,iOS,2023-11-08
403660,Lavanya Dasgupta,2206233287,dbains@example.com,Lucknow,Blinkit,ios,2026-02-04
403661,Manya Kar,1974381286,,Bengaluru,Zepto,ios,2023-10-24
403662,Kala Khanna,,bdhingra@example.org,Jaipur,Zepto,ANDROID,2024-09-11
403663,Riya Reddy,8482433485,anjali51@example.net,Pune,BigBasket,Android,2025-04-17
403664,Xalak Swamy,5274205490,amaira80@example.com,Mumbai,Swiggy Instamart,,2026-01-14
403665,Ranveer Jani,0610073455,khanda@example.org,Bengaluru,Swiggy Instamart,ios,2026-07-19
403666,Tanay Chatterjee,9526436862,wmadan@example.com,Mumbai,Swiggy Instamart,Android,04-15-2024
403667,Parth Ravi,9956389947,patrick02@example.org,Lucknow,BigBasket,ios,2026-02-09
403668,Wriddhish Karnik,5871112591,janujataneja@example.org,Chandigarh,Blinkit,ios,2025-04-26
403669,Fariq Bawa,8240300167,charles52@example.org,Ahmedabad,Swiggy Instamart,Android,2025-07-03
403670,Chavvi Sethi,4934748085,tankvritti@example.net,Chandigarh,Zepto,Android,28-Dec-2024
403671,Nathan Chaudhry,3270055835,nsule@example.com,Chennai,Zepto,iOS,2024-01-18
403672,Jairaj Suresh,0909742067,yprasad@example.net,Chennai,Blinkit,ANDROID,2025-03-20
403673,Jonathan Morar,4794002515,ydara@example.com,Jaipur,Zepto,ANDROID,03-10-2026
403674,Suhani Datta,5986741122,lkala@example.org,Ahmedabad,Blinkit,iOS,2024-03-07
403675,Janani Sodhi,6439635192,qabil75@example.net,Chandigarh,Blinkit,ios,2023-12-21
403676,Urvi Chauhan,,aarini45@example.com,Kolkata,Swiggy Instamart,iOS,2024-12-29
403677,Unni Koshy,7402756531,,Pune,Swiggy Instamart,Android,2026-07-16
403678,Rishi Yogi,2627484664,sainarasimhan@example.org,Chennai,Zepto,ANDROID,2024-09-18
403679,Timothy Soni,0765830290,ishakaul@example.org,Pune,Zepto,Android,2024-09-13
403680,Utkarsh Kibe,0577604821,omya33@example.org,Lucknow,BigBasket,iOS,11-Jul-2026
403681,Yashoda Khalsa,4067029117,bakshiijaya@example.net,Ahmedabad,BigBasket,,2025-05-01
403682,Utkarsh Gade,5223430100,bimalasanghvi@example.org,Delhi,Blinkit,iOS,2023-10-19
403683,Sachi Bhasin,7215513108,girik31@example.net,Chennai,Blinkit,ANDROID,31-Jul-2024
403684,Anya Mand,4370883685,zayan25@example.com,Ahmedabad,Blinkit,ios,2026-01-07
403685,Ikshita Brahmbhatt,8961078020,gdoshi@example.org,Pune,Swiggy Instamart,iOS,2026-01-16
403686,Aishani Dora,0544332297,kalpitlall@example.org,Hyderabad,Blinkit,ANDROID,2024-05-12
403687,Lohit Bhattacharyya,3100795531,lakshmi27@example.net,Ahmedabad,Blinkit,Android,2024-12-28
403688,Naksh Venkataraman,2475306411,onkarraghavan@example.com,Pune,Zepto,ANDROID,2025-08-27
403689,Naveen Walia,4641191217,charitadeol@example.com,Chandigarh,Zepto,ANDROID,2026-02-03
403690,Yoshita Raman,2368994091,modironith@example.org,Chennai,Blinkit,ANDROID,12-14-2023
403691,Tanveer Bakshi,7860429503,zdeol@example.org,Ahmedabad,Swiggy Instamart,,2026-03-03
403692,Yashoda Ahuja,8615321466,keya83@example.net,Jaipur,BigBasket,ios,2026-05-16
403693,Omya Seshadri,4412804946,omya88@example.com,Ahmedabad,Swiggy Instamart,ios,2026-03-12
403694,Xavier Mahajan,3585611966,yadavlipika@example.com,Lucknow,Swiggy Instamart,Android,2026-06-17
403695,Eiravati Raghavan,3962561749,yoshita31@example.com,Mumbai,Zepto,ANDROID,2025-01-08
403696,Henry Karan,3051658131,tara22@example.org,Chandigarh,BigBasket,iOS,2026-04-04
403697,Parth Pillai,4483133491,garima79@example.org,Ahmedabad,Blinkit,ANDROID,2025-03-02
403698,Faris Lala,2961761886,anyamital@example.com,Kochi,BigBasket,ios,2024-10-17
403699,Tanmayi Gokhale,5582257580,basakyauvani@example.com,Kochi,Swiggy Instamart,ios,2024-12-07
403700,Samarth Mahal,8745852039,doraikbal@example.net,Mumbai,BigBasket,iOS,21/10/2024
403701,Arin Nath,5070577730,megha08@example.net,Bengaluru,Blinkit,ios,2024-06-18
403702,Rudra Sinha,4426133048,zsekhon@example.org,New Delhi,Zepto,ios,2025-12-30
403703,Anthony Varma,3387551155,sompooja@example.com,Kochi,Zepto,ios,2024-06-26
403704,Ishwar Memon,5894318687,chamannaidu@example.org,Mumbai,Blinkit,Android,2026-07-10
403705,Damyanti Madan,9768301160,lukebutala@example.net,Jaipur,Zepto,iOS,2024-01-19
403706,Elijah Manne,1433437753,,Lucknow,BigBasket,ANDROID,2025-05-22
403707,David Keer,6994237829,hema76@example.org,Bengaluru,Blinkit,ANDROID,2024-09-20
403708,Divya Sastry,2220887574,qabil94@example.net,Lucknow,Zepto,ANDROID,2026-04-28
403709,Bachittar Naik,2630082077,qsathe@example.com,Mumbai,Swiggy Instamart,ANDROID,2025-03-31
403710,Amrita Hora,5097522016,oscar37@example.com,Ahmedabad,BigBasket,ANDROID,2026-07-29
403711,Priya Rattan,0393753302,vanya90@example.org,Chennai,BigBasket,Android,2025-10-14
403712,Yauvani Mohanty,2862433342,vedhikazacharia@example.net,Kochi,BigBasket,ANDROID,2025-12-11
403713,Pallavi Chander,2641021368,ramanathanviraj@example.com,Chandigarh,Zepto,ANDROID,2025-07-31
403714,Jalsa Dyal,7498579987,azad34@example.com,Hyderabad,Blinkit,ANDROID,2024-01-01
403715,Kai Aggarwal,9690474542,adweta81@example.net,Kolkata,BigBasket,ANDROID,2025-01-27
403716,Yashoda Zacharia,6109254880,sankaramruta@example.org,Lucknow,BigBasket,iOS,07-11-2024
403717,Fitan Gala,9923193052,mangaltriya@example.org,Kochi,BigBasket,Android,2026-07-15
403718,Damini Chakraborty,1244697972,lucky48@example.com,Pune,BigBasket,ANDROID,28/09/2025
403719,Nikita Natt,7538726372,miteshhegde@example.net,Kolkata,Zepto,iOS,2025-12-14
403720,Ganga Barad,0650479023,bhargavashravya@example.org,Kolkata,BigBasket,ios,2024-05-25
403721,Megha Deol,9476413456,varkeybaghyawati@example.net,Kochi,Blinkit,Android,2025-03-28
403722,Aarna Prasad,5155602488,abhimanyu75@example.net,Chennai,BigBasket,Android,2024-11-25
403723,Andrew Brahmbhatt,6828856310,ansh77@example.com,Chennai,Blinkit,Android,2024-02-27
403724,Tanveer Mistry,9504833868,george66@example.net,Lucknow,BigBasket,iOS,2025-02-27
403725,Faqid Konda,1088921555,wriddhish66@example.com,Jaipur,Swiggy Instamart,Android,02-21-2025
403726,Dipta Wable,3300197212,chhabrayash@example.com,Hyderabad,Swiggy Instamart,ios,05-17-2024
403727,Krishna Sankaran,9230086546,vshankar@example.net,Hyderabad,Zepto,Android,2025-12-07
403728,Riya Pradhan,2445054473,azadarya@example.net,Hyderabad,BigBasket,Android,2025-05-09
403729,Mitesh Pau,6273094121,jnath@example.net,Lucknow,BigBasket,ios,2025-05-21
403730,Aarnav Thaman,1916023291,hemaldutt@example.org,Kolkata,Zepto,ANDROID,2026-06-09
403731,Christopher Lanka,5911871946,rachitamodi@example.net,Pune,Swiggy Instamart,ios,2024-03-04
403732,Yashawini Biswas,7251356153,cheemadalaja@example.org,Kolkata,BigBasket,Android,2025-02-17
403733,Yashica Raj,2560751743,xkara@example.com,Hyderabad,Zepto,ios,2023-12-21
403734,Aadhya Chowdhury,9186028348,desairachit@example.org,Pune,BigBasket,,2024-01-15
403735,Nicholas Nair,2522625831,,Chandigarh,Blinkit,iOS,2023-08-27
403736,Nitesh Kara,4998783548,madantara@example.net,Kochi,Blinkit,ANDROID,2025-05-07
403737,Jacob Das,8686413178,yoshitakapadia@example.org,Pune,Blinkit,Android,2024-06-06
403738,Amrita Verma,5562635296,ucchal64@example.org,Lucknow,BigBasket,ios,2025-09-08
403739,Chandresh Nath,4872259663,vrinda81@example.com,Delhi,Swiggy Instamart,Android,02-20-2026
403740,Chasmum Batta,0763456722,chadhabhavika@example.org,Ahmedabad,BigBasket,ios,2024-04-03
403741,David Ramaswamy,8031542219,tgopal@example.com,Mumbai,Zepto,ios,2026-06-06
403742,Abdul Pillay,7371326145,lila20@example.net,Kolkata,BigBasket,iOS,2026-03-26
403743,Niharika Ganguly,5691497144,madhavi24@example.org,Bengaluru,Blinkit,iOS,2024-04-10
403744,Divya Mitra,1934282578,dattakamya@example.net,Bengaluru,BigBasket,ANDROID,2025-01-02
403745,Oliver Solanki,0044341938,adya60@example.net,Ahmedabad,Zepto,,27-Jul-2026
403746,Nathan Karan,0840750298,vedhikaahuja@example.org,Bengaluru,Zepto,Android,2023-09-11
403747,Qadim Ghose,6719477002,nidra49@example.org,Lucknow,Zepto,ios,2024-11-05
403748,Wishi Sami,6720443793,ilad@example.org,Jaipur,BigBasket,iOS,2026-04-17
403749,George Kunda,1615228750,reyanshchoudhury@example.org,Chandigarh,Swiggy Instamart,Android,2025-11-02
403750,Aryan Mukherjee,6635413543,chameli09@example.net,Ahmedabad,Blinkit,iOS,2025-11-16
403751,Logan Jaggi,0821389823,iatwal@example.net,mumbai,Blinkit,Android,2025-07-10
403752,Qabil Ravel,4400742065,,Chandigarh,Blinkit,Android,2025-09-19
403753,Omaja Singh,5217049823,nmitra@example.net,Pune,BigBasket,Android,2024-05-31
403754,Upasna Devi,7079709118,vargheseqabil@example.com,Chandigarh,BigBasket,Android,13-Apr-2025
403755,Girindra Garg,2303960582,xbakshi@example.org,Kochi,Zepto,iOS,01-18-2025
403756,Maya Dave,9648288552,chaman44@example.com,Chandigarh,BigBasket,Android,2026-06-06
403757,Sanaya Patla,6995376950,,Chennai,BigBasket,ios,2025-12-11
403758,Fiyaz Sampath,4945593804,samuel88@example.net,Lucknow,Zepto,iOS,2025-08-10
403759,Charita Nair,9525133677,kibegunbir@example.com,Kolkata,Zepto,iOS,2026-02-04
403760,Turvi Yogi,8011851872,fborah@example.com,Ahmedabad,Blinkit,iOS,2023-09-09
403761,Mitali Ratti,0472222140,nboase@example.org,Pune,Swiggy Instamart,ANDROID,2024-04-12
403762,Ranveer Hora,6866594733,chakradevdass@example.org,Jaipur,BigBasket,Android,2024-06-22
403763,Advika Kapadia,7945185875,mammenchanchal@example.net,Hyderabad,Zepto,ANDROID,05-13-2024
403764,Bhavya Apte,3286445883,nirjawadhwa@example.org,Pune,Blinkit,Android,2024-06-25
403765,Nicholas Mallick,8027056989,yachanadube@example.net,NCR,Blinkit,Android,02-16-2026
403766,Jason Aggarwal,4197942867,arunimasinghal@example.org,Hyderabad,BigBasket,ios,2024-10-12
403767,Ucchal Jaggi,0321849674,sodhialexander@example.net,Mumbai,Swiggy Instamart,iOS,2025-10-13
403768,Urvi Balan,3361708030,damini21@example.net,Bombay,Swiggy Instamart,ANDROID,2024-08-21
403769,Noah Bhavsar,6251281581,chandreshdoshi@example.com,Hyderabad,Blinkit,ios,2025-01-23
403770,Yashodhara Agate,9238840501,,Jaipur,Swiggy Instamart,ANDROID,2026-07-03
403771,Gaurika Mani,3039405532,mmunshi@example.net,Hyderabad,Zepto,ios,2025-02-03
403772,Samar Pau,2379517799,nazarethwidisha@example.org,Hyderabad,Zepto,ios,27-May-2024
403773,Vivaan Puri,7622111231,wakeetatoor@example.org,Kolkata,Zepto,ANDROID,2025-11-10
403774,Upadhriti Bala,8385198533,ubuch@example.net,Mumbai,Zepto,iOS,2026-02-08
403775,Praneel Kamdar,6855239660,jtrivedi@example.com,Delhi,Swiggy Instamart,,2025-10-31
403776,Quincy Jayaraman,9813060591,,Ahmedabad,BigBasket,ANDROID,2025-03-16
403777,Gavin Palan,8021584414,anvimishra@example.org,Pune,Zepto,Android,03-Nov-2023
403778,Yochana Seshadri,,orinderminhas@example.com,Chandigarh,Zepto,,2024-06-11
403779,Ansh Pillay,5235271968,oommensamaksh@example.net,Kolkata,BigBasket,Android,2023-10-20
403780,Damini Sharma,1012672678,aanne@example.org,Lucknow,Blinkit,Android,2023-11-28
403781,Gagan Mann,7910078520,ddar@example.com,Lucknow,Zepto,ios,2024-12-07
403782,Yachana Pradhan,5862065459,aadhyanatt@example.com,Bengaluru,Swiggy Instamart,ANDROID,2025-11-18
403783,Gaurangi Bajwa,7498103822,zramanathan@example.org,Chennai,Zepto,Android,04/03/2026
403784,Lajita Agrawal,4369817223,balhaar83@example.com,BLR,Swiggy Instamart,,2024-04-28
403785,Benjamin Dhar,3426552433,rudrareddy@example.org,Lucknow,Swiggy Instamart,ANDROID,2023-11-29
403786,Abhimanyu Bahl,3372737621,wjhaveri@example.com,Chandigarh,Swiggy Instamart,ANDROID,2023-08-30
403787,Eesha Samra,5073169925,kmahajan@example.net,Lucknow,Zepto,ANDROID,2023-08-31
403788,Keya Jha,,fwason@example.com,Kolkata,BigBasket,,2025-11-17
403789,Yamini Sarma,5793629469,nayarlila@example.com,Bangalore,Blinkit,Android,12/06/2025
403790,Sneha Sridhar,7558288874,godawishi@example.com,Chennai,Blinkit,ios,2024-03-07
403791,Pranav Contractor,1040959967,qsavant@example.net,Bengaluru,BigBasket,ios,2023-12-07
403792,Matthew More,0944403166,darpannagar@example.org,Hyderabad,BigBasket,Android,02-04-2026
403793,Jagat Swaminathan,4250517078,advaith75@example.com,Kochi,Blinkit,Android,05-03-2024
403794,Diya Verma,1353818337,vrishti25@example.org,Hyderabad,Blinkit,ios,2025-06-06
403795,Widisha Pai,9833591296,golehritik@example.org,Mumbai,Swiggy Instamart,iOS,04-14-2026
403796,Maanav Grewal,6571458484,chaudhryjason@example.net,Kolkata,Swiggy Instamart,iOS,2024-06-28
403797,Gaurika Parekh,9789988126,oviyaprabhakar@example.com,Pune,BigBasket,iOS,2026-02-19
403798,Ganga Varkey,4836880579,banjeetbali@example.org,New Delhi,Zepto,Android,2025-01-13
403799,Omya Goel,5944930194,dhardivya@example.com,Ahmedabad,Blinkit,ios,2026-08-09
403800,Krishna Kothari,8059536232,yadavveda@example.net,Bengaluru,Blinkit,ios,2026-01-24
403801,Peter Bora,2789320445,dhritisanghvi@example.com,Ahmedabad,Zepto,iOS,2024-10-30
403802,Abha Mishra,9397106330,,Lucknow,BigBasket,Android,2026-02-21
403803,David Buch,2162187445,indrajitjhaveri@example.org,Delhi,BigBasket,ANDROID,2024-11-21
403804,Ekalinga Bath,3589617984,shravyamemon@example.org,Lucknow,Zepto,iOS,2025-05-23
403805,Januja Bala,,johalpranit@example.org,Jaipur,Swiggy Instamart,Android,2025-12-04
403806,Ijaya Panchal,5688185288,lramanathan@example.org,Kolkata,Swiggy Instamart,iOS,2026-03-23
403807,Matthew Hora,2335158700,vinayasuri@example.org,Jaipur,Swiggy Instamart,Android,2025-10-11
403808,Yagnesh Sathe,5702992873,zayankala@example.org,Chandigarh,Swiggy Instamart,ios,2025-06-03
403809,Qabil Sarin,0223102586,labanchatterjee@example.com,Ahmedabad,Zepto,ios,2024-01-31
403810,Yuvraj Sastry,8550986781,vchandra@example.net,Delhi,BigBasket,ios,2024-02-08
403811,Aarini Lala,1449448038,sulerushil@example.org,Delhi,BigBasket,iOS,2025-12-20
403812,Ridhi Kota,7178477012,mangatranveer@example.org,Ahmedabad,Blinkit,iOS,2024-10-20
403813,Yashoda Warrior,4790276358,choudhuryjairaj@example.net,Pune,Zepto,iOS,02-13-2024
403814,Mahika Rajan,9772336109,,Bengaluru,Swiggy Instamart,Android,2026-05-01
403815,Manya Vasa,2726616328,tellanisha@example.net,New Delhi,Blinkit,Android,2025-07-23
403816,Megha Rege,6422271897,,Hyderabad,Swiggy Instamart,iOS,2025-07-10
403817,Zaid Shukla,3121080330,,Chandigarh,Zepto,Android,2024-09-19
403818,Kalpit Comar,7720602694,senyashawini@example.org,Jaipur,BigBasket,iOS,2024-04-30
403819,Gautam Bose,4649966534,warjas45@example.org,Jaipur,BigBasket,,04-Sep-2025
403820,Ira Kade,8760427764,sodhixiti@example.com,Ahmedabad,Blinkit,Android,26-Dec-2024
403821,Urvi Modi,2819532332,baligeorge@example.com,Pune,Blinkit,Android,2025-03-20
403822,Jack Murty,9145190179,warinder29@example.net,Chandigarh,Zepto,iOS,2024-07-07
403823,Michael Jha,2678016636,nilima38@example.org,Jaipur,BigBasket,iOS,2024-02-26
403824,Dominic Choudhury,3969774297,tgoswami@example.net,Bengaluru,Blinkit,iOS,10/03/2026
403825,Sara Balakrishnan,4587089494,,Hyderabad,Swiggy Instamart,iOS,2023-09-09
403826,Ikbal Thakur,1965151719,kalpitnayak@example.com,Ahmedabad,Swiggy Instamart,iOS,2026-07-07
403827,Naksh Uppal,4325262092,tpalan@example.com,Jaipur,BigBasket,ANDROID,2026-04-22
403828,Aashi Lad,1814891506,zachariabishakha@example.org,Ahmedabad,BigBasket,ANDROID,2025-08-12
403829,Anusha D’Alia,0737963978,farajlad@example.org,Delhi,Swiggy Instamart,iOS,2025-06-24
403830,Jhalak Nayak,8135765984,saumyasastry@example.net,Kochi,Zepto,ios,2025-03-29
403831,Ladli Dube,2108830707,vbakshi@example.com,Kochi,Swiggy Instamart,ios,2023-11-12
403832,Nathan Mammen,0512447212,chaaya26@example.com,Kolkata,BigBasket,ios,2026-05-16
403833,Mitesh Puri,8366619318,rushil96@example.net,Kolkata,Blinkit,Android,31/12/2025
403834,Yash Krishna,9472013095,meghana56@example.com,Kolkata,Zepto,ios,2025-01-24
403835,Odika Chopra,9525656300,onveershenoy@example.com,Pune,Zepto,iOS,2024-09-28
403836,Gopal Kohli,7543287724,wbhatti@example.com,Lucknow,BigBasket,ios,2024-07-11
403837,Jagvi Mall,5199964977,,Chennai,Blinkit,Android,2026-02-12
403838,Abha Rau,5175656629,dalajasen@example.org,Jaipur,Blinkit,ios,2025-03-09
403839,Indali Sood,4429364232,,bengaluru,Zepto,ANDROID,2024-09-30
403840,Deepa Patla,1902769996,,Delhi,Blinkit,,2023-12-01
403841,Fariq Parmar,1500825332,ramanathanadya@example.com,Chandigarh,Blinkit,,2025-10-15
403842,Bhavini Lata,1809376477,udutta@example.org,Jaipur,Swiggy Instamart,iOS,11-30-2024
403843,Chasmum Maharaj,2994976681,mishrajyoti@example.com,Kochi,Zepto,iOS,2026-05-09
403844,Xavier Bedi,5069899257,mandalsanya@example.org,Pune,BigBasket,ANDROID,2024-04-06
403845,Arya Kari,6003870052,zmurty@example.net,Hyderabad,BigBasket,ANDROID,2023-09-23
403846,Maanav Boase,8118834510,,Mumbai,Zepto,iOS,2026-03-14
403847,Wakeeta Tiwari,5524781758,qdutt@example.org,Kolkata,BigBasket,ios,2026-07-20
403848,Tejas Krishna,8709832716,lallbarkha@example.org,Delhi,Blinkit,iOS,2024-11-26
403849,Eta Yadav,,neelima24@example.org,Kolkata,Blinkit,iOS,2026-06-09
403850,Darsh Suresh,2224515921,ldyal@example.org,BLR,Swiggy Instamart,Android,2024-08-17
403851,Sathvik Kuruvilla,6991005442,,Bombay,Blinkit,ANDROID,2026-08-02
403852,Amaira Merchant,5573599465,balishita@example.org,Ahmedabad,Blinkit,Android,2023-10-24
403853,Siya Bumb,3314565255,asane@example.com,Kolkata,Swiggy Instamart,ANDROID,2025-07-08
403854,Isaac Kala,0246753892,tarak04@example.org,Delhi,Swiggy Instamart,ANDROID,13-Jan-2026
403855,Saksham Wagle,7512420808,patlaoeshi@example.net,Lucknow,Zepto,ios,2025-03-07
403856,Omya Manne,7861079748,wazirkunda@example.com,Lucknow,BigBasket,ios,2025-10-09
403857,Yoshita Borde,9587159355,prabhusai@example.net,Chennai,BigBasket,ANDROID,2025-01-20
403858,Mohini Mander,9605659875,caleb22@example.com,Mumbai,Swiggy Instamart,ANDROID,2025-08-31
403859,Yashawini Deo,3017334687,beraati@example.com,Chandigarh,Blinkit,iOS,2024-07-05
403860,Tripti Dhaliwal,,saimital@example.org,Chennai,Zepto,iOS,2023-10-04
403861,Eiravati Parikh,8753143256,pallamax@example.net,NCR,BigBasket,Android,05/06/2025
403862,Xalak Talwar,7269608322,yasti53@example.com,Chennai,Swiggy Instamart,iOS,2026-07-30
403863,Zayan Bahl,8382498244,umangdasgupta@example.com,Bangalore,BigBasket,ANDROID,2025-07-19
403864,Shaurya Kala,6068060357,kalpit32@example.org,Chandigarh,BigBasket,iOS,2025-04-24
403865,Vihaan Tripathi,4761443540,magarsarthak@example.org,Delhi,Swiggy Instamart,Android,2025-12-25
403866,Tanish Bajwa,4751147300,arinsankar@example.com,Bengaluru,BigBasket,Android,2025-11-19
403867,Alka Kashyap,5203218649,,Chandigarh,Zepto,ANDROID,2025-10-04
403868,Anamika Contractor,4851537387,memonmason@example.com,Kochi,Zepto,ios,2023-12-17
403869,Victor Mannan,2173215789,jsalvi@example.com,Jaipur,BigBasket,ios,2024-03-24
403870,Ekapad Narain,9235213234,msolanki@example.net,Chandigarh,BigBasket,ios,2026-05-21
403871,Krishna Shanker,6830333973,manbirtrivedi@example.org,Jaipur,Blinkit,ANDROID,2025-05-02
403872,Sai Rana,6877820706,zayan73@example.org,New Delhi,Blinkit,,2025-01-24
403873,Vyanjana Agarwal,0407014706,sarrafmichael@example.com,Kochi,Blinkit,ios,2024-07-17
403874,Divya Sarraf,9975035363,kavyabaral@example.com,Mumbai,Swiggy Instamart,iOS,2025-03-07
403875,Amol Khare,,fiyaz32@example.org,Kochi,Blinkit,,2025-11-26
403876,Maanav Mital,3152393862,chackovanya@example.net,Jaipur,Blinkit,ios,02/04/2025
403877,Ronith Prashad,8341333323,hemang77@example.org,Kochi,Zepto,Android,2024-11-22
403878,Ubika Tata,4866955363,anita24@example.net,BLR,Swiggy Instamart,ANDROID,2025-08-04
403879,Upasna Mani,6182168188,jagratikrishnamurthy@example.org,Mumbai,Blinkit,Android,2025-05-03
403880,Mugdha Gola,1064570686,jpau@example.net,Kolkata,BigBasket,iOS,2025-03-10
403881,Simon Mane,,dubeysai@example.net,Kochi,Zepto,ANDROID,2026-08-10
403882,Caleb Ahluwalia,2504275747,ishanvi25@example.com,Mumbai,Zepto,Android,2024-07-27
403883,Anya Sachdev,1947973199,liamdoshi@example.net,bengaluru,Zepto,ANDROID,2026-04-23
403884,Amara Rajan,5712586765,prishachandra@example.net,Hyderabad,BigBasket,iOS,22-Nov-2023
403885,Abeer Bajwa,9075916310,agastya48@example.com,Delhi,Zepto,Android,2025-06-10
403886,Mahika Hans,3206616327,faqid94@example.org,Kochi,Blinkit,ios,2023-10-25
403887,Forum Sengupta,1606102664,ykannan@example.net,Kolkata,BigBasket,ios,2023-11-15
403888,Tejas Natt,7627598247,lajitapau@example.com,Delhi,Zepto,ios,2025-11-28
403889,Hemangini Nair,2792000412,naksh79@example.com,Chandigarh,Zepto,iOS,2025-07-21
403890,Divya Mander,6841356575,ebora@example.com,Lucknow,Zepto,,2026-03-07
403891,Jeet Desai,0168655107,ambleveer@example.com,Kolkata,Blinkit,ios,2023-12-12
403892,Hema Pradhan,0781149810,riaupadhyay@example.com,Delhi,Swiggy Instamart,iOS,2026-05-14
403893,Mugdha Shah,2851607494,wishi51@example.com,Lucknow,Zepto,ANDROID,2025-03-08
403894,Niharika Kohli,8774811474,jagvi42@example.com,Chennai,Zepto,Android,2025-04-30
403895,Farhan Pandit,3387372381,varenya21@example.com,Mumbai,Blinkit,iOS,2026-06-07
403896,Ekansh Bhalla,9009890437,chakrikagoyal@example.org,Kolkata,BigBasket,ios,2024-02-06
403897,Amara Padmanabhan,3547295839,wkrishnan@example.org,Mumbai,BigBasket,Android,2024-05-02
403898,Bhavya Upadhyay,7551060110,oamble@example.org,Hyderabad,BigBasket,ios,2026-06-02
403899,Darpan Keer,0848727970,chavvi22@example.net,Chennai,Swiggy Instamart,ANDROID,2024-02-14
403900,Yauvani Jaggi,0801195974,abha54@example.com,Lucknow,Swiggy Instamart,ios,2024-07-17
403901,Aditya Mittal,7679344352,omkaardhingra@example.com,Bengaluru,Swiggy Instamart,Android,2026-06-09
403902,Vedhika Jani,2036262949,vasana44@example.org,Jaipur,Swiggy Instamart,ANDROID,25/08/2025
403903,Darika Rattan,4755715096,raoreyansh@example.org,Kochi,Blinkit,Android,2024-01-21
403904,Nandini Viswanathan,,chatresh98@example.com,mumbai,Swiggy Instamart,Android,2025-11-15
403905,Lavanya Shanker,1355082066,yashica39@example.net,Delhi,Swiggy Instamart,Android,2024-03-07
403906,Jagvi Bala,4252531122,harshil53@example.net,delhi,Zepto,ios,2025-12-01
403907,Yashodhara Sahni,8855867190,rudrahans@example.org,Chandigarh,Zepto,ios,2023-10-08
403908,Shaurya Mukhopadhyay,6040172893,jairaj28@example.org,Jaipur,Swiggy Instamart,ANDROID,2026-06-17
403909,Samarth Narayanan,6489435871,ibala@example.org,Kochi,Zepto,Android,2026-05-12
403910,Sanaya Tailor,1555359224,samrajyoti@example.net,Hyderabad,BigBasket,,2024-11-24
403911,Libni Sehgal,3588099084,sankaransarthak@example.net,Mumbai,BigBasket,ios,2023-10-17
403912,Yashoda Varma,,sandalamruta@example.com,Mumbai,Blinkit,Android,2026-04-06
403913,Aarush Sarna,5485028624,oscar47@example.org,Ahmedabad,Swiggy Instamart,ios,2026-03-09
403914,Rishi Choudhry,4159533845,ramalaksh@example.org,Hyderabad,Blinkit,ios,2025-03-01
403915,Abhiram Baral,9969919641,nidhivig@example.org,Ahmedabad,Zepto,,01-28-2024
403916,Vanya Viswanathan,1585632634,amrita01@example.com,Kochi,Swiggy Instamart,ANDROID,2026-02-20
403917,Xiti Kale,1090405206,tarak24@example.net,Kolkata,BigBasket,iOS,2024-03-29
403918,Praneel Muni,5826591283,trivediabhiram@example.net,Chandigarh,Zepto,Android,16-Mar-2026
403919,Azad Din,8480912019,vasudha63@example.com,Hyderabad,Blinkit,Android,2025-07-15
403920,Devansh Deo,5620374957,jacob78@example.com,Kolkata,BigBasket,ios,2024-09-20
403921,Vincent Balasubramanian,0128706208,dyalqasim@example.net,Kochi,Blinkit,iOS,2026-04-25
403922,Ekantika Khosla,3544612828,prishavaidya@example.net,Lucknow,BigBasket,iOS,09/06/2026
403923,Chakrika Sabharwal,4100198932,reva74@example.com,Lucknow,Zepto,,2023-12-14
403924,Balhaar Sagar,8539489314,sawhneynetra@example.org,Chennai,Blinkit,Android,2024-02-06
403925,Aarav Gaba,7365733776,narangmadhavi@example.org,Chennai,Zepto,Android,2023-09-13
403926,Turvi Behl,6937602012,toorryan@example.org,Chennai,Swiggy Instamart,iOS,2025-09-01
403927,Ansh Singhal,2058874419,anaypatel@example.net,New Delhi,Swiggy Instamart,iOS,28-Sep-2025
403928,Gaurav Nagi,8182897529,yashawinikhosla@example.com,Chennai,Swiggy Instamart,iOS,2023-09-05
403929,Tarak Viswanathan,2887664754,avigandhi@example.net,Bengaluru,Zepto,ios,2024-04-03
403930,Yamini Khatri,9762795563,amangat@example.net,Chennai,Blinkit,,2025-11-27
403931,Ronith Desai,4882358587,xjohal@example.org,Pune,Swiggy Instamart,iOS,2024-06-15
403932,Raagini Wason,8393221539,mprasad@example.org,Chennai,BigBasket,iOS,2025-04-06
403933,Siddharth Guha,7525214117,,Lucknow,Zepto,iOS,2023-10-28
403934,Max Murthy,9344664669,charan76@example.com,Ahmedabad,BigBasket,ANDROID,2026-04-23
403935,Pranit Reddy,5678611740,naircaleb@example.org,Ahmedabad,Blinkit,Android,2026-03-04
403936,Elijah Mishra,1393587316,xpillay@example.com,Jaipur,Blinkit,Android,2023-10-31
403937,Hamsini Bir,5860329622,kavyamall@example.net,Jaipur,BigBasket,ANDROID,2025-12-11
403938,Dhriti Gole,6758907532,arya73@example.com,Ahmedabad,Swiggy Instamart,ios,2025-09-08
403939,Umang Guha,4205540300,girikkarnik@example.com,Ahmedabad,Swiggy Instamart,ANDROID,2026-01-02
403940,Faqid Sarin,1832027242,kashyapzashil@example.net,Kochi,Zepto,ANDROID,2026-05-03
403941,Chavvi Varghese,4085771879,kavya66@example.com,Delhi,Zepto,Android,2026-03-21
403942,Urvashi Yogi,,fsuresh@example.net,Lucknow,Swiggy Instamart,Android,2023-09-01
403943,Samar Dara,0351069231,falguni13@example.org,Pune,Zepto,ios,24-Dec-2025
403944,Jacob Datta,4834542716,wazir39@example.net,Chennai,Swiggy Instamart,ios,2024-09-13
403945,Anusha Batra,7598894718,,Hyderabad,Blinkit,iOS,2024-12-20
403946,Wishi Mahajan,8860984912,tanvi70@example.com,Jaipur,Swiggy Instamart,iOS,2024-10-04
403947,Gayathri Parekh,1335476030,abalay@example.com,BLR,Swiggy Instamart,Android,2025-04-28
403948,Chandani Jani,4376883401,,Pune,Blinkit,ios,2025-12-01
403949,Umang Date,5176714215,vanshabanerjee@example.com,Chandigarh,BigBasket,ANDROID,2025-04-12
403950,Raagini Devi,6210656547,chaturadugar@example.net,Ahmedabad,Blinkit,ANDROID,2025-10-24
403951,Hiral Sur,6729894358,annefrado@example.com,Chennai,Zepto,ios,2025-06-23
403952,Indrajit Char,6783334298,vborra@example.net,delhi,Blinkit,ANDROID,2026-07-19
403953,Liam Chand,1210612291,bthakkar@example.org,Hyderabad,Blinkit,ANDROID,2026-03-15
403954,Pooja Ahluwalia,3671935394,nchacko@example.com,Pune,Zepto,Android,2026-02-17
403955,Devika Dube,4960645596,gautami42@example.com,Ahmedabad,BigBasket,Android,2024-08-27
403956,Damini Roy,8512661015,nayarlakshmi@example.net,Mumbai,Swiggy Instamart,Android,2024-11-02
403957,Yasti Shah,4207570090,tchatterjee@example.com,Mumbai,Blinkit,iOS,03/05/2024
403958,Balhaar Bhatnagar,2766559138,yatan06@example.org,Mumbai,Zepto,iOS,02-Feb-2026
403959,Xiti Tandon,1994423928,niharikaraghavan@example.com,Chandigarh,Swiggy Instamart,iOS,06/01/2024
403960,Rachita Deol,4479516648,sachi01@example.com,Hyderabad,BigBasket,iOS,2023-09-17
403961,Eta Wable,1735264334,,BLR,Swiggy Instamart,ANDROID,2026-06-21
403962,Utkarsh Bath,,nigamowen@example.com,Bengaluru,Zepto,,2023-10-21
403963,Mitesh Gandhi,1935085975,vedikawali@example.net,Lucknow,Swiggy Instamart,ios,2025-05-21
403964,Lopa Pandit,6182741226,vaishnavipal@example.net,Bengaluru,Blinkit,ios,2024-06-09
403965,Mohammed Luthra,0071757707,yashodakale@example.org,Chennai,Swiggy Instamart,ios,2024-04-07
403966,Kashvi Behl,2583971535,dubeygaurav@example.net,Hyderabad,Zepto,ANDROID,2023-10-29
403967,Lekha Venkatesh,7791747344,gunbir62@example.net,Hyderabad,Blinkit,iOS,2026-04-21
403968,Vansha Yohannan,2113733514,vsethi@example.com,Delhi,Blinkit,iOS,2025-07-04
403969,Kabir Datta,3120570548,,Lucknow,Blinkit,ios,2023-11-20
403970,Ishwar Gara,2661282886,kamdarvarenya@example.com,Ahmedabad,BigBasket,Android,2023-09-25
403971,Pahal Agrawal,2137901433,bishakhasule@example.net,Jaipur,Blinkit,ios,2025-10-06
403972,Champak Dada,8346175767,ukanda@example.com,Chennai,Blinkit,iOS,2023-12-31
403973,Ranbir Nazareth,8575622135,kkrish@example.org,Pune,Blinkit,ANDROID,2026-07-21
403974,Tristan Mitra,0340133558,girindra10@example.com,Chandigarh,BigBasket,iOS,2024-08-22
403975,Praneel Sarma,1643541968,gauribal@example.org,Chennai,Blinkit,ios,2024-12-13
403976,Ayushman Sem,8662713789,amarayogi@example.org,Bombay,Zepto,ANDROID,04/08/2024
403977,Veer Bahl,9925231277,deepamol@example.net,Kolkata,Blinkit,iOS,2025-01-25
403978,Vasudha Swaminathan,9069418953,lmaharaj@example.net,Bengaluru,Swiggy Instamart,ios,2025-10-16
403979,Aarini Sunder,1593466395,jagrati05@example.com,New Delhi,Blinkit,ios,2024-06-05
403980,Aishani Sridhar,6567428348,rayganga@example.com,Chandigarh,Zepto,iOS,2026-05-03
403981,Luke Narasimhan,1267259469,darika29@example.org,Chandigarh,Zepto,iOS,04-22-2026
403982,Laksh Karan,3621445440,pkrishnamurthy@example.net,Kolkata,BigBasket,iOS,2024-12-24
403983,Aashi Sawhney,1589299146,zayyanpatil@example.net,Chandigarh,Zepto,ios,2024-12-14
403984,Madhav Verma,8160623283,chakradhar46@example.org,Jaipur,Swiggy Instamart,ANDROID,04-Feb-2024
403985,Joshua Kala,5592568220,cbains@example.net,Mumbai,BigBasket,iOS,2025-06-30
403986,Leela Sood,8198256118,cshan@example.net,Kolkata,Zepto,ios,2024-04-29
403987,Zayyan Pathak,5449357680,gunbirdhawan@example.com,Mumbai,Blinkit,ios,2026-02-02
403988,Nicholas Dugal,8526659668,,Pune,Zepto,ANDROID,02/03/2025
403989,Lila Banerjee,4407079327,bsamra@example.com,Lucknow,BigBasket,ANDROID,2026-01-07
403990,Tanveer Setty,0272229540,knazareth@example.org,Chennai,Zepto,iOS,2025-07-21
403991,Faras Patel,4492024320,sbarad@example.org,Lucknow,Swiggy Instamart,ios,2024-08-26
403992,Anthony Master,9463351902,norifiyaz@example.net,Lucknow,Zepto,,2025-07-14
403993,Advay Lad,5331381099,rattanoah@example.com,Kolkata,Swiggy Instamart,ios,2025-01-19
403994,Pushti Gara,8914494182,fsom@example.com,Kochi,Zepto,ANDROID,2023-10-28
403995,Tanmayi Iyer,8759566467,nkorpal@example.org,Chandigarh,BigBasket,Android,2025-03-01
403996,Dipta Loyal,4586107113,rastogiutkarsh@example.com,Chandigarh,Blinkit,iOS,2026-07-10
403997,Anusha Kara,1250249047,zinalchakrabarti@example.com,Ahmedabad,Blinkit,ios,2024-12-29
403998,Sanya Deo,0179917546,bchawla@example.com,bengaluru,Zepto,iOS,2023-09-21
403999,Unnati Ganguly,0446518225,upadhritiborra@example.net,Chandigarh,Blinkit,iOS,10-Oct-2023
404000,Zaitra Das,8610237268,charandhar@example.org,Kolkata,Zepto,ios,2026-03-25
401531,Leena Rau,,narasimhannathan@example.org,Kolkata,Blinkit,ios,2024-09-12
403572,Lakshmi Saxena,9481058294,dhawanforum@example.net,Chandigarh,Zepto,Android,2025-08-23
403360,Yasti Memon,7296610210,tejas64@example.net,Chandigarh,Swiggy Instamart,,2023-10-10
400863,Ekantika Kohli,2184809659,raaginisuri@example.com,Bengaluru,Zepto,Android,2025-10-12
402332,Pranav Narula,9192989054,sehgallaban@example.net,Kochi,BigBasket,Android,2025-06-24
401620,Robert Dhingra,4923596464,hemaratta@example.org,Hyderabad,Swiggy Instamart,iOS,2023-08-29
402096,Samesh Parsa,0187575684,arunimarout@example.org,NCR,Blinkit,Android,01-17-2025
400370,Anthony Zacharia,4156075712,faras69@example.org,Bengaluru,Swiggy Instamart,iOS,2024-08-26
402564,Forum Patel,8880053762,aadishenoy@example.org,Delhi,Zepto,ANDROID,10-01-2024
401020,Kabir Singh,4536904094,walioni@example.net,Kochi,Blinkit,,2024-03-01
400781,Harini Toor,7870282259,palanhenry@example.com,Chennai,Zepto,ANDROID,2024-08-28
401913,Hardik Tripathi,2662977286,mrana@example.com,Ahmedabad,BigBasket,ios,2026-05-04
402553,Nicholas Bobal,0641161112,ambleluke@example.net,Jaipur,Zepto,iOS,2024-01-02
402977,Shravya Morar,7062357187,agour@example.com,Chandigarh,Zepto,Android,2025-06-23
400403,Zarna Comar,1886634908,hrau@example.net,Ahmedabad,Zepto,ios,2026-04-18
403291,Akshay Wali,2087385794,eiyengar@example.com,Kochi,BigBasket,ANDROID,08-17-2024
402506,Aishani Bhatti,9043145976,qnagy@example.org,Jaipur,Swiggy Instamart,ANDROID,2026-01-31
402297,Yash Merchant,1533528124,imaran01@example.com,Mumbai,Blinkit,iOS,23/06/2024
