order_item_id,order_id,product_id,quantity,item_price_inr
900001,7013264,30826,7,643.23
900002,7008377,30168,11,761.36
900003,7012539,30735,4,436.72
900004,7007755,31270,7,680.48
900005,7011777,31125,7,235.5
900006,7002759,30770,11,1185.03
900007,7006124,31497,8,674.54
900008,7012563,30090,6,695.25
900009,7002907,30238,-2,1069.22
900010,7006171,31410,5,844.29
900011,7014779,30678,9,587.37
900012,7013311,31057,2,155.0
900013,7000967,30228,10,1135.89
900014,7014600,30415,3,574.94
900015,7006024,30050,3,442.51
900016,7014283,30469,8,478.34
900017,7006438,30023,12,287.6
900018,7000065,31288,7,880.79
900019,7011778,30607,7,
900020,7007825,30494,2,844.4
900021,7001362,30578,7,1138.03
900022,7013276,30690,11,803.43
900023,7004749,31084,9,353.19
900024,7008225,30263,11,1142.55
900025,7001355,30367,6,460.03
900026,7007121,30663,-3,166.28
900027,7002544,30383,2,740.79
900028,7010232,31497,5,606.36
900029,7005843,30866,11,1019.69
900030,7000090,30074,9,372.08
900031,7002720,30422,4,953.22
900032,7006508,30773,1,250.69
900033,7002018,30771,3,879.77
900034,7005036,30747,9,1167.21
900035,7014737,30059,4,884.15
900036,7004765,30730,3,853.74
900037,7002537,30876,10,280.89
900038,7008155,30514,2,426.55
900039,7013275,30633,12,927.02
900040,7008959,31062,12,993.33
900041,7010252,30576,1,1043.76
900042,7010701,30024,2,384.37
900043,7004812,31417,1,317.06
900044,7007825,30575,6,981.66
900045,7002726,30113,12,808.46
900046,7009155,30590,11,212.53
900047,7004279,31181,2,835.68
900048,7005970,30238,2,650.86
900049,7009447,30802,8,356.92
900050,7002041,30470,6,713.7
900051,7008163,31490,10,126.74
900052,7001768,30358,5,808.89
900053,7010997,30692,1,459.21
900054,7007435,30089,4,498.79
900055,7008209,30031,7,972.32
900056,7000047,31333,9,560.12
900057,7006734,30181,6,1190.23
900058,7011774,30654,7,518.97
900059,7007888,30817,7,
900060,7000256,31339,3,1120.2
900061,7008946,30132,7,625.06
900062,7012371,30459,6,549.79
900063,7000291,31109,10,880.33
900064,7006297,30039,7,252.78
900065,7004962,30490,11,270.05
900066,7007747,30371,1,221.6
900067,7009986,31493,5,343.79
900068,7004487,30758,4,585.3
900069,7010229,31099,5,360.55
900070,7005498,30117,11,213.81
900071,7006558,30446,2,304.57
900072,7011390,30778,10,187.91
900073,7002115,30851,2,350.74
900074,7007919,31496,6,759.54
900075,7013641,30188,11,705.76
900076,7004984,30155,2,925.2
900077,7003150,30743,2,531.9
900078,7007700,31225,4,862.68
900079,7009153,30021,5,90.78
900080,7012816,31021,1,22.91
900081,7009711,31421,11,532.29
900082,7014523,30962,3,474.29
900083,7000610,30121,-5,1183.08
900084,7000053,30851,5,757.06
900085,7008190,31435,1,1117.0
900086,7001420,30201,12,1090.41
900087,7014733,30456,6,800.87
900088,7000572,31116,3,90.38
900089,7007893,30972,4,278.28
900090,7000014,31101,4,618.99
900091,7008677,31023,11,203.51
900092,7010732,31111,6,1065.44
900093,7013091,30984,6,1166.16
900094,7002749,30882,9,1177.68
900095,7011086,31438,11,368.77
900096,7000747,30229,1,371.94
900097,7000699,30691,2,1095.33
900098,7001777,31490,2,551.73
900099,7007982,30804,8,1009.91
900100,7006944,30008,4,226.96
900101,7014386,30474,4,134.93
900102,7014859,30103,5,60.27
900103,7002765,31163,5,904.47
900104,7000793,31172,6,821.52
900105,7010848,30937,11,981.34
900106,7009875,30189,9,731.81
900107,7012394,31383,4,1118.23
900108,7000971,30794,5,839.25
900109,7012031,31267,12,572.38
900110,7001270,31476,11,672.31
900111,7008077,30799,10,220.83
900112,7013388,30208,6,1086.84
900113,7002079,31492,2,394.55
900114,7007759,30607,4,382.97
900115,7008665,31097,6,216.07
900116,7000653,31076,1,625.18
900117,7011603,30543,1,821.66
900118,7009662,30879,2,716.16
900119,7008377,30260,2,101.22
900120,7000395,31491,4,431.61
900121,7002529,31387,2,638.98
900122,7011724,31140,6,948.99
900123,7008038,30940,10,503.79
900124,7009237,30391,5,847.48
900125,7003717,31038,10,919.46
900126,7013127,30015,7,728.12
900127,7007036,30238,5,1055.84
900128,7013677,30410,10,941.8
900129,7013872,31493,2,466.08
900130,7002986,31181,1,125.7
900131,7012157,31038,11,147.86
900132,7012131,30180,5,995.42
900133,7002498,31085,8,905.95
900134,7001447,30978,4,402.93
900135,7001153,30577,4,961.48
900136,7006805,30966,7,1112.14
900137,7009737,30538,3,96.73
900138,7014391,30748,8,288.22
900139,7002002,30516,3,265.53
900140,7005564,31063,1,565.94
900141,7010039,31373,2,1105.31
900142,7014720,31147,12,11.15
900143,7000902,30038,10,1083.22
900144,7008762,30993,2,828.44
900145,7002079,30991,5,529.14
900146,7000700,31123,1,1062.98
900147,7010134,31436,10,591.27
900148,7004095,31317,3,925.79
900149,7009098,30172,9,71.34
900150,7010323,31477,4,961.15
900151,7001347,30637,11,206.9
900152,7006507,30168,11,940.22
900153,7005537,31131,3,599.5
900154,7009230,30207,3,959.97
900155,7007689,31109,2,495.98
900156,7006341,31040,8,218.03
900157,7008143,30975,7,79.69
900158,7008433,30120,1,756.55
900159,7001548,30218,4,1136.95
900160,7005955,30484,1,78.66
900161,7004588,31053,10,486.09
900162,7007513,30521,3,627.82
900163,7010329,31463,2,321.15
900164,7009162,31293,8,118.53
900165,7008055,30999,5,955.28
900166,7004153,30884,4,523.81
900167,7006189,30961,1,262.14
900168,7005158,30408,8,1079.78
900169,7014597,30954,9,522.42
900170,7000684,30428,4,878.44
900171,7006071,30456,3,507.73
900172,7003955,30827,11,398.99
900173,7007332,30845,1,441.08
900174,7011933,30582,4,608.46
900175,7004173,31466,-5,1171.14
900176,7004503,30915,8,100.59
900177,7002094,30987,2,23.56
900178,7014177,30007,10,690.81
900179,7003166,31296,8,501.83
900180,7013490,30791,12,
900181,7011660,31275,11,834.07
900182,7012848,30239,7,1027.32
900183,7011063,31325,11,988.89
900184,7010606,30107,2,708.88
900185,7013875,30285,2,804.4
900186,7010768,30502,9,944.27
900187,7000104,31098,5,1139.95
900188,7009470,30727,1,
900189,7008936,30110,4,109.48
900190,7014954,30392,6,330.49
900191,7004064,30346,1,632.55
900192,7012179,30797,5,267.96
900193,7011268,30097,10,805.82
900194,7003150,30596,11,260.19
900195,7013344,31219,9,681.83
900196,7004075,31287,12,1196.89
900197,7012367,30767,11,355.83
900198,7007492,30604,9,297.39
900199,7002923,31249,12,
900200,7014206,30561,3,
900201,7006871,30321,1,497.47
900202,7003727,30943,4,782.89
900203,7008965,31465,6,
900204,7010265,30057,8,936.83
900205,7001362,30778,8,767.22
900206,7006144,30539,9,101.64
900207,7007515,31008,9,335.95
900208,7007272,30660,11,1161.1
900209,7001598,31406,1,23.4
900210,7007075,30781,7,598.31
900211,7002702,31251,5,763.97
900212,7005056,30885,11,493.03
900213,7000774,31106,12,405.71
900214,7010983,30097,8,
900215,7003648,30914,12,507.02
900216,7006269,30315,-11,507.69
900217,7012406,30263,7,440.6
900218,7000219,30170,8,436.05
900219,7008600,30354,7,159.87
900220,7003895,30418,7,424.16
900221,7014921,30581,7,167.25
900222,7000572,31446,1,315.92
900223,7001555,31092,12,867.51
900224,7008539,30747,5,735.74
900225,7004168,30022,4,764.28
900226,7008204,31218,6,71.09
900227,7000825,30628,9,595.34
900228,7000806,30785,5,712.98
900229,7000859,31115,2,429.18
900230,7002753,31269,3,191.67
900231,7001164,30248,7,936.87
900232,7009473,30010,8,136.01
900233,7011025,30933,4,269.93
900234,7014224,30306,6,140.39
900235,7007410,30114,1,1156.87
900236,7008007,30875,1,812.91
900237,7005827,30401,6,644.53
900238,7005959,30510,7,
900239,7014996,30110,12,646.98
900240,7002530,30620,5,908.71
900241,7002236,30224,10,768.37
900242,7000191,30951,3,121.41
900243,7002699,30733,1,263.38
900244,7008870,31144,2,561.38
900245,7009414,30676,4,564.01
900246,7009266,30445,8,1106.31
900247,7005782,31091,11,572.85
900248,7008411,30628,1,810.27
900249,7009026,30188,4,
900250,7011928,31323,5,1055.14
900251,7005412,31338,12,110.37
900252,7014117,30115,7,84.25
900253,7001646,30588,12,1126.52
900254,7004819,30245,2,556.24
900255,7009546,30186,1,
900256,7003304,30323,12,675.28
900257,7002694,30208,9,1188.96
900258,7009705,30268,3,121.95
900259,7009076,30091,3,948.93
900260,7010504,31235,9,733.19
900261,7008977,30396,10,40.17
900262,7014052,31412,2,766.97
900263,7002960,30916,4,82.37
900264,7002129,30111,12,1111.56
900265,7008723,30350,10,231.97
900266,7009156,30839,4,395.55
900267,7013378,30230,5,1009.6
900268,7014656,31362,5,761.67
900269,7002927,31182,1,615.24
900270,7009536,31449,10,509.18
900271,7005362,30552,3,319.05
900272,7002341,31338,2,904.6
900273,7006384,31096,11,366.23
900274,7001995,31068,6,316.84
900275,7009606,30598,11,1039.13
900276,7011355,30973,11,268.05
900277,7001238,30125,9,392.06
900278,7012917,30797,9,280.12
900279,7011747,31302,1,837.27
900280,7007164,31306,3,667.5
900281,7005830,30252,6,399.3
900282,7000750,30836,9,1097.54
900283,7013942,31133,4,618.84
900284,7000269,30857,11,638.97
900285,7003205,31190,4,299.44
900286,7009792,31165,11,868.65
900287,7001212,31009,1,267.0
900288,7000216,31296,1,328.85
900289,7010922,30172,9,
900290,7011841,31368,8,1112.83
900291,7002954,31096,6,336.23
900292,7010746,30227,8,762.1
900293,7005508,31312,5,265.29
900294,7013822,31444,11,167.36
900295,7009563,30865,7,1088.38
900296,7012995,31350,8,512.4
900297,7000884,31114,4,120.43
900298,7002957,31445,7,1160.34
900299,7005796,30538,3,797.34
900300,7012584,30077,-1,
900301,7012828,30831,6,523.9
900302,7012848,30233,10,324.32
900303,7006966,30007,5,
900304,7004251,30212,6,1024.0
900305,7011490,30966,9,883.61
900306,7007486,30856,12,306.79
900307,7011317,30816,2,730.9
900308,7014481,30390,11,
900309,7000112,31013,6,
900310,7014351,31149,10,25.11
900311,7006670,30966,1,717.9
900312,7003208,30036,2,809.35
900313,7012988,30644,3,
900314,7012526,31048,7,1066.96
900315,7009834,30959,5,689.46
900316,7013698,30604,4,65.91
900317,7003524,30577,1,542.43
900318,7014003,30745,10,557.96
900319,7004959,31491,3,1091.19
900320,7010275,31052,6,1096.01
900321,7009091,30374,7,407.39
900322,7014375,30381,5,1087.73
900323,7012901,31005,10,
900324,7000010,30891,6,339.89
900325,7011851,30769,11,921.76
900326,7001758,31238,8,1078.4
900327,7007617,30405,4,143.2
900328,7011779,31252,12,1046.21
900329,7000983,31262,11,67.17
900330,7014395,30260,6,350.8
900331,7003751,31320,3,946.3
900332,7001926,30499,5,820.24
900333,7012611,31162,8,873.98
900334,7007892,30128,10,576.44
900335,7001441,30549,1,823.5
900336,7001415,31429,9,597.67
900337,7002646,30785,1,575.15
900338,7013945,30854,2,549.19
900339,7009279,30901,9,1157.33
900340,7012175,30313,4,857.33
900341,7006559,30447,1,90.12
900342,7004199,30133,4,805.97
900343,7014994,30044,8,792.13
900344,7010485,30141,5,387.55
900345,7002008,30723,11,29.65
900346,7003340,30022,5,616.52
900347,7010282,30049,4,930.35
900348,7002361,31170,3,561.98
900349,7011541,31429,12,1090.23
900350,7014734,30350,7,1095.93
900351,7014531,30493,12,803.73
900352,7004815,30500,9,1137.57
900353,7010712,30200,4,344.73
900354,7010085,30912,4,840.06
900355,7006017,31101,12,112.93
900356,7005090,30197,4,190.62
900357,7001123,31254,4,528.91
900358,7014121,30046,1,309.25
900359,7004256,31175,10,217.43
900360,7013803,30645,10,893.5
900361,7013692,30742,2,1160.23
900362,7004913,30063,4,697.35
900363,7006524,30530,1,277.06
900364,7003052,31364,2,585.56
900365,7014804,31101,5,494.72
900366,7012205,30214,6,936.27
900367,7004904,30425,2,886.06
900368,7008148,30278,12,264.2
900369,7002695,31213,7,531.61
900370,7000576,30321,4,506.84
900371,7001426,31104,9,522.44
900372,7009577,31397,9,
900373,7007154,30397,8,897.28
900374,7013456,31278,5,1104.7
900375,7013042,30266,8,530.51
900376,7012127,30233,10,188.09
900377,7009492,30408,12,247.0
900378,7006811,30214,3,126.74
900379,7006540,31118,8,958.61
900380,7000772,30210,3,306.32
900381,7006752,30485,10,1182.95
900382,7002184,31199,2,985.78
900383,7000878,30020,1,451.61
900384,7012100,30359,10,612.32
900385,7008864,31071,6,362.67
900386,7006266,31225,11,1019.88
900387,7012464,30146,9,640.41
900388,7003329,30921,9,1011.28
900389,7008818,30540,7,475.44
900390,7005981,30119,9,821.29
900391,7011289,31486,12,158.32
900392,7007955,30453,6,
900393,7008351,30356,4,
900394,7012121,30935,10,
900395,7008054,30501,2,466.82
900396,7003190,30912,4,490.49
900397,7013274,31096,10,737.68
900398,7002899,30432,5,486.52
900399,7002905,31430,9,686.87
900400,7005693,30692,3,65.65
900401,7005172,30406,12,
900402,7011091,30704,8,101.66
900403,7003476,31068,6,742.71
900404,7000626,31434,8,333.07
900405,7014433,30446,-4,519.78
900406,7008300,31126,7,1158.07
900407,7005763,30612,12,223.53
900408,7011474,30884,10,133.52
900409,7001583,31368,6,1018.65
900410,7005219,30223,3,496.49
900411,7002738,30909,8,414.9
900412,7005713,30746,4,
900413,7013540,30692,10,586.79
900414,7004967,30665,9,821.17
900415,7003161,30880,8,642.43
900416,7003866,30603,10,297.43
900417,7003618,31272,8,416.74
900418,7000362,30146,6,892.3
900419,7011115,31432,8,654.92
900420,7003433,30454,11,1084.16
900421,7012525,31209,1,314.79
900422,7008465,30559,6,829.16
900423,7008852,30599,6,837.9
900424,7004404,30361,6,309.57
900425,7001625,30780,6,148.69
900426,7009921,30351,3,995.46
900427,7008019,31251,-5,559.8
900428,7014075,31094,6,1165.76
900429,7005944,30493,2,
900430,7001783,31436,12,458.98
900431,7005054,31195,11,419.97
900432,7009411,31057,9,373.4
900433,7012283,30775,1,182.59
900434,7008450,31329,1,262.29
900435,7006558,31215,-8,624.99
900436,7013544,31005,5,396.78
900437,7000669,30617,9,930.79
900438,7000947,30293,1,549.98
900439,7001093,30762,6,609.91
900440,7000306,31263,2,1019.16
900441,7000760,30817,11,273.02
900442,7010057,30111,5,922.62
900443,7006834,31303,8,1125.55
900444,7011976,30973,2,117.84
900445,7012919,30514,10,995.85
900446,7006819,30249,10,120.42
900447,7013763,30127,3,112.3
900448,7001775,31388,10,229.37
900449,7012540,30884,10,613.27
900450,7008276,30471,6,1027.27
900451,7000183,30780,4,266.48
900452,7007225,31458,6,611.33
900453,7000161,31255,1,1055.58
900454,7007406,30229,3,116.38
900455,7002934,31176,7,1070.89
900456,7008527,31226,11,699.25
900457,7006312,30911,3,41.7
900458,7014108,31275,10,1146.08
900459,7006756,30948,11,327.61
900460,7001448,30372,9,289.91
900461,7008575,30658,12,80.85
900462,7005138,30042,8,187.01
900463,7013417,31375,8,464.62
900464,7002011,30091,7,1003.86
900465,7007785,31161,9,25.49
900466,7008196,31176,2,680.05
900467,7004997,30499,8,919.69
900468,7006697,30828,10,1042.19
900469,7000703,30649,7,229.25
900470,7010387,30376,9,501.09
900471,7010288,30831,7,110.62
900472,7001270,30601,2,1044.57
900473,7005867,31278,10,
900474,7009877,30836,2,846.2
900475,7004572,30490,2,931.12
900476,7011179,30991,11,880.25
900477,7014520,30963,9,274.59
900478,7009003,30891,2,1048.87
900479,7004565,30918,2,465.75
900480,7011840,30080,5,566.7
900481,7006848,30573,6,346.29
900482,7013691,30603,6,1117.93
900483,7009191,30253,10,1109.87
900484,7002587,30858,6,320.06
900485,7005973,30120,10,914.73
900486,7007667,30215,7,915.93
900487,7007982,30783,8,264.73
900488,7007104,30453,2,791.92
900489,7010540,31291,8,722.89
900490,7012577,31039,11,30.39
900491,7006115,30051,6,989.96
900492,7009691,30903,7,589.3
900493,7013612,31348,1,637.59
900494,7006289,30608,4,855.38
900495,7002094,30739,7,824.75
900496,7005299,31090,7,434.26
900497,7009060,30469,7,149.03
900498,7012346,30757,1,417.19
900499,7010673,30379,3,
900500,7000106,31402,4,1116.44
900501,7007353,30444,6,1081.78
900502,7007717,31080,5,1097.51
900503,7005434,30267,4,504.91
900504,7005112,30186,8,577.96
900505,7003587,30418,8,
900506,7002369,31177,12,
900507,7010836,31005,9,565.59
900508,7000155,30300,3,394.65
900509,7006259,30808,10,202.99
900510,7004882,31420,12,201.76
900511,7007805,30672,7,616.36
900512,7008757,31044,1,837.63
900513,7014655,30163,6,190.89
900514,7012757,30183,4,1118.49
900515,7014344,30280,2,
900516,7002445,31157,7,1144.0
900517,7008869,30544,3,307.43
900518,7005358,31405,1,853.66
900519,7013135,31023,11,599.32
900520,7001004,30485,10,23.39
900521,7012130,30790,3,1124.64
900522,7007930,31170,8,714.6
900523,7008905,31259,3,1194.05
900524,7010226,30139,11,689.02
900525,7003909,30288,7,587.14
900526,7006405,30731,12,641.99
900527,7010731,31242,11,973.31
900528,7012031,31275,1,1186.12
900529,7004406,30141,3,232.53
900530,7000460,30155,11,1168.86
900531,7001617,30726,9,1188.88
900532,7014652,31314,3,1105.69
900533,7008466,31279,7,717.02
900534,7000551,30192,7,822.21
900535,7009504,30127,10,130.3
900536,7005017,31034,6,939.64
900537,7010791,30916,9,489.75
900538,7002056,30821,-9,818.66
900539,7014446,30380,11,973.26
900540,7013881,31462,3,453.3
900541,7012650,30309,6,809.23
900542,7001898,30649,10,896.29
900543,7008162,31177,11,11.49
900544,7003826,30574,9,387.18
900545,7012411,30701,4,942.27
900546,7002605,30690,12,629.42
900547,7010756,31047,7,781.48
900548,7008974,30352,6,658.04
900549,7013058,30067,10,260.81
900550,7010532,31463,1,598.55
900551,7013880,30286,12,830.24
900552,7014278,30538,4,908.03
900553,7000524,31114,4,70.45
900554,7005555,31473,12,
900555,7002692,31304,7,808.97
900556,7008924,31369,4,300.36
900557,7002276,31112,12,622.77
900558,7014376,31279,4,1064.06
900559,7008505,31015,6,1143.76
900560,7000246,30159,3,922.35
900561,7008103,30446,8,325.31
900562,7013183,30339,3,781.8
900563,7012437,31360,8,1017.0
900564,7011254,30990,4,157.22
900565,7008232,31040,12,215.05
900566,7003973,31148,2,725.99
900567,7001369,30167,12,898.68
900568,7002357,31471,11,948.14
900569,7001345,30002,12,
900570,7012344,30967,10,76.52
900571,7000223,30011,8,748.09
900572,7006134,30788,12,575.88
900573,7000032,30591,5,760.77
900574,7005726,30486,9,106.71
900575,7014475,30617,12,434.19
900576,7010113,30102,6,1071.62
900577,7009222,31238,8,
900578,7013711,31256,10,1021.34
900579,7012991,30128,7,282.2
900580,7008188,30822,10,927.78
900581,7012261,30165,12,479.21
900582,7010711,30007,3,278.51
900583,7008168,31193,5,1028.8
900584,7002035,31372,9,585.56
900585,7001335,30992,10,
900586,7008274,30976,3,615.28
900587,7000598,30425,1,600.37
900588,7000008,30532,1,1097.62
900589,7002796,31117,12,590.75
900590,7007428,30915,6,1163.99
900591,7005323,30203,2,1097.32
900592,7000852,31433,3,354.72
900593,7008789,30906,8,211.08
900594,7006942,31128,2,132.74
900595,7012915,30332,8,855.26
900596,7003217,30013,8,116.16
900597,7004283,30439,5,15.29
900598,7004908,30948,6,407.51
900599,7000084,31392,7,420.47
900600,7012078,31263,7,497.14
900601,7000412,31475,2,1008.86
900602,7004475,31450,7,969.81
900603,7007744,30701,5,1015.91
900604,7011975,30683,6,63.52
900605,7010837,30770,3,567.13
900606,7010674,31483,4,816.3
900607,7003992,30231,5,706.09
900608,7011946,30467,2,688.63
900609,7012747,30520,7,231.35
900610,7008124,30060,1,1035.47
900611,7005003,30536,12,78.12
900612,7005672,30377,3,149.74
900613,7002205,30258,5,1049.97
900614,7000922,30389,2,46.45
900615,7009623,30213,3,926.2
900616,7003975,30958,2,272.49
900617,7005185,31480,9,
900618,7012819,30499,9,1115.81
900619,7001369,31271,12,910.23
900620,7005519,30099,5,
900621,7004865,31009,4,998.33
900622,7014717,31225,7,1147.23
900623,7009586,31025,8,657.72
900624,7012573,31227,4,411.34
900625,7012757,31393,9,813.4
900626,7010685,30063,2,158.45
900627,7004508,31245,2,430.77
900628,7007720,31211,4,425.65
900629,7010333,31145,5,974.18
900630,7014372,30500,2,1180.36
900631,7009612,30684,11,59.95
900632,7001358,30995,12,1046.57
900633,7004286,31435,7,537.07
900634,7001446,31133,10,317.6
900635,7003022,31413,5,453.13
900636,7010225,30254,12,297.63
900637,7009999,30732,6,964.66
900638,7005317,30655,5,577.31
900639,7002168,30029,5,1038.96
900640,7001617,30214,8,864.45
900641,7014227,31269,12,652.54
900642,7000189,30747,2,333.43
900643,7000013,30957,1,579.33
900644,7013418,30424,3,822.2
900645,7005354,31483,8,1040.46
900646,7009999,31424,7,
900647,7009951,31452,2,724.76
900648,7008681,30306,9,183.77
900649,7012929,30877,1,1080.86
900650,7003229,30086,12,989.06
900651,7010883,30088,5,198.15
900652,7013262,30643,5,693.32
900653,7002335,30204,12,789.81
900654,7000233,30187,9,782.31
900655,7013098,30430,11,134.38
900656,7009579,31424,5,354.39
900657,7008148,30813,9,784.34
900658,7011957,31226,4,1052.79
900659,7004821,30509,12,125.57
900660,7000115,31404,9,702.01
900661,7003907,30334,2,557.13
900662,7005019,30379,3,103.58
900663,7009327,31242,1,195.34
900664,7008158,30872,12,
900665,7000210,30808,8,1177.23
900666,7008141,30797,2,999.16
900667,7001067,30822,7,623.1
900668,7005548,30040,4,492.15
900669,7002680,31209,6,853.19
900670,7013896,31275,5,86.44
900671,7001483,30761,5,1139.62
900672,7008372,30009,9,271.11
900673,7014499,30285,7,342.02
900674,7001369,30864,12,342.06
900675,7010255,31468,6,
900676,7009647,30253,4,1094.43
900677,7011137,31489,1,963.84
900678,7005722,31479,2,242.56
900679,7008893,30887,1,558.15
900680,7002047,30541,12,1143.94
900681,7005867,30642,12,752.1
900682,7005746,31441,11,529.85
900683,7010358,30914,4,818.16
900684,7001259,31342,11,536.59
900685,7001663,30075,9,798.6
900686,7000024,30443,11,641.17
900687,7014013,30833,1,592.9
900688,7013025,30982,8,242.09
900689,7003796,31415,12,824.05
900690,7012516,31321,4,276.45
900691,7006097,31097,9,746.93
900692,7013971,30988,10,869.86
900693,7009240,31155,4,554.4
900694,7009268,30255,10,110.86
900695,7013496,31390,5,1027.82
900696,7006582,30163,11,538.18
900697,7001765,31168,5,413.02
900698,7011153,30249,5,153.81
900699,7007498,30376,3,590.17
900700,7000907,30591,1,230.17
900701,7013448,30873,1,181.48
900702,7003465,31439,5,38.34
900703,7007745,30828,10,960.17
900704,7011710,30934,8,518.54
900705,7011803,30229,10,345.24
900706,7003564,30374,-4,77.68
900707,7009139,30498,-11,969.93
900708,7008440,31060,9,141.43
900709,7004926,30653,1,299.84
900710,7002816,30295,3,424.61
900711,7014693,30577,10,967.06
900712,7011416,31081,10,15.52
900713,7014768,30751,10,1100.58
900714,7005237,30793,10,842.12
900715,7004824,30202,1,1035.78
900716,7012710,30562,12,288.63
900717,7010981,30614,5,
900718,7003315,30992,6,101.63
900719,7003916,30601,2,1005.84
900720,7004158,30674,10,551.21
900721,7006969,30218,1,
900722,7008352,30783,8,371.31
900723,7003978,30461,7,819.91
900724,7006056,30824,12,570.91
900725,7006476,30976,3,538.33
900726,7009877,30356,7,858.42
900727,7004803,30734,1,267.68
900728,7004508,31354,6,917.08
900729,7007852,30690,-12,812.34
900730,7010278,30949,6,708.11
900731,7006549,30083,10,912.95
900732,7012030,30923,7,
900733,7006555,30471,1,716.32
900734,7012564,31496,8,513.33
900735,7009679,31480,1,284.09
900736,7013089,31278,11,336.38
900737,7008422,30036,12,760.25
900738,7009165,30948,9,164.84
900739,7002499,30866,12,568.33
900740,7012387,30120,10,813.32
900741,7010540,30241,4,529.19
900742,7001459,30056,8,783.32
900743,7008213,30466,12,697.05
900744,7002769,30538,12,830.25
900745,7014500,30592,2,17.6
900746,7001041,30642,8,668.5
900747,7005855,30036,12,711.68
900748,7011313,31092,4,713.78
900749,7013483,31005,8,56.36
900750,7004239,30194,12,63.79
900751,7011601,31490,9,1162.37
900752,7003014,31371,5,63.51
900753,7012397,30213,6,386.95
900754,7012198,30311,11,1030.15
900755,7001336,30007,9,1038.63
900756,7008713,31199,1,1127.76
900757,7001479,30299,2,1070.53
900758,7012407,31217,1,1071.88
900759,7013628,31329,12,1032.89
900760,7013112,30011,1,909.81
900761,7010416,31230,11,390.72
900762,7012445,30602,2,726.91
900763,7001201,31398,4,1133.48
900764,7002463,30101,1,110.27
900765,7012123,30483,7,896.74
900766,7013325,30552,11,460.75
900767,7007412,30257,2,585.47
900768,7009465,30578,6,779.77
900769,7001077,30656,8,988.74
900770,7004407,30098,7,17.12
900771,7005184,30666,3,610.11
900772,7002847,30995,11,972.54
900773,7002016,30250,6,823.42
900774,7011368,30120,2,985.18
900775,7002875,30401,10,579.24
900776,7004492,30358,1,1088.87
900777,7004019,31369,11,1106.01
900778,7014870,30102,12,510.22
900779,7004885,30522,7,934.94
900780,7002442,30820,10,29.43
900781,7009512,30369,3,785.57
900782,7013508,30158,9,589.67
900783,7002961,30475,2,752.5
900784,7007708,30175,5,745.64
900785,7000178,31185,8,1087.92
900786,7006118,30154,12,443.24
900787,7010533,31208,9,359.23
900788,7011403,30858,9,535.2
900789,7004071,30105,-8,
900790,7006013,30041,9,276.51
900791,7003600,30957,12,1090.92
900792,7014904,31045,12,93.28
900793,7011390,31403,4,405.97
900794,7001112,31057,10,1108.45
900795,7000257,31228,9,1108.41
900796,7014090,30465,8,618.35
900797,7008269,30341,2,142.63
900798,7007356,30424,12,665.31
900799,7010915,31334,11,963.48
900800,7013555,30343,7,670.73
900801,7006431,31107,10,53.33
900802,7002170,30964,7,
900803,7009751,30234,11,1170.04
900804,7005684,30776,3,783.87
900805,7005061,31383,1,115.24
900806,7007223,30752,8,
900807,7013953,30673,2,1084.09
900808,7009429,30059,9,1047.47
900809,7012846,30761,2,1062.15
900810,7014422,30824,12,1111.72
900811,7008146,30376,12,1141.7
900812,7009427,30058,12,110.64
900813,7012444,30390,1,79.71
900814,7009631,30900,6,232.48
900815,7005147,31469,11,408.13
900816,7010189,30562,6,20.72
900817,7014359,30101,2,870.46
900818,7012213,30871,9,591.49
900819,7005096,30603,2,148.47
900820,7007180,30071,8,124.4
900821,7009694,30992,3,165.84
900822,7004566,30812,1,700.81
900823,7011402,31064,-11,475.05
900824,7011654,31455,6,386.17
900825,7002384,30570,4,1090.41
900826,7013723,30470,8,388.86
900827,7006011,30199,8,
900828,7001711,30166,11,361.85
900829,7007642,31113,8,1096.96
900830,7012472,30805,1,804.31
900831,7010903,31436,3,135.05
900832,7010643,30736,2,645.07
900833,7002770,30711,2,742.17
900834,7003262,30511,11,17.1
900835,7006968,31293,5,183.98
900836,7009549,31380,1,772.25
900837,7008121,31162,11,215.03
900838,7009344,31120,7,1172.18
900839,7014177,30521,3,994.59
900840,7000603,31062,3,270.06
900841,7007152,30029,3,306.58
900842,7005292,30008,5,997.61
900843,7007122,30493,10,1153.43
900844,7000431,30986,6,817.78
900845,7000960,30079,6,1072.72
900846,7011198,30954,3,185.88
900847,7001191,31174,7,575.71
900848,7006373,30359,2,116.36
900849,7007994,30956,10,854.97
900850,7014600,30136,10,687.51
900851,7004614,30295,12,1104.06
900852,7001307,30720,1,179.54
900853,7002743,31161,8,895.23
900854,7003954,30642,7,106.5
900855,7004327,30017,10,
900856,7011792,30192,9,545.64
900857,7005285,30833,9,556.1
900858,7012494,30110,11,360.36
900859,7013119,30007,8,988.7
900860,7007903,31259,1,648.64
900861,7006981,30282,7,
900862,7005189,30011,9,338.32
900863,7007473,30531,12,332.56
900864,7005507,31151,6,1149.3
900865,7013631,31128,11,529.96
900866,7003504,30207,9,794.83
900867,7006705,30648,2,
900868,7009518,30287,1,893.74
900869,7009932,30463,1,978.71
900870,7005871,31261,10,370.22
900871,7009413,31392,12,982.31
900872,7008248,30110,5,
900873,7013336,30434,9,257.87
900874,7003201,30702,-9,49.23
900875,7001294,30819,8,400.32
900876,7005659,30678,7,831.76
900877,7014952,30846,2,489.16
900878,7014944,30959,11,948.57
900879,7000292,30356,2,1051.88
900880,7002734,30415,1,
900881,7010529,30671,4,554.54
900882,7014214,30683,4,1003.05
900883,7012149,31037,10,61.42
900884,7014998,30688,6,157.98
900885,7008526,30480,1,53.34
900886,7003958,30399,3,977.21
900887,7007312,30262,2,465.54
900888,7000620,30014,4,703.92
900889,7009108,30969,7,394.0
900890,7011265,31148,8,190.81
900891,7002166,31206,5,
900892,7013335,30041,1,977.31
900893,7014134,30451,9,945.62
900894,7002805,30812,5,118.59
900895,7010166,31018,12,201.0
900896,7004531,30809,9,537.69
900897,7005008,31355,11,490.97
900898,7012637,30816,5,789.4
900899,7009848,30426,10,55.84
900900,7010234,30126,6,398.55
900901,7003804,30829,9,1170.64
900902,7007749,30849,2,77.05
900903,7007818,31133,4,277.48
900904,7004744,31081,4,1170.7
900905,7013514,31376,4,1142.96
900906,7014677,30367,3,443.57
900907,7008731,30084,3,189.63
900908,7012664,30177,1,696.45
900909,7002300,30644,1,1039.06
900910,7006919,30517,4,656.2
900911,7010964,30176,6,273.79
900912,7005920,30966,10,496.06
900913,7010401,30652,10,874.51
900914,7012632,31407,5,712.3
900915,7011484,31004,9,435.11
900916,7005300,31378,12,408.06
900917,7009318,30109,12,197.03
900918,7004634,30065,1,652.71
900919,7009086,30542,10,54.38
900920,7008355,31143,1,115.92
900921,7011582,31241,11,405.78
900922,7006538,30471,5,794.35
900923,7002222,30366,12,401.97
900924,7003758,31045,2,
900925,7001228,30467,11,806.91
900926,7005824,30914,5,1046.14
900927,7011344,30175,4,57.9
900928,7008100,30279,6,777.5
900929,7011915,30609,2,1042.36
900930,7002013,30744,4,68.12
900931,7013626,30719,12,681.34
900932,7014897,30385,6,
900933,7002018,30769,7,573.83
900934,7009413,30066,7,1119.12
900935,7011687,30744,7,486.07
900936,7014961,30377,12,63.67
900937,7012889,31066,12,455.36
900938,7011850,31045,-10,787.81
900939,7009917,30188,10,893.14
900940,7009072,31133,4,296.63
900941,7002366,30713,10,1130.77
900942,7004789,31466,11,787.4
900943,7007889,30878,12,695.73
900944,7013032,31136,9,956.98
900945,7006234,30757,2,854.14
900946,7004696,30410,9,71.25
900947,7002735,30978,2,907.95
900948,7008723,31137,9,24.27
900949,7008997,31199,4,441.62
900950,7009085,30221,8,991.91
900951,7010278,30803,9,802.06
900952,7010752,30663,1,561.06
900953,7009616,30418,8,343.53
900954,7003160,30209,10,1147.37
900955,7008317,31120,4,21.02
900956,7012002,30696,8,63.84
900957,7007745,31241,2,747.42
900958,7009307,30844,10,582.25
900959,7003775,30151,9,121.47
900960,7001609,31185,7,180.83
900961,7009187,30114,7,912.85
900962,7010364,30195,6,252.49
900963,7010261,30823,3,594.81
900964,7012088,30815,12,544.02
900965,7000024,30883,11,1197.24
900966,7004157,31123,4,284.95
900967,7010729,30672,9,106.39
900968,7005084,30593,7,335.46
900969,7003285,30882,2,1142.49
900970,7014236,30282,4,687.51
900971,7011270,30540,11,300.86
900972,7010861,31381,9,981.74
900973,7007253,30541,7,663.18
900974,7003358,30645,10,390.97
900975,7003773,30171,3,558.33
900976,7010509,30601,1,291.85
900977,7009617,30614,5,616.86
900978,7009067,30965,3,1049.95
900979,7004638,30927,2,186.7
900980,7013770,30897,8,312.34
900981,7009455,30102,8,143.49
900982,7004137,30442,2,646.52
900983,7002910,30731,5,1133.62
900984,7013114,30243,2,126.35
900985,7003443,31201,3,1047.46
900986,7005140,30803,11,482.05
900987,7007920,30551,10,920.91
900988,7004542,30248,4,1069.02
900989,7005204,31407,8,
900990,7001232,31422,8,937.06
900991,7010598,30527,3,503.98
900992,7013851,30600,5,659.85
900993,7014125,30269,1,130.96
900994,7014218,30745,10,877.62
900995,7004186,30573,8,643.34
900996,7010279,30795,3,404.78
900997,7002309,31243,3,15.32
900998,7011132,31129,8,1167.17
900999,7008770,30243,11,629.23
901000,7006221,31249,3,97.43
901001,7010333,30026,7,1185.44
901002,7008833,30218,9,500.99
901003,7006226,30383,6,1033.56
901004,7009207,30014,3,59.27
901005,7002419,31188,4,171.91
901006,7002746,30086,10,505.67
901007,7005302,30492,11,962.35
901008,7009070,30223,2,224.53
901009,7010367,30749,9,923.02
901010,7011238,30252,3,773.93
901011,7009529,30015,1,596.49
901012,7000141,30904,9,1080.49
901013,7009667,30404,9,341.91
901014,7002970,30119,10,227.66
901015,7002190,31021,7,564.63
901016,7009134,31468,7,1076.59
901017,7008681,30667,2,559.87
901018,7005952,30645,4,82.78
901019,7003889,31432,10,1158.28
901020,7005792,31042,9,42.65
901021,7014472,30325,4,101.37
901022,7002013,31234,12,951.9
901023,7006964,30817,12,395.81
901024,7005678,30120,2,847.82
901025,7004204,30009,4,314.69
901026,7005956,31174,5,1060.61
901027,7005965,31454,1,412.85
901028,7007375,30380,8,228.98
901029,7001660,30746,5,136.73
901030,7001408,30856,8,1098.56
901031,7011363,31111,5,387.57
901032,7010669,30289,2,264.43
901033,7000835,30052,5,509.83
901034,7010910,30749,4,
901035,7005319,31136,1,1138.48
901036,7008678,30697,1,327.84
901037,7012876,30129,2,540.14
901038,7002222,31367,4,697.16
901039,7011180,31357,3,628.98
901040,7013049,31279,11,903.68
901041,7007320,30046,7,587.44
901042,7007758,30087,-11,480.89
901043,7002933,30030,12,848.25
901044,7003596,31294,11,809.7
901045,7009131,30176,1,98.1
901046,7010911,30365,7,658.04
901047,7002456,31259,9,35.03
901048,7008666,30326,6,
901049,7013117,30360,10,1177.5
901050,7004731,31234,12,37.69
901051,7009274,31156,4,1060.74
901052,7010083,30026,12,886.97
901053,7007262,31059,7,457.7
901054,7012344,31154,5,195.83
901055,7000360,30051,5,926.87
901056,7010070,31022,5,
901057,7001074,31089,5,898.29
901058,7003158,30302,11,493.5
901059,7001921,31192,8,387.84
901060,7009130,30227,10,764.69
901061,7011192,31178,7,560.88
901062,7008311,30412,3,348.06
901063,7012554,30607,4,245.45
901064,7010939,30927,7,680.87
901065,7003281,31160,12,629.37
901066,7012116,30933,1,1141.44
901067,7000580,30571,12,585.64
901068,7008482,30050,9,1133.07
901069,7006952,31043,4,686.03
901070,7000234,30123,5,1008.91
901071,7007832,31082,10,1193.48
901072,7012518,30837,4,227.85
901073,7007423,31013,1,22.67
901074,7011395,30250,4,
901075,7011574,30701,5,950.38
901076,7006774,31118,10,967.18
901077,7014750,30514,1,398.69
901078,7009069,30841,6,23.74
901079,7001325,30101,11,431.13
901080,7002827,30156,12,537.03
901081,7003976,30721,12,165.46
901082,7003303,30196,12,763.79
901083,7008663,30100,8,1171.47
901084,7011113,30692,12,
901085,7011700,30627,11,43.1
901086,7010057,31328,2,137.73
901087,7002865,30540,1,533.19
901088,7014093,31324,11,617.29
901089,7005655,31178,1,271.22
901090,7005449,30540,8,91.01
901091,7001894,31399,2,753.17
901092,7005497,31282,10,334.36
901093,7009334,30783,3,1046.55
901094,7000727,31000,9,650.53
901095,7000796,30687,4,173.29
901096,7002598,31323,2,1092.73
901097,7000848,30743,-7,764.56
901098,7014633,31427,8,194.19
901099,7011843,31167,12,104.99
901100,7011799,31002,11,608.29
901101,7003143,30748,6,318.89
901102,7003842,30712,5,462.18
901103,7011083,31335,-5,1193.81
901104,7004936,31228,9,205.88
901105,7002201,30376,8,579.96
901106,7013138,31091,8,351.81
901107,7011902,30493,2,715.29
901108,7002424,30755,3,516.11
901109,7003737,30940,5,1132.12
901110,7014555,30604,11,834.97
901111,7014270,31481,12,499.52
901112,7005854,31398,5,454.1
901113,7004745,30209,3,1014.83
901114,7005352,30099,2,1177.51
901115,7003610,30195,3,1090.3
901116,7008656,31189,8,178.92
901117,7011918,30351,10,374.02
901118,7003112,30949,2,467.29
901119,7003680,30865,11,917.48
901120,7008691,30084,9,735.89
901121,7000390,30430,2,1064.11
901122,7013595,31122,6,1014.21
901123,7012123,30435,2,545.27
901124,7012267,30423,2,185.6
901125,7010856,30753,10,287.74
901126,7010786,31293,8,1058.27
901127,7008935,30431,10,944.28
901128,7012938,30839,12,1163.47
901129,7013906,30233,1,881.39
901130,7006279,30273,7,359.74
901131,7001740,30204,8,1090.22
901132,7011241,30345,9,475.43
901133,7013489,30325,7,503.87
901134,7000831,30222,5,826.8
901135,7005438,31106,1,604.39
901136,7000466,30587,12,976.91
901137,7012603,30208,8,948.19
901138,7009643,30926,12,282.55
901139,7003656,30009,1,374.86
901140,7007645,30188,1,51.98
901141,7004745,31153,10,23.19
901142,7003270,30086,1,539.17
901143,7007410,30964,5,320.17
901144,7001905,30466,12,782.26
901145,7004999,30487,10,270.77
901146,7005583,31384,5,209.05
901147,7009001,30748,2,790.66
901148,7009509,30709,7,852.2
901149,7001065,31496,3,861.28
901150,7003008,30216,9,95.36
901151,7006807,30532,7,322.48
901152,7007707,30968,2,607.93
901153,7012053,30044,11,936.48
901154,7002807,30534,7,1036.84
901155,7009545,30730,-6,1131.5
901156,7009971,31203,12,21.36
901157,7011368,30403,6,984.68
901158,7012531,30109,6,406.69
901159,7010997,30998,12,65.84
901160,7003972,31171,12,231.37
901161,7012784,31096,3,1121.77
901162,7000381,30546,2,371.96
901163,7009940,30037,10,369.88
901164,7001487,31195,12,97.81
901165,7004015,31110,4,
901166,7011992,30591,6,107.62
901167,7014025,30174,4,501.84
901168,7005314,30358,9,357.35
901169,7010427,30278,3,994.5
901170,7009927,31133,1,430.05
901171,7011478,31292,10,968.53
901172,7005032,31098,8,759.04
901173,7004422,30269,3,79.56
901174,7004626,31292,8,39.63
901175,7009250,31463,9,945.81
901176,7009263,30892,1,47.44
901177,7013173,30787,12,598.66
901178,7014662,30018,8,197.03
901179,7013942,30689,12,1169.35
901180,7003838,30567,4,905.81
901181,7000537,31232,10,1026.73
901182,7001470,30094,12,608.76
901183,7006193,31302,4,
901184,7002297,31174,7,827.9
901185,7008608,31380,3,821.4
901186,7009143,31091,3,54.16
901187,7010172,30759,6,887.87
901188,7001384,30458,10,476.39
901189,7007656,31401,7,427.57
901190,7002042,31282,6,1123.01
901191,7005483,30722,4,806.64
901192,7007103,31153,5,1071.75
901193,7002022,30741,12,1121.88
901194,7013913,31148,9,1188.46
901195,7008309,30276,3,958.46
901196,7014529,31170,10,719.24
901197,7010825,31079,10,928.76
901198,7014481,31060,4,1062.69
901199,7002158,30264,4,675.65
901200,7006967,31123,10,932.61
901201,7002831,31173,11,1011.19
901202,7000639,31026,3,163.71
901203,7014753,31390,6,317.08
901204,7009359,30365,12,895.17
901205,7003620,30237,10,760.93
901206,7004895,30540,1,184.72
901207,7012196,30800,10,116.32
901208,7007024,30512,12,1103.08
901209,7003027,30253,1,147.81
901210,7001655,30454,9,481.26
901211,7002855,30400,7,870.14
901212,7001987,31295,8,871.77
901213,7014299,30076,7,866.24
901214,7012217,31195,12,914.21
901215,7011045,30527,12,766.77
901216,7012643,31342,6,1106.57
901217,7012138,30098,12,63.4
901218,7014760,30616,6,593.12
901219,7002303,30050,2,26.07
901220,7014949,31050,4,913.25
901221,7014117,30997,1,549.64
901222,7010110,31137,3,598.06
901223,7004355,31146,8,160.11
901224,7006928,31199,9,307.04
901225,7012275,30871,9,578.46
901226,7010346,30636,5,311.55
901227,7004260,30660,7,
901228,7009934,30227,4,412.95
901229,7007234,30299,7,420.96
901230,7012341,31223,8,537.52
901231,7011685,30939,2,273.14
901232,7006889,30004,3,633.53
901233,7004108,30490,4,346.48
901234,7004098,31259,12,1164.25
901235,7002297,30131,10,133.78
901236,7014227,30831,6,1152.65
901237,7008318,30500,7,365.34
901238,7011135,31269,5,856.9
901239,7001116,31256,4,508.24
901240,7012250,31475,11,935.07
901241,7014334,31387,12,1070.49
901242,7013561,31126,12,
901243,7013158,30447,8,599.21
901244,7014789,31154,6,896.12
901245,7012958,31436,5,32.82
901246,7010458,30102,10,266.88
901247,7012823,31459,3,978.17
901248,7014141,30783,11,1145.64
901249,7009949,31231,5,841.58
901250,7002074,30291,4,814.16
901251,7010449,30360,7,300.68
901252,7011126,31230,11,173.88
901253,7000998,31220,8,555.05
901254,7001972,31329,10,619.12
901255,7010577,31243,6,1029.07
901256,7007814,30677,5,
901257,7009401,30174,12,401.68
901258,7007282,31142,4,415.52
901259,7002493,30948,6,525.3
901260,7013290,30986,2,761.21
901261,7012494,30788,6,470.32
901262,7010116,31277,6,245.59
901263,7000053,30852,10,387.04
901264,7001626,30751,1,435.14
901265,7012301,31477,1,1041.99
901266,7011033,30832,7,398.64
901267,7004037,30582,1,775.06
901268,7010629,30945,2,775.78
901269,7002193,30802,4,1003.3
901270,7006969,30650,9,152.28
901271,7009146,30804,2,280.79
901272,7011493,30244,4,798.19
901273,7000498,31405,9,933.7
901274,7005737,31228,5,1147.89
901275,7005917,30746,5,96.82
901276,7011049,30791,11,143.18
901277,7008296,30795,1,1055.75
901278,7003060,31340,9,444.3
901279,7013461,31028,3,319.17
901280,7001953,30143,8,229.4
901281,7003246,30263,3,448.01
901282,7008304,30140,10,654.79
901283,7008397,30892,9,886.06
901284,7012600,31081,4,1160.65
901285,7001725,30442,10,627.08
901286,7002610,30333,4,1039.85
901287,7014183,30132,5,545.83
901288,7010437,30020,3,691.56
901289,7011000,31048,3,
901290,7012788,30458,3,10.94
901291,7012585,30113,9,898.38
901292,7014629,30237,7,226.64
901293,7004876,30532,10,854.09
901294,7009048,30817,2,850.22
901295,7010988,30401,9,248.68
901296,7000423,31075,3,1044.3
901297,7012257,30503,11,424.68
901298,7005222,31295,4,531.66
901299,7009471,31352,10,889.76
901300,7007581,30174,9,1028.62
901301,7002146,31362,11,1095.26
901302,7006373,31292,6,1008.6
901303,7005817,30568,7,773.71
901304,7010250,31313,7,985.02
901305,7003271,30824,2,1056.98
901306,7010633,30779,2,368.23
901307,7008432,31458,8,556.01
901308,7014003,30498,10,1005.52
901309,7010562,30984,7,202.24
901310,7009814,31452,5,134.3
901311,7014987,30678,3,671.96
901312,7003065,30094,3,66.69
901313,7011980,30289,2,770.01
901314,7002112,30246,1,53.32
901315,7005663,30352,11,998.8
901316,7007962,30026,2,648.29
901317,7001277,30050,6,596.9
901318,7006424,31224,-8,315.76
901319,7013638,30776,1,66.88
901320,7012386,30689,11,920.0
901321,7001210,30581,11,470.2
901322,7013025,30238,9,535.29
901323,7008400,31192,11,831.13
901324,7008760,30151,6,814.63
901325,7007116,30524,3,611.78
901326,7014149,31027,10,1026.4
901327,7012041,30380,11,849.13
901328,7007777,30209,2,132.78
901329,7011949,30387,1,551.08
901330,7011089,30352,3,93.19
901331,7001696,31073,12,779.77
901332,7005988,30547,7,567.4
901333,7011809,31495,11,397.32
901334,7003485,31087,7,95.32
901335,7014370,30230,2,603.98
901336,7004619,31423,4,896.65
901337,7008870,30051,12,243.83
901338,7003883,30806,9,694.11
901339,7004211,30428,3,836.3
901340,7011656,30967,5,802.79
901341,7005522,30904,9,54.31
901342,7002017,30844,9,1163.48
901343,7011916,31001,7,
901344,7006282,30596,1,385.33
901345,7008820,31466,5,558.76
901346,7011756,30417,2,708.33
901347,7005192,30612,4,679.37
901348,7002365,30849,3,1172.91
901349,7007804,31052,1,841.81
901350,7009611,31134,8,575.92
901351,7006256,30509,4,1062.65
901352,7004372,30948,11,12.71
901353,7013058,30951,1,1131.82
901354,7006655,30993,9,267.26
901355,7006892,30696,10,390.11
901356,7004181,30538,1,1071.0
901357,7012632,30567,6,868.85
901358,7002066,30114,4,254.73
901359,7013600,31403,3,487.34
901360,7005219,30982,9,736.7
901361,7009006,30699,1,415.39
901362,7004452,30751,1,1195.78
901363,7014473,30282,7,903.7
901364,7004974,31305,6,1174.6
901365,7002106,30674,4,75.68
901366,7010165,30283,9,414.39
901367,7014936,30289,7,
901368,7001392,31200,10,233.91
901369,7013604,31029,10,
901370,7012655,30304,9,413.33
901371,7012830,30267,4,1067.47
901372,7010330,30722,4,809.49
901373,7004520,30268,7,783.01
901374,7003521,30136,1,1041.65
901375,7008597,30325,9,1045.15
901376,7004969,30551,10,1162.63
901377,7014461,31007,6,256.51
901378,7009693,31104,8,804.78
901379,7000284,31473,7,959.7
901380,7010209,30501,12,
901381,7008022,31211,9,1196.42
901382,7008855,31052,11,22.5
901383,7007706,31031,1,674.5
901384,7012369,31135,7,900.93
901385,7013979,30167,9,
901386,7001586,30678,3,583.03
901387,7006079,30928,9,447.72
901388,7006430,30859,7,1156.35
901389,7013274,31202,2,573.61
901390,7009172,31120,2,458.46
901391,7009943,30793,1,26.41
901392,7009308,30152,9,1160.96
901393,7010775,30352,10,188.43
901394,7004662,30419,9,330.96
901395,7008049,30167,3,1131.74
901396,7002079,30979,1,311.73
901397,7008193,31294,8,58.04
901398,7012929,31001,5,155.92
901399,7005413,30810,5,949.56
901400,7008689,30489,10,675.39
901401,7003118,30270,9,902.82
901402,7011760,31491,6,343.76
901403,7011052,31361,5,830.78
901404,7013903,30522,5,1075.97
901405,7007026,30769,2,895.08
901406,7006143,31382,10,932.56
901407,7007544,30276,-1,844.49
901408,7006405,31431,12,522.45
901409,7004864,30256,12,662.42
901410,7007528,31082,8,321.99
901411,7002871,31074,9,1024.19
901412,7013449,30976,8,365.62
901413,7007176,30707,1,867.17
901414,7013822,30512,9,862.14
901415,7013425,30513,11,38.18
901416,7007139,30058,10,1064.91
901417,7006690,30194,2,750.04
901418,7014992,30756,2,89.97
901419,7004116,30981,11,93.15
901420,7007337,30016,6,726.69
901421,7006803,30217,8,599.09
901422,7003949,30338,2,237.13
901423,7013499,31405,1,566.91
901424,7007840,30686,8,439.97
901425,7006848,31249,5,88.87
901426,7005530,30154,5,544.63
901427,7000858,30588,8,1012.29
901428,7005643,30752,5,239.22
901429,7002935,30014,7,497.13
901430,7002605,30154,8,745.32
901431,7008327,30153,10,774.03
901432,7006472,30661,5,394.04
901433,7006928,30653,2,342.68
901434,7010243,30768,10,233.7
901435,7010842,30515,6,269.98
901436,7000322,30689,3,353.43
901437,7013813,31202,4,615.7
901438,7008171,30445,1,48.33
901439,7004975,31454,7,179.98
901440,7006132,31221,-8,185.69
901441,7014954,30288,8,343.05
901442,7010168,30009,10,397.05
901443,7014626,31351,1,1194.18
901444,7012910,30640,11,91.76
901445,7002978,31113,2,104.0
901446,7005166,30666,3,161.72
901447,7014662,31351,11,710.04
901448,7014844,30155,-3,105.71
901449,7013987,30359,10,554.92
901450,7000117,31436,12,144.17
901451,7000008,30989,12,140.78
901452,7004940,30047,11,659.17
901453,7009885,30644,9,971.85
901454,7001550,31137,8,810.44
901455,7013429,30400,10,518.55
901456,7011047,30577,7,460.38
901457,7000597,31084,11,410.56
901458,7008813,31469,12,174.45
901459,7000451,30656,4,1134.86
901460,7012246,30492,12,622.25
901461,7014498,31109,5,715.75
901462,7000233,30541,5,319.08
901463,7003436,31163,6,980.21
901464,7014741,30380,7,969.23
901465,7002368,30153,11,458.07
901466,7006619,30525,10,742.66
901467,7001902,31435,11,204.4
901468,7009071,31123,6,393.4
901469,7010604,30578,2,510.7
901470,7014218,31179,4,43.56
901471,7009391,30917,9,332.69
901472,7011563,30156,11,276.23
901473,7005665,31021,2,797.56
901474,7002858,31115,8,140.05
901475,7002393,30403,11,655.18
901476,7009489,30658,4,572.26
901477,7005777,30120,-4,821.5
901478,7006133,30583,8,444.24
901479,7001332,31320,11,74.99
901480,7010230,30477,3,990.52
901481,7004182,30347,12,
901482,7001373,31456,2,903.79
901483,7010553,30714,2,899.41
901484,7006682,31139,4,73.0
901485,7000370,30754,10,673.79
901486,7011327,31126,1,674.1
901487,7003517,30821,2,55.42
901488,7004220,30651,8,947.37
901489,7004061,31291,6,
901490,7003626,30908,3,324.41
901491,7007231,31378,10,116.5
901492,7012248,30542,9,1139.94
901493,7009337,31255,10,350.42
901494,7001309,30825,1,683.99
901495,7007378,30700,8,231.24
901496,7005914,30599,2,441.62
901497,7013100,31426,7,
901498,7011084,30526,9,138.13
901499,7009455,30509,6,795.83
901500,7012910,31250,4,1063.98
901501,7009166,30277,11,1148.31
901502,7005050,30913,9,1012.65
901503,7013808,30389,3,423.56
901504,7007501,31473,8,
901505,7012229,30065,1,395.85
901506,7001645,30596,1,917.39
901507,7009374,31157,3,153.12
901508,7010116,30386,8,273.36
901509,7002681,30451,3,1024.12
901510,7011517,30148,4,400.27
901511,7000921,31335,6,60.61
901512,7012899,31353,5,903.75
901513,7008886,30501,11,992.35
901514,7013973,31085,11,933.43
901515,7003399,30043,6,319.94
901516,7008512,30283,8,128.8
901517,7000621,30086,10,642.42
901518,7003804,31252,5,855.0
901519,7012114,30099,1,432.43
901520,7002725,30993,10,49.75
901521,7009423,30204,1,1001.23
901522,7011791,30076,10,
901523,7002446,30080,2,665.05
901524,7005294,30310,4,1085.24
901525,7005981,30561,2,1172.91
901526,7012841,30806,10,
901527,7009392,30912,5,1111.88
901528,7003313,30441,8,361.17
901529,7010765,30719,1,140.53
901530,7009593,30274,7,760.97
901531,7002344,30237,12,95.37
901532,7012739,30259,12,249.35
901533,7009532,30558,6,1065.63
901534,7009500,30174,6,280.76
901535,7012672,30438,6,301.7
901536,7001020,30723,9,427.0
901537,7011576,30675,4,
901538,7007032,30623,12,27.98
901539,7004951,30654,8,27.06
901540,7006359,31252,10,54.55
901541,7010995,31150,8,860.57
901542,7000110,30334,5,656.41
901543,7013506,30761,9,136.83
901544,7009653,31111,8,141.56
901545,7002627,31129,6,569.96
901546,7013878,30254,10,796.69
901547,7012485,31112,5,136.84
901548,7006114,30344,7,501.31
901549,7013151,30790,2,757.26
901550,7002644,31250,4,367.01
901551,7001876,30702,8,1140.75
901552,7010303,31338,9,1014.88
901553,7013035,31085,5,776.99
901554,7010095,31074,2,746.2
901555,7011968,31192,12,663.32
901556,7011725,30646,5,547.83
901557,7001612,30213,8,922.39
901558,7011820,31265,12,708.46
901559,7003080,30286,4,481.96
901560,7013848,30208,12,35.33
901561,7013797,31453,11,1177.03
901562,7012492,31442,4,
901563,7006391,30998,1,70.06
901564,7005070,31481,9,702.03
901565,7008802,31025,5,443.96
901566,7003583,31192,9,272.88
901567,7013931,30979,4,920.09
901568,7000073,30936,8,895.31
901569,7004213,30214,11,575.68
901570,7004459,30709,8,921.41
901571,7002574,30032,1,1155.57
901572,7001833,31124,11,193.82
901573,7001681,30517,12,1179.55
901574,7000284,31494,8,825.29
901575,7010878,31344,2,1093.45
901576,7010133,31381,4,336.0
901577,7003666,30643,9,179.26
901578,7000912,30637,3,522.2
901579,7013560,31011,1,694.12
901580,7014110,30404,11,163.16
901581,7011503,30543,5,52.96
901582,7010325,31266,6,1008.18
901583,7004065,30088,3,852.67
901584,7004778,30380,6,1192.66
901585,7000429,30114,4,553.56
901586,7003351,31092,2,493.71
901587,7011048,31105,6,360.97
901588,7012247,31051,-11,225.0
901589,7001073,30257,6,492.39
901590,7005542,30217,7,1053.95
901591,7001518,30378,11,715.4
901592,7008638,30393,2,656.27
901593,7013754,31470,11,37.93
901594,7001150,31034,11,461.87
901595,7002097,30207,4,584.34
901596,7004300,30381,7,69.81
901597,7006798,30287,11,530.09
901598,7014408,30915,4,34.96
901599,7014643,30571,10,680.83
901600,7013554,30288,6,652.99
901601,7010699,31433,7,753.16
901602,7011458,30325,6,477.62
901603,7005557,30551,1,
901604,7000537,30849,6,1004.69
901605,7011056,30242,9,181.4
901606,7002176,30606,11,813.9
901607,7011227,31047,12,173.68
901608,7005075,31247,7,1029.66
901609,7013088,30176,5,58.28
901610,7007518,30581,5,683.29
901611,7000546,30316,1,762.24
901612,7009654,30056,2,1056.31
901613,7013788,31398,5,
901614,7009444,30558,12,393.29
901615,7011085,31064,6,471.4
901616,7013121,30785,9,469.77
901617,7007895,30071,2,775.87
901618,7004553,30190,4,385.72
901619,7006800,31049,3,913.9
901620,7011489,30531,10,1061.55
901621,7013947,31106,11,741.75
901622,7008117,31457,10,220.69
901623,7013626,30940,4,294.31
901624,7014660,31186,10,1025.48
901625,7014528,31035,6,473.27
901626,7001256,30891,10,722.57
901627,7001418,31182,8,574.72
901628,7014367,31104,3,640.8
901629,7012174,30106,6,181.65
901630,7003511,30087,11,593.9
901631,7005196,31206,1,806.13
901632,7010187,30835,10,753.37
901633,7002535,30065,6,323.17
901634,7000507,30442,11,127.5
901635,7000219,30476,9,
901636,7003953,30875,7,1011.4
901637,7010529,30587,2,623.96
901638,7013751,30605,4,830.56
901639,7010640,30207,9,495.81
901640,7001243,31263,8,761.05
901641,7013509,30162,1,349.68
901642,7013407,31011,7,185.71
901643,7007916,31107,7,974.32
901644,7000183,30967,-10,574.95
901645,7012958,30604,12,263.59
901646,7001891,30431,8,119.81
901647,7013577,30657,4,939.62
901648,7008489,31091,11,1013.24
901649,7000511,31426,6,911.03
901650,7002256,31054,8,449.07
901651,7003407,31171,7,1055.82
901652,7011484,31486,3,
901653,7000394,31411,8,560.99
901654,7013408,30079,11,459.44
901655,7005411,30855,10,205.4
901656,7014092,30026,1,1000.2
901657,7001124,30696,11,642.77
901658,7002621,30922,8,747.49
901659,7008100,31376,11,727.52
901660,7005330,31111,4,130.25
901661,7014712,30527,11,
901662,7003094,31364,1,76.99
901663,7000657,31361,12,1016.91
901664,7003946,30442,7,469.35
901665,7001515,31390,10,944.21
901666,7000063,30967,-4,324.68
901667,7004002,30321,2,41.73
901668,7011197,30003,6,837.5
901669,7005221,30163,2,378.84
901670,7012311,30247,2,1135.4
901671,7003781,31261,9,294.86
901672,7002757,30560,10,1025.3
901673,7011270,30406,-6,1029.6
901674,7013967,30226,-4,437.42
901675,7001590,31497,12,753.66
901676,7013329,31098,3,372.76
901677,7002316,30161,8,1051.14
901678,7002712,30935,1,1126.73
901679,7013986,31201,6,914.79
901680,7009537,30651,-9,1094.96
901681,7007720,30026,6,536.58
901682,7005072,30052,3,605.11
901683,7000358,31088,9,610.73
901684,7006615,30139,7,153.73
901685,7012014,30235,7,310.2
901686,7004442,30140,1,865.08
901687,7013566,30744,4,924.43
901688,7009904,31155,1,129.52
901689,7011440,30383,9,291.84
901690,7003237,30037,8,1192.36
901691,7002541,30710,8,1137.14
901692,7000673,30632,12,744.26
901693,7012858,30540,11,47.45
901694,7009782,30371,1,66.32
901695,7011569,31264,1,579.63
901696,7002725,31229,3,336.71
901697,7001577,31307,9,296.29
901698,7009615,30585,10,121.15
901699,7005066,30726,2,907.73
901700,7002377,30666,7,
901701,7014028,31389,5,432.93
901702,7013226,30772,3,471.7
901703,7011451,30810,12,75.93
901704,7004663,31072,7,
901705,7009338,30071,9,331.04
901706,7002184,30618,4,52.97
901707,7006924,31036,9,733.46
901708,7014873,30817,3,1175.38
901709,7009280,31272,11,277.99
901710,7007313,31473,7,926.8
901711,7009421,30894,11,1192.74
901712,7011521,31356,1,767.71
901713,7012358,30392,12,290.98
901714,7013501,31486,1,951.28
901715,7002597,30179,7,1098.32
901716,7013741,31380,11,904.22
901717,7002446,31358,5,62.28
901718,7000939,31173,11,1049.61
901719,7011167,30419,6,182.62
901720,7001788,30883,6,996.85
901721,7003208,30766,7,960.35
901722,7006187,30423,8,975.4
901723,7004792,31270,11,89.76
901724,7011004,30142,7,413.53
901725,7011297,30167,4,18.8
901726,7000377,30757,10,1071.19
901727,7000207,30371,11,145.27
901728,7003348,30741,8,550.67
901729,7009487,31363,9,474.18
901730,7001893,30524,4,777.69
901731,7003971,30869,-11,840.35
901732,7001433,30083,12,369.68
901733,7005251,30425,10,530.02
901734,7012850,30567,12,738.71
901735,7005676,30900,1,762.23
901736,7013351,30512,11,
901737,7007047,30776,9,887.73
901738,7014814,30003,12,667.4
901739,7009842,31088,10,1127.29
901740,7009386,30558,5,496.56
901741,7012906,30367,8,62.02
901742,7001305,31356,6,49.78
901743,7004097,31265,2,441.55
901744,7008490,30854,12,780.99
901745,7001794,30945,2,719.98
901746,7014964,30299,2,634.15
901747,7006552,30429,3,1108.83
901748,7012157,30306,4,1093.19
901749,7004483,30314,2,815.39
901750,7013311,30186,4,917.4
901751,7005224,30767,11,1000.02
901752,7003031,30644,10,357.66
901753,7010325,30031,9,1056.79
901754,7011368,31256,10,987.09
901755,7014462,30021,-11,268.74
901756,7007263,30573,2,477.93
901757,7005716,31473,7,480.59
901758,7005018,30767,4,15.57
901759,7010781,30665,7,70.7
901760,7005833,31282,2,129.05
901761,7004843,31285,2,908.77
901762,7011423,30037,9,708.72
901763,7002986,31292,6,367.94
901764,7009447,30402,5,258.8
901765,7001046,31020,10,582.16
901766,7007716,30935,12,361.56
901767,7000191,30376,12,302.21
901768,7001184,30177,8,880.26
901769,7013917,31104,8,37.49
901770,7014689,30757,9,70.22
901771,7007746,31322,1,407.66
901772,7011525,30398,3,936.95
901773,7011493,30715,3,74.52
901774,7000846,31460,1,105.82
901775,7014631,31009,9,
901776,7001716,30486,4,171.93
901777,7008798,31355,6,403.84
901778,7002580,30487,11,260.36
901779,7001916,30445,2,272.56
901780,7007626,30070,10,1165.54
901781,7013286,30656,9,201.26
901782,7012536,30932,-8,734.64
901783,7009378,31214,5,482.26
901784,7001005,31485,5,245.17
901785,7013120,31264,1,1146.09
901786,7002094,30443,9,1063.99
901787,7003513,30118,7,848.76
901788,7008130,31480,9,1178.6
901789,7001319,30966,11,325.59
901790,7006609,30111,10,188.55
901791,7009982,30984,7,217.6
901792,7007233,30549,1,738.32
901793,7010576,30591,10,100.57
901794,7006350,31236,8,454.01
901795,7011642,30918,12,846.16
901796,7002638,30745,2,793.81
901797,7003523,30872,9,1013.0
901798,7014873,31449,2,225.47
901799,7004059,30045,8,731.14
901800,7005950,31436,11,128.99
901801,7001280,30948,7,877.32
901802,7012490,31485,11,282.15
901803,7001461,30209,11,529.62
901804,7014714,31485,8,1111.94
901805,7008163,30828,10,460.26
901806,7005035,30751,7,
901807,7012088,30473,11,1150.87
901808,7014420,30205,1,1132.73
901809,7006865,30201,11,592.94
901810,7012878,30661,7,1194.09
901811,7011908,31386,2,387.94
901812,7006553,30538,3,1028.91
901813,7012549,31269,12,600.94
901814,7004290,30271,2,397.84
901815,7009121,30334,6,351.06
901816,7001567,30833,8,1075.9
901817,7002385,31476,4,447.83
901818,7000284,30733,5,767.84
901819,7007461,30978,4,265.8
901820,7012268,30148,12,67.65
901821,7012093,30739,11,455.31
901822,7006464,30264,11,252.26
901823,7011008,31273,5,
901824,7009051,30972,5,67.28
901825,7012166,30061,3,559.91
901826,7005851,30132,11,478.56
901827,7013675,30432,10,1070.11
901828,7007053,30240,8,
901829,7006320,30996,7,315.79
901830,7012909,31230,2,361.24
901831,7002437,30781,1,888.04
901832,7007827,30752,12,746.05
901833,7001252,31158,5,910.51
901834,7009231,30232,2,83.68
901835,7003744,30027,7,537.73
901836,7002224,30584,4,855.87
901837,7000008,30706,11,900.86
901838,7008710,30188,8,436.9
901839,7003403,30259,4,479.05
901840,7011438,31307,8,324.29
901841,7012256,30132,8,829.93
901842,7010418,30514,11,191.57
901843,7001785,30240,6,1117.45
901844,7005095,30441,6,948.26
901845,7014214,30822,8,118.06
901846,7010077,30247,11,1046.77
901847,7011460,31259,5,
901848,7012372,30303,6,245.86
901849,7003023,30958,4,766.5
901850,7005338,31452,7,529.44
901851,7000150,30498,6,65.26
901852,7005338,30226,8,452.61
901853,7001416,31274,8,450.39
901854,7002649,30192,8,249.99
901855,7008592,30042,1,575.3
901856,7011887,31168,8,978.59
901857,7009030,30163,2,707.79
901858,7000549,31331,10,388.64
901859,7000929,30253,5,856.39
901860,7011523,31036,-11,474.84
901861,7005947,30658,4,965.92
901862,7014412,30585,2,265.36
901863,7004309,30827,9,987.4
901864,7004498,30950,6,143.0
901865,7000968,30805,-4,455.5
901866,7010410,31147,4,1147.81
901867,7007149,31499,4,912.75
901868,7012086,30178,8,
901869,7005034,31453,8,152.03
901870,7008507,31066,8,1192.18
901871,7011791,30965,7,727.47
901872,7005036,31179,6,763.14
901873,7003684,31449,12,796.97
901874,7009149,30460,4,235.26
901875,7000584,31268,12,245.32
901876,7004102,30243,4,1188.43
901877,7008265,30677,2,29.01
901878,7006368,30183,3,226.08
901879,7004223,30894,9,597.05
901880,7003923,30898,8,
901881,7001663,30007,5,277.84
901882,7012664,30605,4,919.34
901883,7012804,31035,3,973.49
901884,7012116,30992,6,
901885,7013228,30328,-1,498.56
901886,7002650,31498,2,348.83
901887,7005218,31030,8,
901888,7014440,30333,10,120.39
901889,7013267,30033,1,1027.18
901890,7001873,30023,4,612.5
901891,7010569,30533,4,1131.69
901892,7011522,31126,11,
901893,7002970,30856,12,288.96
901894,7011707,30111,4,294.4
901895,7011677,30701,6,856.97
901896,7006954,30282,6,396.13
901897,7000182,30926,7,601.34
901898,7014132,30605,4,1061.08
901899,7000807,30570,7,316.4
901900,7001088,30180,6,865.8
901901,7012113,30383,8,1069.99
901902,7006214,31157,11,411.36
901903,7007385,30188,8,48.86
901904,7001844,30359,-5,212.74
901905,7012389,30628,6,614.38
901906,7001658,30234,7,755.2
901907,7002458,31302,11,1033.15
901908,7005579,30581,9,120.37
901909,7014331,30996,2,973.4
901910,7005660,30867,4,855.32
901911,7010228,30869,9,233.12
901912,7007263,30917,3,849.03
901913,7002082,31383,5,1020.15
901914,7000174,31399,2,206.92
901915,7009711,31284,9,276.68
901916,7000572,30791,7,194.25
901917,7003485,30012,5,176.12
901918,7007281,30837,2,486.17
901919,7008479,30206,6,563.78
901920,7001997,30036,3,713.74
901921,7007120,31170,1,861.18
901922,7003228,30699,2,
901923,7009381,30904,12,27.52
901924,7003276,30828,11,435.67
901925,7006882,30886,1,1193.96
901926,7010229,31409,5,284.93
901927,7000504,30693,9,635.37
901928,7011185,30297,12,743.18
901929,7007586,30229,11,458.76
901930,7013283,30014,8,31.97
901931,7005706,30219,10,247.5
901932,7014516,30181,11,622.24
901933,7010423,30501,6,342.4
901934,7014239,30659,11,901.64
901935,7013613,30062,7,1070.17
901936,7000549,31205,10,
901937,7004977,31399,11,389.54
901938,7009729,31103,11,171.08
901939,7002756,30513,12,639.92
901940,7007315,31329,1,448.7
901941,7003061,30746,12,392.96
901942,7010710,30720,7,290.96
901943,7002510,30669,10,456.34
901944,7002652,31375,3,530.31
901945,7000030,30969,11,822.67
901946,7003922,31361,3,588.5
901947,7009093,30266,9,683.53
901948,7008829,30384,7,849.9
901949,7002559,30538,8,24.24
901950,7008484,30950,8,14.72
901951,7002654,31023,11,658.7
901952,7009065,31333,7,363.78
901953,7005840,30765,9,382.94
901954,7007634,31020,6,938.09
901955,7003674,31199,3,1136.58
901956,7007065,31421,11,550.81
901957,7003926,31225,3,463.2
901958,7012211,30416,7,761.88
901959,7009129,31468,-3,229.98
901960,7004653,30568,2,208.77
901961,7007773,31318,10,248.31
901962,7009266,31126,4,344.08
901963,7000439,30760,4,673.22
901964,7011730,30870,5,1015.92
901965,7012528,30307,8,332.19
901966,7013829,30824,6,966.38
901967,7008446,30353,9,191.58
901968,7008885,31244,6,1094.99
901969,7009834,30531,10,209.07
901970,7011997,31387,1,
901971,7006256,31156,6,1137.25
901972,7006500,30302,2,1014.61
901973,7011430,31296,6,1040.73
901974,7014055,31322,1,898.81
901975,7009624,31317,1,438.12
901976,7010742,31074,2,864.27
901977,7000535,31352,2,267.92
901978,7006079,30947,11,583.32
901979,7007454,30503,7,1063.13
901980,7007401,31160,12,232.68
901981,7008286,30735,8,170.11
901982,7011040,30923,2,768.36
901983,7001100,30556,6,85.22
901984,7013493,31458,12,444.89
901985,7009917,31366,2,319.13
901986,7002905,31361,11,282.03
901987,7005329,31481,3,105.6
901988,7007748,31278,1,770.74
901989,7002293,31088,1,258.79
901990,7002354,30673,7,486.58
901991,7014226,30701,9,722.77
901992,7012681,30477,2,1050.77
901993,7013840,30565,6,164.49
901994,7003338,31043,1,805.44
901995,7010604,30650,7,991.82
901996,7012932,30200,4,313.45
901997,7006826,31307,11,182.43
901998,7000805,30775,3,404.14
901999,7004509,31146,12,1109.01
902000,7014685,31153,3,611.56
902001,7003427,30404,8,564.82
902002,7003061,30633,4,621.87
902003,7002661,30337,7,1078.03
902004,7010596,30810,7,494.69
902005,7009669,30757,2,197.68
902006,7007317,30936,9,93.2
902007,7011952,30551,5,1041.74
902008,7002929,30873,6,904.19
902009,7012958,31248,11,256.6
902010,7003612,30584,5,102.65
902011,7001536,31180,11,326.67
902012,7012584,30250,10,808.97
902013,7008096,30134,10,129.61
902014,7001677,30790,12,407.22
902015,7003643,30583,2,873.97
902016,7002165,30754,5,1164.62
902017,7011828,30761,9,290.21
902018,7011775,30640,4,995.51
902019,7004071,30506,3,380.25
902020,7002485,30798,11,1084.35
902021,7005536,31281,7,92.2
902022,7007942,30727,-4,887.25
902023,7013872,30439,4,878.35
902024,7009938,31034,8,561.8
902025,7014757,30472,4,
902026,7002895,31173,1,185.22
902027,7013704,31431,7,
902028,7010514,30980,5,56.22
902029,7003780,31341,11,129.42
902030,7013157,31020,6,470.12
902031,7014306,31412,1,308.04
902032,7013993,30826,8,95.74
902033,7009074,31073,4,41.93
902034,7009208,30452,10,1037.0
902035,7012429,30710,5,336.16
902036,7006945,30425,8,36.0
902037,7002302,30124,5,673.41
902038,7005122,30923,3,1066.03
902039,7014837,30343,2,819.56
902040,7010864,30952,2,24.85
902041,7003418,30253,11,922.62
902042,7003565,30357,9,720.04
902043,7006141,30251,4,404.12
902044,7010126,30646,1,798.95
902045,7009652,30641,4,232.06
902046,7012810,31358,3,202.84
902047,7011953,31350,11,214.26
902048,7014404,30741,8,275.31
902049,7000463,30734,4,413.41
902050,7010431,30562,1,915.37
902051,7002720,31383,-11,293.77
902052,7009088,30002,1,
902053,7005233,31478,4,605.55
902054,7004003,30379,7,643.12
902055,7008261,31251,2,
902056,7014964,30338,4,607.22
902057,7003344,30819,8,739.52
902058,7009689,30972,4,95.46
902059,7003182,30996,5,134.27
902060,7001274,30033,5,557.8
902061,7007948,30301,5,572.72
902062,7003382,31218,5,
902063,7010292,30706,9,487.66
902064,7002101,30921,8,877.58
902065,7014060,30013,9,318.36
902066,7008337,30311,8,715.44
902067,7013683,31092,1,655.79
902068,7000025,30815,2,705.89
902069,7011714,30625,11,789.37
902070,7006724,31129,3,160.79
902071,7007278,31388,5,661.62
902072,7007499,31177,9,1175.37
902073,7005176,31298,9,423.02
902074,7003835,31273,7,755.03
902075,7011088,31498,7,205.63
902076,7012212,30556,8,402.42
902077,7010672,30626,6,671.32
902078,7012805,31282,7,283.68
902079,7012341,30708,6,296.28
902080,7012671,31141,11,19.84
902081,7004673,31459,1,142.57
902082,7011958,30783,2,532.96
902083,7011644,31190,7,108.25
902084,7002981,30297,7,645.19
902085,7003195,31230,3,16.79
902086,7002459,30626,9,435.45
902087,7004111,30772,3,458.31
902088,7000858,30987,1,1173.19
902089,7011779,30254,3,708.25
902090,7002694,31392,6,185.72
902091,7010927,30290,6,972.55
902092,7007231,31247,7,1103.22
902093,7006520,30457,9,157.92
902094,7013592,30641,4,858.13
902095,7009891,30965,7,1172.76
902096,7007435,31175,6,675.91
902097,7001453,30856,2,472.1
902098,7008090,30364,7,
902099,7002642,30287,12,
902100,7013502,30986,9,416.18
902101,7005426,30283,7,383.24
902102,7000671,31367,1,542.43
902103,7002773,30329,7,90.5
902104,7001974,30883,8,544.33
902105,7013647,31409,8,1186.08
902106,7007468,30162,2,681.21
902107,7007667,30331,7,184.07
902108,7006171,30873,6,681.62
902109,7008136,30670,11,132.93
902110,7001326,30745,11,937.13
902111,7008259,31094,4,312.88
902112,7012878,30192,6,785.86
902113,7011256,30754,12,855.47
902114,7007146,30377,6,747.48
902115,7005139,31148,4,325.53
902116,7010387,31273,2,1048.08
902117,7010145,31318,12,446.09
902118,7006876,30662,12,115.15
902119,7005791,31010,4,224.0
902120,7007910,30639,8,792.18
902121,7010803,31204,1,833.76
902122,7003246,31416,2,569.66
902123,7005041,31411,6,1061.37
902124,7000813,31005,8,871.54
902125,7009140,30700,3,810.64
902126,7007236,31444,9,
902127,7002285,30218,12,520.73
902128,7005003,30095,5,325.83
902129,7000715,30726,3,221.04
902130,7005187,30113,5,1163.54
902131,7014038,30785,2,426.31
902132,7003875,30095,8,863.6
902133,7007650,31396,5,263.38
902134,7012577,30416,8,58.28
902135,7014133,30427,1,135.04
902136,7009080,31394,5,568.95
902137,7012010,30533,12,1132.88
902138,7014502,30474,6,14.04
902139,7008775,31231,7,125.62
902140,7007123,30790,11,84.78
902141,7004402,31128,1,486.35
902142,7003125,30935,12,629.72
902143,7013001,30642,7,263.46
902144,7014839,30736,7,
902145,7003541,30849,5,
902146,7003096,31176,2,
902147,7010646,31458,11,102.51
902148,7001510,31319,5,31.54
902149,7001906,31392,7,533.18
902150,7001440,30023,7,71.33
902151,7014724,31470,11,
902152,7008862,30495,9,913.25
902153,7000199,30002,11,643.74
902154,7008888,30957,5,829.61
902155,7001320,30099,7,782.6
902156,7002365,31259,11,25.15
902157,7003660,30151,5,726.57
902158,7005793,30378,3,705.02
902159,7005383,30875,12,1105.3
902160,7000669,30632,-1,143.81
902161,7014701,30862,6,78.29
902162,7009666,30393,5,121.42
902163,7006699,30056,5,76.85
902164,7000587,31366,9,796.82
902165,7008104,31001,5,86.18
902166,7006106,31471,8,919.71
902167,7006091,30473,12,587.77
902168,7011938,30223,5,618.93
902169,7008446,31389,6,260.02
902170,7005918,30326,12,715.03
902171,7009833,30607,4,791.21
902172,7010820,30980,9,485.7
902173,7010745,30396,10,1033.56
902174,7008801,30860,4,859.27
902175,7014583,30539,5,122.2
902176,7008957,30135,1,1105.32
902177,7001396,30847,2,
902178,7011585,31235,5,56.0
902179,7007574,30741,10,1074.81
902180,7007269,31189,1,237.19
902181,7003644,31126,1,134.65
902182,7012286,31125,5,176.59
902183,7000315,30861,9,792.62
902184,7001924,30621,4,211.32
902185,7012326,30517,10,303.13
902186,7000132,30068,3,964.59
902187,7000419,30701,4,781.19
902188,7011978,30280,10,577.4
902189,7010824,31440,6,1128.04
902190,7011518,30928,2,449.34
902191,7001331,31386,2,1060.16
902192,7007236,30413,5,618.98
902193,7010985,31010,2,205.5
902194,7012854,31105,1,422.94
902195,7009173,30738,6,332.19
902196,7007146,30941,6,786.2
902197,7001927,31042,12,650.7
902198,7000049,30095,5,881.83
902199,7006144,30217,2,625.35
902200,7012227,31037,5,151.17
902201,7013076,30702,4,696.56
902202,7010817,30400,7,71.79
902203,7005152,30360,2,904.18
902204,7010498,30008,2,385.59
902205,7014065,31348,5,1096.63
902206,7007221,30093,-3,663.0
902207,7013271,30638,2,1180.27
902208,7007381,31097,4,237.13
902209,7001420,30377,2,1147.9
902210,7006464,31273,7,12.06
902211,7005969,31013,5,967.81
902212,7012368,31178,3,792.76
902213,7006771,30125,9,996.34
902214,7011435,30163,5,24.42
902215,7002753,30227,6,811.63
902216,7004288,30071,12,259.85
902217,7002931,30758,11,350.41
902218,7001587,31003,-6,116.97
902219,7010020,30883,11,835.48
902220,7005957,30348,2,981.77
902221,7010315,30062,8,952.28
902222,7009612,30651,8,528.6
902223,7013455,30807,2,326.65
902224,7004627,30311,8,947.36
902225,7013212,30860,10,279.12
902226,7012380,30275,4,54.24
902227,7004920,31339,4,664.13
902228,7004571,30839,5,839.3
902229,7012370,30453,1,1156.2
902230,7008391,30814,6,72.51
902231,7004563,30519,1,103.41
902232,7013675,31319,7,161.8
902233,7009425,31354,11,852.65
902234,7007229,30768,1,1031.24
902235,7010046,30090,12,750.7
902236,7008970,31377,3,922.37
902237,7002156,30163,10,
902238,7012156,31430,11,1092.83
902239,7007849,30390,-12,836.34
902240,7002838,31423,4,726.7
902241,7007612,30758,10,413.31
902242,7006856,30481,2,284.47
902243,7006961,30234,9,722.41
902244,7008819,30883,3,355.59
902245,7014751,31304,11,957.47
902246,7002081,30963,4,500.97
902247,7010527,30495,9,503.44
902248,7011249,31479,3,279.61
902249,7004774,30709,4,1184.8
902250,7000664,30757,2,369.79
902251,7010519,30488,6,1183.98
902252,7010326,31219,2,504.12
902253,7004613,30374,12,38.4
902254,7014492,30817,10,1179.18
902255,7014557,30993,2,1182.2
902256,7007537,31166,4,435.68
902257,7005516,31112,-11,616.82
902258,7006856,31113,4,645.76
902259,7012402,30557,9,359.51
902260,7012017,30634,10,951.22
902261,7003718,30403,2,335.26
902262,7009410,31471,1,595.93
902263,7014129,30168,3,1104.98
902264,7010830,30991,8,1063.4
902265,7005544,30275,12,383.57
902266,7012312,30984,1,
902267,7013502,31377,2,378.38
902268,7013624,30524,3,430.74
902269,7012040,31200,4,1058.07
902270,7014212,30220,5,604.22
902271,7005431,31422,12,939.43
902272,7014151,31260,8,403.94
902273,7002005,30438,5,74.22
902274,7011628,30727,12,859.81
902275,7003656,30298,9,414.49
902276,7003728,30349,11,289.39
902277,7014753,30198,12,354.25
902278,7002715,30506,3,150.58
902279,7011462,30616,8,354.12
902280,7009095,31455,2,558.85
902281,7002993,30101,1,701.45
902282,7008172,31063,3,902.91
902283,7003166,30274,8,909.06
902284,7007890,30131,8,18.48
902285,7011505,30830,11,131.07
902286,7008842,30778,8,417.76
902287,7004245,30605,8,735.55
902288,7014513,30300,4,419.81
902289,7007935,30687,5,35.34
902290,7007002,30274,10,837.02
902291,7006352,30018,10,599.84
902292,7000222,31052,5,693.95
902293,7011689,31113,12,257.8
902294,7011465,30634,7,1166.69
902295,7013429,30376,3,364.54
902296,7005853,31389,11,47.91
902297,7001391,30689,3,608.79
902298,7006382,30815,10,865.94
902299,7013591,30323,11,608.81
902300,8000003,30490,12,734.82
902301,7010041,30703,6,345.24
902302,7013481,30622,8,
902303,7014688,30112,2,586.41
902304,7012487,31051,12,186.08
902305,7005769,31207,5,187.2
902306,7013390,30651,10,720.71
902307,7006798,31497,6,36.43
902308,7008917,30523,3,691.03
902309,7014309,30970,9,1176.68
902310,7014925,30182,4,1092.1
902311,7014026,30867,1,653.03
902312,7010819,30094,8,774.48
902313,7011699,31482,2,1158.09
902314,7008324,30489,7,979.39
902315,7011788,30848,1,1147.32
902316,7000131,31296,8,711.79
902317,7001695,31213,2,455.41
902318,7013837,30855,11,447.54
902319,7013167,30593,8,536.04
902320,7007735,31396,11,243.03
902321,7005897,30418,1,156.5
902322,7003146,30070,8,1070.71
902323,7008182,31061,5,874.8
902324,7004399,30104,6,987.18
902325,7011155,31314,5,1174.41
902326,7001669,31181,9,968.56
902327,7006318,30525,3,1118.08
902328,7006534,30526,3,632.31
902329,7000621,30900,11,600.05
902330,7002888,31110,4,972.23
902331,7003089,30064,1,1156.86
902332,7013855,30820,-1,437.57
902333,7014743,30179,8,810.69
902334,7005885,30215,5,549.71
902335,7014088,30520,5,38.8
902336,7005535,31212,7,832.91
902337,7000251,30544,9,469.31
902338,7007230,31164,7,767.64
902339,7011100,31070,3,489.49
902340,7002422,30875,1,106.1
902341,7009303,31168,2,159.26
902342,7013887,31086,2,
902343,7010739,30101,9,569.11
902344,7002675,30389,-12,1092.85
902345,7001231,30082,8,223.73
902346,7009531,30819,8,105.17
902347,7007127,31133,12,1056.87
902348,7010775,31433,9,923.36
902349,7008275,30394,5,932.67
902350,7006656,30168,-1,139.87
902351,7011843,31347,7,977.92
902352,7003253,31010,5,1060.92
902353,7004210,30869,10,10.89
902354,7000142,31273,3,972.65
902355,7005613,30220,7,781.69
902356,7000293,30958,11,
902357,7010877,30348,2,
902358,7008897,30660,10,250.28
902359,7005870,30256,7,
902360,7003907,30866,4,788.0
902361,7011121,31403,2,382.79
902362,7012599,30771,6,308.6
902363,7009310,30665,7,1117.27
902364,7004493,31083,4,
902365,7006847,31380,3,845.64
902366,7010128,31211,1,71.49
902367,7000264,30077,2,825.99
902368,7005783,30873,10,912.9
902369,7008697,30454,5,
902370,7007229,31145,8,113.71
902371,7006008,30475,2,219.59
902372,7006119,30774,2,316.22
902373,7000282,31243,12,373.02
902374,7002406,30831,10,
902375,7002395,30786,12,843.8
902376,7004428,30370,12,967.24
902377,7011130,31460,11,750.22
902378,7014707,30129,12,297.48
902379,7002008,30751,2,363.89
902380,7000449,30603,5,669.58
902381,7000555,30526,9,263.83
902382,7002784,31424,6,270.67
902383,7000053,30234,3,605.92
902384,7008342,30962,3,1146.85
902385,7013791,31265,8,505.58
902386,7006936,31461,6,127.22
902387,7014115,30787,7,1192.95
902388,7004164,30427,10,679.82
902389,7010198,31078,9,288.93
902390,7008464,31173,6,1045.61
902391,7002649,30732,10,
902392,7003889,31446,3,29.51
902393,7010356,31465,8,363.12
902394,7012101,30110,12,757.99
902395,7014045,30930,3,244.87
902396,7005848,30910,3,1196.48
902397,7010357,30148,4,758.18
902398,7002009,30196,11,628.42
902399,7003404,31319,10,524.28
902400,7004250,30628,8,1017.03
902401,7003004,30565,1,25.27
902402,8000004,30001,-2,868.87
902403,7001473,30972,3,623.72
902404,7005616,30555,5,731.43
902405,7007586,31430,9,874.6
902406,7006939,30646,4,626.4
902407,7014274,30333,11,448.45
902408,7014630,31132,8,178.11
902409,7002292,30571,2,1177.43
902410,7004846,30721,11,907.09
902411,7011814,30800,6,525.35
902412,7011542,30779,3,914.33
902413,7014483,30036,1,365.76
902414,7009479,30839,7,
902415,7006598,30049,4,586.1
902416,7005364,31147,10,1093.94
902417,7009992,31010,4,525.44
902418,7001398,30323,7,891.62
902419,7009873,31063,2,849.07
902420,7010390,30704,4,550.45
902421,7013320,31253,3,
902422,7005153,30965,6,723.8
902423,7014658,30100,10,400.79
902424,7006603,31162,2,18.78
902425,7003508,31209,5,906.43
902426,7000159,30056,3,512.57
902427,7013977,30885,11,470.39
902428,7008842,30774,6,934.61
902429,7010020,30264,5,621.74
902430,7006609,30677,3,694.34
902431,7007670,31214,7,634.55
902432,7000403,30359,3,1085.79
902433,7008235,31077,1,121.31
902434,7007852,30750,9,1131.24
902435,7014527,31168,9,537.82
902436,7000776,30966,9,161.47
902437,7013045,30643,5,170.21
902438,7005943,31419,2,747.66
902439,7003718,31026,8,311.62
902440,7011419,31190,7,353.67
902441,7004440,30404,6,1048.65
902442,7014275,30508,10,232.39
902443,7010855,30021,9,827.68
902444,7008947,30210,7,529.69
902445,7008302,30139,3,614.96
902446,7002204,31076,12,
902447,7014018,30522,2,389.83
902448,7003156,31024,12,1091.24
902449,7000305,31311,1,496.65
902450,7008269,31028,8,622.11
902451,7009440,30628,12,373.57
902452,7011508,30478,10,
902453,7014496,30714,6,1080.37
902454,7000916,30999,12,1043.28
902455,7010295,30199,-5,903.0
902456,7000072,30875,6,401.73
902457,7010532,30443,9,1092.59
902458,7010321,30169,8,507.2
902459,7010240,30779,10,1002.19
902460,7001378,31238,3,31.78
902461,7013201,30362,12,1190.32
902462,7009250,30599,11,859.36
902463,7010304,30074,12,1096.59
902464,7008342,30874,1,1168.47
902465,7011354,30663,5,894.13
902466,7001609,31473,6,1124.28
902467,7001882,31315,2,757.63
902468,7005197,30278,1,147.42
902469,7007208,31386,5,380.17
902470,7004120,31488,10,138.57
902471,7002853,30547,11,277.02
902472,7008468,30462,7,382.53
902473,7000791,31285,1,359.09
902474,7005368,31292,5,929.38
902475,7000811,30936,12,471.36
902476,7007405,31453,8,931.55
902477,7000575,31197,5,1091.52
902478,7009738,30203,12,221.66
902479,7011880,30181,5,875.24
902480,7014707,30012,3,1023.49
902481,7014369,30821,11,378.08
902482,7004707,30051,4,71.22
902483,7012856,31466,7,750.24
902484,7010578,30130,10,
902485,7011953,30226,2,479.42
902486,7005640,30363,12,635.45
902487,7014385,30881,2,
902488,7004709,30569,3,1058.7
902489,7000403,31392,4,438.61
902490,7004370,30030,10,411.98
902491,7012808,30552,3,1168.53
902492,7005031,30584,2,1112.68
902493,7011361,30724,10,230.25
902494,7006102,30734,-5,1096.07
902495,7008670,31386,7,213.79
902496,7005054,30392,9,337.87
902497,7006349,31257,10,
902498,7000037,30929,8,250.82
902499,7005188,31018,1,672.29
902500,7012354,30693,1,1047.41
902501,7000854,30464,11,433.74
902502,7013785,31009,3,922.2
902503,7013644,30858,8,559.2
902504,7013842,31104,9,359.1
902505,7009232,30044,1,505.32
902506,7012660,30534,2,510.38
902507,7008238,30531,11,709.88
902508,7001456,31063,10,415.2
902509,7006597,30614,12,220.08
902510,7014441,31367,5,375.57
902511,7011862,30769,5,517.6
902512,7008154,30451,7,362.24
902513,7009612,30248,10,848.41
902514,7014664,31311,1,1154.59
902515,7007583,31191,2,929.67
902516,7008310,30124,3,732.38
902517,7007977,31312,8,1006.62
902518,7010103,30614,11,611.39
902519,7000684,31264,7,795.58
902520,7010048,30736,7,238.17
902521,7001978,30430,10,1101.13
902522,7010964,30445,11,654.91
902523,7011244,31198,7,397.73
902524,7004573,31255,12,108.18
902525,7004318,30193,7,1021.86
902526,7011928,31369,5,378.3
902527,7014715,31294,1,235.21
902528,7004356,30132,8,153.48
902529,7008756,30898,7,41.34
902530,7005248,30506,12,370.46
902531,7003510,30749,12,392.99
902532,7005963,30667,10,205.37
902533,7005415,31156,9,132.31
902534,7006930,30267,3,782.46
902535,7000896,31131,6,76.88
902536,7013794,30392,10,1105.29
902537,7006478,30026,8,652.23
902538,7008884,31442,8,784.64
902539,7000948,30332,10,
902540,7003356,31492,8,656.5
902541,7003338,31227,7,1034.19
902542,7004797,30475,5,948.18
902543,7006133,30912,6,262.34
902544,7003053,30453,5,450.35
902545,7002172,30893,6,206.02
902546,7012712,31275,1,583.13
902547,7009359,31012,10,287.87
902548,7009312,30898,3,967.26
902549,7000062,31402,11,429.64
902550,7012744,31287,6,664.92
902551,7006275,30523,8,269.3
902552,7008409,30144,3,1091.36
902553,7007963,30154,11,904.17
902554,7012162,30908,9,194.13
902555,7006121,31348,8,179.59
902556,7007875,31484,11,566.96
902557,7011094,31086,6,495.73
902558,7010895,30563,8,145.39
902559,7005574,31453,11,274.99
902560,7011865,30302,-8,1122.8
902561,7004734,31410,7,384.73
902562,7006239,31273,4,640.35
902563,7009402,30102,10,413.5
902564,7004259,31093,9,803.66
902565,7001574,30954,12,647.61
902566,7010238,30622,8,54.4
902567,7011870,30023,6,1003.41
902568,7008045,31381,6,990.3
902569,7000343,30742,10,124.39
902570,7004188,30256,8,
902571,7013581,30825,6,41.34
902572,7003326,30112,10,66.48
902573,7008393,31448,7,707.51
902574,7008878,30631,10,376.89
902575,7007971,30251,12,546.09
902576,7007907,30043,9,280.59
902577,7012113,31328,10,1156.38
902578,7003769,31281,11,86.88
902579,7011563,30351,12,130.95
902580,7000344,30501,3,998.7
902581,7002522,30725,3,913.71
902582,7001450,30399,2,476.03
902583,7008792,30497,4,1176.0
902584,7014441,30540,4,625.0
902585,7007817,30555,6,835.87
902586,7005993,30281,10,748.24
902587,7006828,30448,1,382.93
902588,7004406,31166,12,908.96
902589,7003444,31278,5,635.28
902590,7009883,30664,1,80.0
902591,7007193,31328,8,364.22
902592,7008016,30631,1,803.65
902593,7001162,31308,1,507.42
902594,7012876,30725,7,750.0
902595,7005419,30710,2,511.46
902596,7010271,30591,10,446.54
902597,7003871,31481,12,928.62
902598,7004997,30747,11,462.45
902599,7002232,30051,5,370.41
902600,7002543,31499,2,
902601,7005622,30518,9,
902602,7000218,30560,11,798.89
902603,7000764,30209,2,757.25
902604,7008419,30715,4,1138.2
902605,7014538,30987,1,1116.26
902606,7013454,30862,1,
902607,7014854,30865,12,1079.71
902608,7007858,30762,12,1029.91
902609,7013877,31324,1,144.96
902610,7010838,31005,7,265.93
902611,7011818,30239,3,726.99
902612,7002923,31286,11,452.98
902613,7012548,30024,6,510.66
902614,7001371,31048,11,733.01
902615,7006089,30969,7,112.02
902616,7008206,30137,12,999.15
902617,7000936,31125,11,71.75
902618,7001018,30842,6,557.98
902619,7009246,30654,4,662.04
902620,7006180,30110,10,1072.95
902621,7008406,31254,12,59.1
902622,7009394,30305,4,181.93
902623,7012971,30216,2,870.97
902624,7003359,31195,11,846.51
902625,7000223,30534,9,1062.44
902626,7010062,30253,7,962.41
902627,7003309,30243,9,420.84
902628,7002224,30354,9,407.87
902629,7013750,30662,7,59.77
902630,7010355,30071,10,611.42
902631,7014879,31241,3,
902632,7000058,30666,12,107.51
902633,7002215,30992,4,843.19
902634,7003129,31080,12,525.73
902635,7013713,31225,7,450.21
902636,7006519,31178,9,529.52
902637,7010742,31429,-11,1020.59
902638,7000839,30816,7,1186.1
902639,7013073,30037,1,553.39
902640,7007183,31132,7,341.55
902641,7000576,31410,10,1066.26
902642,7009283,31258,1,360.23
902643,7002124,31216,9,461.62
902644,7008188,30770,3,795.37
902645,7006458,30918,3,818.24
902646,7004199,30094,6,437.21
902647,7003383,30431,11,965.64
902648,7014361,30394,11,510.64
902649,7001653,30513,2,330.43
902650,7005995,30267,11,1067.71
902651,7005218,30106,7,978.28
902652,7012933,30258,12,444.67
902653,7006829,31002,6,508.12
902654,7007210,30854,11,333.41
902655,7008733,30851,7,1063.42
902656,7013690,30813,9,1180.81
902657,7014090,30359,11,168.7
902658,7007354,30413,12,561.9
902659,7011154,31082,8,294.88
902660,7004536,30402,7,975.46
902661,7014144,30953,5,190.83
902662,7002281,30536,1,1129.44
902663,7011400,30905,2,1117.16
902664,7006603,31331,3,172.68
902665,7007969,31280,3,873.01
902666,7002064,30552,2,857.46
902667,7004926,30671,4,1054.53
902668,7003812,30836,2,96.16
902669,7000250,31343,5,169.19
902670,7005046,30892,11,266.51
902671,7004735,31296,10,458.16
902672,7010708,30027,12,558.43
902673,7006835,31456,12,1180.59
902674,7000291,30689,11,868.54
902675,7013736,30908,10,703.18
902676,7003367,30329,10,726.85
902677,7010223,30185,5,824.07
902678,7001693,30079,1,
902679,7011857,31414,12,64.44
902680,7001671,30737,3,906.08
902681,7006375,30841,3,883.71
902682,7006824,30081,6,1011.21
902683,7013323,31268,5,390.84
902684,7012181,30824,5,567.26
902685,7010509,30445,5,168.15
902686,7000717,30072,4,19.74
902687,7002053,31114,1,562.09
902688,7012457,31124,5,1042.29
902689,7002364,31093,5,889.33
902690,7012331,30698,11,337.58
902691,7006622,30780,8,359.79
902692,7002834,30035,1,803.06
902693,7011496,30868,10,395.04
902694,7010047,31025,12,85.98
902695,7002780,31125,11,929.38
902696,7003514,30944,8,700.16
902697,7011903,30080,1,804.58
902698,7001944,30864,2,883.03
902699,7010415,30247,6,604.2
902700,7002120,30979,9,364.19
902701,7008153,30195,3,1101.19
902702,7003101,31455,7,628.29
902703,7008847,31145,2,686.38
902704,7002834,30146,6,347.07
902705,7004206,30044,4,1103.59
902706,7004119,31164,6,934.25
902707,7006965,30776,10,1018.29
902708,7001662,31209,5,277.26
902709,7007580,30612,3,869.38
902710,7005957,31198,6,193.97
902711,7013757,30213,5,41.57
902712,7009077,30938,6,868.08
902713,7002169,30832,10,810.43
902714,7002030,30561,7,531.2
902715,7006981,30117,9,406.47
902716,7011702,31102,8,610.46
902717,7001100,30684,6,907.85
902718,7010704,30972,1,943.08
902719,7009812,30852,6,667.11
902720,7012193,30700,7,1130.86
902721,7013578,30266,7,696.05
902722,7002500,30789,12,653.69
902723,7014666,30475,1,766.05
902724,7014205,30350,1,303.21
902725,7014818,30926,7,442.94
902726,7003105,30469,8,636.57
902727,7006878,30085,11,267.68
902728,7008984,31299,8,773.68
902729,7005679,31485,7,288.77
902730,7006919,31063,1,467.51
902731,7009389,30684,11,742.06
902732,7006893,30978,12,1045.42
902733,7009619,31250,1,230.2
902734,7009766,31397,2,244.94
902735,7006917,31260,11,82.15
902736,7012648,30554,5,272.41
902737,7002291,30772,2,591.52
902738,7008365,31456,6,537.5
902739,7013445,30188,2,459.88
902740,7002451,30031,10,506.75
902741,7010635,30800,8,981.1
902742,7006581,31171,5,277.34
902743,7014897,31433,4,165.89
902744,7004934,30925,10,408.6
902745,7013375,30749,6,506.16
902746,7005860,30831,3,712.34
902747,7001845,30681,8,454.17
902748,7002874,30627,6,971.46
902749,7000313,30422,9,1114.35
902750,7011322,31292,5,778.93
902751,7000390,30158,10,124.95
902752,7008946,31387,3,729.76
902753,7013058,31354,6,
902754,7009104,30027,6,588.77
902755,7012573,31120,11,1099.15
902756,7002256,30833,8,1119.45
902757,7004129,30366,11,582.47
902758,7006530,30866,10,406.83
902759,7014411,30638,4,982.5
902760,7001659,30088,10,36.74
902761,7010702,31288,-8,438.16
902762,7008628,30914,11,1166.56
902763,7009127,31047,11,284.73
902764,7008051,30198,3,663.22
902765,7001244,30328,7,1122.34
902766,7004626,31013,9,194.04
902767,7013254,31455,4,619.29
902768,7001241,31214,5,484.72
902769,7014576,30123,6,1175.78
902770,7008736,30422,6,1141.05
902771,7002993,30040,1,1036.98
902772,7001759,31435,4,252.82
902773,7002326,30514,1,
902774,7011403,30647,3,607.19
902775,7013015,31173,10,1159.7
902776,7007694,30663,1,713.37
902777,7006346,30070,10,1088.15
902778,7014349,30238,3,1037.58
902779,7013454,30571,4,337.87
902780,7004490,31173,1,377.99
902781,7003466,30681,10,272.01
902782,7011574,30665,1,985.39
902783,7006350,30138,3,1141.58
902784,7009742,31396,12,429.22
902785,7013803,31042,6,
902786,7003223,31009,10,623.99
902787,7001395,31322,4,1093.96
902788,7007077,31359,5,707.45
902789,7012757,30717,9,123.52
902790,7002257,30789,12,631.7
902791,7009209,31500,1,622.44
902792,7008260,30002,10,
902793,7012013,30766,9,57.5
902794,7013721,30656,5,287.53
902795,7012979,31122,2,731.45
902796,7012174,31199,9,311.62
902797,7003841,30024,11,809.75
902798,7004359,30716,10,1180.19
902799,7002641,30348,3,792.1
902800,7013496,30094,2,915.73
902801,7009182,31225,3,884.61
902802,7000869,30875,4,1155.48
902803,7011792,30233,6,926.18
902804,7013719,31072,1,342.05
902805,7003591,30889,2,631.53
902806,7014171,30642,4,1174.27
902807,7011241,31087,3,677.35
902808,7002436,31188,3,41.62
902809,7014856,30679,10,495.09
902810,7000937,30632,7,214.47
902811,7010045,31110,11,991.78
902812,7008935,30539,4,870.65
902813,7003454,31467,3,750.85
902814,7012177,30513,4,778.75
902815,7013581,30955,10,822.56
902816,7006850,30098,9,689.52
902817,7001054,31401,8,1060.38
902818,7000994,31435,5,916.46
902819,7003604,30766,7,40.84
902820,7010831,30524,3,255.56
902821,7004560,31373,5,603.69
902822,7001952,31033,3,841.47
902823,7002972,30350,9,483.15
902824,7014132,30227,10,461.19
902825,7007130,30191,11,174.1
902826,7007123,31447,4,644.37
902827,7014411,30477,11,438.63
902828,7007107,30934,3,872.95
902829,7008907,30571,6,907.49
902830,7008004,30362,8,168.28
902831,7004906,30127,7,496.94
902832,7010265,31372,10,
902833,7005385,30867,5,769.09
902834,7006520,30216,8,
902835,7007210,30657,8,1046.95
902836,7001616,30598,5,273.06
902837,7003793,30358,12,1195.44
902838,7000754,30587,11,1018.9
902839,7011106,31486,9,859.38
902840,7006735,31431,11,
902841,7012082,31234,10,48.56
902842,7007247,31057,5,106.48
902843,7008767,30944,10,811.09
902844,7013799,31273,9,410.65
902845,7008882,30107,2,467.01
902846,7012373,31026,5,
902847,7013163,31452,6,230.52
902848,7012474,30253,2,790.06
902849,7002611,30091,9,
902850,7012081,30977,6,52.54
902851,7000677,30661,3,806.45
902852,7010910,30359,11,1148.3
902853,7013669,31498,12,837.07
902854,7011740,30981,9,383.54
902855,7002562,30892,8,301.53
902856,7008020,31017,9,316.51
902857,7011306,30693,1,
902858,7004183,30595,11,1031.67
902859,7007631,31345,8,225.92
902860,7011064,30937,2,189.59
902861,7009807,31083,3,652.47
902862,7008067,30933,5,953.75
902863,7014933,31393,6,894.27
902864,7010298,30217,8,634.41
902865,7008173,30634,11,36.77
902866,7005895,30503,2,718.73
902867,7011903,30105,11,
902868,7007924,30355,9,306.64
902869,7004700,30651,5,20.27
902870,7009579,30655,3,115.98
902871,7007209,30997,12,666.36
902872,7010228,30809,2,462.39
902873,7006319,31043,10,641.91
902874,7005814,30080,2,1056.73
902875,7013271,30069,3,1176.89
902876,7003417,31109,8,641.97
902877,7007522,30055,7,262.77
902878,7000163,30100,6,765.64
902879,7010374,30792,5,217.4
902880,7012929,30955,3,758.78
902881,7008777,30145,9,303.78
902882,7006165,30733,4,17.95
902883,7013569,31500,9,279.49
902884,7004569,31137,8,1047.3
902885,7002109,30516,12,133.94
902886,7007334,31498,7,888.03
902887,7012706,30201,3,1067.88
902888,7007929,30831,9,
902889,7007615,30159,1,455.81
902890,7010169,31424,3,1062.1
902891,7012454,30835,7,674.18
902892,7004071,30959,5,445.61
902893,7003083,31136,5,57.99
902894,7013681,31224,11,952.51
902895,7012663,30751,11,211.84
902896,7004572,31271,10,906.08
902897,7003845,31063,2,134.88
902898,7000429,30379,11,749.61
902899,7012105,30042,7,301.71
902900,7008325,30024,10,
902901,7009340,30005,7,381.19
902902,7011035,30051,10,1110.45
902903,7008851,30889,5,980.38
902904,7007665,30274,1,422.59
902905,7006157,30764,10,569.87
902906,7008447,31381,6,753.42
902907,7006733,30467,1,656.15
902908,7011687,31486,8,1007.78
902909,7001018,31419,2,734.59
902910,7010067,30153,11,34.28
902911,7003666,30834,9,379.5
902912,7014042,30545,5,191.39
902913,7001671,30462,11,691.94
902914,7003026,31319,11,661.6
902915,7007143,30236,6,912.17
902916,7004887,30905,8,214.81
902917,7008724,31196,8,935.08
902918,7008779,30294,10,1193.43
902919,7010011,30684,1,298.49
902920,7006141,30245,12,403.37
902921,7008549,30951,3,345.38
902922,7012759,30389,1,221.31
902923,7010173,30338,10,748.08
902924,7005640,30522,7,436.96
902925,7003875,30236,8,1084.13
902926,7011096,30193,6,724.89
902927,7012594,30005,10,884.61
902928,7003729,30178,11,235.16
902929,7003404,30270,5,275.76
902930,7006357,30029,2,809.52
902931,7009317,30303,10,675.36
902932,7000031,30212,2,23.32
902933,7010762,30866,-12,347.61
902934,7008281,30300,9,298.75
902935,7009148,30445,3,928.22
902936,7014717,30548,7,1193.25
902937,7000332,30577,6,115.0
902938,7006438,31181,6,55.77
902939,7011259,30482,5,866.67
902940,7001075,30012,12,1162.17
902941,7013203,30127,12,832.73
902942,7014696,31260,5,315.33
902943,7003936,30440,-12,1027.63
902944,7006137,31167,7,895.65
902945,7001189,31109,9,773.6
902946,7009731,30040,-9,823.21
902947,7006891,30630,4,952.31
902948,7007667,30969,4,949.97
902949,7002578,30870,6,371.52
902950,7001538,30466,12,1104.13
902951,7006551,30547,10,454.77
902952,7013795,30403,2,937.2
902953,7000759,30897,2,997.56
902954,7007900,31171,6,964.92
902955,7003711,31291,2,586.17
902956,7000653,30168,6,269.59
902957,7006876,31364,9,1081.74
902958,7011507,30952,6,1191.33
902959,7008527,30745,1,890.62
902960,7001235,30523,8,719.28
902961,7001592,31110,8,1078.18
902962,7002094,30268,2,121.11
902963,7013808,30846,8,483.08
902964,7008882,31194,12,249.11
902965,7013152,30848,4,1013.08
902966,7006569,31187,7,903.56
902967,7000590,30197,12,
902968,7012908,30074,10,564.49
902969,7008616,30683,9,869.09
902970,7007764,30899,8,155.4
902971,7013143,30878,12,940.25
902972,7002593,30811,8,
902973,7007823,30250,3,941.65
902974,7012372,30139,4,940.61
902975,7004075,30179,3,281.78
902976,7005481,31370,6,531.28
902977,7007859,30382,11,105.03
902978,7003922,31452,7,147.27
902979,7010173,30296,6,409.92
902980,7003662,31054,7,1173.31
902981,7011162,30724,12,1195.38
902982,7003687,30099,10,613.93
902983,7000137,30042,7,483.17
902984,7000024,30024,9,1183.48
902985,7000077,30893,10,449.93
902986,7007026,31299,11,872.82
902987,7008669,30968,12,229.96
902988,7010612,31169,10,933.2
902989,7010748,31280,4,962.22
902990,7001132,30988,5,153.89
902991,7010268,31297,1,489.81
902992,7001199,30424,6,1132.05
902993,7000501,30376,3,645.55
902994,7006669,30603,12,822.05
902995,7000226,31371,12,739.58
902996,7000028,30318,6,275.6
902997,7009452,31010,6,912.53
902998,7005192,30481,5,895.04
902999,7011387,30874,5,259.56
903000,7008771,30537,8,903.03
903001,7004310,31183,2,20.0
903002,7004618,30485,10,515.69
903003,7005452,30288,6,1138.5
903004,7011480,31295,8,1022.06
903005,7004271,30230,9,510.75
903006,7003616,30741,8,446.39
903007,7005744,31123,9,917.68
903008,7011036,31266,9,991.23
903009,7011094,30988,-8,59.94
903010,7008031,30838,1,
903011,7002224,31465,2,580.59
903012,7007535,30731,1,583.75
903013,7006904,31465,5,623.81
903014,7008684,30011,5,1184.02
903015,7005801,30221,4,635.02
903016,7010673,30343,2,1067.33
903017,7001481,30935,2,148.84
903018,7013342,31226,11,323.16
903019,7007094,30169,7,576.15
903020,7010019,30347,8,1193.79
903021,7012474,30949,11,371.88
903022,7004449,30438,12,85.77
903023,7004530,30286,6,612.29
903024,7011969,31079,12,681.74
903025,7007006,30546,12,
903026,7003119,30943,3,907.85
903027,7011354,30920,3,1029.03
903028,7004666,30837,5,684.01
903029,7007235,30087,3,127.79
903030,7014785,30213,1,
903031,7010947,31119,4,1036.53
903032,7007179,31091,2,522.92
903033,7005281,30067,9,799.23
903034,7012810,30978,4,284.13
903035,7004043,31175,8,931.81
903036,7002655,31320,3,838.19
903037,7012405,31089,4,545.68
903038,7005827,30228,4,784.23
903039,7011181,30916,6,360.05
903040,7007657,30098,6,217.88
903041,7008443,30734,10,1145.56
903042,7005979,30892,5,85.19
903043,7001230,30921,10,406.7
903044,7008831,30010,5,440.26
903045,7005720,30085,9,514.51
903046,7004272,31441,6,
903047,7001390,31469,8,743.68
903048,7013971,30679,7,171.11
903049,7003458,31321,8,292.8
903050,7014172,30086,10,1068.52
903051,7000353,30349,2,
903052,7010792,30913,-12,1132.64
903053,7009546,31196,6,508.06
903054,7006687,30491,7,327.23
903055,7008243,31286,7,434.29
903056,7001907,31314,8,702.44
903057,7006278,30198,1,185.71
903058,7006012,30055,6,1127.39
903059,7007579,30621,6,844.34
903060,7003053,31417,11,209.16
903061,7001691,30871,1,680.44
903062,7012195,30535,6,855.92
903063,7003042,30961,2,944.07
903064,7002220,31233,6,205.57
903065,7001041,30848,12,125.94
903066,7010152,30284,4,836.63
903067,7003838,30583,-11,748.67
903068,7009377,30482,12,912.18
903069,7010617,30472,6,142.15
903070,7002536,30502,9,1091.3
903071,7001764,31045,2,340.51
903072,7003005,30457,5,400.2
903073,7011553,30657,5,563.23
903074,7014834,31428,5,37.09
903075,7014277,31062,1,182.1
903076,7004618,31084,9,273.55
903077,7013582,30677,12,550.83
903078,7005701,31181,12,976.54
903079,7002670,30244,5,371.17
903080,7000065,30279,12,216.91
903081,7008291,30554,7,720.06
903082,7014102,31374,8,1098.79
903083,7004593,30637,11,988.55
903084,7013202,31169,4,977.01
903085,7001464,30209,7,841.44
903086,7001188,30046,9,529.07
903087,7011802,30331,11,92.01
903088,7009263,30579,5,586.56
903089,7002366,31103,3,304.2
903090,7012968,30957,1,453.94
903091,7008549,30716,5,363.57
903092,7001508,31129,2,755.69
903093,7004804,31293,11,561.83
903094,7001102,30844,9,91.29
903095,7004868,30842,1,1182.8
903096,7013663,30591,5,1012.96
903097,7014573,30622,4,293.33
903098,7013645,30508,7,947.41
903099,7009372,30560,-12,627.92
903100,7012775,30853,6,242.71
903101,7014441,30970,8,221.87
903102,7004509,30696,3,1197.91
903103,7013873,30305,11,1024.25
903104,7007220,30633,10,225.02
903105,7005667,30235,10,213.02
903106,7008264,30448,2,131.35
903107,7007474,30052,2,329.74
903108,7010577,30299,3,736.95
903109,7011163,31432,4,798.77
903110,7010143,31312,7,81.17
903111,7007822,31473,2,1070.97
903112,7004177,31339,4,1166.59
903113,7011287,30780,5,
903114,7011615,30755,11,1069.66
903115,7010166,30016,4,445.27
903116,7007094,30684,10,
903117,7008221,30511,10,1080.51
903118,7000642,30004,9,773.32
903119,7014213,30618,3,1141.56
903120,7004721,31199,5,309.37
903121,7013947,30712,2,114.41
903122,7009967,30618,9,1044.77
903123,7001636,31254,4,41.31
903124,7003635,31263,9,547.32
903125,7012043,30305,1,549.23
903126,7010647,31407,12,296.6
903127,7009238,30666,7,888.42
903128,7010446,30707,10,
903129,7005827,30477,8,
903130,7012516,30800,12,1074.59
903131,7009428,30341,11,1158.97
903132,7009420,30969,3,626.06
903133,7009669,30501,3,336.05
903134,7005559,30943,6,
903135,7001352,30619,3,1006.04
903136,7002371,30863,2,547.05
903137,7011030,30965,9,662.83
903138,7009131,30173,10,1195.9
903139,7014655,31173,4,316.93
903140,7014064,31385,10,732.03
903141,7013420,31336,2,809.15
903142,7011400,30978,6,646.42
903143,7003280,30589,3,496.03
903144,7002582,30702,9,249.92
903145,7007640,30312,5,1061.48
903146,7010093,31252,4,1184.06
903147,7002398,30433,8,944.63
903148,7012311,30316,5,387.95
903149,7013361,31390,-5,498.39
903150,7012220,30609,8,957.69
903151,7014915,30743,-3,1062.55
903152,7001866,30211,4,842.66
903153,7002148,30207,6,808.28
903154,7010764,30454,6,189.34
903155,7001250,30084,8,414.82
903156,7012410,30789,3,553.38
903157,7009470,31430,4,524.7
903158,7007003,30152,9,1048.54
903159,7008260,31404,9,
903160,7011537,31208,6,288.06
903161,7010481,30641,5,762.0
903162,7011714,30006,2,1151.9
903163,7004971,30907,4,969.22
903164,7003981,30753,11,
903165,7012503,31248,3,654.19
903166,7011234,31244,7,183.75
903167,7010274,30361,6,79.12
903168,7012224,30328,8,768.82
903169,7012771,30879,11,740.3
903170,7004949,30070,12,332.28
903171,7004036,30490,7,524.59
903172,7004923,31204,5,956.02
903173,7003167,30793,8,114.02
903174,7006839,30396,3,190.15
903175,7010612,30983,12,623.68
903176,7014368,30284,12,942.75
903177,7004528,30930,5,604.21
903178,7010689,31468,2,172.26
903179,7011875,30611,7,548.26
903180,7003632,30536,10,586.99
903181,7003705,30195,10,747.51
903182,7001423,30468,1,384.19
903183,7004146,30799,11,918.04
903184,7000848,30120,7,622.52
903185,7012636,30107,7,643.91
903186,7002408,30474,1,183.02
903187,7001856,30402,6,197.08
903188,7006484,30410,7,1178.43
903189,7008285,31234,9,359.77
903190,7007237,30602,4,287.53
903191,7013599,30014,6,
903192,7008917,30729,2,754.21
903193,7000778,30054,7,1066.7
903194,7012188,30968,6,344.96
903195,7012251,30556,7,64.3
903196,7003763,30764,12,197.53
903197,7002923,30774,2,515.99
903198,7006326,31069,8,1026.5
903199,7000202,30724,-3,717.79
903200,7007360,30469,4,290.29
903201,7008232,31367,2,569.25
903202,7014735,31090,3,142.46
903203,7005355,30345,6,377.77
903204,7011214,30507,3,837.21
903205,7011584,31299,4,496.09
903206,7001997,31194,6,1099.79
903207,7000025,31407,3,
903208,7008962,30139,11,1000.88
903209,7007857,30373,7,434.71
903210,7000517,30736,9,602.81
903211,7002757,30427,5,
903212,7013212,30751,8,820.27
903213,7002500,30582,1,1119.93
903214,7000104,30399,7,539.54
903215,7010874,31175,1,698.69
903216,7003389,30814,11,962.71
903217,7013721,31402,6,1131.4
903218,7004932,31256,2,989.07
903219,7008441,30142,7,
903220,7004996,31237,10,376.89
903221,7010782,31437,1,731.06
903222,7004262,30621,-9,441.4
903223,7005961,30975,5,468.66
903224,7012140,30037,10,1086.83
903225,7012362,30707,8,473.27
903226,7004763,30789,12,1031.62
903227,7000474,31338,1,270.04
903228,7003632,30227,2,243.29
903229,7012721,30090,6,507.45
903230,7012201,31419,12,903.74
903231,7012824,30091,3,538.66
903232,7006822,30821,7,169.21
903233,7013114,30046,11,1010.55
903234,7010436,30039,9,12.52
903235,7014265,31396,8,960.85
903236,7003484,31431,3,567.92
903237,7012061,30564,12,103.67
903238,7002201,30128,6,247.23
903239,7009608,30016,5,1067.75
903240,7008565,30098,5,143.83
903241,7000375,30702,4,1032.97
903242,7006065,30395,3,528.56
903243,7000196,31343,7,385.98
903244,7009899,30763,9,554.23
903245,7006769,30143,9,679.28
903246,7005319,30617,7,294.62
903247,7010285,30608,3,921.5
903248,7005572,30918,5,752.39
903249,7000291,30654,7,164.89
903250,7006472,30880,5,63.82
903251,7008682,31387,11,320.08
903252,7006006,31158,2,566.82
903253,7007643,31238,10,1107.23
903254,7009087,31435,9,749.32
903255,7004972,30317,11,379.17
903256,7006991,30609,1,429.78
903257,7013351,31147,11,796.89
903258,7012367,30195,11,
903259,7014711,30274,6,247.93
903260,7005902,30623,5,131.24
903261,7008035,30938,8,
903262,7000173,31348,4,180.09
903263,7004649,30175,4,567.75
903264,7004571,30915,4,603.62
903265,7012136,30028,10,566.4
903266,7006222,31341,6,451.72
903267,7011543,30363,2,1135.17
903268,7012552,30339,5,1178.49
903269,7010940,31422,8,84.35
903270,7012382,30132,8,639.85
903271,7002262,31498,10,590.85
903272,7006615,31164,2,1177.16
903273,7002824,30803,4,421.12
903274,7006812,31196,9,291.93
903275,7006097,30638,8,378.57
903276,7004697,30476,9,518.65
903277,7002544,30965,12,619.34
903278,7014907,30555,10,394.32
903279,7008809,30444,10,18.23
903280,7003494,30091,2,567.34
903281,7001202,31116,8,10.61
903282,7001998,30555,1,262.58
903283,7010458,30208,11,749.64
903284,7001544,30669,6,1154.05
903285,7006105,30803,6,1119.87
903286,7008135,31381,7,1161.77
903287,7007436,30329,3,967.64
903288,7011939,31163,11,1181.8
903289,7004282,30238,12,464.32
903290,7002847,30149,1,978.04
903291,7007125,30552,10,1192.45
903292,7013616,30060,5,497.33
903293,7001440,30276,9,503.13
903294,7007781,31027,10,1151.48
903295,7002611,30681,5,285.46
903296,7009533,30009,10,1192.79
903297,7009067,30974,8,
903298,7012670,30054,3,952.78
903299,7014406,30409,3,407.75
903300,7005802,31420,9,385.49
903301,7014570,31194,2,559.76
903302,7007861,30642,10,418.0
903303,7009822,30930,5,253.44
903304,7009488,30109,1,
903305,7009695,31246,12,164.61
903306,7012505,30813,6,692.35
903307,7011021,30963,4,833.91
903308,7005243,31463,4,537.79
903309,7012842,31495,1,447.0
903310,7004042,30094,9,1093.06
903311,7007047,31102,12,62.78
903312,7009632,30796,4,562.9
903313,7014375,31281,6,1175.12
903314,7001649,31388,8,698.76
903315,7006127,30872,8,840.53
903316,7009998,31121,5,51.32
903317,7012402,30773,10,496.63
903318,7009187,31271,8,775.52
903319,7009644,30040,4,71.93
903320,7006230,30385,12,118.57
903321,7014107,30595,11,539.73
903322,7007963,31156,1,149.81
903323,7001257,30797,5,382.46
903324,7012210,30341,8,1166.21
903325,7006755,30237,12,916.56
903326,7009258,30036,7,1157.85
903327,7001223,31410,9,935.07
903328,7013065,30560,6,701.31
903329,7002640,30833,4,1040.47
903330,7006897,30270,12,480.91
903331,7013135,30518,9,673.24
903332,7010271,30687,6,473.72
903333,7010009,30785,2,698.16
903334,7006149,30435,5,
903335,7011801,30316,8,843.7
903336,7003059,30779,8,
903337,7006666,30914,10,1178.98
903338,7004448,31299,11,889.22
903339,7001056,30054,6,1005.73
903340,7000199,31223,9,510.32
903341,7005905,30054,4,173.82
903342,7006278,30558,-1,1042.37
903343,7006355,30429,3,771.68
903344,7003646,30386,4,923.67
903345,7003531,30086,11,724.61
903346,7001877,31393,12,167.17
903347,7000051,31407,8,1063.48
903348,7009035,30646,4,
903349,7005255,30888,10,543.97
903350,7012028,30155,4,847.3
903351,7009293,30482,1,775.22
903352,7006433,30749,7,927.42
903353,7013767,31308,2,
903354,7006540,30244,9,824.47
903355,7010841,30879,1,230.8
903356,7008997,31115,12,
903357,7001121,31015,7,116.53
903358,7004101,30821,2,932.23
903359,7001034,30871,9,929.42
903360,7005651,30932,11,644.72
903361,7002902,30753,7,66.61
903362,7005527,30928,1,903.73
903363,7010019,31185,6,197.08
903364,7011093,30278,6,179.11
903365,7004037,31332,5,27.95
903366,7013011,31455,11,951.27
903367,7005943,30647,9,668.38
903368,7000987,30495,8,27.73
903369,7005358,31261,11,358.02
903370,7000396,30385,4,521.51
903371,7009218,30355,10,615.15
903372,7013430,30142,5,972.8
903373,7004847,30885,5,689.59
903374,7002346,30856,3,216.67
903375,7013363,30898,1,957.21
903376,7012758,30098,7,258.96
903377,7010077,31408,5,1066.9
903378,7011528,30478,3,1077.35
903379,7013464,30281,4,630.94
903380,7009547,31006,3,423.96
903381,7010526,30349,10,1108.76
903382,7004720,30830,7,329.12
903383,7005246,30270,4,247.94
903384,7011386,30720,12,85.13
903385,7011339,31476,3,250.61
903386,7011033,30435,11,
903387,7012570,30727,5,355.1
903388,7004427,31237,12,484.79
903389,7002284,30765,6,371.23
903390,7010926,31421,9,1128.65
903391,7009026,31233,2,223.06
903392,7007272,30074,11,762.05
903393,7004888,30268,12,518.46
903394,7001614,30884,6,516.26
903395,7006817,30723,9,1184.48
903396,7012662,30414,10,950.33
903397,7012462,30720,1,554.43
903398,7012222,30556,8,368.91
903399,7001945,30647,4,834.66
903400,7013925,30018,3,809.15
903401,7009434,30357,11,44.1
903402,7014287,30173,3,809.27
903403,7005542,30488,4,310.49
903404,7006915,31202,3,860.54
903405,7008801,30497,8,103.76
903406,7004751,31101,8,103.93
903407,7013211,30478,3,807.07
903408,7009438,30456,4,815.43
903409,7004933,30104,11,96.25
903410,7003025,30008,4,248.12
903411,7000699,30290,9,1025.67
903412,7003796,30838,9,920.51
903413,7008473,31357,1,688.84
903414,7005585,30560,6,1148.51
903415,7001801,30532,10,174.32
903416,7009692,31155,5,153.41
903417,7009266,30515,2,1165.04
903418,7007987,30221,9,
903419,7007380,31071,3,54.27
903420,7011670,30226,-5,294.87
903421,7012283,30975,8,
903422,7007351,30783,11,1194.17
903423,7014124,30200,4,1035.64
903424,7000222,30310,7,882.77
903425,7002363,30646,8,542.77
903426,7009228,30243,5,156.18
903427,7009264,31303,1,568.64
903428,7008909,30826,5,170.37
903429,7007999,30495,7,969.04
903430,7011849,30184,12,956.79
903431,7002681,30881,6,456.71
903432,7001710,30972,6,669.87
903433,7010129,30507,1,470.87
903434,7002118,30993,2,679.41
903435,7011537,30112,12,480.92
903436,7006751,31224,9,899.93
903437,7008032,30246,9,426.85
903438,7004654,30328,1,1119.52
903439,7012201,30869,9,787.33
903440,7004527,30631,3,385.84
903441,7004281,30830,2,55.9
903442,7009110,30672,12,836.04
903443,7003576,31448,11,29.16
903444,7000895,30755,1,463.85
903445,7010012,30381,3,1014.98
903446,7009745,30487,9,904.4
903447,7007261,31121,1,268.18
903448,7014633,30665,7,
903449,7010920,31152,-10,633.2
903450,7007613,30457,1,266.28
903451,7011941,30689,10,292.7
903452,7014861,30915,3,484.55
903453,7001049,30195,6,197.53
903454,7009343,30761,2,858.31
903455,7003615,30085,4,1126.86
903456,7008556,30811,6,941.53
903457,7007064,31242,7,678.41
903458,7005230,31349,1,277.36
903459,7001859,30759,9,162.1
903460,7012881,30990,3,39.25
903461,7013786,30839,4,531.36
903462,7005426,30319,5,668.47
903463,7011137,31029,9,607.9
903464,7013030,30496,2,61.32
903465,7013785,31464,4,381.82
903466,7000238,30236,4,186.0
903467,7007641,31191,2,1189.52
903468,7009543,30485,8,708.63
903469,7014706,30413,4,1166.47
903470,7013156,30905,10,
903471,7014168,30263,6,445.39
903472,7005044,30642,8,620.34
903473,7005312,30904,9,885.41
903474,7004372,30093,8,640.99
903475,7005433,30724,2,624.71
903476,7012271,30128,9,1159.79
903477,7011625,31134,6,1031.01
903478,7013808,30751,9,886.35
903479,7000317,31182,5,1128.65
903480,7013527,31353,11,791.59
903481,7013859,30459,3,728.67
903482,7008326,30952,2,517.41
903483,7011383,31074,2,822.41
903484,7003319,31336,7,1006.83
903485,7006964,30098,5,397.99
903486,7014558,30735,9,189.58
903487,7014354,30523,7,121.39
903488,7007175,30100,11,1063.32
903489,7005837,30779,9,25.69
903490,7006062,31493,9,576.06
903491,7001391,31314,6,160.49
903492,7006500,30442,11,417.88
903493,7011437,31243,7,
903494,7013098,31194,1,1137.18
903495,7010772,31044,1,121.84
903496,7004072,31144,-1,107.69
903497,7014692,30802,11,1118.33
903498,7008716,30019,9,628.03
903499,7006051,30159,3,765.26
903500,7002338,31500,7,1114.71
903501,7001172,30819,7,419.31
903502,7009634,30350,8,804.62
903503,7008100,30710,6,141.2
903504,7002529,31052,4,947.99
903505,7008199,30667,1,856.28
903506,7002979,31338,8,690.87
903507,7009578,30220,12,53.77
903508,7005508,31292,4,206.6
903509,7003427,31019,1,1130.91
903510,7006125,31164,1,407.59
903511,7008273,30198,5,319.94
903512,7005701,30486,9,610.25
903513,7011470,30859,4,89.66
903514,7001305,31152,7,
903515,7000009,30667,3,383.32
903516,7000590,31238,12,476.44
903517,7007877,31100,12,13.46
903518,7009529,30221,12,1089.77
903519,7011203,30629,2,336.63
903520,7006805,31347,11,501.12
903521,7010879,31280,4,261.86
903522,7012423,30597,4,1136.24
903523,7002569,31496,2,642.35
903524,7001699,30031,1,95.4
903525,7005942,31244,11,915.88
903526,7013438,31327,9,680.36
903527,7013861,30201,6,838.81
903528,7010948,30116,5,683.99
903529,7009255,30314,2,221.04
903530,7001358,30583,1,498.97
903531,7004357,30905,2,107.0
903532,7012565,31363,5,958.84
903533,7012129,30538,10,228.68
903534,7004741,30031,3,233.4
903535,7004539,30551,12,490.8
903536,7007303,30940,11,171.62
903537,7010283,30100,-11,676.56
903538,7013432,30825,12,712.59
903539,7004887,31477,12,357.82
903540,7000033,31168,4,346.58
903541,7007075,30152,10,1184.19
903542,7014088,30433,12,599.86
903543,7013722,30904,10,279.63
903544,7014026,30827,2,698.55
903545,7003653,30327,5,
903546,7010428,31088,6,899.66
903547,7014912,30819,8,336.97
903548,7013001,31083,2,
903549,7011322,30938,6,1015.42
903550,7001458,31425,10,835.13
903551,7002585,30597,5,162.88
903552,7007221,30994,12,528.82
903553,7014069,30593,5,1022.37
903554,7008359,30484,12,299.28
903555,7002718,30797,9,390.83
903556,7000356,31392,4,757.46
903557,7010658,30144,10,351.98
903558,7003440,31035,5,156.2
903559,7013743,30631,1,72.08
903560,7005756,31209,3,315.26
903561,7012660,31035,4,543.82
903562,7013185,31384,5,461.17
903563,7000649,30409,6,1043.51
903564,7010414,31484,9,599.14
903565,7010362,30912,6,975.48
903566,7010068,30225,8,955.23
903567,7011039,31490,5,1090.68
903568,7009206,31295,11,993.27
903569,7007059,30982,5,35.65
903570,7007595,31082,4,548.22
903571,7004256,31343,1,112.09
903572,7002299,30933,6,1074.77
903573,7014424,30583,8,334.25
903574,7013277,30956,5,124.6
903575,7013547,30445,3,1028.07
903576,7008971,31173,9,311.09
903577,7007350,30551,7,
903578,7001264,30933,10,910.9
903579,7012477,30766,4,1186.8
903580,7005195,31367,6,762.44
903581,7011081,30415,7,171.4
903582,7009880,30812,10,1027.01
903583,7001983,30833,8,182.82
903584,7004573,30326,10,771.98
903585,7001999,31409,5,1160.28
903586,7004208,30742,1,
903587,7009307,30909,7,580.3
903588,7007261,30194,5,715.52
903589,7005982,30806,6,673.5
903590,7009297,31273,3,1079.21
903591,7004655,30621,6,298.99
903592,7002391,31407,2,746.16
903593,7001882,30655,6,769.21
903594,7011014,30063,2,218.36
903595,7014980,31297,6,547.73
903596,7004996,31232,4,703.36
903597,7006230,30088,11,464.52
903598,7011564,30693,10,588.19
903599,7002841,30158,12,1102.95
903600,7000338,30328,4,998.59
903601,7011572,30374,9,1144.55
903602,7004376,30875,2,253.4
903603,7006526,30956,12,635.78
903604,7007255,30234,1,1178.67
903605,7007694,30063,4,596.82
903606,7000987,31014,6,788.56
903607,7006160,30432,5,1025.64
903608,7008535,30686,9,1175.73
903609,7003899,31096,12,144.72
903610,7013942,30823,10,544.46
903611,7010204,31313,1,1084.16
903612,7014733,30549,6,890.7
903613,7012053,31118,6,1175.76
903614,7013723,31208,12,15.7
903615,7001963,30391,9,479.32
903616,7012466,31067,10,128.27
903617,7006299,31354,4,1069.13
903618,7004281,31210,10,172.23
903619,7008538,30414,11,840.26
903620,7002582,30422,1,
903621,7011192,30939,9,334.35
903622,7008914,31013,6,362.47
903623,7011408,30609,3,230.96
903624,7012726,30776,3,721.29
903625,7013665,30267,7,506.1
903626,7003029,30787,4,64.87
903627,7012617,30582,7,206.4
903628,7002437,30217,11,631.23
903629,7013108,31469,5,257.85
903630,7001623,30342,12,580.22
903631,7009418,30014,1,1083.21
903632,7000654,30295,10,1054.55
903633,7014867,31301,11,856.19
903634,7002828,30267,8,664.02
903635,7004228,30334,6,770.6
903636,7002473,30618,9,63.69
903637,7007667,30599,4,1111.33
903638,7008067,31384,3,163.39
903639,7002323,31220,3,737.15
903640,7000733,30755,5,361.71
903641,7003550,31109,8,67.92
903642,7008603,30567,4,772.69
903643,7001765,31362,10,668.03
903644,7004598,30811,11,421.73
903645,7005949,30714,4,931.9
903646,7006325,30705,11,199.84
903647,7010082,30529,12,989.66
903648,7011539,31011,6,890.05
903649,7006263,30839,-11,797.75
903650,7003043,30427,4,347.24
903651,7006548,30422,11,311.07
903652,7012793,30745,6,1198.66
903653,7013561,30174,11,809.53
903654,7014410,31041,1,492.76
903655,7006740,31094,7,769.48
903656,7012723,30899,8,711.92
903657,7003986,30607,9,1164.43
903658,7013282,30054,7,1045.04
903659,7012059,31481,3,494.78
903660,7005651,30094,8,48.64
903661,7007948,30737,8,342.14
903662,7014799,31155,4,170.52
903663,7003957,30996,5,439.91
903664,7012369,30786,3,473.83
903665,7005444,30942,9,152.28
903666,7007744,30268,1,526.31
903667,7004388,31350,9,587.39
903668,7009548,31022,9,241.86
903669,7005188,30002,5,1183.14
903670,7004459,31239,3,488.76
903671,7012745,30255,3,362.59
903672,7012899,30938,6,507.41
903673,7007738,30959,5,888.3
903674,7000650,30533,9,
903675,7000454,31322,10,211.04
903676,7010134,31338,8,888.89
903677,7014657,30629,9,386.13
903678,7009969,31432,2,1169.31
903679,7006093,30426,9,588.39
903680,7007469,30697,12,15.7
903681,7006936,31210,1,752.75
903682,7009662,30130,12,1008.09
903683,7001254,31242,12,167.2
903684,7010662,30119,2,207.36
903685,7000609,30132,4,496.45
903686,7007291,30953,9,
903687,7008085,30992,11,1139.61
903688,7000591,31227,4,216.53
903689,7012420,30480,9,506.11
903690,7004255,30588,11,331.82
903691,7001565,31167,10,285.92
903692,7005766,30805,3,394.55
903693,7012542,30202,2,675.51
903694,7007417,31361,7,
903695,7008088,30572,8,870.69
903696,7012809,30313,12,1074.41
903697,7001656,30418,9,154.9
903698,7012055,31142,7,756.56
903699,7013224,30149,4,411.95
903700,7005952,31018,4,932.94
903701,7007754,31358,12,1178.92
903702,7014956,30785,9,256.08
903703,7006790,30452,1,24.39
903704,7002391,31037,10,867.63
903705,7013565,31047,11,502.9
903706,7014261,30380,4,378.68
903707,7002456,30542,-10,1152.71
903708,7005394,30383,4,450.69
903709,7013580,31053,2,123.18
903710,7009873,30224,9,621.16
903711,7009207,31260,1,518.77
903712,7006320,31030,11,
903713,7006990,30843,1,276.39
903714,7010498,30182,2,805.36
903715,7006889,31074,2,623.82
903716,7012106,30341,1,576.95
903717,7011332,30162,3,1101.93
903718,7010341,30294,5,291.87
903719,7011656,31267,6,276.76
903720,7012033,30350,1,722.88
903721,7012172,31095,1,245.81
903722,7011944,30404,9,763.37
903723,7005375,30242,6,952.06
903724,7003708,30227,8,150.4
903725,7005354,30629,12,1137.71
903726,7006210,30285,11,119.79
903727,7011160,31079,9,1001.29
903728,7005321,30893,3,584.5
903729,7003278,30577,3,700.39
903730,7009312,30026,6,494.62
903731,7006070,30452,1,987.27
903732,7006020,31060,1,302.41
903733,7011068,30427,9,214.33
903734,7009864,31435,8,1124.8
903735,7008535,30031,9,619.35
903736,7013765,30713,10,112.63
903737,7005160,30758,8,1160.77
903738,7010379,30069,5,623.54
903739,7010574,31267,3,272.1
903740,7009253,31352,2,
903741,7001651,30262,7,962.31
903742,7012713,30446,9,1122.76
903743,7012346,31339,2,213.66
903744,7002603,30001,7,508.62
903745,7006420,30991,8,
903746,7002867,31050,2,487.83
903747,7000837,31037,6,239.76
903748,7001929,30976,5,1104.87
903749,7003092,30924,3,134.86
903750,7007790,30083,10,929.88
903751,7009113,30889,10,429.25
903752,7009778,30327,2,1036.86
903753,7010316,31065,8,894.99
903754,7008483,30926,1,296.6
903755,7011937,30001,5,1142.92
903756,7004290,30911,6,1135.79
903757,7000903,30856,12,1180.06
903758,7002006,30293,8,41.67
903759,7008948,30438,1,159.4
903760,7012015,31221,1,663.34
903761,7011448,30667,3,985.59
903762,7005330,30914,10,1179.45
903763,7007544,30021,9,925.39
903764,7009839,30373,5,1015.49
903765,7011732,30006,4,221.57
903766,7011059,30430,2,1164.42
903767,7010007,31055,11,251.53
903768,7010572,31348,-3,734.75
903769,7008000,30584,11,863.34
903770,7006287,31264,-7,243.69
903771,7008744,30077,4,244.12
903772,7001665,30190,4,
903773,7011553,31137,6,1137.06
903774,7008122,30690,2,378.67
903775,7014774,30228,9,262.79
903776,7006156,31382,10,910.25
903777,7013635,31003,3,754.87
903778,7013671,30668,2,668.02
903779,7013293,31029,10,152.82
903780,7014676,31302,8,1135.44
903781,7006435,31127,3,514.11
903782,7005424,31282,8,51.69
903783,7004031,30779,10,738.12
903784,7005175,30728,7,700.3
903785,7001599,30980,-8,16.48
903786,7014643,31487,1,706.25
903787,7011756,31346,1,785.57
903788,7013408,30972,6,445.43
903789,7013953,30245,6,970.79
903790,7002243,31301,3,16.57
903791,7004823,30709,6,80.37
903792,7001835,30378,1,997.6
903793,7013734,30672,8,119.46
903794,7004575,31342,4,483.68
903795,7013333,30320,2,873.27
903796,7013461,30960,5,449.96
903797,7007595,31253,10,107.23
903798,7004089,30204,3,500.27
903799,7003710,31217,7,800.25
903800,7007249,31459,6,708.09
903801,7013443,30401,1,183.28
903802,7001220,30569,12,279.47
903803,7010062,30294,10,861.85
903804,7001013,30578,10,765.12
903805,7006928,30556,8,864.48
903806,7006784,31427,3,754.0
903807,7004268,30481,9,1164.94
903808,7005907,30901,2,613.87
903809,7006579,30866,2,272.67
903810,7008083,30390,2,1027.42
903811,7008847,31265,9,56.69
903812,7010916,30504,10,113.29
903813,7007524,31048,1,1148.28
903814,7005257,30448,9,72.77
903815,7011687,30339,9,155.23
903816,7005614,31308,2,1037.64
903817,7006584,31251,8,863.98
903818,7004397,31432,4,335.59
903819,7014950,30085,10,527.61
903820,7011888,30081,2,420.09
903821,7001846,31285,9,833.13
903822,7007878,30873,9,828.48
903823,7012849,30504,3,417.89
903824,7009927,30919,-11,21.41
903825,7007563,30184,6,590.99
903826,7003789,30761,11,343.61
903827,7008323,30129,7,1139.89
903828,7011376,30446,9,517.47
903829,7003904,30801,4,626.67
903830,7004763,30932,3,1055.24
903831,7014826,31492,1,609.14
903832,7009751,30734,10,47.16
903833,7001329,31338,2,710.29
903834,7004189,30407,3,163.05
903835,7001516,30794,8,320.57
903836,7007980,30864,7,73.29
903837,7009918,30074,5,900.92
903838,7007214,30201,3,415.23
903839,7002344,31266,12,899.82
903840,7002117,30682,9,343.85
903841,7007986,30005,3,547.06
903842,7008886,30237,8,902.12
903843,7002196,30278,6,347.07
903844,7003388,30915,3,606.34
903845,7005413,31462,10,1138.9
903846,7006561,30232,3,1022.3
903847,7010360,31258,3,827.82
903848,7005498,31191,9,932.24
903849,7001848,30053,11,492.76
903850,7012344,30521,2,573.72
903851,7010002,30811,8,637.13
903852,7004712,30237,7,593.97
903853,7001977,30011,4,
903854,7014600,31358,8,964.45
903855,7012980,31467,2,428.75
903856,7011859,30855,2,424.76
903857,7007486,30766,1,435.82
903858,7011446,31285,9,663.44
903859,7012797,30512,1,735.69
903860,7008517,30434,12,595.3
903861,7012338,31188,3,137.13
903862,7010590,31346,12,
903863,7014344,30868,6,1069.41
903864,7013605,30057,10,460.93
903865,7001026,30540,7,70.59
903866,7012450,30246,2,975.56
903867,7003265,31273,1,1175.42
903868,7014735,30654,6,72.31
903869,7000523,30326,3,616.78
903870,7006999,30410,7,782.45
903871,7000439,30823,3,668.2
903872,7009331,30402,4,66.03
903873,7014008,30789,7,223.71
903874,7007438,31307,6,226.95
903875,7012743,31300,1,882.64
903876,7000427,31167,11,456.7
903877,7010049,31058,4,958.78
903878,7002350,30125,8,136.0
903879,7000081,30498,6,913.51
903880,7002566,30662,10,1124.72
903881,7009653,31126,7,711.74
903882,7005335,31029,3,1175.66
903883,7011386,31456,2,396.83
903884,7009280,31212,4,577.17
903885,7010825,30418,7,793.23
903886,7001591,30147,8,843.2
903887,7000931,30655,5,697.01
903888,7003692,30629,12,1137.99
903889,7012556,30208,-2,674.58
903890,7005982,30875,1,350.52
903891,7000094,31378,10,256.78
903892,7000872,30211,8,418.82
903893,7004206,30811,5,213.62
903894,7010237,30913,7,19.27
903895,7009301,30427,12,126.2
903896,7001239,31211,2,1016.64
903897,7011661,31419,9,414.57
903898,7008416,30462,10,56.59
903899,7012162,30484,6,80.16
903900,7002992,31032,1,760.56
903901,7005858,31177,10,1085.04
903902,7005601,30515,8,
903903,7013174,30598,8,849.39
903904,7009628,30914,5,901.9
903905,7004642,30372,12,647.5
903906,7013786,30360,10,403.32
903907,7000282,31436,7,341.59
903908,7006962,31250,2,1027.4
903909,7011379,30923,12,878.3
903910,7011205,30089,10,242.22
903911,7007246,31382,3,706.61
903912,7007374,30021,3,486.44
903913,7013289,31299,11,778.44
903914,7009715,31100,7,
903915,7008732,31206,2,338.3
903916,7004374,30350,11,
903917,7014433,31205,6,1051.01
903918,7009669,30612,3,547.38
903919,7003215,30365,12,948.46
903920,7013711,30221,10,888.68
903921,7001814,30156,12,892.38
903922,7002100,31410,12,304.21
903923,7005653,31205,2,43.52
903924,7014710,30391,9,
903925,7005269,30493,2,1088.33
903926,7003823,31282,4,375.95
903927,7006637,30381,10,221.43
903928,7008641,30742,4,40.56
903929,7003014,30947,12,852.89
903930,7006659,30973,7,176.17
903931,7009733,30748,11,560.88
903932,7009682,31252,8,636.45
903933,7007818,30472,5,1142.56
903934,7013367,31069,12,670.31
903935,7007931,30779,1,461.65
903936,7012910,30754,3,443.87
903937,7011107,30254,9,1127.08
903938,7005768,31456,3,225.49
903939,7002850,31139,9,298.96
903940,7012369,31066,7,715.78
903941,7007290,31114,4,692.24
903942,7013057,30937,12,698.63
903943,7003312,30957,4,1156.72
903944,7005385,30383,2,260.76
903945,7006928,31068,6,719.51
903946,7005792,31332,7,843.02
903947,7001233,31097,3,429.69
903948,7008851,30517,8,38.17
903949,7000841,30687,3,657.31
903950,7012861,31447,8,430.84
903951,7002614,31429,12,369.05
903952,7002798,30462,3,666.66
903953,7000612,30047,3,856.99
903954,7006851,30953,6,738.15
903955,7007829,30850,12,352.3
903956,7012716,31197,11,392.5
903957,7001443,31398,2,1148.29
903958,7005167,30542,11,1094.62
903959,7006625,30766,4,884.02
903960,7010296,30649,2,295.15
903961,7001511,30362,2,99.71
903962,7003761,30698,2,
903963,7013901,30910,5,241.67
903964,7004706,30957,7,1130.71
903965,7001897,30094,1,672.52
903966,7006468,30927,9,873.24
903967,7008140,30703,8,1133.8
903968,7008556,30754,4,1057.2
903969,7005676,30908,9,187.03
903970,7000470,31407,12,665.33
903971,7002102,30550,-6,497.85
903972,7007715,31449,8,
903973,7000590,30767,8,608.94
903974,7004270,30325,11,858.66
903975,7011492,30733,4,669.1
903976,7008845,30993,7,628.57
903977,7014022,31283,1,321.99
903978,7012169,30025,8,776.27
903979,7003490,30322,9,542.48
903980,7005307,30223,12,981.71
903981,7001726,31334,6,997.35
903982,7000407,31324,1,1083.63
903983,7000992,31158,9,323.16
903984,7006780,31004,5,1104.79
903985,7012117,31093,6,136.73
903986,7008769,30005,12,1050.84
903987,7005630,30516,12,1127.75
903988,7013607,31249,8,738.32
903989,7006293,31080,2,1185.81
903990,7014056,30967,6,359.57
903991,7008100,31066,1,1041.91
903992,7003260,30844,8,998.05
903993,7013259,30160,7,322.96
903994,7004934,30203,10,981.0
903995,7004827,30204,4,993.39
903996,7010465,30607,-4,582.52
903997,7011264,31495,4,216.97
903998,7005104,30371,3,740.47
903999,7005893,31268,4,1067.25
904000,7000372,30255,6,573.87
904001,7011828,31365,2,299.85
904002,7001165,30798,2,963.24
904003,7001627,31146,9,925.13
904004,7002299,30474,-7,1118.71
904005,7004230,30129,2,341.11
904006,7013575,30213,2,335.06
904007,7014857,30147,11,632.43
904008,7007559,30050,10,39.48
904009,7004737,30229,9,848.93
904010,7008768,30451,3,1115.06
904011,7003327,31471,5,1151.88
904012,7003016,31429,8,793.97
904013,7004802,30604,7,1136.32
904014,7008296,30758,1,715.82
904015,7002243,31058,8,226.48
904016,7010192,31035,2,1003.17
904017,7008859,30749,4,220.4
904018,7001261,30195,10,569.37
904019,7003281,30001,2,892.37
904020,7011837,31369,8,945.69
904021,7003929,31363,1,713.08
904022,7007203,31354,1,703.02
904023,7014742,30130,8,1080.76
904024,7013200,30878,10,924.52
904025,7005867,31277,12,222.35
904026,7001460,30244,7,985.4
904027,7009122,30883,4,
904028,7014575,30307,1,677.42
904029,7000436,31154,11,
904030,7013064,30258,6,97.36
904031,7010478,31329,12,358.01
904032,7001933,31212,9,1107.43
904033,7010627,30326,1,885.85
904034,7012507,30253,9,1048.01
904035,7011994,30231,7,745.89
904036,7009066,30028,9,
904037,7001143,31472,5,704.55
904038,7009659,30176,4,1053.91
904039,7004066,30588,2,914.88
904040,7004143,30353,11,190.96
904041,7002781,31292,5,1115.0
904042,7006281,30100,1,894.42
904043,7002157,31202,9,789.68
904044,7010743,31381,8,886.3
904045,7002867,30557,9,398.63
904046,7004856,31007,3,706.97
904047,7011545,30884,5,978.84
904048,7000135,31367,2,536.96
904049,7010304,30541,4,
904050,7001911,31247,2,646.62
904051,7001926,30281,-4,937.99
904052,7010336,30983,8,836.15
904053,7014957,30853,4,962.42
904054,7003055,31269,2,416.52
904055,7004863,30793,7,714.45
904056,7002811,30526,1,972.71
904057,7005019,30191,8,802.0
904058,7010364,31015,11,341.64
904059,7004076,30037,7,819.9
904060,7014123,30757,10,275.23
904061,7011839,31211,3,615.7
904062,7010396,30757,6,448.65
904063,7008940,30378,8,393.17
904064,7013485,30372,-12,516.77
904065,7014225,30130,9,1175.94
904066,7000002,30988,8,107.48
904067,7001945,31410,4,1029.08
904068,7005333,30419,1,396.81
904069,7002894,30799,2,951.54
904070,7003940,30040,2,679.22
904071,7004475,30576,7,704.2
904072,7011436,30892,11,229.01
904073,7012788,31064,1,198.57
904074,7006617,30626,3,477.2
904075,7011650,30299,8,131.13
904076,7004583,31144,10,721.71
904077,7011959,30736,11,66.24
904078,7000778,30124,2,842.64
904079,7006270,31257,6,1120.8
904080,7011636,30124,1,1155.56
904081,7003740,30795,3,393.83
904082,7012184,30257,9,977.6
904083,7008252,30551,3,1123.65
904084,7012264,31373,6,955.85
904085,7009319,30680,2,
904086,7007137,30456,11,51.07
904087,7011926,30192,9,1134.24
904088,7007148,30007,6,1178.9
904089,7003411,30420,5,1118.75
904090,7009403,30960,-7,310.86
904091,7013483,30278,1,376.78
904092,7008718,30389,6,921.37
904093,7003835,31456,7,539.28
904094,7009097,31127,11,441.41
904095,7000090,30247,7,883.2
904096,7010432,31244,5,330.08
904097,7008490,30788,12,467.66
904098,7005108,30121,8,87.27
904099,7010536,30343,4,692.86
904100,7001314,30744,11,132.06
904101,7004331,30766,5,887.18
904102,7001976,31194,3,112.8
904103,7010288,31239,4,
904104,7009444,30277,10,127.01
904105,7003706,30773,1,674.32
904106,7000922,30442,5,698.96
904107,7009350,30915,11,694.64
904108,7007012,31445,7,1081.88
904109,7004201,30856,6,969.04
904110,7008912,31154,6,1092.09
904111,7009261,30804,7,204.27
904112,7008290,30395,9,126.33
904113,7012216,30684,7,695.94
904114,7009477,30855,8,394.32
904115,7005715,30783,2,759.14
904116,7013897,30145,9,465.43
904117,7004144,31462,8,400.18
904118,7004209,30612,9,878.2
904119,7004597,30831,4,241.12
904120,7007424,30795,4,412.53
904121,7014206,31216,7,552.49
904122,7012875,31145,1,695.2
904123,7003029,30338,12,594.67
904124,7009466,30255,8,247.3
904125,7008091,30678,6,856.32
904126,7001999,30412,10,415.65
904127,7001759,31490,5,124.44
904128,7000593,30795,4,103.22
904129,7012040,30997,9,257.74
904130,7013501,31072,4,359.61
904131,7009557,30161,5,
904132,7014375,30105,10,64.74
904133,7000906,31466,6,782.11
904134,7006901,31422,6,711.89
904135,7013866,30749,4,187.14
904136,7014138,30584,1,459.89
904137,7011035,30682,2,225.39
904138,7005262,31236,9,
904139,7009133,30462,6,616.56
904140,7012304,31030,3,859.07
904141,7009315,31030,7,86.9
904142,7006815,31292,7,358.53
904143,7006317,30910,12,304.73
904144,7011990,30105,8,264.39
904145,7004687,30995,5,173.83
904146,7012571,31469,11,199.21
904147,7011399,31003,9,
904148,7010251,31386,4,
904149,7007336,30947,4,1146.33
904150,7010840,31401,1,738.31
904151,7005380,31270,7,1029.65
904152,7008618,30356,9,152.44
904153,7008691,30055,8,963.33
904154,7012098,30741,1,
904155,7004732,30469,6,1153.51
904156,7003196,31303,3,737.43
904157,7005072,30383,5,603.46
904158,7013427,31000,11,779.29
904159,7002043,30005,11,860.9
904160,7003911,30110,7,801.84
904161,7000806,30306,8,471.08
904162,7008150,30906,1,711.47
904163,7007163,30040,12,894.59
904164,7009071,31356,9,42.35
904165,7004563,31014,3,1190.05
904166,7013499,30022,7,250.97
904167,7006592,31496,1,896.42
904168,7008054,31325,-2,1008.11
904169,7004842,30859,11,534.84
904170,7006936,30240,4,924.32
904171,7012653,31247,12,204.53
904172,7013451,31247,2,367.11
904173,7000508,31154,9,672.13
904174,7003955,31098,9,
904175,7004613,30016,2,852.49
904176,7009871,31031,9,1064.81
904177,7003486,30645,8,54.74
904178,7002072,30244,9,436.93
904179,7012954,30096,4,731.52
904180,7007871,30790,12,467.48
904181,7002318,31073,12,1066.09
904182,7012043,31001,3,483.96
904183,7009375,30297,8,1049.13
904184,7002181,31375,6,382.98
904185,7009098,30424,5,170.14
904186,7000751,31017,2,49.11
904187,7010919,31375,7,1026.83
904188,7004755,30642,12,
904189,7001140,31223,12,205.82
904190,7005788,31030,5,618.4
904191,7010167,30265,11,185.3
904192,7009330,30131,1,385.78
904193,7013899,31135,11,362.39
904194,7012052,30269,2,38.68
904195,7008491,31176,9,759.77
904196,7000252,30607,1,805.43
904197,7002651,31437,9,309.59
904198,7006805,30054,9,1032.64
904199,7014411,30338,7,635.95
904200,7005483,31348,8,1016.82
904201,7008907,31005,11,
904202,7006246,30047,3,168.75
904203,7007152,30746,8,977.03
904204,7003374,31124,3,1113.38
904205,7005407,30213,6,623.0
904206,7001564,31062,8,845.72
904207,7001098,31195,9,216.23
904208,7014770,31142,1,1031.02
904209,7005876,31025,5,1015.67
904210,7007586,30039,5,
904211,7006937,31183,8,717.78
904212,7007024,30754,9,976.06
904213,7002810,30343,9,1075.77
904214,7003718,31027,10,260.19
904215,7008834,31452,6,1149.97
904216,7005903,30294,8,506.58
904217,7003272,31471,10,
904218,7000807,30270,12,350.84
904219,7009230,31497,1,109.33
904220,7013695,30325,1,620.75
904221,7013787,30748,2,994.52
904222,7009120,30192,5,702.38
904223,7009263,30612,8,221.87
904224,7002435,30836,8,217.2
904225,7003674,30515,3,
904226,7012028,30454,10,421.05
904227,7011817,30650,5,623.02
904228,7014908,30197,3,967.46
904229,7001843,31031,3,223.34
904230,7001836,30820,3,207.83
904231,7008747,30183,10,1157.12
904232,7009649,31468,12,36.55
904233,7010388,30660,9,427.04
904234,7000839,31136,11,648.22
904235,7010875,30745,10,813.6
904236,7005258,31335,10,814.77
904237,7006283,30601,5,312.0
904238,7012416,30339,3,47.64
904239,7012390,30397,6,486.53
904240,7008526,30583,11,847.34
904241,7012655,30540,1,966.83
904242,7001140,30328,4,224.25
904243,7012562,31336,8,190.36
904244,7012701,31325,2,99.96
904245,7001381,31361,7,168.91
904246,7009925,30141,4,621.44
904247,7010208,31094,11,346.57
904248,7011889,30129,8,316.45
904249,7007876,31385,10,885.87
904250,7007914,30827,10,512.23
904251,7008663,31117,4,553.35
904252,7010811,30878,9,646.32
904253,7006830,31332,8,412.28
904254,7005986,31227,5,
904255,7007294,30221,8,430.53
904256,7009051,31013,11,
904257,7009667,30206,1,1065.89
904258,7007254,30654,9,471.72
904259,7006229,30595,12,411.6
904260,7008702,30439,12,655.59
904261,7005685,30379,9,42.81
904262,7014883,30919,-1,458.97
904263,7012577,30864,3,685.31
904264,7005751,30177,10,575.09
904265,7009786,31481,9,1188.89
904266,7007215,30501,11,971.81
904267,7003668,30323,11,184.02
904268,7014946,30894,10,199.24
904269,7008611,30832,11,453.59
904270,7002193,30839,2,710.51
904271,7014800,30163,1,516.5
904272,7001913,30949,7,
904273,7008888,30120,4,48.17
904274,7006549,31026,6,442.7
904275,7005480,30847,7,801.48
904276,7009286,30823,9,867.97
904277,7005564,31087,2,1199.23
904278,7009876,30511,12,610.42
904279,7008484,30574,12,166.44
904280,7001245,30217,10,244.55
904281,7009002,31003,8,789.26
904282,7010909,31149,6,881.71
904283,7001318,31333,12,982.79
904284,7008890,30453,10,252.3
904285,7002308,31348,4,
904286,7014741,31403,8,1126.74
904287,7008341,30137,5,489.89
904288,7011352,30588,7,994.21
904289,7001027,30246,4,334.47
904290,7002863,31325,5,703.62
904291,7001131,31136,8,65.09
904292,7009111,31371,11,62.63
904293,7000879,30717,5,463.16
904294,7001429,31304,4,791.48
904295,7011600,30740,1,1044.51
904296,7000491,31373,1,355.7
904297,7002071,30940,10,258.59
904298,7004358,30618,8,353.02
904299,7004540,30166,4,1190.77
904300,7007533,30510,8,730.97
904301,7006211,30228,2,420.13
904302,7009589,30386,2,1098.11
904303,7005923,31071,11,568.47
904304,7006068,30499,3,905.67
904305,7003822,31292,7,45.68
904306,7000664,30203,6,901.81
904307,7011218,31067,1,905.87
904308,7003669,30954,3,1126.85
904309,7003634,30805,5,283.53
904310,7006704,30647,4,1163.58
904311,7004240,30211,5,252.62
904312,7004709,31211,2,1177.18
904313,7007134,30222,2,899.66
904314,7009539,30142,10,552.57
904315,7009063,31487,5,348.18
904316,7000620,31089,10,916.49
904317,7010804,31419,1,444.27
904318,7008140,30038,11,482.2
904319,7012966,31291,1,233.56
904320,7001196,31434,9,821.34
904321,7000027,31067,10,850.79
904322,7000508,30075,1,642.93
904323,7011913,31024,5,293.09
904324,7001192,30484,3,907.08
904325,7007083,30366,10,759.04
904326,7012722,30878,6,597.32
904327,7002857,31101,4,929.31
904328,7000374,31199,12,1018.9
904329,7014771,31130,4,75.25
904330,7005943,30389,3,700.5
904331,7012455,31390,9,853.39
904332,7009429,31418,6,405.59
904333,7003203,30457,11,757.78
904334,7008229,30353,3,623.97
904335,7005236,30646,10,960.15
904336,7009814,30048,10,209.19
904337,7004738,30851,6,876.43
904338,7010205,30147,3,251.22
904339,7000232,31295,8,599.57
904340,7000927,30258,7,108.53
904341,7011118,30665,12,363.49
904342,7011104,30124,5,612.75
904343,7013185,30362,1,792.42
904344,7013530,30018,11,915.24
904345,7010019,30495,-2,234.23
904346,7014469,31402,4,1035.38
904347,7001963,31377,6,576.82
904348,7011662,30379,8,462.95
904349,7001129,30182,8,1080.33
904350,7007618,30651,5,1085.61
904351,7014425,30634,6,1180.01
904352,7009524,30626,11,1068.04
904353,7006886,30908,2,1194.94
904354,7011734,31005,2,399.01
904355,7010904,30643,11,1016.04
904356,7013790,30125,12,445.37
904357,7010967,30328,5,942.26
904358,7004327,31488,6,234.19
904359,7008989,30283,9,251.52
904360,7011762,30713,12,234.13
904361,7006321,31187,4,859.92
904362,7007206,30223,11,90.23
904363,7011102,31329,2,177.99
904364,7000665,30452,2,825.96
904365,7013526,30394,12,1173.0
904366,7001204,31072,1,547.71
904367,7007322,31434,10,789.34
904368,7000703,30592,3,106.54
904369,7001842,30866,2,915.47
904370,7004300,31234,3,808.76
904371,7000073,31185,6,524.74
904372,7008759,30441,6,895.6
904373,7004123,30624,10,987.03
904374,7000094,31413,12,716.6
904375,7001957,30713,4,
904376,7013780,31312,8,247.78
904377,7001389,30872,4,859.23
904378,7003211,30501,6,437.7
904379,7001186,30132,7,386.94
904380,7011522,30635,5,852.19
904381,7008250,31216,10,473.04
904382,7001555,31425,3,681.29
904383,7010965,30009,11,191.35
904384,7010908,30975,4,699.75
904385,7006476,31287,3,
904386,7003376,31375,1,1161.46
904387,7003191,31118,12,288.34
904388,7014086,31469,9,165.49
904389,7012689,30424,11,1066.84
904390,7007318,30598,4,1191.31
904391,7004997,30092,10,334.73
904392,7013839,30331,9,115.35
904393,7010226,30817,8,492.22
904394,7006262,30092,8,949.41
904395,7012913,30056,6,60.45
904396,7004882,30494,-3,485.17
904397,7009077,31314,1,292.88
904398,7013270,30224,2,712.15
904399,7009030,31154,-5,120.55
904400,7004160,30092,1,827.32
904401,7010757,31086,12,272.9
904402,7006520,30383,4,688.75
904403,7006700,30286,9,298.06
904404,7004898,30968,1,16.62
904405,7006422,31480,4,568.99
904406,7000330,30394,12,144.9
904407,7006277,30326,12,1179.64
904408,7008712,31097,8,1098.83
904409,7005267,30259,7,457.06
904410,7009029,30321,8,1010.49
904411,7004540,30093,1,679.0
904412,7013156,30129,6,1080.92
904413,7000646,30129,9,990.28
904414,7012895,30386,8,55.07
904415,7006256,30026,6,664.69
904416,7001089,30566,6,1147.63
904417,7011071,31356,-2,1165.63
904418,7011281,30589,10,115.5
904419,7014031,30040,10,342.4
904420,7008568,30636,2,40.06
904421,7009256,30599,8,552.81
904422,7014931,30349,7,735.35
904423,7008603,30844,5,684.54
904424,7001670,31351,6,118.29
904425,7005633,31025,7,34.37
904426,7009072,31352,5,993.12
904427,7001231,31280,9,579.77
904428,7006979,30555,1,1008.64
904429,7013721,30902,1,465.97
904430,7014611,30804,8,62.63
904431,7012540,31139,12,782.39
904432,7010066,30647,10,473.66
904433,7004695,30503,5,164.16
904434,7000785,31072,9,66.6
904435,7014251,31241,1,35.12
904436,7013164,30351,5,435.68
904437,7014531,30432,5,1170.6
904438,7003188,31104,5,
904439,7012356,30018,9,363.69
904440,7005256,31456,4,377.02
904441,7012309,30907,7,373.24
904442,7006430,30660,10,739.66
904443,7004916,31481,3,977.9
904444,7007350,30971,1,278.84
904445,7013876,30028,3,246.99
904446,7012969,31095,4,572.76
904447,7008783,30715,4,651.89
904448,7006693,30323,10,663.56
904449,7007680,30413,9,377.95
904450,7008497,31387,1,555.38
904451,7003008,30574,8,822.67
904452,7007808,30819,8,731.17
904453,7001004,31050,4,1133.94
904454,7003312,30939,7,977.33
904455,7012229,31317,5,1148.95
904456,7007797,30762,3,775.77
904457,7000879,30263,10,1180.4
904458,7014026,31224,4,1037.02
904459,7014968,30676,8,725.67
904460,7005697,30849,3,558.19
904461,7004586,30237,3,25.78
904462,7010466,30167,7,1002.36
904463,7011096,30615,7,779.71
904464,7000779,31319,9,299.25
904465,7012652,30395,12,455.29
904466,7004311,30499,9,713.49
904467,7010254,30096,8,392.53
904468,7012467,30837,11,926.68
904469,7009198,31283,10,428.98
904470,7009301,30043,10,166.32
904471,7009574,30891,2,
904472,7005315,30250,2,677.54
904473,7014027,30406,10,74.74
904474,7004809,30716,12,968.01
904475,7001099,30046,1,335.81
904476,7007622,30335,8,521.22
904477,7007120,30924,5,822.1
904478,7008328,30602,4,1057.1
904479,7004483,30398,11,622.23
904480,7002347,30150,2,1123.12
904481,7000642,30476,9,118.73
904482,7000574,31023,2,
904483,7000267,30443,2,1118.89
904484,7007494,31325,3,482.02
904485,7006655,31129,6,1121.38
904486,7012263,31381,4,739.43
904487,7008128,30389,12,253.55
904488,7000828,30691,11,881.66
904489,7013628,30951,1,533.28
904490,7009178,30708,1,367.87
904491,7014294,30990,3,434.75
904492,7010158,30580,4,711.0
904493,7014109,31083,-1,556.12
904494,7011332,30489,9,863.34
904495,7001096,30600,7,657.58
904496,7000310,30695,4,238.32
904497,7008530,30526,9,802.15
904498,7013009,30247,2,
904499,7013453,30873,1,543.54
904500,7003936,30999,8,250.1
904501,7009056,30293,5,1069.63
904502,7001545,30589,12,885.03
904503,7001351,30574,10,485.64
904504,7004353,31373,12,639.49
904505,7003574,30369,4,950.16
904506,7007784,31152,1,138.44
904507,7004127,30337,5,674.3
904508,7004617,30008,11,1109.39
904509,7001907,31274,7,544.5
904510,7008923,30062,11,1129.13
904511,7014056,31380,12,939.12
904512,7013520,30112,12,201.65
904513,7002536,31400,4,
904514,7008624,31070,6,454.47
904515,7004436,30763,3,1011.63
904516,7002608,30465,12,1183.86
904517,7009309,31443,7,612.44
904518,7006582,30197,8,
904519,7007628,30641,4,106.58
904520,7011702,31353,2,384.83
904521,7009069,30620,12,614.22
904522,7012580,30297,4,14.41
904523,7004069,30037,4,799.24
904524,7005903,31359,9,536.99
904525,7013976,31182,3,23.36
904526,7009782,31500,5,102.35
904527,7014138,30295,4,747.81
904528,7004960,31049,1,962.5
904529,7006045,30498,12,493.15
904530,7001792,30567,9,786.3
904531,7006158,30189,12,79.97
904532,7001096,30317,10,1058.77
904533,7011971,31199,-3,587.87
904534,7000106,31007,11,92.18
904535,7007533,30087,12,220.13
904536,7011386,30612,12,640.24
904537,7008903,30210,12,
904538,7009694,31493,5,598.21
904539,7009168,31021,8,605.63
904540,7013287,31136,10,172.75
904541,7010577,30412,6,404.23
904542,7009158,30410,12,628.77
904543,7006932,30307,10,853.67
904544,7002316,30116,-1,216.39
904545,7009860,31058,12,33.91
904546,7001305,31124,8,578.08
904547,7002167,30769,3,1180.31
904548,7010280,30124,8,776.22
904549,7010977,30880,6,1195.69
904550,7012999,30286,10,1161.13
904551,7010750,31269,6,631.68
904552,7014520,31240,6,1145.21
904553,7010134,30924,4,747.45
904554,7003604,30946,8,829.86
904555,7002210,30736,-8,622.83
904556,7008799,30547,2,989.92
904557,7014693,30148,7,258.44
904558,7001194,30516,11,32.85
904559,7010176,30106,5,
904560,7006801,31406,2,296.17
904561,7004446,30732,9,357.46
904562,7001809,31050,6,654.45
904563,7003184,30827,-3,118.91
904564,7001079,30633,10,179.02
904565,7013441,31206,9,1039.47
904566,7001598,31460,9,256.91
904567,7000025,30126,8,50.09
904568,7005992,30751,6,
904569,7012196,31306,-5,423.22
904570,7014455,30374,1,1036.04
904571,7014236,30052,1,1193.16
904572,7012603,30823,6,654.19
904573,7010727,31437,7,320.84
904574,7014586,30966,6,341.6
904575,7007736,30899,7,587.72
904576,7002797,30952,12,186.46
904577,7004264,30464,6,615.84
904578,7014553,30204,5,993.07
904579,7014944,30316,12,
904580,7001287,30556,12,
904581,7014609,31499,9,
904582,7002856,30148,12,287.94
904583,7001158,30496,11,161.48
904584,7010678,30997,4,524.0
904585,7007442,30448,9,
904586,7000726,31447,4,
904587,7001106,31358,7,746.45
904588,7001539,30130,7,219.67
904589,7013811,30534,12,70.43
904590,7006072,31243,4,52.86
904591,7008162,30712,10,884.78
904592,7003535,31259,5,568.6
904593,7004797,31172,9,595.05
904594,7008212,31047,6,858.32
904595,7002926,30420,12,168.14
904596,7003810,31273,1,
904597,7007905,30736,10,1058.53
904598,7008435,30816,5,177.67
904599,7012091,31108,12,308.16
904600,7005752,31307,8,935.82
904601,7010809,31417,9,677.48
904602,7005874,31339,3,250.91
904603,7011785,30220,12,636.65
904604,7008216,31277,4,779.25
904605,7005953,30268,1,604.99
904606,7001503,31012,12,54.5
904607,7013564,31401,10,633.42
904608,7014385,31108,-11,685.68
904609,7002523,30919,3,369.44
904610,7002760,31386,7,266.99
904611,7003664,31162,4,894.65
904612,7012073,30500,7,260.58
904613,7012095,30772,1,340.56
904614,7005426,31201,6,829.76
904615,7005755,31120,6,1004.96
904616,7014707,31247,3,1084.51
904617,7003456,30629,6,1023.79
904618,7011700,31329,3,460.38
904619,7004095,30070,10,988.22
904620,7014465,30856,3,1031.88
904621,7001582,30411,2,1163.44
904622,7001817,31223,7,265.32
904623,7008645,30794,7,867.27
904624,7003226,31481,11,1146.48
904625,7004048,30349,10,1129.05
904626,7000023,30787,11,432.08
904627,7011823,30637,7,646.08
904628,7003616,30976,11,563.61
904629,7007667,30160,1,212.31
904630,7000895,31306,5,428.59
904631,7006148,30007,9,364.87
904632,7009671,31031,1,1132.07
904633,7004877,30003,7,541.18
904634,7004719,31124,12,173.82
904635,7000180,31145,12,1029.59
904636,7013062,31483,2,1035.85
904637,7013705,31438,9,899.6
904638,7001482,31195,3,952.17
904639,7007372,31442,3,1019.49
904640,7000945,30234,10,1002.51
904641,7012297,30158,12,360.52
904642,7010905,30187,12,1176.22
904643,7004037,31267,1,21.38
904644,7013816,30808,5,1198.84
904645,7006179,30114,4,1053.89
904646,7002569,30748,3,809.23
904647,7014739,30523,-8,1016.87
904648,7005481,30812,7,412.39
904649,7014182,31266,10,1093.83
904650,7001841,30406,3,1152.67
904651,7013138,30018,11,1189.16
904652,7014202,31288,12,335.18
904653,7002249,30661,7,767.33
904654,7013333,31367,8,1138.77
904655,7000288,30896,6,1198.23
904656,7009850,31073,3,301.09
904657,7007545,30578,12,1128.3
904658,7013515,30350,7,612.11
904659,7009044,30502,2,954.15
904660,7008900,30845,10,843.77
904661,7000368,30642,11,752.25
904662,7014493,30402,4,647.59
904663,7009682,30904,6,591.07
904664,7006040,30008,11,205.11
904665,7009967,31350,6,962.86
904666,7005509,31203,4,651.91
904667,7001070,30219,5,228.52
904668,7003142,30056,7,1029.57
904669,7011524,31281,7,17.56
904670,7014183,30099,3,233.13
904671,7007508,30183,9,1085.59
904672,7012476,31495,12,1104.76
904673,7006715,30399,1,629.21
904674,7011162,30556,12,798.5
904675,7008891,30680,12,114.05
904676,7011665,31484,10,241.73
904677,7002495,30490,2,1032.85
904678,7002645,31101,11,166.05
904679,7008006,30038,2,241.16
904680,7013098,30838,11,1079.07
904681,7010388,31069,5,200.62
904682,7007143,30835,6,133.54
904683,7011281,31079,10,1088.32
904684,7009969,30037,10,1158.57
904685,7013838,30526,2,1082.72
904686,7000038,30725,11,295.66
904687,7010112,30167,5,294.23
904688,7010365,30232,3,804.21
904689,7011249,30863,4,433.81
904690,7011800,31147,3,217.95
904691,7001804,31053,6,558.69
904692,7013324,31293,5,423.59
904693,7007443,30807,3,1048.44
904694,7006044,30570,2,500.19
904695,7000956,31271,4,762.83
904696,7011425,31375,8,724.91
904697,7004948,30688,5,169.26
904698,7000697,31030,5,988.63
904699,7005572,31408,3,472.56
904700,7002116,30149,6,952.71
904701,7009435,31036,5,350.02
904702,7002553,30738,10,1064.12
904703,7001999,30419,9,370.19
904704,7012656,30177,-3,354.22
904705,7004206,30050,7,470.85
904706,7003519,31156,10,731.87
904707,7013165,30415,12,1193.21
904708,7011504,30455,4,510.2
904709,7003369,30470,7,16.97
904710,7002540,31235,8,943.62
904711,7013507,31166,5,290.85
904712,7003696,30834,1,710.6
904713,7005169,31015,11,1169.78
904714,7000393,30450,10,846.94
904715,7005794,31483,2,507.72
904716,7000752,31392,10,761.98
904717,7011603,31107,11,275.49
904718,7005661,31387,4,1067.09
904719,7010920,30860,11,887.39
904720,7007120,30209,12,293.16
904721,7008208,30184,7,74.14
904722,7003762,31380,1,353.07
904723,7009461,31425,8,340.56
904724,7013824,31318,1,793.2
904725,7012221,30319,10,346.63
904726,7005962,31215,-1,557.11
904727,7004743,31054,2,1040.95
904728,7010909,30598,7,427.65
904729,7009397,30910,4,783.8
904730,7000559,31313,8,271.21
904731,7002818,30993,10,1096.62
904732,7009534,30806,9,400.58
904733,7008910,30034,1,440.83
904734,7004305,31178,9,728.12
904735,7002433,30739,-12,117.87
904736,7008053,30854,8,263.23
904737,7013137,31291,9,456.58
904738,7007121,30159,12,1000.5
904739,7010391,31023,1,22.46
904740,7001756,30758,7,778.64
904741,7003321,31423,9,808.07
904742,7006926,30645,5,836.19
904743,7005365,30762,2,356.77
904744,7011148,30495,7,820.48
904745,7010158,31103,7,606.74
904746,7009020,30220,7,600.58
904747,7007952,30279,5,265.18
904748,7012719,30176,1,839.3
904749,7003383,30899,7,164.37
904750,7005218,30936,12,1092.5
904751,7010059,30055,6,91.88
904752,7002575,31472,4,1108.87
904753,7010374,31035,11,697.32
904754,7008323,30122,12,175.02
904755,7014434,30708,3,544.32
904756,7013783,30954,4,312.32
904757,7004986,31361,12,148.23
904758,7001488,30296,3,986.7
904759,7009486,30996,8,239.48
904760,7014121,31142,3,260.27
904761,7012038,31393,6,560.36
904762,7008413,31277,4,236.94
904763,7005816,30413,6,427.07
904764,7003005,31081,9,996.21
904765,7011497,30521,8,385.85
904766,7003058,30569,6,1190.27
904767,7014728,30806,2,372.2
904768,7013354,30426,8,618.28
904769,7012346,30574,3,809.0
904770,7005500,30841,10,309.74
904771,7003196,30043,7,399.53
904772,7009175,30242,11,614.92
904773,7005916,30142,10,20.65
904774,7013511,31151,5,54.16
904775,7012545,30374,7,1194.14
904776,7011358,30238,3,937.08
904777,7013468,30305,6,149.32
904778,7002110,31117,7,510.9
904779,7005811,31109,8,800.43
904780,7007133,30169,9,138.18
904781,7001472,30954,3,582.61
904782,7008427,30594,12,503.05
904783,7003046,31254,4,769.62
904784,7009083,31430,8,273.0
904785,7003873,31368,3,907.08
904786,7004495,30983,10,970.91
904787,7008887,30372,6,581.52
904788,7010268,30042,5,529.99
904789,7011661,31396,5,123.34
904790,7008183,31303,7,226.73
904791,7001402,30161,8,413.34
904792,7014419,30027,10,906.32
904793,7010853,30905,4,490.32
904794,7013705,31337,2,121.08
904795,7005956,30088,11,995.48
904796,7010778,30152,1,967.89
904797,7012297,31462,3,158.83
904798,7004666,30425,11,873.75
904799,7003596,30849,7,476.77
904800,7003533,30802,9,1047.85
904801,7005099,30258,12,11.64
904802,7005566,30810,2,13.83
904803,7004704,30450,12,224.39
904804,7013109,30246,2,729.12
904805,7010404,30193,4,1147.11
904806,7003890,30425,1,865.59
904807,7012012,30898,7,1188.4
904808,7007766,31114,3,237.04
904809,7010303,31434,1,575.97
904810,7003810,31012,9,855.19
904811,7005629,30908,6,158.56
904812,7008951,30326,12,
904813,7014649,31449,2,
904814,7000804,31164,6,874.19
904815,7005010,30466,12,206.29
904816,7006479,30623,12,1119.02
904817,7008753,30215,9,782.24
904818,7009486,30532,9,447.53
904819,7012531,30403,10,21.66
904820,7001067,30343,9,238.64
904821,7002874,30031,4,961.89
904822,7005595,30968,6,912.85
904823,7009854,30583,12,842.34
904824,7010831,30369,10,635.97
904825,7010452,30608,5,1064.89
904826,7004357,31254,9,367.16
904827,7006995,30971,11,1038.17
904828,7011050,30345,12,466.21
904829,7008826,30603,6,
904830,7013967,30724,9,562.31
904831,7009054,30341,11,890.7
904832,7014603,30727,-5,760.64
904833,7008196,30607,4,173.92
904834,7004485,30063,5,764.94
904835,7012371,30628,4,1052.12
904836,7008697,30831,8,191.58
904837,7004416,30411,12,149.14
904838,7007165,31177,7,1142.77
904839,7003968,30587,1,674.03
904840,7005498,30885,12,615.61
904841,7012108,31218,-8,757.48
904842,7008404,30520,12,1092.74
904843,7003223,31299,2,950.79
904844,7001428,31207,10,553.55
904845,7007613,30807,9,
904846,7009647,30196,9,885.39
904847,7014298,30351,10,
904848,7012729,30798,2,680.24
904849,7008501,30859,5,813.61
904850,7000380,30411,8,
904851,7009269,31200,5,247.51
904852,7001976,31142,3,213.8
904853,7008560,31471,5,1143.45
904854,7008640,31076,10,902.18
904855,7005114,30397,12,203.0
904856,7011306,30446,12,770.68
904857,7013246,31297,7,976.17
904858,7004970,31244,2,1013.98
904859,7004669,31295,3,732.43
904860,7008023,30351,9,329.15
904861,7001865,30984,6,685.35
904862,7009660,31035,10,1171.53
904863,7009707,31048,10,310.53
904864,7007503,30177,4,188.08
904865,7006721,31241,6,645.62
904866,7003026,31157,12,978.06
904867,7004357,31440,2,1115.46
904868,7010293,31417,4,495.98
904869,7012631,30179,12,19.8
904870,7001947,30765,10,970.65
904871,7006281,31380,8,603.26
904872,7014128,30575,11,425.43
904873,7000256,31264,2,1180.32
904874,7009957,31036,12,504.62
904875,7013643,30803,1,511.15
904876,7008317,30373,3,478.94
904877,7001769,30689,7,
904878,7014282,30646,7,994.64
904879,7008513,30270,9,795.14
904880,7003960,30632,10,683.02
904881,7004787,31124,2,781.56
904882,7013021,30635,5,1057.37
904883,7008264,30954,1,435.13
904884,7008324,30606,2,485.03
904885,7010424,31020,4,983.83
904886,7010645,30664,-7,469.84
904887,7011660,30177,7,898.44
904888,7011192,30824,8,277.35
904889,7009079,30087,2,406.99
904890,7013283,30694,6,678.54
904891,7007037,30192,3,1071.52
904892,7010318,30948,11,246.93
904893,7014614,31342,3,1050.2
904894,7002263,30051,9,1000.0
904895,7012184,30444,11,184.14
904896,7010565,30281,12,943.73
904897,7014714,31157,12,940.66
904898,7000286,30193,8,396.45
904899,7009097,31022,9,56.19
904900,7001613,30513,4,436.61
904901,7005059,30158,8,114.61
904902,7008119,30425,5,1034.54
904903,7000586,30837,12,472.72
904904,7010019,30236,8,770.44
904905,7003290,31055,7,1099.13
904906,7004384,30645,7,222.97
904907,7010735,30265,3,1128.19
904908,7010910,30157,2,822.6
904909,7004649,30084,9,77.6
904910,7000221,30858,6,46.91
904911,7005407,30654,3,698.83
904912,7004277,31497,5,479.49
904913,7010428,31434,12,773.69
904914,7007018,30206,12,613.29
904915,7007081,30655,4,808.07
904916,7011999,30253,2,54.45
904917,7014327,31011,7,769.93
904918,7005304,30436,12,564.98
904919,7002684,31376,2,810.56
904920,7010141,30862,1,782.87
904921,7007890,31155,6,311.61
904922,7013578,30005,12,361.19
904923,7011993,30661,2,971.9
904924,7009017,31387,1,50.27
904925,7007974,30380,8,431.15
904926,7000026,30135,3,273.55
904927,7002556,30084,11,900.02
904928,7001398,31338,7,562.44
904929,7000741,30092,3,1136.64
904930,7013577,30163,8,
904931,7006546,30730,12,429.19
904932,7011549,31021,4,998.77
904933,7012902,30966,7,513.94
904934,7000580,30717,12,1127.02
904935,7004231,30645,8,147.53
904936,7005123,30201,4,852.42
904937,7003593,31135,12,74.6
904938,7005904,30918,9,239.88
904939,7002289,31321,3,954.04
904940,7013208,30256,12,1117.53
904941,7003867,31441,4,482.8
904942,7002628,30691,3,803.8
904943,7012098,30880,3,709.45
904944,7010306,31012,11,724.43
904945,7008049,31127,7,806.96
904946,7003640,31078,6,283.75
904947,7002840,31047,5,58.47
904948,7001925,30271,5,357.94
904949,7009296,30030,6,338.87
904950,7004296,31123,7,612.4
904951,7014635,30891,12,914.74
904952,7014506,31366,4,1170.26
904953,7003964,30083,5,574.52
904954,7007343,30035,9,1031.92
904955,7012007,30291,4,
904956,7013154,30839,7,437.69
904957,7013216,30619,1,886.89
904958,7006700,30122,5,458.61
904959,7002709,30815,2,197.23
904960,7001430,30596,1,1161.12
904961,7002994,31217,10,1159.83
904962,7013403,30933,3,1150.31
904963,7006211,31249,6,423.11
904964,7005594,30729,6,902.61
904965,7002377,30870,12,244.45
904966,7000321,30008,11,817.46
904967,7011712,30227,6,265.73
904968,7014543,30008,7,564.61
904969,7006241,30733,1,756.78
904970,7005910,31004,-4,419.45
904971,7014977,30420,7,547.89
904972,7002841,30047,5,649.92
904973,7014903,30582,10,914.77
904974,7013852,30818,10,461.19
904975,7000003,30862,10,262.45
904976,7005332,30844,10,586.42
904977,7001657,30906,1,346.92
904978,7002540,31385,3,899.94
904979,7011243,30345,11,581.71
904980,7000182,30581,5,211.82
904981,7014667,30373,6,601.2
904982,7002195,30277,6,1168.08
904983,7008532,30721,11,
904984,7006254,30803,10,206.04
904985,7004470,30327,6,905.68
904986,7014223,30802,3,339.25
904987,7008783,30755,7,369.9
904988,7012332,31425,8,146.18
904989,7011608,30996,3,204.89
904990,7006494,30309,7,690.89
904991,7014924,31419,1,857.01
904992,7009661,31151,11,1186.29
904993,7000091,30140,3,387.23
904994,7012302,31384,9,113.73
904995,7011300,31467,3,675.93
904996,7009030,30673,5,709.77
904997,7007060,30132,2,36.48
904998,7014620,30490,8,802.69
904999,7000931,30137,1,1095.83
905000,7011998,30564,8,749.91
905001,7014493,30168,7,1043.78
905002,7012177,31123,9,1121.81
905003,7010390,30753,2,411.51
905004,7009904,31213,6,641.83
905005,7005021,30120,6,308.18
905006,7008774,31274,12,93.03
905007,7011628,31243,11,53.9
905008,7014457,31333,2,341.45
905009,7000108,30823,1,787.14
905010,7011177,30022,10,
905011,7001637,30341,1,432.95
905012,7013697,30936,3,37.48
905013,7013245,31438,7,
905014,7001358,30532,6,377.91
905015,7013581,30909,9,822.96
905016,7001523,31235,4,
905017,7014567,30981,11,412.53
905018,7013965,30457,9,977.23
905019,7014973,31155,6,261.2
905020,7000133,31289,3,468.85
905021,7014201,30324,1,327.66
905022,7001807,30422,11,71.18
905023,7005909,30730,5,286.62
905024,7011740,30402,10,875.66
905025,7014287,30357,9,934.78
905026,7006010,30941,9,1106.9
905027,7013880,30227,12,819.44
905028,7009690,30159,4,1089.26
905029,7007357,30894,5,470.41
905030,7000732,30789,10,877.88
905031,7000023,31405,5,852.38
905032,7008364,31072,10,235.91
905033,7007757,30821,5,718.27
905034,7006841,30245,12,403.63
905035,7008866,30816,3,1189.18
905036,7009204,30354,8,507.0
905037,7001817,31338,11,323.61
905038,7001334,30099,12,477.76
905039,7013448,30227,1,
905040,7002079,30450,8,696.15
905041,7010749,30549,1,226.55
905042,7013025,30716,10,1088.64
905043,7009395,31349,11,635.72
905044,7010167,30629,2,546.71
905045,7010192,30964,10,532.73
905046,7001694,30791,9,919.72
905047,7002961,31287,5,687.63
905048,7007984,30892,4,52.22
905049,7001630,30166,12,1167.52
905050,7003226,31021,3,649.59
905051,7010795,30206,11,119.6
905052,7007678,30263,7,108.89
905053,7007522,31268,5,1194.21
905054,7003389,30478,5,740.19
905055,7011101,30714,2,963.04
905056,7007936,30728,10,497.31
905057,7014644,31209,4,905.09
905058,7002042,31204,7,103.24
905059,7014758,30187,1,876.43
905060,7005260,31450,4,1049.91
905061,7011640,30689,9,1063.89
905062,7014306,31242,5,613.83
905063,7002286,30801,12,
905064,7007940,30325,8,510.97
905065,7006939,31212,-1,637.87
905066,7000592,31273,7,875.62
905067,7003793,31125,10,888.96
905068,7007452,30685,5,90.49
905069,7010266,30754,2,107.91
905070,7004671,30910,7,919.99
905071,7012243,30556,8,411.9
905072,7002017,30417,1,1064.37
905073,7011502,30972,3,361.07
905074,7007502,31191,11,733.73
905075,7007529,30279,1,240.66
905076,7013167,31174,3,441.16
905077,7012676,30260,2,568.96
905078,7013140,30852,12,893.2
905079,7009632,30223,7,397.85
905080,7010438,30117,8,979.46
905081,7008945,30403,9,438.61
905082,7014105,30834,3,420.69
905083,7006301,30893,1,448.6
905084,7005164,30160,4,220.76
905085,7002258,30929,4,257.99
905086,7006561,30669,3,412.27
905087,7012149,30585,7,536.42
905088,7006714,30570,7,340.23
905089,7011717,31225,8,670.12
905090,7005910,30211,10,475.6
905091,7005824,30164,11,670.96
905092,7004575,30699,9,961.14
905093,7009612,30131,11,881.55
905094,7013178,30108,2,322.87
905095,7001711,30438,10,858.43
905096,7012665,31094,7,64.77
905097,7011741,31248,5,351.98
905098,7009005,30176,1,942.36
905099,7000500,30527,11,487.89
905100,7005868,31180,9,127.18
905101,7014646,30864,-2,837.14
905102,7009140,30664,4,1178.68
905103,7011554,30046,12,1025.99
905104,7010278,30943,2,364.98
905105,7011167,31251,6,59.41
905106,7010922,31386,7,44.1
905107,7003228,31276,4,423.12
905108,7008021,30457,1,1163.79
905109,7001294,30408,7,434.01
905110,7007564,31380,12,42.37
905111,7008499,31089,8,787.0
905112,7003412,30471,2,206.81
905113,7009259,30528,-1,880.66
905114,7012685,31226,3,761.32
905115,7009883,30666,12,859.73
905116,7013038,31125,1,584.94
905117,7013172,31114,10,419.88
905118,7006322,30353,10,739.1
905119,7010580,30782,8,29.65
905120,7006597,30027,6,961.06
905121,7003042,30068,10,518.0
905122,7002925,30634,12,786.22
905123,7013870,30884,8,1133.99
905124,7010685,31105,-1,942.22
905125,7014932,30207,10,368.52
905126,7010937,31211,5,188.17
905127,7011049,30086,7,567.25
905128,7010522,31332,3,995.12
905129,7001588,31461,3,378.92
905130,7000125,30044,1,1106.0
905131,7009116,30638,9,874.07
905132,7008844,30438,4,688.11
905133,7008429,30546,8,
905134,7008116,30712,5,
905135,7005424,30657,11,832.62
905136,7012490,30154,9,1191.85
905137,7013999,30652,7,206.6
905138,7004819,31363,12,280.67
905139,7007891,30466,5,202.56
905140,7001584,30994,11,12.83
905141,7012477,31337,11,
905142,7008017,30891,3,212.73
905143,7004640,30860,7,884.43
905144,7013581,30928,5,1184.43
905145,7013545,30992,8,1191.76
905146,7009316,30538,8,361.38
905147,7009230,30667,12,867.54
905148,7006857,30100,6,
905149,7009357,30004,11,771.48
905150,7012496,30087,8,
905151,7006293,31402,10,510.37
905152,7008370,30355,12,815.69
905153,7009628,30823,3,181.59
905154,7000194,30439,3,217.19
905155,7007583,30421,10,323.14
905156,7002697,30397,12,503.55
905157,7011334,30573,9,427.62
905158,7007190,30977,11,630.0
905159,7004683,31495,8,799.21
905160,7014322,30149,9,480.48
905161,7000494,31452,5,342.07
905162,7003077,31318,8,673.39
905163,7001171,30029,7,758.02
905164,7010991,30756,11,484.11
905165,7001388,30913,11,
905166,7005922,31480,9,316.34
905167,7014958,31087,9,91.98
905168,7007809,31134,3,524.01
905169,7014474,31358,8,1174.37
905170,7014660,30142,5,404.69
905171,7003192,30466,8,435.58
905172,7004854,31303,4,317.16
905173,7011210,30681,9,1044.6
905174,7007936,31212,4,1086.09
905175,7011802,30933,6,684.97
905176,7005062,30908,3,121.67
905177,7004203,30487,3,476.6
905178,7005687,31422,6,155.81
905179,7006566,31061,3,44.57
905180,7013419,31074,5,417.04
905181,7010002,30325,5,581.21
905182,7000670,31398,3,1098.79
905183,7004895,31450,2,199.41
905184,7011949,30539,8,898.09
905185,7012425,30207,7,499.56
905186,7001298,30878,1,606.41
905187,7001315,31455,3,325.13
905188,7005240,31274,4,572.4
905189,7010592,30363,9,
905190,7007516,31261,5,440.52
905191,7000687,31443,6,1159.84
905192,7004241,30717,10,738.15
905193,7011224,31464,11,181.05
905194,7007938,30917,-9,278.53
905195,7007483,30173,8,
905196,7013604,30228,10,404.26
905197,7008847,30897,12,656.2
905198,7014373,30021,1,556.49
905199,7003844,30562,12,903.9
905200,7004397,30758,8,323.0
905201,7000793,30150,10,
905202,7000015,31235,1,321.86
905203,7003576,30084,9,171.56
905204,7003569,30845,11,1057.6
905205,7012142,30757,10,121.23
905206,7002539,31335,1,1075.35
905207,7013518,30808,8,450.92
905208,7010508,31143,6,1081.52
905209,7014755,30394,9,143.72
905210,7001811,30489,5,977.46
905211,7003244,30635,4,882.71
905212,7013151,30442,12,476.2
905213,7007987,31037,8,943.52
905214,7014281,30350,8,702.54
905215,7013064,31386,8,403.25
905216,7010868,31481,7,388.14
905217,7009782,31352,7,514.32
905218,7002044,30826,12,498.83
905219,7001269,30054,2,571.32
905220,7003153,30618,9,763.15
905221,7003907,30943,3,805.05
905222,7001568,30171,2,880.21
905223,7013930,31330,2,545.0
905224,7014680,31158,4,851.4
905225,7005615,30598,5,150.6
905226,7001341,30017,3,204.2
905227,7003767,30008,3,350.02
905228,7009124,30015,1,1010.93
905229,7004023,30407,1,616.69
905230,7014972,30994,5,280.86
905231,7008028,31313,10,445.01
905232,7006364,30674,4,1107.43
905233,7011646,31455,9,228.03
905234,7006354,30021,2,1079.26
905235,7014026,30916,6,321.7
905236,7007091,31021,12,175.33
905237,7006098,31118,4,797.94
905238,7003831,30129,8,427.61
905239,7010293,31132,8,76.18
905240,7007648,30032,6,
905241,7007815,30913,2,346.09
905242,7008761,30790,-2,94.03
905243,7010046,30295,2,741.2
905244,7009657,30207,8,1155.64
905245,7014403,30057,8,561.26
905246,7002620,30226,11,180.04
905247,7000660,30412,4,298.2
905248,7002858,31336,7,898.03
905249,7006687,30523,6,998.76
905250,7005528,31376,7,765.6
905251,7004806,31165,5,1094.78
905252,7011137,30211,4,984.35
905253,7012842,30863,3,670.94
905254,7010735,30337,8,
905255,7000087,30998,3,438.6
905256,7007768,30558,5,1012.29
905257,7008501,30401,1,983.86
905258,7007826,30718,8,58.97
905259,7009149,30880,9,1059.25
905260,7008173,31472,8,745.63
905261,7006284,30176,12,650.08
905262,7013457,30624,7,54.66
905263,7002446,30719,10,856.14
905264,7009214,30883,1,22.28
905265,7006130,30361,10,
905266,7007307,30506,4,437.38
905267,7012258,31453,5,703.22
905268,7005251,30775,3,485.1
905269,7005193,30011,-11,399.78
905270,7003527,30881,1,31.83
905271,7014983,31009,9,544.54
905272,7011723,30498,11,625.79
905273,7012226,31482,10,543.54
905274,7009109,30007,8,203.44
905275,7012532,31471,7,553.55
905276,7011320,30632,8,1071.88
905277,7000306,31240,3,328.59
905278,7013249,31061,10,1086.44
905279,7011706,30472,-3,524.4
905280,7002976,30105,3,652.37
905281,7014943,30688,6,99.33
905282,7008211,30771,11,572.18
905283,7013845,30478,8,454.54
905284,7007201,31301,6,664.08
905285,7001278,31360,11,310.38
905286,7008105,30676,11,636.27
905287,7012985,31157,9,218.79
905288,7013883,30320,8,451.87
905289,7002009,30549,5,428.8
905290,7008502,31261,1,598.34
905291,7007539,30593,9,577.27
905292,7013728,31415,8,133.55
905293,7007632,30495,6,1028.45
905294,7003088,31126,11,1010.87
905295,7007753,30256,11,642.82
905296,7011705,30430,11,1005.51
905297,7003508,30471,8,1062.08
905298,7005720,30840,3,606.74
905299,7014944,30499,4,1017.03
905300,7004042,31382,6,420.39
905301,7000631,30915,1,971.9
905302,7004896,30889,8,106.39
905303,7013987,30990,5,522.87
905304,7010751,30090,5,734.08
905305,7007664,31493,5,
905306,7001453,30309,6,918.18
905307,7006054,31399,8,137.26
905308,7008054,31244,9,549.4
905309,7005389,30675,10,196.3
905310,7014296,30713,8,258.3
905311,7010704,30784,1,384.72
905312,7004722,30664,9,1121.1
905313,7008229,31258,9,362.65
905314,7006709,31190,10,959.75
905315,7007965,31488,9,1171.51
905316,7002760,31338,12,486.22
905317,7011982,30103,9,714.54
905318,7009483,31086,5,742.13
905319,7002624,30081,3,1153.43
905320,7005769,31244,11,445.65
905321,7008031,30169,4,337.72
905322,7008163,30371,4,868.28
905323,7007323,31073,10,1180.63
905324,7001096,30208,3,998.06
905325,7004528,30134,6,534.26
905326,7008537,30379,5,443.44
905327,7006415,31156,11,961.88
905328,7003828,31056,11,148.99
905329,7013048,31186,2,129.07
905330,7008613,31013,5,883.37
905331,7004615,30319,11,527.96
905332,7010718,30448,7,717.05
905333,7014459,30919,7,402.4
905334,7005722,30738,6,156.4
905335,7008698,30783,6,382.97
905336,7014651,30912,11,794.22
905337,7011301,30229,9,1040.25
905338,7012273,30147,4,767.94
905339,7007674,30202,7,380.13
905340,7004877,30501,11,585.52
905341,7013222,30145,8,385.25
905342,7003247,30391,9,357.34
905343,7003162,30800,9,233.23
905344,7004249,30669,3,453.69
905345,7007084,30536,7,943.72
905346,7013523,30379,11,628.84
905347,7007877,30335,1,
905348,7006301,30281,9,160.54
905349,7003818,30429,5,306.75
905350,7012588,31003,1,417.04
905351,7007734,30811,11,1117.69
905352,7006432,30412,5,274.84
905353,7003550,30470,2,987.91
905354,7010153,31380,6,96.79
905355,7006816,30518,3,303.99
905356,7012275,30990,-10,1021.54
905357,7012173,30037,8,1109.44
905358,7000491,30726,10,941.55
905359,7005262,31337,7,72.11
905360,7004224,31201,3,477.08
905361,7009082,30683,9,473.21
905362,7008082,30046,8,449.8
905363,7011276,30933,7,959.68
905364,7001139,30549,5,190.86
905365,7011206,30596,1,59.49
905366,7014151,30013,3,533.9
905367,7014073,30531,3,907.91
905368,7003999,30349,7,181.32
905369,7007023,31460,7,449.17
905370,7003097,31024,1,452.48
905371,7003740,30468,3,1118.09
905372,7007562,31388,3,599.07
905373,7013397,30551,5,387.83
905374,7004310,30068,2,218.86
905375,7006576,30137,5,1015.15
905376,7008416,30871,11,507.12
905377,7001955,30939,9,
905378,7011234,31240,7,117.9
905379,7000497,30736,7,719.61
905380,7014817,31474,10,
905381,7010269,30488,5,72.58
905382,7001724,30971,6,346.03
905383,7001957,30151,6,275.23
905384,7009071,31349,3,743.34
905385,7008804,30445,10,571.71
905386,7012600,31079,4,433.36
905387,7005901,30218,3,365.96
905388,7005255,31145,11,794.65
905389,7011352,30781,5,
905390,7007485,31049,1,618.57
905391,7003508,30703,8,469.86
905392,7006600,31304,4,534.79
905393,7005684,30861,9,1090.93
905394,7003714,30984,1,875.61
905395,7001884,31475,4,358.36
905396,7003220,31417,7,322.45
905397,7009569,30675,9,156.04
905398,7003479,31094,3,326.66
905399,7011992,31409,9,456.26
905400,7009624,30125,8,131.45
905401,7003689,30323,10,289.17
905402,7003776,31446,8,858.57
905403,7005475,31386,3,1014.12
905404,7001702,31346,11,400.62
905405,7005584,30898,4,756.98
905406,7007332,30040,8,219.86
905407,7014510,30532,5,682.61
905408,7014722,31200,11,497.13
905409,7004317,31319,5,90.68
905410,7009016,31282,-6,877.05
905411,7012234,31236,5,970.01
905412,7006420,31095,1,1012.35
905413,7003867,31462,10,838.09
905414,7011000,31263,2,643.15
905415,7011245,31468,11,489.25
905416,7008131,30890,12,1194.73
905417,7005038,30594,1,379.81
905418,7010966,30259,8,1152.93
905419,7002948,30308,3,250.55
905420,7013022,30457,12,627.62
905421,7010619,31389,10,744.33
905422,7012335,30239,-12,433.99
905423,7007050,31256,12,1073.28
905424,7014331,30121,11,197.04
905425,7008122,31274,5,1112.55
905426,7014212,31371,2,180.7
905427,7006004,30629,3,435.68
905428,7010114,30021,7,149.18
905429,7007726,31258,6,
905430,7011596,30137,6,540.46
905431,7008259,30731,1,845.12
905432,7007632,30681,8,78.84
905433,7005176,30711,6,934.13
905434,7011221,30881,5,96.51
905435,7001376,31195,9,1125.06
905436,7005869,30679,5,12.91
905437,7013088,31056,8,319.04
905438,7008292,31260,10,945.98
905439,7013884,30744,3,881.21
905440,7008612,31180,10,306.71
905441,7005899,30408,8,709.63
905442,7006671,30246,10,178.34
905443,7005500,30734,6,41.92
905444,7002033,30740,11,520.34
905445,7006520,30206,2,704.72
905446,7012978,30171,8,846.91
905447,7011365,31085,1,517.92
905448,7011854,30753,6,664.97
905449,7001573,30736,10,602.55
905450,7001877,30088,12,633.48
905451,7011929,30396,3,300.89
905452,7010008,30382,11,1182.2
905453,7013812,31221,9,740.0
905454,7012582,30646,9,
905455,7006966,30350,11,83.47
905456,7009510,31448,10,858.84
905457,7011118,30094,3,238.48
905458,7003814,31208,5,328.51
905459,7014115,30003,11,1071.88
905460,7005709,30005,9,80.97
905461,7006229,30067,5,670.32
905462,7000110,30651,9,1091.68
905463,7002428,30527,2,843.87
905464,7001705,30452,2,340.67
905465,7007504,30034,8,616.82
905466,7007220,30825,7,
905467,7010754,31141,9,886.78
905468,7007939,30552,11,825.18
905469,7014554,30751,3,794.42
905470,7013858,30912,5,299.48
905471,7008794,31377,1,210.49
905472,7014945,30378,6,63.99
905473,7014190,30904,4,726.11
905474,7011055,31142,9,800.6
905475,7007201,30388,7,1055.22
905476,7013879,30452,6,815.93
905477,7001246,30324,9,914.52
905478,7010541,30213,2,1099.88
905479,7005009,31408,6,973.14
905480,7005179,30103,8,1003.2
905481,7009663,30051,2,700.17
905482,7009325,31159,10,406.79
905483,7010220,31467,9,451.56
905484,7007392,31014,10,27.27
905485,7004417,30174,1,451.88
905486,7005906,30989,12,710.73
905487,7009999,30176,3,1173.51
905488,7002682,30125,12,445.5
905489,7011279,30354,11,995.88
905490,7014001,30998,-5,713.32
905491,7011972,31036,2,1083.46
905492,7014956,31309,8,889.5
905493,7007035,30977,12,747.6
905494,7010309,30127,5,869.79
905495,7000554,30597,5,670.6
905496,7001979,30486,4,757.92
905497,7004712,30988,12,781.51
905498,7004641,30447,5,1175.61
905499,7003569,31280,10,1126.23
905500,7011578,30929,12,698.9
905501,7007988,30901,8,696.13
905502,7011638,31328,2,963.71
905503,7013544,30553,7,667.53
905504,7001556,30939,7,534.86
905505,7001108,30531,10,1026.62
905506,7001103,30385,11,951.59
905507,7008355,30241,12,
905508,7009917,30508,3,417.44
905509,7004716,30227,11,1008.55
905510,7011312,31371,10,125.5
905511,7010388,30563,1,733.87
905512,7013433,31228,9,860.15
905513,7014664,31500,1,592.48
905514,7010239,31409,1,683.05
905515,7008138,30270,2,962.4
905516,7004111,30329,4,779.48
905517,7013014,30650,2,817.43
905518,7007572,30871,7,575.77
905519,7013261,30179,10,274.19
905520,7011945,30655,-11,168.11
905521,7007633,31311,8,561.08
905522,7013015,31452,7,867.17
905523,7007602,30418,2,
905524,7004264,30008,2,19.18
905525,7005630,30914,4,704.88
905526,7009450,30595,9,294.78
905527,7000621,30693,5,1049.12
905528,7007541,30160,12,672.44
905529,7009357,30879,11,56.9
905530,7005441,31346,11,59.41
905531,7011987,31218,3,1154.18
905532,7011924,31451,-5,995.02
905533,7007889,30220,1,142.06
905534,7001410,30096,5,
905535,7002101,31301,7,96.34
905536,7004330,31248,6,197.76
905537,7012366,31364,8,964.61
905538,7001229,30146,8,717.1
905539,7002202,30122,8,740.78
905540,7009087,30732,11,671.3
905541,7005682,30005,3,678.16
905542,7006880,30224,10,191.96
905543,7005339,30989,11,897.0
905544,7001904,30122,12,776.45
905545,7003967,30708,4,1062.82
905546,7005474,30931,1,161.77
905547,7009660,30212,5,1024.71
905548,7005561,30972,11,1042.59
905549,7008681,30332,8,529.89
905550,7005418,30428,7,204.89
905551,7001393,30463,11,685.79
905552,7012924,30741,5,33.1
905553,7009002,31358,10,184.42
905554,7013689,30800,5,1170.67
905555,7002799,30398,11,1167.21
905556,7010399,31098,10,908.46
905557,7007455,31164,11,1168.91
905558,7007635,30218,1,75.02
905559,7005396,30825,9,427.89
905560,7010379,30838,3,577.07
905561,7012842,30954,2,140.55
905562,7003519,30135,12,86.22
905563,7002369,30137,11,31.33
905564,7011830,31321,4,101.62
905565,7004860,30144,-1,993.57
905566,7011454,31124,-8,872.74
905567,7003713,31016,8,38.12
905568,7007754,30381,9,781.79
905569,7014090,30666,9,174.39
905570,7006321,30388,8,1111.17
905571,7013136,30238,11,332.88
905572,7010734,30789,2,750.86
905573,7000198,31369,12,984.86
905574,7005091,31133,11,
905575,7008389,31421,-12,247.04
905576,7014174,30879,5,768.58
905577,7002197,30147,8,112.76
905578,7012861,30099,3,518.66
905579,7002718,31247,6,737.12
905580,7000817,30428,11,421.29
905581,7001309,31193,10,975.74
905582,7006156,30644,10,711.77
905583,7013257,30148,4,726.18
905584,7014549,31069,9,1154.0
905585,7014491,31295,11,1132.44
905586,7006538,30142,1,340.32
905587,7001798,31150,12,372.66
905588,7009389,30316,7,224.93
905589,7012083,30436,3,1009.03
905590,7007189,31146,12,222.99
905591,7008549,30725,1,813.66
905592,7000950,31160,7,730.75
905593,7011272,31297,10,1088.0
905594,7003343,31136,6,439.61
905595,7007675,31159,6,106.02
905596,7002545,30652,12,1149.78
905597,7007566,31410,5,1174.47
905598,7007182,30207,2,909.11
905599,7010103,31069,9,14.81
905600,7005591,30982,4,484.14
905601,7001432,30296,6,627.8
905602,7001205,30262,12,309.14
905603,7009713,31465,11,481.07
905604,7007512,31294,5,262.05
905605,7002509,30807,12,1046.02
905606,7013164,30420,8,
905607,7005785,30839,11,98.53
905608,7009869,30084,10,713.28
905609,7003337,31316,3,385.87
905610,7014829,31300,6,1098.26
905611,7000147,30238,5,819.65
905612,7013181,30299,7,262.78
905613,7009164,30513,12,641.47
905614,7006854,30551,2,44.85
905615,7004086,30171,7,933.44
905616,7012419,31334,1,512.32
905617,7004459,30329,3,304.43
905618,7011416,30060,7,1193.16
905619,7012973,31386,8,827.65
905620,7004745,30315,3,1184.1
905621,7004245,30109,1,
905622,7007907,31395,1,642.71
905623,7009864,30462,5,96.26
905624,7001552,31156,6,643.01
905625,7013774,31128,5,326.15
905626,7013608,30613,6,428.54
905627,7012229,30889,2,
905628,7011394,30614,12,988.12
905629,7000269,30802,1,945.76
905630,7004421,30213,1,
905631,7004542,30136,4,723.35
905632,7004834,30511,1,393.79
905633,7007316,30302,6,739.52
905634,7013436,31199,6,611.16
905635,7002428,31030,1,1188.96
905636,7011073,30874,4,145.02
905637,7014671,30707,8,
905638,7010348,30571,9,1144.52
905639,7002108,31325,5,1072.39
905640,7012947,30724,11,930.01
905641,7001483,30563,2,1019.3
905642,7014625,30041,1,625.8
905643,7006610,30491,6,159.43
905644,7009814,30523,5,798.4
905645,7007363,30907,2,1116.71
905646,7014888,30148,2,857.22
905647,7013757,31033,5,425.48
905648,7001448,30778,6,495.9
905649,7008939,30562,9,501.82
905650,7002514,30306,2,239.79
905651,7011460,30971,1,401.31
905652,7010563,30554,7,762.31
905653,7001386,31113,4,945.71
905654,7002774,31278,10,194.37
905655,7012164,30102,5,488.64
905656,7007931,30543,11,1129.39
905657,7008844,30099,8,917.87
905658,7014794,30702,5,127.9
905659,7000989,30945,5,1189.19
905660,7001920,30652,11,55.9
905661,7000983,31090,7,706.81
905662,7003686,31224,7,667.46
905663,7007462,30215,2,582.84
905664,7014523,31434,6,1152.66
905665,7008000,30213,6,571.58
905666,7003630,30996,11,1109.64
905667,7011205,30623,8,617.39
905668,7008828,30729,5,923.82
905669,7004945,30067,1,1018.65
905670,7006526,30231,6,997.47
905671,7009374,30831,10,125.19
905672,7002324,30507,2,575.99
905673,7014406,30792,9,428.3
905674,7006268,31303,10,457.09
905675,7006393,31448,8,243.54
905676,7008780,30297,9,917.19
905677,7013313,30129,11,351.31
905678,7001169,30079,4,1131.11
905679,7012121,31270,7,953.42
905680,7013855,30665,6,1087.61
905681,7011925,30745,7,319.52
905682,7011156,30016,5,524.57
905683,7012942,31315,4,685.36
905684,7002776,30330,12,381.42
905685,7013573,30646,4,1094.36
905686,7003733,30817,1,412.3
905687,7003401,30665,6,29.73
905688,7014999,30535,6,491.95
905689,7012956,30642,1,164.86
905690,7014609,31281,3,320.22
905691,7012224,31335,6,189.99
905692,7014975,30173,6,50.49
905693,7002802,31115,6,322.16
905694,7001675,31355,1,391.89
905695,7011118,31268,11,693.84
905696,7000155,31489,2,786.08
905697,7003385,30189,7,495.44
905698,7002708,31154,4,453.21
905699,7008666,30364,7,103.11
905700,7011126,30796,8,369.91
905701,7005602,30687,9,530.97
905702,7005546,30175,12,879.3
905703,7001100,31242,9,362.5
905704,7010543,30048,3,505.63
905705,7000280,31263,3,1100.66
905706,7008113,30280,10,
905707,7008711,30555,8,328.53
905708,7011936,30590,8,361.37
905709,7003943,30754,2,910.25
905710,7000270,30206,4,237.37
905711,7013317,30203,5,823.13
905712,7002460,30730,4,1126.32
905713,7013060,30803,2,965.15
905714,7009909,31303,3,685.46
905715,7007369,30281,-6,379.89
905716,7000500,30207,1,798.6
905717,7006833,30233,11,264.29
905718,7002191,30601,-1,958.37
905719,7004012,30186,2,117.93
905720,7011247,30485,11,1103.66
905721,7014186,30352,7,855.28
905722,7002006,31120,7,589.25
905723,7011939,30218,1,319.48
905724,7004838,30354,4,363.84
905725,7012846,31229,1,414.94
905726,7012811,31363,10,796.77
905727,7008868,30308,4,276.06
905728,7013743,30313,11,453.13
905729,7008072,30859,5,878.74
905730,7013549,30927,4,1044.89
905731,7011291,31211,9,622.26
905732,7007763,31320,7,550.71
905733,7014146,31372,2,1068.98
905734,7008009,31450,4,672.93
905735,7009342,30213,6,34.83
905736,7000916,30050,10,550.66
905737,7006890,31255,5,
905738,7003701,31489,11,880.04
905739,7010265,30992,6,386.87
905740,7001528,30731,2,906.29
905741,7010159,31291,6,
905742,7004035,31086,10,35.0
905743,7009143,31316,2,494.68
905744,7007200,30178,5,55.6
905745,7003552,31210,1,431.92
905746,7000492,31218,3,863.06
905747,7009894,30660,12,587.82
905748,7008866,30414,1,33.01
905749,7003770,30189,11,628.54
905750,7007931,30425,3,154.35
905751,7004137,31486,2,595.76
905752,7000046,30361,5,200.96
905753,7014170,30562,11,71.2
905754,7005954,30608,2,843.21
905755,7002822,31077,10,725.1
905756,7007554,30675,1,1140.49
905757,7008424,30100,10,427.86
905758,7003887,30988,5,998.5
905759,7014242,31043,5,596.84
905760,7003110,30382,1,974.94
905761,7014012,30806,10,1110.93
905762,7012661,31336,5,
905763,7011120,30568,11,387.92
905764,7003023,30192,6,636.88
905765,7012397,31307,9,743.81
905766,7007955,30911,3,
905767,7001387,30195,8,274.75
905768,7006699,30991,11,661.03
905769,7002231,30291,4,1084.37
905770,7005511,30051,9,845.69
905771,7013827,30843,12,221.4
905772,7007432,30837,1,615.21
905773,7006049,30674,6,211.03
905774,7005979,30294,9,916.47
905775,7003464,31136,3,429.88
905776,7010784,30415,8,957.0
905777,7011928,30978,12,593.36
905778,7013410,31392,6,611.66
905779,7005759,30119,10,71.94
905780,7004557,30092,1,995.83
905781,7007422,30774,5,903.36
905782,7008340,30702,1,1014.78
905783,7010273,30083,1,115.8
905784,7000030,30406,8,240.12
905785,7011901,30776,10,88.01
905786,7007838,30626,4,825.5
905787,7012689,31465,8,859.74
905788,7007635,30563,5,975.61
905789,7013682,31226,4,627.55
905790,7013190,30817,9,522.64
905791,7004343,31297,8,79.77
905792,7001176,30052,8,689.59
905793,7013069,30814,10,596.04
905794,7000438,30526,5,570.31
905795,7001265,30130,7,1096.11
905796,7002619,31063,3,341.48
905797,7010454,30721,8,79.83
905798,7005332,30091,7,303.77
905799,7003608,30041,3,861.87
905800,7004798,30382,11,695.42
905801,7000150,30743,4,1089.19
905802,7000839,31106,11,
905803,7011987,30469,4,450.32
905804,7012307,30802,9,885.66
905805,7012688,31490,3,849.78
905806,7006558,31371,-1,565.12
905807,7002999,30163,8,836.25
905808,7002132,31430,7,525.42
905809,7002937,30295,12,157.44
905810,7013985,30856,11,446.81
905811,7014743,30626,5,1080.5
905812,7010983,30399,2,697.47
905813,7007805,30664,10,529.85
905814,7002769,30436,7,181.18
905815,7007053,31197,1,482.12
905816,7008650,30214,3,299.85
905817,7014422,30359,3,
905818,7010914,31030,5,521.67
905819,7008494,30640,2,360.36
905820,7009160,30389,5,1079.36
905821,7002620,30134,6,148.09
905822,7008166,30062,3,637.5
905823,7005997,30973,7,399.89
905824,7007590,30221,2,491.63
905825,7000202,31201,1,872.37
905826,7012189,31189,9,758.79
905827,7001361,30951,11,296.92
905828,7013779,31436,2,919.83
905829,7007278,31362,12,528.52
905830,7004967,30807,9,257.06
905831,7007372,31353,3,698.85
905832,7013847,31241,7,739.15
905833,7011433,30600,8,675.57
905834,7014594,31033,3,
905835,7000083,30719,2,270.57
905836,7011615,30249,7,185.84
905837,7000317,30177,11,922.44
905838,7001706,31271,9,810.91
905839,7001931,30516,7,344.53
905840,7002516,30936,1,512.73
905841,7012654,31083,12,681.98
905842,7001872,31449,1,760.5
905843,7013215,31350,12,
905844,7000640,30985,2,821.42
905845,7004267,31063,10,370.65
905846,7010449,31274,4,159.83
905847,7011023,30017,7,906.15
905848,7003452,30933,9,686.06
905849,7014416,31364,8,816.78
905850,7001118,30005,1,1013.64
905851,7007929,31220,10,
905852,7004141,31174,11,233.98
905853,7014055,30555,11,452.66
905854,7002892,30078,9,633.87
905855,7003381,31331,1,516.33
905856,7008528,30061,11,1008.11
905857,7007175,30382,7,513.79
905858,7004667,30908,-6,
905859,7006387,31421,11,874.57
905860,7012601,31431,1,960.33
905861,7000837,30330,3,930.31
905862,7012773,30074,11,429.79
905863,7002825,31264,2,164.42
905864,7010973,30900,2,472.65
905865,7002843,30505,9,309.99
905866,7004361,30132,8,
905867,7012409,31056,11,828.3
905868,7004317,31167,4,332.12
905869,7014016,30860,1,996.93
905870,7006490,30377,9,806.2
905871,7010656,30839,10,765.95
905872,7007597,31076,3,629.46
905873,7003915,30029,5,1076.53
905874,7010026,30284,7,1115.14
905875,7001114,31362,6,1068.09
905876,7005770,31183,7,211.54
905877,7001304,30542,10,
905878,7012044,31235,11,968.83
905879,7004107,30230,7,146.69
905880,7007312,30983,11,379.92
905881,7000324,30376,9,722.3
905882,7008599,31359,2,800.34
905883,7011439,30456,1,777.07
905884,7013942,30354,9,1197.13
905885,7013108,30480,5,661.01
905886,7012190,30271,2,705.2
905887,7000751,30552,5,236.21
905888,7003508,30439,4,
905889,7006252,30124,6,780.95
905890,7012267,30964,10,869.73
905891,7005653,30158,5,33.75
905892,7008557,31077,3,
905893,7010703,30186,9,229.94
905894,7012933,30613,11,484.4
905895,7002428,30356,10,586.04
905896,7002957,30186,12,336.84
905897,7009571,31259,9,1186.57
905898,7002429,30493,3,436.8
905899,7010267,30202,11,127.91
905900,7004335,31270,1,888.84
905901,7007874,30628,6,690.03
905902,7008887,30908,9,628.35
905903,7005191,31407,1,533.63
905904,7002017,30069,8,843.02
905905,7011548,30757,7,160.47
905906,7014196,30318,11,433.1
905907,7002250,31072,1,574.64
905908,7012429,30400,11,729.01
905909,7001191,30101,-4,432.66
905910,7012956,31011,3,762.42
905911,7012068,30635,8,455.02
905912,7008443,30860,7,1099.74
905913,7008124,30354,9,976.08
905914,7014586,30841,12,594.17
905915,7006224,30291,11,1023.77
905916,7004360,31247,8,227.38
905917,7010866,30706,6,102.16
905918,7002625,31333,12,255.91
905919,7012095,30763,12,158.94
905920,7010858,30354,5,
905921,7001193,30072,2,637.98
905922,7003413,31272,12,1033.73
905923,7012925,30956,5,995.6
905924,7003241,30340,7,752.71
905925,7001160,30898,9,252.51
905926,7004230,30736,7,773.77
905927,7008982,30214,11,402.59
905928,7003237,30154,9,616.99
905929,7010296,30581,4,1198.24
905930,7004162,30715,5,504.54
905931,7013702,30212,6,863.68
905932,7005241,30464,3,398.65
905933,7002980,30146,10,869.54
905934,7014591,31305,2,260.74
905935,7011582,31480,3,92.14
905936,7003606,31373,4,100.44
905937,7004233,30255,1,307.13
905938,7009413,30917,3,759.18
905939,7012426,30143,6,368.43
905940,7014613,31407,7,376.6
905941,7013991,31240,11,317.39
905942,7009035,31255,4,548.03
905943,7003655,30489,12,120.49
905944,7012661,30048,9,1144.95
905945,7007853,30140,8,794.1
905946,7000213,31412,1,901.23
905947,7001224,31040,8,10.68
905948,7012853,30833,2,487.9
905949,7007137,30725,1,875.49
905950,7014986,30749,9,705.77
905951,7012134,30302,6,252.03
905952,7005496,30455,8,182.52
905953,7012513,30587,5,1103.0
905954,7014674,31297,3,221.49
905955,7011693,31088,9,123.12
905956,7007049,30667,6,206.73
905957,7014220,30266,2,1043.81
905958,7006294,31242,10,699.02
905959,7003565,30818,9,532.72
905960,7010959,30531,3,562.48
905961,7001415,31202,3,281.74
905962,7000620,30134,12,184.29
905963,7009439,30407,7,386.59
905964,7014542,31460,7,1081.46
905965,7010630,30629,10,78.5
905966,7007911,30780,6,356.04
905967,7005699,30332,9,521.94
905968,7008914,30272,8,317.91
905969,7005547,30307,8,98.39
905970,7014863,30152,7,759.91
905971,7008542,31276,4,828.62
905972,7003830,30295,7,316.66
905973,7012454,31069,-4,562.41
905974,7007752,30600,1,339.79
905975,7009734,31240,1,232.28
905976,7003803,30922,9,236.93
905977,7007701,31011,7,528.54
905978,7012880,30515,2,340.49
905979,7011760,30649,11,431.6
905980,7012425,30396,11,611.08
905981,7002108,30480,8,276.27
905982,7007085,31408,8,568.87
905983,7014833,31291,12,567.27
905984,7012898,31395,9,354.9
905985,7006123,30514,5,477.11
905986,7011135,31310,8,200.54
905987,7004982,30930,8,1048.9
905988,7005046,30275,4,183.33
905989,7013259,30333,9,370.16
905990,7000955,30596,4,894.06
905991,7001809,30593,7,1070.86
905992,7008558,30089,9,329.6
905993,7005933,31322,11,385.87
905994,7012642,30200,8,944.27
905995,7011361,30752,3,771.47
905996,7004471,31141,2,777.17
905997,7004500,30019,10,562.88
905998,7012667,30321,11,699.07
905999,7011398,30884,8,166.36
906000,7007126,30542,9,496.48
906001,7009161,30745,10,343.22
906002,7012064,30872,10,1137.89
906003,7007344,30378,12,58.64
906004,7008784,30976,7,228.48
906005,7013843,30951,2,681.55
906006,7006201,30986,2,98.64
906007,7002224,30400,7,776.75
906008,7001866,30753,8,701.86
906009,8000005,30466,12,541.63
906010,7002133,30905,3,
906011,7004511,30992,1,314.04
906012,7001048,31487,9,656.52
906013,7005059,30576,7,19.96
906014,7008945,30123,6,73.88
906015,7007894,30088,10,973.86
906016,7011291,30915,9,517.11
906017,7009056,31091,9,
906018,7007060,30927,-2,276.59
906019,7005197,31360,8,999.61
906020,7002034,30460,12,1167.45
906021,7013301,30472,3,865.58
906022,7008004,30208,5,162.41
906023,7009438,30986,10,604.09
906024,7012209,30592,8,1111.2
906025,7012891,30844,8,784.15
906026,7007572,30931,4,384.59
906027,7011878,31449,5,87.66
906028,7002231,30862,11,360.38
906029,7000015,31217,3,996.45
906030,7010329,30100,4,144.9
906031,7006292,31099,2,925.96
906032,7001200,30285,6,259.41
906033,7013140,30838,2,1060.87
906034,7012205,30834,4,1053.05
906035,7006481,31489,7,322.77
906036,7001297,30420,2,1000.02
906037,7009518,30234,2,1027.01
906038,7002959,31000,12,32.08
906039,7001330,30676,-8,417.12
906040,7012628,31107,10,670.34
906041,7009082,30453,11,
906042,7005467,30338,11,144.58
906043,7011252,30650,2,725.6
906044,7010333,31429,6,420.24
906045,7000202,30345,1,702.08
906046,7002351,31069,7,786.56
906047,7012468,30923,7,322.46
906048,7003090,30699,5,905.78
906049,7007827,31296,1,833.61
906050,7006966,30330,4,1046.96
906051,7003455,31094,5,47.91
906052,7006140,31137,7,
906053,7010531,30358,6,32.92
906054,7014293,30101,11,451.43
906055,7008393,30721,5,643.96
906056,7001732,30696,3,1151.97
906057,7002208,30573,1,648.53
906058,7008480,30701,10,26.28
906059,7005319,30887,1,253.8
906060,7011276,30198,4,35.11
906061,7012426,30182,1,461.66
906062,7009356,30559,1,382.02
906063,7004553,30412,2,325.45
906064,7009852,31345,8,274.6
906065,7009973,30816,2,415.77
906066,7014397,31453,8,292.77
906067,7010900,31212,5,
906068,7014964,30892,12,589.49
906069,7000594,30973,12,573.15
906070,7004128,30569,12,1125.7
906071,7002077,31145,11,1172.32
906072,7002657,30514,9,153.73
906073,7009597,30666,2,18.1
906074,7005374,30065,11,
906075,7009864,31332,3,268.42
906076,7004192,30253,9,599.12
906077,7014892,30066,12,535.25
906078,7001151,30414,6,918.15
906079,7007158,30289,11,1105.7
906080,7006416,30632,2,927.4
906081,7007480,31274,6,392.92
906082,7000681,30294,11,938.56
906083,7007329,30902,8,1188.18
906084,7008815,30702,3,341.61
906085,7010482,30620,11,317.88
906086,7006789,30840,10,717.19
906087,7013622,31392,2,
906088,7003916,30236,6,446.72
906089,7010770,31184,3,436.5
906090,7010798,30167,7,684.84
906091,7004714,31434,3,701.59
906092,7002320,31134,1,516.0
906093,7001419,30191,2,1146.97
906094,7014711,31484,5,376.4
906095,7011646,30998,6,42.05
906096,7013811,30388,6,1014.67
906097,7000456,30150,3,390.02
906098,7007640,30937,6,978.98
906099,7002141,31451,4,175.68
906100,7001137,30732,6,1152.4
906101,7003836,31357,6,819.49
906102,7001541,30014,10,571.64
906103,7009610,31168,3,680.42
906104,7010395,30295,6,1176.1
906105,7009395,31209,11,847.66
906106,7011181,30288,4,938.44
906107,7009615,30953,5,1171.46
906108,7001243,31291,-8,592.62
906109,7006898,31118,7,655.21
906110,7009789,30421,3,1051.79
906111,7009555,30876,7,376.29
906112,7012216,31021,8,1029.18
906113,7005191,31337,2,752.0
906114,7004553,30855,10,246.7
906115,7000469,30493,4,294.63
906116,7002078,30809,5,667.03
906117,7001921,30465,3,979.93
906118,7007276,30886,10,616.89
906119,7001477,30368,7,371.78
906120,7007191,30420,9,1028.56
906121,7008475,31035,5,524.54
906122,7013537,31250,12,1109.13
906123,7011169,30066,4,111.31
906124,7006705,30971,9,680.04
906125,7009516,30076,7,611.76
906126,7000669,30400,11,792.49
906127,7012591,30802,10,110.87
906128,7007865,30253,12,1111.83
906129,7004358,30105,12,492.82
906130,7013203,30961,7,46.04
906131,7013786,31475,12,617.02
906132,7009543,30739,2,1062.37
906133,7009006,30786,6,902.78
906134,7007497,30384,1,677.12
906135,7008705,30950,2,
906136,7006252,31238,6,169.18
906137,7002812,30824,8,1064.12
906138,7003659,30337,12,355.07
906139,7010183,31171,12,866.66
906140,7004369,30027,1,
906141,7006071,30225,6,869.47
906142,7007477,31027,1,688.09
906143,7000650,30186,4,451.66
906144,7009241,30315,6,310.78
906145,7002395,30741,2,1070.9
906146,7002611,31043,2,986.35
906147,7002997,30065,7,401.28
906148,7013651,30052,11,211.44
906149,7002096,30714,1,390.64
906150,7011056,30679,7,662.23
906151,7003966,31495,5,825.51
906152,7007781,30451,11,775.12
906153,7013306,30033,4,521.19
906154,7004087,30675,5,551.57
906155,7000988,30036,10,143.52
906156,7007405,30695,12,596.45
906157,7011552,30666,7,193.45
906158,7009269,31314,5,992.01
906159,7013869,31267,3,218.56
906160,7008957,30127,11,176.81
906161,7014931,30681,10,40.69
906162,7013833,31184,10,944.56
906163,7011281,30618,7,213.14
906164,7012553,30629,9,586.17
906165,7001089,30057,12,785.76
906166,7010748,30599,8,760.1
906167,7010696,30572,6,976.32
906168,7003466,30565,6,667.86
906169,7013126,31003,1,836.62
906170,7003484,30687,6,599.45
906171,7014086,30875,1,491.89
906172,7002033,30700,8,
906173,7001403,30663,1,272.75
906174,7004013,30801,6,1183.31
906175,7005004,30596,5,709.59
906176,7003241,30363,2,205.81
906177,7014664,31104,8,530.65
906178,7006171,30114,4,520.19
906179,7011713,31194,10,1165.2
906180,7010140,31310,12,256.62
906181,7014089,31132,5,757.3
906182,7005316,31442,8,584.82
906183,7007301,30192,8,833.06
906184,7001694,30095,2,214.85
906185,7004622,31499,3,669.07
906186,7001066,30845,1,925.42
906187,7002660,30846,1,
906188,7014081,31434,10,828.83
906189,7002724,30743,10,
906190,7011208,30163,11,
906191,7002480,30964,3,715.04
906192,7010298,30126,8,593.67
906193,7004397,31341,12,264.99
906194,7007310,30469,2,985.99
906195,7003112,30492,11,515.47
906196,7006391,31183,5,257.39
906197,7007373,31308,9,541.19
906198,7006155,30455,5,112.59
906199,7001717,30870,6,851.18
906200,7003203,30519,11,1022.01
906201,7010317,30850,10,1140.87
906202,7002826,31277,12,1021.64
906203,7012886,30472,1,286.69
906204,7011683,30696,6,1135.4
906205,7001741,30154,10,195.23
906206,7013452,31403,9,356.62
906207,7005353,30814,6,40.96
906208,7005909,31473,9,982.38
906209,7010878,31411,4,
906210,7001047,30660,10,850.85
906211,7011083,30722,9,972.01
906212,7009467,31028,6,85.92
906213,7010077,31344,8,820.67
906214,7001488,30554,9,
906215,7005143,30396,9,903.45
906216,7001993,31048,8,457.99
906217,7010290,31291,7,726.92
906218,7011908,30616,10,586.82
906219,7007202,31432,7,923.42
906220,7001183,30663,12,38.21
906221,7008103,30021,5,1014.98
906222,7008254,31336,1,767.22
906223,7004866,30575,2,244.02
906224,7007238,30444,7,716.42
906225,7000454,30303,6,516.78
906226,7007996,30232,5,1090.74
906227,7008497,30099,9,861.85
906228,7007838,30868,5,426.1
906229,7002308,31393,7,804.33
906230,7010932,31177,4,637.13
906231,7001123,31244,1,136.49
906232,7005586,30902,8,538.72
906233,7009848,30580,1,447.36
906234,7007079,30622,12,1170.05
906235,7009833,30240,7,801.3
906236,7002942,31426,5,
906237,7004383,30184,1,281.38
906238,7009171,31007,2,1114.8
906239,7006849,31218,7,646.16
906240,7011855,31318,12,837.38
906241,7007638,30479,5,813.64
906242,7013039,30949,-12,491.98
906243,7002591,30982,3,276.96
906244,7004440,30896,6,17.25
906245,7004722,30762,1,100.58
906246,7007121,31363,3,515.87
906247,7003480,31458,6,584.47
906248,7011373,31008,12,924.86
906249,7002292,30100,1,100.45
906250,7002471,31416,7,471.09
906251,7001736,31018,4,1182.92
906252,7005476,30049,11,421.84
906253,7009961,30302,3,852.89
906254,7004256,31441,2,1199.81
906255,7002957,31282,8,183.02
906256,7013021,31140,3,696.79
906257,7005009,31143,9,452.12
906258,7005923,30153,4,483.01
906259,7007218,30702,12,1008.24
906260,7003396,31170,2,640.37
906261,7012254,31320,4,670.02
906262,7013578,30619,7,95.79
906263,7006318,31385,12,1107.0
906264,7012258,30404,5,1123.58
906265,7002924,30099,5,460.01
906266,7001446,30117,1,974.63
906267,7004168,30936,5,522.72
906268,7007940,31443,5,1065.29
906269,7002124,30490,7,713.31
906270,7008434,31106,12,1081.42
906271,7001615,30072,8,45.36
906272,7002769,30177,11,75.07
906273,7001273,30143,2,1054.91
906274,7014212,30465,6,915.84
906275,7005838,30481,12,587.48
906276,7001511,30824,7,710.3
906277,7006692,31237,4,197.04
906278,7013069,31215,7,739.82
906279,7012957,31251,11,636.21
906280,7007680,30023,6,710.03
906281,7014052,30474,10,200.23
906282,7003876,30177,4,350.78
906283,7003208,31056,12,473.27
906284,7003445,30175,3,1116.09
906285,7013930,30009,9,243.68
906286,7014411,30850,1,229.61
906287,7014301,31498,7,305.9
906288,7001159,31122,2,895.53
906289,7002744,30311,3,1177.8
906290,7003027,30635,4,1128.59
906291,7014362,30364,4,69.6
906292,7010553,31128,5,238.79
906293,7012377,30789,3,262.73
906294,7004562,30695,12,1113.89
906295,7014052,30991,5,730.28
906296,7000559,30305,5,1009.38
906297,7003776,30341,11,338.83
906298,7012981,31296,4,293.54
906299,7010985,31341,-4,440.32
906300,7009391,30104,12,30.02
906301,7004809,30457,6,47.79
906302,7001243,30237,5,
906303,7012679,30199,8,445.31
906304,7003137,31257,11,727.11
906305,7013772,31323,3,362.11
906306,7007238,31329,8,1026.72
906307,7000105,30698,4,1092.42
906308,7001082,30134,2,100.29
906309,7014159,30213,5,668.12
906310,7014643,30105,12,397.61
906311,7005078,30548,8,
906312,7001077,31475,2,64.68
906313,7007004,30701,1,455.61
906314,7004281,30658,2,47.19
906315,7008156,30374,4,974.25
906316,7010703,31393,8,289.1
906317,7012109,30076,9,321.07
906318,7003655,31122,6,60.82
906319,7011374,30657,3,476.37
906320,7000775,30305,5,1048.38
906321,7009368,30994,9,126.85
906322,7007840,31472,10,1034.95
906323,7006052,31140,5,548.57
906324,7003658,31012,4,903.32
906325,7002011,30918,5,951.77
906326,7007717,31308,4,616.24
906327,7009507,30181,5,716.74
906328,7008473,30827,1,487.78
906329,7006148,30588,2,382.87
906330,7008686,30343,10,117.27
906331,7002635,31255,5,125.05
906332,7005336,30677,2,106.37
906333,7011588,30837,4,815.73
906334,7001087,31435,7,99.7
906335,7013023,30357,7,113.27
906336,7004636,30794,4,886.15
906337,7005473,30945,6,499.06
906338,7010723,30446,4,962.94
906339,7007752,30319,9,52.66
906340,7005105,31222,2,875.61
906341,7010702,30793,-12,681.58
906342,7007291,30872,1,213.41
906343,7012755,30044,10,448.4
906344,7009825,31198,4,608.75
906345,7010073,30448,3,887.55
906346,7000308,30448,7,915.35
906347,7014681,30025,5,662.48
906348,7014997,31385,1,1189.0
906349,7009459,30892,9,313.58
906350,7001618,30836,5,61.52
906351,7004284,30522,4,925.74
906352,7012638,30571,12,43.68
906353,7003864,31174,6,707.91
906354,7004912,30880,9,237.67
906355,7014219,31379,12,844.4
906356,7012741,30834,7,967.25
906357,7007996,30901,11,722.76
906358,7009063,30145,10,876.6
906359,7003705,31300,7,694.96
906360,7013956,30559,7,209.87
906361,7002292,30796,2,1114.76
906362,7008137,31149,3,231.62
906363,7012085,30618,4,825.68
906364,7010546,30597,4,808.3
906365,7013306,31115,9,616.49
906366,7005084,30030,3,710.98
906367,7005665,30390,6,1123.37
906368,7013541,31368,5,580.79
906369,7001888,31143,7,98.64
906370,7010428,30287,11,429.96
906371,7006683,30086,7,750.32
906372,7014234,30581,8,1111.73
906373,7001790,30754,7,927.37
906374,7010452,30194,8,13.44
906375,7014975,31329,11,692.9
906376,7011066,30675,7,1040.79
906377,7010951,31122,11,144.62
906378,7000235,31207,5,768.36
906379,7008575,31326,12,354.68
906380,7012876,31348,3,277.16
906381,7002346,30923,3,883.14
906382,7008601,31044,6,692.83
906383,7008634,30197,5,277.92
906384,7010577,30972,7,746.77
906385,7001433,30198,2,453.56
906386,7004374,31091,3,495.01
906387,7011511,30183,12,1143.0
906388,7007446,30019,3,222.78
906389,7013555,30463,6,150.58
906390,7004688,30174,-7,1046.37
906391,7010221,31106,5,858.78
906392,7013535,31280,8,711.86
906393,7010165,30573,6,260.9
906394,7002434,31117,6,477.63
906395,7012798,31325,7,592.27
906396,7009110,31143,9,280.55
906397,7007873,30467,10,367.64
906398,7003194,31103,12,1172.36
906399,7014496,31207,6,299.02
906400,7013208,31291,9,531.09
906401,7009726,30824,8,539.63
906402,7013392,30014,3,1167.56
906403,7011157,30299,12,204.24
906404,7006419,30536,10,388.96
906405,7014128,30888,11,132.15
906406,7006316,30172,12,68.2
906407,7007010,30352,7,922.62
906408,7007343,30929,3,838.04
906409,7010079,30888,3,681.69
906410,7008252,30055,6,
906411,7003152,30694,11,923.61
906412,7008401,30155,1,1054.73
906413,7008976,31424,7,1142.16
906414,7003189,31011,4,925.79
906415,7003719,31086,7,480.96
906416,7013101,31036,5,736.52
906417,7005884,30633,4,
906418,7000410,30603,3,1129.61
906419,7008365,31190,8,1139.38
906420,7005741,30327,9,1005.11
906421,7008015,31083,9,263.14
906422,7007120,30215,2,
906423,7013299,30942,7,731.3
906424,7008133,30365,2,726.94
906425,7011017,30972,8,1119.81
906426,7014851,31305,4,168.93
906427,7003930,30154,10,458.77
906428,7013952,31090,2,685.95
906429,7005013,31055,11,105.65
906430,7007789,31364,10,1039.3
906431,7006625,31309,-10,1106.0
906432,7005585,30886,2,587.45
906433,7011377,31072,2,128.58
906434,7002725,30763,1,278.55
906435,7005001,31268,12,968.43
906436,7011046,31221,8,442.51
906437,7005896,30712,4,154.96
906438,7002035,30764,2,1061.44
906439,7005524,30872,5,831.36
906440,7002256,30122,11,1034.9
906441,7009480,30267,2,41.63
906442,7003875,30986,2,87.68
906443,7009209,31348,8,569.49
906444,7013446,31322,10,176.13
906445,7006987,31039,4,891.83
906446,7013510,31049,5,676.51
906447,7002568,30895,11,649.18
906448,7007692,31046,2,142.03
906449,7007098,30785,-5,707.09
906450,7003915,30642,9,1159.51
906451,7014173,31150,1,
906452,7009339,30160,1,132.13
906453,7014989,30696,10,94.87
906454,7010199,30594,8,772.16
906455,7014197,31036,5,320.08
906456,7004048,31315,3,37.15
906457,7004008,30754,12,279.78
906458,7014912,30046,2,589.55
906459,7010849,30412,5,222.72
906460,7014295,30450,5,929.5
906461,7009119,31172,9,877.9
906462,7013970,30205,3,321.82
906463,7002484,30684,3,82.67
906464,7000380,30778,12,1132.8
906465,7007376,31469,8,314.54
906466,7006852,30571,8,151.07
906467,7011297,31390,1,396.98
906468,7000892,30588,7,817.23
906469,7010106,31491,4,331.3
906470,7006373,30277,3,182.43
906471,7009840,31438,6,822.04
906472,7008313,30531,4,1175.44
906473,7009948,30726,7,474.1
906474,7004213,30169,6,942.11
906475,7000128,30294,6,68.11
906476,7011860,30418,6,349.08
906477,7004276,30751,7,38.41
906478,7001020,30574,6,858.19
906479,7010007,30272,11,413.6
906480,7012699,31201,8,730.78
906481,7011131,31308,4,225.5
906482,7013264,30377,9,381.41
906483,7011983,30971,5,429.74
906484,7013785,30408,11,735.66
906485,7010405,31404,6,612.68
906486,7010552,30028,11,1182.89
906487,7008165,31176,9,340.26
906488,7003352,30473,2,526.27
906489,7013764,30109,5,91.52
906490,7009182,30719,1,404.87
906491,7004019,31131,2,1183.26
906492,7007198,31034,9,751.02
906493,7011900,31396,9,
906494,7009373,30601,3,
906495,7010335,30551,11,
906496,7012582,30577,3,1179.32
906497,7008284,30146,5,292.83
906498,7007669,30906,10,520.83
906499,7002614,30375,4,633.89
906500,7007822,30745,2,109.05
906501,7000343,30917,8,35.05
906502,7000372,30776,9,1127.67
906503,7003811,30673,4,873.29
906504,7001310,31441,3,931.71
906505,7009684,30149,7,1180.73
906506,7007768,30878,9,
906507,7006365,30689,11,687.75
906508,7013561,31413,11,413.3
906509,7011250,30460,8,514.04
906510,7010377,31186,6,574.1
906511,7014017,30568,11,414.2
906512,7006630,31382,4,823.67
906513,7014414,30732,4,1012.8
906514,7003214,30047,9,464.51
906515,7007674,31464,11,551.2
906516,7013045,30921,4,55.82
906517,7012810,30296,8,1150.23
906518,7012213,30203,3,574.33
906519,7007170,30293,3,947.65
906520,7006278,31298,10,248.02
906521,7004402,30228,7,481.03
906522,7001513,31471,9,74.02
906523,7004258,30483,9,1079.89
906524,7005869,30893,4,701.78
906525,7013075,31463,-12,525.66
906526,7006472,30176,12,824.47
906527,7014197,30008,1,1097.82
906528,7002508,31412,5,685.76
906529,7010959,31254,7,550.01
906530,7013281,30260,5,
906531,7013593,30441,7,1117.58
906532,7005630,31281,10,178.76
906533,7013619,31247,5,175.94
906534,7000198,31462,5,607.72
906535,7005947,30306,9,1092.18
906536,7008102,30672,4,
906537,7014767,30609,10,814.88
906538,7011360,30226,9,1045.55
906539,7006692,30321,1,596.09
906540,7005333,31217,7,781.52
906541,7002645,30743,5,50.06
906542,7002547,31102,7,263.68
906543,7014311,30678,5,1039.41
906544,7009413,30922,5,531.47
906545,7007781,30489,5,688.04
906546,7013908,31488,5,809.48
906547,7010414,30350,1,418.59
906548,7003257,30765,7,1157.2
906549,7014867,31147,6,889.43
906550,7003052,31443,6,205.92
906551,7011806,30706,8,259.44
906552,7006375,31370,1,93.26
906553,7003373,30574,5,515.73
906554,7013247,30829,-5,1113.21
906555,7008322,30704,2,455.37
906556,7014091,31458,9,335.44
906557,7003999,30497,5,42.28
906558,7009652,30932,8,1199.57
906559,7003342,30360,1,318.97
906560,7012525,30228,6,
906561,7003073,30870,4,539.03
906562,7001739,30501,5,613.62
906563,7011109,31432,7,531.07
906564,7003441,30636,3,748.16
906565,7007637,31222,7,772.4
906566,7001739,30157,5,60.05
906567,7000587,30859,2,902.91
906568,7014648,30797,1,829.86
906569,7005724,31492,4,1147.64
906570,7005298,30511,9,1182.62
906571,7009460,30506,11,75.1
906572,7009001,31422,9,406.36
906573,7005429,31473,8,960.24
906574,7011997,30643,11,735.61
906575,7005945,30804,4,569.55
906576,7011235,30252,7,273.39
906577,7003070,30167,7,72.67
906578,7001183,31284,3,984.01
906579,7003575,30465,7,205.86
906580,7014553,30167,5,566.98
906581,7007197,31472,7,38.27
906582,7005765,30928,4,589.1
906583,7000837,30578,2,917.92
906584,7002953,30007,4,497.57
906585,7008405,31135,4,328.87
906586,7009024,30045,4,774.58
906587,7000939,30100,1,807.7
906588,7012182,31326,12,41.55
906589,7004286,30130,9,242.25
906590,7011794,30833,5,1053.66
906591,7012610,30611,12,571.35
906592,7006390,30029,12,436.86
906593,7013875,30440,4,164.81
906594,7003209,30704,1,422.41
906595,7005462,30037,12,
906596,7005456,30242,10,562.46
906597,7010898,31010,3,47.07
906598,7009720,31425,2,201.85
906599,7001776,30009,3,1108.76
906600,7005182,31161,9,486.04
906601,7007073,31297,7,585.67
906602,7012998,31420,6,417.34
906603,7002723,30241,7,
906604,7002756,30584,3,544.4
906605,7011270,30469,10,541.33
906606,7006974,30954,2,158.17
906607,7007605,30784,3,923.56
906608,7003566,30325,10,658.83
906609,7013535,30332,12,474.97
906610,7013890,31200,1,388.68
906611,7007676,30606,2,668.86
906612,7006049,30508,6,1088.06
906613,7008031,30356,3,855.41
906614,7011637,30325,1,488.85
906615,7004038,30797,10,107.63
906616,7001292,31409,1,1167.09
906617,7010397,30704,2,532.33
906618,7012824,31206,4,969.17
906619,7006366,31292,6,541.19
906620,7002197,30610,7,574.38
906621,7010878,30971,2,295.15
906622,7012826,30195,3,667.99
906623,7007755,30781,12,772.95
906624,7002865,31243,1,682.64
906625,7006711,30414,8,142.27
906626,7005687,31323,-8,355.03
906627,7000476,30270,12,952.72
906628,7003036,30730,7,231.96
906629,7008077,30109,4,1038.59
906630,7013520,30862,11,528.53
906631,7006837,31099,3,
906632,7006893,30015,8,752.58
906633,7010955,31222,2,544.77
906634,7013785,30677,8,888.04
906635,7006067,30914,7,415.06
906636,7013154,31179,9,550.02
906637,7012107,30066,7,719.72
906638,7011054,31070,3,765.75
906639,7000481,31385,8,553.73
906640,7013743,30716,12,
906641,7006409,31152,6,493.72
906642,7014271,30599,11,62.62
906643,7000648,31452,11,292.93
906644,7003519,30837,10,725.96
906645,7005522,30665,9,47.31
906646,7014660,31132,1,460.6
906647,7004316,31051,8,669.54
906648,7000107,31348,5,765.81
906649,7012401,30342,1,347.1
906650,7007847,30682,10,1172.31
906651,7012217,30015,9,310.36
906652,7009848,31108,5,672.95
906653,7011579,30227,10,
906654,7014234,30178,6,377.26
906655,7007560,30061,-1,53.02
906656,7013886,30404,10,149.79
906657,7002894,31256,-5,548.54
906658,7006965,30008,10,1157.97
906659,7007806,30490,12,1126.48
906660,7012597,30873,12,
906661,7002255,31344,7,592.3
906662,7012430,30438,6,38.26
906663,7013019,30869,6,497.25
906664,7006946,30564,5,932.36
906665,7010610,30300,7,1054.92
906666,7014965,31268,2,1191.8
906667,7007161,30595,12,480.85
906668,7005303,30477,10,446.68
906669,7010336,30280,6,1000.92
906670,7000469,31104,5,991.88
906671,7014832,30454,4,1100.69
906672,7000157,30704,12,1037.48
906673,7005289,31211,5,79.31
906674,7010501,30978,4,1185.85
906675,7009449,30447,12,1191.23
906676,7009448,30461,9,233.01
906677,7007661,30262,3,
906678,7006647,30232,4,787.34
906679,7014929,30872,9,498.08
906680,7003782,30255,7,39.85
906681,7007399,31153,12,349.77
906682,7012170,30063,9,448.64
906683,7000202,30709,1,255.98
906684,7001081,30343,5,1053.23
906685,7001969,30057,10,707.29
906686,7013879,30919,6,444.48
906687,7013120,30171,9,
906688,7004960,30665,12,703.48
906689,7004903,30844,1,1079.36
906690,7013746,30836,4,116.45
906691,7000440,30162,12,275.77
906692,7001975,30311,9,1101.99
906693,7012460,30517,6,481.06
906694,7013817,31232,8,31.17
906695,7011008,30001,12,765.1
906696,7011569,30540,4,273.74
906697,7011520,30277,9,71.89
906698,7002700,30926,1,257.03
906699,7003155,30751,3,152.49
906700,7003612,30281,3,970.58
906701,7013331,31191,4,415.46
906702,7006498,30231,4,407.14
906703,7012566,31373,7,572.79
906704,7010523,30799,1,956.48
906705,7004437,30889,6,44.3
906706,7007198,30968,7,714.95
906707,7011463,30986,6,1124.88
906708,7003435,30453,10,930.58
906709,7007516,30966,2,613.01
906710,7006727,30783,3,514.75
906711,7005963,31327,11,682.97
906712,7013272,31182,12,
906713,7006999,31351,12,517.01
906714,7008349,30614,7,273.25
906715,7009480,30672,7,330.0
906716,7013623,30702,2,1099.44
906717,7000993,30769,10,477.78
906718,7011255,31242,4,813.72
906719,7011584,31151,4,555.52
906720,7007700,30664,3,326.73
906721,7007373,30801,7,492.85
906722,7012002,30878,3,125.33
906723,7010378,31408,10,585.86
906724,7005808,31494,2,731.86
906725,7003976,30397,-6,286.59
906726,7005951,30429,9,69.52
906727,7012664,31388,6,62.91
906728,7007890,30506,3,682.35
906729,7013411,31428,3,168.71
906730,7013140,30056,12,679.66
906731,7000109,30128,2,146.58
906732,7014324,31385,8,1050.79
906733,7011799,30993,8,744.18
906734,7006547,31120,7,1123.2
906735,7008898,30686,10,1197.55
906736,7011871,30676,10,400.75
906737,7013925,30066,4,572.57
906738,7009441,30269,8,18.84
906739,7009316,30273,4,
906740,7004893,30047,8,693.72
906741,7000082,30928,8,1084.81
906742,7007959,30349,1,1088.65
906743,7008559,30650,10,218.76
906744,7011699,30049,10,1013.88
906745,7004338,30315,9,797.28
906746,7008482,30470,7,404.13
906747,7006904,31019,3,1047.25
906748,7004909,30121,6,992.82
906749,7010153,30602,1,1049.73
906750,7006215,30244,10,1189.81
906751,7005412,31069,5,494.59
906752,7002132,30875,3,1101.49
906753,7010974,30300,8,1098.2
906754,7007414,30155,3,27.38
906755,7001236,30712,10,141.07
906756,7005776,30623,5,317.43
906757,7000454,30836,4,781.37
906758,7011054,31249,1,601.72
906759,7002549,31076,5,1039.18
906760,7011355,30894,12,496.87
906761,7000029,30037,3,376.56
906762,7003738,30640,6,635.17
906763,7008034,31214,1,742.23
906764,7008755,30483,5,1157.74
906765,7010962,30085,12,113.81
906766,7002407,30515,2,414.42
906767,7007089,30527,6,936.44
906768,7011108,31132,8,1091.14
906769,7013674,31278,7,458.25
906770,7010499,30686,8,436.16
906771,7007225,30166,-6,
906772,7005944,30265,11,815.5
906773,7000059,31054,11,1030.12
906774,7012536,31048,8,396.63
906775,7002527,30600,11,388.88
906776,7001900,30883,3,929.74
906777,7006837,30830,12,246.93
906778,7014652,30114,9,987.11
906779,7006658,30736,1,48.53
906780,7012220,30179,4,236.9
906781,7006420,30996,8,841.65
906782,7009416,30542,5,399.96
906783,7012828,31204,12,321.98
906784,7014207,30149,10,402.92
906785,7000996,30748,2,1077.2
906786,7001485,30893,9,818.25
906787,7001433,30920,11,761.83
906788,7001503,30241,6,410.61
906789,7000215,31015,1,636.3
906790,7000419,30709,4,938.98
906791,7010806,31275,1,570.38
906792,7009165,31216,8,657.91
906793,7010533,30386,9,280.16
906794,7014029,30480,1,905.02
906795,7000150,30579,4,836.23
906796,7008567,30687,12,601.69
906797,7013119,30514,4,1172.05
906798,7006809,30717,9,912.25
906799,7004536,31005,4,115.41
906800,7012338,30417,9,396.93
906801,7013779,31491,9,640.77
906802,7008318,30161,4,693.96
906803,7007808,30538,6,834.39
906804,7003134,31103,6,757.85
906805,7014043,30486,4,1103.92
906806,7010611,31142,11,1061.45
906807,7007466,30233,8,186.36
906808,7014836,30093,4,228.34
906809,7004228,30418,6,597.92
906810,7002552,30670,-2,562.85
906811,7006506,30736,6,420.72
906812,7002098,30702,6,895.28
906813,7006559,30722,4,730.9
906814,7003489,31071,8,415.5
906815,7010544,31203,6,883.88
906816,7013466,30786,12,240.31
906817,7003681,30708,11,340.94
906818,7011665,30085,6,286.06
906819,7012663,31082,12,1190.47
906820,7004334,30184,3,695.76
906821,7004744,31367,1,288.68
906822,7009385,30766,3,955.88
906823,7004378,30429,12,34.06
906824,7008950,30849,9,989.83
906825,7008097,31125,12,
906826,7010797,30845,11,873.51
906827,7010358,30766,4,894.96
906828,7012231,30395,2,927.55
906829,7006600,30800,8,921.51
906830,7000286,30042,1,726.47
906831,7013640,30691,12,425.52
906832,7003342,30926,2,252.0
906833,7006051,30272,12,
906834,7002502,30898,6,472.36
906835,7009004,31260,9,1081.04
906836,7012524,31441,3,994.49
906837,7011762,30258,2,992.07
906838,7014720,30182,10,416.45
906839,7001140,30590,7,534.89
906840,7009756,30607,10,717.73
906841,7009813,31415,2,
906842,7004823,31431,5,328.79
906843,7008794,30404,5,1150.21
906844,7005864,30974,1,168.9
906845,7002571,30051,2,755.23
906846,7011331,30664,10,833.38
906847,7005875,30130,11,241.61
906848,7009421,30247,11,1017.82
906849,7009696,30739,2,829.83
906850,7001456,30251,6,476.76
906851,7004744,30336,7,335.95
906852,7001386,30690,9,632.35
906853,7001701,30265,6,536.98
906854,7011009,30177,3,983.13
906855,7010939,30245,3,
906856,7000755,30751,10,346.65
906857,7007883,30609,3,74.47
906858,7007140,31063,11,83.73
906859,7005810,30197,11,77.0
906860,7001474,30914,10,1056.0
906861,7006517,30932,4,504.73
906862,7011610,31244,11,497.21
906863,7010039,30252,10,176.44
906864,7013947,30500,7,1142.09
906865,7009963,30481,8,1184.61
906866,7007047,30171,11,836.12
906867,7005305,31225,4,
906868,7011890,30524,10,803.52
906869,7013707,30610,10,
906870,7011664,30810,6,422.95
906871,7001009,30631,5,716.06
906872,7000101,30469,9,336.86
906873,7002749,31152,8,947.45
906874,7001626,30737,12,578.21
906875,7008278,31478,3,723.49
906876,7002523,30237,11,921.48
906877,7010443,31353,1,1011.54
906878,7000801,30518,9,
906879,7001107,30930,2,
906880,7006545,31355,5,481.17
906881,7010126,31161,3,367.27
906882,7005997,30135,8,488.44
906883,7009191,30875,10,314.72
906884,7001337,30276,1,
906885,7009482,31448,9,
906886,7014119,30481,2,321.94
906887,7012781,30220,12,1072.59
906888,7004119,31233,10,1021.61
906889,7002197,31405,4,454.6
906890,7000562,30904,2,791.93
906891,7012666,31247,3,320.66
906892,7002674,31451,10,964.63
906893,7010660,31208,10,518.44
906894,7000361,30759,4,679.95
906895,7011445,30960,9,258.69
906896,7011755,30306,7,255.83
906897,7012977,30565,8,57.04
906898,7000135,31020,7,710.21
906899,7010118,30424,10,
906900,7008233,31067,9,726.77
906901,7014391,30956,7,1079.99
906902,7006562,30953,1,219.72
906903,7000426,30424,10,464.11
906904,7000459,30700,5,
906905,7012333,30343,2,476.84
906906,7001782,31470,11,911.38
906907,7009188,30445,9,264.44
906908,7000323,30499,1,391.78
906909,7009183,31415,11,954.11
906910,7006405,30908,-7,593.07
906911,7002126,31322,8,263.13
906912,7006625,31109,4,43.73
906913,7009627,30907,10,153.27
906914,7014823,30759,9,951.06
906915,7011756,31307,4,418.24
906916,7006722,31319,1,1136.91
906917,7012411,30710,10,1030.56
906918,7013484,31381,7,344.93
906919,7001005,30712,2,978.26
906920,7009532,31222,8,446.36
906921,7010474,31079,9,
906922,7011029,30911,1,1034.16
906923,7003705,30984,2,672.3
906924,7011772,30873,10,264.84
906925,7008141,30906,4,611.02
906926,7003852,30899,2,145.74
906927,7000511,30209,3,603.8
906928,7002110,31418,-5,1036.77
906929,7003330,31151,1,615.78
906930,7000690,30374,6,197.19
906931,7014040,30308,8,786.76
906932,7008673,30079,12,67.07
906933,7001531,30058,3,158.5
906934,7008707,30242,7,785.57
906935,7008815,30714,5,624.55
906936,7007122,30092,9,614.89
906937,7008960,31336,6,339.68
906938,7011939,30896,7,1112.77
906939,7006227,30462,7,361.88
906940,7001671,30195,8,176.76
906941,7004599,31138,6,411.56
906942,7000452,31377,6,803.81
906943,7013977,30878,1,733.33
906944,7011039,30771,3,714.43
906945,7011391,31448,6,559.12
906946,7012266,30010,2,1100.21
906947,7004690,31204,7,551.46
906948,7003784,30371,4,552.48
906949,7011191,31101,10,961.95
906950,7012145,31321,6,887.87
906951,7009555,31026,3,308.67
906952,7008109,31109,12,670.58
906953,7014506,30033,9,991.5
906954,7008159,31251,3,974.46
906955,7005171,30740,10,1012.48
906956,7003103,30670,5,425.93
906957,7013594,30675,10,266.03
906958,7004746,30864,11,191.28
906959,7009266,31048,4,787.46
906960,7002672,30418,6,659.8
906961,7012068,30202,3,194.92
906962,7000317,30656,5,117.69
906963,7007707,30120,-11,961.74
906964,7011791,31332,1,79.91
906965,7005357,30948,5,964.9
906966,7014498,30190,10,764.17
906967,7004556,30162,8,414.87
906968,7011891,31194,6,475.23
906969,7002713,30898,7,761.04
906970,7003021,31344,7,511.65
906971,7004284,30505,1,1048.7
906972,7011626,30413,6,60.39
906973,7006729,30422,7,112.55
906974,7011885,30648,5,550.12
906975,7001835,30264,12,946.66
906976,7013853,30292,6,565.56
906977,7000718,31223,11,912.88
906978,7003623,31039,3,612.05
906979,7014979,31264,4,739.7
906980,7003297,30873,12,897.8
906981,7004151,30352,-11,1162.22
906982,7006831,30720,1,350.92
906983,7012727,31387,8,290.93
906984,7014058,30383,6,821.27
906985,7014401,31281,2,699.13
906986,7011551,30013,7,1180.33
906987,7014753,31096,10,685.65
906988,7013164,31350,4,480.25
906989,7003847,30496,2,100.35
906990,7013687,30395,1,939.03
906991,7012305,30536,11,1120.59
906992,7013717,30856,9,1180.06
906993,7004451,30527,11,671.84
906994,7008331,31008,9,1093.19
906995,7006553,31328,6,899.62
906996,7003725,30754,10,927.05
906997,7011750,31008,9,756.71
906998,7006100,31333,10,977.59
906999,7008391,31129,-1,
907000,7003508,31279,8,1021.92
907001,7001431,30724,8,519.78
907002,7007943,31495,7,1183.92
907003,7011019,30819,3,16.92
907004,7006042,30929,5,368.94
907005,7003962,30984,10,780.85
907006,7003958,31256,6,552.18
907007,7005486,30373,3,994.48
907008,7000508,31113,11,83.47
907009,7006583,30529,11,658.2
907010,7014318,31179,6,82.59
907011,7002611,31445,3,985.73
907012,7008506,30419,2,1109.44
907013,7001130,30062,6,691.47
907014,7007323,30732,10,572.51
907015,7000902,31131,3,412.45
907016,7000180,30195,-2,652.91
907017,7002033,30428,11,661.07
907018,7007969,30203,10,200.78
907019,7006063,31212,11,783.02
907020,7013773,30150,8,422.26
907021,7006949,30266,11,504.35
907022,7004854,31044,9,742.38
907023,7011289,30930,11,818.38
907024,7008725,30489,12,81.67
907025,7013772,31416,4,975.94
907026,7007988,30679,11,
907027,7014086,30456,7,1078.37
907028,7012978,30106,6,984.7
907029,7013018,30160,1,689.28
907030,7000623,30146,1,1050.86
907031,7010105,30734,11,597.13
907032,7001416,30648,4,126.82
907033,7007908,30809,1,715.54
907034,7013319,30744,8,1014.19
907035,7008936,31066,5,345.94
907036,7006226,31326,6,16.39
907037,7005762,30402,6,96.7
907038,7007850,31330,1,392.17
907039,7004977,30095,8,90.6
907040,7010099,30475,8,201.61
907041,7014243,30745,10,723.93
907042,7011821,30897,8,658.27
907043,7004872,30419,11,177.71
907044,7001609,30771,9,1145.6
907045,7001608,30955,4,27.09
907046,7000657,30822,7,836.47
907047,7003648,31099,11,492.28
907048,7010655,31313,7,1169.56
907049,7011211,30070,1,1174.02
907050,7009135,30950,7,908.78
907051,7006653,30910,3,1050.54
907052,7002061,30403,7,767.72
907053,7008090,30441,9,917.43
907054,7011256,31286,5,803.28
907055,7002075,31066,8,737.18
907056,7005096,30980,1,
907057,7012323,30264,3,1039.53
907058,7008725,30673,11,1147.82
907059,7001564,30432,1,618.05
907060,7003097,30216,6,
907061,7001821,30260,12,1183.85
907062,7002262,31440,5,316.27
907063,7013600,31272,6,178.3
907064,7000083,30392,1,424.56
907065,7013333,31201,4,322.4
907066,7004899,30844,8,484.8
907067,7006753,30025,1,419.46
907068,7011857,31034,3,252.35
907069,7005634,31046,5,1165.32
907070,7003697,30283,11,290.38
907071,7008143,31072,1,1183.45
907072,7001496,30955,12,20.05
907073,7002006,30914,10,1110.27
907074,7000257,31159,4,1077.28
907075,7010104,30067,12,733.96
907076,7008511,30188,9,314.0
907077,7009806,31391,6,103.34
907078,7008162,31373,9,1115.93
907079,7007728,31068,2,916.35
907080,7004745,31171,9,113.08
907081,7005126,30136,12,121.83
907082,7007081,30346,7,322.45
907083,7001915,30945,12,594.39
907084,7007466,30858,1,501.45
907085,7002244,31345,3,796.21
907086,7011031,30341,3,125.56
907087,7001993,30727,1,63.25
907088,7014687,30387,9,1111.13
907089,7003030,31381,12,942.06
907090,7011109,31219,2,
907091,7005554,30017,4,878.4
907092,7000695,30092,1,1149.12
907093,7009266,31176,5,97.89
907094,7002448,30428,1,502.16
907095,7010491,30642,6,20.26
907096,7010176,30565,1,258.15
907097,7012463,30826,5,231.06
907098,7011769,30101,7,444.56
907099,7011203,30971,9,
907100,7013555,31497,8,203.14
907101,7003442,30312,8,44.64
907102,7014425,31251,3,800.95
907103,7005394,30957,2,588.06
907104,7003025,30584,5,
907105,7006044,31345,12,191.69
907106,7011115,30011,12,1089.98
907107,7009511,30993,2,1142.87
907108,7001580,30743,11,1175.65
907109,7010822,31427,9,434.95
907110,7010021,30366,8,194.52
907111,7002067,30355,6,
907112,7005533,31235,3,23.41
907113,7014201,30240,10,886.52
907114,7006900,30961,2,530.87
907115,7010908,31380,4,421.95
907116,7001892,31008,9,597.29
907117,7006914,30048,2,594.89
907118,7011546,31500,10,674.01
907119,7012928,30164,1,623.78
907120,7003094,30186,10,836.7
907121,7008107,30314,3,1169.6
907122,7010027,30046,9,958.36
907123,7010187,31460,3,443.11
907124,7013535,30557,10,930.3
907125,7011511,30822,11,16.11
907126,7013114,31437,9,292.66
907127,7010300,31294,10,355.79
907128,7006436,30027,9,1119.59
907129,7003468,31178,8,172.9
907130,7013588,30420,7,953.77
907131,7014831,31382,11,997.07
907132,7000477,30464,6,1124.06
907133,7004027,30023,9,419.29
907134,7004467,30030,10,359.86
907135,7013261,31132,4,97.37
907136,7014269,31443,11,121.79
907137,7012124,30225,9,1086.1
907138,7011723,31059,6,304.44
907139,7007172,31498,12,709.78
907140,7011763,31410,5,
907141,7006922,30909,8,166.71
907142,7009237,30145,4,1149.53
907143,7001058,30655,5,871.7
907144,7011934,30098,12,765.34
907145,7000404,30926,12,469.34
907146,7002573,31196,9,1159.02
907147,7002344,31373,12,1035.68
907148,7014361,30553,12,1032.47
907149,7009531,30219,2,757.65
907150,7008357,30487,2,589.94
907151,7003189,30465,1,152.58
907152,7014678,31330,12,938.64
907153,7014385,30871,5,326.02
907154,7001538,30925,1,393.9
907155,7014434,31475,5,1062.01
907156,7007545,30294,3,736.13
907157,7007415,30583,3,835.99
907158,7012596,30699,5,867.95
907159,7010468,30861,10,968.71
907160,7008418,30309,11,1040.68
907161,7002788,31260,7,1153.42
907162,7003449,31479,8,801.69
907163,7008658,30425,3,891.75
907164,7010946,31459,5,202.96
907165,7008650,30155,1,151.92
907166,7005580,31486,10,482.91
907167,7003535,30975,-7,293.27
907168,7005622,30822,12,1069.94
907169,7006130,30657,-3,1179.32
907170,7001347,30577,9,477.91
907171,7014037,30373,8,605.06
907172,7014029,30856,-3,853.44
907173,7011174,31221,1,40.13
907174,7000372,31356,11,401.12
907175,7006814,31191,11,548.56
907176,7002068,30795,5,691.23
907177,7003028,30706,5,976.13
907178,7014250,30038,6,416.97
907179,7014766,30818,12,154.39
907180,7006218,30310,8,347.61
907181,7014942,31269,8,677.14
907182,7007702,31492,9,
907183,7004235,31184,3,124.88
907184,7010623,31224,11,1137.64
907185,7003593,31143,-4,1031.76
907186,7010050,31160,7,890.52
907187,7000256,30926,1,591.65
907188,7009397,30423,1,1093.01
907189,7002307,31313,4,70.24
907190,7014600,31345,2,23.09
907191,7009138,30372,11,947.41
907192,7013390,30910,10,727.8
907193,7007658,30855,9,488.8
907194,7011674,30698,3,
907195,7012257,30672,3,614.57
907196,7008744,30816,2,55.96
907197,7000254,30474,10,114.64
907198,7011808,30662,4,711.47
907199,7007410,31236,9,232.56
907200,7003172,30276,7,443.91
907201,7000437,30627,12,700.92
907202,7005514,30130,3,712.88
907203,7011046,30743,9,351.46
907204,7001312,30762,7,1019.73
907205,7012607,31369,5,52.05
907206,7006773,30565,12,287.23
907207,7009238,31365,6,914.32
907208,7013639,30416,6,53.05
907209,7014686,31457,10,867.62
907210,7006806,30449,12,602.87
907211,7006658,31097,2,1116.77
907212,7000803,31300,4,108.47
907213,7010937,30700,9,816.06
907214,7002470,31100,3,163.44
907215,7014900,31436,7,291.51
907216,7004641,31103,6,552.36
907217,7006067,31368,3,920.37
907218,7005710,31416,3,1141.76
907219,7000283,30943,6,193.92
907220,7007059,31021,3,1061.7
907221,7004432,30149,3,594.72
907222,7004364,30913,8,1132.41
907223,7014525,30707,3,215.98
907224,7014035,30268,11,351.75
907225,7001083,30908,10,781.13
907226,7012627,30327,5,
907227,7014930,30404,5,953.98
907228,7003329,31037,5,472.68
907229,7006859,31215,5,631.57
907230,7012887,30367,4,
907231,7012114,31108,8,1002.87
907232,7009628,31118,3,1059.32
907233,7010052,30402,2,650.58
907234,7006462,30874,10,722.24
907235,7000132,30596,10,675.68
907236,7011315,30524,6,890.47
907237,7008850,31014,8,1137.38
907238,7009135,30537,1,301.49
907239,7009445,30895,5,790.27
907240,7011546,31371,8,587.09
907241,7010338,31480,6,128.19
907242,7007702,30310,7,
907243,7004299,30560,8,998.69
907244,7005778,31063,6,952.22
907245,7010698,31261,1,806.43
907246,7009372,30219,8,639.48
907247,7001986,30654,2,958.8
907248,7006194,30652,9,315.14
907249,7013062,30796,4,1067.67
907250,7000434,30583,8,266.71
907251,7001151,31084,5,816.77
907252,7012712,30178,10,472.18
907253,7008236,31345,8,666.56
907254,7003296,31354,4,250.86
907255,7000016,31309,10,459.09
907256,7002676,30373,12,233.31
907257,7008673,30290,4,594.27
907258,7002764,30516,6,187.28
907259,7009349,31145,3,933.06
907260,7001897,30632,7,838.92
907261,7009228,30650,11,1139.1
907262,7013446,30051,9,829.63
907263,7000790,30520,11,652.51
907264,7011279,31316,-12,697.24
907265,7011855,30035,10,614.82
907266,7009747,30599,11,913.92
907267,7001380,31296,3,991.37
907268,7013293,31197,4,87.89
907269,7008243,30034,1,1021.02
907270,7010328,30703,3,173.83
907271,7007914,30135,6,931.83
907272,7003278,30516,1,308.16
907273,7014581,31405,9,153.82
907274,7010698,31250,10,126.45
907275,7008704,30785,8,1042.72
907276,7008071,30189,10,846.76
907277,7013658,30756,3,308.69
907278,7011747,30503,10,165.67
907279,7012901,30905,4,129.11
907280,7013314,31073,11,973.0
907281,7009004,30135,7,456.99
907282,7005602,31485,8,957.28
907283,7014589,30715,3,741.72
907284,7003702,31066,8,946.48
907285,7003052,31184,9,217.24
907286,7013569,30640,2,454.47
907287,7002198,30611,7,832.05
907288,7009162,31438,12,1072.4
907289,7012908,30540,10,534.46
907290,7003815,30457,6,1178.0
907291,7012874,31335,3,685.87
907292,7010228,30815,9,623.49
907293,7006652,30957,9,738.97
907294,7011447,31252,6,422.96
907295,7006647,30781,2,608.86
907296,7009920,30558,1,623.79
907297,7009405,31335,2,1136.16
907298,7000991,30773,9,940.88
907299,7000035,30964,9,617.51
907300,7002925,31417,9,421.05
907301,7002394,30505,3,66.36
907302,7014535,31107,5,613.62
907303,7002423,31203,10,
907304,7010324,30929,4,115.85
907305,7014011,31296,9,438.05
907306,7004967,31120,11,507.77
907307,7002648,30024,9,340.18
907308,7004820,30486,5,488.81
907309,7004371,30632,9,78.11
907310,7005589,30043,7,1101.67
907311,7014914,30077,5,518.99
907312,7011411,30588,3,327.7
907313,7008794,31002,6,
907314,7011933,30262,10,365.93
907315,7012280,30073,12,783.41
907316,7002424,30920,-2,304.83
907317,7004751,30631,12,803.1
907318,7007958,30972,7,230.06
907319,7003307,30170,8,168.58
907320,7002762,30655,9,1016.3
907321,7002389,30937,2,928.92
907322,7010055,31183,1,861.36
907323,7009832,31077,8,78.94
907324,7007272,30669,12,663.48
907325,7003398,30420,11,13.09
907326,7001629,30017,5,91.1
907327,7012894,31040,3,602.66
907328,7004295,31162,4,654.83
907329,7007676,30777,12,1042.9
907330,7008798,30780,8,623.06
907331,7009046,30320,1,181.06
907332,7014884,31060,4,297.04
907333,7008181,30177,2,170.54
907334,7005176,30003,12,
907335,7011257,30405,12,677.66
907336,7014831,30716,2,694.64
907337,7004002,30450,4,1039.98
907338,7002488,30056,7,1090.06
907339,7009134,31306,5,826.47
907340,7010992,30885,8,904.95
907341,7013295,31249,7,31.27
907342,7012182,30805,8,116.65
907343,7008322,30684,7,
907344,7001396,31043,2,453.13
907345,7000830,31106,10,183.95
907346,7009931,30759,3,608.19
907347,7008674,30829,10,377.96
907348,7012307,31263,7,630.54
907349,7002281,30982,12,882.87
907350,7006068,31340,9,768.39
907351,7006606,31160,3,244.83
907352,7006606,30267,1,925.49
907353,7008579,30980,8,543.59
907354,7000269,31082,11,999.65
907355,7013461,30410,7,166.3
907356,7013148,30833,11,719.75
907357,7010291,30328,1,791.85
907358,7003904,30802,6,650.85
907359,7001957,30126,5,1090.43
907360,7002542,31237,9,
907361,7013248,30042,12,275.08
907362,7013267,31303,11,1141.51
907363,7005237,31050,7,662.59
907364,7011131,30427,4,378.73
907365,7009014,30379,12,
907366,7008485,30107,10,736.85
907367,7009172,30363,11,97.03
907368,7012260,30746,7,1136.48
907369,7005794,30470,6,927.26
907370,7000905,30621,7,641.71
907371,7008993,30262,-9,267.04
907372,7010659,30571,7,78.84
907373,7008513,31416,6,1036.12
907374,7014136,31055,9,848.9
907375,7010375,31488,1,446.97
907376,7013774,30877,7,815.07
907377,7008822,30799,7,682.99
907378,7011727,30760,2,416.7
907379,7009596,31329,11,305.15
907380,7008666,31131,12,409.36
907381,7003110,30185,8,421.54
907382,7001079,31472,6,1196.75
907383,7009467,30284,6,804.64
907384,7002510,31177,7,588.52
907385,7004046,31403,5,945.84
907386,7003731,30920,11,1139.75
907387,7010903,31417,8,120.03
907388,7013451,30287,3,296.99
907389,7004223,31383,12,1003.74
907390,7002097,31128,9,
907391,7007874,30782,9,
907392,7013732,30193,7,956.87
907393,7002743,31034,1,420.07
907394,7009828,30515,4,150.24
907395,7012826,30027,2,1151.55
907396,7005950,30729,6,900.26
907397,7007492,30418,6,520.01
907398,7002630,30271,2,306.01
907399,7000211,30122,12,166.02
907400,7009572,30845,5,948.26
907401,7014338,31191,1,301.04
907402,7004731,30624,5,614.82
907403,7011582,30145,11,604.55
907404,7009220,31029,1,99.48
907405,7001802,30609,8,341.21
907406,7012188,30055,6,
907407,7014093,30591,2,308.42
907408,7007761,30428,10,827.22
907409,7004881,30113,7,
907410,7006809,31408,6,631.22
907411,7012456,30538,-5,
907412,7003234,30485,4,631.69
907413,7014567,31460,7,257.63
907414,7012216,30274,4,514.08
907415,7007352,30846,3,243.86
907416,7003208,31375,2,1048.0
907417,7005885,31295,4,758.34
907418,7003500,31354,-4,936.01
907419,7005872,31053,8,1142.32
907420,7006254,30408,1,855.94
907421,7014404,31396,10,666.17
907422,7013024,30812,11,678.22
907423,7006543,30008,8,
907424,7007690,30631,1,1113.33
907425,7006480,30567,10,197.39
907426,7005879,31144,5,362.09
907427,7010816,30343,9,360.88
907428,7002321,30076,5,599.95
907429,7003804,31204,7,263.08
907430,7006699,30881,6,167.07
907431,7010833,30324,2,
907432,7007805,30227,9,764.04
907433,7014091,30326,8,30.4
907434,7005238,31381,3,21.89
907435,7005518,31313,10,1159.61
907436,7013237,30134,5,950.22
907437,7004515,30674,5,10.47
907438,7008998,30710,7,262.47
907439,7007520,31178,11,594.74
907440,7012009,30907,3,188.27
907441,7002482,30446,3,33.84
907442,7002082,31354,9,1173.75
907443,7010192,30277,8,71.37
907444,7000879,30162,5,1143.9
907445,7010125,30205,-10,820.33
907446,7013349,30205,10,1177.44
907447,7009925,30390,8,787.85
907448,7008952,30594,10,18.8
907449,7007879,30937,1,220.48
907450,7002687,31247,4,65.02
907451,7008080,30680,6,973.69
907452,7013294,30058,9,1071.18
907453,7004943,30697,5,895.01
907454,7004796,30217,8,1159.21
907455,7006745,30867,1,304.85
907456,7007068,31341,2,642.83
907457,7002000,31497,7,1070.31
907458,7001320,31285,9,568.96
907459,7007288,30094,4,520.3
907460,7012161,30986,12,736.36
907461,7011296,30645,5,219.48
907462,7009746,30996,1,62.57
907463,7001891,31072,5,699.53
907464,7002859,30956,7,135.7
907465,7008866,30559,9,504.36
907466,7013983,30362,11,1173.74
907467,7011363,31105,6,407.03
907468,7012623,30230,5,664.8
907469,7004584,31271,4,562.92
907470,7007247,30457,4,825.79
907471,7008740,31407,8,525.96
907472,7005577,30980,10,297.45
907473,7012225,30160,4,777.01
907474,7007959,30747,10,
907475,7008782,30075,7,1104.22
907476,7014639,30999,11,613.42
907477,7002000,30688,9,996.18
907478,7007478,31198,10,585.02
907479,7002545,30317,4,579.96
907480,7011987,30954,7,509.34
907481,7012530,30833,2,822.51
907482,7003043,30489,5,
907483,7012961,30874,12,916.47
907484,7009423,30250,4,336.8
907485,7012759,31350,7,696.28
907486,7006148,31174,9,857.15
907487,7003176,30487,11,1103.19
907488,7006537,30622,6,112.83
907489,7004676,31218,4,418.89
907490,7006293,31001,3,480.25
907491,7012846,30548,11,924.93
907492,7006930,31060,7,1051.74
907493,7001583,31186,5,1046.32
907494,7010089,31495,3,409.37
907495,7011269,31426,7,378.36
907496,7005565,30846,10,360.18
907497,7011889,30305,2,871.61
907498,7007418,30368,5,983.51
907499,7000244,30647,6,759.33
907500,7007704,31065,1,448.62
907501,7013746,30137,7,533.93
907502,7001560,31074,8,807.8
907503,7008693,31396,10,684.02
907504,7003990,30906,5,70.99
907505,7011256,30514,10,308.86
907506,7001316,31003,12,854.99
907507,7001984,31186,1,423.44
907508,7003709,30788,1,989.42
907509,7010817,30214,12,835.45
907510,7012760,30904,12,303.12
907511,7014047,30971,7,470.28
907512,7014108,30929,10,264.46
907513,7010669,31091,11,647.45
907514,7011336,31296,2,742.71
907515,7006053,30944,8,837.61
907516,7006472,30953,9,249.4
907517,7011847,30859,2,851.56
907518,7005075,31001,6,81.18
907519,7010655,30267,4,116.3
907520,7000226,31372,10,921.81
907521,7012965,30342,2,707.5
907522,7014231,30048,1,83.6
907523,7005531,30686,5,922.59
907524,7001701,30148,9,
907525,7007627,31297,11,52.13
907526,7004926,31478,7,337.86
907527,7001253,30304,5,368.31
907528,7004654,30936,1,205.1
907529,7011113,31036,4,447.26
907530,7003903,30816,11,1138.85
907531,7008909,30096,5,267.12
907532,7008362,31104,4,894.04
907533,7000481,30784,5,176.15
907534,7007486,30856,-6,320.47
907535,7013345,30512,3,745.63
907536,7007988,30387,12,892.42
907537,7006709,31455,3,213.26
907538,7002328,30509,2,981.67
907539,7008199,31011,11,
907540,7010114,30202,3,607.44
907541,7000142,31281,10,658.44
907542,7002257,30794,4,590.7
907543,7002259,30293,8,1084.39
907544,7005277,30548,10,89.32
907545,7004696,31112,11,590.45
907546,7000738,30943,10,1129.07
907547,7004609,31161,4,615.8
907548,7004235,30191,6,
907549,7000573,31419,5,1003.42
907550,7009411,30539,10,108.01
907551,7014325,31190,1,85.35
907552,7013746,30461,8,362.9
907553,7003453,30862,7,868.95
907554,7012596,30178,10,71.48
907555,7006226,30551,3,820.66
907556,7007808,31454,5,1090.09
907557,7011543,30529,11,1115.09
907558,7006317,30286,4,1153.83
907559,7004922,30192,4,283.5
907560,7004880,30879,5,76.07
907561,7008162,31051,2,546.67
907562,7011137,31125,10,719.07
907563,7014841,31142,9,654.57
907564,7008841,31286,3,
907565,7010902,30872,3,930.71
907566,7006938,30517,11,
907567,7000693,31213,12,1010.97
907568,7003601,31499,6,239.99
907569,7011697,31363,3,812.67
907570,7013869,30528,9,629.55
907571,7002395,31292,4,
907572,7000313,30166,10,559.53
907573,7006153,31462,4,141.17
907574,7009834,30488,5,
907575,7010286,30943,1,1105.5
907576,7004967,30744,7,1165.38
907577,7006498,30931,12,944.13
907578,7011424,30560,9,853.59
907579,7008333,30956,2,156.82
907580,7010978,31416,11,660.2
907581,7008863,30045,6,263.01
907582,7006076,30959,5,54.92
907583,7002652,30185,11,50.1
907584,7005112,30662,10,1155.24
907585,7007290,31352,1,183.63
907586,7001445,30960,5,651.6
907587,7012684,31184,8,538.86
907588,7004060,30603,5,243.29
907589,7003259,30160,8,763.69
907590,7005470,30597,3,480.49
907591,7013965,30514,6,81.7
907592,7012758,31319,11,1031.51
907593,7011130,30421,4,492.53
907594,7007414,31095,5,787.44
907595,7003412,31198,2,
907596,7002647,30282,6,80.61
907597,7010195,30799,6,
907598,7001852,30587,5,575.04
907599,7012553,30406,10,251.59
907600,7003836,30496,10,722.58
907601,7005375,30207,6,1032.96
907602,7007114,31311,2,474.77
907603,7011120,31355,9,237.66
907604,7004368,30981,12,216.11
907605,7001742,30440,3,584.06
907606,7010040,30764,3,1011.13
907607,7010552,31375,10,
907608,7009943,30074,2,429.51
907609,7008125,31277,8,1102.8
907610,7002928,30964,10,769.31
907611,7008150,30650,5,1108.58
907612,7010375,30103,5,832.87
907613,7002998,30725,5,282.57
907614,7013601,30376,11,686.28
907615,7001214,30143,8,729.46
907616,7003735,30517,7,317.96
907617,7002566,31394,12,461.27
907618,7002538,31468,6,
907619,7003256,31075,5,825.99
907620,7009626,31186,5,260.94
907621,7001761,30315,8,467.69
907622,7009760,31184,9,879.58
907623,7003871,31260,5,269.73
907624,7009577,30908,9,691.02
907625,7013423,30750,6,412.06
907626,7008784,31493,7,972.59
907627,7003457,30867,4,256.92
907628,7002044,30089,5,781.64
907629,7004017,31049,6,389.58
907630,7006460,30998,9,1192.73
907631,7011263,30447,4,651.63
907632,7013341,30674,10,258.59
907633,7008084,31146,7,233.81
907634,7006453,30358,9,927.33
907635,7001841,30954,5,721.8
907636,7003065,30455,3,920.8
907637,7006469,30242,7,281.14
907638,7006405,31427,12,796.62
907639,7012791,30858,3,77.16
907640,7009028,31251,5,311.64
907641,7008999,30376,5,1071.22
907642,7012170,30979,10,795.79
907643,7008438,30974,11,85.77
907644,7000426,31372,7,
907645,7003545,30426,7,729.73
907646,7008212,30377,8,872.13
907647,7005140,30523,9,676.34
907648,7010717,30951,11,850.41
907649,7001834,31478,5,18.98
907650,7013845,30257,11,137.77
907651,7008297,30409,2,807.36
907652,7002814,31027,7,528.59
907653,7006797,30519,11,707.8
907654,7000941,30533,2,800.87
907655,7010385,31370,9,1094.22
907656,7013447,30623,8,193.91
907657,7014780,31410,11,1180.36
907658,7000037,31129,10,1109.86
907659,7013028,31126,8,497.09
907660,7003455,31144,8,882.31
907661,7006497,30023,4,1065.22
907662,7012306,31175,10,307.12
907663,7010606,30564,3,402.76
907664,7006376,30934,11,227.82
907665,7006626,31475,12,151.82
907666,7005591,30967,1,394.3
907667,7011621,31260,11,923.89
907668,7013398,31286,8,61.25
907669,7004544,30400,10,326.21
907670,7009663,31176,1,209.65
907671,7007362,31132,2,1198.29
907672,7012039,30064,6,1078.67
907673,7011955,30042,8,1175.73
907674,7004861,31024,12,977.29
907675,7004322,31229,3,779.15
907676,7001471,31355,11,548.3
907677,7000366,30344,7,28.29
907678,7005490,30707,9,
907679,7008357,31146,6,382.0
907680,7013353,30065,6,38.08
907681,7012860,30453,11,179.7
907682,7013684,30811,6,573.57
907683,7013549,31199,6,1068.52
907684,7012740,30052,12,239.88
907685,7011835,30996,6,40.21
907686,7007688,30634,8,554.95
907687,7001234,30406,12,897.43
907688,7002113,30959,-4,122.65
907689,7012109,31195,2,647.02
907690,7003181,30184,2,849.48
907691,7007382,31145,2,274.58
907692,7004590,31413,5,1134.2
907693,7010399,30734,3,
907694,7002519,31157,1,41.52
907695,7000645,31343,8,950.83
907696,7010188,30670,11,900.93
907697,7006474,30444,6,444.46
907698,7011557,31245,9,962.11
907699,7012188,30606,7,952.49
907700,7008595,31435,4,933.83
907701,7000626,31132,8,886.37
907702,7014343,30597,10,434.45
907703,7011529,30210,9,534.42
907704,7004054,31370,11,1076.48
907705,7013906,30767,6,273.41
907706,7008549,30367,4,115.4
907707,7012000,31292,10,73.12
907708,7011829,31296,7,770.12
907709,7011124,30716,11,1058.01
907710,7013299,31135,7,1025.47
907711,7013639,30536,8,931.1
907712,7006951,31327,10,145.75
907713,7006658,30282,-8,909.68
907714,7002614,30475,11,849.17
907715,7003037,30365,-7,1137.66
907716,7011075,31441,-7,291.78
907717,7009411,30157,8,883.24
907718,7003931,30219,9,991.55
907719,7012875,31025,1,24.59
907720,7013839,30247,6,726.78
907721,7004206,31310,1,205.27
907722,7004311,31234,11,557.74
907723,7001329,30770,12,555.54
907724,7007910,31440,5,982.42
907725,7010814,31436,4,36.84
907726,7007569,30470,7,145.75
907727,7010335,30181,8,80.57
907728,7005705,30081,-9,
907729,7006327,30317,8,812.7
907730,7008916,31352,1,
907731,7002167,30002,2,1021.51
907732,7009921,30494,2,127.3
907733,7011391,30306,9,779.95
907734,7002847,31067,1,851.8
907735,7006832,30602,6,657.94
907736,7000452,31153,12,219.11
907737,7012103,30251,6,989.28
907738,7011084,30975,12,560.13
907739,7013130,30287,12,307.18
907740,7002855,30331,3,935.58
907741,7008493,30234,2,1039.81
907742,7010977,30757,7,
907743,7007329,30103,1,688.44
907744,7002105,30201,12,1109.74
907745,7007966,30127,6,646.37
907746,7006125,31093,12,787.18
907747,7009264,30364,12,909.11
907748,7001300,30384,4,372.31
907749,7010646,31125,2,155.27
907750,7008697,30641,5,335.98
907751,7008863,30427,8,469.54
907752,7006255,30136,9,628.02
907753,7004070,30551,10,199.66
907754,7001512,30773,10,1094.73
907755,7004001,30847,7,981.26
907756,7004961,30075,7,1129.82
907757,7008555,30437,9,315.8
907758,7006958,31432,2,118.03
907759,7014562,30890,8,949.37
907760,7009729,30462,10,348.46
907761,7008742,30103,1,262.99
907762,7009821,31003,6,998.87
907763,7013049,30775,-2,
907764,7014587,31294,6,365.55
907765,7000034,30424,3,992.93
907766,7004065,30684,4,579.46
907767,7001448,30213,7,589.35
907768,7007501,30059,8,131.11
907769,7000925,30389,8,430.53
907770,7007029,30208,2,497.76
907771,7008926,30840,2,979.17
907772,7013709,30895,10,128.15
907773,7004290,30032,12,1128.82
907774,7004128,30130,6,586.99
907775,7014522,30507,1,198.51
907776,7014853,31338,11,945.31
907777,7007353,30335,6,649.37
907778,7010507,30820,2,938.84
907779,7010423,30841,11,606.06
907780,7013809,30423,12,
907781,7006091,30164,12,886.46
907782,7000111,30873,11,57.37
907783,7010825,30830,5,560.92
907784,7007213,30259,6,665.35
907785,7007427,30756,2,454.48
907786,7014797,30394,11,160.98
907787,7014006,30497,6,884.87
907788,7006369,30339,3,811.24
907789,7006526,30583,4,786.38
907790,7006076,31334,10,389.01
907791,7004869,31233,4,1134.08
907792,7003095,30918,11,1199.6
907793,7008485,31351,1,78.81
907794,7009190,30569,8,44.79
907795,7002010,30957,12,328.82
907796,7011368,31384,11,965.98
907797,7004089,31410,1,913.03
907798,7008127,30123,12,293.22
907799,7005466,30151,2,1021.13
907800,7011931,30079,5,171.79
907801,7006372,30560,12,773.26
907802,7003186,31499,8,633.62
907803,7009486,30837,10,349.17
907804,7006002,30331,5,
907805,7004772,31143,5,725.76
907806,7013578,31176,4,379.03
907807,7011274,30232,1,693.56
907808,7001991,30917,11,566.84
907809,7010107,30248,4,856.7
907810,7001165,30921,10,1106.13
907811,7010048,30857,8,1091.78
907812,7003763,30951,4,217.78
907813,7007992,30756,5,48.71
907814,7006632,30227,4,1001.5
907815,7002538,30323,12,463.25
907816,7006580,31140,12,890.65
907817,7004870,31290,8,1143.69
907818,7002061,30823,1,276.54
907819,7007159,30478,6,
907820,7001244,30587,4,207.68
907821,7000824,31451,7,968.32
907822,7012712,30009,6,1034.23
907823,7002687,30394,2,
907824,7005759,31313,1,758.31
907825,7005310,30321,9,408.55
907826,7010201,31397,11,755.78
907827,7006319,30671,3,280.31
907828,7001330,30248,4,26.04
907829,7000091,30675,2,1169.21
907830,7005075,30662,6,501.38
907831,7006505,31303,12,256.25
907832,7012652,30838,12,1033.91
907833,7003999,30974,10,919.14
907834,7001140,30621,5,756.4
907835,7000346,31403,10,1110.97
907836,7003368,31318,11,599.97
907837,7008413,30785,5,442.85
907838,7013630,31214,10,783.09
907839,7011117,30369,6,147.28
907840,7004190,30721,11,292.75
907841,7004875,30414,10,1191.73
907842,7001853,30403,11,480.67
907843,7008551,30465,10,370.63
907844,7006021,31031,4,1002.13
907845,7003644,31015,8,807.99
907846,7011394,31070,9,801.59
907847,7008839,30147,6,816.3
907848,7005793,30002,11,170.53
907849,7006186,30721,7,66.94
907850,7014187,30041,9,432.32
907851,7009439,30406,7,516.12
907852,7010935,30073,5,434.97
907853,7005254,31281,5,751.73
907854,7002535,30797,11,1063.49
907855,7010802,30395,11,806.84
907856,7011182,31334,11,63.45
907857,7014173,31485,4,
907858,7002915,31071,3,789.55
907859,7003324,30227,11,538.38
907860,7008038,31254,9,749.33
907861,7007896,31016,11,303.97
907862,7002085,31005,1,696.2
907863,7002656,30228,7,362.19
907864,7004320,30821,10,957.69
907865,7013224,30596,6,1013.96
907866,7006892,31412,4,628.0
907867,7001462,30845,1,251.69
907868,7003505,31253,4,482.68
907869,7010226,30347,4,916.2
907870,7014143,31315,5,987.83
907871,7013619,30380,11,956.47
907872,7006837,30448,4,
907873,7005124,31478,12,863.61
907874,7000480,31037,2,417.21
907875,7010989,30778,6,257.56
907876,7011127,30276,6,1185.46
907877,7011054,30553,10,53.34
907878,7004076,31467,4,345.92
907879,7011857,31366,11,844.55
907880,7007106,30355,7,764.1
907881,7006999,30535,3,387.78
907882,7013312,30716,6,674.78
907883,7001704,30030,1,917.93
907884,7002435,30269,4,969.93
907885,7005961,30472,8,810.3
907886,7011465,30547,12,376.1
907887,7004175,31494,8,176.44
907888,7003419,30255,11,874.27
907889,7001704,30332,11,367.81
907890,7005632,30199,2,556.25
907891,7004558,30178,5,1018.74
907892,7014242,30541,10,85.16
907893,7010397,30462,1,763.87
907894,7014705,30318,12,823.77
907895,7002614,30945,12,30.71
907896,7007969,30052,8,
907897,7006159,30728,7,815.5
907898,7010736,30667,8,438.76
907899,7012452,30778,2,31.22
907900,7014286,31015,11,1013.48
907901,7010567,30871,5,
907902,7010602,31098,-9,845.82
907903,7013244,31268,9,1015.23
907904,7014790,30361,3,755.11
907905,7014559,30135,6,348.61
907906,7006625,30969,2,
907907,7009014,30208,1,354.98
907908,7003381,30256,11,546.98
907909,7010751,30078,6,
907910,7011292,30133,12,806.96
907911,7002357,30353,8,497.44
907912,7011119,30951,5,779.87
907913,7012233,30429,8,166.67
907914,7000366,30225,11,1019.29
907915,7010966,30903,10,615.03
907916,7000562,31169,7,36.94
907917,7011909,30212,11,492.62
907918,7006479,30297,7,666.2
907919,7000546,30546,11,685.5
907920,7006352,31469,4,882.95
907921,7009763,30578,10,388.26
907922,7002659,31180,5,767.08
907923,7007484,30727,4,695.67
907924,7014581,30524,8,871.09
907925,7000015,31425,9,1013.92
907926,7003688,30285,4,413.14
907927,7007853,30555,12,469.75
907928,7006672,31441,6,100.34
907929,7010832,31406,9,387.42
907930,7003315,30503,8,549.26
907931,7004524,30857,3,119.5
907932,7010945,30797,12,527.55
907933,7012027,30185,11,398.39
907934,7011102,31340,2,1029.92
907935,7012457,30325,7,845.62
907936,7006924,30723,4,389.16
907937,7008522,30773,7,
907938,7010726,31392,2,
907939,7012942,30964,1,333.21
907940,7000765,31316,6,
907941,7012151,30160,8,1076.43
907942,7003540,31422,1,812.75
907943,7009445,30332,12,225.44
907944,7013013,30770,11,83.33
907945,7003245,30530,8,457.71
907946,7002739,31278,7,355.44
907947,7001075,30027,2,537.71
907948,7005775,31376,4,1046.84
907949,7009258,30680,2,1170.83
907950,7014678,31424,9,1086.85
907951,7007189,30577,9,758.4
907952,7006103,30200,6,623.98
907953,7013894,30731,1,1170.74
907954,7005607,31068,9,965.12
907955,7006077,30572,4,360.46
907956,7006479,30722,2,897.12
907957,7013879,31069,4,15.95
907958,7006631,30682,6,745.82
907959,7009870,31058,8,873.41
907960,7003011,30206,2,322.32
907961,7010416,30275,1,503.31
907962,7009747,30293,3,1013.16
907963,7009021,30972,10,1174.82
907964,7001513,30982,1,340.74
907965,7001600,31131,6,964.92
907966,7010790,30366,12,896.12
907967,7010059,30892,12,783.94
907968,7005135,30456,10,286.05
907969,7010000,30918,4,305.61
907970,7005441,31274,1,1147.22
907971,7009484,30981,9,469.34
907972,7003054,31364,11,666.54
907973,7002567,31194,4,562.82
907974,7011908,30997,9,1030.46
907975,7005235,30151,5,1095.83
907976,7000662,30153,4,391.71
907977,7010129,30571,7,161.63
907978,7009172,31401,12,1012.15
907979,7005774,30086,5,893.36
907980,7011868,31117,2,92.48
907981,7002762,31483,11,94.28
907982,7007731,30493,2,12.66
907983,7005151,30785,12,213.34
907984,7003828,30849,9,49.45
907985,7001212,31214,4,657.0
907986,7014818,30545,6,152.87
907987,7013033,31386,2,743.82
907988,7005665,30435,6,286.38
907989,7005078,30532,11,695.11
907990,7002402,30571,1,1109.73
907991,7004726,31079,5,212.53
907992,7013206,30875,8,333.37
907993,7005184,30297,6,954.78
907994,7002726,31056,11,904.14
907995,7009625,30478,5,247.03
907996,7012150,31486,8,987.41
907997,7010227,30288,2,518.95
907998,7013548,31401,7,364.47
907999,7006405,30437,11,406.58
908000,7010741,30945,9,78.57
908001,7013406,30909,1,560.45
908002,7012747,30845,2,1170.35
908003,7007774,30349,7,521.56
908004,7003049,30405,6,57.91
908005,7003350,31174,10,861.12
908006,7001351,31475,3,
908007,7000192,31269,3,736.36
908008,7004762,31415,6,386.6
908009,7006284,31173,6,736.58
908010,7011366,30475,1,875.53
908011,7003424,30900,11,1023.43
908012,7002901,30904,4,208.32
908013,7011572,30443,5,801.2
908014,7002141,31439,5,
908015,7006095,30052,5,1194.0
908016,7003798,30406,3,596.33
908017,7007106,31457,7,
908018,7001257,31255,10,606.94
908019,7007120,30218,10,
908020,7012221,30805,5,934.37
908021,7013061,31111,10,343.4
908022,7002567,30336,6,635.58
908023,7011808,30424,2,19.93
908024,7012320,30116,6,1159.93
908025,7011304,30280,6,461.08
908026,7009287,31003,12,1020.76
908027,7005355,31033,7,215.87
908028,7012237,30522,4,
908029,7009834,31442,6,724.57
908030,7008305,31204,7,158.17
908031,7007385,30303,3,146.48
908032,7004141,30791,1,199.29
908033,7003189,31482,12,136.84
908034,7004433,30709,12,1132.07
908035,7010178,31382,12,
908036,7009191,30854,12,250.78
908037,7003441,30481,11,547.46
908038,7013736,30255,9,136.82
908039,7004841,31146,3,823.77
908040,7014733,31148,1,624.2
908041,7006547,30347,11,73.44
908042,7006418,31289,4,402.74
908043,7011349,30366,6,35.81
908044,7005787,31032,7,677.66
908045,7014742,31283,7,851.72
908046,7014951,30983,1,100.49
908047,7006983,31260,7,898.03
908048,7007445,31148,-7,990.76
908049,7009549,31205,3,130.1
908050,7012251,30670,6,364.04
908051,7007669,30603,6,803.61
908052,7012736,30764,3,249.31
908053,7006573,30285,3,878.8
908054,7012217,31373,6,
908055,7006936,31302,8,1137.9
908056,7007561,31272,6,1004.73
908057,7000417,30826,5,54.26
908058,7007531,30898,6,660.12
908059,7012109,31026,11,1127.05
908060,7006986,30495,2,785.98
908061,7012847,30350,10,450.33
908062,7012707,30169,8,260.2
908063,7010157,30765,7,812.81
908064,7014469,30101,4,681.5
908065,7008718,30541,9,694.88
908066,7009893,30879,11,
908067,7011659,31422,4,322.31
908068,7006718,31223,4,1158.55
908069,7002137,30999,4,684.21
908070,7009923,31275,1,517.3
908071,7013635,31472,11,1059.01
908072,7001415,30134,5,96.86
908073,7011907,30479,12,161.53
908074,7008891,31016,10,
908075,7008943,31476,1,413.5
908076,7006845,31309,6,186.57
908077,7013388,31340,2,638.75
908078,7006693,30526,3,738.37
908079,7002845,30283,4,646.94
908080,7005525,30486,8,613.3
908081,7014423,31242,1,908.19
908082,7000029,30186,10,230.54
908083,7000205,30351,11,669.44
908084,7000320,30786,8,1001.95
908085,7013378,30753,3,420.05
908086,7013668,30079,12,472.36
908087,7012566,31385,2,1145.63
908088,7008502,31461,12,718.18
908089,7008091,30650,3,365.29
908090,7014827,30353,3,425.19
908091,7010095,31489,5,932.35
908092,7010014,30460,4,794.59
908093,7012024,31305,11,209.1
908094,7006617,30291,3,
908095,7006150,30270,9,1120.76
908096,7005247,30867,9,501.34
908097,7007555,30076,5,1154.11
908098,7009369,30038,2,573.96
908099,7002803,30386,9,154.38
908100,7007902,30141,3,1140.76
908101,7007265,31458,5,203.57
908102,7012053,30775,5,272.83
908103,7004300,31188,5,115.6
908104,7002938,30530,5,250.63
908105,7007932,31162,1,160.18
908106,7003824,30017,11,508.77
908107,7014058,30766,8,21.42
908108,7006948,30466,8,1015.97
908109,7001633,30402,8,37.3
908110,7003854,31268,9,25.06
908111,7002135,30547,5,50.39
908112,7003758,30759,9,160.62
908113,7000330,30839,1,22.55
908114,7005929,30194,10,
908115,7011806,30935,5,535.86
908116,7002938,30593,4,680.88
908117,7002763,31463,12,124.9
908118,7004040,30523,7,742.3
908119,7001281,30698,5,846.8
908120,7001113,30317,6,684.84
908121,7000532,30409,1,937.63
908122,7001352,30285,1,936.74
908123,7014182,31039,5,932.71
908124,7012338,30785,3,157.78
908125,7001028,31403,11,1152.82
908126,7009363,30507,12,1198.46
908127,7014941,31446,7,750.46
908128,7010667,31178,9,312.44
908129,7006967,31243,7,951.96
908130,7009547,30091,3,263.65
908131,7007710,31143,4,182.96
908132,7013356,30514,3,620.87
908133,7010256,31097,1,10.29
908134,7000314,30044,4,1070.83
908135,7000949,30626,5,950.69
908136,7006307,30392,11,
908137,7006605,30297,3,1120.08
908138,7010210,30537,6,441.65
908139,7013756,30247,2,383.66
908140,7005129,30187,11,912.64
908141,7004106,30024,7,204.15
908142,7006796,31116,12,231.28
908143,7004463,30727,5,326.95
908144,7012380,31407,8,258.49
908145,7002482,30049,3,600.83
908146,7005482,31492,10,902.5
908147,7001432,30711,9,789.22
908148,7009648,30369,12,1006.65
908149,7005868,30849,5,1168.65
908150,7000583,31054,7,1106.48
908151,7011395,30797,12,55.14
908152,7013939,30558,12,1001.88
908153,7012658,31469,12,1173.8
908154,7011998,30166,12,424.47
908155,7008626,30397,10,
908156,7003573,30051,11,229.99
908157,7003408,30058,8,664.17
908158,7002712,30935,2,1128.14
908159,7008722,31089,4,816.69
908160,7011361,30919,1,930.53
908161,7005963,30150,-3,955.63
908162,7000072,30425,11,556.54
908163,7002411,30139,8,390.41
908164,7005637,31220,12,1084.45
908165,7004614,31020,6,1099.74
908166,7004083,30959,8,
908167,7012733,30026,2,1038.75
908168,7001753,31117,3,193.07
908169,7008679,31125,8,178.34
908170,7011454,31197,8,674.37
908171,7005834,31198,11,368.9
908172,7001974,30316,2,875.39
908173,7014800,30050,1,421.95
908174,7009772,31221,7,15.53
908175,7003500,31307,5,202.85
908176,7008496,30589,5,640.8
908177,7010115,31019,4,577.58
908178,7000124,30319,12,811.6
908179,7006832,30535,2,299.71
908180,7013107,30123,9,593.28
908181,7000275,31329,10,50.42
908182,7002725,30802,11,318.45
908183,7009075,31219,9,1137.35
908184,7014419,31288,8,681.9
908185,7009584,30844,8,66.92
908186,7002870,31048,11,508.91
908187,7014238,31443,1,678.52
908188,7001619,30548,1,118.6
908189,7014684,30644,3,733.19
908190,7001503,30994,1,510.73
908191,7014608,30247,1,1187.67
908192,7013615,31276,8,93.33
908193,7012997,30374,11,1047.84
908194,7012501,31468,12,169.85
908195,7000564,30644,4,424.63
908196,7008734,30362,5,472.59
908197,7007976,31177,12,126.85
908198,7000399,30655,10,173.58
908199,7007653,31391,5,752.18
908200,7014063,30016,4,423.78
908201,7003016,31015,11,605.41
908202,7000648,30567,4,50.48
908203,7008845,31108,9,74.35
908204,7008302,30360,12,1001.23
908205,7013270,30634,12,232.63
908206,7014024,30111,12,353.05
908207,7003275,30806,9,1156.35
908208,7012322,30995,5,107.08
908209,7013227,30104,9,69.74
908210,7005874,30447,6,64.33
908211,7013223,30019,9,346.18
908212,7003585,30253,1,395.01
908213,7004045,31282,2,503.38
908214,7001281,30197,4,63.67
908215,7007106,30557,6,933.16
908216,7012569,30239,9,703.81
908217,7014453,30898,4,629.49
908218,7008479,30706,6,367.87
908219,7004031,30434,10,1039.61
908220,7009970,30029,3,39.62
908221,7001368,31016,11,653.34
908222,7009439,30768,5,638.24
908223,7007574,30109,9,29.49
908224,7001045,31231,4,982.54
908225,7001077,31233,12,303.31
908226,7014068,31212,11,234.12
908227,7009918,30539,1,1142.03
908228,7006859,30251,5,747.08
908229,7012112,30167,7,717.63
908230,7011370,30317,11,1011.71
908231,7012883,30940,10,1065.12
908232,7007459,30582,10,172.21
908233,7000180,30651,3,547.81
908234,7009741,30564,8,481.94
908235,7011742,31358,9,559.75
908236,7004460,30202,7,314.66
908237,7013910,31160,12,257.82
908238,7010021,30613,7,410.81
908239,7010404,30753,6,791.58
908240,7013286,30005,1,44.09
908241,7001744,31344,11,357.64
908242,7002803,31016,10,834.09
908243,7011909,30322,7,526.41
908244,7006270,30218,4,698.87
908245,7008107,30778,6,10.31
908246,7011776,31052,1,880.69
908247,7002152,31335,11,877.2
908248,7006528,31487,4,156.04
908249,7007647,30141,9,628.07
908250,7009256,30073,2,1009.65
908251,7001414,30666,8,47.04
908252,7013972,30314,1,475.39
908253,7005779,30411,2,852.15
908254,7001170,31084,7,454.74
908255,7005582,31196,-1,590.42
908256,7004474,31114,10,58.25
908257,7001778,30259,5,893.78
908258,7000829,30656,4,147.39
908259,7013227,30840,-6,90.83
908260,7000634,30984,4,700.91
908261,7008276,30095,12,584.15
908262,7008925,30830,10,156.3
908263,7013055,31148,11,461.16
908264,7013362,31369,6,62.13
908265,7005031,30927,12,578.2
908266,7007906,30298,8,609.22
908267,7013573,30085,3,883.13
908268,7008234,31269,7,1121.65
908269,7003688,30283,8,846.24
908270,7000361,30851,3,175.14
908271,7011134,30540,1,117.41
908272,7011569,30069,11,78.02
908273,7003936,30167,4,1117.17
908274,7003087,30991,7,837.53
908275,7005276,31029,5,127.15
908276,7002212,30685,12,68.39
908277,7011637,30087,2,768.28
908278,7009000,30927,11,193.46
908279,7010946,31169,7,516.71
908280,7001038,30271,6,818.89
908281,7011910,30374,5,381.14
908282,7014636,30770,12,802.82
908283,7010233,30313,6,867.55
908284,7013071,30863,12,984.17
908285,7002718,30643,1,885.68
908286,7013747,31146,6,472.02
908287,7007832,30516,9,750.85
908288,7001787,30143,7,320.66
908289,7002417,31271,12,660.65
908290,7000008,31106,1,939.34
908291,7013371,30016,3,683.32
908292,7012943,30917,1,1028.59
908293,7012375,30152,4,540.04
908294,7010207,31347,12,
908295,7005627,30001,5,136.56
908296,7004033,30098,9,953.25
908297,7001180,30286,12,326.7
908298,7010318,30762,1,899.55
908299,7014815,31102,10,325.47
908300,7011824,30485,10,531.87
908301,7000628,30440,7,556.51
908302,7005792,31490,12,672.43
908303,7002421,30742,5,898.07
908304,7000564,30520,5,853.26
908305,7006549,31286,4,129.58
908306,7011377,30750,2,804.84
908307,7009290,30726,3,157.57
908308,7003673,31392,10,892.77
908309,7012990,30750,3,581.05
908310,7000258,30275,12,150.15
908311,7006273,30667,11,439.89
908312,7002814,31425,11,432.29
908313,7002890,31144,5,540.39
908314,7010669,30843,4,112.96
908315,7009084,30178,5,740.67
908316,7000782,30792,10,1063.81
908317,7000939,30574,12,176.63
908318,7002645,30792,5,611.92
908319,7011618,30074,4,581.07
908320,7002095,30404,12,694.2
908321,7005010,31380,4,
908322,7006478,30151,7,622.11
908323,7009757,30479,12,1074.74
908324,7012921,31166,11,593.9
908325,7006624,30030,7,181.97
908326,7004086,31436,12,718.06
908327,7006865,30122,11,1172.13
908328,7014196,31087,10,968.87
908329,7006863,30591,7,89.75
908330,7009252,30068,2,1048.12
908331,7007515,30520,7,706.68
908332,7011851,30163,4,481.89
908333,7010900,30212,12,349.25
908334,7011728,30797,11,994.95
908335,7002627,30153,9,899.02
908336,7008896,30840,9,224.36
908337,7008389,31082,11,271.66
908338,7008291,30649,3,571.54
908339,7008801,30210,4,572.45
908340,7008783,30698,2,180.11
908341,7002356,31183,12,933.87
908342,7002804,30453,12,324.51
908343,7003490,31174,10,839.82
908344,7014507,31381,8,
908345,7012657,30139,1,498.91
908346,7010803,31250,9,957.82
908347,7004503,31369,5,174.57
908348,7011511,31349,7,120.33
908349,7007615,31183,4,1092.49
908350,7005520,30728,8,349.14
908351,7004945,30337,12,964.52
908352,7008914,30086,5,781.29
908353,7001874,31151,8,882.86
908354,7011239,30478,7,773.33
908355,7009350,30904,8,17.86
908356,7007282,30839,4,205.99
908357,7009265,30247,11,325.88
908358,7002985,31455,7,40.1
908359,7000561,30634,-8,666.49
908360,7001680,30024,5,1050.26
908361,7008007,30387,10,145.1
908362,7002922,30553,4,400.54
908363,7005470,30902,9,781.16
908364,7006458,30297,4,437.05
908365,7012916,30543,8,765.0
908366,7009001,30600,9,167.48
908367,7007597,30385,4,58.69
908368,7003946,30176,8,23.71
908369,7005060,31330,6,331.15
908370,7011346,30255,10,1096.31
908371,7006126,31227,6,764.11
908372,7011476,30554,6,699.41
908373,7010337,30197,2,631.77
908374,7000940,31118,6,47.29
908375,7001190,30011,2,1121.62
908376,7007775,30401,5,813.86
908377,7005926,31109,3,574.55
908378,7005451,30349,11,256.48
908379,7004588,30816,4,1176.15
908380,7003822,30851,2,1176.33
908381,7005083,31070,1,394.07
908382,7002903,30056,9,891.89
908383,7010498,31463,6,
908384,7005382,30049,11,983.17
908385,7013083,30261,10,196.9
908386,7011950,30970,12,935.77
908387,7004889,30890,9,211.2
908388,7002215,30321,1,343.22
908389,7010627,31210,2,87.57
908390,7010377,30970,12,307.8
908391,7002707,31266,10,544.9
908392,7000569,31420,-8,1016.18
908393,7010791,30770,7,436.38
908394,7006682,30039,1,29.84
908395,7004706,31374,9,77.92
908396,7006703,30732,7,813.14
908397,7005078,31398,1,902.03
908398,7012639,30894,3,43.14
908399,7013542,30200,12,409.94
908400,7001691,30979,1,617.07
908401,7009298,30828,9,676.74
908402,7002311,31066,7,314.08
908403,7000575,31295,12,213.52
908404,7001372,31141,10,707.45
908405,7005622,30699,10,365.14
908406,7007833,31029,10,1078.34
908407,7002610,30340,12,100.31
908408,7003327,30480,10,374.9
908409,7005539,31356,3,774.51
908410,7003758,30454,8,1197.66
908411,7009271,30558,5,274.54
908412,7014645,31399,10,415.55
908413,7005780,30829,11,544.21
908414,7014580,30851,11,717.42
908415,7004916,30015,7,1026.46
908416,7007064,30351,12,503.01
908417,7007943,30167,4,
908418,7011639,30869,4,334.09
908419,7009661,30317,3,258.54
908420,7000096,30425,11,406.73
908421,7013238,30370,6,294.4
908422,7010913,30578,5,896.36
908423,7002055,30570,4,369.95
908424,7011632,31281,8,421.89
908425,7007096,31001,11,844.67
908426,7013790,31209,7,494.49
908427,7002389,30760,2,304.06
908428,7004306,31288,9,652.98
908429,7000399,31407,7,655.02
908430,7011687,30853,11,740.55
908431,7009513,30202,10,964.36
908432,7006586,30015,11,760.33
908433,7001847,31333,12,444.37
908434,7003916,30008,3,
908435,7012383,30108,9,899.23
908436,7008288,30909,11,1198.96
908437,7004689,30855,5,406.97
908438,7010780,31460,9,533.46
908439,7007408,31097,1,379.22
908440,7008580,31161,1,739.82
908441,7013944,31263,1,219.12
908442,7014495,30807,12,908.33
908443,7004636,31095,11,80.74
908444,7001137,30709,2,554.54
908445,7001796,30165,3,604.24
908446,7008052,31143,5,1184.31
908447,7008213,30924,9,
908448,7009515,31344,6,144.23
908449,7007899,31357,4,943.02
908450,7005421,30081,6,1163.14
908451,7009396,30804,3,737.88
908452,7007017,30364,2,19.0
908453,7001965,31276,3,263.29
908454,7002382,30707,7,854.08
908455,7010230,30758,7,279.63
908456,7012741,31075,9,1199.6
908457,7008979,31170,8,667.01
908458,7012215,30456,3,860.64
908459,7003882,30174,5,101.38
908460,7006120,31303,11,281.57
908461,7004050,30725,5,459.24
908462,7008805,30896,11,159.96
908463,7002372,30887,3,331.33
908464,7001507,30974,2,709.32
908465,7003185,30540,12,364.61
908466,7001384,31270,3,203.32
908467,7006329,30075,7,953.94
908468,7012880,30214,11,292.72
908469,7000224,30140,2,885.63
908470,7008969,30694,12,123.67
908471,7002040,31400,2,456.57
908472,7003963,30124,6,749.93
908473,7002767,30236,5,885.93
908474,7000316,30314,2,430.56
908475,7011844,30408,8,270.23
908476,7008465,30919,2,897.94
908477,7004702,30843,7,694.87
908478,7004672,30953,4,580.24
908479,7002883,31118,9,
908480,7012548,30728,9,1195.5
908481,7002592,31283,8,1022.16
908482,7001684,30525,12,257.02
908483,7006444,31176,1,
908484,7010987,31465,9,834.94
908485,7009174,31065,3,127.88
908486,7012481,30419,6,1168.3
908487,7002379,30699,6,345.76
908488,7006752,30266,11,1022.73
908489,7012959,30115,6,1183.65
908490,7012926,31221,7,843.01
908491,7012743,30511,11,419.21
908492,7002982,30560,11,882.12
908493,7007890,30622,6,296.27
908494,7008126,31144,3,412.71
908495,7001095,30609,10,766.53
908496,7013156,30118,6,1059.08
908497,7011730,30962,4,440.45
908498,7005585,30457,4,643.47
908499,7013482,31067,11,1165.55
908500,7007998,30092,4,1126.16
908501,7005356,30230,10,835.15
908502,7007335,31342,2,1153.41
908503,7001006,30662,11,508.14
908504,7004882,31233,11,629.19
908505,7006258,30914,4,253.82
908506,7012156,30147,10,780.49
908507,7004270,31018,9,
908508,7009709,30347,3,829.0
908509,7007653,30371,6,460.09
908510,7011791,31405,2,257.54
908511,7005440,31496,5,382.27
908512,7014632,30066,1,154.01
908513,7000149,30976,1,65.93
908514,7013837,30656,6,863.48
908515,7009706,31152,8,1174.0
908516,7003997,30777,7,208.97
908517,7001480,30825,12,1191.4
908518,7013267,30227,7,268.31
908519,7014493,31181,5,704.59
908520,7013162,30369,5,1042.3
908521,7003312,31264,1,359.56
908522,7002328,31019,8,1035.87
908523,7001983,30583,-10,861.66
908524,7001762,30119,1,867.85
908525,7007443,30220,6,980.65
908526,7005243,30547,1,941.8
908527,7011191,30313,2,908.11
908528,7011196,31496,7,563.31
908529,7008182,30514,12,724.86
908530,7004879,30529,2,172.58
908531,7008142,31305,12,769.01
908532,7009309,30766,11,313.66
908533,7014408,30059,3,249.31
908534,7013782,30353,2,125.61
908535,7011144,31329,4,445.36
908536,7010110,30004,7,868.94
908537,7007899,31169,3,255.97
908538,7004267,31487,2,940.82
908539,7009963,31208,6,346.54
908540,7008992,30288,11,68.29
908541,7011727,30833,8,770.06
908542,7012934,30378,1,839.54
908543,7013975,30109,3,496.79
908544,7007694,30876,3,10.52
908545,7003570,30956,6,357.81
908546,7014255,31248,12,427.8
908547,7000531,30454,11,603.68
908548,7012299,30978,2,321.92
908549,7014780,30019,9,932.8
908550,7013917,30883,12,1063.57
908551,7008094,31226,12,578.55
908552,7003166,30818,8,127.72
908553,7002970,30644,10,114.95
908554,7010185,30497,7,894.17
908555,7004083,30802,2,859.81
908556,7003010,31398,10,772.38
908557,7005809,30726,6,295.54
908558,7001187,30997,5,143.91
908559,7012630,30664,11,
908560,7007838,30265,11,364.39
908561,7002466,31263,8,1006.32
908562,7003647,30866,8,490.47
908563,7001076,30021,12,539.65
908564,7007876,31112,9,235.17
908565,7013503,30549,11,902.64
908566,7009611,31273,8,76.97
908567,7002045,31157,4,1036.43
908568,7012396,31216,7,57.33
908569,7005891,31339,11,693.24
908570,7009042,31320,4,371.66
908571,7007937,30245,9,816.16
908572,7006325,30881,11,1178.31
908573,7008212,30866,8,
908574,7012189,31045,11,399.93
908575,7001302,30234,2,570.32
908576,7007240,30018,11,67.42
908577,7002480,31273,6,270.81
908578,7009018,30656,6,1148.31
908579,7003071,30711,9,853.51
908580,7000032,30970,8,224.53
908581,7010460,30074,1,1003.2
908582,7012131,30013,7,255.55
908583,7013486,30910,8,1103.4
908584,7000641,31374,7,1144.45
908585,7004260,31210,5,241.87
908586,7004528,30639,2,804.61
908587,7011214,30797,2,725.91
908588,7007313,30539,8,169.44
908589,7011322,30927,6,845.86
908590,7004387,30284,3,1096.77
908591,7005405,30950,4,1053.58
908592,7007846,31103,4,1171.3
908593,7004538,30750,8,650.28
908594,7010047,31004,4,49.67
908595,7001975,31137,9,1051.83
908596,7012059,31336,4,1027.55
908597,7000876,30670,5,579.18
908598,7006789,30886,5,225.75
908599,7009671,31361,4,1048.45
908600,7004560,31146,9,663.38
908601,7001269,30668,1,1021.13
908602,7000935,31407,8,246.73
908603,7005107,30516,1,846.78
908604,7012346,30162,6,378.82
908605,7006923,31105,11,472.03
908606,7001940,31379,3,118.8
908607,7009650,31229,2,819.64
908608,7008406,30261,12,1162.73
908609,7009159,30955,6,101.0
908610,7003952,31075,5,694.94
908611,7001308,30963,1,392.91
908612,7000123,31181,8,869.7
908613,7005677,30353,7,983.72
908614,7005404,30924,11,300.22
908615,7007290,31094,10,1042.11
908616,7004193,30196,9,440.88
908617,7002095,30411,1,730.34
908618,7009922,31316,2,867.64
908619,7010330,30648,6,726.15
908620,7003025,30600,2,751.3
908621,7010212,30573,6,525.68
908622,7014635,30296,12,468.36
908623,7013309,30213,2,847.56
908624,7010330,30219,5,763.88
908625,7006886,30165,3,455.97
908626,7004548,30133,12,84.6
908627,7000709,30472,10,809.98
908628,7003275,31470,11,1095.49
908629,7009893,30719,4,988.66
908630,7013310,31448,7,1172.26
908631,7005429,30580,6,874.45
908632,7008310,30229,5,1050.03
908633,7007359,30692,1,632.55
908634,7001397,31325,12,1102.03
908635,7012337,31236,3,267.18
908636,7014172,30074,12,603.6
908637,7006029,31043,-5,
908638,7003344,30796,11,1177.72
908639,7006051,30884,8,776.46
908640,7012174,30133,6,450.1
908641,7011089,31204,6,301.3
908642,7003663,30024,9,1086.92
908643,7002216,30609,2,451.08
908644,7012697,30829,8,408.19
908645,7001779,31305,11,1126.36
908646,7008377,30434,4,1027.06
908647,7014579,31006,12,829.19
908648,7009584,30570,5,391.84
908649,7005618,30809,11,258.49
908650,7002395,30348,6,209.07
908651,7008319,30654,1,490.01
908652,7001986,30429,4,147.62
908653,7012151,30202,7,352.51
908654,7009098,30369,6,541.07
908655,7013279,31222,6,77.71
908656,7003982,31343,2,511.12
908657,7004094,30295,6,1055.07
908658,7003700,30519,11,741.96
908659,7006241,30080,6,1033.16
908660,7008509,31487,8,677.39
908661,7000184,31101,11,1195.16
908662,7000623,31251,12,
908663,7006340,30253,8,382.58
908664,7009243,30226,4,102.14
908665,7005334,30474,4,
908666,7008923,30602,1,736.2
908667,7012612,31448,7,458.68
908668,7009092,30491,1,659.45
908669,7004803,30784,9,
908670,7003877,30237,6,892.92
908671,7003338,31406,5,1036.83
908672,7013182,30699,4,643.32
908673,7004874,31495,11,
908674,7014319,30370,12,1088.37
908675,7005539,31370,7,220.89
908676,7008809,30175,1,
908677,7005797,30602,7,1032.86
908678,7001554,30543,11,336.08
908679,7000540,30942,11,395.05
908680,7007365,31374,10,1103.0
908681,7003662,31480,7,739.68
908682,7014213,30806,7,254.62
908683,7000570,30916,3,136.85
908684,7014025,31223,11,209.32
908685,7003256,31491,5,393.3
908686,7000606,30194,10,874.08
908687,7010834,30920,11,352.49
908688,7001780,30920,2,644.89
908689,7006747,30154,10,
908690,7012465,30522,6,956.07
908691,7000752,30891,7,209.08
908692,7003841,30659,6,603.65
908693,7001436,31072,9,797.67
908694,7013936,30689,4,15.19
908695,7010951,30895,5,704.58
908696,7013281,31205,8,604.8
908697,7001148,31220,11,507.0
908698,7004062,30957,5,1193.12
908699,7001443,30775,1,941.94
908700,7008780,31035,11,259.36
908701,7007381,30400,6,885.16
908702,7008358,30126,8,741.3
908703,7009624,30053,11,1016.24
908704,7006326,31020,9,282.1
908705,7003609,30982,5,1184.09
908706,7008523,30541,6,616.94
908707,7013342,31487,9,1114.42
908708,7011694,30825,6,150.06
908709,7010223,30361,-9,529.79
908710,7005450,31134,11,
908711,7010708,30586,6,204.69
908712,7008058,31209,12,905.15
908713,7002449,30330,3,425.21
908714,7009409,31396,1,134.34
908715,7009300,31040,4,467.53
908716,7004903,30065,5,
908717,7011179,30070,12,192.06
908718,7000668,30811,9,338.86
908719,7006710,30721,1,11.11
908720,7005738,31209,5,311.1
908721,7008447,30097,12,491.15
908722,7008302,30291,9,696.37
908723,7011203,31264,2,828.73
908724,7005890,30761,9,584.86
908725,7012971,31020,6,564.93
908726,7004829,30805,8,359.89
908727,7005004,30955,5,304.67
908728,7008730,30028,2,625.71
908729,7009894,31065,12,
908730,7011816,31264,2,829.44
908731,7004018,30634,11,767.89
908732,7011741,30638,12,454.92
908733,7003496,31307,9,415.09
908734,7010220,30490,12,61.8
908735,7000944,31192,5,773.81
908736,7001051,30976,7,1012.12
908737,7007031,30898,12,183.23
908738,7002720,30434,4,913.4
908739,7013412,30341,4,82.97
908740,7011273,31057,12,202.39
908741,7007900,30777,12,1052.27
908742,7007814,30794,1,942.48
908743,7001475,30562,9,62.65
908744,7011151,30796,1,652.03
908745,7007309,30456,10,177.05
908746,7001624,31123,3,190.63
908747,7011944,30849,3,409.34
908748,7013452,30812,9,944.27
908749,7010918,31235,4,244.05
908750,7000846,30033,10,87.08
908751,7011852,30897,1,123.32
908752,7009122,30604,6,580.27
908753,7014686,30110,7,814.5
908754,7008607,30197,11,514.09
908755,7009036,30090,1,933.41
908756,7006376,30864,1,574.79
908757,7000880,31037,12,
908758,7014717,30898,4,550.1
908759,7008333,31032,5,505.49
908760,7008272,30590,9,1060.68
908761,7013862,30730,2,997.85
908762,7007391,30100,8,
908763,7013319,30506,7,508.44
908764,7012806,31332,10,1007.03
908765,7002725,30851,12,336.04
908766,7012633,30652,5,285.68
908767,7001984,30087,4,378.9
908768,7004749,30027,2,625.71
908769,7008415,31096,4,530.26
908770,7010565,30224,5,666.55
908771,7004780,31155,12,1012.08
908772,7005345,30230,6,1136.63
908773,7006939,30361,6,214.12
908774,7002649,30335,8,59.53
908775,7007754,30664,9,1069.91
908776,7000597,31223,12,550.07
908777,7013220,30898,8,382.02
908778,7012228,31114,6,1188.11
908779,7008882,30774,5,302.36
908780,7003399,31488,9,
908781,7013598,31070,3,477.68
908782,7000469,31008,1,170.43
908783,7000824,30847,1,1186.57
908784,7009894,30936,11,618.47
908785,7010132,31257,11,969.37
908786,7014443,31130,7,519.11
908787,7010712,30693,5,631.96
908788,7009263,30612,5,453.47
908789,7008057,31490,7,551.93
908790,7003927,30033,4,849.09
908791,7012576,30998,9,841.38
908792,7000704,31039,11,1013.26
908793,7000330,31437,5,146.28
908794,7013676,30328,8,93.32
908795,7009341,30961,1,28.44
908796,7012348,31168,2,314.65
908797,7003158,30292,9,789.7
908798,7000688,30034,10,982.14
908799,7013426,31179,8,929.08
908800,7001154,30632,10,749.91
908801,7005576,30861,2,1049.35
908802,7012784,30788,8,305.24
908803,7013162,30974,12,1096.17
908804,7006973,31123,5,212.1
908805,7003751,31184,8,1050.93
908806,7012081,30105,3,513.01
908807,7009464,30476,4,571.48
908808,7011582,30305,7,891.58
908809,7007819,31184,5,323.1
908810,7002515,31221,1,299.58
908811,7014331,30342,1,931.52
908812,7012081,30636,-4,318.92
908813,7001890,30765,8,618.77
908814,7004088,30408,3,998.4
908815,7011484,30049,8,
908816,7002287,30930,4,186.51
908817,7000279,31428,3,853.89
908818,7006040,31073,8,844.82
908819,7008268,30804,-10,176.06
908820,7002487,30221,1,16.13
908821,7012885,30672,6,350.73
908822,7010888,31238,5,193.57
908823,7006570,30508,7,100.83
908824,7010489,30891,5,479.17
908825,7014475,30583,6,366.45
908826,7006611,30109,2,517.73
908827,7003375,31373,10,585.94
908828,7003607,30446,7,775.01
908829,7005462,31297,3,945.82
908830,7005701,30671,4,205.21
908831,7009604,30232,1,966.02
908832,7003882,30073,4,1067.2
908833,7008658,31324,10,1155.67
908834,7002675,30747,2,158.36
908835,7012839,31328,6,589.93
908836,7002270,31094,9,364.22
908837,7008405,30066,7,613.8
908838,7012108,30006,-12,1134.73
908839,7001369,31120,4,1023.52
908840,7004155,30146,11,822.65
908841,7007579,30337,10,625.51
908842,7006264,31372,3,294.14
908843,7010022,31262,1,
908844,7006692,30460,12,175.81
908845,7010751,30027,5,382.81
908846,7002739,31293,9,645.0
908847,7000885,30140,8,702.94
908848,7013456,31115,5,689.02
908849,7014400,30386,5,384.89
908850,7014489,30042,2,614.64
908851,7010878,31252,5,226.8
908852,7002124,30254,9,88.15
908853,7012699,30395,2,
908854,7003561,30275,9,944.68
908855,7002507,30848,2,798.12
908856,7001578,30765,10,184.85
908857,7005259,31457,4,256.28
908858,7013467,31237,8,168.77
908859,7009017,30554,8,1023.24
908860,7000510,30031,12,479.71
908861,7003220,30123,10,783.46
908862,7009958,30821,4,1098.88
908863,7010138,30945,9,942.77
908864,7012854,31023,8,45.89
908865,7012492,30145,5,704.63
908866,7011917,30655,8,143.61
908867,7014604,30606,12,263.02
908868,7013237,30707,3,771.42
908869,7010762,30867,2,625.95
908870,7000915,30855,11,904.9
908871,7004173,31289,4,562.49
908872,7000562,31382,12,286.38
908873,7012628,30670,10,1023.11
908874,7004020,30571,11,15.01
908875,7007891,31469,4,1114.19
908876,7014670,31320,6,179.31
908877,7009052,30093,4,1103.66
908878,7010255,30477,2,175.81
908879,7014590,31117,9,572.76
908880,7009605,30863,7,1190.83
908881,7014656,31411,5,720.08
908882,7011177,31315,8,410.65
908883,7007207,30675,2,164.66
908884,7011738,30072,4,155.94
908885,7008373,30763,11,900.34
908886,7000898,30732,1,580.8
908887,7003412,30898,2,181.59
908888,7008556,31275,12,884.24
908889,7005928,30673,1,706.54
908890,7005475,30088,8,125.28
908891,7005642,30851,6,1033.66
908892,7000173,30398,12,915.52
908893,7006625,30069,5,821.31
908894,7006871,30364,9,876.56
908895,7001043,31238,11,751.94
908896,7011451,30706,1,601.81
908897,7014112,31487,6,382.42
908898,7003286,31215,12,309.45
908899,7006834,31082,3,468.77
908900,7002358,30200,5,503.11
908901,7000763,31391,4,288.24
908902,7006319,30054,4,729.09
908903,7003129,30505,1,629.82
908904,7006285,30681,8,176.51
908905,7014949,31487,10,938.17
908906,7014155,31292,6,951.97
908907,7002528,31043,1,773.05
908908,7012906,30136,4,704.85
908909,7007991,30829,5,1102.63
908910,7012361,30359,3,951.97
908911,7007293,30619,-8,138.94
908912,7003436,30737,8,
908913,7003598,30779,2,683.56
908914,7003788,30026,3,321.88
908915,7007379,30706,11,405.38
908916,7006944,30416,3,820.91
908917,7013792,30457,10,676.23
908918,7003884,30897,1,464.14
908919,7000449,31077,3,874.99
908920,7000823,30926,5,348.26
908921,7007232,30028,4,1152.91
908922,7013076,31053,2,954.47
908923,7008158,30348,2,1100.75
908924,7004169,30840,2,809.73
908925,7000017,30923,8,199.05
908926,7002142,30315,4,198.28
908927,7003847,30386,8,935.8
908928,7000457,30249,11,202.45
908929,7010405,31069,6,1104.76
908930,7008698,31379,7,776.78
908931,7012410,30428,9,610.66
908932,7007233,31060,11,891.21
908933,7002098,30049,7,1040.5
908934,7014553,31000,12,355.31
908935,7000114,31317,8,974.43
908936,7001576,31154,10,1093.86
908937,7013441,30781,11,390.59
908938,7004470,30044,5,304.85
908939,7001788,30416,4,772.79
908940,7007472,31411,12,888.75
908941,7007005,31123,11,137.11
908942,7009751,30747,11,461.05
908943,7005044,31492,3,410.29
908944,7002167,31036,11,234.2
908945,7013927,31466,1,513.0
908946,7010700,30147,-8,1179.22
908947,7012527,30864,5,840.1
908948,7004264,30547,12,
908949,7008630,30109,5,464.32
908950,7006874,30345,7,452.83
908951,7003057,30579,11,609.51
908952,7011293,30346,5,441.28
908953,7010213,31124,5,579.55
908954,7002763,30593,11,990.05
908955,7003652,31169,12,1138.65
908956,7003403,30674,6,168.81
908957,7011385,31230,8,1162.67
908958,7003131,30030,7,
908959,7010746,30175,6,
908960,7003296,31363,9,934.17
908961,7001518,30649,6,687.74
908962,7000812,31061,4,397.72
908963,7014585,30938,12,
908964,7011816,31258,2,1055.46
908965,7000828,30120,4,20.1
908966,7006550,30525,9,178.82
908967,7000953,30643,12,541.07
908968,7006629,31293,3,403.78
908969,7003556,30790,8,194.45
908970,7012345,30726,8,622.79
908971,7007648,30157,6,1081.99
908972,7013471,31212,1,620.28
908973,7013585,30426,12,663.32
908974,7008560,30113,3,698.74
908975,7013092,31278,7,350.23
908976,7005602,31070,3,
908977,7011697,30657,10,453.37
908978,7013113,30946,4,807.54
908979,7010217,31398,4,128.22
908980,7010382,30739,5,262.8
908981,7013023,30464,7,766.56
908982,7012355,30582,1,209.18
908983,7009606,30048,8,997.45
908984,7002144,30942,6,791.05
908985,7008299,30514,4,379.37
908986,7001365,31357,2,291.55
908987,7001698,30738,8,880.88
908988,7001480,31435,8,720.59
908989,7003548,30088,6,957.08
908990,7001401,31212,3,53.88
908991,7001836,30466,9,1191.34
908992,7000315,30727,4,623.44
908993,7014050,30370,9,1061.03
908994,7000658,30305,2,981.67
908995,7009105,30444,7,28.69
908996,7010684,31287,11,221.98
908997,7012374,30997,7,172.51
908998,7013872,30047,7,559.36
908999,7007576,30106,9,713.03
909000,7004264,30562,7,504.2
909001,7013894,31180,-8,562.34
909002,7006780,31058,1,840.93
909003,7010868,30452,7,760.0
909004,7005567,30845,2,1057.77
909005,7014794,30979,7,536.21
909006,7005312,30107,11,12.15
909007,7000148,30460,2,771.08
909008,7001910,30469,8,65.38
909009,7013772,30733,8,519.36
909010,7012887,31049,5,123.94
909011,7010650,30201,2,795.09
909012,7013863,30076,5,769.56
909013,7001304,31399,8,624.58
909014,7009559,31472,11,1101.54
909015,7005470,31179,5,945.68
909016,7001407,30656,1,654.12
909017,7009058,30907,8,
909018,7003670,30822,7,1136.09
909019,7002969,30030,6,
909020,7003681,30792,1,1002.54
909021,7009257,30478,5,298.05
909022,7009874,30368,10,808.07
909023,7002726,31477,10,1186.38
909024,7014959,31438,9,47.75
909025,7014031,31245,2,1133.2
909026,7006001,30823,3,
909027,7011053,30402,11,240.12
909028,7001204,31430,10,74.86
909029,7010887,31028,4,275.28
909030,7012728,30766,11,765.35
909031,7011983,30318,10,514.87
909032,7007647,30637,7,829.13
909033,7006023,30300,4,22.1
909034,7002117,30152,9,105.87
909035,7000855,30611,9,1121.64
909036,7008077,31039,12,708.5
909037,7003597,30186,4,392.91
909038,7001061,31477,1,43.97
909039,7008832,30366,5,
909040,7004969,31135,4,694.08
909041,7013782,30657,12,712.08
909042,7012636,30872,7,774.99
909043,7010081,30905,-2,214.53
909044,7013554,31065,4,327.49
909045,7004421,30862,6,1039.75
909046,7009893,30696,1,843.88
909047,7004780,30421,-2,157.53
909048,7008762,31450,1,691.18
909049,7007729,31187,4,863.85
909050,7012239,30390,4,416.47
909051,7000193,30642,10,392.58
909052,7004715,30076,8,903.9
909053,7012198,30987,11,708.57
909054,7012207,30790,6,399.01
909055,7002401,30835,9,1188.59
909056,7004919,31246,2,286.38
909057,7006917,31414,4,143.36
909058,7012472,31256,1,1178.13
909059,7013495,31366,10,400.53
909060,7010335,30719,7,186.2
909061,7010532,30224,10,332.08
909062,7005482,30634,8,116.46
909063,7005749,31127,9,154.6
909064,7007994,31441,11,17.92
909065,7010093,30597,10,531.2
909066,7004887,31110,4,530.7
909067,7011450,31226,3,632.65
909068,7006982,30751,11,688.28
909069,7011075,30355,2,552.53
909070,7013932,30174,1,263.24
909071,7008889,30739,1,736.48
909072,7007646,30231,-3,235.72
909073,7001045,31423,8,1182.45
909074,7003274,31385,6,588.48
909075,7002387,31296,8,1188.12
909076,7012354,30243,1,1087.66
909077,7000698,30897,8,832.96
909078,7007641,30899,10,1187.58
909079,7003312,31296,6,990.69
909080,7008973,30366,7,932.79
909081,7013852,31492,1,287.92
909082,7000243,30349,6,748.39
909083,7008095,30440,12,551.71
909084,7008595,30048,-10,80.15
909085,7004515,30565,8,310.55
909086,7011409,31442,7,188.76
909087,7001929,30449,4,152.83
909088,7013451,30972,11,793.4
909089,7009651,31220,12,1023.37
909090,7005527,30144,9,807.35
909091,7014597,30136,9,112.85
909092,7005744,30923,-7,923.19
909093,7007761,30467,7,578.93
909094,7014632,30639,8,859.17
909095,7012004,30671,3,705.82
909096,7003799,30241,12,664.98
909097,7014400,31058,5,838.31
909098,7000694,30668,8,471.28
909099,7014476,31499,3,344.88
909100,7005403,30014,10,954.28
909101,7007769,30243,9,
909102,7007381,30723,9,796.68
909103,7000812,30931,11,14.05
909104,7009528,31282,11,191.33
909105,7000783,31035,12,414.72
909106,7007487,30879,2,691.69
909107,7005910,31298,10,1186.21
909108,7003323,30150,7,271.28
909109,7006574,30981,11,795.49
909110,7003840,30683,6,284.43
909111,7007319,30645,3,82.97
909112,7001349,30024,10,856.37
909113,7012064,30161,1,631.7
909114,7004101,31158,7,703.93
909115,7007306,31163,4,411.91
909116,7012094,30299,3,1002.35
909117,7010110,30780,7,71.95
909118,7009755,30185,3,1062.55
909119,7013198,31235,2,709.05
909120,7000690,31020,2,641.21
909121,7011717,30143,9,450.37
909122,7014902,31275,10,67.46
909123,7002452,30864,7,583.18
909124,7008460,30600,8,873.11
909125,7014536,30045,6,1094.18
909126,7013422,31131,7,692.82
909127,7014963,31151,4,129.62
909128,7000414,31056,11,36.74
909129,7013123,30354,4,20.11
909130,7010541,30238,1,926.28
909131,7005924,31283,10,550.59
909132,7014050,30491,9,1029.07
909133,7006273,30773,4,227.62
909134,7005909,31023,9,291.0
909135,7009172,31062,3,481.8
909136,7002061,30963,4,377.97
909137,7003356,30621,12,939.4
909138,7004641,30997,2,985.97
909139,7005923,30832,12,438.99
909140,7005119,31385,8,256.14
909141,7009073,31276,3,647.48
909142,7014065,31260,10,196.02
909143,7002826,30690,7,452.33
909144,7005053,30278,10,1118.15
909145,7000582,30578,2,569.8
909146,7004336,30832,1,452.67
909147,7008885,30675,1,164.38
909148,7013583,30880,4,749.38
909149,7001573,31284,8,231.62
909150,7001001,30640,9,1155.53
909151,7003292,30954,12,209.62
909152,7009399,30221,8,377.4
909153,7000504,30432,9,159.43
909154,7002661,30607,3,52.15
909155,7000205,31208,6,636.35
909156,7012471,30502,1,248.68
909157,7011849,31100,5,481.72
909158,7009140,30526,11,889.0
909159,7005855,30104,7,585.94
909160,7004129,30374,6,1045.57
909161,7011299,30969,1,39.48
909162,7002323,31218,11,157.65
909163,7005820,30346,4,497.91
909164,7001544,30217,3,
909165,7010784,30950,6,354.19
909166,7011849,30306,9,793.67
909167,7005430,30141,2,417.52
909168,7004827,30672,10,
909169,7004897,30277,2,258.47
909170,7004684,30193,5,826.62
909171,7003307,31222,9,1067.86
909172,7010585,30973,9,337.11
909173,7004563,30531,4,1190.08
909174,7000145,31482,3,718.99
909175,7006428,31243,5,249.79
909176,7009296,30226,4,342.74
909177,7003934,30645,6,605.22
909178,7000436,30871,10,302.26
909179,7012749,30613,9,759.78
909180,7003335,30659,4,888.5
909181,7012818,30943,12,1008.58
909182,7001465,30139,10,
909183,7012756,30530,10,681.94
909184,7003116,30451,8,921.95
909185,7004810,31135,7,
909186,7006421,31449,10,900.54
909187,7006644,30613,6,801.35
909188,7003480,31486,12,636.09
909189,7006525,31032,8,441.13
909190,7005252,30183,12,62.96
909191,7012284,31228,4,938.31
909192,7014484,30291,3,791.9
909193,7012543,30381,7,21.96
909194,7003458,31161,3,226.31
909195,7008935,31443,2,703.95
909196,7006214,30129,1,204.1
909197,7006167,30703,11,763.2
909198,7004767,30509,11,912.73
909199,7003278,30583,5,72.17
909200,7011119,31130,9,547.89
909201,7007730,30297,3,533.31
909202,7010817,30456,5,325.92
909203,7005017,30656,2,356.53
909204,7005222,30031,2,952.09
909205,7004858,30561,9,197.0
909206,7011686,30668,9,717.3
909207,7010781,30383,4,923.61
909208,7012962,30348,9,26.88
909209,7009278,30637,12,744.93
909210,7014410,30879,5,812.88
909211,7003230,30003,5,542.8
909212,7003588,31375,1,462.79
909213,7002913,30104,8,
909214,7009133,30491,12,382.99
909215,7008119,31388,1,414.97
909216,7002130,30438,7,904.49
909217,7007099,30873,2,514.36
909218,7000764,30695,7,260.62
909219,7013206,30379,12,492.33
909220,7005581,30596,10,725.2
909221,7000207,30257,7,794.47
909222,7007604,31079,3,285.31
909223,7011295,30433,1,777.06
909224,7006887,30100,12,916.99
909225,7012066,31056,10,909.56
909226,7009472,30894,1,468.47
909227,7013805,31344,12,96.46
909228,7005593,30659,6,1155.92
909229,7010884,30306,10,425.06
909230,7004182,30427,11,509.8
909231,7006961,30925,6,996.86
909232,7002984,30755,1,
909233,7008435,30294,10,59.91
909234,7007400,30625,7,1022.03
909235,7009008,30549,4,158.81
909236,7009883,30698,9,390.79
909237,7008223,30738,11,659.4
909238,7008284,31326,9,271.47
909239,7006421,30489,9,1007.45
909240,7009529,30599,5,163.78
909241,7013381,30386,6,707.92
909242,7010753,31256,2,1172.35
909243,7012570,30280,11,1181.48
909244,7010418,30711,2,1193.34
909245,7001049,30599,3,55.78
909246,7014749,30510,3,50.78
909247,7011718,31136,4,63.52
909248,7012110,31173,2,898.09
909249,7004289,30608,6,395.61
909250,7006402,31126,4,398.13
909251,7002286,30824,4,358.57
909252,7011341,30906,7,837.79
909253,7005069,31454,12,1121.05
909254,7001691,30210,4,721.55
909255,7005501,30372,10,514.61
909256,7003696,30139,12,396.26
909257,7002384,30615,2,521.17
909258,7000485,30554,2,74.88
909259,7000753,30520,11,661.25
909260,7007734,31199,8,546.9
909261,7009208,31209,9,639.94
909262,7008541,30781,4,267.96
909263,7006336,31070,10,1180.04
909264,7008975,31204,7,1194.7
909265,7008733,30744,4,1149.96
909266,7006427,30457,8,646.19
909267,7005473,30583,8,398.18
909268,7010193,30863,12,282.65
909269,7003760,31476,6,1065.9
909270,7012549,30667,2,917.14
909271,7010600,31285,7,615.18
909272,7004452,30899,2,1091.22
909273,7013314,31367,10,443.05
909274,7003169,31136,10,462.28
909275,7008198,31410,3,48.21
909276,7011647,31375,9,924.68
909277,7012126,31455,10,101.82
909278,7007899,31044,10,754.18
909279,7009450,30109,6,388.57
909280,7008533,31209,7,265.73
909281,7009686,31117,7,557.83
909282,7008394,30382,7,103.65
909283,7002657,30731,7,906.39
909284,7008273,30536,10,124.75
909285,7004589,30792,3,870.8
909286,7013986,30004,2,505.17
909287,7001877,30488,1,553.36
909288,7010287,30727,2,1154.0
909289,7014924,31006,12,1164.15
909290,7002719,30599,7,239.28
909291,7009057,30831,8,387.04
909292,7000870,30267,7,1085.63
909293,7004952,30428,4,1105.87
909294,7004364,31477,6,358.42
909295,7006693,31388,2,809.16
909296,7010341,30629,5,1086.32
909297,7006474,31262,10,659.22
909298,7005898,31003,4,295.96
909299,7004128,30772,-6,382.01
909300,7004826,31269,4,1074.11
909301,7011872,31230,6,262.24
909302,7013503,30899,2,119.13
909303,7001685,30201,8,74.78
909304,7002985,30238,4,1042.32
909305,7006751,30441,1,39.17
909306,7014518,31464,7,1090.47
909307,7004242,30116,3,274.61
909308,7013869,30567,-3,439.33
909309,7006248,30059,9,165.78
909310,7000760,30630,1,563.05
909311,7006732,31419,4,773.21
909312,7009780,31169,12,438.39
909313,7002033,31330,7,103.32
909314,7011190,30141,9,806.79
909315,7001948,30756,-7,640.35
909316,7002189,30684,11,1099.41
909317,7013443,30860,6,761.93
909318,7009774,31046,12,1034.57
909319,7008115,30191,7,226.4
909320,7014271,30268,6,165.91
909321,7000865,31284,3,1026.1
909322,7000314,30708,10,1096.21
909323,7002729,30301,2,418.9
909324,7014379,30983,6,863.31
909325,7002145,31404,9,1005.96
909326,7003790,30316,5,84.37
909327,7006848,30636,10,476.11
909328,7013754,31109,1,1145.15
909329,7010268,30787,3,316.7
909330,7007565,31132,10,42.39
909331,7003802,30071,4,922.66
909332,7010297,30561,3,276.8
909333,7005879,30765,12,890.47
909334,7000264,30910,1,
909335,7009000,30220,4,1157.0
909336,7004831,30778,8,19.97
909337,7009135,31111,9,684.65
909338,7011559,31439,3,1054.49
909339,7008908,30958,8,297.96
909340,7007926,30718,3,755.38
909341,7014958,30471,1,1070.15
909342,7014984,30920,7,854.12
909343,7014871,30509,9,445.58
909344,7007004,31165,8,846.76
909345,7002378,30128,11,1093.14
909346,7008580,30305,1,615.91
909347,7008595,31182,10,449.13
909348,7007387,31076,2,719.7
909349,7008200,30931,9,515.11
909350,7003899,31297,3,456.3
909351,7006178,31274,7,175.05
909352,7010394,30306,7,544.58
909353,7011131,31413,5,100.12
909354,7011189,30541,3,823.92
909355,7013130,30145,8,967.29
909356,7011061,31274,7,991.66
909357,7005160,30476,12,739.09
909358,7008673,30629,4,162.4
909359,7004337,30502,1,152.7
909360,7008636,30825,3,
909361,7000940,30554,6,43.28
909362,7010020,30573,3,116.13
909363,7000507,31006,8,115.39
909364,7012164,30625,10,442.84
909365,7011736,30983,12,552.39
909366,7007757,31252,7,404.91
909367,7002829,30402,2,955.16
909368,7013703,30022,4,765.65
909369,7002470,31311,10,218.48
909370,7008436,30851,10,24.37
909371,7003869,30888,10,205.63
909372,7005480,31386,1,202.5
909373,7010783,30653,10,459.99
909374,7014740,30995,8,635.13
909375,7005063,30091,11,730.38
909376,7007115,30991,12,350.05
909377,7014045,31336,1,851.52
909378,7007582,31153,1,
909379,7013479,31441,7,996.47
909380,7008290,31412,8,365.56
909381,7014525,31376,9,476.35
909382,7000926,31211,3,
909383,7005990,30351,9,538.58
909384,7002088,30178,11,635.32
909385,7014517,30581,9,797.62
909386,7012563,30962,11,291.07
909387,7000351,30613,5,335.6
909388,7011634,31060,12,476.07
909389,7012242,30216,3,316.73
909390,7006629,31287,1,
909391,7005132,30981,12,407.58
909392,7004798,30082,7,152.12
909393,7007921,30313,9,512.1
909394,7006762,30744,12,1105.15
909395,7004126,30183,6,171.79
909396,7006783,31430,7,336.25
909397,7005272,30651,5,1087.08
909398,7005891,30020,10,788.47
909399,7013108,30369,12,730.73
909400,7011816,30140,4,778.34
909401,7001914,30880,1,767.52
909402,7000969,30836,2,1030.11
909403,7003030,30595,9,192.58
909404,7003444,30060,1,1003.28
909405,7006540,30098,4,708.89
909406,7006362,30173,2,617.05
909407,7007239,30284,7,971.35
909408,7000225,31473,10,
909409,7009737,31006,2,375.57
909410,7003034,30112,4,726.91
909411,7004413,30340,2,588.59
909412,7014866,31366,12,335.93
909413,7001994,30796,1,446.9
909414,7006052,30619,10,
909415,7012797,30896,10,936.66
909416,7000400,30613,2,1053.27
909417,7014091,30704,1,1094.66
909418,7003741,30051,12,1027.53
909419,7001287,31222,2,843.7
909420,7003378,30675,11,181.76
909421,7006267,31407,9,922.41
909422,7009309,30335,10,1192.07
909423,7002129,31129,10,654.84
909424,7002987,30742,5,1199.01
909425,7012478,31298,2,756.88
909426,7010664,30316,12,686.88
909427,7008900,30348,5,137.17
909428,7004525,30701,1,1114.31
909429,7002959,31043,11,452.71
909430,7001047,30550,5,
909431,7005220,31007,8,1007.02
909432,7008486,31060,4,758.53
909433,7002470,31128,9,1062.9
909434,7004580,31064,8,301.84
909435,7011396,30989,12,822.68
909436,7014142,30273,5,594.15
909437,7008913,30301,10,816.98
909438,7003413,30784,10,1140.58
909439,7003847,30094,9,99.0
909440,7007540,31057,6,417.83
909441,7003764,31498,-3,176.75
909442,7001275,30990,3,341.49
909443,7001833,30981,4,582.47
909444,7007581,30717,8,1069.08
909445,7006092,31260,12,503.45
909446,7006927,31490,9,
909447,7007228,30842,10,108.41
909448,7004998,31315,11,303.71
909449,7013672,30030,1,748.07
909450,7002132,31060,7,451.8
909451,7005680,31058,5,840.07
909452,7013403,30861,6,547.0
909453,7013023,30427,3,345.38
909454,7012383,31369,9,471.73
909455,7005551,30013,11,331.34
909456,7005267,30866,10,426.13
909457,7013596,31372,5,90.19
909458,7014090,30520,9,523.61
909459,7008182,30345,3,625.62
909460,7012713,30715,7,533.37
909461,7009700,30083,11,1198.62
909462,7010286,30658,2,13.78
909463,7014712,30041,12,470.69
909464,7008122,30171,1,216.48
909465,7004455,31140,10,876.36
909466,7011384,30871,-7,217.22
909467,7002132,31127,7,698.31
909468,7012860,30905,10,937.88
909469,7005604,30655,4,695.54
909470,7005318,30760,3,253.92
909471,7001838,30735,6,1180.92
909472,7013984,31039,6,468.87
909473,7010552,31115,7,
909474,7012762,30682,12,24.05
909475,7007539,31448,4,
909476,7002026,30898,4,756.94
909477,7004178,30524,12,148.98
909478,7007391,30438,5,179.97
909479,7008626,30477,11,785.24
909480,7008246,30642,7,808.34
909481,7013273,31007,7,946.58
909482,7014409,31075,9,541.52
909483,7013627,31383,4,1194.7
909484,7000850,30709,8,678.72
909485,7012604,30178,1,1090.68
909486,7000647,30577,11,930.93
909487,7013320,31474,8,198.74
909488,7002632,31065,2,847.99
909489,7009611,31060,7,935.18
909490,7009126,30569,1,263.32
909491,7005294,30312,6,
909492,7004106,30115,-10,
909493,7010698,31040,11,744.19
909494,7012678,30594,12,339.87
909495,7005046,31326,5,1026.34
909496,7011846,30180,12,203.4
909497,7009753,30762,11,258.42
909498,7005760,31097,2,1053.02
909499,7008073,30010,2,525.48
909500,7008787,31215,1,642.74
909501,7012438,30132,12,1165.23
909502,7002879,31191,12,896.48
909503,7002285,30068,5,905.46
909504,7001016,30746,12,1092.51
909505,7005883,30931,3,1050.42
909506,7014469,31351,10,1138.2
909507,7012072,31443,1,922.47
909508,7002443,30568,6,190.45
909509,7014161,30843,3,471.95
909510,7011916,30246,5,810.41
909511,7001632,30351,9,139.42
909512,7011361,31457,5,421.81
909513,7010012,31130,10,1124.28
909514,7009703,30114,4,330.28
909515,7011750,31214,12,68.24
909516,7010860,30014,7,793.99
909517,7003861,30345,8,872.25
909518,7001619,31217,10,1012.74
909519,7007072,30672,5,539.05
909520,7013943,31112,2,1190.78
909521,7001106,30134,8,
909522,7011455,31454,2,464.65
909523,7001481,30291,11,838.23
909524,7003788,31025,5,634.93
909525,7000908,30987,11,111.18
909526,7007525,30461,4,386.88
909527,7004094,31062,3,659.3
909528,7001124,30773,12,817.83
909529,7009602,30404,8,1056.07
909530,7004961,30715,7,652.2
909531,7011153,31496,11,927.49
909532,7004312,30985,11,1190.5
909533,7007606,31163,1,370.78
909534,7014009,31013,2,872.98
909535,7008214,30408,6,939.51
909536,7010391,30323,11,420.37
909537,7003123,30264,4,324.8
909538,7012691,31365,8,377.09
909539,7005143,30624,11,76.62
909540,7009068,30685,9,182.5
909541,7008199,31103,11,62.65
909542,7004359,30134,1,913.99
909543,7005781,30754,3,147.63
909544,7003797,30280,4,
909545,7004734,30227,9,
909546,7003658,31068,4,395.11
909547,7014488,31455,12,994.58
909548,7008499,30475,8,35.43
909549,7012086,30849,10,112.18
909550,7011425,30597,3,258.17
909551,7008696,30930,7,
909552,7006798,30467,8,375.81
909553,7007023,30245,5,310.84
909554,7002305,30793,9,1095.32
909555,7003739,31175,12,70.55
909556,7000806,30169,1,1134.18
909557,7011663,30674,12,82.02
909558,7002463,30870,7,1079.48
909559,7012698,30916,6,561.63
909560,7006921,31144,2,481.85
909561,7011837,31158,1,51.3
909562,7000891,31468,9,1124.47
909563,7005404,30361,5,59.99
909564,7004866,30457,12,615.38
909565,7005127,31154,6,396.21
909566,7003928,30574,5,364.94
909567,7011688,30246,5,487.74
909568,7000587,30475,8,586.1
909569,7002642,31439,1,87.49
909570,7014420,31472,3,1068.31
909571,7006638,30135,11,465.37
909572,7012449,30490,6,760.31
909573,7000473,31106,4,332.68
909574,7000755,30074,2,352.3
909575,7010513,31187,5,919.8
909576,7000521,30504,3,787.78
909577,7010432,31380,4,152.29
909578,7011707,30886,6,178.32
909579,7007521,30894,12,567.82
909580,7013982,30687,4,423.82
909581,7003012,30416,1,1106.68
909582,7005280,30499,12,
909583,7004592,30241,3,139.11
909584,7009959,30802,9,835.91
909585,7011815,30297,11,115.35
909586,7001943,31053,6,796.51
909587,7003299,30130,12,351.29
909588,7006099,30197,8,760.41
909589,7011148,30347,2,608.36
909590,7004016,30773,10,48.84
909591,7008177,30651,4,1037.14
909592,7007368,30484,2,947.19
909593,7006107,31484,11,338.62
909594,7012680,30268,9,633.91
909595,7010993,30988,5,1146.13
909596,7006021,30002,12,944.96
909597,7004733,30789,6,406.48
909598,7011378,31239,2,340.19
909599,7011367,31362,7,325.64
909600,7003151,30887,9,861.84
909601,7001533,30039,4,686.75
909602,7011496,30070,3,1091.23
909603,7007762,31446,2,260.39
909604,7011173,30904,-12,123.84
909605,7013976,30010,8,873.29
909606,7005201,30157,5,419.21
909607,7014857,31140,3,822.22
909608,7001554,30625,9,1000.37
909609,7007502,30805,5,107.78
909610,7008200,31299,12,539.12
909611,7007209,30607,12,95.09
909612,7007128,31401,8,462.41
909613,7009786,31206,3,183.59
909614,7013229,31308,4,270.89
909615,7014602,30339,1,831.36
909616,7013849,30444,12,341.57
909617,7012901,30213,10,1084.06
909618,7010714,30195,9,857.98
909619,7014308,30938,10,24.33
909620,7002966,30668,6,607.14
909621,7006936,30784,3,747.57
909622,7008096,30441,4,49.83
909623,7006326,30256,6,1063.89
909624,7000239,31061,4,215.02
909625,7000255,30760,10,341.6
909626,7011787,30190,4,624.98
909627,7006696,30300,12,902.09
909628,7000856,30487,2,92.42
909629,7001935,30084,12,832.04
909630,7003867,30345,3,1160.82
909631,7006669,31267,4,98.79
909632,7000641,30274,11,794.76
909633,7001054,30592,5,927.78
909634,7006204,30279,1,686.95
909635,7004652,30200,12,483.63
909636,7005244,30855,12,737.73
909637,7002551,31190,12,871.99
909638,7004677,31312,7,793.36
909639,7002076,30877,5,521.86
909640,7009366,30991,5,
909641,7012030,30255,11,720.59
909642,7000072,31336,4,436.87
909643,7010164,30111,6,1032.2
909644,7011641,30622,12,142.47
909645,7012355,31366,11,665.95
909646,7007858,31211,-3,1064.86
909647,7009823,30294,2,801.32
909648,7000933,30703,11,1023.26
909649,7001935,30108,11,96.31
909650,7010061,30208,9,956.95
909651,7006471,30313,11,489.64
909652,7010636,30929,11,803.06
909653,7003222,30782,7,437.58
909654,7014878,30494,11,1071.1
909655,7011224,30740,5,365.38
909656,7009413,31217,2,44.21
909657,7008346,31008,4,147.69
909658,7003192,31161,1,1158.7
909659,7007234,31094,6,162.23
909660,7005087,30618,9,1036.03
909661,7003962,31491,4,1089.31
909662,7000513,30969,10,1161.88
909663,7014595,30604,3,79.9
909664,7009585,30355,2,366.11
909665,7000395,30218,8,503.28
909666,7005543,31191,7,1108.7
909667,7013597,31203,9,89.8
909668,7000748,31353,11,651.24
909669,7002273,31431,7,163.84
909670,7007698,30826,3,219.97
909671,7002746,31137,11,521.3
909672,7012245,30669,-3,1034.4
909673,7012834,30917,1,537.93
909674,7001530,30312,9,783.73
909675,7003823,30895,7,618.8
909676,7000003,30357,11,
909677,7002580,30006,2,459.1
909678,7001025,31141,4,12.67
909679,7000760,30329,7,1132.84
909680,7013042,30339,10,1183.1
909681,7010328,31268,4,971.23
909682,7003927,30984,6,904.27
909683,7008864,31177,5,170.11
909684,7005492,30837,5,1166.54
909685,7009888,31389,11,630.76
909686,7013224,31443,4,340.89
909687,7005897,30792,-4,711.14
909688,7013808,31147,9,489.55
909689,7005533,30984,3,422.1
909690,7014970,30992,11,217.9
909691,7000634,30830,3,926.57
909692,7000746,30453,5,1102.9
909693,7005955,30695,11,38.48
909694,7003647,30914,1,1003.68
909695,7004162,30313,9,238.72
909696,7001787,30763,8,945.79
909697,7004719,30559,10,155.04
909698,7003875,31242,6,323.46
909699,7010295,30828,11,784.49
909700,7013499,31333,-12,893.25
909701,7007344,30117,8,407.05
909702,7012985,30512,1,68.94
909703,7014732,31184,3,774.91
909704,7001504,30383,6,921.39
909705,7004055,31499,11,943.8
909706,7006969,30489,8,783.52
909707,7014808,31048,12,1178.76
909708,7014621,31298,5,275.63
909709,7005652,30410,5,779.86
909710,7013560,31111,2,334.69
909711,7007878,30065,10,191.34
909712,7011464,30573,10,11.71
909713,7001693,30031,3,493.17
909714,7011431,30590,6,1156.19
909715,7004988,31124,6,283.81
909716,7009420,30549,5,946.65
909717,7008023,30339,11,944.36
909718,7014628,31001,9,1140.75
909719,7005713,30278,6,396.8
909720,7008826,30814,8,724.51
909721,7009195,31328,3,1105.56
909722,7002145,31399,4,898.15
909723,7009762,30531,10,1135.18
909724,7002487,30181,9,648.85
909725,7003301,31433,4,1151.82
909726,7001588,31026,11,319.4
909727,7001113,30719,-11,575.47
909728,7008436,31017,5,1147.88
909729,7001741,31113,8,29.84
909730,7008600,31222,10,252.59
909731,7011346,31377,4,931.23
909732,7011271,30808,5,1016.32
909733,7014183,30860,12,1066.0
909734,7005522,30990,1,1196.68
909735,7002453,30102,8,1170.49
909736,7008421,31404,5,
909737,7007738,31045,4,95.13
909738,7009826,30576,5,781.28
909739,7001479,30644,7,643.76
909740,7003976,30321,5,915.28
909741,7014228,31347,5,901.19
909742,7009786,30353,9,934.98
909743,7008919,30538,5,222.84
909744,7006297,30480,11,142.21
909745,7003266,30075,8,103.91
909746,7000995,31452,3,1059.84
909747,7012635,31083,1,547.45
909748,7008316,31377,10,
909749,7011267,30700,8,328.98
909750,7005907,30810,5,
909751,7007817,31415,4,162.32
909752,7013422,30560,3,288.5
909753,7007676,30459,7,318.45
909754,7009217,30709,2,869.83
909755,7003997,30272,10,627.69
909756,7012368,30847,4,341.08
909757,7007494,30629,11,
909758,7000951,30729,10,898.51
909759,7010704,31385,7,194.38
909760,7011408,31185,12,1096.71
909761,7007567,30198,7,684.99
909762,7001931,30741,1,825.82
909763,7014799,30926,9,885.78
909764,7011265,31325,8,96.76
909765,7006034,30019,10,216.83
909766,7007415,30559,3,672.12
909767,7014171,30258,-2,290.48
909768,7002242,30253,5,544.7
909769,7013645,31187,1,256.66
909770,7004916,30469,1,188.14
909771,7005163,31100,12,1096.29
909772,7002835,31087,12,895.36
909773,7003721,30976,2,84.07
909774,7003184,30181,8,500.29
909775,7012014,31434,6,644.7
909776,7011631,30762,11,320.13
909777,7009048,31074,11,858.28
909778,7000133,31429,4,214.76
909779,7001891,31076,8,
909780,7013361,30218,12,544.02
909781,7005441,30681,4,568.97
909782,7008853,31078,7,28.74
909783,7003701,30104,3,1031.86
909784,7005371,30234,4,549.11
909785,7014261,30173,12,390.2
909786,7006476,30358,6,
909787,7009033,30999,5,945.85
909788,7010642,30846,3,1142.43
909789,7008407,30728,4,393.76
909790,7005824,30338,3,199.12
909791,7013035,31432,1,17.83
909792,7001173,30174,12,498.59
909793,7007320,31057,8,916.33
909794,7007176,30325,1,
909795,7013604,30443,1,935.02
909796,7014873,30390,4,681.02
909797,7013761,31336,1,841.29
909798,7001371,30159,8,772.22
909799,7000105,31460,3,736.0
909800,7004048,30178,12,1062.38
909801,7007041,30619,10,871.88
909802,7003299,31247,5,933.66
909803,7012814,31079,4,329.06
909804,7001126,31297,5,256.03
909805,7014484,30601,6,
909806,7008721,30497,1,787.97
909807,7004511,30437,11,759.68
909808,7004406,30642,6,927.54
909809,7005683,30245,1,874.32
909810,7010711,30302,4,518.68
909811,7007743,31454,8,913.78
909812,7011642,31091,4,907.72
909813,7009939,30767,6,943.35
909814,7003754,30063,12,493.69
909815,7006139,30717,10,1157.28
909816,7000070,30714,1,1189.8
909817,7009268,31188,12,375.33
909818,7009842,30728,5,881.23
909819,7006619,30759,6,651.73
909820,7011949,30870,6,1061.62
909821,7013110,30367,5,668.93
909822,7004916,31312,1,732.47
909823,7010962,30445,7,
909824,7005769,30611,9,766.76
909825,7010046,30853,8,71.91
909826,7007774,30954,1,463.84
909827,7009589,30424,2,1116.19
909828,7012860,30277,8,587.42
909829,7009977,30905,8,420.57
909830,7009194,30729,7,71.23
909831,7009949,31189,5,352.98
909832,7001457,30032,7,1158.08
909833,7012250,31290,2,913.99
909834,7011992,30513,2,612.41
909835,7004227,31146,7,129.44
909836,7002023,30736,3,1132.15
909837,7003405,30404,4,499.72
909838,7007845,30188,4,275.97
909839,7000496,30399,1,354.12
909840,7005925,30243,1,203.9
909841,7011635,30388,12,493.25
909842,7010964,31393,4,449.83
909843,7013725,30732,8,659.45
909844,7007354,30777,7,602.35
909845,7012901,31064,10,819.37
909846,7011188,30222,1,883.65
909847,7007581,30913,4,152.27
909848,7003175,30326,1,765.51
909849,7007193,30948,8,555.66
909850,7002156,30833,2,364.65
909851,7012878,30647,9,413.36
909852,7001181,30702,11,455.76
909853,7010409,31055,12,868.36
909854,7006211,31000,1,182.61
909855,7013693,30402,9,1199.25
909856,7008433,30017,12,485.71
909857,7009281,30416,11,592.71
909858,7003346,31137,11,999.7
909859,7014562,30967,8,932.99
909860,7010737,30263,7,212.0
909861,7008020,30926,4,899.47
909862,7000514,30906,2,736.98
909863,7002504,31340,12,833.95
909864,7008228,31338,4,550.92
909865,7007706,30588,11,96.49
909866,7005624,30861,12,624.56
909867,7001848,30020,12,
909868,7004191,30856,8,458.48
909869,7004535,31090,5,226.4
909870,7013150,30013,6,357.33
909871,7007175,30408,6,
909872,7003821,30293,4,334.6
909873,7014313,30865,10,310.71
909874,7006421,30299,11,1014.54
909875,7007538,31365,12,
909876,7013303,30322,5,1090.76
909877,7001741,30061,5,1173.67
909878,7009379,30165,5,396.55
909879,7007673,31475,2,441.12
909880,7000982,30641,1,856.75
909881,7001682,30793,10,848.1
909882,7005919,30477,11,651.41
909883,7011471,31064,4,735.42
909884,7006573,31007,5,523.23
909885,7009052,30463,7,406.53
909886,7006950,30214,5,768.22
909887,7007906,30201,11,167.64
909888,7005985,31178,2,1165.27
909889,7002498,30406,6,814.61
909890,7007073,31482,3,257.62
909891,7013344,30678,4,42.53
909892,7005161,30073,3,792.45
909893,7011168,30440,11,83.22
909894,7000892,30216,10,143.25
909895,7008020,30260,7,35.43
909896,7014618,31335,1,196.58
909897,7005583,30180,6,568.08
909898,7008277,31310,12,116.45
909899,7014967,30100,3,492.68
909900,7009067,31154,3,
909901,7004567,30348,10,1124.24
909902,7011344,30907,5,1102.9
909903,7014958,30114,11,920.1
909904,7010709,30641,3,803.89
909905,7014234,30911,7,935.26
909906,7006911,30101,3,1125.09
909907,7006792,30966,7,121.62
909908,7006961,31295,4,
909909,7008834,30465,3,617.11
909910,7012433,31196,2,589.53
909911,7008383,31379,2,
909912,7007213,30409,9,1145.64
909913,7003192,30886,3,58.44
909914,7000451,30586,9,1168.64
909915,7003767,30595,3,950.6
909916,7010354,31338,8,583.33
909917,7008411,30262,12,731.61
909918,7014634,30477,6,902.79
909919,7008026,31330,7,141.08
909920,7012248,30997,3,695.38
909921,7007929,30172,11,476.73
909922,7005742,30965,12,146.29
909923,7007054,30353,10,
909924,7000328,30947,2,870.07
909925,7012401,30383,11,906.4
909926,7012376,30364,1,452.87
909927,7005535,30770,3,1149.89
909928,7005663,30585,3,473.69
909929,7006696,30902,7,
909930,7007410,31085,7,178.82
909931,7013806,30215,9,781.61
909932,7002787,30110,7,964.61
909933,7008131,31361,7,938.96
909934,7001976,31381,7,
909935,7009212,30196,3,957.28
909936,7001579,31471,5,1107.57
909937,7010263,31203,8,172.26
909938,7006956,30978,-11,654.88
909939,7012581,31478,3,
909940,7012132,31428,4,712.01
909941,7001522,30918,2,1097.27
909942,7009782,31130,12,732.4
909943,7014752,30328,10,1071.7
909944,7006486,30176,2,
909945,7008860,30764,-1,119.22
909946,7006634,31444,9,1167.48
909947,7007588,31280,7,73.04
909948,7004084,31194,7,463.95
909949,7011125,30680,11,675.49
909950,7006004,30896,6,622.53
909951,7013464,30421,-10,647.5
909952,7009286,30322,8,612.38
909953,7012918,30249,2,860.06
909954,7004886,30464,9,223.79
909955,7006166,31032,11,1014.97
909956,7002513,30232,5,870.35
909957,7012352,30766,4,93.71
909958,7007709,31265,6,77.73
909959,7002953,30625,12,888.89
909960,7004237,31475,7,729.18
909961,7000828,30388,3,414.97
909962,7008543,30553,12,986.17
909963,7007966,31316,-3,470.81
909964,7008462,31217,3,261.74
909965,7003973,31455,6,
909966,7000642,30351,1,1185.69
909967,7012238,31293,1,26.63
909968,7011347,31001,5,892.01
909969,7009084,30129,4,998.63
909970,7014628,30346,12,1129.23
909971,7014014,30479,-8,745.56
909972,7001106,30201,11,217.31
909973,7012902,30533,8,148.02
909974,7014397,31299,4,249.47
909975,7012125,31088,10,720.76
909976,7010283,30728,4,417.11
909977,7008116,31498,3,246.17
909978,7000004,31317,12,410.94
909979,7006346,30501,3,635.42
909980,7010730,30550,6,939.28
909981,7002952,30192,10,201.64
909982,7008321,30521,6,869.33
909983,7005469,30395,12,927.43
909984,7010207,31182,8,727.54
909985,7011252,30492,7,21.66
909986,7002346,30297,5,340.64
909987,7003372,31286,12,78.43
909988,7007492,30352,5,303.47
909989,7000339,30238,12,1129.35
909990,7006219,31331,12,15.61
909991,7011363,30635,10,427.99
909992,7010092,30907,8,573.12
909993,7014770,30761,1,638.91
909994,7008096,31234,9,1132.95
909995,7002182,31083,4,1162.3
909996,7006382,31106,3,630.43
909997,7014249,31218,6,433.75
909998,7008787,30762,6,337.82
909999,7012829,31188,1,423.51
910000,7006764,31133,-10,107.45
910001,7009530,31073,3,485.46
910002,7014660,31069,11,939.42
910003,7014120,30670,6,942.18
910004,7008055,31418,3,281.67
910005,7007572,30640,7,1034.92
910006,7003374,30316,4,916.23
910007,7010691,30212,11,722.32
910008,7010224,30592,3,237.92
910009,7005703,30807,11,581.01
910010,7014295,30512,10,567.41
910011,7010799,30038,3,313.37
910012,7001893,30425,6,632.12
910013,7014791,30346,11,40.7
910014,7005779,30200,1,675.52
910015,7009065,30620,9,560.07
910016,7002454,31218,3,360.91
910017,7012162,30761,3,523.11
910018,7006328,30531,4,983.58
910019,7000608,30078,12,75.52
910020,7001365,30778,1,968.35
910021,7010007,31282,6,508.45
910022,7005518,30972,8,182.72
910023,7008287,30344,2,930.5
910024,7005434,30282,5,630.47
910025,7010288,30869,3,799.23
910026,7002246,30964,3,1054.9
910027,7007846,30693,7,1004.5
910028,7002942,31109,7,451.17
910029,7014370,31327,1,118.56
910030,7014716,30075,5,625.68
910031,7010398,31500,4,
910032,7013102,31240,7,1017.25
910033,7014954,31487,2,58.51
910034,7008113,31066,9,229.45
910035,7008258,30059,2,
910036,7004180,30039,10,384.45
910037,7009956,30895,4,885.9
910038,7002070,30943,5,992.47
910039,7012988,31441,8,600.26
910040,7008978,30020,9,178.54
910041,7009672,30943,2,
910042,7003741,30469,12,980.58
910043,7012855,31362,6,169.07
910044,7001042,30465,3,143.1
910045,7012154,30357,6,523.12
910046,7011897,30418,3,1115.04
910047,7008030,30417,7,757.7
910048,7009804,30989,9,702.48
910049,7014586,31440,12,864.12
910050,7007368,30699,4,423.16
910051,7008161,31290,5,
910052,7002355,30088,6,356.54
910053,7008843,31196,3,263.7
910054,7012822,30861,4,372.52
910055,7011498,31219,5,1065.06
910056,7006272,30585,10,25.1
910057,7006960,30988,10,838.91
910058,7003369,30988,1,261.89
910059,7000497,30902,3,1031.84
910060,7000510,30758,3,100.46
910061,7007259,31073,12,593.52
910062,7005857,31394,6,776.23
910063,7007333,30339,1,320.32
910064,7003155,30780,4,777.04
910065,7011227,31298,12,13.35
910066,7014893,30504,11,181.61
910067,7001435,30940,3,1114.54
910068,7003261,30744,2,756.55
910069,7014899,30384,6,898.03
910070,7011753,30440,1,
910071,7009411,30486,8,946.77
910072,7012943,30660,12,958.09
910073,7014080,30702,8,1018.13
910074,7005390,31360,8,93.77
910075,7010166,30872,12,994.83
910076,7012126,30886,1,969.75
910077,7004309,31209,9,421.87
910078,7012993,30578,3,1045.33
910079,7007963,30863,11,324.38
910080,7009128,31061,4,253.08
910081,7014534,30637,3,1028.4
910082,7013227,30859,6,
910083,7003448,30854,5,1184.32
910084,7010538,30617,1,1072.65
910085,7002500,31481,10,
910086,7009542,30343,8,821.03
910087,7008095,30917,5,786.85
910088,7012389,30625,8,
910089,7013973,30503,6,256.06
910090,7008397,31489,3,156.69
910091,7012804,31447,10,1073.99
910092,7001597,30666,8,962.85
910093,7009047,31380,3,1028.28
910094,7003577,30466,4,135.76
910095,7002029,30225,3,1140.13
910096,7001880,31495,9,1178.21
910097,7010907,30142,5,899.24
910098,7003309,30203,1,803.75
910099,7001194,30086,2,150.49
910100,7000715,30092,11,1061.72
910101,7005001,30069,3,23.55
910102,7010125,31101,7,826.73
910103,7008816,31131,12,1180.55
910104,7011093,30932,3,46.97
910105,7001928,30627,6,56.12
910106,7014051,30079,10,10.84
910107,7009459,30592,6,89.0
910108,7004211,30691,2,206.09
910109,7006736,30551,5,1153.77
910110,7008851,30277,9,1174.45
910111,7014083,31314,9,710.4
910112,7001953,31377,10,776.91
910113,7011423,30551,6,560.67
910114,7009198,30565,10,1010.82
910115,7014738,30065,3,824.1
910116,7006421,31435,5,705.15
910117,7011872,30575,12,291.56
910118,7008181,31353,1,898.05
910119,7006901,31256,5,1044.51
910120,7005880,30492,3,951.27
910121,7001476,30094,3,319.86
910122,7000058,31148,9,258.75
910123,7012972,31305,12,219.38
910124,7002033,30690,4,652.08
910125,7007814,31435,5,119.01
910126,7011721,30347,6,943.86
910127,7004939,30908,3,378.65
910128,7001140,30572,9,133.93
910129,7001142,30356,9,999.63
910130,7012674,31145,8,591.43
910131,7000070,31148,2,126.05
910132,7013112,31105,3,804.6
910133,7002424,30113,11,60.83
910134,7006661,30702,4,
910135,7006574,31284,12,183.03
910136,7002824,30540,3,395.65
910137,7005151,31232,3,210.26
910138,7009588,30069,6,98.86
910139,7001753,31041,6,373.01
910140,7003825,31395,2,1136.01
910141,7010324,30646,1,639.09
910142,7011989,30614,6,1001.86
910143,7002176,30750,5,
910144,7011142,30291,8,1194.36
910145,7006236,30238,5,684.92
910146,7011809,30921,7,269.27
910147,7002094,30727,9,535.58
910148,7012506,30180,5,161.87
910149,7002195,31408,11,179.47
910150,7011317,31013,1,770.1
910151,7005831,30613,7,1135.14
910152,7003216,30591,1,102.19
910153,7004602,30441,-3,1043.19
910154,7007454,30938,3,1138.24
910155,7000619,31158,3,822.55
910156,7010382,31454,8,824.93
910157,7013381,30378,4,603.24
910158,7014877,31276,3,891.91
910159,7012605,30694,12,253.25
910160,7010370,31061,10,57.55
910161,7006797,30189,-1,95.29
910162,7001378,30343,4,180.05
910163,7009537,31020,12,321.52
910164,7008835,31388,12,454.5
910165,7005195,30941,11,299.59
910166,7014115,30219,11,969.21
910167,7013504,31093,2,783.89
910168,7008426,30114,6,102.0
910169,7004798,30560,6,1094.37
910170,7014379,30318,9,942.35
910171,7014805,30265,5,229.54
910172,7012937,31223,1,203.95
910173,7013186,31094,1,66.06
910174,7012254,30121,10,284.89
910175,7000452,30427,12,
910176,7011054,31357,2,214.91
910177,7006386,30713,3,160.61
910178,7008823,30132,9,671.02
910179,7009577,30515,8,820.46
910180,7002474,31158,2,33.25
910181,7003449,30674,4,426.91
910182,7004828,30978,5,399.98
910183,7010219,30377,2,1189.67
910184,7005816,31072,1,627.43
910185,7011883,31399,8,719.13
910186,7014913,30180,11,881.24
910187,7008446,30518,12,157.84
910188,7014844,30127,4,428.77
910189,7012369,31334,10,645.29
910190,7012309,30027,9,652.98
910191,7014266,31147,11,234.67
910192,7003229,30773,12,884.27
910193,7002146,30857,8,752.8
910194,7009844,30077,3,996.69
910195,7004781,31317,10,489.07
910196,7004904,30313,2,453.73
910197,7000319,31313,3,1124.72
910198,7013148,30370,1,570.24
910199,7010772,31237,7,1023.04
910200,7010214,30158,12,512.61
910201,7002255,30639,4,901.26
910202,7008237,31043,4,751.73
910203,7010905,31044,5,801.67
910204,7011814,31057,11,
910205,7014413,30912,3,931.32
910206,7004039,31312,3,
910207,7013181,31040,10,110.16
910208,7004913,31160,2,249.26
910209,7000985,31124,9,1135.91
910210,7014702,30613,6,378.46
910211,7005536,30482,8,1097.51
910212,7010780,31009,7,
910213,7001770,31235,5,410.57
910214,7014478,31135,7,58.76
910215,7013971,30555,8,1077.27
910216,7010021,30081,3,1017.26
910217,7006414,30603,10,924.68
910218,7004210,31484,7,1186.43
910219,7012698,30215,1,1152.06
910220,7005137,31108,10,985.33
910221,7007733,30408,11,1035.4
910222,7003890,30357,9,702.66
910223,7011856,30284,4,104.41
910224,7000793,30796,8,1003.74
910225,7005936,30355,11,1059.28
910226,7001307,30938,9,559.0
910227,7014777,30479,9,329.21
910228,7006345,31286,9,378.57
910229,7004430,30205,-8,890.77
910230,7006390,30597,3,1118.39
910231,7003504,30835,3,1150.86
910232,7013509,30976,1,439.41
910233,7007598,30927,11,1118.0
910234,7005617,30796,1,1152.95
910235,7005759,30044,7,84.68
910236,7004233,31122,9,861.33
910237,7009630,30371,3,652.67
910238,7013934,30793,7,757.63
910239,7003958,30034,4,
910240,7009510,30249,3,987.27
910241,7009634,31018,10,766.18
910242,7001452,30040,7,85.08
910243,7007385,30765,12,919.41
910244,7004336,30714,11,277.79
910245,7014951,30577,3,41.92
910246,7009729,30375,10,148.87
910247,7003015,31054,5,68.09
910248,7014284,30629,6,601.24
910249,7011633,30024,8,566.34
910250,7002834,30938,12,530.18
910251,7011126,30312,6,562.27
910252,7005813,31007,7,212.84
910253,7009352,30407,4,1046.89
910254,7001000,30885,9,622.97
910255,7013818,30211,5,
910256,7007720,30806,6,393.77
910257,7005323,30513,2,350.11
910258,7003727,31297,3,135.0
910259,7005116,31244,12,1179.21
910260,7007147,30355,12,759.27
910261,7007296,30429,1,912.1
910262,7003424,30573,10,
910263,7010482,31001,5,271.57
910264,7000597,31089,3,115.53
910265,7007634,30900,5,432.76
910266,7003814,31078,3,1179.29
910267,7011765,30410,6,275.27
910268,7009662,31333,2,1163.42
910269,7009848,31357,12,854.18
910270,7007036,31108,4,887.47
910271,7012373,31012,2,265.01
910272,7012072,30053,3,856.77
910273,7011335,30050,3,538.93
910274,7001092,31169,6,943.35
910275,7012869,30371,8,491.07
910276,7004527,31057,7,481.99
910277,7006869,31360,1,298.21
910278,7011465,31079,10,759.29
910279,7002972,30805,3,332.15
910280,7014128,30931,-12,492.52
910281,7012728,31393,8,807.24
910282,7008929,31438,11,1117.96
910283,7004473,30074,1,270.26
910284,7012729,30310,6,434.21
910285,7002925,31438,12,804.97
910286,7009857,30795,11,974.98
910287,7005865,30547,7,530.45
910288,7008498,30285,7,613.48
910289,7014722,31163,11,884.0
910290,7007521,31288,3,1095.54
910291,7008595,31091,7,853.18
910292,7002558,30735,7,90.78
910293,7005857,30976,5,390.44
910294,7011789,30228,12,
910295,7010460,31412,4,676.25
910296,7006957,31429,3,503.67
910297,7003086,30694,12,528.36
910298,7003355,30208,6,706.11
910299,7014910,30674,2,281.38
910300,7012481,31404,12,
910301,7007933,30254,12,909.4
910302,7003460,31320,9,1059.1
910303,7014779,31463,5,491.08
910304,7003873,30176,3,838.3
910305,7007821,30140,2,187.42
910306,7010335,30315,10,1064.41
910307,7007019,30160,8,
910308,7002918,30229,11,705.72
910309,7011620,30155,11,394.99
910310,7009356,31066,1,1194.57
910311,7000175,30497,4,250.18
910312,7004577,31208,1,
910313,7006170,30351,10,85.72
910314,7005655,30276,4,73.61
910315,7008199,31243,6,967.72
910316,7009279,31416,4,446.05
910317,7007008,30262,5,205.22
910318,7008080,30807,6,991.34
910319,7003743,30185,2,48.4
910320,7013727,31187,12,182.8
910321,7004250,31496,12,742.43
910322,7010466,30990,3,88.69
910323,7013518,30586,8,645.17
910324,7013434,31334,1,335.49
910325,7005532,30723,8,522.17
910326,7013862,31482,8,554.53
910327,7008478,31433,11,964.07
910328,7009312,30013,8,105.31
910329,7003546,30635,4,1148.57
910330,7003306,31212,10,108.55
910331,7005063,30343,3,911.22
910332,7000944,31216,3,1157.6
910333,7001843,30259,10,339.94
910334,7010566,30535,5,234.21
910335,7011343,30679,6,391.17
910336,7006482,31455,2,1101.2
910337,7009470,30290,4,416.0
910338,7003490,30025,3,107.68
910339,7007935,31402,9,32.77
910340,7013802,31476,10,
910341,7004293,31301,10,618.47
910342,7006964,30380,11,463.1
910343,7006168,31185,7,992.86
910344,7005731,31477,7,981.03
910345,7004359,30520,3,382.57
910346,7006441,30085,11,522.72
910347,7012625,31061,3,875.96
910348,7004692,30242,9,330.63
910349,7005844,30184,5,973.67
910350,7001010,30757,1,942.22
910351,7008647,30260,10,554.36
910352,7000014,30330,1,116.26
910353,7000903,30975,8,568.34
910354,7002500,31101,6,271.96
910355,7008489,30791,10,54.8
910356,7011107,30156,11,159.68
910357,7007406,31182,11,756.15
910358,7014647,31231,2,1082.43
910359,7007088,31371,3,293.44
910360,7006947,30610,11,1012.47
910361,7003862,30869,4,909.73
910362,7009635,30891,10,696.45
910363,7014922,30830,7,1102.37
910364,7002277,30968,10,717.84
910365,7006407,30434,7,316.11
910366,7001394,31014,3,674.36
910367,7003800,30214,12,991.92
910368,7013707,30336,10,180.91
910369,7012435,30494,11,394.68
910370,7001132,31002,3,195.43
910371,7007816,30169,8,257.91
910372,7003534,30401,4,858.38
910373,7009317,30714,10,
910374,7001735,30427,6,877.27
910375,7002475,30105,6,36.82
910376,7004670,30132,8,50.46
910377,7002543,30257,5,914.28
910378,7009942,31316,8,
910379,7008080,30530,8,455.45
910380,7000047,31154,8,554.46
910381,7001539,30033,7,158.93
910382,7012059,30680,12,1100.38
910383,7011979,31229,11,611.42
910384,7000514,30293,10,716.34
910385,7003974,30937,4,17.89
910386,7001260,30694,2,968.89
910387,7005834,30765,10,305.57
910388,7003526,30192,8,1141.59
910389,7009221,30299,3,313.83
910390,7003241,31319,2,728.07
910391,7010711,30201,10,940.38
910392,7007507,30118,10,238.51
910393,7004510,30001,10,553.66
910394,7001797,30566,10,440.14
910395,7013026,31160,1,54.9
910396,7005143,30785,5,737.0
910397,7012392,30213,11,599.85
910398,7008540,30996,7,540.65
910399,7010157,31396,6,797.75
910400,7012783,30514,11,37.24
910401,7004881,31481,6,965.37
910402,7009234,31006,10,149.86
910403,7014320,31156,7,807.91
910404,7001525,30731,2,381.69
910405,7011112,31103,10,610.5
910406,7005210,31143,9,141.72
910407,7004676,30703,12,716.37
910408,7000379,30383,4,973.13
910409,7013859,30853,4,236.37
910410,7008901,30471,11,1105.71
910411,7013467,30020,3,555.89
910412,7000427,31279,7,516.08
910413,7004462,31263,6,580.55
910414,7001325,31061,1,509.36
910415,7013327,31337,12,458.21
910416,7010246,31236,9,577.63
910417,7002296,31053,9,865.94
910418,7005514,30794,5,105.38
910419,7014801,31115,8,1064.43
910420,7000051,31286,10,1086.73
910421,7003340,30581,10,900.3
910422,7008722,30155,7,205.07
910423,7013643,30491,1,448.89
910424,7005749,30470,1,914.55
910425,7006088,30170,2,1032.78
910426,7005755,31313,6,1029.9
910427,7004675,30463,12,454.03
910428,7000595,30411,3,35.68
910429,7001705,30269,5,719.64
910430,7001250,30212,1,47.47
910431,7010401,30872,1,80.25
910432,7010152,30844,11,748.22
910433,7007121,30338,5,1106.79
910434,7012314,30946,4,756.49
910435,7005867,30498,8,400.36
910436,7012693,30086,2,503.83
910437,7012051,30041,7,330.48
910438,7011009,30526,1,300.69
910439,7005234,31298,10,482.27
910440,7014454,30597,5,270.0
910441,7001731,31051,2,267.19
910442,7008387,30518,2,772.16
910443,7012108,30041,4,1046.47
910444,7002436,31415,9,111.92
910445,7001900,30301,2,674.71
910446,7008314,30629,1,830.94
910447,7011186,30899,7,67.42
910448,7005182,30886,12,1105.88
910449,7000146,30763,2,24.28
910450,7003538,30030,2,866.56
910451,7008316,31305,6,156.62
910452,7007654,31052,7,813.65
910453,7010763,31133,10,156.7
910454,7013429,30690,5,220.16
910455,7003319,30897,2,583.13
910456,7000008,30761,1,211.98
910457,7004865,31117,7,251.46
910458,7009390,31177,7,1190.42
910459,7007128,31112,11,987.58
910460,7003896,31374,12,1065.74
910461,7012194,30253,8,261.04
910462,7009213,31284,2,
910463,7007232,30224,9,241.1
910464,7009865,30454,7,524.09
910465,7002798,31325,1,490.51
910466,7006089,31383,5,57.28
910467,7005059,31369,4,
910468,7003735,31221,7,44.36
910469,7008876,31025,4,301.33
910470,7010838,30323,12,483.63
910471,7004218,30549,4,863.63
910472,7009040,30457,12,66.65
910473,7003616,30474,3,1016.46
910474,7007137,30201,3,747.31
910475,7002457,30597,5,765.07
910476,7004631,30387,2,10.79
910477,7009858,30011,3,834.73
910478,7012466,30274,5,1123.87
910479,7009289,30728,12,1089.01
910480,7001454,31273,12,465.76
910481,7014510,30707,11,728.74
910482,7012630,30818,5,395.43
910483,7010131,30066,7,419.05
910484,7011796,30348,1,863.66
910485,7010876,30836,12,469.72
910486,7011693,31482,6,
910487,7004034,30392,8,478.92
910488,7010188,30401,12,811.25
910489,7004017,30510,4,123.46
910490,7009820,30290,10,862.48
910491,7000294,30262,6,203.28
910492,7009962,31467,2,1041.22
910493,7000072,30804,11,500.7
910494,7010859,31166,10,576.68
910495,7010381,30217,5,110.37
910496,7002814,31108,5,343.71
910497,7000266,30948,6,970.74
910498,7008200,30667,11,245.24
910499,7012369,30472,9,923.7
910500,7011452,30288,5,920.53
910501,7003722,30117,3,633.92
910502,7008963,30051,8,1084.5
910503,7002117,30122,1,975.15
910504,7009171,30701,6,284.44
910505,7010373,31050,6,119.54
910506,7010813,30463,4,76.24
910507,7006737,30754,11,982.5
910508,7011054,30837,5,1165.02
910509,7002564,30466,5,622.38
910510,7002076,30665,9,990.02
910511,7010768,30969,5,824.96
910512,7012447,30851,5,439.8
910513,7010249,31398,7,663.05
910514,7009488,30494,9,387.76
910515,7004585,30462,9,229.11
910516,7002942,30665,2,911.77
910517,7013176,30288,3,716.47
910518,7010878,30512,7,
910519,7009948,30412,2,1153.83
910520,7013676,30093,10,1069.26
910521,7012898,30701,10,87.74
910522,7007028,30845,3,1050.98
910523,7004258,31338,10,1078.61
910524,7006552,31052,1,477.6
910525,7013352,30914,6,713.98
910526,7012707,31017,11,561.25
910527,7013850,30721,4,984.83
910528,7012266,31295,9,328.98
910529,7000176,30166,9,35.47
910530,7001815,31197,3,1023.22
910531,7010399,31356,7,105.04
910532,7005512,30200,7,742.37
910533,7008383,31300,9,273.74
910534,7003683,30422,5,58.7
910535,7006106,30228,12,892.27
910536,7006243,31481,3,882.36
910537,7004093,31373,3,985.14
910538,7014162,30506,10,784.08
910539,7001796,31147,3,729.51
910540,7003904,30068,9,460.71
910541,7013281,31336,2,1003.17
910542,7003111,30274,12,1158.11
910543,7011277,30680,3,1036.32
910544,7001590,30197,1,539.3
910545,7005824,31242,12,450.28
910546,7013037,30547,1,113.2
910547,7012406,30850,1,963.99
910548,7011246,30048,9,1027.15
910549,7002395,31159,2,781.17
910550,7012163,31348,6,983.48
910551,7000045,30584,5,351.67
910552,7000688,30811,1,
910553,7014666,30631,-8,146.49
910554,7006580,30175,9,112.65
910555,7006030,30984,1,1070.67
910556,7010361,30852,8,712.71
910557,7006500,30189,9,573.36
910558,7000809,30469,8,961.32
910559,7005831,30358,4,956.75
910560,7009719,31242,3,1102.72
910561,7001305,30287,2,363.43
910562,7009380,30723,9,561.48
910563,7007979,31143,9,828.44
910564,7006949,31126,6,17.86
910565,7006720,30310,7,31.97
910566,7012485,31234,6,643.83
910567,7012345,30972,5,1188.58
910568,7004949,31351,2,501.59
910569,7006661,30603,12,494.71
910570,7009007,30365,1,298.62
910571,7004689,30700,1,712.03
910572,7014600,30324,8,721.79
910573,7008769,30310,1,1020.42
910574,7007870,31067,2,199.99
910575,7013833,31306,4,855.23
910576,7011506,30203,9,303.51
910577,7011240,30813,10,453.09
910578,7009122,30646,2,716.7
910579,7012639,31260,9,873.32
910580,7000174,30242,8,798.55
910581,7002989,30943,11,579.95
910582,7009730,31219,3,358.54
910583,7011700,31264,5,954.09
910584,7004769,30372,3,66.16
910585,7007950,31246,7,
910586,7007638,30439,11,1071.59
910587,7009014,31131,11,383.44
910588,7014059,30106,6,1007.88
910589,7005457,30771,4,
910590,7011496,30445,11,208.41
910591,7004891,30907,8,11.2
910592,7014386,30117,8,906.43
910593,7002695,31381,6,840.62
910594,7010751,30909,4,60.6
910595,7001677,30715,5,860.86
910596,7004910,30156,1,491.86
910597,7008228,30596,3,1183.04
910598,7014443,30285,7,
910599,7013812,30528,3,123.54
910600,7010995,31003,4,90.0
910601,7014795,31027,-9,958.78
910602,7003729,31272,1,1157.52
910603,7014425,30645,8,232.35
910604,7003421,30826,4,967.94
910605,7012538,30042,3,485.58
910606,7001451,31431,8,1137.88
910607,7000148,31071,6,611.02
910608,7005752,31439,12,515.32
910609,7007350,30592,10,396.65
910610,7014086,30415,2,1138.58
910611,7013469,31474,7,1187.34
910612,7005762,30394,8,
910613,7004555,30438,7,225.26
910614,7000817,30847,4,344.29
910615,7013819,30379,8,833.73
910616,7009845,30438,9,1117.35
910617,7013652,31241,8,876.86
910618,7013233,30216,7,945.33
910619,7012257,30883,9,856.47
910620,7014130,30099,6,247.49
910621,7001758,30407,6,1129.17
910622,7009983,30461,9,1012.87
910623,7003238,30048,6,15.73
910624,7005755,30623,9,785.57
910625,7007871,30305,10,39.59
910626,7002389,30304,-3,535.18
910627,7013816,30014,12,996.25
910628,7012158,30433,6,646.3
910629,7008459,30488,4,429.37
910630,7007117,30130,10,802.98
910631,7009196,30661,7,948.9
910632,7005600,31139,11,410.72
910633,7013444,30798,8,881.41
910634,7001266,30288,1,503.81
910635,7009041,30454,5,267.36
910636,7012079,31467,10,
910637,7004076,30288,6,694.25
910638,7000414,31267,11,286.8
910639,7006009,31397,12,112.92
910640,7011588,31261,5,357.72
910641,7008350,31043,9,104.03
910642,7013660,30362,4,665.89
910643,7009344,31028,4,715.92
910644,7007027,30732,12,732.31
910645,7003879,31241,5,1083.31
910646,7007048,30568,9,363.95
910647,7001600,30214,12,57.51
910648,7008858,30683,7,490.85
910649,7008105,31260,2,322.51
910650,7002695,30009,2,766.79
910651,7011342,30964,7,93.65
910652,7008376,31039,5,413.01
910653,7011397,31404,8,862.79
910654,7009003,30509,2,1155.08
910655,7004095,30493,8,356.29
910656,7009861,30990,10,898.2
910657,7008638,31027,6,1036.18
910658,7004855,30189,5,360.3
910659,7013435,30183,10,517.16
910660,7001952,30019,3,806.11
910661,7014670,30557,-1,956.89
910662,7009202,31377,12,564.21
910663,7012740,31261,12,
910664,7009598,30586,11,407.76
910665,7014664,30949,6,149.05
910666,7012687,30981,3,421.08
910667,7005364,31120,9,934.53
910668,7013707,31405,8,444.61
910669,7008295,30623,5,1154.01
910670,7004352,31064,9,679.21
910671,7003388,31192,6,628.85
910672,7002706,30993,2,643.27
910673,7009819,31002,9,885.05
910674,7004674,31496,11,
910675,7002030,31471,3,684.02
910676,7000659,30192,5,
910677,7013486,30968,2,835.92
910678,7007870,31246,12,504.68
910679,7001369,30372,7,543.54
910680,7001652,30365,11,301.29
910681,7012922,30380,12,628.01
910682,7004693,30826,-12,506.74
910683,7002131,30434,3,968.58
910684,7011912,31164,9,1196.62
910685,7012286,30674,9,73.31
910686,7008547,31079,11,932.87
910687,7008548,30599,3,1128.65
910688,7000965,30612,9,316.52
910689,7005444,30888,12,1018.24
910690,7007952,30699,7,269.96
910691,7010661,30302,1,59.33
910692,7000955,31427,10,892.37
910693,7006884,30399,11,432.32
910694,7008526,30267,1,500.07
910695,7010488,30936,7,606.07
910696,7000543,30594,8,1007.92
910697,7007351,30390,7,830.26
910698,7012773,31256,12,883.57
910699,7001059,31447,7,449.99
910700,7007607,30932,3,262.33
910701,7007483,30070,9,219.79
910702,7008309,30453,11,167.99
910703,7010336,30318,11,769.75
910704,7014016,30629,1,1095.64
910705,7012652,30404,1,1072.68
910706,7010231,30657,7,927.93
910707,7002694,30542,11,710.94
910708,7009111,30102,11,1034.54
910709,7000470,31489,8,934.66
910710,7007579,30876,10,79.11
910711,7001999,30530,8,229.14
910712,7012717,30079,10,683.34
910713,7012171,30125,7,
910714,7008046,30502,4,
910715,7004041,31237,3,409.49
910716,7008493,31337,6,1178.91
910717,7000975,31151,10,546.07
910718,7000666,31068,7,123.26
910719,7014641,30192,10,957.65
910720,7005801,31135,9,806.24
910721,7013633,31479,7,76.68
910722,7008095,30719,11,1146.94
910723,7012287,31351,1,440.57
910724,7012751,31464,-10,436.77
910725,7003174,31099,2,154.01
910726,7011394,31322,1,954.44
910727,7006494,30230,11,250.51
910728,7009389,30759,9,372.99
910729,7010555,30311,1,487.2
910730,7006212,31204,10,167.42
910731,7002636,30233,7,665.82
910732,7002196,31017,1,1197.04
910733,7006295,31006,7,681.12
910734,7006083,30221,12,844.86
910735,7006668,30755,1,368.81
910736,7001833,30768,5,1155.83
910737,7001560,30143,5,922.04
910738,7011910,31331,12,640.71
910739,7012058,31484,4,483.02
910740,7009685,31060,12,1090.57
910741,7001809,31299,12,193.12
910742,7009746,30018,4,210.74
910743,7008852,30232,9,222.12
910744,7013321,30196,5,20.77
910745,7003781,30242,5,787.94
910746,7006982,30395,12,249.87
910747,7002637,30104,7,
910748,7000342,30102,3,
910749,7010598,30312,1,502.81
910750,7011628,30595,2,448.91
910751,7011623,31474,10,69.0
910752,7000848,31339,8,
910753,7014381,30696,3,376.87
910754,7012633,30815,12,116.65
910755,7004760,31009,5,1106.97
910756,7013176,30298,6,1189.2
910757,7008713,30330,10,483.42
910758,7012044,30990,4,
910759,7012342,31338,7,1001.46
910760,7007587,31008,1,1098.83
910761,7013756,30573,2,531.11
910762,7004239,30045,2,598.88
910763,7004911,30134,2,1091.61
910764,7013955,30019,4,891.94
910765,7012508,30634,10,864.6
910766,7003808,30187,9,804.21
910767,7000806,31190,3,922.58
910768,7004954,30253,6,146.98
910769,7001202,30906,6,565.15
910770,7001342,30348,5,131.81
910771,7009664,30251,5,403.4
910772,7011517,30251,4,442.74
910773,7012295,30304,2,1148.8
910774,7008644,30197,3,554.01
910775,7011585,30016,7,85.96
910776,7007924,30816,5,925.58
910777,7013259,31269,2,695.2
910778,7009769,30819,3,940.05
910779,7009913,30532,9,115.28
910780,7010108,30754,1,562.59
910781,7009834,30690,9,1066.65
910782,7014216,30401,1,888.59
910783,7010145,31150,11,
910784,7003932,30245,9,828.12
910785,7002546,30221,4,128.73
910786,7006595,30563,12,998.14
910787,7006817,30060,6,833.67
910788,7014699,30106,12,812.38
910789,7003024,30046,6,
910790,7009380,30234,7,694.57
910791,7013750,30682,3,1126.49
910792,7007103,30879,12,647.61
910793,7003345,30508,9,243.76
910794,7010104,30968,9,346.64
910795,7008968,30864,2,975.1
910796,7000169,31020,11,860.33
910797,7009257,31295,1,328.48
910798,7004868,30023,11,1022.71
910799,7003159,30928,8,141.03
910800,7003061,30223,10,101.14
910801,7006372,31470,8,1001.41
910802,7006540,30580,5,344.83
910803,7002376,31177,3,841.71
910804,7010805,31039,2,1195.26
910805,7000473,30595,11,417.81
910806,7012789,30330,3,984.03
910807,7009158,30214,11,305.96
910808,7008597,30465,8,86.59
910809,7009345,31049,3,1039.28
910810,7002925,30052,2,485.7
910811,7002682,30423,-3,340.06
910812,7000287,30307,3,520.2
910813,7010237,30548,2,592.37
910814,7004372,31342,8,66.88
910815,7010169,31202,11,
910816,7001723,31193,5,539.26
910817,7006558,30184,1,541.09
910818,7013706,30565,2,607.32
910819,7004688,30911,6,1062.54
910820,7009484,30467,12,
910821,7011966,30716,11,530.5
910822,7005352,31264,4,711.82
910823,7006570,30287,11,993.91
910824,7000347,30738,4,842.91
910825,7011809,30886,8,1110.62
910826,7008362,30078,12,1125.13
910827,7002002,31198,8,140.61
910828,7014137,30638,5,627.18
910829,7013069,31165,10,844.63
910830,7013361,30690,1,307.58
910831,7002072,30430,11,898.0
910832,7005928,30074,6,772.56
910833,7013169,31286,8,330.44
910834,7005365,30650,4,339.98
910835,7001124,30207,7,974.33
910836,7000464,30945,10,
910837,7013534,31149,10,1034.27
910838,7008664,30881,11,667.51
910839,7007420,30855,10,555.85
910840,7004859,30289,5,
910841,7002624,30271,10,1098.1
910842,7006701,30621,10,805.32
910843,7007478,31285,7,1092.06
910844,7010525,30606,6,1082.19
910845,7013343,31402,11,27.71
910846,7007646,31435,5,400.14
910847,7006916,31045,3,871.47
910848,7011066,30289,7,647.59
910849,7005852,30230,1,235.27
910850,7000816,30002,3,
910851,7004216,31302,11,843.87
910852,7010304,30130,8,74.05
910853,7011763,30318,1,514.03
910854,7000353,31353,4,1147.72
910855,7007637,30989,7,1080.27
910856,7001077,30832,10,677.11
910857,7005660,30644,8,1190.45
910858,7006950,30562,3,676.78
910859,7009616,30417,10,44.7
910860,7007962,31213,12,1077.08
910861,7013739,30587,2,1083.59
910862,7001071,30419,-4,1139.05
910863,7006670,30547,9,297.66
910864,7006132,30780,5,987.02
910865,7001923,31097,7,908.75
910866,7008383,30018,8,816.04
910867,7014244,30315,1,350.77
910868,7000584,30769,7,878.96
910869,7003436,30363,10,793.7
910870,7012263,30926,9,959.81
910871,7014972,30751,8,47.99
910872,7002557,30593,12,1188.02
910873,7008956,30782,9,729.36
910874,7008935,30807,2,130.46
910875,7004593,31325,10,429.43
910876,7000976,30175,1,959.04
910877,7010189,30838,3,595.8
910878,7001455,31496,2,100.64
910879,7009543,31499,3,424.76
910880,7011339,31341,11,166.12
910881,7011266,30185,10,476.46
910882,7005486,31012,3,1024.62
910883,7014436,30199,3,511.1
910884,7009373,30611,10,464.27
910885,7014752,31482,5,
910886,7006202,30411,2,36.37
910887,7003439,30875,9,217.46
910888,7003516,30210,6,206.44
910889,7004642,30316,3,1019.18
910890,7008266,30672,12,317.23
910891,7008116,31062,9,916.49
910892,7014126,31262,11,274.95
910893,7000319,30105,7,1135.28
910894,7014870,31224,3,296.48
910895,7002206,30691,7,741.51
910896,7009966,30472,4,682.19
910897,7005779,30310,1,718.4
910898,7009664,30707,5,556.25
910899,7006571,31100,3,1148.89
910900,7007404,30747,6,413.8
910901,7002125,30917,7,485.13
910902,7011801,30589,2,771.78
910903,7003238,30914,6,619.6
910904,7007417,30621,9,
910905,7011802,30039,3,169.88
910906,7007691,31245,9,947.76
910907,7000132,30901,8,871.54
910908,7000537,30147,12,548.86
910909,7005008,31147,8,56.95
910910,7008366,30067,6,468.42
910911,7013001,30709,11,292.94
910912,7004580,31091,10,1178.65
910913,7004571,30161,4,1011.92
910914,7001123,30565,12,450.7
910915,7005890,31209,6,377.77
910916,7002095,30064,1,275.29
910917,7014261,30377,4,946.04
910918,7012799,30306,11,749.82
910919,7004420,30091,-2,294.21
910920,7007963,30509,7,915.0
910921,7006009,30604,4,27.92
910922,7001987,31482,-1,665.69
910923,7005817,31057,7,93.74
910924,7012208,31292,2,579.36
910925,7006328,30263,2,267.29
910926,7007186,31182,3,723.53
910927,7000649,30715,-11,394.9
910928,7002695,30817,9,687.78
910929,7004506,30528,5,667.24
910930,7011261,30382,1,371.05
910931,7013000,30836,4,505.22
910932,7005601,30962,2,284.02
910933,7006356,30283,10,621.29
910934,7009285,30031,10,927.8
910935,7009703,31150,5,312.35
910936,7011982,30864,3,1070.52
910937,7002833,30212,2,532.36
910938,7001889,30788,4,788.31
910939,7005481,30498,-1,606.07
910940,7001579,30783,9,540.87
910941,7005403,30670,3,417.91
910942,7007143,30768,6,1110.82
910943,7009150,30241,6,229.97
910944,7010392,30403,3,1130.86
910945,7001141,30567,7,1189.62
910946,7008880,30720,9,330.0
910947,7007170,30817,8,477.45
910948,7003534,31192,10,875.63
910949,7009313,30243,7,1142.79
910950,7008183,31203,2,431.99
910951,7008068,30663,11,157.32
910952,7000689,31010,10,876.11
910953,7010572,30483,11,1118.71
910954,7002844,30726,5,549.24
910955,7010411,31469,3,704.91
910956,7011001,30683,1,433.62
910957,7008563,31201,11,487.1
910958,7014279,30843,9,251.98
910959,7005233,30395,9,1102.63
910960,7004935,30995,12,1135.95
910961,7011681,31190,2,255.71
910962,7012407,30482,1,1053.1
910963,7001458,31323,1,1053.14
910964,7011802,30543,12,982.07
910965,7004399,31426,1,746.47
910966,7005792,31234,11,
910967,7009849,30115,11,389.92
910968,7000927,31217,7,416.45
910969,7007918,30998,6,529.18
910970,7010870,31470,7,668.38
910971,7005773,31194,4,971.05
910972,7007031,30912,11,483.29
910973,7005494,31327,8,1093.71
910974,7009918,30730,1,308.51
910975,7014445,30753,12,1102.88
910976,7000935,31488,12,431.08
910977,7007953,31168,10,381.29
910978,7003499,30225,4,833.24
910979,7009211,30646,12,
910980,7010575,30544,2,124.21
910981,7013444,31226,5,1123.22
910982,7008492,31067,11,226.31
910983,7014350,30454,11,560.28
910984,7002722,30287,3,860.54
910985,7011995,30036,1,291.59
910986,7011822,30732,4,438.22
910987,7001240,30755,9,1128.56
910988,7009076,30588,11,
910989,7006085,30731,3,450.69
910990,7013140,30269,6,815.94
910991,7003678,30560,4,861.02
910992,7008927,31465,10,167.23
910993,7010728,31264,9,252.81
910994,7010563,31354,10,868.52
910995,7007819,31045,12,275.25
910996,7013170,30380,4,353.87
910997,7002847,30580,1,987.1
910998,7007539,30086,12,20.85
910999,7005635,31141,9,62.44
911000,7010189,31232,1,939.32
911001,7010975,30020,6,249.33
911002,7011531,30239,2,1164.98
911003,7010102,30626,7,935.26
911004,7007334,30471,1,575.48
911005,7004110,31164,6,660.53
911006,7004287,30242,8,524.76
911007,7007395,30982,4,817.49
911008,7004730,30690,9,179.37
911009,7006548,31154,6,1161.13
911010,7011417,30093,5,431.28
911011,7002419,30049,11,18.04
911012,7010590,30824,1,363.63
911013,7009818,30821,4,1021.48
911014,7003703,30972,4,100.42
911015,7006767,31024,1,1112.72
911016,7004453,30220,2,988.41
911017,7005780,30850,11,587.03
911018,7013394,31096,5,896.08
911019,7001931,31408,4,761.18
911020,7008776,30230,6,
911021,7006783,30533,1,1048.27
911022,7005303,31250,5,517.1
911023,7007532,30938,4,74.81
911024,7002688,31296,8,136.56
911025,7011286,31321,2,316.97
911026,7005970,30061,11,
911027,7002224,30230,7,31.55
911028,7012893,30788,1,1024.86
911029,7013669,30203,4,781.29
911030,7001547,30782,11,431.17
911031,7005160,31072,6,1104.52
911032,7003224,31128,1,195.26
911033,7012162,31066,5,780.26
911034,7009445,31209,4,1008.54
911035,7001160,30784,9,980.04
911036,7005250,30056,6,877.45
911037,7006928,31404,10,142.36
911038,7009753,31430,8,651.06
911039,7007823,31320,7,262.66
911040,7003154,30348,6,391.03
911041,7003594,30985,9,1147.61
911042,7001016,30454,12,986.13
911043,7002115,31037,7,1004.05
911044,7008178,31406,9,418.74
911045,7014091,31214,7,642.65
911046,7001125,30955,5,475.81
911047,7011716,30365,4,923.9
911048,7002653,30678,4,575.45
911049,7006143,30749,5,99.93
911050,7012549,30263,2,959.55
911051,7014687,30571,9,182.08
911052,7000233,30252,12,400.94
911053,7009802,31343,10,151.45
911054,7000051,30360,2,27.81
911055,7006212,31257,2,315.7
911056,7001687,31409,4,859.87
911057,7009520,31197,6,386.3
911058,7011646,30926,9,833.54
911059,7003540,30213,12,299.84
911060,7014841,31062,2,714.71
911061,7009015,30283,12,232.02
911062,7001679,31362,8,875.3
911063,7014467,31020,10,26.68
911064,7003036,30914,12,466.37
911065,7004249,30667,9,281.23
911066,7008196,30714,6,1035.17
911067,7008475,31034,11,836.4
911068,7002817,31427,3,1123.75
911069,7002510,30792,7,1141.98
911070,7000492,30735,1,591.95
911071,7014381,30829,-5,1149.8
911072,7014137,31416,7,729.38
911073,7002521,30278,11,99.24
911074,7011721,30134,2,687.1
911075,7013578,31471,5,832.55
911076,7001550,30943,11,1004.08
911077,7013013,31227,9,1164.14
911078,7010485,30696,6,184.61
911079,7008976,30565,2,975.44
911080,7005092,30120,1,706.35
911081,7008883,31414,3,744.06
911082,7003329,30778,3,577.1
911083,7001737,30381,2,1116.27
911084,7004945,30020,5,976.05
911085,7003702,30492,12,466.03
911086,7005405,31050,4,1081.34
911087,7009187,31294,8,811.8
911088,7014252,31106,3,594.19
911089,7007149,30939,9,804.38
911090,7007452,31486,1,226.82
911091,7010957,30152,4,102.33
911092,7004032,30312,12,14.21
911093,7012378,30231,8,
911094,7013051,30222,4,1062.95
911095,7000147,30531,8,
911096,7004535,30967,10,222.98
911097,7008021,30997,7,317.0
911098,7001089,30683,-2,680.07
911099,7009985,30155,5,212.92
911100,7009948,30353,8,269.81
911101,7005289,30198,8,901.71
911102,7008675,30839,3,
911103,7011045,30159,4,93.68
911104,7006886,31004,2,163.18
911105,7002768,31283,2,63.54
911106,7006468,30515,8,405.69
911107,7004497,30325,3,71.56
911108,7007572,30521,9,917.05
911109,7007362,31135,9,262.41
911110,7005072,30762,9,
911111,7014866,31059,11,110.03
911112,7001060,30787,2,159.64
911113,7000535,30960,2,729.74
911114,7012757,31153,1,505.16
911115,7006473,30050,3,1048.84
911116,7008285,30228,1,524.43
911117,7000442,31132,2,196.71
911118,7000385,30709,3,369.96
911119,7014899,31120,6,511.86
911120,7007935,30890,2,599.15
911121,7014659,31257,6,300.89
911122,7007188,30419,11,881.31
911123,7004824,31465,1,1177.91
911124,7004032,30109,2,214.53
911125,7003668,31321,4,42.9
911126,7003053,30609,3,561.31
911127,7012533,30186,5,1176.73
911128,7010042,31302,10,118.38
911129,7009767,31411,2,521.58
911130,7014203,31251,4,118.63
911131,7006680,31099,5,947.41
911132,7005528,31225,7,497.42
911133,7006884,31445,12,1181.09
911134,7005065,31472,8,726.49
911135,7010471,30529,5,321.88
911136,7002438,30034,11,182.98
911137,7002283,30570,5,31.46
911138,7014812,30972,3,461.14
911139,7001644,31317,4,924.62
911140,7009934,31057,1,562.23
911141,7005441,31040,7,916.0
911142,7007132,30067,5,1197.71
911143,7009541,30360,3,144.82
911144,7012233,30393,3,922.31
911145,7008832,30534,12,154.48
911146,7005289,31382,3,736.83
911147,7009762,30653,2,82.33
911148,7010129,30421,7,87.11
911149,7007848,30002,3,641.78
911150,7008515,30703,2,956.76
911151,7012560,31276,3,876.73
911152,7000405,30639,3,632.76
911153,7008493,30220,3,639.62
911154,7012701,30904,3,903.28
911155,7007212,31108,11,851.01
911156,7005742,30370,11,345.32
911157,7014816,30372,1,333.04
911158,7008785,30097,2,574.93
911159,7007950,30777,7,108.7
911160,7013075,31382,10,801.11
911161,7005700,30643,5,861.46
911162,7002293,31209,10,886.42
911163,7001362,30660,4,813.75
911164,7012259,30353,10,392.28
911165,7002555,30268,11,655.68
911166,7010767,30339,8,74.52
911167,7013788,31202,2,1105.63
911168,7013754,30823,2,141.03
911169,7001814,30059,11,508.39
911170,7007379,30339,2,1031.03
911171,7006127,30261,3,722.18
911172,7014476,30979,1,990.53
911173,7014752,31021,2,488.75
911174,7009134,31279,7,972.88
911175,7007623,31055,2,477.54
911176,7013004,31080,12,137.73
911177,7013964,31288,8,796.61
911178,7001914,31256,7,638.8
911179,7012211,30122,8,387.27
911180,7000143,31471,10,179.34
911181,7008683,30004,5,70.47
911182,7009174,30423,1,376.48
911183,7002593,31055,11,694.95
911184,7008794,30463,6,372.77
911185,7005250,30598,2,482.86
911186,7010732,30386,5,327.64
911187,7001766,30093,8,724.56
911188,7010138,30572,-6,1046.91
911189,7013068,31171,3,357.32
911190,7003146,30239,11,805.99
911191,7003770,30829,-4,718.9
911192,7014949,30932,7,1124.76
911193,7010465,30859,4,1157.46
911194,7014126,30285,12,600.56
911195,7001216,31416,3,817.2
911196,7014441,30269,1,30.42
911197,7009816,30271,5,814.2
911198,7004039,30959,9,55.66
911199,7002794,31335,12,86.39
911200,7013385,30403,2,14.59
911201,7013114,30724,2,433.79
911202,7007035,30191,8,84.47
911203,7005535,30867,11,96.34
911204,7012926,30535,9,952.09
911205,7007790,31284,5,91.07
911206,7005142,31202,-12,1150.99
911207,7012467,31270,6,1117.47
911208,7009811,30058,3,1048.43
911209,7002785,31142,1,521.75
911210,7002480,30893,4,
911211,7006374,30927,4,811.85
911212,7014937,30311,12,286.22
911213,7006048,31349,12,1020.15
911214,7004539,31003,12,631.54
911215,7004555,30336,1,967.83
911216,7012321,30363,10,77.99
911217,7012376,30218,9,172.59
911218,7000219,30353,1,1070.9
911219,7000408,31063,9,914.73
911220,7014191,30837,9,1140.72
911221,7011906,31035,1,662.43
911222,7007074,31457,2,
911223,7005995,30304,4,682.78
911224,7003015,30427,11,824.78
911225,7012456,30915,6,781.4
911226,7000119,30264,1,1016.27
911227,7005173,31164,5,1064.36
911228,7014056,30443,2,1125.73
911229,7006099,30267,2,647.1
911230,7014830,30677,5,
911231,7007854,30207,2,1082.81
911232,7006379,30398,4,626.28
911233,7006202,30293,9,532.2
911234,7000827,30570,3,23.38
911235,7011027,30099,7,450.53
911236,7003827,30552,5,70.37
911237,7014185,31281,10,225.45
911238,7014108,30643,3,162.24
911239,7007103,30225,4,569.28
911240,7002215,31296,12,681.1
911241,7010537,30788,6,157.44
911242,7011754,31132,11,221.76
911243,7012054,30423,6,671.54
911244,7008815,30267,12,694.94
911245,7011793,30891,6,34.53
911246,7003758,30813,6,481.21
911247,7010449,31397,8,994.87
911248,7003173,30592,11,518.66
911249,7004817,30462,5,409.15
911250,7013433,31190,4,610.98
911251,7012424,30150,6,851.23
911252,7000127,30274,9,780.73
911253,7009686,30131,9,567.26
911254,7014530,30831,10,1041.89
911255,7005694,30955,1,1020.2
911256,7009616,30302,9,1171.97
911257,7011914,30849,10,292.29
911258,7002183,30915,5,781.7
911259,7003402,30589,7,990.62
911260,7008022,31271,12,649.45
911261,7011993,31366,6,467.07
911262,7000341,31414,3,538.77
911263,7010998,31410,1,361.06
911264,7004065,31030,9,87.57
911265,7014622,31077,6,706.33
911266,7003420,30311,2,893.3
911267,7012750,30273,6,60.71
911268,7010444,30630,7,68.0
911269,7012319,30159,4,287.26
911270,7005642,31117,7,881.41
911271,7006643,30323,3,1106.93
911272,7011376,30396,10,553.81
911273,7009518,31310,12,235.47
911274,7013200,30773,3,602.51
911275,7009901,31244,2,942.47
911276,7003409,31047,5,991.58
911277,7001864,30704,-2,738.5
911278,7000138,31383,11,552.97
911279,7002830,31101,2,1091.38
911280,7012679,30521,4,560.02
911281,7008872,30953,5,57.27
911282,7005238,31005,6,108.83
911283,7010678,30019,7,
911284,7009452,30467,6,1149.08
911285,7013431,30568,4,1192.67
911286,7012861,30220,5,257.93
911287,7012445,30405,4,570.42
911288,7007294,30648,3,46.94
911289,7001052,30021,7,689.98
911290,7003241,31012,4,1177.55
911291,7010083,30504,1,861.13
911292,7009324,31180,5,423.73
911293,7006379,31067,10,793.24
911294,7003700,30620,4,473.18
911295,7001131,30706,2,
911296,7003823,30744,11,464.27
911297,7001999,30854,11,411.22
911298,7001707,31209,10,24.97
911299,7004541,31164,10,1196.61
911300,7012668,30145,4,717.97
911301,7008516,30393,10,50.04
911302,7010830,30608,5,337.18
911303,7014923,30157,6,369.12
911304,7010574,31105,12,330.07
911305,7002246,30104,6,235.81
911306,7004700,30332,5,512.53
911307,7006016,30328,5,861.06
911308,7011293,31429,8,965.73
911309,7000192,31336,2,305.06
911310,7006817,30318,5,132.78
911311,7003657,30077,8,460.9
911312,7014596,30261,10,133.98
911313,7003002,30821,6,469.07
911314,7011035,30334,11,
911315,7014306,31303,11,592.72
911316,7011515,30344,5,1141.38
911317,7007331,30066,9,856.17
911318,7011939,30319,2,593.19
911319,7007884,31248,9,875.35
911320,7004586,30937,11,193.31
911321,7009096,30647,5,644.62
911322,7001414,31092,9,
911323,7011212,31413,10,807.34
911324,7012439,31358,5,819.42
911325,7006913,30265,2,505.48
911326,7013602,30658,9,433.07
911327,7011130,30290,6,354.83
911328,7010532,31116,12,700.04
911329,7011769,31317,2,888.86
911330,7008628,30925,7,602.31
911331,7008525,30826,10,1144.75
911332,7007879,30623,7,923.36
911333,7003709,30528,11,495.26
911334,7007938,30512,4,848.33
911335,7010907,31229,3,237.83
911336,7003918,30120,6,460.53
911337,7006924,30877,4,1051.84
911338,7013002,31488,2,99.88
911339,7013335,30625,1,977.66
911340,7006431,31438,3,762.54
911341,7014603,30364,11,869.3
911342,7001988,30484,11,695.23
911343,7009663,30325,12,197.44
911344,7010480,30146,1,631.52
911345,7013050,30810,4,729.32
911346,7013576,30528,9,67.02
911347,7001330,30530,2,727.42
911348,7005216,31295,7,1093.18
911349,7014580,31243,8,
911350,7008960,31371,5,1083.6
911351,7008579,30868,3,159.02
911352,7013242,30708,9,768.3
911353,7014067,30268,5,181.57
911354,7007544,30642,12,605.34
911355,7008751,31102,5,1157.99
911356,7002695,30570,5,70.96
911357,7009861,31469,6,
911358,7010760,30021,3,435.88
911359,7009421,30321,3,756.9
911360,7000776,30852,11,1134.88
911361,7002370,31213,5,331.67
911362,7003853,30140,3,1153.5
911363,7003549,30507,10,73.86
911364,7008403,30898,1,
911365,7003691,30536,6,
911366,7001507,30402,5,1178.32
911367,7014483,30627,5,968.47
911368,7012950,31145,10,1102.94
911369,7000397,30405,2,899.08
911370,7004671,30209,12,527.23
911371,7004877,30081,1,611.5
911372,7006415,30722,11,885.69
911373,7008777,30687,12,305.57
911374,7001876,30491,5,902.47
911375,7007013,30094,4,996.12
911376,7008885,31178,3,403.84
911377,7004282,30648,12,349.77
911378,7005669,30042,11,187.38
911379,7004196,31057,3,1142.84
911380,7008991,30933,2,352.3
911381,7011969,30786,9,939.69
911382,7012741,30143,8,438.46
911383,7006440,30059,7,1169.46
911384,7013775,30815,11,
911385,7002926,30897,4,
911386,7001221,30535,11,940.68
911387,7008354,31312,10,445.41
911388,7002980,30194,8,409.87
911389,7008179,30170,10,797.76
911390,7011788,30477,7,335.81
911391,7009309,30880,7,826.78
911392,7005682,31082,4,508.95
911393,7009592,30838,11,373.93
911394,7003222,31224,1,244.83
911395,7006112,30326,12,664.23
911396,7009749,30219,8,1181.15
911397,7014160,31338,6,735.15
911398,7006982,30328,10,79.41
911399,7009815,30778,8,449.44
911400,7008242,31330,8,1114.67
911401,7003096,30274,11,148.46
911402,7002271,31027,8,384.11
911403,7004899,31315,2,160.82
911404,7004503,30400,9,1008.04
911405,7014286,30235,11,729.25
911406,7003695,30875,5,554.5
911407,7005554,31144,11,961.78
911408,7002541,31490,4,713.74
911409,7009303,30528,2,73.12
911410,7013655,31266,2,962.28
911411,7009742,30049,3,33.73
911412,7004720,30725,8,813.32
911413,7009486,30802,8,1031.5
911414,7009784,31315,6,
911415,7013059,30645,5,617.42
911416,7012069,30502,2,1166.13
911417,7008829,31447,10,701.82
911418,7009684,30691,1,403.13
911419,7009416,30435,2,495.94
911420,7000309,30137,12,839.26
911421,7007236,31131,1,802.19
911422,7002049,31097,10,374.44
911423,7005777,30134,10,641.21
911424,7013566,30350,5,940.8
911425,7011058,30998,2,256.78
911426,7009468,30110,4,384.66
911427,7007388,31026,12,50.99
911428,7010468,30754,7,833.7
911429,7006538,30589,4,1168.8
911430,7012524,30409,3,289.86
911431,7009660,30535,-7,554.92
911432,7004430,31004,7,972.52
911433,7013383,31080,9,749.5
911434,7003586,30154,12,
911435,7000277,31331,8,319.07
911436,7014789,30249,4,225.17
911437,7008587,31256,8,937.42
911438,7006783,30481,1,675.04
911439,7009717,30622,8,1093.64
911440,7000512,30717,6,115.47
911441,7000349,30047,10,88.37
911442,7007458,31251,4,293.75
911443,7001893,31009,12,733.37
911444,7006568,30058,10,919.99
911445,7009445,30578,10,1049.36
911446,7005006,31464,8,552.28
911447,7008112,31413,6,561.98
911448,7011736,30458,12,1037.83
911449,7002961,30348,10,693.92
911450,7003097,31372,7,1107.7
911451,7000553,30710,11,
911452,7006482,31169,12,1197.6
911453,7006135,30811,8,1096.96
911454,7007974,30005,3,995.78
911455,7002118,31161,4,1147.84
911456,7005441,30810,1,1113.64
911457,7002247,30491,2,645.89
911458,7001305,30837,10,442.14
911459,7006176,31353,4,688.64
911460,7007054,30971,9,26.75
911461,7006973,31437,10,913.29
911462,7010748,31324,3,852.98
911463,7010525,31188,1,807.78
911464,7014812,30587,1,441.98
911465,7013434,30551,10,980.74
911466,7003906,30133,5,405.59
911467,7014724,30546,8,229.76
911468,7012968,31284,11,1160.5
911469,7014022,31008,4,111.45
911470,7002234,30766,10,311.41
911471,7011397,30863,11,1110.78
911472,7010564,31155,2,523.47
911473,7011904,31169,11,262.51
911474,7002077,30276,12,564.92
911475,7013965,30706,9,754.6
911476,7000136,30920,8,573.26
911477,7014174,30576,10,262.08
911478,7009594,31161,2,326.52
911479,7010351,30038,-1,127.94
911480,7000791,30896,-8,1170.2
911481,7014525,30820,9,768.75
911482,7012009,30518,8,775.91
911483,7001817,30479,2,24.51
911484,7005303,30380,2,1108.08
911485,7004075,31387,3,997.83
911486,7002039,30172,7,864.59
911487,7014748,30253,4,470.3
911488,7006026,30861,6,981.96
911489,7010199,30698,6,211.68
911490,7007588,30674,7,391.65
911491,7008273,31264,1,729.91
911492,7010776,31308,5,507.6
911493,7000417,31273,12,920.26
911494,7009236,31205,9,165.42
911495,7008295,30042,4,906.02
911496,7010441,31273,8,872.97
911497,7006616,31247,6,895.58
911498,7013910,30437,10,583.24
911499,7002550,30880,2,452.3
911500,7009951,31190,3,402.1
911501,7009865,31208,12,1031.72
911502,7008981,30334,4,123.75
911503,7013393,30242,2,765.79
911504,7000579,30018,4,762.45
911505,7002599,30502,11,173.05
911506,7013650,30783,12,137.81
911507,7014684,30070,6,217.92
911508,7014029,30493,4,347.25
911509,7014286,30212,9,455.05
911510,7002859,30898,12,542.29
911511,7002608,30438,8,631.52
911512,7003073,30908,7,450.09
911513,7011789,30443,11,1018.43
911514,7006825,31453,10,1096.61
911515,7011426,30390,8,110.31
911516,7002304,31228,5,
911517,7013028,31438,8,977.07
911518,7007489,30479,-10,476.91
911519,7002432,30936,8,903.7
911520,7014428,30639,12,915.29
911521,7001399,31348,10,169.56
911522,7010207,31103,2,483.25
911523,7009903,31325,7,871.14
911524,7008392,30970,11,611.27
911525,7014460,31500,7,693.13
911526,7007606,31140,8,50.59
911527,7011483,30494,9,684.55
911528,7003112,30337,5,29.86
911529,7000120,31092,7,478.94
911530,7007089,31171,12,535.93
911531,7008984,31415,4,61.69
911532,7012888,30908,2,271.55
911533,7009515,31247,6,405.13
911534,7013102,30373,12,558.25
911535,7006182,31060,-10,183.41
911536,7001450,30675,6,446.81
911537,7001936,30056,3,109.19
911538,7006212,30612,12,1015.24
911539,7001873,30546,4,292.67
911540,7004888,30618,4,663.67
911541,7010180,30702,5,1118.89
911542,7003185,30559,11,1125.03
911543,7005408,30361,12,161.46
911544,7009133,30644,6,
911545,7013177,30763,6,768.85
911546,7001386,30392,5,965.14
911547,7009498,30052,10,990.83
911548,7000538,30438,11,700.18
911549,7014462,30420,8,143.42
911550,7004330,30643,6,325.47
911551,7014742,30477,3,274.82
911552,7011328,30875,3,658.15
911553,7002178,30686,9,124.7
911554,7007311,30693,4,1192.04
911555,7003629,30024,2,485.33
911556,7013666,31364,10,300.34
911557,7010655,30943,4,
911558,7009183,30102,4,143.16
911559,7004211,30422,2,800.29
911560,7009315,31232,5,1064.25
911561,7001813,31140,12,1086.0
911562,7014553,31056,2,
911563,7007909,30566,1,1169.31
911564,7005605,31136,5,206.27
911565,7006748,31161,4,458.37
911566,7008383,30165,12,1097.73
911567,7008474,30467,8,273.01
911568,7012949,30022,7,779.68
911569,7014327,31201,1,693.12
911570,7012630,31018,7,163.99
911571,7009918,30927,3,938.74
911572,7007300,30053,3,769.06
911573,7006881,31099,-10,191.69
911574,7012663,31097,11,921.39
911575,7004222,30795,10,904.06
911576,7009036,30710,8,1037.01
911577,7009387,30966,5,31.69
911578,7008214,30906,6,615.97
911579,7001117,30433,2,619.88
911580,7009115,30580,4,935.17
911581,7002175,30273,11,265.55
911582,7014503,30997,6,975.08
911583,7002375,31142,8,735.05
911584,7000186,30195,11,583.59
911585,7005043,31297,11,175.76
911586,7001817,30530,3,40.55
911587,7004157,30436,1,884.49
911588,7013967,30743,1,1174.78
911589,7004614,30182,9,753.19
911590,7012013,30988,4,791.61
911591,7007579,30937,6,538.23
911592,7006975,30380,6,532.66
911593,7000486,30641,6,98.31
911594,7008029,30778,7,1045.01
911595,7009599,30736,12,346.18
911596,7008059,30724,5,973.85
911597,7005765,31226,1,777.93
911598,7013122,31016,4,731.93
911599,7014421,30123,10,751.84
911600,7003818,31122,5,154.63
911601,7003601,30143,11,610.98
911602,7013908,30327,8,538.78
911603,7000350,30701,6,821.34
911604,7010585,30859,9,782.32
911605,7013676,31452,2,520.98
911606,7006488,30097,11,1070.01
911607,7001763,30743,9,1155.04
911608,7002869,30488,3,39.67
911609,7006123,30291,2,59.76
911610,7014156,30082,1,
911611,7009503,31331,1,838.74
911612,7008799,31254,2,730.67
911613,7009841,31277,8,434.38
911614,7003849,30222,10,242.4
911615,7012075,31215,3,114.77
911616,7001643,30186,1,1034.03
911617,7005293,31165,8,725.88
911618,7002217,31046,4,74.0
911619,7005899,30473,6,285.09
911620,7008961,30181,9,448.26
911621,7005676,30793,11,698.88
911622,7001259,30068,6,759.79
911623,7010548,30611,10,1118.8
911624,7010023,30910,2,156.77
911625,7004322,30198,5,208.93
911626,7001763,31469,1,1109.2
911627,7004689,30431,2,294.78
911628,7004821,30080,8,1019.49
911629,7002504,30986,1,121.69
911630,7004966,30349,5,331.73
911631,7006098,30536,2,1082.79
911632,7009778,31469,10,592.82
911633,7006863,30598,4,34.01
911634,7001188,30059,9,571.47
911635,7009496,30986,7,18.21
911636,7013832,31498,2,1187.69
911637,7001282,31474,7,262.83
911638,7006295,30864,11,17.17
911639,7004447,30548,8,1188.84
911640,7011722,30128,12,260.43
911641,7004711,31123,5,267.89
911642,7012594,30689,5,205.92
911643,7013585,30935,1,185.97
911644,7008257,30618,7,265.31
911645,7009039,30143,4,349.41
911646,7009919,30516,6,546.83
911647,7012897,30770,8,504.83
911648,7004907,30593,5,756.77
911649,7001637,30856,5,644.27
911650,7008807,30222,7,246.34
911651,7008319,30192,8,305.94
911652,7010219,30543,10,218.73
911653,7004948,30756,11,1007.42
911654,7006469,30115,4,613.37
911655,7012681,30223,11,353.23
911656,7012378,30340,7,796.45
911657,7002068,30302,11,1087.97
911658,7008237,31013,7,1003.48
911659,7003384,30306,4,701.41
911660,7013330,30886,5,
911661,7011950,30632,5,1145.08
911662,7008308,30207,11,831.5
911663,7013410,30374,3,228.13
911664,7010300,30143,3,1147.33
911665,7001978,31323,8,315.95
911666,7001771,30033,11,563.96
911667,7013490,31473,2,779.91
911668,7008256,30176,8,377.76
911669,7011577,30777,8,485.02
911670,7005523,30001,1,1165.74
911671,7002333,30646,1,412.6
911672,7011623,30573,2,180.53
911673,7008153,30991,8,122.81
911674,7014882,30606,3,56.38
911675,7012512,30103,6,1000.99
911676,7007345,30063,2,608.4
911677,7002629,30490,1,191.51
911678,7010857,31414,10,909.91
911679,7009068,31355,4,267.83
911680,7007084,30638,11,1028.94
911681,7005183,31306,9,237.2
911682,7013108,30759,5,298.09
911683,7013771,31384,10,250.92
911684,7007493,30521,10,743.46
911685,7012384,31081,10,506.69
911686,7009560,30591,10,756.97
911687,7001302,30665,7,459.84
911688,7014722,31212,4,915.98
911689,7004568,31339,6,1098.58
911690,7014380,30682,1,387.01
911691,7011931,30810,4,501.43
911692,7008334,31248,9,574.65
911693,7014224,30887,11,582.41
911694,7003561,30902,3,892.66
911695,7011270,30807,5,43.85
911696,7005616,31067,1,500.74
911697,7014744,30008,12,196.94
911698,7008425,30284,11,669.98
911699,7008881,30376,12,467.92
911700,7014111,30004,9,152.2
911701,7001785,30818,1,690.55
911702,7012577,30657,3,272.8
911703,7001061,30511,2,809.82
911704,7012045,31356,9,179.32
911705,7012762,30121,4,473.29
911706,7006239,31098,5,973.98
911707,7007301,31464,11,129.09
911708,7014413,30513,8,1092.69
911709,7014862,30618,-1,1052.9
911710,7001593,30562,7,738.14
911711,7005819,31214,4,518.54
911712,7000695,30022,11,362.84
911713,7001641,30205,8,802.99
911714,7005711,30814,2,333.12
911715,7008748,30491,2,338.17
911716,7000908,30009,9,601.48
911717,7007650,30146,5,72.72
911718,7012763,30460,8,1006.22
911719,7013242,30220,9,761.84
911720,7008998,31005,5,731.41
911721,7006728,30336,2,
911722,7008768,31488,8,810.07
911723,7009124,31140,6,1098.5
911724,7006290,30845,3,71.6
911725,7008655,31425,12,825.03
911726,7000399,30569,8,561.02
911727,7010541,31041,6,
911728,7003492,31480,6,1081.37
911729,7003015,30922,7,1060.56
911730,7010770,31292,2,793.04
911731,7013692,30117,5,1022.68
911732,7012345,31289,8,691.76
911733,7008097,31023,2,201.97
911734,7002257,30257,1,126.44
911735,7014453,31498,8,160.77
911736,7008551,30404,1,468.46
911737,7010541,31203,9,717.25
911738,7009247,31298,8,981.89
911739,7002827,30526,4,
911740,7005750,30594,3,909.55
911741,7007177,30065,4,416.93
911742,7012422,30095,12,1190.84
911743,7009293,30068,12,50.26
911744,7004699,30173,7,1115.07
911745,7014576,30868,7,123.91
911746,7007978,30149,1,594.19
911747,7009427,30807,12,1110.01
911748,7002808,31443,8,442.98
911749,7010097,31136,6,1028.26
911750,7009062,30448,6,218.2
911751,7010354,30093,11,106.98
911752,7005535,30126,12,269.36
911753,7002572,30416,11,724.29
911754,7004241,31206,8,298.75
911755,7006475,30903,2,
911756,7002155,31024,4,716.48
911757,7013381,31020,2,910.16
911758,7000520,31364,1,890.06
911759,7013512,30677,1,670.36
911760,7003265,31123,12,536.92
911761,7010861,30303,1,984.26
911762,7012095,31460,3,484.28
911763,7010043,30434,2,1184.44
911764,7007405,31091,8,210.76
911765,7006551,30671,7,1035.08
911766,7006366,31480,10,925.52
911767,7005838,30933,11,589.16
911768,7000842,31290,11,877.77
911769,7006590,31191,8,1146.31
911770,7004728,31366,3,862.69
911771,7005537,31424,6,578.84
911772,7003723,30290,6,878.35
911773,7002461,30785,8,28.07
911774,7004875,30487,4,110.74
911775,7003382,30975,2,
911776,7013621,30931,4,758.98
911777,7004653,31045,11,84.61
911778,7006735,30645,2,658.29
911779,7001616,30426,11,873.78
911780,7014083,30870,11,735.85
911781,7010744,30064,3,385.21
911782,7014109,30409,2,557.99
911783,7013762,31467,5,817.62
911784,7000530,31142,11,
911785,7000426,30803,9,840.95
911786,7007568,30878,8,204.49
911787,7003717,31415,5,856.03
911788,7004287,31440,4,117.64
911789,7005669,30790,4,1147.49
911790,7009808,30062,7,1167.43
911791,7002569,30389,11,1063.25
911792,7010070,30367,3,717.14
911793,7009673,30497,1,87.1
911794,7002108,30128,2,283.45
911795,7010947,30304,2,194.73
911796,7008865,30710,2,768.05
911797,7013325,30589,8,1052.18
911798,7007918,30702,11,961.25
911799,7001144,30538,4,522.53
911800,7013122,30313,12,593.62
911801,7012349,30985,6,18.13
911802,7006738,30911,4,805.88
911803,7002810,31310,5,338.05
911804,7001782,31306,1,311.28
911805,7011564,31155,11,789.22
911806,7011828,31271,9,
911807,7006861,30991,10,694.97
911808,7008849,30778,9,1077.37
911809,7001378,31230,6,816.08
911810,7008267,31489,5,1028.86
911811,7011832,30969,3,655.56
911812,7006224,30629,2,362.52
911813,7005007,30970,8,447.25
911814,7002070,31198,4,1125.9
911815,7009369,31380,9,601.54
911816,7012236,31225,1,647.94
911817,7014570,31415,4,28.64
911818,7001478,30964,9,139.01
911819,7009083,30409,12,508.57
911820,7007432,30518,4,1082.9
911821,7007285,30157,12,241.22
911822,7005895,31202,11,1189.61
911823,7009436,31212,3,1174.07
911824,7006582,30125,12,107.23
911825,7007790,31162,12,880.88
911826,7008355,30679,12,217.68
911827,7009680,30854,12,1111.04
911828,7001065,31385,9,1050.55
911829,7006450,31115,2,1085.13
911830,7011441,31196,4,897.24
911831,7012527,30828,10,1168.89
911832,7002545,31323,12,775.95
911833,7001526,30937,11,1079.09
911834,7013861,31453,7,974.03
911835,7001786,30444,10,461.69
911836,7001731,31452,3,763.11
911837,7008846,30539,5,881.11
911838,7002094,30417,6,1091.17
911839,7008539,31450,9,863.94
911840,7014570,30567,7,529.27
911841,7000114,30643,12,1028.02
911842,7008266,31160,10,195.53
911843,7012625,30169,1,59.51
911844,7010704,30298,2,712.59
911845,7012506,30522,7,862.43
911846,7014393,30690,8,47.81
911847,7001597,31327,9,1109.6
911848,7014002,30849,6,74.07
911849,7009170,30394,3,405.42
911850,7006647,30937,-8,573.56
911851,7014414,31403,10,1145.57
911852,7001481,30295,10,152.21
911853,7007990,30317,8,689.59
911854,7007603,30369,3,1019.93
911855,7008494,30115,7,922.15
911856,7011388,30655,-9,803.94
911857,7009621,31446,10,360.39
911858,7014019,30600,3,57.85
911859,7000307,30542,12,677.38
911860,7010166,31340,2,525.22
911861,7011372,30284,5,358.85
911862,7005475,30827,3,663.94
911863,7011417,30384,10,131.74
911864,7014174,31471,12,1076.66
911865,7010174,30316,6,914.59
911866,7007153,30666,10,376.69
911867,7003141,30499,4,531.5
911868,7014005,30379,6,315.29
911869,7004039,30556,1,191.15
911870,7012935,30134,7,317.77
911871,7012347,31032,7,863.4
911872,7010124,31065,6,793.16
911873,7005634,30258,5,
911874,7005391,31116,2,1039.24
911875,7003271,30954,12,
911876,7001403,30296,1,686.68
911877,7002546,31043,3,275.58
911878,7003653,30120,5,679.78
911879,7004782,31222,1,11.54
911880,7007994,30280,12,515.33
911881,7004642,31131,6,78.22
911882,7000149,30515,4,833.67
911883,7002308,31266,5,960.88
911884,7000821,30442,8,
911885,7013911,31291,8,173.01
911886,7011353,30208,1,642.93
911887,7003790,31162,12,1163.91
911888,7012676,30962,1,1161.78
911889,7000884,30911,4,206.97
911890,7012443,30206,9,1056.22
911891,7010187,31129,7,
911892,7002427,30493,1,210.08
911893,7008605,30486,8,123.51
911894,7001142,30120,2,539.54
911895,7014055,30265,1,278.01
911896,7008332,30415,6,1179.87
911897,7006283,30683,6,1130.93
911898,7012443,30835,5,151.35
911899,7007242,30459,4,1176.31
911900,7001033,30647,5,300.91
911901,7010802,30633,2,391.29
911902,7002323,30169,5,727.48
911903,7010692,30207,8,
911904,7005276,30976,5,29.76
911905,7009422,30563,8,995.89
911906,7003424,31117,1,1172.51
911907,7011040,31236,1,204.03
911908,7008674,31011,5,436.39
911909,7001566,31111,4,1160.04
911910,7012903,30033,1,980.6
911911,7004844,31471,8,172.99
911912,7014829,31203,2,220.87
911913,7009515,30342,12,124.67
911914,7003314,30922,9,1047.62
911915,7014071,30155,5,1134.84
911916,7010720,31046,8,199.3
911917,7008342,30655,9,192.3
911918,7012603,30404,7,715.36
911919,7006967,31423,10,29.22
911920,7006908,30222,6,370.71
911921,7006789,30932,5,72.65
911922,7003170,30277,3,301.52
911923,7010809,30440,11,478.35
911924,7010967,31500,12,883.12
911925,7011724,30142,7,1110.93
911926,7013734,30091,8,
911927,7000153,31003,10,164.81
911928,7004420,30899,5,104.19
911929,7005505,31166,5,
911930,7005725,30900,9,887.92
911931,7003507,30193,9,
911932,7003215,30153,2,941.74
911933,7014647,31202,10,47.44
911934,7005265,30317,1,736.68
911935,7006874,30809,11,862.04
911936,7001076,31356,7,36.2
911937,7002415,31100,7,622.98
911938,7013474,30866,-12,884.71
911939,7007131,30889,9,532.75
911940,7013281,31398,8,611.54
911941,7002797,31053,5,560.24
911942,7008604,30851,12,188.69
911943,7013461,30487,2,1071.3
911944,7012406,30546,12,607.64
911945,7005204,30706,5,755.53
911946,7004311,30141,5,1141.41
911947,7013146,30153,7,740.99
911948,7009824,30088,12,123.72
911949,7006668,31174,2,
911950,7010222,31201,11,536.7
911951,7009078,30214,12,624.61
911952,7001810,31381,1,425.9
911953,7009619,30917,12,611.4
911954,7000617,30990,1,98.62
911955,7012938,31491,11,248.13
911956,7010701,30568,9,571.79
911957,7004952,30288,3,984.97
911958,7006024,30193,4,136.93
911959,7002122,30042,9,979.57
911960,7005667,31152,7,16.35
911961,7009346,31313,7,837.86
911962,7003928,30525,7,710.03
911963,7006604,30135,3,636.41
911964,7008260,31375,7,281.75
911965,7007173,30342,9,893.59
911966,7012892,30916,12,649.63
911967,7007458,30212,3,751.7
911968,7006704,30642,9,45.75
911969,7013451,30782,-7,487.06
911970,7008583,30135,9,614.74
911971,7006559,30990,10,291.61
911972,7011447,31422,4,897.65
911973,7010700,30342,11,977.25
911974,7005988,30838,2,245.64
911975,7009764,31382,5,148.62
911976,7001975,30995,8,872.29
911977,7002362,30162,6,939.76
911978,7004987,31371,6,793.91
911979,7004518,31235,3,494.62
911980,7003599,30187,2,1047.78
911981,7012944,31270,9,548.77
911982,7006662,30492,11,582.25
911983,7003594,31416,1,763.91
911984,7001966,30484,12,629.32
911985,7009201,30743,7,349.65
911986,7010578,30019,12,714.57
911987,7001481,30769,9,1016.36
911988,7004428,30933,1,1084.75
911989,7001820,30052,3,642.34
911990,7006329,30838,1,383.89
911991,7014882,30382,8,1022.08
911992,7010726,31157,7,305.33
911993,7003463,31422,1,831.87
911994,7003859,31161,2,904.99
911995,7000954,30380,2,800.53
911996,7007768,30017,-7,
911997,7013998,30276,12,265.44
911998,7008232,30737,11,
911999,7006486,30760,8,488.36
912000,7004820,31463,1,844.46
912001,7008809,30323,7,274.85
912002,7001177,30019,8,234.65
912003,7001585,30887,1,989.09
912004,7007017,30829,4,257.74
912005,7003261,31077,7,791.93
912006,7005200,30461,7,469.61
912007,7014533,30417,8,344.54
912008,7010683,30572,7,834.11
912009,7002726,30645,9,69.45
912010,7014404,30437,7,701.84
912011,7013268,30529,11,1027.04
912012,7008408,30821,10,131.21
912013,7008580,30720,12,1080.95
912014,7009264,31340,7,892.96
912015,7001629,31220,4,786.99
912016,7008597,30508,6,566.8
912017,7012031,31265,4,853.2
912018,7001346,30939,11,539.92
912019,7013678,30036,11,389.69
912020,7001848,30950,2,692.3
912021,7001739,31139,1,67.35
912022,7007192,30059,4,238.34
912023,7001998,30586,5,616.51
912024,7004436,30148,11,657.11
912025,7012638,30901,7,353.46
912026,7001765,30379,1,286.4
912027,7006682,30534,12,913.8
912028,7010688,30340,9,362.33
912029,7002468,31141,11,832.1
912030,7002958,30906,5,428.78
912031,7012075,31197,9,543.85
912032,7012720,31188,8,180.02
912033,7012723,31195,4,1159.47
912034,7009319,30024,7,408.68
912035,7009525,30414,4,205.56
912036,7011698,30748,7,96.07
912037,7002798,31279,5,528.24
912038,7004695,30750,8,14.46
912039,7005675,31220,5,626.3
912040,7006732,30465,8,399.95
912041,7006888,30664,8,267.26
912042,7008101,30867,-12,100.37
912043,7003629,30323,9,387.55
912044,7005126,30486,5,492.5
912045,7007871,30806,9,227.38
912046,7002175,30495,2,
912047,7008948,31327,4,209.9
912048,7001216,31361,1,1051.22
912049,7001167,31023,3,625.78
912050,7000776,30308,9,1170.9
912051,7008545,30473,7,1180.06
912052,7014106,31470,9,749.18
912053,7002133,31270,2,1057.55
912054,7006503,30078,11,405.07
912055,7002684,31209,2,972.77
912056,7005889,30296,7,1031.56
912057,7011521,31057,8,932.98
912058,7010469,30794,4,162.16
912059,7003353,31395,3,689.24
912060,7009866,30467,9,640.89
912061,7012428,30605,6,871.05
912062,7008867,30141,9,734.02
912063,7014474,30942,7,496.29
912064,7002477,31176,8,399.78
912065,7012959,31019,7,975.79
912066,7008953,31385,3,460.53
912067,7013194,30840,3,285.83
912068,7006213,30874,3,930.06
912069,7008949,30644,12,129.11
912070,7010838,30980,5,839.74
912071,7012221,30415,9,517.5
912072,7011560,31405,7,379.75
912073,7011672,30477,10,497.6
912074,7012426,30412,11,531.83
912075,7014118,30977,4,71.16
912076,7007575,31045,2,1066.12
912077,7004436,30249,10,177.49
912078,7004357,30880,7,1154.69
912079,7006590,31163,8,137.27
912080,7012139,31341,9,110.31
912081,7009898,30275,6,1016.31
912082,7007905,30388,3,497.65
912083,7004951,31324,12,1067.76
912084,7007803,31039,12,936.74
912085,7005346,30045,1,490.02
912086,7001862,30981,6,512.57
912087,7005963,30645,12,
912088,7008133,31120,9,828.94
912089,7005047,30893,12,704.62
912090,7011846,31329,8,510.18
912091,7006887,31072,4,813.49
912092,7008352,31157,8,1149.31
912093,7006178,30539,3,475.02
912094,7010738,30413,9,1035.42
912095,7013238,31227,9,271.07
912096,7002541,30872,8,614.65
912097,7000390,30159,4,236.13
912098,7005337,30903,4,1035.32
912099,7013762,30418,7,389.06
912100,7001746,30812,12,874.11
912101,7000397,30493,2,54.67
912102,7001127,30590,4,131.87
912103,7002093,31311,1,1036.94
912104,7012575,30097,2,279.07
912105,7001963,30174,3,442.12
912106,7001265,30851,10,1040.31
912107,7004386,30804,6,258.03
912108,7011652,31235,2,750.15
912109,7009428,30863,10,1188.26
912110,7005767,30245,2,434.73
912111,7000911,31419,5,366.55
912112,7011502,31098,6,221.44
912113,7012787,30092,6,890.74
912114,7007448,31205,9,
912115,7000382,30525,6,1114.52
912116,7009264,30962,10,630.69
912117,7010396,30551,3,
912118,7002212,30242,4,505.05
912119,7000721,30223,2,1174.45
912120,7005729,31201,2,476.14
912121,7007584,31344,11,645.41
912122,7006802,30150,2,915.97
912123,7011409,30887,12,404.85
912124,7002555,30658,5,612.43
912125,7002361,30440,6,1077.32
912126,7010873,30645,6,1183.55
912127,7006379,30148,12,257.04
912128,7013092,30955,3,221.37
912129,7010006,30611,8,154.12
912130,7009019,30654,7,638.5
912131,7011361,30047,5,557.61
912132,7002305,31346,1,679.28
912133,7007715,30938,8,986.73
912134,7013104,30734,7,735.54
912135,7010628,30241,9,140.19
912136,7011393,31216,6,745.65
912137,7012969,30041,11,507.46
912138,7001824,30070,6,210.11
912139,7009792,30726,3,627.15
912140,7011984,30425,3,520.45
912141,7003012,30870,6,359.65
912142,7012414,31238,11,1130.39
912143,7000634,30164,10,733.78
912144,7007737,30998,12,742.33
912145,7004143,30560,4,1048.65
912146,7005687,30468,9,70.18
912147,7006883,30786,4,544.11
912148,7001382,30491,1,540.54
912149,7005427,30273,9,102.06
912150,7000656,30714,5,581.67
912151,7000754,30250,11,1039.96
912152,7009153,30736,-7,968.66
912153,7004328,31197,11,969.58
912154,7009399,31139,1,39.38
912155,7013864,31018,11,429.54
912156,7006807,30579,9,493.47
912157,7012288,30631,6,825.55
912158,7005989,30689,-10,402.39
912159,7009390,31048,10,400.34
912160,7009708,31306,12,1014.45
912161,7013992,30860,1,134.39
912162,7000597,31115,10,358.29
912163,7000679,31315,8,68.26
912164,7002680,30771,8,126.73
912165,7013399,30037,8,992.26
912166,7000787,30303,3,794.13
912167,7013341,30674,8,915.87
912168,7013541,30824,6,984.15
912169,7008040,30129,2,799.87
912170,7003848,30353,6,893.53
912171,7002220,31172,8,324.42
912172,7010539,30369,12,151.25
912173,7010805,30899,7,760.69
912174,7004784,30244,7,944.23
912175,7008082,30225,3,252.7
912176,7010647,31360,4,626.16
912177,7007267,30601,8,208.9
912178,7008018,30916,5,168.43
912179,7012691,30069,9,805.14
912180,7001968,31199,-7,999.53
912181,7008966,30787,8,402.4
912182,7012722,30910,8,817.6
912183,7004515,31365,3,
912184,7013433,30083,1,
912185,7012230,30675,6,177.97
912186,7013290,30652,6,791.37
912187,7006976,30379,10,33.38
912188,7013966,30633,8,278.75
912189,7010670,30783,10,507.8
912190,7006466,31332,2,408.95
912191,7002952,31311,10,163.93
912192,7013974,30331,6,1152.06
912193,7005703,30885,6,791.17
912194,7004917,31371,2,905.53
912195,7004433,30478,5,937.54
912196,7001759,30695,4,1094.76
912197,7002421,30491,4,907.19
912198,7008083,30945,10,1159.59
912199,7009314,30951,10,356.73
912200,7014354,31129,3,1140.87
912201,7010534,31073,6,63.63
912202,7001765,30410,4,568.3
912203,7014410,31108,3,566.79
912204,7012115,31322,7,969.43
912205,7003954,30713,4,1004.02
912206,7011240,30162,8,751.54
912207,7012447,31042,11,46.47
912208,7011979,30595,3,769.93
912209,7005924,31164,11,1176.5
912210,7005482,30599,6,468.85
912211,7011867,30752,11,965.82
912212,7009233,31427,9,250.6
912213,7012450,30227,9,578.97
912214,7002550,30134,9,94.53
912215,7003302,30960,2,1105.89
912216,7012677,30198,7,1062.05
912217,7013935,30837,2,770.56
912218,7011102,30984,11,
912219,7010425,30308,1,879.65
912220,7007554,31224,10,678.07
912221,7007601,31437,10,436.12
912222,7005614,30880,12,852.16
912223,7001446,30728,3,
912224,7007766,30020,11,
912225,7005570,30361,9,1071.76
912226,7014677,31264,5,337.01
912227,7007396,30186,1,1108.95
912228,7007945,30556,6,156.23
912229,7009151,30117,1,585.24
912230,7014090,30202,8,
912231,7010377,31172,1,371.35
912232,7013302,31173,10,70.02
912233,7005572,31419,1,564.05
912234,7008339,30985,7,
912235,7010099,30808,8,284.96
912236,7005260,31167,1,
912237,7000972,31245,8,329.24
912238,7002206,30677,10,
912239,7013347,30390,1,185.73
912240,7002148,30945,6,735.68
912241,7009757,30028,4,983.88
912242,7008630,30777,12,501.97
912243,7008568,30467,4,464.6
912244,7013221,31065,5,489.65
912245,7003067,30736,2,946.76
912246,7009954,31353,2,407.94
912247,7007934,30552,1,906.18
912248,7011176,30568,4,916.43
912249,7002749,30887,1,522.1
912250,7003428,30239,3,540.85
912251,7007521,30853,8,322.76
912252,7013680,30498,6,930.79
912253,7010661,30057,7,39.35
912254,7011098,30818,12,1019.63
912255,7002246,30857,2,599.95
912256,7000361,31223,-2,
912257,7013823,30327,9,568.36
912258,7001085,30032,8,235.74
912259,7012295,30009,2,573.65
912260,7000228,30935,12,
912261,7003091,30326,1,1055.11
912262,7000810,30024,11,518.56
912263,7010249,30343,3,946.33
912264,7006429,30362,9,290.98
912265,7003833,30268,12,419.77
912266,7004921,30674,12,666.2
912267,7007516,31397,9,159.11
912268,7000567,30112,6,777.22
912269,7005896,31106,8,423.06
912270,7013385,31191,12,1035.56
912271,7009209,30909,4,281.51
912272,7014339,30087,5,1055.27
912273,7000560,31060,8,173.99
912274,7003874,31151,2,698.33
912275,7009413,30292,3,
912276,7009059,30283,3,443.88
912277,7014995,30126,10,865.87
912278,7013058,31148,3,739.39
912279,7012676,30087,4,209.01
912280,7004924,30487,10,1085.45
912281,7006853,30899,2,720.36
912282,7003094,30636,4,574.22
912283,7013716,31397,5,687.46
912284,7009084,30545,10,505.93
912285,7006216,30885,2,301.12
912286,7008549,31259,1,1081.96
912287,7000352,30280,8,47.93
912288,7004836,30686,12,140.45
912289,7003057,30143,1,147.13
912290,7006742,30722,4,161.78
912291,7000850,30625,4,629.76
912292,7014528,31153,10,603.41
912293,7011249,31243,8,962.1
912294,7001022,31185,9,526.5
912295,7001670,31185,11,790.55
912296,7009009,31309,12,101.87
912297,7004967,30911,5,68.94
912298,7005943,31064,-9,301.54
912299,7006068,30791,8,146.94
912300,7007424,30918,12,279.32
912301,7003071,30304,5,383.67
912302,7003207,31475,6,270.94
912303,7012222,31093,12,207.36
912304,7003452,31114,3,831.37
912305,7002232,30689,11,466.47
912306,7011757,30227,6,1059.69
912307,7002599,31332,12,
912308,7002112,30660,4,920.75
912309,7012083,31045,2,173.64
912310,7006180,30800,5,355.86
912311,7010340,30230,8,1134.08
912312,7001453,31311,3,61.57
912313,7009094,30416,12,30.81
912314,7002557,31154,3,436.49
912315,7000154,30201,6,
912316,7006057,31238,7,402.79
912317,7001370,30309,2,661.09
912318,7013699,30212,10,1033.08
912319,7013964,30796,6,834.83
912320,7008481,30085,11,88.39
912321,7005055,31096,3,91.96
912322,7006324,31315,2,
912323,7004670,30463,7,146.36
912324,7001031,30451,9,1172.2
912325,7005438,30369,11,
912326,7008252,31053,6,143.32
912327,7012783,30731,5,752.78
912328,7003434,31327,5,995.93
912329,7000056,31050,4,448.31
912330,7002736,31165,12,618.74
912331,7006178,30954,1,705.15
912332,7012126,30609,8,968.72
912333,7007099,30181,11,145.37
912334,7011505,30949,12,557.76
912335,7004892,30434,4,363.39
912336,7008745,30841,8,609.04
912337,7002908,31240,11,447.51
912338,7008563,30129,7,1046.96
912339,7003739,30162,6,866.73
912340,7013564,30817,12,422.78
912341,7009280,30469,6,159.68
912342,7004777,30261,9,179.09
912343,7001908,30046,2,214.6
912344,7003835,31058,12,309.97
912345,7005197,31387,5,333.16
912346,7006399,30630,11,92.83
912347,7009699,30817,12,958.63
912348,7012453,31199,1,1048.35
912349,7010828,30733,11,213.46
912350,7001323,30149,9,448.66
912351,7005679,31244,4,640.66
912352,7000326,30837,2,189.28
912353,7013860,30527,11,87.42
912354,7012905,31428,9,391.09
912355,7005793,31368,11,1034.64
912356,7011345,30402,2,72.17
912357,7004422,30472,5,638.45
912358,7003182,30832,3,810.33
912359,7007596,30801,8,166.14
912360,7002969,30038,5,976.36
912361,7009247,31051,8,401.17
912362,7007064,30233,5,964.63
912363,7001993,31067,11,1005.08
912364,7006167,30437,10,1146.11
912365,7014788,30496,4,617.76
912366,7012900,30394,4,735.3
912367,7011702,30223,8,682.85
912368,7002250,30893,2,153.59
912369,7013162,30870,1,1159.14
912370,7011103,30738,6,601.19
912371,7004048,30940,11,544.24
912372,7003519,31142,12,65.25
912373,7009871,30251,3,107.49
912374,7014615,30387,6,348.53
912375,7002980,30149,5,1019.62
912376,7014104,30608,6,944.31
912377,7012480,31232,10,90.19
912378,7008890,30384,5,1170.29
912379,7009294,30965,6,349.03
912380,7007022,30773,9,300.07
912381,7010040,31072,8,879.87
912382,7012061,30088,4,636.76
912383,7006618,30771,-6,493.99
912384,7014043,30259,10,385.25
912385,7002621,30804,6,676.58
912386,7002897,30114,8,791.97
912387,7009245,30912,2,267.59
912388,7000101,30702,12,475.13
912389,7011745,31028,-5,539.05
912390,7008403,30752,1,1148.58
912391,7013379,31062,1,88.46
912392,7011925,31355,2,
912393,7005009,30607,9,667.89
912394,7004235,31215,12,407.98
912395,7004719,30782,6,127.98
912396,7003822,30150,1,
912397,7010138,30728,9,1051.97
912398,7007627,31112,2,1029.34
912399,7010023,30484,9,526.98
912400,7001441,31316,5,376.42
912401,7006088,31260,10,601.61
912402,7002385,30381,2,1161.85
912403,7000654,30564,12,188.78
912404,7008157,31139,12,1129.68
912405,7011091,30402,4,394.34
912406,7008189,30270,11,1113.05
912407,7012156,31398,4,843.28
912408,7003543,30618,11,335.06
912409,7005269,30866,5,209.87
912410,7014750,30058,4,1074.69
912411,7006825,30347,7,
912412,7009225,30183,7,574.27
912413,7004337,30498,9,651.03
912414,7009622,31325,12,835.96
912415,7008675,30041,2,727.06
912416,7011646,30699,8,696.32
912417,7014814,30422,8,68.9
912418,7001333,31327,9,
912419,7008804,30172,6,969.79
912420,7002038,31402,8,241.96
912421,7001658,30570,3,968.03
912422,7011060,30611,10,664.64
912423,7002859,30933,1,
912424,7003066,30670,10,824.49
912425,7007955,30696,9,436.89
912426,7011795,31398,12,730.63
912427,7003870,30340,3,700.77
912428,7012858,30648,2,620.25
912429,7001959,30535,7,549.95
912430,7002874,31112,6,11.16
912431,7006470,30034,11,720.21
912432,7014899,30553,1,556.46
912433,7013535,31104,4,619.23
912434,7009193,30296,1,104.82
912435,7004236,31024,12,1070.45
912436,7007236,30865,1,187.43
912437,7008946,31232,3,1177.73
912438,7006585,31175,9,377.46
912439,7005331,30041,1,546.63
912440,7005476,30203,10,
912441,7000292,31123,3,31.57
912442,7003606,30487,1,791.64
912443,7001868,30668,10,1123.73
912444,7013715,30721,9,1019.25
912445,7007901,30041,11,761.84
912446,7011610,31050,1,
912447,7012077,30991,5,814.58
912448,7013189,30983,9,66.57
912449,7005002,31479,-8,847.94
912450,7003634,30127,12,839.56
912451,7013448,31474,9,1131.62
912452,7005168,30018,3,396.24
912453,7002340,30432,12,263.05
912454,7012074,31358,10,
912455,7004646,30336,9,770.08
912456,7013500,30935,4,458.63
912457,7012268,31294,1,
912458,7014489,30802,1,1031.6
912459,7001812,31369,10,323.23
912460,7002106,31411,4,1085.57
912461,7000104,31267,3,568.36
912462,7008262,31313,10,898.35
912463,7004894,30602,6,34.37
912464,7001931,30651,9,1128.93
912465,7004700,30052,9,688.95
912466,7006836,31215,1,781.56
912467,7007299,30150,4,821.1
912468,7001515,31130,4,1045.11
912469,7011662,31486,11,36.94
912470,7009253,30791,8,121.29
912471,7007140,31044,4,708.32
912472,7013479,31010,7,69.35
912473,7005121,30997,8,117.09
912474,7009764,30846,2,276.24
912475,7002271,31042,4,
912476,7003681,30568,1,887.66
912477,7009425,30162,11,909.18
912478,7002197,30189,11,1143.2
912479,7004891,30109,8,376.51
912480,7000502,30875,9,
912481,7013771,30403,6,811.9
912482,7003070,31351,4,508.45
912483,7000323,30316,1,1047.35
912484,7010824,30324,11,518.89
912485,7005773,31396,3,956.63
912486,7000169,31449,2,1026.71
912487,7000790,31023,6,73.14
912488,7009876,30385,10,905.26
912489,7010650,30859,12,667.85
912490,7001352,30300,2,948.18
912491,7004874,31309,8,45.43
912492,7008978,31063,-12,943.55
912493,7001432,30734,4,
912494,7012058,30176,2,201.31
912495,7014639,31056,11,426.56
912496,7005922,30819,8,824.36
912497,7005458,31156,1,23.35
912498,7004860,30335,2,
912499,7004145,31307,11,1099.57
912500,7007714,31205,7,650.98
912501,7010940,30905,1,
912502,7012654,31011,4,49.15
912503,7010352,30820,3,583.63
912504,7002480,30711,1,851.02
912505,7005643,30192,3,638.21
912506,7012055,31349,8,904.15
912507,7009753,30326,2,765.64
912508,7005833,30769,11,271.27
912509,7002685,30343,7,89.12
912510,7003988,31449,12,752.21
912511,7014211,30133,6,337.71
912512,7002399,30653,1,118.14
912513,7000794,30420,2,341.02
912514,7011347,30364,7,949.9
912515,7007697,30605,8,367.37
912516,7000752,30665,1,1080.26
912517,7013359,30124,5,671.65
912518,7011338,31229,10,116.23
912519,7002014,31165,11,788.07
912520,7003393,31228,11,426.42
912521,7000273,30246,3,818.61
912522,7006272,30712,4,51.66
912523,7004178,30414,9,1097.19
912524,7002791,30239,8,939.27
912525,7001711,31375,5,
912526,7012041,30395,4,857.66
912527,7012595,30731,6,538.69
912528,7004177,30019,11,921.77
912529,7003367,30410,7,991.9
912530,7005481,31181,1,469.82
912531,7014361,31358,1,1153.75
912532,7004711,30095,12,996.74
912533,7014364,30891,11,274.75
912534,7001726,31443,5,1184.64
912535,7004890,30732,9,274.25
912536,7006306,30114,8,1138.79
912537,7003404,30733,1,875.03
912538,7013664,30828,11,610.41
912539,7008199,31012,12,1057.16
912540,7014821,31476,11,643.27
912541,7004356,30672,-7,742.81
912542,7011695,30588,-3,703.45
912543,7008849,30820,-8,867.47
912544,7011330,30819,6,723.8
912545,7011772,31430,8,558.81
912546,7006770,31358,7,896.68
912547,7012704,30978,8,571.03
912548,7014113,30824,2,965.37
912549,7009217,30421,6,705.07
912550,7003031,30511,6,584.9
912551,7008531,30698,1,235.38
912552,7005881,30305,9,937.1
912553,7005190,31027,11,882.93
912554,7000535,30657,12,52.84
912555,7000546,30458,10,457.99
912556,7006679,30489,2,589.0
912557,7007841,31398,7,325.47
912558,7006139,30597,9,162.46
912559,7002112,30218,6,1116.02
912560,7008360,31324,5,921.46
912561,7012792,31296,9,577.71
912562,7012566,30996,6,1133.38
912563,7007779,30981,4,910.28
912564,7008462,30952,10,474.68
912565,7003851,30022,12,1035.77
912566,7013661,31448,10,530.86
912567,7013628,30780,1,167.11
912568,7007172,30186,5,815.9
912569,7007043,30066,3,929.78
912570,7010298,31207,10,343.38
912571,7001743,30684,10,704.28
912572,7009567,31277,11,735.22
912573,7012305,31345,10,1191.84
912574,7008919,30863,4,229.65
912575,7006125,30337,7,822.71
912576,7013834,31204,3,1162.99
912577,7001294,31237,1,
912578,7007738,31434,12,851.02
912579,7008554,30757,9,723.65
912580,7011247,30417,10,997.76
912581,7013419,30833,6,
912582,7010105,30100,12,536.71
912583,7009794,30468,8,523.24
912584,7005358,31085,10,367.95
912585,7001209,30021,6,451.79
912586,7005276,31204,10,867.98
912587,7009170,31328,6,348.6
912588,7001751,30158,10,
912589,7012977,30893,3,
912590,7001959,30707,11,93.63
912591,7002062,30817,7,488.27
912592,7011321,30392,8,61.19
912593,7007268,31204,4,624.24
912594,7007393,30520,6,850.14
912595,7009929,31116,9,
912596,7003763,31166,4,666.36
912597,7004444,31131,11,1053.4
912598,7005484,30519,11,38.39
912599,7007953,31231,11,
912600,7013387,30239,7,427.09
912601,7014467,30484,1,281.84
912602,7014549,30259,-9,270.93
912603,7005011,30734,2,551.72
912604,7014834,31416,4,280.73
912605,7011302,31243,2,1082.61
912606,7001526,30134,1,134.17
912607,7002223,30379,1,747.24
912608,7013081,30925,12,478.35
912609,7013189,31258,4,1022.37
912610,7009102,30853,11,
912611,7006445,31335,6,690.69
912612,7008414,30520,1,507.88
912613,7014529,30600,6,351.73
912614,7006406,31208,2,936.95
912615,7003907,30820,9,182.85
912616,7004160,30560,12,527.55
912617,7011033,30922,10,667.52
912618,7005942,30887,10,73.7
912619,7012904,31337,3,148.76
912620,7008756,30296,12,
912621,7000056,30372,10,785.36
912622,7000036,30879,3,343.73
912623,7014141,30733,7,266.84
912624,7000576,30275,-10,1060.33
912625,7009421,30144,10,913.69
912626,7002427,30444,1,918.43
912627,7002359,31365,4,23.66
912628,7014380,31114,11,379.57
912629,7006673,30561,1,843.08
912630,7013590,30049,6,932.06
912631,7008329,31343,12,319.37
912632,7010669,30589,9,899.34
912633,7005546,30074,5,950.31
912634,7007971,30394,10,618.26
912635,7008111,31189,2,152.44
912636,7012806,30991,4,763.99
912637,7013233,31176,-8,521.48
912638,7014334,30820,3,955.8
912639,7007809,30419,10,938.72
912640,7012239,30014,2,1044.73
912641,7006691,30347,11,91.95
912642,7004146,30045,12,116.03
912643,7011227,30381,2,213.07
912644,7005049,30845,3,301.21
912645,7004992,30305,10,471.69
912646,7014429,30494,2,
912647,7009444,31101,9,271.68
912648,7001747,30229,3,826.75
912649,7002437,31402,5,534.73
912650,7009122,30068,10,121.81
912651,7000213,30012,5,841.18
912652,7009071,30663,12,77.04
912653,7010970,30705,11,394.56
912654,7000074,30379,5,1087.36
912655,7012138,30284,10,331.15
912656,7003970,31330,5,178.2
912657,7011816,31445,11,
912658,7003371,30065,11,663.36
912659,7011837,31172,4,
912660,7007951,30772,10,685.17
912661,7013601,31447,6,107.34
912662,7014050,30841,7,639.64
912663,7007551,31033,9,327.28
912664,7012424,30107,8,369.97
912665,7003714,31414,5,1129.72
912666,7006417,30083,12,886.63
912667,7006777,30186,6,46.54
912668,7006103,31071,6,198.16
912669,7001837,30282,2,421.57
912670,7012111,31194,12,491.75
912671,7011646,31393,2,500.59
912672,7003053,30342,8,160.43
912673,7003513,30734,4,120.82
912674,7008309,30705,-5,169.35
912675,7003208,30620,6,
912676,7009250,30096,2,933.9
912677,7010380,31164,6,410.33
912678,7004583,30834,10,1041.46
912679,7012799,30570,12,412.51
912680,7000494,30061,2,934.28
912681,7000643,30267,5,604.47
912682,7008729,30331,7,858.82
912683,7012938,30515,3,424.5
912684,7012583,30779,6,269.28
912685,7003031,30717,8,1055.26
912686,7010954,31468,1,362.79
912687,7013423,30547,5,966.79
912688,7009195,31435,12,502.48
912689,7008434,30408,1,853.04
912690,7013938,31324,2,
912691,7011964,30670,8,619.3
912692,7013681,30643,2,74.76
912693,7006459,31165,8,98.08
912694,7006513,31253,12,691.14
912695,7008253,31222,3,139.76
912696,7006279,31174,1,196.79
912697,7008142,31183,12,648.07
912698,7006378,31052,5,507.53
912699,7011304,31443,4,518.05
912700,7014492,30203,10,317.57
912701,7006227,30092,12,645.94
912702,7000231,30853,1,
912703,7004033,31264,6,224.01
912704,7002076,31082,7,37.6
912705,7005665,31308,9,939.09
912706,7003313,30031,10,927.36
912707,7003625,31316,8,530.23
912708,7004201,31416,4,95.97
912709,7002095,30577,5,662.22
912710,7014466,30256,3,120.17
912711,7010926,30682,3,575.5
912712,7001160,30676,7,1049.08
912713,7007618,30548,3,659.36
912714,7000614,31299,8,783.38
912715,7014788,31285,5,951.49
912716,7009295,30231,8,876.54
912717,7007698,31101,1,407.97
912718,7014164,30737,6,136.56
912719,7007339,30685,6,1092.2
912720,7013875,30467,4,1010.49
912721,7002102,31011,12,645.32
912722,7000720,30881,8,247.34
912723,7002659,30422,5,112.57
912724,7000362,30256,2,293.3
912725,7007463,30920,10,880.17
912726,7007941,30421,7,982.78
912727,7012464,30276,5,13.71
912728,7006668,30455,6,601.34
912729,7011467,31051,6,90.82
912730,7014782,30519,10,36.56
912731,7004758,31027,11,1033.47
912732,7001073,31305,8,771.47
912733,7006662,30865,3,781.61
912734,7012662,30345,3,1108.16
912735,7001310,31060,5,47.01
912736,7002269,31165,12,39.1
912737,7012540,30297,12,
912738,7006058,31240,4,40.54
912739,7001929,30865,2,1060.77
912740,7005116,30968,6,673.2
912741,7001867,30566,2,1080.89
912742,7011187,31198,1,101.7
912743,7000824,30902,6,93.85
912744,7013900,31269,1,433.63
912745,7013020,30097,10,544.7
912746,7004062,30750,3,738.92
912747,7001878,31205,12,1094.21
912748,7014538,30257,1,462.4
912749,7000827,30508,10,723.4
912750,7009577,31160,6,206.42
912751,7014098,30220,12,190.57
912752,7011022,30952,2,1073.34
912753,7007387,31097,9,120.96
912754,7006582,30008,-4,698.2
912755,7012298,30671,7,336.54
912756,7007210,30908,8,763.6
912757,7014209,30717,3,176.78
912758,7013196,30131,11,298.52
912759,7000038,30776,5,452.59
912760,7011954,31420,12,714.91
912761,7008187,31226,7,1027.14
912762,7007938,31022,11,885.62
912763,7012936,30256,10,1094.95
912764,7005289,30388,1,186.9
912765,7014431,31158,10,371.47
912766,7008857,30617,6,1054.46
912767,7013251,30166,2,169.16
912768,7005310,31045,4,31.36
912769,7013495,30472,8,697.7
912770,7011631,30345,7,539.58
912771,7005998,30399,4,658.97
912772,7005641,30308,3,555.11
912773,7002331,31389,3,163.74
912774,7011542,31065,8,213.56
912775,7013661,30518,12,1185.1
912776,7006531,30044,4,415.08
912777,7005293,30142,11,36.01
912778,7009155,30326,5,50.34
912779,7014430,30904,2,104.38
912780,7010771,31046,7,454.46
912781,7009460,30694,7,1155.1
912782,7010101,30841,9,671.02
912783,7014257,30869,11,1077.01
912784,7008472,30285,3,282.35
912785,7006221,30148,-1,484.59
912786,7008821,30913,4,19.75
912787,7010804,30601,5,944.69
912788,7014855,30769,5,729.98
912789,7008991,31270,4,303.85
912790,7004734,31073,3,482.47
912791,7014745,30204,3,270.02
912792,7003690,31134,11,741.09
912793,7006512,30442,2,793.42
912794,7003995,30856,5,27.16
912795,7008406,30060,12,286.13
912796,7007078,30419,5,
912797,7012064,30953,7,1123.21
912798,7005768,30155,2,397.6
912799,7003522,30758,6,95.12
912800,7005896,30772,12,58.1
912801,7002268,30653,11,275.45
912802,7008924,30341,8,707.52
912803,7010636,31457,8,605.74
912804,7011535,30409,-10,998.56
912805,7000649,30124,3,870.58
912806,7000606,30233,12,1088.03
912807,7003512,30359,4,471.36
912808,7008342,31314,10,405.0
912809,7006909,31142,8,870.21
912810,7000168,31065,10,861.38
912811,7014401,30590,6,675.25
912812,7012411,30190,6,849.48
912813,7014365,30334,9,429.74
912814,7010632,30347,11,1007.13
912815,7006076,30256,6,1085.64
912816,7003589,30034,5,
912817,7008732,31063,-3,720.9
912818,7009873,30198,6,913.39
912819,7011082,31238,4,551.92
912820,7007559,31185,11,1081.3
912821,7006423,30176,10,869.53
912822,7007052,30396,4,1127.08
912823,7008104,31030,7,155.59
912824,7009985,31050,12,887.11
912825,7001247,30877,9,103.85
912826,7014864,30291,11,500.16
912827,7001329,31314,8,111.01
912828,7010648,30054,-5,905.35
912829,7005326,30276,3,517.58
912830,7014268,30244,1,1131.96
912831,7013307,30945,3,20.9
912832,7009796,30199,10,97.82
912833,7009192,30716,8,1046.28
912834,7003101,30095,5,1144.38
912835,7003910,31096,3,129.15
912836,7004040,30190,5,750.5
912837,7014797,30093,10,1147.41
912838,7005026,31333,11,680.77
912839,7004797,30191,8,79.76
912840,7000487,30587,11,892.07
912841,7004191,30498,1,516.43
912842,7003730,30500,1,889.58
912843,7000602,30165,3,1009.55
912844,7000595,31465,12,114.56
912845,7014013,31157,12,93.81
912846,7007970,31241,10,702.84
912847,7014414,31243,6,263.84
912848,7009852,31298,10,255.44
912849,7005829,30192,11,592.66
912850,7010968,30251,4,488.52
912851,7012077,30416,8,189.46
912852,7011997,30107,4,123.34
912853,7008467,31274,7,
912854,7005467,31365,6,55.88
912855,7000906,30183,12,965.71
912856,7006092,30059,3,727.76
912857,7007536,31439,7,
912858,7013132,31045,5,495.12
912859,7010254,30294,2,291.84
912860,7002465,30256,11,758.26
912861,7003346,30803,9,307.79
912862,7002043,31168,3,1030.83
912863,7013892,30513,9,314.43
912864,7000903,30167,5,896.56
912865,7000947,31414,8,244.01
912866,7010704,30654,11,1189.14
912867,7014076,31394,3,28.88
912868,7006729,30701,4,1019.28
912869,7013164,31438,10,365.51
912870,7006975,30689,8,946.56
912871,7008278,30231,4,87.66
912872,7005926,31090,7,458.85
912873,7003514,31310,9,342.03
912874,7005486,31476,3,1175.6
912875,7002471,31195,3,1076.29
912876,7014634,30818,4,
912877,7010904,30366,8,322.45
912878,7010325,31424,8,459.29
912879,7001434,30507,8,568.4
912880,7008529,31415,3,722.7
912881,7014568,30192,3,612.79
912882,7010105,30045,11,555.48
912883,7007290,30011,6,882.09
912884,7001175,30304,10,694.18
912885,7005429,30792,3,505.11
912886,7014837,31025,9,488.36
912887,7004478,30472,8,351.42
912888,7011329,30186,2,
912889,7011495,30732,7,884.48
912890,7013162,30654,7,312.17
912891,7010464,30819,9,119.46
912892,7011276,30102,9,941.95
912893,7013312,31293,4,577.87
912894,7014110,30576,6,288.57
912895,7009422,31414,10,434.73
912896,7012457,30235,6,778.59
912897,7002394,30023,9,1066.15
912898,7013486,30908,7,543.03
912899,7005911,30477,3,164.52
912900,7013384,30156,6,201.74
912901,7002531,30948,7,
912902,7009589,31097,6,376.43
912903,7010264,31119,8,564.06
912904,7009879,30489,10,715.19
912905,7003147,31392,3,1040.37
912906,7001809,30729,11,962.02
912907,7011695,30350,5,343.59
912908,7013777,31321,11,644.46
912909,7001090,30279,5,598.95
912910,7011978,30527,1,
912911,7009718,30841,12,1003.37
912912,7007687,30040,12,351.58
912913,7000124,31225,1,226.15
912914,7010235,31236,9,983.08
912915,7013885,30102,6,
912916,7011461,30726,-8,976.46
912917,7013582,31035,10,982.22
912918,7004036,31056,3,209.07
912919,7005754,31047,3,477.78
912920,7000984,31023,7,491.3
912921,7001736,31100,1,457.79
912922,7008620,30751,3,1122.77
912923,7014105,30025,1,147.28
912924,7013263,30482,6,584.81
912925,7006887,31286,5,12.09
912926,7002295,31127,7,844.35
912927,7010913,30536,1,531.92
912928,7010099,30065,2,530.49
912929,7010671,30531,9,282.17
912930,7005564,30334,8,348.93
912931,7009834,30820,6,172.37
912932,7004904,30443,3,764.66
912933,7008873,30361,12,914.08
912934,7003957,30592,12,51.52
912935,7014582,30054,5,868.79
912936,7003989,30012,6,1107.42
912937,7005933,31283,5,1034.72
912938,7009780,30113,2,857.62
912939,7000389,30972,7,1036.6
912940,7010329,31329,10,1164.99
912941,7009304,31259,-4,764.23
912942,7008415,30416,7,988.99
912943,7014875,31036,6,994.1
912944,7014932,30973,1,521.3
912945,7013807,31365,8,1084.61
912946,7000854,31227,3,234.97
912947,7000798,31313,7,64.86
912948,7007271,30084,7,974.14
912949,7005813,31309,4,1195.83
912950,7006091,30341,1,390.65
912951,7011575,30550,9,579.04
912952,7008936,30611,3,
912953,7007572,30943,1,284.61
912954,7005260,31317,5,272.7
912955,7012947,30936,7,754.16
912956,7008226,30152,5,756.72
912957,7004919,30682,3,672.07
912958,7003433,30664,11,265.79
912959,7012665,31338,4,887.94
912960,7002309,31046,7,165.75
912961,7008315,30219,5,1174.7
912962,7012587,30539,11,1017.92
912963,7013578,31381,8,864.52
912964,7011850,31425,9,340.16
912965,7008631,30791,8,274.71
912966,7001472,30266,12,491.21
912967,7000959,30918,6,890.69
912968,7010334,30164,10,523.21
912969,7004369,30678,12,
912970,7006108,30105,12,334.22
912971,7001990,30869,11,779.23
912972,7014850,31164,11,50.03
912973,7007685,30331,10,239.79
912974,7005941,31287,9,924.97
912975,7012269,31055,4,681.45
912976,7007336,30917,1,30.45
912977,7010431,31409,6,853.55
912978,7005640,30790,11,34.48
912979,7013283,31181,12,1129.89
912980,7003034,30467,1,761.18
912981,7014425,30206,6,627.19
912982,7013688,30299,2,970.91
912983,7011519,30272,5,380.18
912984,7009678,31435,5,32.32
912985,7014821,30198,10,617.44
912986,7007992,30640,10,843.12
912987,7009177,31475,7,839.51
912988,7007010,30567,10,1049.26
912989,7007051,30722,4,1132.27
912990,7003894,31034,8,276.34
912991,7009309,31102,1,743.07
912992,7001717,30008,2,1111.1
912993,7014461,30373,10,79.97
912994,7012569,30386,6,301.96
912995,7007905,31209,2,485.58
912996,7013077,31172,10,905.45
912997,7001077,30473,10,15.85
912998,7014124,31321,2,1011.07
912999,7012971,30310,6,513.61
913000,7007302,30430,4,822.25
913001,7004097,31170,11,1088.95
913002,7011146,30437,7,1007.44
913003,7004447,31024,11,986.65
913004,7005926,30057,8,230.3
913005,7004276,30197,1,1176.38
913006,7006236,30562,11,788.28
913007,7013275,30370,6,207.6
913008,7012043,31359,8,
913009,7001276,30902,3,310.86
913010,7014949,30122,12,741.5
913011,7012373,30662,5,
913012,7001699,30251,2,215.99
913013,7007222,30980,6,46.32
913014,7011412,30159,7,13.95
913015,7005710,31261,12,741.27
913016,7002349,31205,1,
913017,7000513,31199,12,449.86
913018,7006256,31437,2,204.25
913019,7003758,30704,-9,188.93
913020,7006563,30690,5,1110.44
913021,7012607,30132,12,1083.81
913022,7005731,31451,10,
913023,7010419,30197,4,74.18
913024,7012022,31009,3,263.11
913025,7013317,31029,10,473.95
913026,7003656,31144,11,514.47
913027,7014528,30960,5,1120.6
913028,7000997,31378,10,1178.7
913029,7009277,30176,11,493.57
913030,7007168,31177,7,839.46
913031,7008917,30001,12,835.17
913032,7007273,30893,7,364.57
913033,7013675,30895,2,33.19
913034,7001519,30242,9,502.23
913035,7009374,30330,12,461.07
913036,7008247,31372,1,911.9
913037,7012470,31355,8,1131.21
913038,7012678,30234,10,259.39
913039,7010576,31059,5,639.48
913040,7005270,31464,5,46.4
913041,7000612,30680,12,
913042,7007760,30831,7,249.78
913043,7001758,30455,9,13.88
913044,7006008,30096,7,482.98
913045,7007209,30272,12,288.48
913046,7014232,31395,5,227.3
913047,7009743,30921,9,1026.97
913048,7012113,30856,8,1005.49
913049,7011168,30089,12,571.39
913050,7002635,30775,4,198.73
913051,7013779,30799,2,1074.86
913052,7003384,30278,7,1136.41
913053,7001729,30530,8,995.78
913054,7012049,30843,12,354.34
913055,7003659,30192,4,893.1
913056,7010786,31177,4,284.26
913057,7010800,30484,2,1125.28
913058,7012806,30958,4,70.32
913059,7012947,30039,6,22.24
913060,7001002,31151,9,879.71
913061,7001695,31254,4,645.13
913062,7005078,30766,8,164.91
913063,7010963,31068,2,512.84
913064,7014674,30486,8,1007.07
913065,7002120,30707,6,1026.72
913066,7012411,31450,4,268.23
913067,7000446,30441,-5,1135.0
913068,7006110,31172,8,618.96
913069,7007722,30872,12,992.86
913070,7011386,31141,11,183.08
913071,7006362,30155,3,264.37
913072,7007001,30150,3,150.35
913073,7001506,30204,6,292.15
913074,7010331,31023,5,527.87
913075,7004901,31153,1,627.68
913076,7000172,31358,1,911.4
913077,7007285,30400,1,880.88
913078,7013387,30888,3,906.74
913079,7014124,31461,9,134.8
913080,7001571,30352,4,1142.54
913081,7004402,30250,6,577.15
913082,7008986,31415,2,666.76
913083,7005124,30495,6,839.45
913084,7008981,30238,4,409.58
913085,7005248,30946,5,690.21
913086,7005635,30607,2,450.18
913087,7007235,30840,10,150.56
913088,7004845,30448,7,146.04
913089,7004470,31498,10,40.68
913090,7011115,31458,11,862.2
913091,7003235,30254,1,1191.39
913092,7014605,31475,12,187.29
913093,7008808,30549,5,30.58
913094,7013540,30307,8,810.89
913095,7009324,30584,8,477.94
913096,7000711,30434,-9,575.83
913097,7001504,30522,5,985.02
913098,7012669,30245,1,123.86
913099,7009443,31138,5,293.87
913100,7007833,31422,7,630.12
913101,7000516,30076,4,433.53
913102,7005004,31325,2,195.38
913103,7000553,30946,4,615.15
913104,7011735,31041,8,594.37
913105,7014982,31203,3,181.22
913106,7008258,30232,4,481.45
913107,7000723,30027,1,400.46
913108,7008670,30795,10,761.74
913109,7004708,30232,8,1086.99
913110,7012464,30362,11,857.44
913111,7008646,30339,5,342.76
913112,7005391,30842,2,860.66
913113,7010835,30815,11,780.81
913114,7011501,31430,1,598.79
913115,7010860,31124,6,905.54
913116,7008262,31091,1,526.5
913117,7000469,31110,1,149.38
913118,7001052,31163,10,189.8
913119,7009357,30925,9,751.73
913120,7004801,30981,10,1132.81
913121,7012868,30779,9,75.23
913122,7010296,31445,1,367.89
913123,7005812,30572,9,
913124,7012921,31218,5,255.87
913125,7011187,31001,7,55.38
913126,7011790,30082,2,577.5
913127,7005858,30308,4,610.39
913128,7001294,30031,5,38.31
913129,7000094,30563,2,1154.57
913130,7009803,31358,4,659.46
913131,7006584,30972,9,225.38
913132,7011086,30659,1,357.69
913133,7009628,30154,10,588.67
913134,7011333,31282,2,1075.36
913135,7003979,31022,10,550.67
913136,7008771,31052,5,516.74
913137,7003259,31394,1,57.35
913138,7004822,30090,-3,584.46
913139,7010688,31401,3,226.12
913140,7011016,31290,3,486.37
913141,7008880,30847,12,313.32
913142,7012290,30952,7,447.21
913143,7005004,30438,2,995.76
913144,7009817,31057,1,1142.12
913145,7011580,31301,4,591.86
913146,7012111,30972,9,500.1
913147,7005840,31369,1,1063.18
913148,7000301,30929,3,303.65
913149,7013081,30986,12,598.78
913150,7011888,30636,2,469.92
913151,7004698,30965,7,1177.74
913152,7006615,30720,2,797.73
913153,7008893,30194,10,
913154,7013078,30700,11,146.18
913155,7010657,31149,1,921.29
913156,7006417,30389,12,810.59
913157,7013664,30538,2,801.14
913158,7000610,31121,11,798.48
913159,7005914,30817,6,835.98
913160,7008850,31113,2,145.25
913161,7013623,31221,2,146.06
913162,7010984,31363,4,784.72
913163,7014095,30009,2,1016.8
913164,7005627,30393,5,1177.19
913165,7012493,30245,8,327.47
913166,7005219,30246,10,309.54
913167,7000760,30681,3,1018.38
913168,7010258,30747,3,635.31
913169,7003763,30047,9,139.82
913170,7003727,31064,6,29.43
913171,7009682,31108,1,703.19
913172,7007167,30616,6,614.1
913173,7006186,31010,11,289.92
913174,7009208,30197,7,268.53
913175,7014104,30890,8,1031.46
913176,7013479,31184,1,917.95
913177,7014921,30323,4,294.09
913178,7007486,30351,2,559.04
913179,7009263,31350,12,450.5
913180,7004985,31276,9,593.33
913181,7008010,31488,7,777.63
913182,7009623,30723,12,231.52
913183,7011286,31162,4,
913184,7006629,30049,3,
913185,7007281,30930,6,1073.6
913186,7009400,30220,6,36.87
913187,7008689,30394,1,196.26
913188,7008072,30339,12,1127.48
913189,7011255,30673,10,95.11
913190,7012635,30286,3,1062.69
913191,7000658,30853,9,183.6
913192,7000361,30864,11,480.62
913193,7010907,31471,6,409.85
913194,7011657,30329,-5,658.71
913195,7007007,31184,1,1019.34
913196,7006321,30521,7,133.85
913197,7010060,31130,7,280.97
913198,7008416,31388,6,473.71
913199,7006527,30080,5,849.25
913200,7014224,31425,12,500.29
913201,7013023,30147,1,332.94
913202,7003475,31401,8,350.94
913203,7006861,30940,7,53.71
913204,7000333,30640,12,307.44
913205,7006944,30680,4,987.49
913206,7009023,30205,9,187.42
913207,7002207,31130,7,1108.44
913208,7007357,30276,3,360.98
913209,7004723,30031,5,229.8
913210,7007537,30982,7,712.16
913211,7010323,30633,5,342.2
913212,7006826,31466,2,820.27
913213,7013305,30100,2,635.3
913214,7013772,31016,1,380.94
913215,7003380,30808,3,537.83
913216,7003212,31307,6,482.06
913217,7004445,31053,5,517.7
913218,7013330,31275,10,1074.83
913219,7011668,30325,-1,650.9
913220,7000463,30771,7,384.06
913221,7006661,31491,6,308.78
913222,7000254,31184,7,439.11
913223,7000239,30889,10,493.32
913224,7001983,30355,-4,332.33
913225,7010421,30629,2,779.86
913226,7012269,31424,7,31.65
913227,7004274,30073,6,845.42
913228,7009568,31299,4,604.84
913229,7006979,31304,6,951.28
913230,7010108,30047,9,130.97
913231,7005960,31372,11,1003.05
913232,7012218,30846,12,481.98
913233,7008305,31303,1,161.44
913234,7003292,30035,10,463.49
913235,7007592,31040,5,603.34
913236,7002937,30945,7,1148.56
913237,7002973,30130,1,1106.87
913238,7002358,30071,4,273.21
913239,7012227,30434,3,766.17
913240,7007919,31072,7,863.09
913241,7002806,30740,5,122.55
913242,7014947,30253,2,1060.68
913243,7007011,31059,4,1096.95
913244,7006171,31309,9,843.52
913245,7013338,31206,6,
913246,7011433,30798,10,
913247,7009373,30336,8,274.21
913248,7014555,31059,6,296.44
913249,7005758,31301,10,537.74
913250,7002401,30481,11,663.75
913251,7004102,30823,9,136.89
913252,7000533,30295,11,1078.61
913253,7009915,31349,1,234.26
913254,7012897,30632,7,1173.21
913255,7002455,31358,7,829.06
913256,7006535,30967,4,1000.14
913257,7004881,30452,10,648.45
913258,7001506,30265,3,
913259,7002621,31017,11,295.2
913260,7014642,30892,7,1024.99
913261,7008770,30679,5,567.66
913262,7009691,31193,8,793.48
913263,7006243,30426,5,906.52
913264,7000006,30594,2,740.21
913265,7012813,31394,8,145.21
913266,7010576,30099,1,670.9
913267,7003490,30620,9,412.36
913268,7006995,30004,7,556.7
913269,7011715,30779,10,153.64
913270,7013711,31470,5,790.94
913271,7014491,30706,4,374.48
913272,7008399,30932,8,
913273,7008837,31336,2,487.91
913274,7000836,31315,11,1151.11
913275,7009969,31399,10,604.23
913276,7004285,31451,3,480.69
913277,7008861,31485,1,389.8
913278,7013911,30401,5,
913279,7010536,31475,1,350.97
913280,7001532,30014,8,338.99
913281,7013153,30630,-12,1164.24
913282,7009541,31142,6,1197.1
913283,7004899,30942,7,192.01
913284,7009988,30827,10,308.5
913285,7001619,30694,5,520.93
913286,7006283,31468,9,759.61
913287,7002581,31170,9,254.17
913288,7007546,31230,9,1145.61
913289,7014097,31475,4,1050.16
913290,7010149,31213,6,633.59
913291,7006083,31064,4,1150.22
913292,7006979,31207,4,789.31
913293,7009758,31199,4,770.33
913294,7005336,31016,11,449.91
913295,7013937,30034,9,451.39
913296,7011414,31066,7,1181.65
913297,7014064,31066,5,301.73
913298,7006769,30385,7,383.98
913299,7012426,31050,7,810.4
913300,7014974,31046,5,69.32
913301,7011040,30094,10,745.01
913302,7003525,31193,3,512.78
913303,7012745,30239,5,359.12
913304,7006845,30978,12,1148.27
913305,7011864,31068,3,751.91
913306,7009170,31431,8,547.36
913307,7013682,30935,6,1104.39
913308,7003768,30231,3,
913309,7009293,31174,8,861.3
913310,7014338,30417,4,
913311,7013875,31323,8,
913312,7014747,30560,9,331.23
913313,7002391,30980,6,953.32
913314,7009260,30674,5,177.38
913315,7010335,31279,1,598.98
913316,7000545,30016,-4,1079.22
913317,7010105,31258,2,621.86
913318,7006077,30988,6,241.28
913319,7000237,30258,7,760.6
913320,7003097,31009,2,693.08
913321,7010060,30862,9,927.22
913322,7003937,30593,6,223.62
913323,7013687,30905,1,949.67
913324,7000028,31008,10,312.99
913325,7014491,30026,2,
913326,7007934,31459,1,
913327,7000328,30233,-1,718.51
913328,7010394,30635,10,255.36
913329,7000157,30675,4,687.73
913330,7000332,30355,5,1105.59
913331,7000953,30649,8,1023.02
913332,7010184,30945,12,1078.63
913333,7010864,31142,3,716.38
913334,7014262,31165,8,161.87
913335,7002973,30572,1,55.96
913336,7006612,31152,10,697.43
913337,7008717,30510,3,1158.74
913338,7001618,31027,10,412.43
913339,7005193,30354,11,258.76
913340,7006917,30553,6,1124.99
913341,7003827,31157,12,886.67
913342,7000666,31259,1,739.37
913343,7007434,30227,4,1158.55
913344,7001837,30046,5,1139.48
913345,7010004,30332,2,362.63
913346,7002981,30545,3,435.78
913347,7008754,30393,6,
913348,7006601,30525,5,91.89
913349,7001710,30939,4,40.53
913350,7010323,31011,10,559.44
913351,7001211,30115,3,200.68
913352,7003580,30002,2,666.66
913353,7014787,31126,4,553.54
913354,7012344,31232,12,1109.29
913355,7007187,30903,9,380.29
913356,7002516,30497,6,14.92
913357,7003767,30650,11,
913358,7010888,30429,7,390.1
913359,7001867,30429,10,
913360,7011906,30516,5,248.34
913361,7006284,30441,3,571.13
913362,7010896,31404,5,436.48
913363,7014460,30196,8,296.92
913364,7011287,30588,6,
913365,7006445,30610,1,579.17
913366,7011727,31036,1,240.99
913367,7005816,31368,12,521.59
913368,7001101,30251,4,15.07
913369,7002415,30899,8,544.51
913370,7002109,31025,11,182.29
913371,7001111,30147,11,243.2
913372,7000077,31488,5,870.51
913373,7006628,31411,1,1079.81
913374,7010843,30927,6,356.77
913375,7013016,30504,5,861.42
913376,7012491,31363,1,495.95
913377,7001118,30379,10,
913378,7006539,30312,4,610.28
913379,7000164,30036,7,693.56
913380,7007798,30306,6,110.96
913381,7011059,31274,5,805.13
913382,7000436,31435,1,36.92
913383,7002705,30240,3,386.75
913384,7006626,31234,11,
913385,7014951,30552,5,246.06
913386,7004787,30400,5,218.38
913387,7005807,30812,6,
913388,7003736,31458,12,291.54
913389,7002220,30627,3,911.24
913390,7013767,30215,9,80.27
913391,7013819,30419,7,1144.1
913392,7005061,30160,3,594.79
913393,7001483,31099,5,94.73
913394,7002728,31431,1,563.35
913395,7010529,30962,6,1151.42
913396,7011027,31489,9,1015.29
913397,7000287,30339,3,100.51
913398,7007638,31264,11,283.01
913399,7000238,31440,10,838.04
913400,7000606,30804,12,549.61
913401,7002862,30632,8,650.9
913402,7010575,30680,4,969.03
913403,7002432,30611,2,697.14
913404,7010690,31213,3,1172.42
913405,7002396,30730,11,913.12
913406,7010968,30791,9,775.33
913407,7005089,30850,11,872.8
913408,7001851,30893,4,1187.79
913409,7003347,30437,11,720.35
913410,7004002,30122,4,192.66
913411,7002130,31102,6,910.46
913412,7005472,30103,9,331.32
913413,7003155,30975,11,327.1
913414,7009117,30653,9,
913415,7012213,30988,6,687.17
913416,7005767,31294,6,1091.87
913417,7005885,31264,9,1192.4
913418,7013907,31237,7,1163.01
913419,7011649,30326,3,
913420,7005379,30423,12,231.18
913421,7007013,30275,3,563.97
913422,7002630,30897,5,
913423,7009762,30983,9,1055.41
913424,7012423,30343,2,969.65
913425,7006511,30510,8,835.96
913426,7006036,31234,10,559.52
913427,7008991,30500,3,854.73
913428,7009965,31479,3,413.6
913429,7012727,30052,7,396.71
913430,7011892,30434,2,507.56
913431,7002445,30835,8,589.13
913432,7000505,31391,10,878.5
913433,7007552,30140,3,547.33
913434,7014791,30677,6,1056.61
913435,7002947,30550,4,337.45
913436,7013136,30556,11,539.35
913437,7007169,31437,4,408.1
913438,7004062,31231,1,282.96
913439,7013377,31344,8,524.67
913440,7007922,31395,4,106.91
913441,7011230,30306,4,228.49
913442,7013077,30622,11,1164.18
913443,7011780,30578,3,1127.59
913444,7014544,31217,1,1072.98
913445,7006878,30160,9,775.56
913446,7005981,31246,11,713.32
913447,7011462,30576,4,400.54
913448,7012913,30010,3,538.8
913449,7000660,30813,1,668.6
913450,7006037,30925,10,68.35
913451,7009429,30194,12,598.86
913452,7005352,30497,10,233.03
913453,7010968,30589,1,1151.93
913454,7006145,31313,8,1112.29
913455,7013662,30810,4,569.47
913456,7009380,30127,1,701.38
913457,7011877,30284,1,736.48
913458,7003803,30985,9,723.06
913459,7008914,31026,8,
913460,7007397,30684,11,414.07
913461,7006110,31421,4,1084.47
913462,7008040,30993,3,82.88
913463,7007793,31108,7,688.87
913464,7009028,31474,10,
913465,7009794,30384,1,1042.83
913466,7011223,30353,7,14.71
913467,7005183,30082,3,202.02
913468,7006850,31225,3,1096.22
913469,7000963,30418,11,987.34
913470,7005539,30125,9,149.76
913471,7001504,30847,2,117.61
913472,7000897,30733,10,1024.1
913473,7005415,30857,9,166.01
913474,7010804,30304,10,792.11
913475,7007829,31293,7,1035.67
913476,7003627,30625,8,1093.98
913477,7013723,31203,5,489.42
913478,7010905,30689,7,
913479,7004061,30664,12,347.85
913480,7010550,31114,2,376.47
913481,7003864,31318,5,112.57
913482,7011330,30504,11,302.65
913483,7013855,30101,1,523.49
913484,7013602,31290,3,321.95
913485,7002583,30817,11,1156.25
913486,7001332,30564,7,256.4
913487,7001629,30343,12,154.63
913488,7014169,30913,7,165.77
913489,7012399,30695,8,
913490,7013892,31082,6,277.9
913491,7004931,30744,5,126.75
913492,7014280,31070,6,322.38
913493,7013899,31136,6,243.89
913494,7005660,30956,10,568.0
913495,7010430,30506,3,
913496,7000431,30134,12,436.26
913497,7003967,30963,5,433.98
913498,7003761,31200,2,370.07
913499,7000935,30454,8,376.36
913500,7008838,30714,11,497.28
913501,7003486,30539,5,1079.85
913502,7010463,30214,4,642.85
913503,7003078,30686,9,
913504,7012730,30240,2,495.92
913505,7005494,30880,12,298.85
913506,7013997,30807,6,603.18
913507,7008877,30765,10,592.64
913508,7000234,31061,6,1101.6
913509,7001092,30716,12,867.18
913510,7010680,30679,3,460.35
913511,7006542,30891,11,514.97
913512,7012236,30934,10,666.16
913513,7004226,30072,9,1099.32
913514,7002180,30540,7,1114.77
913515,7004653,31039,8,661.49
913516,7012722,31021,12,120.14
913517,7001076,30184,4,811.64
913518,7001840,30966,10,694.66
913519,7004140,30308,10,697.21
913520,7002228,30182,4,452.4
913521,7004215,31435,2,770.71
913522,7002573,31491,5,892.11
913523,7009429,30225,3,426.29
913524,7013354,30899,6,983.19
913525,7003130,31291,9,457.67
913526,7001783,31286,8,711.15
913527,7005563,30328,11,1187.45
913528,7004599,31373,9,229.0
913529,7003526,31064,10,115.85
913530,7003077,30514,10,388.51
913531,7011522,30852,9,267.36
913532,7004085,30799,10,511.08
913533,7002251,31224,1,908.6
913534,7001635,30124,6,175.27
913535,7000439,30388,4,130.86
913536,7002049,30173,12,275.04
913537,7007269,30209,12,1158.39
913538,7011492,30223,2,1146.79
913539,7010042,31326,5,
913540,7014633,30552,12,95.24
913541,7005885,30938,9,145.43
913542,7010655,30805,12,963.99
913543,7005669,30264,5,274.13
913544,7001834,30989,12,373.1
913545,7008518,31086,7,672.11
913546,7003397,30463,8,183.96
913547,7003914,30705,-6,478.66
913548,7014623,30454,5,369.23
913549,7012961,30064,3,288.37
913550,7006843,30407,6,927.15
913551,7000393,31198,3,823.25
913552,7010479,31137,6,166.06
913553,7000340,30586,8,706.04
913554,7006257,31003,9,889.09
913555,7005445,31025,5,598.77
913556,7013554,31480,12,
913557,7011971,31433,7,550.46
913558,7007629,30649,1,411.57
913559,7014466,30110,4,1014.53
913560,7005707,30749,10,730.32
913561,7014697,30732,4,69.99
913562,7006229,30203,1,
913563,7012709,30416,4,315.76
913564,7002040,30705,6,710.23
913565,7005471,30004,12,52.72
913566,7010643,30857,6,662.14
913567,7001625,31430,3,606.5
913568,7005191,30037,4,1163.16
913569,7008916,30166,5,553.59
913570,7002976,31465,1,660.33
913571,7001712,31176,-9,805.17
913572,7012513,31008,1,670.69
913573,7009864,31327,12,1113.3
913574,7014638,30444,11,185.51
913575,7014109,31490,3,99.36
913576,7000615,31079,1,885.99
913577,7008514,30692,-1,
913578,7011045,31402,11,726.32
913579,7010755,30420,3,125.78
913580,7011284,30849,12,544.32
913581,7004036,31197,12,788.16
913582,7004902,31232,2,48.05
913583,7004887,30413,9,100.28
913584,7009674,30183,6,794.81
913585,7012667,31219,4,
913586,7004684,30491,-1,262.67
913587,7007882,30472,1,452.84
913588,7006933,31068,11,1063.54
913589,7011221,30496,12,1197.15
913590,7006017,30731,11,529.0
913591,7012115,30737,4,982.29
913592,7013887,30230,10,57.17
913593,7000303,30742,11,830.85
913594,7012916,30396,9,1194.92
913595,7003379,30230,10,246.34
913596,7005997,30028,12,875.58
913597,7004552,31280,12,48.39
913598,7010825,31477,3,777.42
913599,7004005,30756,10,243.11
913600,7006761,31099,4,325.24
913601,7010884,31060,6,884.83
913602,7014542,31320,10,687.16
913603,7000384,31035,1,960.16
913604,7010254,30777,11,934.93
913605,7005898,31068,9,781.7
913606,7010376,30387,6,733.09
913607,7009639,30320,6,
913608,7005999,30004,3,344.17
913609,7000838,30193,10,873.19
913610,7002173,30102,12,162.49
913611,7013035,30685,8,
913612,7001737,31107,12,821.64
913613,7001359,30382,1,635.32
913614,7008850,30633,-6,931.89
913615,7012550,30701,5,1082.54
913616,7012935,30617,7,299.56
913617,7014924,31012,2,533.81
913618,7010012,30081,6,250.48
913619,7012945,30370,4,855.73
913620,7002526,30230,1,485.71
913621,7011232,31492,8,1112.77
913622,7002498,30388,7,82.42
913623,7001194,30883,8,1020.84
913624,7001128,31418,7,534.65
913625,7000463,30948,5,1092.83
913626,7005280,31442,10,31.46
913627,7002962,30898,4,825.75
913628,7005209,30424,5,1074.24
913629,7011169,31114,2,598.68
913630,7008737,31387,4,205.47
913631,7014005,30620,4,971.89
913632,7004512,31392,3,155.19
913633,7014795,30671,10,679.46
913634,7003182,30458,8,596.99
913635,7007852,30943,6,168.53
913636,7001836,31242,2,1129.08
913637,7000364,30740,8,180.67
913638,7007032,30405,7,553.71
913639,7013930,31150,7,877.72
913640,7013678,30165,10,662.8
913641,7001849,30806,8,810.64
913642,7005544,30216,10,240.96
913643,7000660,30576,7,1109.64
913644,7008130,30064,2,129.14
913645,7010054,30268,10,144.2
913646,7012419,30805,4,331.37
913647,7007044,30001,11,259.38
913648,7009940,30700,11,34.93
913649,7007732,30116,4,842.42
913650,7014274,30616,5,300.46
913651,7002156,30509,12,761.3
913652,7010463,30828,7,53.84
913653,7014918,30063,6,117.92
913654,7004507,31264,9,637.63
913655,7004919,31396,12,735.67
913656,7006839,30644,9,491.85
913657,7002983,31121,2,189.72
913658,7006792,31275,8,401.53
913659,7004671,30371,7,
913660,7010507,30942,5,1199.33
913661,7000856,30897,7,575.84
913662,7013888,30524,2,122.43
913663,7006531,31124,10,903.95
913664,7010618,31098,11,828.15
913665,7000554,31047,11,255.76
913666,7010129,31264,4,995.75
913667,7000056,30326,5,595.43
913668,7007680,31374,7,1178.78
913669,7000356,30018,4,789.62
913670,7013900,31388,2,524.65
913671,7007111,31222,11,519.44
913672,7006183,30292,1,201.6
913673,7014002,31113,7,361.78
913674,7012429,30382,9,164.6
913675,7012923,30018,3,373.61
913676,7014682,31085,10,
913677,7007955,30710,5,1162.7
913678,7008756,31005,9,
913679,7007339,31417,3,1031.32
913680,7002863,30506,3,476.56
913681,7003683,30674,3,221.51
913682,7011606,30034,1,209.06
913683,7003675,30195,7,705.57
913684,7009429,30936,5,944.28
913685,7005244,30162,4,
913686,7009682,31164,12,371.48
913687,7007897,31287,8,278.72
913688,7013284,31489,2,220.81
913689,7001578,30017,8,623.68
913690,7007294,30108,5,717.56
913691,7006575,30743,12,986.05
913692,7005575,30152,4,73.8
913693,7014979,30147,12,330.49
913694,7001345,31290,1,677.21
913695,7008009,30541,9,127.05
913696,7006613,31335,10,300.19
913697,7004710,30830,1,176.61
913698,7012590,31426,4,567.52
913699,7003035,30693,2,185.99
913700,7012429,31059,11,639.99
913701,7010674,30293,10,934.64
913702,7002627,30267,1,139.36
913703,7008140,30336,6,1179.74
913704,7001563,31352,8,427.45
913705,7011500,30022,11,87.38
913706,7011857,30493,3,252.84
913707,7008301,30198,8,817.74
913708,7005151,31172,11,1040.19
913709,7013885,30592,2,940.33
913710,7011273,31248,9,674.41
913711,7011064,31029,10,
913712,7013110,30567,5,793.03
913713,7010539,30430,8,204.71
913714,7004678,30679,7,445.38
913715,7002728,30489,4,644.16
913716,7003827,30279,12,934.7
913717,7006030,30205,11,737.49
913718,7010317,30456,12,1087.19
913719,7014916,30684,1,312.98
913720,7003705,30318,7,245.44
913721,7001708,31171,9,277.57
913722,7002182,30338,3,956.5
913723,7000577,30043,11,31.16
913724,7008702,30737,3,813.17
913725,7007360,31444,4,810.98
913726,7002773,30598,8,745.49
913727,7004940,30282,12,634.68
913728,7007916,31275,10,1024.0
913729,7012791,30887,6,1105.14
913730,7001604,31392,10,
913731,7013188,31028,12,318.8
913732,7007673,30491,5,119.79
913733,7014747,30995,3,499.24
913734,7007935,31232,8,1007.66
913735,7003892,30430,9,1123.06
913736,7008701,30079,10,588.16
913737,7008342,31044,3,547.09
913738,7004665,31045,9,516.41
913739,7010746,30958,1,
913740,7005595,30290,6,137.34
913741,7012373,30686,10,178.0
913742,7012054,30330,9,440.91
913743,7005491,31223,-10,843.95
913744,7003007,30625,3,906.47
913745,7004127,31004,4,345.44
913746,7011777,31330,10,245.61
913747,7014509,30052,1,269.71
913748,7014818,30350,12,584.38
913749,7008610,31449,12,936.0
913750,7011199,30081,4,242.34
913751,7002011,31135,9,494.71
913752,7008969,30039,1,240.97
913753,7012465,30205,6,
913754,7009411,30640,2,402.17
913755,7007146,31087,10,1000.08
913756,7000080,31207,12,556.16
913757,7011177,31270,5,72.56
913758,7002389,30539,4,83.0
913759,7003306,31466,7,736.83
913760,7005716,30993,12,807.08
913761,7010660,30980,10,1040.0
913762,7003120,30664,5,464.97
913763,7010669,31089,5,272.36
913764,7007097,31024,2,104.18
913765,7005417,30553,4,23.37
913766,7000316,30326,7,333.45
913767,7000954,30482,12,987.61
913768,7007305,30282,5,61.78
913769,7005337,30846,7,457.15
913770,7001155,30465,7,319.87
913771,7010521,30240,7,827.54
913772,7002287,30398,8,937.46
913773,7007726,30026,8,1152.63
913774,7013093,31016,6,1044.96
913775,7013860,30606,8,71.93
913776,7011794,30664,3,312.15
913777,7000008,30726,3,812.34
913778,7008712,30422,4,771.74
913779,7002167,30696,12,710.26
913780,7010291,30847,3,730.9
913781,7006170,31177,6,297.5
913782,7003614,30392,6,
913783,7001679,30759,9,858.63
913784,7003943,30584,10,479.16
913785,7000097,31284,5,494.49
913786,7004007,30763,8,1179.8
913787,7000066,30083,6,807.95
913788,7009648,30234,9,174.09
913789,7014168,30959,9,399.73
913790,7003135,30380,10,1138.45
913791,7001234,31352,4,710.59
913792,7006730,31448,5,1080.4
913793,7014017,30392,12,755.32
913794,7012811,30829,2,676.07
913795,7005287,30437,1,833.78
913796,7010333,30439,8,853.58
913797,7009434,31373,3,584.32
913798,7011701,31239,3,412.31
913799,7010324,30127,10,1186.3
913800,7002268,30627,10,719.26
913801,7011298,30865,11,58.03
913802,7009927,30858,10,32.98
913803,7006533,30373,2,713.23
913804,7009754,30557,10,897.45
913805,7013896,31371,8,243.1
913806,7014740,30118,10,540.34
913807,7014078,30175,5,303.22
913808,7014003,31162,10,353.09
913809,7008530,30855,4,44.93
913810,7005169,30223,7,553.77
913811,7001598,30192,11,1176.35
913812,7004070,30906,7,718.66
913813,7004889,30801,8,78.1
913814,7006699,31106,11,221.03
913815,7001195,31361,3,174.41
913816,7010018,31347,7,905.91
913817,7008811,30887,10,607.46
913818,7010406,30262,4,1078.75
913819,7011891,31152,3,451.7
913820,7010007,30666,2,1109.91
913821,7011518,30219,2,1116.29
913822,7009114,30796,11,936.83
913823,7007269,31441,8,1151.28
913824,7001580,30034,11,823.62
913825,7008253,30835,6,329.18
913826,7008996,30727,6,
913827,7007345,30643,11,503.16
913828,7005547,30483,3,639.02
913829,7012730,30393,11,98.9
913830,7012342,30545,12,764.37
913831,7011685,31014,1,308.82
913832,7014934,31243,7,741.59
913833,7009117,30287,8,960.22
913834,7007706,30314,8,311.15
913835,7012688,31136,5,700.0
913836,7009639,31472,11,346.94
913837,7004980,31308,2,977.11
913838,7004293,30226,8,305.91
913839,7005026,30605,8,
913840,7012031,31425,4,530.94
913841,7014025,31388,1,421.55
913842,7009746,31213,11,726.85
913843,7010374,30944,8,268.67
913844,7009472,30348,4,218.31
913845,7000076,31257,10,1153.96
913846,7000746,30657,12,707.06
913847,7005341,30768,1,820.24
913848,7005911,31134,3,731.44
913849,7000261,31204,8,51.33
913850,7001355,31106,5,466.61
913851,7004700,30324,8,941.6
913852,7013109,30312,11,727.73
913853,7007556,30356,8,558.88
913854,7012101,30357,12,383.47
913855,7001848,30796,11,498.69
913856,7005304,31019,8,706.14
913857,7009053,31054,2,334.53
913858,7000272,31119,11,346.05
913859,7009175,31321,8,597.64
913860,7014615,30833,6,
913861,7011528,30268,6,480.94
913862,7008325,31320,4,1105.54
913863,7003383,30087,3,718.98
913864,7009493,31377,7,1126.33
913865,7013191,31409,8,
913866,7010370,30951,3,179.14
913867,7013399,30489,6,718.22
913868,7014013,30001,6,615.58
913869,7004992,30908,7,958.26
913870,7005972,30880,4,458.51
913871,7007396,31269,9,
913872,7007165,31206,2,650.33
913873,7004289,30329,5,438.95
913874,7003618,31177,10,100.73
913875,7002388,30242,11,109.64
913876,7013108,30930,10,525.76
913877,7002603,31458,3,564.7
913878,7003153,31318,4,730.34
913879,7005883,31032,8,69.86
913880,7003682,30669,9,349.45
913881,7013518,30532,9,742.05
913882,7011879,30528,1,217.27
913883,7008420,31111,12,985.97
913884,7005493,31433,7,471.24
913885,7006378,31121,1,574.57
913886,7001526,31050,11,527.85
913887,7003602,30771,4,815.86
913888,7014364,30950,1,199.69
913889,7014278,30713,4,642.55
913890,7009238,30624,-2,1110.76
913891,7012834,30907,10,918.16
913892,7010454,30119,6,
913893,7008306,30214,9,908.32
913894,7005080,30846,6,711.95
913895,7010862,31132,11,184.64
913896,7012219,31182,9,686.95
913897,7004786,31417,8,25.59
913898,7004990,30714,8,747.78
913899,7008184,30596,7,377.36
913900,7006246,31286,11,1035.68
913901,7005118,31027,7,277.36
913902,7001856,31200,4,247.06
913903,7005596,31268,2,1171.2
913904,7006581,30366,8,466.97
913905,7007019,30650,3,126.58
913906,7010601,30620,3,1115.22
913907,7009002,30371,4,802.41
913908,7013547,31166,11,
913909,7002862,31489,2,1000.66
913910,7008750,30952,9,167.59
913911,7013212,30941,7,965.46
913912,7008578,30859,12,1168.8
913913,7000997,30741,2,401.35
913914,7002809,31129,8,35.98
913915,7007033,30233,2,641.78
913916,7008992,31001,2,653.09
913917,7010958,30411,2,385.18
913918,7011285,31248,1,1168.74
913919,7014280,30627,3,199.83
913920,7011486,31044,9,825.67
913921,7002486,30401,6,515.54
913922,7014541,31491,8,
913923,7003516,30733,7,755.8
913924,7010340,31378,11,33.35
913925,7007475,31106,12,531.29
913926,7009770,31307,5,376.74
913927,7012628,30533,9,629.11
913928,7014147,31474,1,606.07
913929,7006493,31269,4,17.21
913930,7013256,30701,9,683.94
913931,7000404,30471,10,970.34
913932,7013339,30763,2,777.24
913933,7004226,30113,-5,955.96
913934,7002491,31206,10,45.08
913935,7014942,30424,9,999.47
913936,7003336,30034,2,1137.01
913937,7012790,31240,3,112.73
913938,7009865,30556,2,361.22
913939,7011505,31464,9,277.55
913940,7012559,30347,5,1189.58
913941,7000339,30216,3,932.44
913942,7001522,30526,1,282.62
913943,7001273,31308,7,722.51
913944,7006000,31372,12,883.57
913945,7005503,30966,5,500.05
913946,7004329,30413,5,189.94
913947,7014148,30820,5,354.82
913948,7006363,31039,7,1172.12
913949,7002411,30138,11,1054.14
913950,7012430,31374,10,535.1
913951,7002254,30420,7,544.77
913952,7008351,30581,9,66.45
913953,7014395,30331,12,500.12
913954,7004630,30732,2,1197.13
913955,7002217,30514,10,933.12
913956,7009445,30630,2,1182.85
913957,7008551,30793,4,936.41
913958,7008757,30266,12,781.3
913959,7011262,30286,8,472.55
913960,7010909,30608,5,278.74
913961,7007075,30162,6,1027.24
913962,7002779,30321,8,913.74
913963,7011278,30485,9,140.16
913964,7002034,31035,3,953.48
913965,7001697,31426,8,874.52
913966,7014715,31063,1,963.68
913967,7006310,30816,4,503.93
913968,7008686,31348,10,351.6
913969,7010169,31029,9,1069.51
913970,7004116,30322,5,796.92
913971,7012589,30032,10,787.18
913972,7014013,31153,11,544.88
913973,7007815,30069,8,263.56
913974,7009725,30394,4,938.31
913975,7009557,30357,12,1122.75
913976,7008721,30591,10,771.0
913977,7004781,30918,6,1108.62
913978,7008731,30987,2,1075.16
913979,7008021,31269,10,629.2
913980,7009833,30022,2,998.4
913981,7012013,30379,2,1160.23
913982,7012895,30213,11,143.68
913983,7012698,30948,12,397.83
913984,7003817,30570,-8,401.92
913985,7011772,30212,7,625.91
913986,7004697,30558,4,857.21
913987,7012122,30961,12,867.24
913988,7003140,31251,11,28.5
913989,7013787,30376,2,817.84
913990,7001482,30053,4,633.41
913991,7006790,30413,6,19.81
913992,7000382,30788,8,501.47
913993,7013874,31030,12,411.96
913994,7002478,31117,1,67.02
913995,7006960,30372,6,883.86
913996,7003085,30483,9,998.12
913997,7009881,30696,9,554.85
913998,7013128,30811,5,980.78
913999,7014013,30713,9,228.42
914000,7000398,30697,8,792.93
914001,7003402,30195,2,711.89
914002,7005073,30174,10,754.76
914003,7005055,31245,5,405.48
914004,7001728,30636,1,362.5
914005,7004388,31167,11,23.91
914006,7006980,31165,12,39.04
914007,7007938,30316,2,829.12
914008,7009365,31152,8,1147.55
914009,7008945,30587,6,711.35
914010,7007514,30729,12,168.06
914011,7007489,31496,12,562.46
914012,7006077,31430,8,769.24
914013,7012716,30387,7,427.36
914014,7000229,31164,1,611.26
914015,7002665,31144,10,794.35
914016,7005488,30335,8,512.95
914017,7000878,30807,2,813.35
914018,7010053,31429,1,386.54
914019,7004622,31370,3,578.52
914020,7010327,30032,7,295.16
914021,7014707,30979,11,38.16
914022,7005185,30699,6,1121.83
914023,7003312,31199,1,1070.26
914024,7010822,31499,9,792.13
914025,7009411,30471,11,250.63
914026,7007746,30939,5,862.54
914027,7014283,31266,10,85.9
914028,7007374,31499,-8,1168.45
914029,7009881,31068,12,931.6
914030,7007948,31307,3,653.52
914031,7000257,31058,10,491.74
914032,7010844,30016,2,688.87
914033,7000919,30100,5,517.86
914034,7009965,31100,1,789.06
914035,7006475,31106,10,1101.04
914036,7014538,31312,11,794.61
914037,7004349,31328,11,569.69
914038,7001669,30230,4,131.61
914039,7001449,31265,12,402.82
914040,7011488,30301,8,773.24
914041,7013011,31458,10,338.48
914042,7002819,30072,9,877.31
914043,7012873,30467,9,232.56
914044,7009089,30635,12,479.24
914045,7009089,30651,11,49.81
914046,7003369,30286,6,198.52
914047,7010707,30502,10,254.33
914048,7013262,31054,1,513.1
914049,7007645,30692,7,29.55
914050,7000748,30476,8,117.71
914051,7013868,31217,6,227.58
914052,7009888,30025,11,969.84
914053,7009008,30258,2,774.85
914054,7002045,31062,7,872.01
914055,7010317,30584,1,516.76
914056,7009296,30024,3,347.29
914057,7002183,31180,4,598.13
914058,7011961,30546,7,1153.3
914059,7005034,31302,1,520.46
914060,7011234,31192,11,425.9
914061,7004198,30508,1,947.36
914062,7000236,30961,8,312.16
914063,7001287,30491,8,902.23
914064,7008450,30235,12,419.83
914065,7005996,30522,11,1143.86
914066,7001155,30176,6,625.96
914067,7006897,30979,12,63.47
914068,7002465,31356,4,
914069,7006331,31093,6,288.06
914070,7006189,31032,1,1118.56
914071,7008844,30333,8,960.5
914072,7013103,30870,3,1160.36
914073,7001723,30885,8,1033.17
914074,7007171,30378,4,574.15
914075,7008153,30449,8,232.48
914076,7001357,30591,12,834.21
914077,7009598,30122,7,63.81
914078,7007716,31206,6,248.73
914079,7000247,31256,8,158.25
914080,7000546,30024,11,234.13
914081,7011354,31304,3,1095.49
914082,7008507,30774,10,587.77
914083,7004560,30184,8,840.92
914084,7009912,30075,4,174.22
914085,7005187,30300,8,438.87
914086,7005717,31399,1,633.96
914087,7000900,30765,2,255.13
914088,7006435,30066,6,165.22
914089,7010223,30917,1,208.86
914090,7007886,31108,7,174.46
914091,7002949,30694,4,1095.01
914092,7002191,31385,1,1147.15
914093,7007487,30001,4,50.0
914094,7008755,31058,1,1085.24
914095,7009617,30396,11,810.11
914096,7001075,30265,5,677.34
914097,7010837,31186,11,283.11
914098,7009702,30065,8,
914099,7013686,30010,4,839.06
914100,7013098,31460,1,754.67
914101,7008812,30560,11,295.26
914102,7003149,30910,5,1186.91
914103,7008588,31438,9,623.97
914104,7012077,30576,9,889.34
914105,7002146,30056,11,835.4
914106,7014498,30928,11,879.48
914107,7009186,30826,8,847.93
914108,7006912,31087,7,1193.08
914109,7008435,31218,12,523.92
914110,7004099,30065,9,1114.13
914111,7012003,31143,3,427.68
914112,7008049,30038,9,1131.53
914113,7001986,31365,12,427.62
914114,7014884,30199,12,1010.04
914115,7007502,30918,2,693.82
914116,7007599,30207,9,1199.7
914117,7002566,30607,1,826.3
914118,7001204,31492,5,1008.72
914119,7000171,30082,6,702.92
914120,7014353,30145,7,703.79
914121,7006924,30970,5,740.76
914122,7006962,31230,6,215.24
914123,7012734,31052,2,679.45
914124,7005589,30925,10,217.45
914125,7002263,31242,9,108.15
914126,7005523,30663,4,834.92
914127,7001475,31226,4,1043.26
914128,7012926,30137,9,1067.37
914129,7011843,30481,9,153.43
914130,7007288,30259,3,1034.44
914131,7012704,31245,10,799.06
914132,7003203,31158,7,258.3
914133,7012778,31458,12,1056.35
914134,7014032,30185,-5,
914135,7001227,31212,3,1162.82
914136,7006934,30619,12,589.46
914137,7000010,31215,1,316.06
914138,7003384,31350,6,712.52
914139,7001290,31061,7,439.53
914140,7007727,30161,5,715.13
914141,7014025,30861,9,968.52
914142,7002241,30286,8,394.63
914143,7007223,30136,3,948.83
914144,7002846,31053,1,203.54
914145,7004707,30914,3,697.43
914146,7012005,30947,1,992.87
914147,7001238,30295,1,233.29
914148,7008487,31136,-7,336.45
914149,7008735,31297,1,1042.37
914150,7005037,30662,4,948.92
914151,7012686,31002,9,
914152,7009568,30165,10,588.1
914153,7009669,30689,12,640.0
914154,7012010,30865,5,408.1
914155,7006218,30249,11,
914156,7006019,30959,9,138.17
914157,7011666,30782,4,973.14
914158,7001590,30068,7,1062.46
914159,7005117,31086,1,987.25
914160,7009499,31215,8,275.95
914161,7009355,31154,7,26.77
914162,7005026,31349,2,211.71
914163,7008032,30857,12,265.85
914164,7012817,30948,6,389.41
914165,7007165,31307,6,319.77
914166,7000544,30770,5,198.02
914167,7005685,30193,11,891.89
914168,7002635,30704,12,275.06
914169,7010354,30545,8,502.54
914170,7002851,30810,1,717.22
914171,7012980,30195,6,969.54
914172,7004359,30196,2,721.59
914173,7005886,31214,11,613.97
914174,7003718,30539,8,1152.69
914175,7010287,31010,6,661.47
914176,7012985,30355,8,
914177,7001737,30311,2,561.57
914178,7007825,31066,10,947.65
914179,7014520,30087,11,1131.61
914180,7013888,30272,7,272.93
914181,7014595,30342,5,1002.7
914182,7013675,30496,4,132.32
914183,7008438,30465,4,1015.87
914184,7003862,30165,8,538.11
914185,7010785,30430,3,136.76
914186,7001014,30167,7,314.94
914187,7007044,31129,1,502.71
914188,7001630,31311,2,276.65
914189,7010800,31140,9,620.01
914190,7007313,30449,6,85.08
914191,7003121,30004,5,154.47
914192,7013785,31136,9,584.21
914193,7014409,31489,10,598.95
914194,7000803,30397,6,170.44
914195,7012996,30027,8,346.15
914196,7007487,30307,4,722.6
914197,7014571,30370,10,392.53
914198,7000321,31386,6,528.99
914199,7004856,30414,2,1145.8
914200,7011933,30780,12,360.18
914201,7007650,31216,6,1020.16
914202,7010081,31124,5,568.45
914203,7004829,31420,10,808.69
914204,7004583,30105,1,187.79
914205,7007406,30806,6,185.54
914206,7000889,31401,9,175.59
914207,7005155,31082,7,260.42
914208,7010700,30225,3,597.36
914209,7004344,31248,2,579.5
914210,7011032,31015,7,643.01
914211,7008405,30812,3,321.28
914212,7013253,30975,6,
914213,7001695,30838,2,557.41
914214,7008728,31037,12,350.89
914215,7003902,30205,2,1199.33
914216,7008892,30395,11,
914217,7013474,30657,6,106.74
914218,7006762,31003,11,188.89
914219,7009506,30669,6,81.03
914220,7007338,30418,1,273.33
914221,7008394,30735,10,628.92
914222,7000481,30496,8,566.98
914223,7001922,30827,9,561.43
914224,7005478,30667,12,257.39
914225,7008446,30822,4,28.52
914226,7006740,30486,10,414.03
914227,7008110,30675,5,677.16
914228,7003935,30398,1,1024.03
914229,7005002,31435,1,543.81
914230,7000482,30011,11,615.85
914231,7006241,30875,8,1025.96
914232,7013550,30628,4,884.72
914233,7008213,30594,3,65.06
914234,7014287,30938,1,931.67
914235,7009878,31157,2,924.69
914236,7004174,31304,9,500.06
914237,7010221,31295,4,361.51
914238,7006227,30015,9,786.9
914239,7000319,31147,6,1125.23
914240,7010925,30144,3,754.29
914241,7007567,30649,8,329.71
914242,7003530,30308,12,1090.36
914243,7004632,30422,7,396.02
914244,7004191,31376,1,1018.98
914245,7005833,30163,3,663.22
914246,7001996,30538,3,294.29
914247,7003165,30267,10,
914248,7005084,30430,9,411.19
914249,7014437,30461,1,939.5
914250,7005800,30120,1,878.98
914251,7014932,30779,4,1031.28
914252,7007370,30908,4,244.05
914253,7005051,31128,6,133.57
914254,7011818,31056,12,622.25
914255,7011610,30416,9,814.24
914256,7012627,31249,5,
914257,7014524,31169,8,64.27
914258,7006622,30555,8,1028.21
914259,7001274,30145,4,1063.47
914260,7003240,30736,7,958.51
914261,7013382,30624,6,300.04
914262,7010846,30749,10,1079.28
914263,7014462,30831,11,1057.31
914264,7013392,30894,8,391.49
914265,7006200,31211,7,1071.43
914266,7006159,30579,3,502.23
914267,7013930,31315,8,1083.55
914268,7005034,30366,1,1108.92
914269,7001257,30324,3,269.76
914270,7005277,31255,5,228.02
914271,7003700,30044,3,509.51
914272,7012330,31492,10,903.39
914273,7000432,30967,12,787.35
914274,7000094,31134,12,580.79
914275,7007940,31167,8,952.0
914276,7014305,30530,12,1088.9
914277,7014832,30277,8,386.74
914278,7012467,30580,8,778.52
914279,7012339,30108,4,884.62
914280,7012986,30552,10,652.38
914281,7004944,30897,9,92.06
914282,7013304,31183,4,68.33
914283,7007493,31163,10,
914284,7000723,31249,2,626.76
914285,7012678,30412,2,101.24
914286,7013060,31492,2,310.24
914287,7008302,31223,3,133.88
914288,7007238,31161,8,1007.34
914289,7007491,31410,9,37.57
914290,7013852,30181,11,1023.06
914291,7004625,30793,1,514.34
914292,7000312,30716,11,535.93
914293,7000115,30091,7,103.63
914294,7012676,30444,4,922.09
914295,7003925,30954,7,940.53
914296,7001085,30398,6,501.36
914297,7007701,30385,3,424.9
914298,7008978,31107,9,1109.8
914299,7005226,30613,11,509.64
914300,7012412,31403,6,
914301,7013481,30827,6,35.78
914302,7002242,30117,9,977.92
914303,7011345,31121,11,54.79
914304,7014103,30799,2,727.48
914305,7008909,31177,6,940.89
914306,7008062,30777,7,20.19
914307,7007813,30553,-10,899.02
914308,7009182,30242,6,135.63
914309,7006037,30794,-12,315.54
914310,7000616,30358,4,244.03
914311,7001979,30047,8,806.82
914312,7000541,30819,12,701.5
914313,7011586,31203,10,534.85
914314,7003596,30641,5,230.3
914315,7008114,31168,2,1178.77
914316,7013961,30658,11,82.96
914317,7002728,31101,1,188.07
914318,7001184,30455,2,603.93
914319,7005861,31032,4,48.98
914320,7009591,30501,3,296.92
914321,7008681,30946,2,901.01
914322,7006647,31314,11,328.17
914323,7010519,30368,5,923.5
914324,7007417,30595,7,220.43
914325,7009374,30665,8,675.08
914326,7010600,31088,10,612.51
914327,7014739,30204,1,692.67
914328,7007589,30868,2,781.77
914329,7007996,30215,2,374.85
914330,7014067,30596,4,597.41
914331,7009497,30044,4,10.45
914332,7013512,30688,3,495.39
914333,7009874,30495,11,987.08
914334,7010611,31199,4,277.2
914335,7013722,30940,10,1130.74
914336,7009964,30225,4,851.62
914337,7008457,30428,6,422.83
914338,7006652,30986,2,844.98
914339,7014847,30897,3,671.53
914340,7009030,30605,3,144.7
914341,7005300,31479,7,453.02
914342,7013741,30994,4,1156.98
914343,7004308,30183,5,974.02
914344,7004859,31459,7,770.21
914345,7012615,31279,1,183.88
914346,7002305,31371,10,135.8
914347,7008101,30593,5,1146.97
914348,7011740,31329,4,412.38
914349,7008576,30277,1,96.31
914350,7010450,30255,10,291.61
914351,7007123,31343,12,514.91
914352,7010661,30658,1,632.95
914353,7002941,30030,5,874.88
914354,7014345,30430,6,
914355,7008981,30255,3,402.03
914356,7012843,30460,9,797.04
914357,7000955,30945,4,528.21
914358,7010216,30999,4,334.34
914359,7000961,31283,9,581.82
914360,7011414,30510,8,30.68
914361,7000160,30242,2,1168.84
914362,7006388,31144,8,305.5
914363,7008870,30470,9,925.29
914364,7004041,30187,12,606.42
914365,7002492,30488,11,10.62
914366,7014090,30587,1,1070.04
914367,7006018,30719,10,245.0
914368,7010845,30418,9,758.98
914369,7012714,31439,7,
914370,7010907,30631,7,89.25
914371,7008924,31028,3,600.76
914372,7014617,31041,10,26.47
914373,7008390,30307,5,1117.13
914374,7007901,30870,9,264.39
914375,7003408,30337,1,605.44
914376,7014906,31180,12,717.18
914377,7004077,30396,4,735.49
914378,7009751,30551,11,856.94
914379,7009014,30545,8,590.41
914380,7009598,31035,1,948.85
914381,7002316,30264,6,1078.31
914382,7005118,30269,10,335.28
914383,7007387,31069,6,134.29
914384,7005215,30451,11,71.21
914385,7011314,31143,4,1187.53
914386,7007697,31035,4,616.2
914387,7000533,30011,2,592.83
914388,7000619,30724,10,
914389,7010034,31443,3,624.83
914390,7013616,30165,8,876.72
914391,7008729,31141,1,500.88
914392,7010947,31288,8,105.08
914393,7010302,30402,1,152.53
914394,7009686,31496,9,826.54
914395,7002124,30012,11,57.27
914396,7014335,30448,3,748.17
914397,7003197,31226,11,892.33
914398,7005246,31231,5,547.33
914399,7005166,30325,1,342.32
914400,7009644,31182,9,642.9
914401,7009910,31282,3,28.78
914402,7008617,30053,5,1051.22
914403,7009993,30906,3,724.41
914404,7010253,30488,6,371.5
914405,7004719,31183,9,838.57
914406,7009118,30128,2,1028.27
914407,7010370,31237,3,329.29
914408,7004625,31340,11,113.35
914409,7003679,30066,1,861.21
914410,7004642,31364,9,455.08
914411,7009737,31291,7,836.0
914412,7013196,30801,10,319.92
914413,7013041,31227,9,403.11
914414,7006494,30143,1,141.69
914415,7013398,30671,8,29.33
914416,7013643,30201,11,229.81
914417,7002566,30522,6,857.34
914418,7005146,31287,1,957.02
914419,7004849,31126,10,848.36
914420,7006113,31136,11,785.66
914421,7001206,30414,9,151.24
914422,7006128,30484,12,849.14
914423,7006153,30435,6,898.75
914424,7000624,31044,2,978.31
914425,7011389,30361,5,971.24
914426,7013846,30079,12,182.13
914427,7000899,31022,6,568.79
914428,7011382,30574,2,402.76
914429,7013744,30035,10,136.76
914430,7004473,30913,3,1133.53
914431,7006732,30389,12,389.5
914432,7012984,30428,7,791.19
914433,7008589,30075,11,30.19
914434,7011668,31262,6,540.78
914435,7013655,31252,1,
914436,7010696,30800,11,1170.82
914437,7001662,30564,12,450.3
914438,7000245,30405,7,21.68
914439,7013785,30116,6,190.08
914440,7004308,30428,1,1078.63
914441,7011007,30119,8,363.5
914442,7004863,31283,-2,157.98
914443,7012129,31257,5,1019.08
914444,7001240,31174,8,541.89
914445,7007788,30021,12,619.27
914446,7007978,30129,9,40.95
914447,7009642,30983,3,31.35
914448,7004612,30144,1,589.05
914449,7000288,30594,4,706.22
914450,7002591,31321,6,57.74
914451,7013217,30931,6,353.58
914452,7006003,30504,4,498.67
914453,7007598,31351,10,268.22
914454,7002799,31143,8,733.73
914455,7003698,30022,7,164.91
914456,7010096,30216,1,866.22
914457,7006829,30513,3,1039.65
914458,7003773,30259,1,1080.0
914459,7007898,31297,10,236.66
914460,7004063,31091,5,1029.84
914461,7012392,31441,5,371.98
914462,7007529,30220,4,57.29
914463,7001485,30588,-3,879.58
914464,7008690,30408,3,450.86
914465,7000586,30231,3,762.08
914466,7002375,31118,3,931.37
914467,7009603,31133,10,166.23
914468,7001034,30630,5,
914469,7001696,30734,4,782.7
914470,7000450,30266,3,906.79
914471,7006601,30341,3,611.22
914472,7001711,30962,7,353.91
914473,7001867,30283,7,178.89
914474,7003195,30851,12,260.44
914475,7002359,31365,3,84.42
914476,7013562,30588,3,513.14
914477,7001422,31176,6,237.01
914478,7012310,30481,3,474.01
914479,7014841,31230,8,551.99
914480,7002678,30951,12,1183.25
914481,7002637,31092,11,150.35
914482,7006856,30534,8,986.84
914483,7003303,30347,2,277.14
914484,7002853,30644,4,345.51
914485,7004736,31340,7,31.27
914486,7013773,30180,10,557.72
914487,7004340,30643,7,989.52
914488,7012802,31417,8,44.68
914489,7005521,30844,8,269.18
914490,7007470,30409,7,725.97
914491,7009429,30038,3,217.0
914492,7000084,31315,2,556.86
914493,7003305,30874,-7,766.46
914494,7014326,31115,10,1004.28
914495,7002158,30499,7,815.0
914496,7002764,30654,12,
914497,7006275,30159,4,98.31
914498,7000371,31132,4,258.58
914499,7000680,30474,12,920.85
914500,7004342,31249,11,1162.25
914501,7004311,30512,12,776.13
914502,7011173,31163,7,200.51
914503,7001209,30341,7,13.44
914504,7011897,31183,6,961.47
914505,7000219,31460,6,660.16
914506,7006727,30624,3,44.8
914507,7014480,30339,6,162.99
914508,7013397,30036,6,1198.78
914509,7011487,30449,3,435.05
914510,7003463,30618,7,627.53
914511,7009036,30526,12,800.72
914512,7011761,30554,8,552.21
914513,7006518,31158,6,606.32
914514,7009708,30173,10,1041.17
914515,7005737,30751,8,627.05
914516,7012603,30635,8,746.58
914517,7008019,30333,9,1036.18
914518,7005925,31117,9,1137.33
914519,7003479,30300,1,934.41
914520,7001327,31230,1,863.43
914521,7011223,30707,9,1135.08
914522,7001377,30687,6,504.09
914523,7002742,30035,3,636.08
914524,7009560,31099,6,905.8
914525,7004157,30630,11,790.15
914526,7012629,30635,10,507.19
914527,7013261,30663,1,884.55
914528,7012244,30225,1,168.65
914529,7011150,30611,9,383.94
914530,7003785,31400,7,423.26
914531,7012308,30099,5,1025.13
914532,7013750,31328,1,760.98
914533,7014755,31234,12,36.43
914534,7007871,31014,4,113.56
914535,7011062,31201,8,795.65
914536,7004743,30200,9,852.16
914537,7001139,30903,1,614.66
914538,7004841,30820,12,108.54
914539,7013717,31167,2,1184.62
914540,7010128,30327,-2,898.2
914541,7003118,30882,2,925.45
914542,7007301,31281,3,1014.23
914543,7010719,30079,7,391.13
914544,7012527,31432,10,262.46
914545,7014457,31213,7,1166.66
914546,7014401,30368,7,912.11
914547,7003715,30531,10,582.2
914548,7003353,31314,9,915.25
914549,7010598,31333,11,922.64
914550,7013155,31153,5,622.04
914551,7003836,30563,12,991.42
914552,7007826,31390,1,591.94
914553,7013228,30918,1,645.79
914554,7006840,30637,3,893.15
914555,7008496,31033,1,32.18
914556,7003080,30938,2,1139.14
914557,7009050,30825,6,838.09
914558,7009911,31236,11,201.42
914559,7001022,31311,2,275.65
914560,7011547,30959,12,626.92
914561,7014594,30139,12,1121.68
914562,7002034,30345,11,570.56
914563,7004373,30675,11,598.0
914564,7003645,30543,4,556.21
914565,7014409,31019,9,275.99
914566,7009225,31179,-3,1119.54
914567,7010913,31374,1,
914568,7005680,30867,11,895.44
914569,7010949,30607,8,705.57
914570,7001872,30737,12,26.98
914571,7013732,31417,6,473.08
914572,7001347,30990,12,892.9
914573,7004336,31054,11,915.76
914574,7005304,30965,5,
914575,7014232,31150,6,1166.49
914576,7003628,30212,8,549.09
914577,7006618,31382,11,992.03
914578,7011006,31236,10,826.73
914579,7010312,30994,7,491.87
914580,7009414,31006,10,624.61
914581,7007251,30220,5,194.5
914582,7006387,31058,4,133.93
914583,7010489,30186,7,429.63
914584,7010427,30954,2,457.38
914585,7008883,30607,3,155.48
914586,7000651,30540,10,934.72
914587,7004952,31329,8,1147.72
914588,7013893,31470,4,32.65
914589,7014876,30806,10,128.89
914590,7000969,31091,11,1084.97
914591,7014391,30324,12,1086.21
914592,7001316,30475,11,457.87
914593,7002566,31356,-4,22.8
914594,7009695,31324,10,1134.14
914595,7009868,30730,1,211.53
914596,7014843,31247,4,659.01
914597,7001820,31328,3,1134.12
914598,7010642,30969,9,32.19
914599,7010809,30697,12,323.95
914600,7006016,30990,9,1081.36
914601,7005602,30923,1,1105.17
914602,7003535,30678,5,1136.53
914603,7000541,31101,11,543.09
914604,7006939,31085,7,165.91
914605,7007083,30252,8,343.45
914606,7009909,30131,6,1017.73
914607,7012354,30807,7,705.9
914608,7008173,31038,8,851.82
914609,7005318,30705,6,369.22
914610,7014258,31131,7,833.91
914611,7005204,30107,3,778.78
914612,7009408,31234,-5,728.88
914613,7009430,30439,6,48.22
914614,7000102,31376,11,361.43
914615,7003146,30776,7,976.6
914616,7006328,30627,2,1066.29
914617,7013243,31422,7,713.9
914618,7001359,30863,7,409.82
914619,7004636,30229,11,649.17
914620,7012887,30416,12,179.7
914621,7006703,30418,9,54.97
914622,7012841,30741,7,367.05
914623,7014392,31453,7,619.34
914624,7008202,31077,11,58.85
914625,7006890,30522,2,547.51
914626,7011465,30366,1,
914627,7011628,31075,3,343.03
914628,7008378,30420,3,268.24
914629,7002077,30868,3,1169.57
914630,7001716,30792,4,767.79
914631,7008465,30169,8,622.71
914632,7000115,30116,10,175.06
914633,7001535,30883,6,699.91
914634,7000175,30445,1,712.21
914635,7010657,31370,3,123.78
914636,7010475,30473,2,811.58
914637,7002724,30488,7,168.94
914638,7004492,31019,5,508.25
914639,7013951,30926,12,146.34
914640,7006570,31188,6,221.68
914641,7003421,31261,9,192.13
914642,7006062,30824,10,785.53
914643,7012698,31128,3,835.94
914644,7007904,30582,6,455.54
914645,7010201,30270,8,469.66
914646,7009826,30667,7,298.37
914647,7008102,30743,9,170.93
914648,7010191,30496,8,
914649,7009713,31467,4,1160.63
914650,7011416,31229,3,426.56
914651,7013814,31223,8,14.3
914652,7004571,30958,3,298.6
914653,7011959,31257,6,241.56
914654,7002295,31144,4,684.87
914655,7012538,30253,10,841.6
914656,7014721,31049,8,1076.65
914657,7000167,31250,9,156.38
914658,7000675,31440,1,287.01
914659,7006596,30397,11,414.3
914660,7013636,30877,1,
914661,7010412,31080,7,1006.41
914662,7010061,31178,2,989.94
914663,7011697,31125,12,774.74
914664,7009863,30806,1,907.74
914665,7000016,30248,2,192.6
914666,7005053,31271,4,934.7
914667,7002208,31239,8,
914668,7002186,30229,12,326.42
914669,7000582,30329,9,179.71
914670,7007305,30186,7,105.49
914671,7010705,30882,6,929.51
914672,7001074,30701,3,16.42
914673,7010439,31308,3,980.85
914674,7013279,31337,12,74.08
914675,7000444,30838,2,276.35
914676,7009911,31201,12,34.5
914677,7013088,30414,-4,194.97
914678,7001858,31187,2,780.97
914679,7007545,31000,5,425.93
914680,7002194,30018,9,350.3
914681,7008819,30897,1,247.9
914682,7013809,30469,6,1102.03
914683,7005630,31121,6,356.2
914684,7008844,31070,1,49.81
914685,7008338,31043,9,588.97
914686,7004344,31124,3,
914687,7000427,31334,12,810.12
914688,7008165,31287,9,862.97
914689,7010189,30186,10,915.21
914690,7005389,31458,1,389.1
914691,7001706,30343,4,1152.33
914692,7010198,30526,-1,925.48
914693,7014296,30628,6,1033.24
914694,7007594,31032,3,258.24
914695,7010402,31026,8,823.48
914696,7002493,30652,9,1178.44
914697,7012396,30136,2,228.52
914698,7000345,30451,2,630.04
914699,7006156,30901,2,166.69
914700,7009125,30616,10,92.78
914701,7008529,30872,1,757.6
914702,7002179,30800,8,82.49
914703,7014040,30352,12,921.32
914704,7004364,30603,5,395.9
914705,7013492,30840,9,779.84
914706,7006302,30279,1,81.38
914707,7006528,30918,6,546.17
914708,7013264,30244,11,481.52
914709,7012215,30911,12,478.62
914710,7012091,30352,9,1146.33
914711,7001952,30675,7,303.71
914712,7012326,30504,4,175.29
914713,7003486,30616,-1,326.04
914714,7003256,30283,2,179.29
914715,7010137,30710,10,864.94
914716,7000778,30512,7,734.73
914717,7001420,30304,2,962.97
914718,7002355,30065,6,318.13
914719,7010982,31026,4,195.42
914720,7009995,30026,12,380.18
914721,7008690,30445,3,238.79
914722,7002142,31094,11,239.47
914723,7008128,30889,6,472.31
914724,7012037,30139,3,831.06
914725,7014292,30844,7,861.85
914726,7002099,30459,9,1165.93
914727,7007279,30190,4,913.27
914728,7003794,30081,3,210.46
914729,7004726,30944,3,454.83
914730,7001270,30356,5,1017.54
914731,7011832,30847,1,1161.37
914732,7010139,30960,8,85.97
914733,7000571,30513,5,332.66
914734,7013951,31156,4,137.89
914735,7004574,30077,2,200.33
914736,7012401,31133,-11,984.08
914737,7000768,30944,3,844.95
914738,7007027,30462,10,882.22
914739,7010800,31018,11,763.37
914740,7006336,31379,4,23.64
914741,7013181,30886,2,536.41
914742,7009047,30660,11,1011.21
914743,7004922,30639,6,256.6
914744,7001403,30117,3,503.73
914745,7009043,30927,7,686.56
914746,7004274,30371,1,725.94
914747,7014115,30976,4,18.61
914748,7004630,30542,7,184.6
914749,7009905,31281,9,243.3
914750,7011155,30818,1,545.11
914751,7007784,30384,2,111.85
914752,7013655,31292,5,1017.94
914753,7003645,30419,1,1145.96
914754,7006944,31006,7,941.21
914755,7006262,30231,3,1076.81
914756,7014737,30718,7,1127.19
914757,7012991,30914,4,739.54
914758,7002301,30996,2,86.04
914759,7008667,30618,8,487.54
914760,7013812,30400,8,135.93
914761,7001684,30946,4,125.47
914762,7007231,30002,7,447.75
914763,7011697,30664,9,561.1
914764,7009015,30019,4,1063.72
914765,7000720,30633,5,414.23
914766,7010895,30982,5,284.61
914767,7013651,30458,6,1013.85
914768,7004606,30542,6,304.2
914769,7013870,30973,10,43.55
914770,7005132,30605,6,559.19
914771,7002195,30883,12,95.2
914772,7002974,30895,12,854.6
914773,7002748,30500,9,597.18
914774,7011473,31038,2,394.12
914775,7013609,30874,11,36.16
914776,7010103,31307,11,302.62
914777,7011803,30248,6,1183.9
914778,7012571,31308,8,317.29
914779,7000227,30196,12,1194.64
914780,7008433,31494,12,1126.65
914781,7008736,30058,2,
914782,7008942,31410,11,581.19
914783,7008442,31430,2,937.87
914784,7013928,30875,6,1115.26
914785,7014161,30182,11,674.74
914786,7010072,30153,12,1061.07
914787,7010380,30995,3,657.25
914788,7012274,31242,10,247.88
914789,7005410,31369,8,471.41
914790,7004215,31433,11,403.34
914791,7010903,30014,11,1072.16
914792,7000541,30162,6,636.03
914793,7009614,30351,7,257.8
914794,7014412,30869,11,328.35
914795,7008211,30735,10,216.39
914796,7008352,31077,7,276.51
914797,7002124,30045,2,279.33
914798,7014835,30564,6,1111.68
914799,7014132,31367,2,720.0
914800,7014793,30552,6,446.12
914801,7001894,31063,2,181.23
914802,7006044,30762,5,217.98
914803,7006527,31019,10,742.78
914804,7006753,31390,1,1017.45
914805,7014094,30957,10,376.07
914806,7008443,30023,9,1076.74
914807,7004388,30299,5,375.71
914808,7009083,30007,1,283.23
914809,7003111,30745,-9,719.72
914810,7014979,30972,-2,709.59
914811,7006829,30996,9,396.41
914812,7006798,30978,7,867.42
914813,7011477,30874,3,1055.79
914814,7003785,30052,5,566.31
914815,7008884,31359,6,908.34
914816,7007462,31130,7,1108.57
914817,7001277,30180,5,423.69
914818,7007860,30686,5,43.77
914819,7008163,30416,4,24.03
914820,7013228,30653,1,678.61
914821,7006885,31348,10,41.5
914822,7003532,30239,1,1060.94
914823,7007327,30026,9,1151.99
914824,7007211,30092,9,382.58
914825,7013142,30277,7,15.24
914826,7002654,30656,10,983.15
914827,7002699,30171,10,767.6
914828,7007380,30124,4,1110.49
914829,7004426,30615,10,172.01
914830,7000030,30597,2,391.46
914831,7002099,31157,6,184.66
914832,7008952,30174,7,296.48
914833,7009088,30192,9,737.01
914834,7013396,31341,7,710.77
914835,7008388,30891,2,199.05
914836,7007238,30217,8,502.78
914837,7005277,30057,9,445.12
914838,7014268,30571,4,1101.94
914839,7006529,30012,11,1032.39
914840,7011861,31309,3,46.28
914841,7002406,30326,5,283.42
914842,7013228,30496,6,1128.11
914843,7009411,31130,12,425.87
914844,7009832,31208,2,369.96
914845,7001849,31157,2,793.59
914846,7005263,30909,4,810.24
914847,7003640,30178,4,1132.79
914848,7004582,30196,2,853.21
914849,7013521,31058,2,1092.67
914850,7009854,30268,5,591.89
914851,7004411,30134,2,921.7
914852,7008886,30853,12,846.16
914853,7001718,30883,10,220.26
914854,7009848,30965,10,
914855,7001127,30868,6,788.23
914856,7006601,30321,6,72.61
914857,7012975,30686,7,350.73
914858,7009216,31189,4,557.33
914859,7005290,31143,8,
914860,7014683,31264,3,
914861,7002611,30562,9,406.5
914862,7000052,30302,7,1101.94
914863,7013147,30760,6,1196.36
914864,7005684,30531,8,449.92
914865,7013904,30833,4,
914866,7009407,30103,8,765.95
914867,7003587,31388,10,1001.14
914868,7010450,31077,5,728.95
914869,7002853,30763,12,937.89
914870,7003732,31173,10,380.86
914871,7004461,30694,9,
914872,7006653,30738,2,569.04
914873,7007490,30922,6,980.51
914874,7000817,31349,9,731.22
914875,7001568,31414,2,439.64
914876,7002719,30725,1,806.79
914877,7003042,30218,9,764.37
914878,7014474,30110,9,110.72
914879,7012909,31293,1,130.99
914880,7005828,30407,1,1121.91
914881,7011410,30106,3,1054.05
914882,7004737,30369,2,248.95
914883,7006978,30989,6,
914884,7010249,30614,6,43.63
914885,7009195,30587,2,981.21
914886,7003926,30158,1,
914887,7008319,30685,3,948.41
914888,7002126,30105,7,165.34
914889,7012110,30720,2,314.54
914890,7003865,30735,4,487.55
914891,7007227,30306,9,1002.17
914892,7009703,30334,11,929.84
914893,7010618,30716,7,567.67
914894,7002783,30009,11,541.85
914895,7001171,31203,12,58.41
914896,7011210,30128,4,976.05
914897,7009690,31069,4,
914898,7013895,31172,6,457.96
914899,7010177,30014,10,449.84
914900,7011793,30380,5,503.02
914901,7003152,30806,-7,741.97
914902,7003401,31192,12,932.77
914903,7014291,30872,8,324.46
914904,7007824,31090,11,11.75
914905,7011506,30454,2,1124.05
914906,7013490,31103,11,428.27
914907,7002646,31355,7,1162.48
914908,7009958,30125,12,1092.54
914909,7001464,30675,10,1149.27
914910,7010139,31188,1,33.16
914911,7008088,30253,3,741.47
914912,7001493,30165,6,
914913,7003088,31208,6,917.35
914914,7012434,31479,11,232.01
914915,7004996,30724,10,189.27
914916,7014289,30943,1,521.64
914917,7012656,30764,6,75.49
914918,7012426,31339,4,56.82
914919,7006292,30539,7,391.53
914920,7005459,31045,4,178.46
914921,7010436,30549,9,384.99
914922,7006682,30128,3,1146.99
914923,7013953,30838,11,329.59
914924,7013120,30699,2,119.02
914925,7014705,30495,1,782.55
914926,7011062,30105,7,667.26
914927,7013190,30626,1,495.0
914928,7012684,31487,9,314.89
914929,7008362,30178,12,439.33
914930,7003136,30394,8,359.81
914931,7004305,31189,6,601.26
914932,7009524,30037,5,862.26
914933,7000782,30816,7,72.26
914934,7001703,30629,2,130.86
914935,7000994,30177,10,264.73
914936,7003837,30739,3,120.01
914937,7008850,30755,7,369.58
914938,7006280,31198,-5,715.84
914939,7002663,30680,11,900.38
914940,7005032,30480,8,1113.99
914941,7006221,31471,10,140.03
914942,7005716,31360,2,840.22
914943,7011585,30869,11,516.25
914944,7001690,30804,11,403.67
914945,7006491,31000,10,635.44
914946,7010082,30161,7,1057.11
914947,7008035,30684,8,37.46
914948,7009513,30619,1,915.17
914949,7001181,30840,8,157.34
914950,7010470,31483,2,440.04
914951,7002053,30078,7,27.2
914952,7011373,31186,9,246.21
914953,7000346,30580,11,242.55
914954,7003954,31283,4,1199.01
914955,7005808,31401,7,496.11
914956,7004883,30585,9,1119.44
914957,7000032,30484,9,1132.38
914958,7011208,30479,1,1167.11
914959,7003836,30505,3,331.89
914960,7010925,30401,5,686.49
914961,7006363,30294,1,487.08
914962,7011526,30853,9,830.58
914963,7003894,31077,6,77.14
914964,7009073,31403,11,110.9
914965,7006675,30845,12,967.04
914966,7008560,30135,11,532.62
914967,7011752,30265,6,910.23
914968,7001466,30158,4,400.78
914969,7013360,30682,10,595.24
914970,7011377,31165,9,
914971,7009599,31320,5,463.48
914972,7013303,30469,3,1119.56
914973,7003699,30668,4,666.49
914974,7000770,30919,11,314.84
914975,7014117,30989,9,70.26
914976,7010211,30663,2,1164.23
914977,7013898,30615,9,1017.57
914978,7010276,31464,12,741.16
914979,7005725,30378,3,
914980,7008916,31060,3,403.25
914981,7003380,30255,3,583.25
914982,7013600,30546,2,749.7
914983,7010936,30058,12,66.57
914984,7014202,31235,8,1005.04
914985,7010348,31272,2,755.34
914986,7012206,31130,6,396.41
914987,7001529,31363,4,205.08
914988,7004373,30311,12,744.41
914989,7014732,30402,3,337.88
914990,7003686,30228,8,28.14
914991,7004436,30183,12,150.03
914992,7001023,30725,7,613.28
914993,7012737,31359,11,1171.44
914994,7003876,30308,7,244.24
914995,7002687,31111,4,312.61
914996,7013743,30134,8,219.08
914997,7014085,30463,11,799.93
914998,7014065,30741,12,423.3
914999,7000584,31431,3,1089.67
915000,7007222,30299,11,960.86
915001,7014242,30103,2,920.95
915002,7005544,30112,3,418.69
915003,7000888,30891,11,298.68
915004,7002237,30855,7,551.7
915005,7002124,30006,9,770.77
915006,7013655,31097,10,241.19
915007,7014321,31152,10,632.61
915008,7005781,30880,7,132.18
915009,7009839,30703,2,351.72
915010,7004978,31172,9,338.73
915011,7012885,30045,3,387.2
915012,7012099,30143,10,502.62
915013,7003079,30760,8,505.54
915014,7006231,31408,4,300.68
915015,7011032,30842,8,525.06
915016,7014373,31298,4,1147.33
915017,7009353,30299,10,1095.05
915018,7001010,30975,2,465.23
915019,7006919,30432,2,256.61
915020,7008969,30737,3,428.28
915021,7010656,30220,5,756.05
915022,7012419,30664,1,850.52
915023,7014938,30622,3,271.64
915024,7000229,30986,6,1190.13
915025,7013021,31388,7,839.93
915026,7011609,30898,7,230.48
915027,7012920,30551,8,504.45
915028,7013598,30184,5,569.52
915029,7002778,30416,8,1003.87
915030,7004766,30449,6,813.81
915031,7006548,30015,9,1113.79
915032,7009906,31371,10,
915033,7014932,31272,2,726.01
915034,7007513,30816,10,63.57
915035,7004719,31054,6,413.32
915036,7004242,30593,10,1183.9
915037,7012734,31341,6,667.9
915038,7002088,31479,10,499.69
915039,7010602,30248,6,
915040,7001427,30535,12,495.6
915041,7009414,30934,4,12.13
915042,7007662,30299,1,938.76
915043,7006074,31104,10,371.34
915044,7005253,30434,2,335.09
915045,7007447,30993,5,359.49
915046,7000987,30583,8,470.99
915047,7008363,30021,10,921.39
915048,7011748,30934,8,
915049,7002553,31460,8,388.52
915050,7007719,30991,6,913.49
915051,7003410,31211,4,609.94
915052,7008399,30380,12,516.33
915053,7004684,31237,2,737.79
915054,7005327,30206,-7,500.33
915055,7008802,30309,10,387.74
915056,7007015,31169,7,304.41
915057,7012474,30006,3,860.47
915058,7002581,31103,4,793.96
915059,7003425,30209,12,26.28
915060,7014696,30381,3,651.2
915061,7009810,31344,2,57.1
915062,7002384,30719,1,
915063,7005244,31064,8,845.04
915064,7010416,30640,3,802.57
915065,7000169,31053,12,42.98
915066,7008806,30793,10,678.01
915067,7005530,31195,4,483.71
915068,7009264,30301,12,532.72
915069,7004993,30355,7,466.6
915070,7005600,31047,10,22.33
915071,7014572,30906,10,498.61
915072,7001052,30859,8,498.05
915073,7014923,31446,6,516.34
915074,7001826,30647,8,906.07
915075,7012318,30109,12,136.09
915076,7002460,30806,4,213.92
915077,7014626,30847,4,32.53
915078,7005625,30520,1,161.71
915079,7004034,31435,2,605.07
915080,7005818,30745,11,
915081,7014047,30326,3,
915082,7002500,30749,1,1155.77
915083,7009743,31156,2,125.12
915084,7006049,30862,3,
915085,7014863,30836,5,942.46
915086,7014759,31013,2,50.42
915087,7011647,30837,6,1016.11
915088,7004050,31451,2,
915089,7002761,30926,12,774.09
915090,7005048,30912,12,799.31
915091,7013785,30731,9,1152.53
915092,7004758,30222,9,1014.58
915093,7006557,31221,6,433.62
915094,7012875,30208,8,1045.43
915095,7004697,30908,6,775.44
915096,7004558,30308,-5,181.71
915097,7012120,30752,7,1024.48
915098,7005973,30469,9,933.67
915099,7004935,31247,7,932.43
915100,7012880,30475,12,335.23
915101,7010336,31004,10,725.92
915102,7011374,30442,6,554.21
915103,7004015,30102,11,360.53
915104,7014195,30619,8,1002.14
915105,7011525,30177,-8,594.69
915106,7006094,31437,10,156.65
915107,7006043,30325,4,566.71
915108,7006479,31343,2,435.74
915109,7001055,30253,7,165.66
915110,7000524,31497,1,197.23
915111,7010252,31163,5,577.62
915112,7007781,30211,9,272.65
915113,7012754,30568,12,706.07
915114,7006317,30130,12,997.59
915115,7002471,30459,8,24.26
915116,7009563,30491,12,1000.55
915117,7007014,30991,7,305.88
915118,7011952,30697,12,666.27
915119,7006982,30127,2,
915120,7004118,30177,12,220.26
915121,7005016,31196,3,772.43
915122,7005048,30005,4,947.58
915123,7008939,30969,4,1037.23
915124,7005160,30675,7,179.71
915125,7002360,31025,11,86.91
915126,7008604,31246,1,977.93
915127,7007390,31127,8,210.71
915128,7006334,30718,10,674.42
915129,7007265,30958,3,819.82
915130,7014078,31141,6,977.33
915131,7014620,31410,5,644.12
915132,7000822,30212,10,221.95
915133,7006515,31476,6,395.86
915134,7006647,30242,5,58.01
915135,7004508,30373,5,660.18
915136,7011091,31022,1,968.57
915137,7013565,31298,9,986.21
915138,7009148,30194,3,503.6
915139,7012698,31341,12,1159.46
915140,7000162,31235,5,500.12
915141,7014142,30130,11,521.9
915142,7014167,30251,7,1032.34
915143,7002345,31179,1,835.22
915144,7001183,31440,4,839.81
915145,7013650,30546,7,472.04
915146,7003845,30197,4,865.78
915147,7010742,31321,10,35.5
915148,7010209,31169,10,329.46
915149,7012092,31123,4,681.73
915150,7009192,30848,3,113.36
915151,7013795,31410,5,838.49
915152,7006179,30661,9,820.13
915153,7011733,30498,2,203.73
915154,7014488,30422,2,860.0
915155,7009175,30562,7,808.65
915156,7009239,31203,2,657.3
915157,7014285,31048,7,
915158,7008064,30416,5,814.42
915159,7000110,30908,9,828.37
915160,7003919,30763,5,423.35
915161,7001323,30984,4,338.7
915162,7007695,31006,3,876.33
915163,7009303,31355,-6,277.29
915164,7004187,30606,1,520.91
915165,7011569,30046,2,213.57
915166,7006472,31083,2,994.1
915167,7000513,30661,8,158.51
915168,7005412,30423,3,184.53
915169,7007687,30723,6,78.17
915170,7013833,31037,11,309.8
915171,7007156,31046,7,987.01
915172,7001291,30747,2,723.94
915173,7010073,30766,6,716.49
915174,7008675,31499,4,1032.42
915175,7004909,30715,1,1178.47
915176,7011623,30951,4,476.28
915177,7005035,31418,6,1019.73
915178,7003378,30301,1,647.03
915179,7009574,30002,12,464.68
915180,7012826,30820,10,425.54
915181,7013120,31266,12,988.92
915182,7008157,30462,9,59.06
915183,7006494,30026,12,128.12
915184,7000860,31178,7,847.41
915185,7002045,30932,3,210.91
915186,7000925,31089,8,215.12
915187,7001772,30545,11,420.49
915188,7000989,30708,11,552.41
915189,7005884,31345,1,629.87
915190,7006265,31139,4,555.28
915191,7010262,31229,2,1157.88
915192,7005140,31177,11,666.15
915193,7004722,30892,7,221.86
915194,7012386,31322,9,1130.99
915195,7000024,30996,8,27.72
915196,7005470,30763,11,778.41
915197,7010232,31492,8,314.64
915198,7002815,31214,11,229.78
915199,7007941,31010,6,1176.18
915200,7000897,30525,4,633.77
915201,7002758,30980,7,25.59
915202,7012239,30136,4,1149.96
915203,7000396,30521,3,897.69
915204,7008005,30501,8,
915205,7009289,30769,2,953.19
915206,7002254,30253,1,550.89
915207,7007630,30938,4,544.6
915208,7012949,30340,11,537.58
915209,7013377,31331,12,717.39
915210,7007617,30722,5,668.7
915211,7010525,30457,3,637.84
915212,7001668,31368,6,1110.5
915213,7009548,30434,-12,1122.96
915214,7004558,30092,4,337.4
915215,7010105,31431,7,
915216,7014200,31222,11,543.91
915217,7013865,30916,6,218.87
915218,7001083,31247,1,85.85
915219,7006944,30474,5,956.61
915220,7002463,30574,6,1146.94
915221,7005626,30797,2,1029.13
915222,7008311,31066,3,489.36
915223,7002760,30905,2,342.71
915224,7006735,31239,4,17.79
915225,7013713,30723,7,159.06
915226,7001886,30098,5,1094.78
915227,7011789,31382,1,392.04
915228,7007708,30577,6,82.7
915229,7013279,30564,9,112.26
915230,7003500,31207,7,314.99
915231,7002868,31296,11,130.97
915232,7000403,31058,10,201.61
915233,7008475,31223,1,77.58
915234,7011824,31050,8,
915235,7012083,30454,11,
915236,7008878,31000,12,293.46
915237,7008302,30359,7,826.5
915238,7000531,30338,8,438.94
915239,7011510,30597,11,469.14
915240,7008482,30094,4,466.68
915241,7001291,30272,2,853.39
915242,7008746,31094,1,
915243,7000134,30126,6,676.19
915244,7008556,30625,2,623.36
915245,7009145,30843,2,420.18
915246,7010703,30502,6,1160.55
915247,7001635,30499,5,1052.34
915248,7000733,31420,3,501.52
915249,7010327,31082,1,308.62
915250,7012483,30465,11,1111.63
915251,7002306,31239,2,1067.74
915252,7013846,30782,2,419.28
915253,7013086,31497,11,130.52
915254,7002047,30627,12,1104.75
915255,7002696,31474,3,632.25
915256,7014359,30575,5,1100.26
915257,7013919,30428,9,633.34
915258,7008846,30520,10,171.76
915259,7004287,31120,1,189.81
915260,7001150,30069,4,777.75
915261,7012775,30046,3,1189.02
915262,7008342,31492,4,802.12
915263,7012882,30936,4,163.76
915264,7013536,31132,12,1183.36
915265,7008935,31205,7,594.96
915266,7008400,30550,5,1013.36
915267,7014906,31234,6,949.9
915268,7000331,30792,12,568.07
915269,7012651,31274,10,372.87
915270,7010147,30639,2,245.81
915271,7009715,30279,2,205.15
915272,7009797,30131,11,772.2
915273,7008428,30825,-9,1092.42
915274,7014734,30528,2,1000.83
915275,7008522,31284,10,
915276,7003308,30313,7,172.76
915277,7009680,30069,4,913.73
915278,7008157,30730,5,561.27
915279,7013136,30851,7,1087.71
915280,7010463,31344,2,929.71
915281,7008364,31268,10,333.02
915282,7011327,31366,1,482.35
915283,7003621,30021,6,1128.61
915284,7005344,30539,12,109.1
915285,7011069,30328,5,512.29
915286,7003431,30452,-12,859.19
915287,7000312,31055,2,665.33
915288,7006416,30287,5,835.08
915289,7009884,30779,1,327.91
915290,7012331,30635,12,659.76
915291,7008388,31290,2,458.76
915292,7007948,31079,6,135.22
915293,7000249,30717,3,936.0
915294,7003966,30493,3,1100.11
915295,7006629,30405,12,545.04
915296,7011082,31127,12,92.84
915297,7001225,30039,5,240.04
915298,7008927,31425,4,118.59
915299,7008324,31482,6,54.21
915300,7005404,31393,9,
915301,7007336,30428,5,
915302,7000507,30782,5,646.31
915303,7013938,31097,1,686.79
915304,7004874,31348,4,347.22
915305,7011291,30888,4,447.41
915306,7014881,30768,2,1160.3
915307,7001734,31048,10,506.45
915308,7003335,30488,1,155.64
915309,7000220,30333,1,133.56
915310,7009343,30902,7,834.8
915311,7013310,31369,10,783.57
915312,7008662,30703,10,778.73
915313,7002006,31113,1,501.77
915314,7003501,30830,5,1160.86
915315,7009154,30544,4,539.2
915316,7007085,31225,11,607.35
915317,7004180,30963,1,639.8
915318,7014491,31466,4,578.59
915319,7001225,30427,8,257.85
915320,7011643,30211,10,820.88
915321,7000513,30912,10,586.05
915322,7000025,30376,9,703.42
915323,7007966,30125,10,956.59
915324,7010204,30970,5,504.28
915325,7007781,31363,6,180.55
915326,7007050,30695,3,710.16
915327,7001190,30960,4,843.01
915328,7001428,30072,10,149.65
915329,7012353,31182,10,647.11
915330,7002291,30882,1,143.45
915331,7009197,31026,12,899.48
915332,7006866,30657,1,111.2
915333,7010999,30408,2,385.41
915334,7012358,30481,9,
915335,7000193,30152,10,
915336,7014942,31355,4,935.85
915337,7003176,30266,1,867.27
915338,7012254,30468,12,696.96
915339,7003831,30267,7,471.37
915340,7014919,30851,1,562.96
915341,7001243,30718,11,515.85
915342,7008628,31270,4,685.16
915343,7003685,30530,3,702.81
915344,7005708,31246,6,1183.44
915345,7003949,30977,4,437.53
915346,7006315,30682,12,1008.63
915347,7004763,30712,6,887.88
915348,7008934,31356,5,541.75
915349,7013828,31219,8,491.82
915350,7012966,31436,10,233.94
915351,7003976,31035,5,331.83
915352,7001238,31463,11,
915353,7003170,30106,11,1048.22
915354,7003091,30489,3,261.7
915355,7008047,30257,10,409.18
915356,7014183,30696,8,69.55
915357,7003835,30899,2,848.6
915358,7010397,30008,4,
915359,7011048,30624,8,15.66
915360,7002043,30531,11,362.78
915361,7013220,31041,11,518.96
915362,7012545,31225,8,755.65
915363,7010214,30163,6,473.54
915364,7006491,30213,7,725.37
915365,7005735,31493,11,693.16
915366,7001115,31110,3,204.9
915367,7000696,31029,4,363.7
915368,7003318,30112,1,1060.45
915369,7009449,30108,11,392.92
915370,7000398,31306,3,579.83
915371,7013294,30459,1,1056.15
915372,7011902,30095,8,617.98
915373,7011605,30846,6,605.0
915374,7009091,31339,1,698.92
915375,7011933,31156,3,279.59
915376,7002794,31382,10,781.1
915377,7013991,31320,4,1174.03
915378,7005330,30717,11,476.16
915379,7010759,31192,10,236.63
915380,7014751,31228,2,883.19
915381,7012213,31099,10,164.64
915382,7011168,31236,6,1131.59
915383,7004214,30920,12,221.2
915384,7004931,31290,12,412.45
915385,7004257,31092,4,646.6
915386,7011041,30484,3,518.88
915387,7013978,30512,9,976.22
915388,7000949,30585,3,613.52
915389,7009433,30746,6,1137.02
915390,7007182,31326,1,1019.51
915391,7014634,30830,8,634.99
915392,7006149,30514,8,642.12
915393,7009427,30957,3,251.06
915394,7013331,31368,5,1125.16
915395,7011114,30540,7,483.88
915396,7005265,30592,5,1157.82
915397,7008153,31380,9,930.66
915398,7003545,30597,6,814.91
915399,7001607,30577,3,1137.39
915400,7004268,31486,2,403.61
915401,7001516,30871,3,848.0
915402,7003110,31057,11,348.36
915403,7003691,31236,8,915.09
915404,7001279,30208,3,880.22
915405,7011204,31225,11,110.71
915406,7003920,30500,6,813.75
915407,7006994,30340,12,695.57
915408,7002023,30690,10,828.68
915409,7000043,30323,3,688.99
915410,7001625,31247,1,1119.86
915411,7010303,30930,9,1087.63
915412,7000796,31158,3,930.95
915413,7004382,31391,9,238.8
915414,7011587,31498,5,1141.67
915415,7004905,30193,7,80.07
915416,7010982,30415,4,1130.96
915417,7004118,31170,11,690.11
915418,7007282,30496,1,902.52
915419,7001736,30995,8,800.17
915420,7002441,30578,5,642.32
915421,7014198,30645,8,673.26
915422,7010136,30823,9,588.11
915423,7007703,31085,12,656.35
915424,7006719,31344,7,
915425,7011765,30658,9,229.47
915426,7007252,30214,1,139.75
915427,7005704,31077,8,14.62
915428,7003111,30354,9,1061.44
915429,7003728,31015,4,846.7
915430,7004092,31276,8,750.43
915431,7005528,30586,3,127.57
915432,7004606,30856,1,1065.82
915433,7001168,30528,9,
915434,7002000,31242,3,518.43
915435,7012857,30732,10,357.43
915436,7009611,31026,11,877.59
915437,7000147,31361,1,692.36
915438,7004855,31455,5,578.2
915439,7011671,30647,7,1040.61
915440,7009670,30945,9,191.62
915441,7000709,30684,5,901.46
915442,7003001,30719,6,1051.48
915443,7003655,30367,8,996.98
915444,7004234,30182,11,1028.68
915445,7004559,30796,9,1149.39
915446,7008175,30195,7,759.65
915447,7006980,30174,6,597.07
915448,7005448,31063,7,334.07
915449,7012663,31105,9,347.39
915450,7010043,31500,12,1145.1
915451,7006317,30301,12,605.56
915452,7006035,30112,2,1060.71
915453,7000798,30774,1,1192.56
915454,7003865,30398,12,766.35
915455,7007705,30240,9,582.4
915456,7006925,31240,2,74.49
915457,7006785,30408,1,679.99
915458,7003907,30057,1,796.86
915459,7012636,30448,1,1040.85
915460,7005858,30209,7,673.18
915461,7007240,30593,9,882.01
915462,7010273,30425,12,620.04
915463,7012222,30790,11,832.5
915464,7011146,30581,1,578.12
915465,7010864,30328,5,
915466,7002643,30346,2,119.53
915467,7001273,30388,6,463.54
915468,7010280,31126,3,76.51
915469,7003527,30148,5,215.02
915470,7014213,30331,12,1152.02
915471,7010557,31191,8,238.33
915472,7005041,30109,8,955.49
915473,7011507,30812,6,949.25
915474,7000038,30162,3,1073.68
915475,7008589,31203,2,1145.11
915476,7011429,30663,6,233.3
915477,7000682,30763,6,196.52
915478,7011356,30008,10,577.44
915479,7008672,30947,10,766.58
915480,7005193,30728,3,187.67
915481,7013084,30844,12,1063.65
915482,7014980,30592,3,505.87
915483,7014418,31276,2,215.39
915484,7008043,30824,6,943.36
915485,7013611,30895,8,1192.59
915486,7010730,30707,8,986.61
915487,7009194,30103,7,521.05
915488,7004595,30030,2,1174.81
915489,7006889,31323,12,581.54
915490,7005881,31311,11,703.03
915491,7012300,31456,11,432.94
915492,7012784,30393,7,1110.14
915493,7006819,31042,6,971.03
915494,7013734,31173,11,113.12
915495,7003877,30055,6,773.12
915496,7012917,30134,12,560.18
915497,7011428,30543,10,678.01
915498,7010927,30268,5,296.38
915499,7010717,31316,9,490.26
915500,7010461,31176,4,36.87
915501,7008989,30273,12,210.98
915502,7010153,30157,-1,492.8
915503,7000803,30219,6,182.36
915504,7002041,31170,5,430.22
915505,7002810,30689,6,255.88
915506,7007690,31232,9,23.37
915507,7009019,31448,10,283.62
915508,7011939,30854,9,442.34
915509,7008353,30802,4,183.16
915510,7008356,31008,1,830.11
915511,7001377,31053,4,912.56
915512,7014493,31402,1,340.66
915513,7007950,30813,7,1050.32
915514,7009429,30002,5,1030.94
915515,7003179,30440,11,857.62
915516,7003823,30524,7,839.8
915517,7009040,30525,9,857.31
915518,7008576,30337,2,74.71
915519,7009252,30478,10,156.84
915520,7012209,30746,9,151.86
915521,7003408,31239,8,655.26
915522,7000782,31285,2,
915523,7000212,30016,1,387.31
915524,7002640,30538,-9,211.2
915525,7014934,30734,12,168.51
915526,7001875,31139,8,1045.91
915527,7003963,30981,2,794.9
915528,7010674,30196,6,479.44
915529,7013816,30958,4,233.48
915530,7007729,30530,10,427.02
915531,7012331,30107,8,
915532,7005773,30684,8,1113.98
915533,7000644,30446,7,549.0
915534,7010764,30210,2,651.31
915535,7000136,30576,9,490.67
915536,7014302,30317,12,1175.53
915537,7008122,30149,4,499.64
915538,7009792,31356,5,432.63
915539,7002067,30244,12,506.3
915540,7013283,30729,7,
915541,7014238,30894,11,96.15
915542,7007624,30209,5,232.6
915543,7003780,31226,1,816.48
915544,7000923,30558,11,277.63
915545,7002340,30522,12,841.02
915546,7003128,30198,8,145.72
915547,7003417,30104,12,492.91
915548,7002046,30709,5,
915549,7002083,30950,1,822.15
915550,7014488,30807,12,1015.47
915551,7005033,30657,10,139.44
915552,7002991,31177,1,137.01
915553,7012339,30814,5,735.06
915554,7007524,30042,7,586.28
915555,7000674,30206,5,686.21
915556,7003111,30281,9,980.93
915557,7014486,30208,12,1131.19
915558,7014819,31426,4,479.18
915559,7003007,31126,-3,1064.71
915560,7010431,31166,6,952.57
915561,7000622,31428,2,777.68
915562,7013386,31256,10,273.73
915563,7009600,30146,12,279.45
915564,7008115,31240,7,317.53
915565,7004907,31157,9,1066.42
915566,7006123,30736,5,358.06
915567,7005126,31359,6,852.0
915568,7007407,30109,11,961.54
915569,7014813,31243,8,158.01
915570,7010724,31098,1,688.5
915571,7005633,30139,6,105.66
915572,7004337,30540,11,586.9
915573,7010844,30436,1,912.56
915574,7009907,31254,8,53.69
915575,7002474,31188,5,261.32
915576,7007435,30034,11,727.18
915577,7000429,30097,1,957.9
915578,7005210,30767,6,704.78
915579,7006322,31381,5,917.71
915580,7011323,30555,8,259.02
915581,7014360,30477,2,1108.21
915582,7003240,30821,11,527.61
915583,7008288,30381,5,152.44
915584,7013552,31163,3,377.98
915585,7002135,30787,6,514.45
915586,7009152,30610,2,1172.5
915587,7012150,31492,4,562.1
915588,7006399,30321,6,368.76
915589,7010535,30873,8,677.64
915590,7008990,30272,6,476.72
915591,7013580,30518,10,830.52
915592,7010825,30772,3,996.32
915593,7006005,30390,7,291.16
915594,7009580,30908,8,463.46
915595,7001545,31121,6,200.07
915596,7002192,31143,6,919.58
915597,7011749,30840,11,1191.8
915598,7002034,31011,12,602.81
915599,7012300,31351,11,63.45
915600,7006467,31470,3,111.65
915601,7011820,30501,10,324.44
915602,7002012,30282,2,268.35
915603,7007427,30060,9,216.89
915604,7010979,30604,1,927.4
915605,7007361,31386,12,517.47
915606,7008550,31378,-6,1025.21
915607,7002409,31213,12,453.65
915608,7006962,30276,7,313.08
915609,7006525,31031,2,271.46
915610,7007343,30692,7,70.49
915611,7007964,30793,12,459.91
915612,7006634,31313,4,97.68
915613,7004410,30439,1,679.34
915614,7000400,31031,3,1008.43
915615,7008049,30179,6,76.03
915616,7010867,30634,10,506.4
915617,7009229,30648,1,170.29
915618,7005569,31305,10,734.33
915619,7005363,31048,4,511.37
915620,7001347,30302,8,154.58
915621,7002633,30879,2,939.95
915622,7010916,30108,5,305.74
915623,7008247,30620,8,300.79
915624,7006396,30223,10,868.03
915625,7003731,31363,8,331.97
915626,7002921,30649,3,1039.71
915627,7002846,31370,3,303.83
915628,7000162,31496,7,186.7
915629,7005910,31003,8,625.06
915630,7004275,31223,9,315.1
915631,7012603,30743,7,837.33
915632,7010997,30475,7,536.95
915633,7010771,30113,4,579.07
915634,7008518,30806,3,849.66
915635,7014328,31049,1,352.54
915636,7011381,30651,12,614.52
915637,7011133,30440,4,367.62
915638,7005957,30395,12,886.85
915639,7007995,30786,4,117.65
915640,7014466,30884,2,273.77
915641,7002448,31082,7,
915642,7014255,31031,3,346.92
915643,7000958,30380,4,230.43
915644,7006993,30174,8,1030.31
915645,7000157,31483,2,1036.85
915646,7009478,30623,8,682.29
915647,7006254,31066,7,771.52
915648,7011038,31183,5,33.4
915649,7013621,30972,5,455.4
915650,7008595,30368,9,1125.01
915651,7011144,30926,4,90.48
915652,7003664,30451,4,438.94
915653,7012451,30150,7,664.53
915654,7011929,30630,7,994.04
915655,7003056,31255,10,708.96
915656,7004309,30471,3,89.33
915657,7013294,30840,7,827.94
915658,7011827,30610,6,88.74
915659,7013102,30580,8,798.53
915660,7012822,31230,6,564.38
915661,7001415,30023,5,815.84
915662,7003309,30263,10,795.93
915663,7009917,30091,9,466.81
915664,7011659,31455,3,41.31
915665,7013414,30351,11,538.71
915666,7004388,31029,3,102.75
915667,7007512,30823,8,662.36
915668,7005699,31474,12,799.75
915669,7008394,30962,3,510.4
915670,7001058,30062,4,
915671,7011370,30851,8,987.18
915672,7011025,30114,9,293.05
915673,7009969,31098,-10,709.36
915674,7007433,31224,5,507.35
915675,7007051,30535,8,304.36
915676,7010685,30121,5,154.91
915677,7009381,30555,5,901.1
915678,7005599,30552,10,65.28
915679,7006536,30380,5,1052.65
915680,7009391,30122,1,302.43
915681,7007061,31174,8,484.62
915682,7007743,30579,1,946.6
915683,7008501,31433,-7,535.34
915684,7002918,30428,11,204.66
915685,7014590,31397,1,834.62
915686,7001722,31393,6,828.2
915687,7011126,30029,10,1056.36
915688,7008960,30706,12,981.52
915689,7007754,30861,10,634.11
915690,7002557,30844,11,561.2
915691,7011238,31277,7,510.95
915692,7011987,30610,4,595.4
915693,7004355,30007,11,105.78
915694,7013887,30934,12,342.91
915695,7000665,30058,6,727.75
915696,7003898,31257,12,834.98
915697,7003493,30915,8,135.03
915698,7008654,31033,5,24.59
915699,7005215,30160,4,740.34
915700,7002461,31040,7,516.54
915701,7001790,30960,4,243.98
915702,7008013,31432,11,969.71
915703,7000669,30654,4,924.21
915704,7014824,31101,9,700.09
915705,7010012,30985,5,857.55
915706,7005828,30289,1,1103.57
915707,7009762,30834,3,139.3
915708,7003769,30689,8,1059.44
915709,7006944,30521,7,86.2
915710,7001311,30198,1,634.06
915711,7001810,30818,9,1166.38
915712,7007815,30920,9,69.59
915713,7005137,31486,11,214.61
915714,7005501,31048,1,87.4
915715,7008141,30443,6,164.04
915716,7005588,31221,10,1095.52
915717,7000429,31496,10,642.6
915718,7001781,30721,4,722.27
915719,7014866,31213,4,692.42
915720,7014774,31362,11,33.89
915721,7013410,31130,8,1156.3
915722,7010089,30677,5,880.3
915723,7002755,31375,12,437.31
915724,7010889,30877,3,131.11
915725,7011554,30429,4,365.29
915726,7004934,31227,6,649.18
915727,7001120,30411,2,153.19
915728,7000678,31056,7,35.39
915729,7012976,31377,5,43.52
915730,7006261,31059,2,401.37
915731,7000203,30871,5,1195.32
915732,7009344,31357,11,686.61
915733,7014913,31220,9,1192.65
915734,7001049,31387,4,169.23
915735,7013838,30821,4,149.64
915736,7014646,30753,5,851.1
915737,7010805,30047,12,698.9
915738,7000038,30839,5,479.58
915739,7011335,30612,5,72.79
915740,7006845,30873,12,310.5
915741,7006077,30228,1,126.39
915742,7013331,30694,8,276.82
915743,7010180,30566,2,1104.64
915744,7004556,30189,6,564.89
915745,7002263,30463,6,153.55
915746,7006929,30297,12,867.26
915747,7008970,30121,6,655.3
915748,7004650,30288,7,32.36
915749,7002826,30703,12,1040.01
915750,7012547,30748,11,193.06
915751,7002852,30182,5,1111.66
915752,7001376,31405,12,771.09
915753,7014132,30599,2,82.96
915754,7010523,31088,5,1137.44
915755,7001231,30175,8,416.41
915756,7011896,30981,10,61.38
915757,7003243,30505,5,988.81
915758,7006556,31104,2,717.68
915759,7004406,30699,9,286.42
915760,7008563,31060,8,255.39
915761,7013361,30742,10,1067.19
915762,7001855,31058,1,728.46
915763,7003434,30861,5,
915764,7001539,31468,4,604.77
915765,7005078,30358,11,206.52
915766,7014573,30490,7,580.47
915767,7011314,30740,6,457.55
915768,7002506,30771,11,533.4
915769,7005123,30245,3,786.34
915770,7008188,30041,-9,661.68
915771,7012685,31261,3,572.38
915772,7004517,31070,1,872.99
915773,7003630,30069,3,714.54
915774,7005737,30155,3,834.76
915775,7011541,30255,5,
915776,7009179,30173,2,93.08
915777,7011367,31109,4,1103.68
915778,7006833,30308,4,1013.11
915779,7001670,30066,11,
915780,7014204,31202,8,
915781,7009522,31076,4,582.05
915782,7001826,30572,3,64.7
915783,7010291,30047,2,27.7
915784,7014511,31383,8,1151.41
915785,7002692,31059,10,377.18
915786,7004111,31188,10,54.31
915787,7002113,30840,11,919.31
915788,7006631,30104,7,39.18
915789,7011309,30688,6,118.43
915790,7004067,30237,1,
915791,7004392,30247,-2,480.81
915792,7012953,30365,4,870.02
915793,7009708,30747,7,347.77
915794,7009146,30847,1,558.92
915795,7001664,31261,1,
915796,7007077,31031,4,133.55
915797,7004023,31097,4,89.94
915798,7002921,30554,12,1048.7
915799,7008880,30813,8,1098.57
915800,7000798,30578,10,630.9
915801,7006242,30919,1,562.71
915802,7009004,30894,8,677.7
915803,7011478,30554,4,956.91
915804,7006739,30062,6,775.43
915805,7009621,30930,6,246.84
915806,7001398,30173,12,279.88
915807,7012036,30498,7,
915808,7007847,31267,12,926.4
915809,7006972,30604,3,21.88
915810,7009407,31474,1,830.17
915811,7005157,31418,7,418.74
915812,7008017,30033,8,260.17
915813,7009972,30276,10,524.62
915814,7004956,30635,1,721.06
915815,7001713,30073,7,1166.76
915816,7008963,30326,9,
915817,7010803,30014,1,597.75
915818,7011267,30101,9,442.86
915819,7010502,30863,3,1161.53
915820,7007582,31370,5,89.99
915821,7000262,30444,4,571.42
915822,7009374,30528,3,296.67
915823,7004443,30835,11,260.31
915824,7007713,31317,6,655.54
915825,7006312,31234,10,405.65
915826,7000465,30149,2,39.88
915827,7003822,30399,1,816.12
915828,7004231,30159,10,722.08
915829,7005054,31091,4,865.01
915830,7007296,30917,8,50.16
915831,7014099,31446,11,1042.3
915832,7009294,31421,7,506.68
915833,7013200,30371,7,1073.76
915834,7005018,30336,11,849.62
915835,7004539,30835,8,210.74
915836,7014214,31054,10,301.3
915837,7005051,31029,8,539.5
915838,7003531,30947,8,803.1
915839,7008555,30237,8,1077.88
915840,7012619,30263,12,266.5
915841,7009444,30462,8,634.35
915842,7011914,30247,11,509.79
915843,7009415,30402,12,1071.68
915844,7004148,30806,10,690.73
915845,7004456,30307,4,534.25
915846,7003974,30568,12,406.38
915847,7000120,31344,6,358.92
915848,7002015,30905,7,108.93
915849,7006989,30522,12,499.88
915850,7009116,31319,6,954.85
915851,7007174,30936,4,270.31
915852,7006950,30006,-2,260.01
915853,7001403,31365,7,414.76
915854,7002013,30958,10,1188.57
915855,7005014,30411,8,
915856,7005088,30836,9,601.53
915857,7006943,31140,9,595.46
915858,7013289,31354,1,867.61
915859,7007930,30575,6,772.18
915860,7011924,31478,10,371.67
915861,7007905,30744,7,
915862,7004942,30120,9,1196.74
915863,7004335,30980,6,1122.42
915864,7007315,31445,5,485.57
915865,7011689,31079,5,530.12
915866,7012480,30058,-9,607.81
915867,7001937,31319,8,32.73
915868,7001958,30921,12,333.42
915869,7009080,30451,2,477.31
915870,7007402,30115,8,500.76
915871,7014440,30884,11,
915872,7014528,31106,8,1144.39
915873,7002004,30225,2,857.99
915874,7006155,30847,1,1134.29
915875,7003237,30567,1,55.82
915876,7000333,31120,3,
915877,7003122,30667,9,1173.99
915878,7008096,31153,12,330.59
915879,7010088,30408,7,1011.92
915880,7012172,31324,1,352.44
915881,7004798,30324,9,568.63
915882,7007241,31249,2,599.71
915883,7009678,31392,4,350.96
915884,7006797,30476,3,924.01
915885,7013863,30505,3,127.23
915886,7003464,30848,9,1029.9
915887,7002948,31260,3,769.95
915888,7010562,30502,3,563.95
915889,7003389,30416,7,391.75
915890,7001571,30571,8,449.22
915891,7000585,30501,5,227.16
915892,7006163,31058,8,847.86
915893,7012138,30168,2,111.72
915894,7004749,30221,8,739.12
915895,7011322,30629,9,259.15
915896,7007051,31132,6,58.29
915897,7014475,31231,11,948.72
915898,7000527,31140,7,1098.2
915899,7003869,31048,5,672.16
915900,7013719,30197,5,1086.4
915901,7008546,31353,2,835.76
915902,7001159,31421,2,882.71
915903,7010556,31478,1,
915904,7004223,30062,2,827.98
915905,7005357,30950,5,513.7
915906,7009853,30946,-11,311.12
915907,7008507,31484,7,18.71
915908,7000957,31308,6,1077.64
915909,7008615,30240,12,815.53
915910,7008667,30064,7,1143.74
915911,7009493,30365,3,320.26
915912,7014046,30822,2,269.45
915913,7011597,30725,4,373.71
915914,7003228,30949,1,970.24
915915,7004111,30011,8,466.39
915916,7007921,30658,7,900.31
915917,7001464,30172,6,430.67
915918,7000728,31114,7,885.88
915919,7009644,30436,12,714.83
915920,7008456,30036,-5,195.41
915921,7014307,30514,1,1109.91
915922,7001382,30342,2,225.21
915923,7004740,30952,5,1016.41
915924,7003596,30762,5,188.24
915925,7006942,30118,1,717.98
915926,7006743,30704,2,868.22
915927,7007270,31201,12,865.1
915928,7000583,30327,9,983.99
915929,7001781,30127,2,820.1
915930,7010989,30138,12,456.05
915931,7012552,30696,1,519.0
915932,7004881,30264,8,790.15
915933,7014207,30600,12,309.91
915934,7003716,30931,3,546.98
915935,7000988,30608,3,1037.32
915936,7009390,30638,3,282.59
915937,7011369,30216,4,304.99
915938,7014932,31408,12,570.01
915939,7012269,31120,11,743.31
915940,7001669,31043,7,173.14
915941,7012034,30303,10,525.68
915942,7013272,30144,1,884.4
915943,7010976,30651,12,132.42
915944,7012422,30954,10,
915945,7002418,31271,8,887.83
915946,7003371,30747,1,1165.85
915947,7013248,31245,11,901.49
915948,7013063,30550,12,1089.43
915949,7004198,30591,6,692.95
915950,7013110,30855,-9,71.64
915951,7000641,30571,7,745.0
915952,7011032,31052,-3,433.42
915953,7004389,30574,4,761.15
915954,7003330,30253,4,118.09
915955,7014300,30424,5,299.02
915956,7009753,30930,5,798.88
915957,7013011,31240,12,11.34
915958,7010679,30435,9,16.26
915959,7005972,30401,-9,714.34
915960,7000268,30608,1,228.35
915961,7005141,30165,-3,1189.95
915962,7015000,31002,7,1097.27
915963,7014106,31142,1,802.12
915964,7000850,30562,10,1169.78
915965,7007854,30791,2,779.7
915966,7000904,30671,3,746.67
915967,7005649,30764,7,231.82
915968,7012769,31485,8,1084.51
915969,7005692,30787,9,570.19
915970,7008240,31254,6,478.95
915971,7004801,31304,10,964.51
915972,7008612,30169,9,65.01
915973,7012240,30864,4,224.01
915974,7012566,31208,9,423.95
915975,7006485,31383,7,605.69
915976,7005082,30979,4,835.93
915977,7005646,31190,8,91.15
915978,7000670,30956,10,468.82
915979,7004187,30603,12,612.19
915980,7007827,30892,1,267.46
915981,7011923,31350,9,448.4
915982,7002342,31036,2,
915983,7008221,30751,6,828.71
915984,7001299,31353,1,1134.31
915985,7001746,30793,8,1074.08
915986,7008896,30637,12,760.6
915987,7010604,31436,8,
915988,7003274,31192,12,765.87
915989,7006612,30216,10,628.06
915990,7002725,30791,7,447.86
915991,7013622,30341,8,182.89
915992,7014842,31166,4,64.15
915993,7005839,31352,3,197.07
915994,7009832,31102,5,416.04
915995,7000083,30815,8,384.21
915996,7007213,30977,4,925.11
915997,7007258,30680,11,428.36
915998,7014042,30435,3,420.42
915999,7012024,31363,3,1150.29
916000,7000964,31316,3,250.81
916001,7001454,30780,7,12.63
916002,7006593,30482,8,875.4
916003,7003962,30023,3,413.65
916004,7002304,30691,5,531.46
916005,7014003,31053,4,187.0
916006,7000396,30944,10,462.65
916007,7002443,31250,12,140.27
916008,7014147,30098,8,773.62
916009,7002943,30423,2,808.21
916010,7012930,31399,6,961.73
916011,7005017,30711,3,
916012,7012043,30895,5,457.6
916013,7002755,30793,3,1047.48
916014,7005251,30151,5,711.69
916015,7010090,30253,7,1196.13
916016,7012824,30969,10,939.87
916017,7009502,30552,3,183.57
916018,7010249,30581,1,1123.17
916019,7008566,30644,3,1182.47
916020,7013382,30040,8,518.63
916021,7009345,31164,6,270.49
916022,7012883,30210,2,1170.79
916023,7003637,30667,5,1003.2
916024,7000054,30295,12,700.78
916025,7010251,31329,6,363.88
916026,7003881,30425,9,215.79
916027,7011922,31031,6,
916028,7001575,31418,12,870.62
916029,7008514,30819,9,411.51
916030,7013192,30075,11,102.49
916031,7014413,30424,3,310.29
916032,7002503,30430,8,873.95
916033,7008698,30667,8,604.66
916034,7002568,30179,9,1154.74
916035,7004975,31027,3,125.58
916036,7002824,30516,4,954.78
916037,7002761,30720,3,897.38
916038,7003973,30135,9,512.36
916039,7014202,30731,7,326.23
916040,7001966,30611,2,1075.7
916041,7001847,30406,10,993.03
916042,7004514,30262,7,605.37
916043,7012921,30941,12,679.33
916044,7001589,31299,4,100.17
916045,7006031,30609,1,727.45
916046,7008152,30029,11,822.18
916047,7009047,31212,9,108.98
916048,7010412,30284,8,1009.26
916049,7000623,30022,7,49.16
916050,7001773,30947,4,157.88
916051,7001844,31419,7,1179.71
916052,7013923,30656,1,970.33
916053,7011626,30080,6,601.37
916054,7005677,30331,11,501.21
916055,7008159,31426,2,333.59
916056,7004644,30714,2,1184.44
916057,7009272,30360,11,530.18
916058,7011972,30570,1,
916059,7007399,31115,4,117.85
916060,7000058,30217,12,44.09
916061,7001306,30245,4,184.77
916062,7012935,30801,3,435.57
916063,7012032,30861,11,52.93
916064,7005832,31105,7,512.98
916065,7007920,31430,9,95.79
916066,7002558,30347,7,657.61
916067,7006702,30361,2,500.45
916068,7013582,30207,4,1111.19
916069,7005239,30859,3,
916070,7009974,30856,6,219.61
916071,7000519,31403,5,830.09
916072,7009313,30498,9,954.88
916073,7004170,30924,2,511.9
916074,7000687,30974,1,993.81
916075,7014394,30516,5,13.81
916076,7005259,31255,12,1054.36
916077,7011191,30432,8,1076.35
916078,7003181,30012,9,712.3
916079,7009699,30072,4,1024.24
916080,7012177,31366,8,850.9
916081,7013964,30122,2,88.04
916082,7004583,31497,6,1024.32
916083,7010776,30965,4,114.91
916084,7004040,30566,5,583.54
916085,7002087,30713,2,29.83
916086,7010354,30195,7,258.91
916087,7007891,30651,6,
916088,7003367,30738,8,427.82
916089,7000682,31251,4,662.7
916090,7005245,30657,6,323.5
916091,7010281,31429,6,522.84
916092,7000945,30524,3,936.38
916093,7009836,30582,1,899.36
916094,7002055,31005,12,889.65
916095,7005916,30372,10,
916096,7008443,31469,10,81.76
916097,7002288,31210,8,1000.64
916098,7012565,30553,2,66.32
916099,7009974,31433,5,823.41
916100,7011855,30292,4,
916101,7000281,30810,4,1011.4
916102,7009697,31357,2,653.9
916103,7002177,30521,5,922.69
916104,7001968,30643,1,70.05
916105,7002669,31480,12,1199.89
916106,7011506,30452,5,819.35
916107,7006612,30253,8,943.65
916108,7001353,30932,4,614.33
916109,7008627,30980,4,1005.89
916110,7010908,30562,11,775.28
916111,7004148,30455,8,422.51
916112,7011323,31468,4,931.66
916113,7014541,30331,8,787.06
916114,7001149,30302,8,819.2
916115,7002293,30569,8,991.15
916116,7001596,30222,1,358.49
916117,7005395,31185,7,827.43
916118,7012271,30056,9,768.24
916119,7013259,30068,9,281.27
916120,7012067,30932,2,1000.09
916121,7007297,31382,10,1188.8
916122,7002702,30351,12,579.64
916123,7006247,30433,10,624.72
916124,7011531,31415,9,
916125,7013998,30918,11,420.35
916126,7001559,30499,3,640.8
916127,7012402,30359,5,998.27
916128,7012305,31235,7,25.64
916129,7009129,30572,2,1091.56
916130,7005993,30545,4,429.83
916131,7011282,30551,4,1056.14
916132,7013048,30631,4,381.14
916133,7010682,30710,12,394.93
916134,7000725,30271,2,194.7
916135,7004342,31411,12,281.8
916136,7000180,31127,10,173.69
916137,7013864,31162,9,58.27
916138,7004960,30144,8,57.9
916139,7012049,30842,3,389.65
916140,7000973,31104,5,77.5
916141,7000171,30528,5,1193.04
916142,7001098,31231,5,1132.07
916143,7013480,30695,6,714.82
916144,7004108,30093,9,492.52
916145,7014576,30669,3,284.26
916146,7012942,30130,5,175.27
916147,7002805,30403,5,229.27
916148,7005782,31187,5,342.21
916149,7003209,30714,2,846.48
916150,7002328,30753,1,382.84
916151,7008165,30986,4,288.9
916152,7006911,30036,10,977.71
916153,7001994,30174,9,895.58
916154,7004076,31309,1,1036.74
916155,7001306,30349,8,
916156,7012452,30937,5,995.86
916157,7004282,30933,2,141.61
916158,7001274,30003,3,232.15
916159,7006592,31492,11,116.29
916160,7010566,30448,5,431.86
916161,7008104,30472,8,185.35
916162,7004807,30913,4,788.08
916163,7013669,30321,5,565.8
916164,7004185,30701,12,281.16
916165,7003307,31327,7,230.21
916166,7004288,30232,2,840.84
916167,7005354,30639,7,274.66
916168,7005212,30600,12,213.55
916169,7002072,30751,11,1157.48
916170,7002061,30789,5,239.26
916171,7014333,31066,-1,479.0
916172,7013990,30119,2,
916173,7005791,31007,10,
916174,7000374,30208,9,570.21
916175,7010840,30983,3,960.55
916176,7006189,30646,1,
916177,7000197,30095,4,910.65
916178,7003500,30533,11,140.02
916179,7008458,31357,4,128.7
916180,7014560,30925,8,1092.14
916181,7014067,31382,-3,
916182,7005946,30310,5,669.8
916183,7006315,31328,7,19.33
916184,7000994,31462,3,274.7
916185,7014030,30718,12,701.72
916186,7010896,30480,3,321.04
916187,7005977,30844,12,518.61
916188,7001288,31499,1,791.28
916189,7010751,30801,1,878.55
916190,7001415,31439,5,1183.44
916191,7003727,30837,12,758.45
916192,7005810,31427,8,652.51
916193,7011536,30587,9,866.97
916194,7011771,31004,4,229.38
916195,7010086,31290,2,773.28
916196,7003095,30419,2,182.66
916197,7000116,30983,11,794.02
916198,7006834,30277,11,842.74
916199,7008412,30333,2,413.25
916200,7012012,31314,8,928.63
916201,7009364,31428,11,213.62
916202,7010413,30978,2,216.53
916203,7011181,31398,11,1059.86
916204,7014228,30801,11,694.57
916205,7001481,30118,3,884.93
916206,7011630,31491,9,96.45
916207,7000976,30340,3,372.61
916208,7008482,30306,7,256.95
916209,7005832,31431,9,704.95
916210,7002378,30333,4,610.69
916211,7008943,31461,2,1065.85
916212,7014803,30055,11,449.49
916213,7005145,30832,8,919.44
916214,7000497,30906,12,474.51
916215,7008084,30735,11,1008.18
916216,7012602,31157,3,461.98
916217,7005225,30724,7,298.11
916218,7007508,31154,5,418.49
916219,7000782,30918,8,765.79
916220,7011137,30967,6,601.37
916221,7006306,30827,6,323.49
916222,7012545,30678,9,888.23
916223,7003725,31460,5,522.34
916224,7002025,30077,6,720.41
916225,7002184,30197,9,1014.85
916226,7013108,30003,8,489.76
916227,7012100,30820,11,783.54
916228,7005384,31151,8,661.48
916229,7003529,30728,9,1165.13
916230,7013964,30629,7,711.69
916231,7008985,30641,11,1110.56
916232,7011258,31012,12,788.94
916233,7003017,30582,5,456.72
916234,7014160,31464,2,311.57
916235,7003301,30259,5,384.55
916236,7012792,30367,12,195.68
916237,7014292,30779,8,314.5
916238,7012962,30068,9,313.55
916239,7004147,30297,1,289.62
916240,7005697,30252,4,899.76
916241,7011954,30425,8,105.31
916242,7008499,30759,11,522.66
916243,7012748,30126,11,1170.06
916244,7003491,31416,6,1050.08
916245,7012067,30731,2,533.85
916246,7005588,30443,10,438.3
916247,7011761,30798,9,406.13
916248,7012967,30708,5,1044.34
916249,7004712,30674,10,1009.89
916250,7002270,30135,6,52.76
916251,7005143,31089,8,133.62
916252,7009781,30196,2,16.83
916253,7014003,30373,9,
916254,7012849,30589,8,393.26
916255,7006311,31370,10,896.45
916256,7012742,31105,11,394.73
916257,7006168,30181,9,50.93
916258,7000427,31482,11,85.8
916259,7009927,31208,3,1034.0
916260,7011825,31311,3,21.06
916261,7007834,30110,6,20.66
916262,7001564,30516,8,1129.25
916263,7007715,30787,6,514.12
916264,7009286,30309,10,34.14
916265,7012208,31071,1,
916266,7013243,30814,9,860.7
916267,7003151,31139,11,1102.09
916268,7003310,31185,7,41.35
916269,7001885,30976,11,1111.86
916270,7011000,31301,3,872.61
916271,7014154,30840,6,123.55
916272,7002023,31297,3,448.58
916273,7011257,30288,2,490.6
916274,7013525,30798,10,307.99
916275,7013385,31414,4,76.33
916276,7008226,30145,10,836.95
916277,7005268,30958,8,343.17
916278,7007824,30855,11,1010.26
916279,7002080,31204,3,306.66
916280,7011444,30897,6,584.59
916281,7002661,30193,7,1001.56
916282,7008406,30864,5,485.07
916283,7010931,31435,7,1068.28
916284,7004735,31500,4,1155.77
916285,7000131,30762,10,419.25
916286,7014948,30099,10,928.13
916287,7014220,31095,5,1032.43
916288,7008038,31138,5,458.84
916289,7011128,31261,1,
916290,7010290,30884,10,924.38
916291,7012302,30643,12,1174.23
916292,7009670,31358,8,1186.2
916293,7007799,31498,9,162.57
916294,7010782,31366,6,546.85
916295,7001227,31485,3,853.71
916296,7003040,30600,3,404.87
916297,7014503,30980,7,
916298,7013592,31314,2,1162.14
916299,7011353,30129,12,606.47
916300,7013542,31231,6,75.96
916301,7001731,30631,5,157.3
916302,7010418,30384,1,136.02
916303,7012175,30377,1,280.03
916304,7002457,30041,2,1048.19
916305,7001855,30657,7,866.3
916306,7005514,31220,5,916.12
916307,7008909,30013,6,836.53
916308,7012357,30662,7,296.56
916309,7001375,31252,10,532.64
916310,7001445,30040,5,1189.8
916311,7008086,31496,2,454.96
916312,7010383,30194,6,740.76
916313,7003899,30001,7,537.16
916314,7001595,31228,9,410.4
916315,7006962,30958,9,1112.69
916316,7005018,30130,8,89.29
916317,7013463,30210,8,900.47
916318,7008672,30375,6,118.74
916319,7013054,30731,5,1027.84
916320,7005272,30036,9,571.46
916321,7010541,31035,9,300.29
916322,7013471,31280,10,726.4
916323,7001702,30925,2,288.8
916324,7014319,30971,10,1186.71
916325,7006578,30262,9,750.2
916326,7012296,31324,9,620.26
916327,7004565,31154,4,571.04
916328,7009279,30150,10,746.28
916329,7003821,31446,12,280.53
916330,7006654,31183,3,1171.35
916331,7000183,30725,7,523.65
916332,7011557,30523,11,887.31
916333,7009106,30913,6,818.25
916334,7006614,30736,2,278.57
916335,7009307,31098,6,253.48
916336,7013380,30775,9,699.62
916337,7006896,31355,7,963.93
916338,7010108,31036,9,836.11
916339,7006057,30936,2,588.37
916340,7004797,31374,2,539.09
916341,7000175,30083,5,1137.17
916342,7000797,30083,1,12.17
916343,7007952,30481,-10,726.62
916344,7011623,31379,7,1135.59
916345,7003634,30823,1,699.08
916346,7008636,31487,1,688.58
916347,7007153,30171,4,272.98
916348,7007037,31452,3,855.84
916349,7013745,30585,2,708.04
916350,7000548,30750,4,230.18
916351,7001448,31342,10,266.26
916352,7010192,30468,8,255.27
916353,7001881,30715,6,498.93
916354,7012235,30584,1,632.2
916355,7004014,30416,3,976.6
916356,7013328,31110,4,
916357,7004093,30405,6,677.48
916358,7004882,31198,7,1190.34
916359,7008886,30420,1,359.68
916360,7013254,30429,7,1165.7
916361,7008316,30846,8,1097.33
916362,7006796,30122,1,99.82
916363,7007839,31209,8,910.6
916364,7003853,30547,8,658.9
916365,7004102,31079,9,1000.56
916366,7010229,31157,3,378.52
916367,7006253,30923,5,533.76
916368,7007260,30235,7,554.64
916369,7002494,30729,5,361.19
916370,7008478,30460,9,215.97
916371,7005008,31057,7,264.46
916372,7000769,30999,3,1120.74
916373,7000464,31101,7,1012.05
916374,7006529,30323,8,1056.12
916375,7013149,31180,1,163.9
916376,7011655,30183,10,256.76
916377,7013673,30929,2,71.39
916378,7014893,30303,12,
916379,7008821,30769,12,
916380,7006014,30849,6,1185.35
916381,7002140,31420,7,821.25
916382,7012354,31162,5,558.16
916383,7010779,31144,4,737.15
916384,7003502,30693,7,586.81
916385,7007699,30708,1,228.65
916386,7014951,31113,10,108.09
916387,7010476,31230,3,942.99
916388,7002657,30861,12,514.08
916389,7014031,31293,6,386.81
916390,7007252,30597,7,729.67
916391,7010774,30693,4,1015.25
916392,7009395,30014,4,
916393,7005544,31006,9,36.29
916394,7013999,30135,8,1114.33
916395,7007592,31484,7,17.26
916396,7000204,30273,4,1164.84
916397,7000760,30989,1,281.67
916398,7006978,30390,6,371.76
916399,7009246,30220,7,153.88
916400,7003456,31272,11,413.11
916401,7004467,31421,7,1015.03
916402,7006925,30248,8,525.42
916403,7006699,30343,1,1017.78
916404,7013436,31331,2,26.84
916405,7012382,30443,8,
916406,7013511,31012,-4,1175.82
916407,7003296,30195,3,59.69
916408,7000826,30811,12,988.54
916409,7008137,31200,5,1078.03
916410,7012427,31360,12,979.48
916411,7001519,31429,9,271.42
916412,7001272,31050,2,186.01
916413,7008308,31346,11,640.22
916414,7010675,30030,7,740.71
916415,7002904,30085,5,432.89
916416,7000563,30380,5,1181.56
916417,7013251,30923,10,824.41
916418,7003368,30854,1,114.44
916419,7013824,31129,2,802.21
916420,7003368,30321,11,450.71
916421,7010205,30551,10,497.4
916422,7001986,30903,4,233.49
916423,7005640,30376,11,310.8
916424,7005305,30917,9,608.88
916425,7004116,30655,12,957.8
916426,7003445,31238,12,444.3
916427,7002422,31114,8,796.69
916428,7004630,30762,7,834.97
916429,7013107,31356,5,1185.98
916430,7004500,30295,11,593.94
916431,7011927,31019,5,337.53
916432,7009402,31033,2,764.56
916433,7009653,30622,1,398.77
916434,7010084,30407,4,696.67
916435,7012839,30437,5,531.94
916436,7012565,30489,8,879.72
916437,7008745,30808,4,960.47
916438,7000840,30876,9,559.23
916439,7007078,30925,5,1027.86
916440,7010514,30960,3,801.8
916441,7014907,31074,7,624.81
916442,7013592,30593,2,826.12
916443,7012813,30636,6,1144.33
916444,7008339,30835,3,1040.91
916445,7005875,30110,3,28.34
916446,7007732,30382,12,873.55
916447,7006549,30941,10,701.68
916448,7001859,31000,10,703.41
916449,7014518,30106,8,545.61
916450,7008421,30463,12,549.61
916451,7013743,30243,3,603.53
916452,7001038,31413,4,1052.63
916453,7006291,30533,6,1181.54
916454,7014867,31226,2,455.59
916455,7006537,30575,5,893.38
916456,7006195,30283,6,702.92
916457,7008926,31440,7,476.0
916458,7012521,31216,7,51.93
916459,7010028,30402,4,664.31
916460,7011943,30386,10,688.87
916461,7000088,31114,8,325.03
916462,7011930,30534,10,12.08
916463,7005341,30030,9,1112.24
916464,7010631,30971,4,827.45
916465,7007004,31299,11,720.05
916466,7007844,31326,5,340.38
916467,7011328,30024,6,607.78
916468,7008185,31047,3,599.36
916469,7001268,31186,5,209.43
916470,7014205,31074,7,393.89
916471,7005362,31414,1,955.69
916472,7009464,31126,10,617.75
916473,7012239,30292,4,319.73
916474,7008070,31346,5,246.59
916475,7008336,31148,1,1109.78
916476,7001695,30217,9,913.39
916477,7004677,30992,4,198.95
916478,7002255,30636,3,758.46
916479,7000548,30443,7,854.43
916480,7010405,30027,4,410.24
916481,7011685,31128,7,815.21
916482,7002006,31168,3,475.65
916483,7005634,31201,3,405.24
916484,7011777,31180,1,1092.04
916485,7012722,30114,1,438.37
916486,7012626,30175,6,258.53
916487,7001744,30177,9,402.66
916488,7011938,31471,2,15.72
916489,7008520,30874,5,427.78
916490,7012980,31291,5,558.39
916491,7006356,30991,3,368.68
916492,7005602,31349,2,127.87
916493,7014457,31215,7,1030.86
916494,7002855,30621,8,150.8
916495,7006881,31252,8,800.9
916496,7003456,30751,9,314.77
916497,7011523,30546,5,224.95
916498,7014649,30964,2,819.32
916499,7006504,30834,12,73.14
916500,7000948,30497,4,564.83
916501,7012368,30440,8,512.52
916502,7001571,30398,3,997.22
916503,7000047,30622,9,1157.54
916504,7003152,31243,4,528.75
916505,7009228,31134,6,420.04
916506,7011319,30406,1,939.37
916507,7002694,30893,7,1133.0
916508,7013057,31397,10,
916509,7014141,30356,3,633.59
916510,7004239,31058,3,678.57
916511,7004846,30563,11,328.81
916512,7012438,30639,6,629.45
916513,7002858,30971,7,
916514,7001313,30966,11,1133.78
916515,7007729,30734,3,378.97
916516,7007483,30348,10,1096.56
916517,7003105,30393,7,459.58
916518,7007264,30903,7,333.01
916519,7004010,30347,8,876.76
916520,7010102,31224,10,464.22
916521,7010087,30677,5,536.54
916522,7012891,30837,2,287.41
916523,7011753,30539,7,654.88
916524,7013005,30089,-1,308.6
916525,7004925,30341,2,365.51
916526,7010217,31003,9,431.14
916527,7000553,30957,11,167.5
916528,7013000,30780,3,342.95
916529,7001306,30215,11,1053.12
916530,7010999,31083,1,345.66
916531,7001221,30802,6,550.44
916532,7013046,30960,6,69.32
916533,7001445,31469,4,627.43
916534,7009181,30326,5,1148.44
916535,7006100,30767,2,833.86
916536,7014558,30018,5,896.29
916537,7012916,31383,2,312.37
916538,7008401,30218,3,603.21
916539,7007539,30642,6,728.03
916540,7006989,31303,3,422.06
916541,7010549,30892,8,714.75
916542,7006185,30231,11,1199.89
916543,7008498,30943,12,666.6
916544,7009576,30915,10,121.55
916545,7007491,30444,11,1127.48
916546,7010993,30607,8,233.82
916547,7005813,30240,4,1030.25
916548,7002091,30056,6,346.13
916549,7005304,30696,3,61.0
916550,7002819,30680,4,319.53
916551,7001799,31390,4,1058.08
916552,7000697,31433,5,635.37
916553,7013754,30422,10,1192.95
916554,7007324,30373,12,1179.29
916555,7005587,30254,2,1148.74
916556,7003008,30878,11,874.03
916557,7006950,30725,6,1154.89
916558,7003504,30858,4,
916559,7000004,30933,6,
916560,7014683,30806,5,936.22
916561,7005577,31434,8,703.83
916562,7007575,30834,9,80.44
916563,7012148,30087,-4,456.49
916564,7014804,30261,8,806.69
916565,7004337,30876,6,934.9
916566,7005868,30400,3,199.74
916567,7014559,30831,9,703.2
916568,7003301,30629,10,1069.91
916569,7000989,31151,7,512.85
916570,7011259,30799,3,664.67
916571,7014628,31060,2,197.5
916572,7005248,31200,9,654.5
916573,7008860,30659,2,826.02
916574,7002232,30657,8,1086.24
916575,7006784,30847,8,528.75
916576,7014774,30728,1,939.6
916577,7002449,30403,2,632.02
916578,7013442,31179,1,1099.58
916579,7002686,30387,2,907.56
916580,7014931,31419,6,649.59
916581,7003324,31036,2,1157.97
916582,7000200,30210,-12,197.42
916583,7013435,31191,11,983.16
916584,7005821,30893,11,138.53
916585,7009305,31160,11,414.33
916586,7012898,30366,4,1088.05
916587,7005327,30955,4,204.65
916588,7014023,30425,6,594.3
916589,7003126,30515,8,333.92
916590,7001796,31344,1,
916591,7005447,31250,7,666.44
916592,7006739,30622,10,659.12
916593,7010795,30450,6,63.96
916594,7013011,30417,3,370.69
916595,7004949,30374,12,826.99
916596,7005199,31205,1,996.94
916597,7011760,30662,10,13.79
916598,7004112,30198,7,229.53
916599,7008872,30690,7,870.89
916600,7005676,30802,4,736.29
916601,7009481,30656,2,1107.69
916602,7005924,30551,9,254.16
916603,7000952,31157,8,273.41
916604,7001147,30666,5,1122.23
916605,7010894,30409,1,357.37
916606,7001877,30950,1,583.13
916607,7005702,30392,1,518.56
916608,7013146,30325,2,681.49
916609,7005280,31248,7,337.06
916610,7008129,30799,3,949.21
916611,7014375,31198,5,320.74
916612,7013640,30379,1,641.1
916613,7013382,31273,7,704.06
916614,7004720,31031,-12,857.04
916615,7007819,30346,2,681.4
916616,7003485,30470,1,697.18
916617,7001551,30820,1,972.23
916618,7007435,30460,2,537.46
916619,7003951,31434,6,1175.19
916620,7003984,30056,5,844.85
916621,7002294,30221,4,21.47
916622,7008773,30643,7,
916623,7010721,30929,9,1142.41
916624,7003140,31290,10,80.11
916625,7002740,30852,8,624.33
916626,7011687,30109,11,530.67
916627,7014505,30731,4,364.96
916628,7000031,30216,5,1098.78
916629,7009040,30489,3,628.05
916630,7004219,30624,11,490.57
916631,7013191,30533,11,578.36
916632,7004923,31026,2,507.15
916633,7012242,30212,1,630.99
916634,7000625,31300,3,285.33
916635,7014526,30430,8,549.25
916636,7006195,30922,9,664.98
916637,7000033,30618,11,222.69
916638,7002451,30864,2,486.03
916639,7009354,30733,8,400.03
916640,7009265,30629,10,480.91
916641,7003032,30400,4,1088.26
916642,7009051,30847,6,815.94
916643,7010598,30490,12,622.43
916644,7013036,31474,3,826.54
916645,7014579,30445,1,382.62
916646,7011136,30793,3,70.62
916647,7011401,30433,4,183.93
916648,7003354,30801,2,677.52
916649,7002002,30529,7,472.53
916650,7001706,30657,8,323.65
916651,7003839,30332,11,355.6
916652,7003748,30273,10,934.13
916653,7006865,31206,5,1189.41
916654,7001865,31339,8,118.51
916655,7013953,30902,9,840.87
916656,7006845,30245,2,21.31
916657,7004892,31132,3,
916658,7008372,30969,3,1022.97
916659,7002369,31082,1,982.54
916660,7005620,31276,10,487.25
916661,7012401,30731,6,230.74
916662,7014225,30216,5,1024.9
916663,7001339,31455,10,1196.31
916664,7006962,31499,8,589.69
916665,7013345,30922,10,1076.25
916666,7001708,30238,8,564.78
916667,7014618,30135,9,1147.63
916668,7009454,30610,4,363.73
916669,7009371,31150,2,827.69
916670,7002380,31057,3,854.21
916671,7011960,31234,4,882.77
916672,7004530,30976,12,942.31
916673,7001614,31307,1,403.45
916674,7007244,30680,10,910.84
916675,7000646,31039,3,866.55
916676,7008939,30298,8,165.41
916677,7011039,30327,10,722.99
916678,7000439,30843,1,1019.42
916679,7009736,30051,7,559.6
916680,7012236,30969,8,443.93
916681,7006539,31313,2,13.26
916682,7010742,30217,5,925.69
916683,7010816,31188,6,49.3
916684,7013036,31149,10,1191.95
916685,7002485,30515,2,220.49
916686,7003183,30167,9,881.41
916687,7009150,30812,6,604.31
916688,7001933,30714,4,726.96
916689,7007777,31438,6,189.14
916690,7005540,30100,1,1039.09
916691,7013460,30413,3,405.52
916692,7013760,30422,1,1075.84
916693,7009351,30658,8,1080.61
916694,7004099,31074,11,223.78
916695,7002952,30537,9,1116.72
916696,7005805,30631,7,1095.85
916697,7011945,31373,2,435.37
916698,7013199,30047,12,276.96
916699,7014478,30782,7,662.53
916700,7013677,30099,9,409.45
916701,7007285,30604,8,932.08
916702,7012107,30541,10,
916703,7014092,31046,12,477.75
916704,7012016,31397,6,280.14
916705,7010237,31463,8,794.14
916706,7009853,31415,7,65.92
916707,7002565,31300,11,818.69
916708,7005436,30337,9,929.38
916709,7003740,31201,11,918.64
916710,7008676,30677,10,350.23
916711,7000927,30150,12,700.12
916712,7008968,30830,3,129.87
916713,7014377,30623,11,46.78
916714,7014291,30542,11,654.67
916715,7001117,30554,2,490.12
916716,7005231,30237,9,125.21
916717,7007075,30515,2,541.09
916718,7014563,31359,9,752.95
916719,7004222,31500,3,1113.03
916720,7003599,31106,5,942.36
916721,7003106,31106,12,450.13
916722,7000037,30887,8,11.86
916723,7011505,30452,3,1168.66
916724,7007607,30390,4,283.44
916725,7007374,30605,12,709.62
916726,7002071,31423,4,
916727,7008598,30185,7,594.14
916728,7000048,30642,8,105.7
916729,7003238,30088,6,506.26
916730,7012611,30997,4,493.59
916731,7010138,31157,7,1179.23
916732,7011451,31421,4,1002.33
916733,7010556,31047,4,877.47
916734,7001440,30219,4,656.3
916735,7011312,30884,10,1173.73
916736,7010835,30477,10,210.39
916737,7006359,30221,2,63.22
916738,7010972,31050,6,894.03
916739,7004722,30479,1,773.33
916740,7009183,30689,4,44.57
916741,7000072,30762,12,323.73
916742,7001619,30490,1,531.41
916743,7012436,30184,6,1098.08
916744,7012438,30704,5,1037.94
916745,7005955,30943,10,100.83
916746,7006005,30675,8,331.68
916747,7002731,31063,12,638.55
916748,7004633,30154,4,49.38
916749,7012601,30313,5,937.53
916750,7008003,30037,3,823.54
916751,7007212,30024,12,1099.82
916752,7009468,30235,5,628.03
916753,7002763,30674,4,
916754,7005611,30421,9,1173.91
916755,7000134,30929,4,
916756,7007608,30824,1,
916757,7008430,31091,12,1015.4
916758,7005076,30746,7,171.31
916759,7003383,31340,2,419.03
916760,7005173,31379,5,654.32
916761,7002654,30905,5,507.95
916762,7009578,31048,4,318.33
916763,7002301,30451,5,650.45
916764,7010810,30325,7,60.27
916765,7013557,30333,11,629.97
916766,7013878,30006,9,367.63
916767,7006770,30078,6,730.99
916768,7000253,30236,10,926.37
916769,7005730,30807,8,423.79
916770,7008134,30839,8,596.12
916771,7009919,30538,7,179.27
916772,7009275,30895,11,224.62
916773,7003336,30121,11,114.16
916774,7013704,30628,1,426.71
916775,7005677,31228,11,642.9
916776,7013891,30476,3,831.35
916777,7010583,30115,6,1099.66
916778,7013299,30446,1,836.76
916779,7005897,30834,4,942.37
916780,7006868,31111,7,1095.54
916781,7012852,30004,10,977.94
916782,7001405,31356,6,1010.37
916783,7007448,30875,12,787.66
916784,7012975,31416,5,713.68
916785,7011257,31297,1,329.08
916786,7003967,30089,5,
916787,7012632,30648,3,217.81
916788,7009522,30265,5,395.57
916789,7002669,30662,3,485.05
916790,7003237,30579,4,974.17
916791,7007593,30316,12,231.81
916792,7001302,30529,6,633.7
916793,7008446,30259,10,446.75
916794,7000669,30348,3,761.97
916795,7003184,31444,-1,930.79
916796,7005179,30592,1,1112.65
916797,7003896,30070,2,470.52
916798,7005766,30528,3,1136.37
916799,7010086,30945,4,52.8
916800,7002279,31215,3,999.03
916801,7013853,31210,11,473.32
916802,7012751,30529,5,518.07
916803,7008487,30856,5,925.2
916804,7013077,30116,3,1186.85
916805,7014379,31315,6,975.47
916806,7007594,30415,8,255.1
916807,7000089,30262,5,394.42
916808,7004012,30788,6,879.8
916809,7000834,30704,12,262.94
916810,7010161,31266,6,97.96
916811,7004731,30642,5,124.67
916812,7014425,31068,11,216.52
916813,7004617,30603,11,997.67
916814,7012831,30355,4,48.1
916815,7009150,31422,3,532.97
916816,7010987,30475,4,851.95
916817,7010974,31232,10,572.88
916818,7000863,30377,3,1119.0
916819,7008039,30660,5,848.26
916820,7010889,31276,1,580.54
916821,7004076,30203,3,38.66
916822,7011745,31297,3,81.72
916823,7004106,30228,8,936.9
916824,7007047,31312,10,863.18
916825,7004297,30686,11,1001.83
916826,7002627,31213,3,179.2
916827,7010172,30466,12,908.76
916828,7013142,30117,7,712.43
916829,7011450,30018,8,623.92
916830,7012267,30670,1,1124.89
916831,7008177,31313,1,842.55
916832,7009476,31060,7,313.02
916833,7007932,31175,5,137.09
916834,7008845,30569,6,897.43
916835,7005185,31274,6,672.12
916836,7001068,30413,7,712.58
916837,7009114,30779,9,888.8
916838,7003445,30275,7,567.57
916839,7007084,31248,1,1197.41
916840,7008030,31400,6,469.75
916841,7011008,30380,2,399.44
916842,7013068,31187,8,134.98
916843,7002412,31446,7,273.36
916844,7011205,31399,2,
916845,7014985,31346,2,109.8
916846,7004722,30219,1,870.86
916847,7006734,30156,4,939.08
916848,7007017,30588,6,
916849,7013212,31061,11,
916850,7001872,30666,5,
916851,7009549,31105,6,303.64
916852,7011794,30088,3,78.38
916853,7011991,31257,1,974.61
916854,7010849,30181,1,896.94
916855,7012941,31059,8,1168.41
916856,7000379,30397,11,1170.64
916857,7003877,31320,10,254.57
916858,7012750,31214,1,
916859,7006161,31072,10,12.24
916860,7005260,30783,11,513.44
916861,7003333,30199,4,268.57
916862,7011604,30665,3,317.34
916863,7003502,30319,3,1100.64
916864,7010940,30117,8,131.54
916865,7005862,30253,9,461.14
916866,7009828,30639,5,687.43
916867,7009372,30587,6,
916868,7000411,30679,6,395.42
916869,7009121,30546,10,93.48
916870,7011709,31105,7,914.89
916871,7013975,30631,6,206.35
916872,7008535,30575,10,521.14
916873,7004184,30700,2,563.01
916874,7001322,30450,6,411.84
916875,7006692,30215,10,537.6
916876,7008411,31098,6,856.25
916877,7007939,30509,3,1164.3
916878,7014155,30069,2,407.85
916879,7013785,31026,8,13.86
916880,7013277,31418,7,218.72
916881,7004366,31048,1,689.49
916882,7014801,30309,11,676.25
916883,7000060,30712,1,957.88
916884,7009883,30174,6,752.94
916885,7001087,31074,4,1157.25
916886,7002905,31297,5,57.03
916887,7013724,30062,2,914.98
916888,7011768,30411,6,587.87
916889,7001747,30731,2,126.09
916890,7004049,31044,1,783.17
916891,7008947,30408,8,
916892,7000534,31038,1,318.66
916893,7013833,31126,10,436.49
916894,7012519,30824,8,830.21
916895,7013431,30501,4,574.53
916896,7007212,30402,6,455.3
916897,7009562,30584,10,627.27
916898,7001653,30403,12,484.83
916899,7011328,30459,9,247.09
916900,7009469,31468,6,154.35
916901,7013817,31358,8,11.5
916902,7000953,30564,4,984.51
916903,7012314,31080,3,971.9
916904,7003603,30474,10,197.67
916905,7003524,30276,3,566.17
916906,7014386,30006,6,728.69
916907,7004472,30063,5,727.91
916908,7006669,31240,6,326.98
916909,7002337,30809,11,791.41
916910,7012695,30612,4,101.62
916911,7009042,30388,6,407.39
916912,7008416,30699,-12,650.71
916913,7011758,30050,3,680.79
916914,7000092,30780,5,143.58
916915,7008386,31060,1,1158.25
916916,7014718,30334,1,383.79
916917,7000647,30025,6,255.44
916918,7008421,30355,3,424.92
916919,7012319,30924,7,957.29
916920,7008020,30087,10,345.15
916921,7012254,31218,5,645.32
916922,7011639,30238,1,292.5
916923,7003765,30871,10,286.87
916924,7001312,30975,2,32.59
916925,7005135,30764,12,
916926,7012835,30478,4,568.08
916927,7012832,31260,11,505.14
916928,7013432,30566,11,242.27
916929,7004708,30431,5,395.99
916930,7000393,31282,12,18.43
916931,7007828,30024,6,774.62
916932,7004378,31224,9,142.06
916933,7010929,30275,5,611.74
916934,7005333,30709,2,823.28
916935,7006754,30659,2,410.28
916936,7008909,31063,1,722.92
916937,7003427,30277,12,459.13
916938,7011435,30529,5,1047.56
916939,7011931,30067,11,1156.59
916940,7001951,30218,5,252.19
916941,7009489,30809,1,320.0
916942,7009470,31173,1,868.28
916943,7008433,31000,8,234.42
916944,7010153,30083,6,239.51
916945,7006850,30360,10,683.17
916946,7010614,31067,8,83.63
916947,7008802,31113,4,1011.97
916948,7004109,30443,6,1011.64
916949,7008400,31064,6,1024.49
916950,7011505,30474,12,307.68
916951,7014641,30163,8,90.92
916952,7007258,31114,4,421.65
916953,7001736,30645,12,1192.04
916954,7000457,31274,4,167.59
916955,7001923,31276,10,518.23
916956,7012334,30214,7,529.45
916957,7012829,30347,1,245.68
916958,7012313,30927,7,49.47
916959,7005117,30526,7,901.75
916960,7003936,30253,10,96.1
916961,7014195,30797,3,656.4
916962,7008980,30745,12,783.26
916963,7001161,30226,3,979.19
916964,7002946,30150,8,108.22
916965,7003415,30287,12,451.75
916966,7005560,30070,1,747.71
916967,7014115,30259,11,931.2
916968,7004757,31231,7,20.02
916969,7013003,31401,11,541.05
916970,7006318,31307,6,357.03
916971,7010499,30491,-9,727.22
916972,7002271,31471,6,384.61
916973,7011533,31059,8,940.54
916974,7002052,30202,8,
916975,7004006,30598,8,364.93
916976,7008748,31473,4,69.68
916977,7005232,31432,6,306.8
916978,7008086,30941,3,391.89
916979,7013074,30177,2,967.41
916980,7005308,30627,9,316.92
916981,7009712,31027,4,294.38
916982,7009378,31267,3,917.92
916983,7012506,30881,1,1025.18
916984,7006422,31307,7,383.57
916985,7001160,31458,6,605.84
916986,7010461,31315,12,412.85
916987,7010798,30375,11,
916988,7006777,31072,2,1168.76
916989,7007992,31341,10,526.68
916990,7007453,30440,3,889.1
916991,7012055,31238,11,1011.0
916992,7012885,31116,5,276.84
916993,7000583,30655,10,663.58
916994,7012319,31041,6,481.14
916995,7000206,31166,2,1012.01
916996,7011561,30506,11,407.08
916997,7000424,30298,10,723.07
916998,7005722,30782,1,317.48
916999,7005456,31483,12,793.32
917000,7008161,30932,2,865.25
917001,7013533,31383,-8,989.54
917002,7006214,30162,12,1125.56
917003,7007881,30789,6,647.27
917004,7000153,31463,3,61.96
917005,7002624,30662,-12,15.15
917006,7010090,30431,2,743.84
917007,7006308,31277,1,801.27
917008,7011382,30801,4,980.0
917009,7013867,30094,9,202.26
917010,7001809,31089,4,1122.74
917011,7003498,31207,12,34.24
917012,7009835,30648,1,247.55
917013,7005982,31500,1,1053.51
917014,7013637,31249,9,890.35
917015,7006225,30986,8,1119.38
917016,7009239,30233,7,791.95
917017,7001466,30135,11,283.98
917018,7005906,31370,4,534.88
917019,7007731,30374,2,471.81
917020,7001406,31047,3,1057.78
917021,7001405,31253,6,553.39
917022,7011062,30715,1,172.86
917023,7010770,30463,1,606.63
917024,7003504,31440,2,853.96
917025,7004744,30817,6,301.61
917026,7005596,31062,11,599.55
917027,7010744,31426,10,228.31
917028,7013158,30919,6,252.56
917029,7003267,30430,7,1151.71
917030,7014788,30129,1,507.21
917031,7010300,30961,2,959.51
917032,7010658,30661,5,746.44
917033,7001598,30991,6,83.61
917034,7010590,30607,7,634.28
917035,7009621,30189,5,152.0
917036,7000026,30859,4,378.68
917037,7003192,30505,6,22.62
917038,7010279,30444,7,409.82
917039,7000775,30479,8,908.96
917040,7013769,30660,10,553.84
917041,7004480,31114,3,742.67
917042,7004212,31155,8,50.34
917043,7001752,30367,9,
917044,7003273,31435,12,1037.09
917045,7013902,30612,1,1094.59
917046,7008046,31328,6,347.34
917047,7013881,30095,7,690.64
917048,7003553,31320,4,1053.06
917049,7001117,31393,5,43.06
917050,7003428,30549,9,180.2
917051,7001408,30552,11,46.47
917052,7012438,30081,1,346.41
917053,7005078,30702,7,495.53
917054,7005297,30282,12,624.61
917055,7009847,30697,4,221.81
917056,7009369,30766,10,1158.69
917057,7009572,30862,12,
917058,7001437,31002,6,1151.88
917059,7000389,30809,5,
917060,7010973,30527,9,488.49
917061,7014085,31183,2,85.1
917062,7009440,30427,6,910.16
917063,7000962,31435,10,931.19
917064,7013084,30412,7,375.46
917065,7010065,30960,6,524.82
917066,7002216,31237,12,798.21
917067,7009261,30178,4,808.43
917068,7010487,31464,8,1077.83
917069,7007962,30763,4,1093.19
917070,7006062,31202,4,163.73
917071,7001508,31470,1,697.24
917072,7004110,31195,11,664.14
917073,7014759,31411,8,1052.7
917074,7008259,30998,3,88.76
917075,7004369,31493,11,765.02
917076,7012537,30532,1,856.19
917077,7009485,30206,8,1172.71
917078,7000903,31007,3,854.01
917079,7005246,30496,10,1004.54
917080,7011018,31400,9,942.13
917081,7004992,31417,8,209.46
917082,7003133,30096,1,67.31
917083,7013330,30967,3,545.67
917084,7007012,31335,6,652.52
917085,7005786,31387,2,812.32
917086,7010315,30618,2,615.83
917087,7005081,30290,5,1007.35
917088,7010896,30103,4,509.3
917089,7003029,30494,12,761.97
917090,7009592,31136,9,168.59
917091,7002177,31217,9,405.12
917092,7005248,30725,11,204.61
917093,7001315,30304,7,805.22
917094,7011715,30113,7,905.26
917095,7012948,30861,2,356.05
917096,7014361,30574,11,686.11
917097,7011904,31003,1,992.89
917098,7008336,31041,6,897.24
917099,7000207,31355,2,1088.82
917100,7010068,31266,5,1169.2
917101,7003119,30781,10,1065.84
917102,7008734,30139,2,477.98
917103,7006006,30468,11,447.38
917104,7001352,30666,11,401.4
917105,7004491,30319,9,165.81
917106,7004817,30833,5,599.37
917107,7001269,30994,8,949.83
917108,7010063,30282,1,1050.48
917109,7007743,30472,7,1124.06
917110,7010789,30062,5,203.77
917111,7010505,31253,3,466.76
917112,7004573,30043,6,265.6
917113,7008025,30566,4,782.84
917114,7004949,31171,6,
917115,7003922,31104,2,511.54
917116,7007353,31067,5,261.48
917117,7000266,30318,3,
917118,7014471,30218,10,492.37
917119,7001079,30136,3,974.16
917120,7013963,30624,2,
917121,7006662,30799,1,746.95
917122,7007189,30041,9,623.92
917123,7009557,30854,10,516.05
917124,7006490,31186,6,990.02
917125,7006924,31328,8,656.42
917126,7012627,30957,12,790.42
917127,7003164,31106,6,611.18
917128,7010751,30645,1,469.32
917129,7014710,30357,8,634.82
917130,7001788,30434,11,549.72
917131,7003042,30263,7,614.98
917132,7011380,30612,7,1130.38
917133,7001323,30293,3,1115.19
917134,7013712,30673,10,
917135,7014127,30056,10,625.71
917136,7009295,30205,11,894.05
917137,7011828,30550,11,1197.48
917138,7005665,31149,10,530.69
917139,7005290,30379,5,818.79
917140,7006633,31045,5,840.8
917141,7007918,31449,2,349.81
917142,7001930,31181,11,181.1
917143,7012728,30095,11,890.85
917144,7014454,30876,7,1028.43
917145,7005520,31115,12,
917146,7008559,31247,8,995.89
917147,7000570,30577,6,476.27
917148,7014188,30570,9,377.52
917149,7006730,30146,5,51.46
917150,7014595,30596,10,1190.29
917151,7007707,30671,12,954.44
917152,7001500,30460,10,773.86
917153,7001538,30056,3,890.04
917154,7013294,31075,2,957.04
917155,7011750,30656,7,67.75
917156,7004045,30646,7,916.24
917157,7008442,31300,8,566.81
917158,7013726,30392,2,
917159,7000492,31460,4,867.85
917160,7000200,30813,6,1132.13
917161,7004970,30523,-7,387.86
917162,7011108,30198,9,796.99
917163,7010566,31343,1,670.93
917164,7014459,31482,4,723.41
917165,7010349,30891,11,897.23
917166,7004510,31114,6,381.48
917167,7000196,30265,8,
917168,7012810,31197,11,12.17
917169,7011889,31400,2,90.8
917170,7002176,30295,6,123.7
917171,7014115,30420,3,459.96
917172,7000568,30302,2,577.88
917173,7009648,30442,7,
917174,7011073,30045,12,529.66
917175,7000673,31047,4,208.84
917176,7001757,31401,6,1085.95
917177,7002088,31126,7,504.82
917178,7014130,30626,5,628.45
917179,7004943,30079,3,1087.35
917180,7006859,30429,10,936.32
917181,7010868,30118,8,109.66
917182,7008167,30790,6,271.88
917183,7013641,31483,12,268.37
917184,7006997,30288,6,455.99
917185,7008397,30909,8,208.82
917186,7013628,31460,12,779.22
917187,7014649,30665,2,329.16
917188,7007725,30476,6,452.78
917189,7011322,31189,6,677.2
917190,7001836,30864,1,389.25
917191,7005909,30634,10,755.87
917192,7010744,31043,3,786.17
917193,7004913,31219,3,1157.17
917194,7003386,30956,5,648.69
917195,7000028,30781,2,98.06
917196,7006326,30007,6,790.82
917197,7009659,30356,1,926.27
917198,7003434,31010,7,876.69
917199,7003807,30678,5,21.79
917200,7002960,31159,8,809.54
917201,7005796,30303,9,876.98
917202,7003533,30159,5,400.67
917203,7013654,30985,1,381.45
917204,7009564,30539,6,287.98
917205,7006046,31438,11,493.48
917206,7010609,30141,2,612.81
917207,7003168,30524,7,975.83
917208,7014967,30997,7,299.64
917209,7010819,30077,3,306.74
917210,7011248,30127,9,1086.13
917211,7004256,31258,5,732.5
917212,7014608,31348,7,417.97
917213,7014425,31110,9,
917214,7005863,30810,9,730.82
917215,7007554,30185,6,607.61
917216,7002577,30440,3,542.3
917217,7002852,30764,5,174.06
917218,7000841,30085,2,194.33
917219,7003063,30929,12,708.05
917220,7008679,31394,6,903.46
917221,7006419,30012,10,575.59
917222,7006874,30113,8,199.73
917223,7002395,30388,11,793.42
917224,7001720,31486,5,631.41
917225,7005727,31243,11,147.58
917226,7004449,30207,1,577.33
917227,7002362,30939,10,129.04
917228,7012749,31442,12,937.59
917229,7012948,30087,11,323.23
917230,7003294,30833,11,146.83
917231,7000427,30048,12,195.89
917232,7005994,30058,1,418.12
917233,7009967,30296,10,1173.88
917234,7009065,31451,11,799.56
917235,7010236,30277,10,32.45
917236,7013374,30648,2,1111.68
917237,7006264,31177,3,663.14
917238,7001571,30757,4,809.48
917239,7008826,31249,3,177.17
917240,7000747,30738,7,267.21
917241,7005962,30470,9,374.07
917242,7008981,30336,4,733.22
917243,7004578,30055,12,927.84
917244,7008132,30231,5,1184.49
917245,7007423,30253,4,868.49
917246,7014149,30123,8,917.93
917247,7003190,30111,2,647.15
917248,7006386,31462,1,467.69
917249,7001360,31310,1,736.23
917250,7007015,30381,3,681.19
917251,7012525,30063,12,
917252,7001999,30243,12,960.52
917253,7000084,31327,2,690.34
917254,7008171,30047,11,21.85
917255,7014803,30041,6,338.02
917256,7008608,31117,12,248.2
917257,7005562,30672,12,519.34
917258,7013138,30732,10,259.17
917259,7009290,31333,4,958.56
917260,7014345,31261,9,917.78
917261,7010651,30108,5,356.36
917262,7014912,30797,1,11.96
917263,7001482,31070,10,483.82
917264,7001709,31206,2,130.82
917265,7007334,30025,2,64.69
917266,7005850,30920,8,363.26
917267,7002948,31494,7,321.78
917268,7008069,30451,11,655.04
917269,7010110,31328,3,139.73
917270,7005207,31388,8,1106.84
917271,7013007,30993,2,
917272,7012065,30723,3,217.0
917273,7001639,31451,2,829.69
917274,7004423,30240,12,1138.17
917275,7007323,31182,9,86.27
917276,7010575,30728,5,1143.18
917277,7005323,31101,8,334.1
917278,7010586,31250,10,239.4
917279,7002108,31345,8,1076.41
917280,7001845,30480,11,600.07
917281,7008044,30895,12,790.73
917282,7003014,30958,8,716.85
917283,7007290,31077,5,132.78
917284,7007047,30332,6,957.66
917285,7002403,30306,-11,75.98
917286,7005599,31314,12,1180.5
917287,7006035,31027,8,659.34
917288,7013301,30703,2,288.96
917289,7012796,30393,2,122.51
917290,7004491,30813,1,676.82
917291,7008126,31265,4,105.0
917292,7007717,31301,2,353.65
917293,7012131,30514,12,815.43
917294,7008841,30658,10,871.77
917295,7007034,30334,8,462.5
917296,7009133,30061,7,257.56
917297,7008073,31123,5,528.04
917298,7009753,31088,11,1135.76
917299,7008761,30985,1,1138.84
917300,7010387,30371,8,352.21
917301,7003522,30952,3,480.39
917302,7003678,31287,7,269.94
917303,7001035,30569,3,703.55
917304,7004232,30473,9,1103.91
917305,7001678,31383,3,619.57
917306,7006285,31475,12,1097.82
917307,7012860,30087,3,214.5
917308,7002355,30876,3,375.1
917309,7003072,31210,8,173.76
917310,7002918,30965,5,863.61
917311,7012148,30466,11,1061.68
917312,7005112,30330,6,1072.12
917313,7003683,30930,5,77.42
917314,7010713,30072,1,1010.29
917315,7005585,30862,5,75.14
917316,7004433,30988,11,1120.16
917317,7010762,30041,4,1017.49
917318,7006667,30480,11,546.96
917319,7004628,30201,9,1095.73
917320,7008318,30645,12,1073.36
917321,7005661,31037,2,482.26
917322,7012328,30983,11,872.25
917323,7001798,31214,1,576.51
917324,7008380,31066,5,637.4
917325,7005973,30027,4,741.78
917326,7001323,30796,3,785.87
917327,7013681,31264,12,894.05
917328,7011201,30520,10,1126.02
917329,7002472,30629,9,570.32
917330,7004661,31315,11,91.82
917331,7002752,31131,6,673.12
917332,7014638,30845,2,360.51
917333,7002978,31223,1,517.76
917334,7000722,31492,11,519.85
917335,7013156,30880,6,291.59
917336,7003864,30571,3,1194.36
917337,7014878,30022,10,171.05
917338,7009899,31023,4,947.9
917339,7006165,31410,3,383.51
917340,7011000,31182,5,
917341,7006134,30114,1,343.42
917342,7014358,30969,4,1130.02
917343,7002685,30060,11,598.4
917344,7003344,30108,8,794.65
917345,7002302,30921,8,1117.87
917346,7014314,30819,10,776.41
917347,7010011,30969,4,561.13
917348,7004155,30243,3,606.15
917349,7011341,30231,4,341.43
917350,7006304,31259,4,865.33
917351,7007933,30909,5,810.17
917352,7010249,31215,11,656.42
917353,7010358,31475,4,810.45
917354,7008579,31129,6,584.12
917355,7014858,30632,7,1094.05
917356,7000117,30090,8,332.52
917357,7010582,31089,11,201.98
917358,7007927,31399,12,157.42
917359,7005966,30133,-6,625.87
917360,7001163,30719,1,738.15
917361,7011753,31466,6,866.66
917362,7005955,30221,10,
917363,7014298,31002,8,40.25
917364,7010204,31165,4,863.94
917365,7006152,30990,-7,654.94
917366,7014485,31185,5,68.72
917367,7007151,30839,7,995.53
917368,7001517,30439,4,276.4
917369,7009889,30794,10,892.62
917370,7014392,30777,6,1158.92
917371,7006397,31075,6,
917372,7005248,31447,4,181.79
917373,7012569,30356,8,66.19
917374,7011524,30263,12,817.97
917375,7009581,30591,5,686.15
917376,7011732,30600,5,509.2
917377,7007711,31043,5,83.34
917378,7002563,31086,7,811.03
917379,7003682,30865,7,229.38
917380,7013777,30772,7,265.79
917381,7014408,31225,1,1005.3
917382,7002128,30551,12,816.94
917383,7001292,30496,9,805.46
917384,7007107,30785,4,
917385,7010951,31188,2,420.2
917386,7007822,31335,7,1082.78
917387,7006235,30933,4,810.45
917388,7003025,30537,7,496.85
917389,7014949,31184,8,766.37
917390,7008635,30895,7,740.9
917391,7001073,31134,3,646.19
917392,7012155,31014,8,22.67
917393,7010630,30115,10,997.96
917394,7004091,30377,1,806.67
917395,7010090,31099,11,565.83
917396,7005604,30727,4,37.61
917397,7001668,30493,6,470.12
917398,7005353,30066,12,996.87
917399,7014215,30115,9,1147.31
917400,7004129,30129,10,550.91
917401,7005311,30895,5,336.55
917402,7009208,30830,3,897.67
917403,7003387,30889,4,14.89
917404,7008275,30650,8,395.89
917405,7014885,31416,4,163.22
917406,7007849,31134,12,799.7
917407,7011558,30910,5,988.59
917408,7003619,30347,3,1003.85
917409,7004684,30846,2,107.38
917410,7011840,30323,2,832.68
917411,7000529,30132,2,1180.97
917412,7009574,30141,4,965.72
917413,7008691,30581,3,244.01
917414,7002042,31388,11,557.15
917415,7014991,30347,5,107.71
917416,7000311,31499,4,164.06
917417,7002688,31324,1,693.2
917418,7007175,31284,3,910.51
917419,7001284,31079,12,456.52
917420,7003167,30714,4,150.99
917421,7000371,31187,6,1131.37
917422,7009584,30830,5,572.61
917423,7012921,31058,9,287.34
917424,7002789,30095,8,947.34
917425,7013470,30446,8,864.07
917426,7012479,30721,4,1123.27
917427,7000366,30476,6,633.82
917428,7000005,30219,1,208.89
917429,7005101,30340,11,1128.2
917430,7000339,30496,6,
917431,7014531,30152,10,862.05
917432,7014874,30868,9,754.27
917433,7014868,31373,4,312.04
917434,7002838,30438,4,529.79
917435,7013774,30446,4,99.95
917436,7009311,30788,3,
917437,7001593,30988,6,324.29
917438,7000959,30689,3,452.71
917439,7003319,30759,2,294.86
917440,7000629,31394,3,500.01
917441,7014199,30120,11,691.46
917442,7006068,30414,10,134.28
917443,7013156,30267,6,695.66
917444,7007204,30473,1,728.05
917445,7009896,30195,12,192.21
917446,7010878,31442,9,
917447,7014176,30185,6,203.16
917448,7002363,30134,1,126.05
917449,7000715,30601,3,795.94
917450,7013810,30386,11,1007.78
917451,7003900,31487,4,31.96
917452,7002709,31411,1,105.48
917453,7008868,31474,4,1080.09
917454,7009418,30522,10,756.38
917455,7000515,30731,8,268.22
917456,7010876,30118,-1,1162.62
917457,7004254,30462,9,186.73
917458,7013491,30087,1,1052.13
917459,7006507,30731,2,229.93
917460,7002557,30007,5,706.87
917461,7000655,30634,9,898.59
917462,7014374,31264,11,901.32
917463,7001884,30994,9,542.51
917464,7007180,30455,4,1090.36
917465,7004302,31033,1,913.98
917466,7013540,30277,10,119.92
917467,7011077,31451,8,1152.83
917468,7003721,30844,2,902.39
917469,7011224,30761,4,1153.98
917470,7000244,31146,5,240.85
917471,7001297,30686,10,38.81
917472,7009285,30573,7,1076.48
917473,7002115,31129,12,354.46
917474,7003678,30703,2,1117.44
917475,7004965,30077,2,175.23
917476,7011819,30288,10,703.03
917477,7003135,30938,11,1128.59
917478,7004648,30822,2,306.37
917479,7013342,31491,2,86.4
917480,7011735,30241,12,314.24
917481,7004731,30356,4,327.44
917482,7002631,30008,8,49.7
917483,7013803,30876,5,452.97
917484,7006819,30586,12,828.38
917485,7002850,30376,5,694.95
917486,7002310,30731,4,936.1
917487,7000791,31183,9,224.98
917488,7009503,30525,10,271.44
917489,7003283,31462,5,283.62
917490,7008095,30776,3,918.84
917491,7008403,30243,6,559.37
917492,7010266,30256,3,99.12
917493,7000234,30789,11,1040.48
917494,7007774,31157,7,616.41
917495,7005152,31195,9,735.42
917496,7000996,31500,3,612.59
917497,7009635,30357,1,210.7
917498,7006955,30658,7,
917499,7014318,30173,3,666.82
917500,7001578,30554,6,941.0
917501,7010458,30926,10,284.69
917502,7003529,31213,2,361.84
917503,7008098,30290,1,310.38
917504,7007743,30254,2,459.83
917505,7002424,31210,8,243.3
917506,7004584,30590,12,125.63
917507,7006902,31304,1,69.85
917508,7004541,30376,6,437.89
917509,7009682,30797,7,325.2
917510,7003916,30076,8,317.22
917511,7009431,31393,4,
917512,7011596,31296,10,642.42
917513,7007953,30059,3,136.14
917514,7003962,31313,5,85.01
917515,7008175,30514,8,1087.4
917516,7005920,31085,12,249.38
917517,7012509,30976,8,
917518,7002461,31306,8,736.62
917519,7001922,30163,3,897.62
917520,7005923,30446,3,263.35
917521,7011988,30038,3,1068.95
917522,7006234,31044,12,436.42
917523,7004797,31152,8,781.68
917524,7007536,30907,9,196.87
917525,7000579,31296,12,661.39
917526,7007462,30780,3,480.66
917527,7003118,30963,6,147.22
917528,7005059,31128,7,309.41
917529,7013416,30149,12,756.18
917530,7002672,30392,2,262.35
917531,7010117,30031,3,356.1
917532,7013810,31004,9,532.03
917533,7001180,30317,4,
917534,7007413,30367,12,110.06
917535,7010109,30729,8,278.76
917536,7012699,30167,2,177.14
917537,7004301,30606,3,331.13
917538,7002638,31072,11,84.81
917539,7000911,30793,7,1043.67
917540,7007180,30871,10,
917541,7004888,30712,10,254.74
917542,7001601,30035,8,831.31
917543,7006987,30250,10,427.9
917544,7013389,30903,8,653.88
917545,7013645,30010,12,51.67
917546,7011373,30530,4,432.02
917547,7009658,30628,4,
917548,7005536,30280,10,300.57
917549,7008689,30520,12,957.29
917550,7014313,31433,12,680.56
917551,7001995,30051,10,63.48
917552,7001840,30582,3,521.74
917553,7008624,30204,2,599.96
917554,7008967,30857,2,181.51
917555,7005401,31238,10,1110.87
917556,7006931,30975,8,826.62
917557,7002138,30875,9,1147.7
917558,7009191,31499,9,1112.51
917559,7008249,31468,1,723.93
917560,7014944,30715,12,471.63
917561,7011513,30970,12,19.72
917562,7014198,30004,8,742.02
917563,7012276,30034,2,1112.71
917564,7011374,31451,8,548.06
917565,7012649,30028,12,709.89
917566,7013490,30169,9,632.55
917567,7014801,31352,9,1070.95
917568,7005029,31035,9,156.15
917569,7003878,30544,11,
917570,7011312,30298,4,230.26
917571,7002941,30114,6,37.61
917572,7008058,30131,9,739.21
917573,7011956,30740,4,759.87
917574,7012978,30258,9,768.23
917575,7004235,30032,4,1013.31
917576,7003161,30411,9,898.78
917577,7014882,30957,5,694.27
917578,7014855,30185,6,1132.29
917579,7004156,31304,-1,852.6
917580,7012516,30462,4,683.45
917581,7007782,30771,4,321.52
917582,7009180,30156,10,
917583,7011079,30336,1,819.4
917584,7013935,30928,2,513.99
917585,7010709,30601,8,728.79
917586,7008683,30495,8,220.97
917587,7000630,30496,7,639.55
917588,7012582,30181,6,980.72
917589,7002372,30468,3,478.95
917590,7002039,31403,7,1047.67
917591,7010354,30314,6,402.93
917592,7006813,30621,8,881.21
917593,7000761,30875,1,622.6
917594,7011214,30970,2,374.89
917595,7004932,30891,1,184.55
917596,7004374,31181,9,1036.0
917597,7002953,31249,-11,591.09
917598,7013266,30613,11,732.1
917599,7006479,30612,9,752.24
917600,7001422,30678,11,1001.77
917601,7006695,30237,1,1017.52
917602,7002388,30100,6,935.91
917603,7008549,31024,8,225.72
917604,7006336,30284,12,969.69
917605,7011699,30889,1,913.46
917606,7009730,31468,7,352.31
917607,7002471,31249,3,
917608,7010870,30705,6,295.19
917609,7014317,31074,2,877.33
917610,7013628,31010,4,422.66
917611,7013984,30807,6,362.3
917612,7014681,30864,12,233.69
917613,7009016,31302,7,274.04
917614,7011555,30144,3,243.76
917615,7011470,30609,5,1142.21
917616,7013498,30275,6,1175.67
917617,7012738,31265,6,84.71
917618,7009817,30654,8,546.48
917619,7003546,31115,2,
917620,7003633,30391,2,215.09
917621,7007189,30226,6,382.3
917622,7001363,30126,9,1180.27
917623,7014575,31472,2,669.59
917624,7012798,31483,7,102.3
917625,7001454,30451,10,1005.89
917626,7011485,30975,1,708.33
917627,7013302,30141,8,987.49
917628,7010767,30005,3,570.14
917629,7000984,31171,2,582.39
917630,7014692,31368,-7,
917631,7001241,30698,3,538.28
917632,7003112,31236,11,129.46
917633,7005633,30620,12,330.8
917634,7009026,31449,1,1006.74
917635,7006472,30323,5,1145.24
917636,7000515,30651,10,1000.21
917637,7001325,30260,1,602.88
917638,7005517,31371,2,748.32
917639,7004681,30927,2,278.06
917640,7012696,30861,12,360.56
917641,7009254,31357,9,413.2
917642,7002634,30073,3,597.89
917643,7000894,31074,2,574.42
917644,7011068,30971,-11,770.41
917645,7002582,31271,12,
917646,7011499,30383,12,790.97
917647,7000583,30939,2,1110.48
917648,7008273,30310,12,1013.83
917649,7013334,30340,5,1163.06
917650,7008458,30467,8,238.6
917651,7000809,30543,4,341.78
917652,7001765,30349,8,315.1
917653,7008570,31136,10,573.48
917654,7006636,31070,3,566.83
917655,7002170,30129,12,19.1
917656,7007257,30016,6,315.93
917657,7003727,30101,12,69.61
917658,7003479,30559,2,
917659,7001269,31245,10,184.95
917660,7009251,30754,8,312.83
917661,7010271,30403,11,627.45
917662,7001553,31303,4,852.42
917663,7005862,30466,2,1112.64
917664,7001563,30981,10,388.82
917665,7007749,30852,5,781.43
917666,7010981,30931,3,351.32
917667,7003724,30768,5,1157.66
917668,7010513,31486,3,1061.19
917669,7011443,30018,9,660.19
917670,7000080,30865,2,
917671,7013976,31082,6,385.62
917672,7014106,30154,5,942.4
917673,7010354,30115,8,844.81
917674,7010425,31083,2,497.25
917675,7005353,30404,12,448.41
917676,7008142,30991,1,985.59
917677,7002761,31490,4,539.45
917678,7009285,31438,4,32.99
917679,7008533,30848,7,500.01
917680,7009241,30890,3,39.62
917681,7009983,30722,5,1170.75
917682,7011508,30694,2,1084.61
917683,7013498,31383,1,
917684,7003508,31467,3,1013.57
917685,7002565,30909,4,
917686,7014978,30214,11,911.94
917687,7002963,30499,-5,116.6
917688,7003135,30923,11,90.89
917689,7009901,31446,5,1177.7
917690,7014799,30661,2,1098.09
917691,7000071,31022,12,996.76
917692,7001899,31174,4,454.06
917693,7013350,31308,11,115.36
917694,7011714,30159,11,656.01
917695,7000281,30591,12,495.11
917696,7006254,30254,8,488.47
917697,7005551,30986,7,589.87
917698,7013144,30883,10,
917699,7011310,30308,8,1178.95
917700,7002458,30258,12,858.11
917701,7001658,31480,1,841.1
917702,7008496,31211,4,1170.42
917703,7013770,30223,8,862.62
917704,7014619,31112,5,443.78
917705,7012995,30020,5,863.43
917706,7005315,30252,8,1115.04
917707,7003229,31351,4,507.45
917708,7012222,30304,5,35.06
917709,7013086,31000,6,325.79
917710,7010801,31069,1,901.92
917711,7014636,31172,3,143.31
917712,7002254,30547,9,731.37
917713,7001700,30516,10,
917714,7007502,30131,6,319.18
917715,7006345,31431,-4,915.01
917716,7011095,30885,7,668.2
917717,7009212,30779,11,1119.63
917718,7011597,30457,1,877.61
917719,7005208,31219,11,294.72
917720,7004566,30303,6,1146.22
917721,7003798,30746,4,1105.41
917722,7004987,30695,7,496.87
917723,7014016,30578,12,728.14
917724,7008985,30473,3,1026.65
917725,7014093,31327,5,47.7
917726,7002143,30622,2,300.01
917727,7012255,30153,9,703.85
917728,7012882,30219,9,948.66
917729,7004724,31152,5,147.82
917730,7000552,30562,4,905.89
917731,7000900,30106,12,128.01
917732,7013217,30989,5,644.13
917733,7013623,30810,2,991.01
917734,7005129,30228,6,549.24
917735,7005310,30839,10,1114.19
917736,7012861,30690,5,586.85
917737,7011424,30346,8,391.95
917738,7004345,30187,4,896.22
917739,7008102,31001,4,151.61
917740,7000177,30285,10,606.45
917741,7007287,30267,3,879.8
917742,7006897,31143,10,73.65
917743,7014907,30218,4,543.51
917744,7003878,30338,6,465.62
917745,7010335,30855,10,719.68
917746,7014303,31342,10,375.58
917747,7009670,30070,9,1027.4
917748,7001967,30880,12,376.37
917749,7007736,30080,7,747.86
917750,7014156,31496,5,601.41
917751,7013548,31127,7,980.21
917752,7005491,30609,7,766.13
917753,7006173,31135,11,693.27
917754,7013662,30722,5,418.18
917755,7014978,30722,3,754.03
917756,7005448,30902,4,826.48
917757,7001121,30299,5,786.8
917758,7006925,30560,8,1120.89
917759,7014062,30256,8,498.43
917760,7010272,31079,9,135.33
917761,7000336,31098,9,198.64
917762,7001438,31289,9,1001.72
917763,7007710,30744,1,
917764,7007457,30687,-11,344.48
917765,7002422,30952,4,222.87
917766,7002700,30409,2,
917767,7013614,30410,5,741.07
917768,7004966,31390,7,94.75
917769,7008513,31431,5,182.31
917770,7005798,31047,6,823.81
917771,7000740,31105,7,955.82
917772,7009261,31165,9,601.85
917773,7000447,30338,7,677.87
917774,7014531,30117,5,453.89
917775,7002348,31022,10,451.84
917776,7004844,30699,4,751.28
917777,7004782,31142,7,
917778,7013031,30042,8,91.82
917779,7003905,30752,9,30.03
917780,7000737,30538,2,973.5
917781,7014907,30306,3,849.55
917782,7002232,30214,11,1018.58
917783,7005637,30161,12,214.72
917784,7012940,30564,8,785.23
917785,7009332,31279,4,852.73
917786,7008468,30126,2,1112.46
917787,7004577,30737,10,897.73
917788,7013199,31359,5,429.55
917789,7011247,30772,11,591.19
917790,7008568,31024,5,1037.36
917791,7012082,30522,8,349.22
917792,7001782,30110,12,273.4
917793,7011890,30668,4,
917794,7010795,30810,7,407.54
917795,7000405,31096,8,635.52
917796,7013122,30707,12,796.84
917797,7005560,30460,2,1111.97
917798,7013513,30180,3,488.53
917799,7008519,31222,1,530.73
917800,7013125,30283,4,687.78
917801,7004272,31089,5,1058.32
917802,7005665,30185,1,264.05
917803,7002360,30548,6,364.59
917804,7001727,31014,4,140.82
917805,7005957,30705,8,702.7
917806,7005961,30474,3,222.31
917807,7005615,30526,2,967.86
917808,7012915,31207,2,78.99
917809,7014605,30628,8,402.68
917810,7001473,30267,3,292.51
917811,7003992,30375,3,71.25
917812,7008006,30008,7,520.02
917813,7010197,30143,11,640.99
917814,7006689,30682,10,1027.59
917815,7002398,30022,8,701.23
917816,7010984,31238,8,324.56
917817,7013657,30956,1,492.53
917818,7013549,31013,2,15.45
917819,7012327,30153,3,28.65
917820,7006832,31117,4,451.81
917821,7008420,30376,6,637.04
917822,7002381,30597,3,236.6
917823,7014672,31198,3,604.25
917824,7011021,30144,4,901.89
917825,7004998,30312,11,214.92
917826,7000583,31127,1,
917827,7005838,30808,1,197.76
917828,7004846,30940,4,
917829,7004659,31362,5,844.44
917830,7004380,30074,1,568.39
917831,7013575,31036,4,1131.15
917832,7005469,30200,4,491.26
917833,7008166,31410,12,
917834,7000491,31435,6,397.68
917835,7002581,30849,3,
917836,7010533,31215,6,361.61
917837,7001501,30570,1,1111.3
917838,7014879,30668,10,564.22
917839,7009353,30676,12,
917840,7010472,30614,4,324.07
917841,7008390,30186,8,1157.09
917842,7003907,30644,6,269.52
917843,7011575,30376,4,541.87
917844,7013318,31106,11,1185.95
917845,7008924,30339,6,583.81
917846,7010995,30872,8,712.21
917847,7003633,31264,2,530.23
917848,7001725,30837,10,1190.41
917849,7009579,30865,5,1016.35
917850,7003980,31111,3,76.65
917851,7002376,30814,1,718.41
917852,7013663,30296,9,725.3
917853,7012543,30230,9,170.6
917854,7013940,31487,12,817.49
917855,7010379,31312,8,462.85
917856,7000726,30236,8,1182.94
917857,7011925,30992,9,690.45
917858,7005795,30207,8,872.19
917859,7013626,31492,11,834.03
917860,7003084,31121,6,1075.6
917861,7010223,30098,6,421.31
917862,7001620,30819,4,455.31
917863,7009586,30851,9,778.07
917864,7012406,30968,8,422.3
917865,7008326,30456,9,1026.38
917866,7009010,30309,5,218.81
917867,7012465,30632,7,538.41
917868,7006284,30222,8,786.65
917869,7001858,31452,7,747.45
917870,7002288,30807,2,922.73
917871,7004369,30846,5,268.4
917872,7005302,30640,7,1062.63
917873,7004987,30996,1,1195.07
917874,7003856,30819,-7,358.76
917875,7006474,30711,3,308.33
917876,7014823,30283,9,28.67
917877,7006486,31130,6,569.64
917878,7000742,31177,6,1035.6
917879,7008083,30014,4,785.46
917880,7001055,30415,2,16.36
917881,7003592,30465,8,617.15
917882,7003420,30919,8,308.31
917883,7013436,30688,12,159.53
917884,7007964,30831,6,480.22
917885,7004683,30672,6,
917886,7009506,31031,10,1170.02
917887,7004798,31074,10,961.28
917888,7005499,30615,5,193.35
917889,7010912,31030,12,832.5
917890,7003453,30071,2,755.6
917891,7008148,30214,2,413.54
917892,7004588,30951,6,767.38
917893,7012178,31272,6,669.04
917894,7006718,30275,5,1092.37
917895,7013555,31151,5,
917896,7004786,30495,11,754.89
917897,7013820,30823,1,65.05
917898,7014959,30567,12,828.4
917899,7006317,30360,9,146.82
917900,7014345,31040,6,13.46
917901,7003380,31488,4,860.44
917902,7001433,31274,4,520.89
917903,7004033,30664,4,426.71
917904,7008771,30192,1,253.82
917905,7011295,30828,-12,834.0
917906,7014822,30726,12,411.28
917907,7007200,30353,5,970.61
917908,7008705,31290,4,995.56
917909,7005207,31149,9,1140.41
917910,7011644,30378,1,
917911,7000381,31374,4,133.2
917912,7003688,30627,12,1075.6
917913,7008556,31033,10,897.61
917914,7005969,30488,12,1119.3
917915,7001144,31141,9,305.95
917916,7009211,30371,3,488.55
917917,7004458,31490,8,925.95
917918,7011601,31181,7,357.75
917919,7001709,31465,9,796.21
917920,7005053,30009,8,1043.91
917921,7014098,30239,10,221.8
917922,7003888,30213,12,609.29
917923,7012267,30154,12,61.47
917924,7000222,30123,9,233.93
917925,7012898,30097,-2,1052.69
917926,7001917,30992,9,149.18
917927,7004131,30068,2,1110.18
917928,7013520,31312,1,279.17
917929,7004487,31183,7,707.55
917930,7009460,30169,1,1104.45
917931,7013847,30400,5,859.15
917932,7010982,31316,1,1191.32
917933,7011561,30564,7,818.81
917934,7010093,31431,4,1144.23
917935,7003510,30988,10,
917936,7013678,31046,7,602.04
917937,7013135,30230,3,1155.55
917938,7007891,31109,9,95.38
917939,7008894,30901,2,350.33
917940,7009319,30903,1,601.01
917941,7004149,31144,6,756.95
917942,7000460,30346,5,212.87
917943,7013558,30412,2,
917944,7001576,31323,2,59.7
917945,7007263,30303,5,36.06
917946,7007627,31092,2,
917947,7013557,30876,9,535.39
917948,7011699,30786,3,310.57
917949,7012779,31102,4,957.94
917950,7001736,31087,5,167.23
917951,7002738,30412,3,509.45
917952,7009564,30811,10,821.56
917953,7011324,31324,9,1039.43
917954,7001806,31422,1,
917955,7000768,31346,4,1151.92
917956,7013287,30102,6,1179.71
917957,7001012,31191,9,826.7
917958,7006462,30294,5,644.19
917959,7000883,31363,7,321.55
917960,7003019,31324,5,558.51
917961,7004124,30622,3,15.11
917962,7012722,30636,11,414.29
917963,7003664,30272,8,529.51
917964,7004996,30997,8,774.56
917965,7004509,31353,2,956.83
917966,7014513,31090,5,155.48
917967,7003627,31418,5,54.2
917968,7001331,30307,6,491.85
917969,7001507,30261,5,1082.77
917970,7003131,30058,12,858.1
917971,7004706,30760,12,967.16
917972,7008383,30952,4,499.68
917973,7013230,30172,9,1064.1
917974,7007454,30324,8,372.37
917975,7006959,30176,1,970.65
917976,7004460,31360,4,709.77
917977,7002761,30540,7,1027.55
917978,7012059,31320,5,130.03
917979,7011714,30759,11,774.18
917980,7013868,30465,10,394.85
917981,7009695,30432,3,1092.58
917982,7011784,31154,11,624.72
917983,7001323,30558,11,1017.59
917984,7013305,31479,4,1068.97
917985,7014410,31147,12,650.61
917986,7011009,30242,2,487.91
917987,7005418,30651,9,122.72
917988,7002529,30271,3,1181.96
917989,7014938,31124,9,971.84
917990,7007221,30667,9,848.9
917991,7011299,30424,1,368.81
917992,7006824,30056,2,1074.23
917993,7010655,30597,-9,1060.95
917994,7001567,30822,8,1141.9
917995,7007862,31495,2,1194.2
917996,7009247,30669,5,656.24
917997,7014023,30321,6,1171.93
917998,7014848,31365,4,137.55
917999,7009204,30009,7,533.11
918000,7000029,30467,1,827.61
918001,7001713,30399,6,239.06
918002,7012872,31152,11,803.21
918003,7005505,31201,8,96.32
918004,7010060,30073,6,226.06
918005,7008330,30093,1,1071.27
918006,7004289,30584,2,316.2
918007,7007250,31275,6,1179.96
918008,7013915,31243,11,711.92
918009,7004557,30879,9,850.64
918010,7008676,30095,10,560.81
918011,7004448,31255,12,335.41
918012,7000720,31410,11,47.83
918013,7006360,30237,2,748.96
918014,7012567,30342,12,12.77
918015,7009179,31474,7,68.44
918016,7014124,31422,9,367.27
918017,7010183,30094,12,950.28
918018,7003268,31219,12,1055.0
918019,7012945,30194,11,959.13
918020,7012425,30190,7,1162.96
918021,7012078,31042,3,568.54
918022,7008368,30919,9,1021.03
918023,7012176,30178,3,79.9
918024,7005037,30352,1,768.73
918025,7005817,30971,3,24.17
918026,7007743,30777,10,301.47
918027,7008198,30771,2,670.37
918028,7014865,30458,4,452.91
918029,7005096,31328,5,1146.38
918030,7004235,31233,3,12.6
918031,7000202,31340,1,984.52
918032,7005284,30793,9,237.18
918033,7010848,31044,7,329.11
918034,7000248,30067,8,375.72
918035,7011396,30448,10,695.96
918036,7008395,30787,11,592.1
918037,7009822,31283,2,636.64
918038,7012783,31238,12,764.79
918039,7011909,31428,1,1196.27
918040,7010104,30570,4,585.96
918041,7011528,30992,11,463.08
918042,7013533,31408,9,274.25
918043,7008685,30725,9,
918044,7005513,31011,3,42.03
918045,7010056,30729,12,956.56
918046,7008386,31124,2,1034.65
918047,7006427,31465,2,516.34
918048,7002441,30273,8,752.48
918049,7004633,31284,8,294.71
918050,7005905,30123,8,255.37
918051,7011729,30506,12,312.86
918052,7011753,31355,4,455.14
918053,7009219,30014,9,634.33
918054,7014549,30689,2,523.04
918055,7004103,30217,4,266.03
918056,7005871,31015,5,491.42
918057,7004043,30851,12,222.98
918058,7002745,30136,5,1039.24
918059,7001468,30609,6,281.42
918060,7014015,30582,7,
918061,7012546,30544,1,204.98
918062,7003892,30330,10,361.91
918063,7014853,30496,3,1174.28
918064,7012810,30139,5,207.48
918065,7011278,30066,1,250.79
918066,7008409,31246,7,421.5
918067,7006688,30023,9,432.5
918068,7000011,31158,5,879.97
918069,7002767,30488,10,341.3
918070,7006864,31471,12,824.55
918071,7014345,31138,5,139.49
918072,7011119,30651,4,28.52
918073,7005572,30187,9,1134.98
918074,7010209,30873,5,39.21
918075,7009360,30233,12,260.79
918076,7002684,31467,2,443.77
918077,7007938,30552,2,1140.55
918078,7012858,31229,11,767.01
918079,7005507,31405,3,331.57
918080,7008371,30094,4,1169.63
918081,7000086,31000,5,745.17
918082,7012801,31197,6,164.7
918083,7002169,30206,9,253.12
918084,7006073,30661,7,877.12
918085,7009290,31495,7,105.01
918086,7007434,30360,11,481.68
918087,7009247,31301,4,1003.06
918088,7014210,30709,8,229.9
918089,7003709,30682,7,653.91
918090,7008399,30575,6,523.31
918091,7000327,30961,8,823.72
918092,7001449,30380,8,438.54
918093,7011442,30992,7,357.35
918094,7009686,30511,12,1036.33
918095,7013308,30744,12,789.31
918096,7007946,30475,3,
918097,7010218,30215,-4,729.0
918098,7003315,30366,2,933.52
918099,7013220,31487,10,1089.48
918100,7002758,31304,3,84.74
918101,7006460,30650,8,645.38
918102,7003272,30446,4,574.21
918103,7014020,30092,7,1030.69
918104,7012776,30244,2,1141.16
918105,7007903,30816,9,1012.09
918106,7003420,31157,2,115.06
918107,7012645,30378,8,989.31
918108,7010661,30980,3,21.94
918109,7010663,31384,6,533.55
918110,7003050,30972,2,552.54
918111,7007311,31147,8,20.02
918112,7014004,30765,6,348.57
918113,7009745,30318,7,866.64
918114,7012528,31399,11,534.15
918115,7011520,31286,5,561.84
918116,7009827,31389,12,258.62
918117,7013183,31404,5,146.63
918118,7002453,30979,2,535.11
918119,7000461,31059,8,1153.04
918120,7013966,31498,4,1039.32
918121,7001434,30509,2,255.07
918122,7010244,30641,10,799.02
918123,7005104,30725,6,1139.67
918124,7005695,30769,3,1124.7
918125,7008473,30373,8,912.6
918126,7004853,30843,6,345.08
918127,7007140,30959,12,821.55
918128,7014649,30321,1,94.47
918129,7000148,31304,-7,749.59
918130,7011594,30609,4,309.32
918131,7008911,30152,5,74.29
918132,7001449,30045,10,501.97
918133,7003432,31457,4,549.97
918134,7004820,31415,6,121.75
918135,7005892,30597,8,462.86
918136,7002766,30733,10,152.03
918137,7009385,30839,9,480.86
918138,7009301,30170,5,205.52
918139,7013601,31343,11,1030.67
918140,7013393,30766,2,
918141,7010047,30170,1,525.8
918142,7002423,30008,12,340.34
918143,7012911,30939,8,314.27
918144,7010003,30072,6,320.04
918145,7008926,30535,4,628.84
918146,7007721,31174,3,947.24
918147,7006941,31411,4,971.84
918148,7013711,30712,3,485.33
918149,7006658,30323,3,986.0
918150,7006280,30392,3,215.56
918151,7005476,30255,12,357.43
918152,7013051,30114,2,492.34
918153,7002411,31277,7,684.2
918154,7012850,30059,6,833.03
918155,7003585,31371,1,809.88
918156,7010752,30516,11,935.32
918157,7004674,30629,8,1030.72
918158,7010032,30393,4,193.78
918159,7007038,30735,7,462.68
918160,7011801,30361,12,545.78
918161,7007294,30987,10,625.06
918162,7003085,31098,11,914.18
918163,7014227,30337,7,491.45
918164,7013421,31384,2,988.01
918165,7010456,30400,11,1011.33
918166,7001412,31074,8,524.2
918167,7014338,30812,11,725.41
918168,7012953,30174,5,157.92
918169,7004342,31486,10,957.21
918170,7014021,30606,1,1164.81
918171,7001564,30145,2,533.03
918172,7013430,31476,9,821.81
918173,7001016,30781,6,459.1
918174,7006366,30910,10,304.35
918175,7012185,31121,3,
918176,7003482,31389,9,588.07
918177,7001796,30434,3,518.41
918178,7000127,30776,5,286.51
918179,7004317,31060,9,181.48
918180,7007606,31406,9,593.68
918181,7014466,30069,5,435.41
918182,7003049,30674,8,1074.9
918183,7012733,31270,4,52.81
918184,7014499,30083,11,1041.25
918185,7003802,30466,4,572.78
918186,7005007,30028,7,263.13
918187,7005933,30102,12,368.62
918188,7005188,30977,5,766.6
918189,7005272,30628,2,943.97
918190,7000517,30806,4,793.42
918191,7010591,30004,3,
918192,7008020,31275,12,174.77
918193,7014675,30356,4,216.54
918194,7010613,30483,7,961.06
918195,7009404,30023,12,588.03
918196,7011045,31363,11,72.63
918197,7006968,30772,4,299.89
918198,7002566,30670,4,105.92
918199,7002012,30594,8,1044.66
918200,7007836,30285,7,787.53
918201,7013895,30011,2,249.23
918202,7014977,30304,9,342.38
918203,7009611,30212,9,220.52
918204,7003007,30851,10,18.54
918205,7009136,30130,11,765.25
918206,7003559,30401,5,482.67
918207,7000052,31089,4,687.25
918208,7003882,30866,11,1044.03
918209,7005191,31201,4,426.52
918210,7004001,31459,11,1176.61
918211,7006095,30817,7,623.93
918212,7003627,30205,6,1000.02
918213,7006734,31056,8,229.19
918214,7002909,30843,2,352.86
918215,7007400,30748,2,
918216,7001083,30449,7,938.79
918217,7004408,31404,7,790.03
918218,7013412,30554,1,815.64
918219,7009443,31426,11,471.53
918220,7009044,30532,9,195.48
918221,7009384,31140,12,
918222,7005299,31489,-9,506.9
918223,7000033,30654,10,565.42
918224,7001865,30083,4,1114.2
918225,7000869,30116,5,567.39
918226,7001006,30373,8,623.22
918227,7000169,30285,3,1112.48
918228,7007358,31411,3,937.05
918229,7008444,30056,1,1001.26
918230,7013751,30863,3,987.16
918231,7009911,30322,4,349.19
918232,7001322,31451,9,1185.8
918233,7012204,30649,1,423.48
918234,7003120,31272,7,587.51
918235,7006169,31477,10,809.73
918236,7004599,30141,11,773.88
918237,7001990,31196,11,89.8
918238,7008851,30196,-11,164.65
918239,7000232,30858,5,643.94
918240,7000191,30238,3,559.36
918241,7011195,30778,12,717.14
918242,7002749,30051,7,538.94
918243,7011732,31321,4,537.03
918244,7010920,30493,6,393.43
918245,7009076,31127,11,656.13
918246,7014859,30821,5,969.91
918247,7011211,30021,7,551.56
918248,7002876,30241,10,269.09
918249,7005156,30060,3,239.69
918250,7003071,30193,5,827.54
918251,7002196,31094,4,348.57
918252,7005978,30735,-2,561.28
918253,7005331,31247,12,476.75
918254,7012585,30436,3,317.47
918255,7006544,30756,7,1061.69
918256,7013251,30904,10,668.3
918257,7006609,30174,3,710.17
918258,7004921,30970,3,
918259,7000639,30353,1,207.44
918260,7000522,30927,5,785.39
918261,7000744,31325,7,726.43
918262,7012043,30663,8,407.32
918263,7012695,30457,8,974.82
918264,7006044,30287,11,515.78
918265,7009638,30649,3,103.68
918266,7013479,31268,1,297.83
918267,7005566,31124,5,85.98
918268,7013131,31372,11,563.53
918269,7012483,31285,7,19.38
918270,7006773,30212,1,1058.41
918271,7003345,31085,3,744.91
918272,7003254,30150,2,674.41
918273,7007883,31412,12,101.79
918274,7003716,30195,9,1152.29
918275,7010806,30899,3,1151.16
918276,7006464,30945,4,381.68
918277,7000087,31240,3,1025.81
918278,7004229,30589,4,44.75
918279,7002377,30636,7,974.84
918280,7009607,30102,3,1194.85
918281,7004973,30149,6,1158.83
918282,7004237,30784,10,991.84
918283,7000147,31269,3,168.17
918284,7009069,30319,9,657.7
918285,7005849,30691,3,525.31
918286,7005384,30342,2,1085.41
918287,7008235,30513,9,963.43
918288,7013595,30414,9,854.08
918289,7005927,30070,8,271.52
918290,7007510,30306,11,
918291,7012686,30256,6,681.3
918292,7001575,31194,8,244.4
918293,7013079,30040,4,1003.52
918294,7007697,30570,9,237.12
918295,7008600,31315,12,841.44
918296,7014583,30724,6,532.86
918297,7009054,30104,11,264.06
918298,7009805,30805,3,628.76
918299,7001959,31333,3,659.28
918300,7004513,30027,1,778.53
918301,7014400,30774,2,1126.08
918302,7006223,30028,4,116.82
918303,7000455,30106,12,559.51
918304,7011743,30886,6,1091.98
918305,7008395,30738,8,343.16
918306,7005893,30395,2,606.15
918307,7008920,31332,-10,
918308,7009413,30202,1,702.98
918309,7003289,30832,8,45.22
918310,7006428,30366,4,658.78
918311,7006442,31113,-8,963.74
918312,7003298,30891,7,1115.5
918313,7005414,31376,10,252.75
918314,7013297,30962,2,1011.22
918315,7007918,31473,-2,987.11
918316,7008573,30314,6,158.03
918317,7004025,30401,3,440.36
918318,7009273,31111,6,1036.3
918319,7006814,31217,8,688.84
918320,7011044,30119,-2,859.74
918321,7008281,30281,6,854.3
918322,7004895,30407,8,617.47
918323,7012101,30358,12,897.42
918324,7012629,30468,11,126.8
918325,7000981,30264,2,689.03
918326,7010817,30873,4,862.03
918327,7003019,30579,5,963.19
918328,7011085,30469,8,937.74
918329,7003346,30362,7,1034.42
918330,7004505,30733,11,88.19
918331,7011245,30282,1,1100.44
918332,7008937,31477,2,798.91
918333,7005111,30691,11,278.34
918334,7006238,30732,1,973.08
918335,7000688,30608,8,493.17
918336,7003120,30222,1,1088.54
918337,7009302,30628,10,
918338,7010162,30621,10,1134.76
918339,7007023,30541,7,1196.69
918340,7013743,31154,2,1008.99
918341,7001093,30376,5,735.99
918342,7001380,31074,5,579.41
918343,7003042,31371,2,
918344,7011383,31292,8,1134.62
918345,7002404,30153,7,260.89
918346,7007326,30844,2,246.19
918347,7005077,31404,12,448.23
918348,7011144,30942,2,734.27
918349,7002022,31497,6,444.31
918350,7002734,30244,1,104.49
918351,7010059,31441,11,991.94
918352,7004882,31348,2,663.09
918353,7004164,31057,2,694.65
918354,7006083,30508,1,118.33
918355,7006040,31021,2,54.38
918356,7007187,31293,2,212.8
918357,7001919,30614,6,1016.3
918358,7002489,31087,10,1078.9
918359,7014262,30252,7,961.62
918360,7003104,30681,8,989.28
918361,7010012,31206,3,886.16
918362,7006977,30322,11,937.69
918363,7009899,30413,8,1062.46
918364,7006726,30479,8,342.38
918365,7011896,30133,3,647.47
918366,7003563,30074,5,636.63
918367,7000661,30330,2,881.48
918368,7001181,31462,2,546.99
918369,7014436,30390,10,228.41
918370,7010048,30292,4,615.41
918371,7010656,30527,11,803.94
918372,7013379,30451,2,377.6
918373,7014860,30350,1,794.88
918374,7014775,31439,3,773.28
918375,7005883,31112,10,
918376,7013635,30105,2,644.55
918377,7004887,30631,3,1010.39
918378,7010189,30190,2,35.36
918379,7011904,30260,9,780.77
918380,7008321,31350,10,
918381,7013962,30025,10,
918382,7004720,31049,2,
918383,7007810,31236,12,680.85
918384,7007340,30415,10,432.86
918385,7003234,30878,7,122.72
918386,7008536,31309,11,498.19
918387,7013041,31084,9,644.15
918388,7006727,30525,10,752.42
918389,7011640,30323,7,1097.02
918390,7006041,30845,11,1112.53
918391,7013084,30081,3,21.29
918392,7013655,30365,5,187.02
918393,7011212,30404,2,314.29
918394,7006702,31227,6,1131.04
918395,7007143,30784,5,322.46
918396,7012728,31195,11,297.37
918397,7010042,30484,1,964.04
918398,7010072,30357,8,224.43
918399,7000790,31363,11,797.35
918400,7006587,31018,6,330.86
918401,7006997,30808,7,991.75
918402,7006086,30130,-12,
918403,7014652,30122,1,411.05
918404,7014368,30210,4,503.05
918405,7006311,30948,6,148.11
918406,7010765,30523,10,440.24
918407,7007715,31356,1,
918408,7006551,31073,9,224.89
918409,7002507,30648,3,862.2
918410,7007970,30216,11,1197.88
918411,7010075,31331,3,832.97
918412,7002327,31416,9,41.09
918413,7002793,30544,10,36.27
918414,7014979,30370,-3,651.65
918415,7010773,31352,6,715.63
918416,7007592,30320,10,1012.05
918417,7005455,30358,4,717.07
918418,7012305,30079,9,415.5
918419,7007433,30526,9,908.74
918420,7014970,30541,4,274.08
918421,7002541,30108,12,332.62
918422,7010457,31387,2,308.19
918423,7002992,30480,1,
918424,7012899,30577,-5,
918425,7003676,30585,11,975.29
918426,7000839,30893,9,947.96
918427,7004776,31491,1,663.65
918428,7011661,31120,2,15.58
918429,7004117,30735,4,88.92
918430,7003901,30626,1,509.55
918431,7007744,30697,9,778.49
918432,7005476,30950,2,1020.77
918433,7010444,30517,2,111.44
918434,7010915,30741,7,777.87
918435,7010520,31458,1,284.75
918436,7002135,31101,8,946.17
918437,7014466,30269,12,656.04
918438,7008097,30141,8,970.46
918439,7009571,30900,9,51.02
918440,7003326,31260,4,417.28
918441,7001634,30342,8,219.59
918442,7012222,31442,10,465.41
918443,7001223,31053,5,
918444,7003106,31386,8,
918445,7001695,31430,4,20.44
918446,7011812,30443,9,296.1
918447,7000792,30603,11,481.91
918448,7005571,31355,8,877.46
918449,7009056,31204,6,884.85
918450,7011878,30850,1,496.29
918451,7011223,31356,2,375.23
918452,7006305,31441,10,1132.28
918453,7009782,30962,5,962.1
918454,7006921,30165,9,1108.04
918455,7004401,31058,4,92.55
918456,7010216,31104,10,612.02
918457,7010846,30198,7,585.18
918458,7014842,31494,-3,961.38
918459,7005529,30505,11,225.0
918460,7014227,30878,10,1002.38
918461,7004663,31203,1,362.16
918462,7012424,30384,4,
918463,7009037,30174,10,639.47
918464,7000754,31002,10,68.67
918465,7001037,30999,1,1184.93
918466,7005882,30207,2,1192.55
918467,7009028,30910,9,1152.41
918468,7003965,31293,-9,843.34
918469,7005261,30271,9,
918470,7007503,30821,6,502.33
918471,7007137,31332,10,960.88
918472,7007061,31331,4,293.98
918473,7002529,30711,3,40.59
918474,7011704,30224,7,727.04
918475,7008557,30275,11,976.66
918476,7010915,30399,12,600.81
918477,7012592,30039,6,503.27
918478,7012197,31423,9,684.7
918479,7006340,31210,1,627.89
918480,7007455,31218,2,335.82
918481,7001176,31230,2,591.04
918482,7006664,30366,6,475.61
918483,7001113,30339,7,551.73
918484,7014680,30635,6,305.42
918485,7012557,31050,3,464.89
918486,7011426,30210,10,218.24
918487,7012470,30162,12,870.61
918488,7009039,30450,8,1183.59
918489,7000375,31317,6,1106.4
918490,7007911,30366,10,509.75
918491,7009380,30018,8,24.08
918492,7006630,30595,1,
918493,7011096,30729,9,1033.81
918494,7011114,30759,9,265.62
918495,7014438,30564,3,661.69
918496,7001773,30256,6,1051.14
918497,7014823,30461,2,497.19
918498,7003935,31390,9,864.63
918499,7007096,30917,1,1042.9
918500,7010791,31381,6,731.08
918501,7012599,30561,-7,796.53
918502,7007992,30282,10,529.83
918503,7014800,31269,6,720.41
918504,7008455,30591,12,214.27
918505,7014196,30858,8,494.23
918506,7006815,31158,1,393.37
918507,7013537,31333,11,357.59
918508,7005418,30091,-9,504.77
918509,7011311,30287,11,225.37
918510,7001337,31251,7,15.28
918511,7004665,30481,11,1101.06
918512,7005629,30791,-3,1064.15
918513,7007252,30602,9,1083.18
918514,7009683,30450,2,255.68
918515,7000459,31334,6,138.11
918516,7014282,30176,5,171.0
918517,7007529,31086,5,787.7
918518,7008103,30259,8,457.13
918519,7011792,30765,11,823.69
918520,7007740,30112,3,
918521,7009643,30832,8,719.42
918522,7005340,30058,8,211.96
918523,7010787,31371,12,40.54
918524,7005468,31235,4,15.32
918525,7001626,30984,5,755.18
918526,7002961,31483,7,1145.56
918527,7001692,30725,8,900.55
918528,7006969,30846,11,932.22
918529,7009444,31166,5,568.11
918530,7001965,30888,3,408.53
918531,7006717,31279,4,377.74
918532,7003436,31487,7,371.66
918533,7000688,30093,5,1147.47
918534,7012727,30157,5,649.66
918535,7013834,30158,5,355.94
918536,7003974,30352,5,730.02
918537,7009155,30494,9,296.98
918538,7004853,30509,4,1077.83
918539,7002437,30830,9,752.0
918540,7007750,30057,5,452.15
918541,7012012,30988,8,538.24
918542,7013399,30648,9,713.88
918543,7005862,30731,10,1155.35
918544,7003873,30894,4,1046.15
918545,7008851,31122,10,489.67
918546,7011796,30484,7,259.14
918547,7013686,30147,2,105.23
918548,7010946,30547,9,1122.06
918549,7009786,30614,9,103.08
918550,7001321,31436,10,1035.22
918551,7005967,30792,5,1067.12
918552,7007177,30338,8,888.49
918553,7003910,30321,2,106.68
918554,7014580,30438,8,1068.02
918555,7004837,30583,5,326.24
918556,7014627,30002,1,140.63
918557,7008701,30956,12,1180.63
918558,7009915,31162,9,323.93
918559,7012011,30025,9,79.62
918560,7003028,30766,12,1095.54
918561,7010798,30122,7,
918562,7002359,30944,1,718.79
918563,7011304,30578,8,845.28
918564,7007836,30802,8,875.53
918565,7007457,30304,1,579.91
918566,7014489,30292,3,
918567,7008285,30777,6,946.82
918568,7007406,31165,6,1135.31
918569,7002081,30647,6,379.63
918570,7012117,30682,4,599.21
918571,7008283,31451,7,944.07
918572,7007863,31169,10,142.8
918573,7010087,30846,8,489.66
918574,7000993,30132,5,799.68
918575,7009878,31135,6,387.58
918576,7000906,30654,11,697.49
918577,7010993,30521,10,1143.56
918578,7011657,30592,9,701.5
918579,7000238,30176,1,352.57
918580,7004182,31089,8,174.73
918581,7012403,30246,12,248.54
918582,7005381,30697,11,183.24
918583,7001636,30988,3,934.97
918584,7003727,30464,5,1046.14
918585,7000385,30874,1,659.27
918586,7012362,30348,2,883.16
918587,7013037,31468,7,371.76
918588,7007267,31046,3,455.76
918589,7007185,30664,6,442.99
918590,7008551,30255,4,1182.5
918591,7011728,30729,5,90.24
918592,7009152,30833,1,368.99
918593,7007731,30428,3,990.05
918594,7000720,31480,7,64.17
918595,7010961,30728,1,549.89
918596,7013131,31119,3,650.88
918597,7000973,30949,7,789.64
918598,7010852,30544,9,826.09
918599,7003504,31500,3,569.01
918600,7005986,31347,3,779.48
918601,7009625,30129,8,
918602,7004126,31168,7,553.65
918603,7005520,30464,11,1183.2
918604,7008642,30623,10,1046.84
918605,7005519,30556,6,1050.62
918606,7014307,30740,4,1011.74
918607,7007563,31080,1,380.43
918608,7008974,30254,1,972.46
918609,7005110,31278,2,141.25
918610,7010992,30300,11,317.81
918611,7010942,31368,11,
918612,7007778,31003,10,211.12
918613,7003718,30033,6,40.13
918614,7002170,30129,8,49.0
918615,7000549,30331,4,71.26
918616,7002659,30226,6,605.76
918617,7011693,30433,9,758.69
918618,7004877,30802,6,880.88
918619,7000976,30656,11,
918620,7007080,31116,9,1194.98
918621,7012580,31189,6,610.41
918622,7008115,30561,3,543.61
918623,7000166,30581,4,120.83
918624,7003444,31054,12,99.33
918625,7011023,30838,2,273.63
918626,7011650,31295,11,517.72
918627,7002472,30275,9,325.04
918628,7001162,30364,8,754.17
918629,7011401,30352,10,873.26
918630,7012247,30274,7,1058.17
918631,7007206,30875,5,
918632,7013419,30285,2,1105.07
918633,7000924,31330,11,1068.22
918634,7011891,30332,7,700.67
918635,7008110,30630,8,1062.37
918636,7003590,31500,2,506.25
918637,7002240,30618,8,558.29
918638,7008434,30850,12,512.06
918639,7004253,31109,3,22.16
918640,7005887,31108,6,1030.15
918641,7000798,31083,3,980.52
918642,7003077,30873,10,648.79
918643,7014838,30156,2,1199.89
918644,7000643,30046,7,726.25
918645,7001944,30362,1,463.94
918646,7006479,30714,10,883.78
918647,7011966,31039,11,150.85
918648,7005239,31408,10,1135.16
918649,7014260,30823,9,537.32
918650,7008522,30817,12,992.07
918651,7005663,30277,3,
918652,7006725,30082,3,1011.08
918653,7003308,31469,3,674.21
918654,7004936,31162,5,1152.56
918655,7002364,30872,5,848.65
918656,7007027,30338,11,1191.81
918657,7008730,31294,1,617.35
918658,7001743,30692,3,421.49
918659,7003813,30451,8,37.96
918660,7005745,31020,7,959.51
918661,7006470,30785,7,762.09
918662,7001406,31194,11,828.12
918663,7004735,30353,8,854.67
918664,7003555,30794,3,175.49
918665,7014835,30709,6,336.77
918666,7002316,30733,2,1058.81
918667,7009246,30298,7,113.4
918668,7002032,31037,1,1048.19
918669,7008066,30786,5,1189.49
918670,7003763,30764,10,178.06
918671,7003241,31410,4,278.0
918672,7005772,30496,7,1085.75
918673,7011219,30035,5,816.46
918674,7014951,31455,3,965.74
918675,7008506,30587,9,402.06
918676,7007640,30802,9,828.53
918677,7001562,30936,5,600.79
918678,7009921,30694,7,587.7
918679,7011950,31372,1,840.5
918680,7011508,30232,9,601.64
918681,7008367,31281,9,1165.0
918682,7002535,31487,3,42.07
918683,7009875,31039,2,516.17
918684,7001945,31076,6,1189.02
918685,7004125,30636,12,212.04
918686,7008672,30814,1,211.34
918687,7010458,30678,11,1043.7
918688,7004879,31485,7,1188.41
918689,7014712,30061,7,225.05
918690,7014355,30452,10,825.71
918691,7001387,31307,5,266.57
918692,7012961,30068,6,1000.86
918693,7012326,30562,7,944.33
918694,7007026,30659,10,258.86
918695,7014626,30399,9,636.73
918696,7003256,30996,9,1129.43
918697,7011015,31029,4,
918698,7007531,30471,5,965.0
918699,7006440,30513,12,747.54
918700,7014598,31241,3,59.64
918701,7011521,30567,8,201.97
918702,7009028,30545,6,197.42
918703,7014769,31328,6,348.76
918704,7010391,30762,2,1155.03
918705,7004005,30380,1,389.83
918706,7008957,31123,12,
918707,7006637,30282,3,1005.72
918708,7008796,30126,3,425.93
918709,7014695,31184,5,162.01
918710,7004727,30660,5,402.97
918711,7010107,30661,9,1014.74
918712,7011269,31464,4,
918713,7009842,30082,11,386.18
918714,7007201,30417,12,806.07
918715,7011089,30621,10,1142.84
918716,7007293,30153,8,397.92
918717,7003471,31186,7,425.1
918718,7004247,31233,2,887.56
918719,7013612,30276,9,405.11
918720,7014178,30140,12,669.22
918721,7013256,30731,4,1107.72
918722,7004339,30782,11,257.0
918723,7013510,30708,12,1113.74
918724,7000820,30491,10,1190.01
918725,7006791,31071,9,891.02
918726,7011403,30262,2,885.39
918727,7004981,31121,7,971.15
918728,7008598,31359,1,213.63
918729,7011664,31113,4,486.66
918730,7004023,30784,11,107.78
918731,7010269,30283,3,512.34
918732,7002680,30545,7,774.87
918733,7000290,30769,8,301.36
918734,7010282,30254,6,847.35
918735,7001313,31489,10,458.65
918736,7001623,31429,2,1170.43
918737,7014923,31387,2,941.4
918738,7005533,30913,-4,355.19
918739,7012396,30114,9,1002.46
918740,7003474,30405,8,50.55
918741,7007851,30307,5,935.53
918742,7004952,30150,3,649.95
918743,7011740,31241,3,120.19
918744,7006868,30703,3,486.35
918745,7001791,30850,10,570.66
918746,7005856,30391,8,808.84
918747,7008979,30374,12,1112.45
918748,7012728,30045,10,756.74
918749,7008115,31462,4,27.1
918750,7010664,31050,3,755.74
918751,7003794,31214,12,502.41
918752,7008551,30632,-2,532.44
918753,7010741,30827,12,883.98
918754,7008170,30289,2,453.49
918755,7014702,30651,7,724.31
918756,7007243,31443,2,688.54
918757,7002899,30066,12,538.05
918758,7012326,30278,9,184.14
918759,7004101,30500,5,553.18
918760,7007609,30946,5,645.8
918761,7000929,30526,4,260.71
918762,7010674,31243,12,663.6
918763,7008918,30901,11,940.93
918764,7006883,31408,7,352.34
918765,7013870,31123,6,916.8
918766,7004507,30025,11,643.08
918767,7013867,30092,4,265.88
918768,7010994,30137,3,1022.1
918769,7014741,31079,10,597.46
918770,7010068,30517,8,1076.58
918771,7006187,31431,1,721.15
918772,7010109,30477,5,32.5
918773,7006448,30733,12,514.01
918774,7001529,30534,7,80.1
918775,7001705,30051,11,927.24
918776,7009300,30984,7,824.39
918777,7000717,30253,2,401.6
918778,7011309,30758,1,1066.01
918779,7009381,31115,-3,81.73
918780,7000091,30629,5,1017.07
918781,7005954,31009,12,268.51
918782,7002578,31189,6,1094.37
918783,7008819,31067,2,922.03
918784,7013738,30854,4,1067.29
918785,7003795,31314,7,822.32
918786,7011604,30449,7,264.83
918787,7004008,30913,10,751.46
918788,7012289,30762,1,796.85
918789,7005572,30121,3,467.91
918790,7005006,30148,11,373.29
918791,7003879,30676,3,
918792,7003724,30239,3,828.25
918793,7009030,30499,10,107.22
918794,7012049,30956,4,
918795,7012167,31253,2,1024.46
918796,7013528,31449,7,696.19
918797,7007834,30641,4,369.09
918798,7011594,31024,6,154.01
918799,7013212,30299,4,1137.2
918800,7009046,30609,7,734.66
918801,7008595,30299,3,228.12
918802,7009216,31481,12,311.83
918803,7011934,30412,3,237.43
918804,7013104,30754,10,991.95
918805,7001351,30746,11,692.47
918806,7012741,30243,6,279.18
918807,7012100,31062,2,1197.25
918808,7007216,30321,2,1054.27
918809,7009440,30137,10,87.55
918810,7010149,31474,11,831.31
918811,7003455,31067,2,927.41
918812,7007824,30290,12,336.32
918813,7004690,30201,8,858.23
918814,7006636,30672,11,354.28
918815,7012398,31248,6,983.18
918816,7008159,30497,7,426.38
918817,7014620,30456,12,752.16
918818,7007332,31148,4,207.79
918819,7014262,30789,3,250.55
918820,7011728,30141,5,701.99
918821,7003550,30631,12,772.58
918822,7004999,30971,9,362.9
918823,7012875,30321,7,95.48
918824,7010736,30384,8,375.43
918825,7011145,31148,1,
918826,7001610,30682,10,256.15
918827,7000109,30269,7,886.93
918828,7007760,30950,1,507.28
918829,7001880,30801,3,302.31
918830,7006057,30548,12,
918831,7011018,30410,8,405.15
918832,7000597,30042,7,697.17
918833,7014911,30616,10,1160.68
918834,7014405,30054,1,611.6
918835,7000794,31116,8,202.34
918836,7001141,30359,4,646.04
918837,7007663,31333,7,672.24
918838,7006163,31428,5,87.12
918839,7013560,30216,7,423.47
918840,7007426,30355,8,135.67
918841,7001649,30116,-9,371.26
918842,7005298,30409,7,362.73
918843,7013029,31499,11,610.09
918844,7008259,30283,3,914.29
918845,7008345,30840,10,177.19
918846,7003792,30988,6,740.26
918847,7000128,30056,8,465.57
918848,7008565,31326,7,618.7
918849,7005648,30993,9,1163.99
918850,7004292,31155,7,1141.08
918851,7003034,31035,10,793.38
918852,7011209,30071,9,818.78
918853,7005808,31102,1,436.49
918854,7011426,30842,3,246.72
918855,7000728,30499,11,988.73
918856,7009079,31020,9,831.48
918857,7010947,31021,5,742.17
918858,7012149,31481,9,255.07
918859,7002775,30937,1,1045.63
918860,7013814,30540,8,47.06
918861,7006128,30680,9,
918862,7008701,30748,10,712.31
918863,7007416,30597,12,29.91
918864,7010508,31073,2,411.1
918865,7004099,30985,6,734.88
918866,7004116,30283,10,579.62
918867,7007062,30358,2,304.58
918868,7013211,30405,7,79.17
918869,7009003,31097,3,532.28
918870,7012756,30588,1,527.36
918871,7003546,30332,8,1196.07
918872,7007400,30492,11,285.89
918873,7006318,30892,12,476.96
918874,7004405,30903,11,990.66
918875,7014198,30263,8,796.58
918876,7006889,30300,5,1155.25
918877,7000732,31415,4,555.98
918878,7014414,30110,4,1051.9
918879,7008127,30997,8,107.69
918880,7011988,30925,6,939.52
918881,7014167,30491,6,682.55
918882,7005843,30839,2,139.72
918883,7010744,30623,2,208.76
918884,7009787,31429,11,1133.32
918885,7002224,30638,10,943.33
918886,7000854,31488,9,477.21
918887,7010470,31168,2,616.18
918888,7003144,30828,6,29.72
918889,7013801,30609,4,867.94
918890,7004261,31155,9,1182.94
918891,7009224,30391,2,409.84
918892,7006106,31247,6,579.53
918893,7012121,30597,2,
918894,7012566,30696,12,372.11
918895,7010062,30498,11,954.63
918896,7001813,31431,1,404.49
918897,7006027,30044,9,166.57
918898,7013758,30017,1,430.67
918899,7002883,30105,3,526.77
918900,7012929,30074,3,719.23
918901,7009747,30398,4,455.76
918902,7013873,30731,5,1048.88
918903,7009557,30306,3,
918904,7004437,30584,8,620.67
918905,7003555,31024,11,1008.51
918906,7006129,30292,4,1141.51
918907,7009942,30677,2,344.16
918908,7001478,30276,5,580.2
918909,7000552,31453,8,409.09
918910,7002841,30133,5,296.67
918911,7014941,30598,6,19.93
918912,7014064,31399,-1,420.99
918913,7012206,30864,1,599.76
918914,7006151,30553,6,494.3
918915,7012491,30769,12,1129.72
918916,7000190,30424,6,687.91
918917,7004520,31486,6,735.33
918918,7001421,30717,5,67.88
918919,7011792,31209,9,803.98
918920,7006776,30848,1,642.52
918921,7011940,31078,8,852.88
918922,7011884,30741,9,
918923,7006707,30015,1,888.15
918924,7004500,30569,10,1064.02
918925,7005789,30229,4,435.37
918926,7010996,30818,9,980.09
918927,7003818,31120,5,1102.08
918928,7013281,30825,1,150.77
918929,7002652,30722,3,
918930,7014991,31014,4,56.45
918931,7007603,31271,9,33.9
918932,7000710,30687,9,453.68
918933,7006401,30593,4,318.02
918934,7004034,31039,7,11.84
918935,7000753,31446,4,989.32
918936,7013128,31012,9,344.42
918937,7004883,31441,10,1078.72
918938,7011366,30990,7,969.81
918939,7012565,30568,5,734.08
918940,7012453,30911,10,284.89
918941,7007721,30499,5,1057.23
918942,7005565,30462,5,181.53
918943,7005488,31346,1,818.4
918944,7010784,31467,10,
918945,7006730,30500,12,111.51
918946,7014648,31226,6,297.5
918947,7011730,31328,11,961.93
918948,7013637,31394,8,
918949,7007167,30040,7,
918950,7007399,31189,8,677.12
918951,7001624,30978,6,340.12
918952,7006721,30664,7,224.2
918953,7008922,31451,1,1118.72
918954,7009871,30574,9,914.68
918955,7014488,30709,2,272.88
918956,7007107,30773,6,711.73
918957,7004034,30443,4,163.65
918958,7004476,30456,6,787.73
918959,7002754,30636,7,772.45
918960,7006033,31064,12,939.61
918961,7002148,31472,7,1044.28
918962,7012405,30182,11,128.59
918963,7008828,30542,-7,882.59
918964,7012476,30718,10,587.34
918965,7006594,30895,9,143.76
918966,7002611,31453,-8,524.89
918967,7002186,30097,9,592.88
918968,7004730,31382,11,761.0
918969,7004344,30704,1,346.85
918970,7003101,31292,2,
918971,7009360,31398,5,805.43
918972,7011950,30921,1,617.45
918973,7013121,30683,8,1110.3
918974,7005590,31360,1,1194.65
918975,7014809,30449,-6,278.7
918976,7012671,31196,5,1153.48
918977,7004636,30658,6,164.31
918978,7000605,30634,2,1035.27
918979,7014416,31028,6,1010.72
918980,7004101,30424,8,478.03
918981,7011911,30133,9,1094.82
918982,7006219,31119,3,384.61
918983,7014073,31114,4,565.91
918984,7004452,30356,7,56.39
918985,7003945,30854,3,944.42
918986,7000712,30185,8,981.39
918987,7003671,30380,7,262.27
918988,7007660,30060,3,1064.22
918989,7002540,30009,3,238.23
918990,7002200,31315,1,584.41
918991,7004965,30483,9,1014.12
918992,7005386,30549,11,596.37
918993,7007310,30634,10,281.23
918994,7001618,30461,9,1099.24
918995,7007269,31173,1,84.87
918996,7014851,30888,1,1067.94
918997,7012554,30314,7,1103.72
918998,7004229,31426,9,1056.14
918999,7003513,30621,1,239.63
919000,7006285,31083,11,941.85
919001,7002084,30250,2,644.75
919002,7001158,30996,12,1172.52
919003,7009707,30714,7,119.12
919004,7014875,30062,8,240.91
919005,7011031,30618,7,898.79
919006,7007753,30278,1,841.05
919007,7001104,30503,9,
919008,7010414,31450,5,1031.85
919009,7009883,30540,4,940.63
919010,7010500,30650,7,691.91
919011,7000802,31194,3,614.42
919012,7002223,30373,8,70.41
919013,7006603,31181,3,79.97
919014,7012049,30687,10,1021.75
919015,7010905,31276,-8,326.56
919016,7009405,30951,7,189.79
919017,7013121,30978,8,508.91
919018,7005546,30662,1,568.04
919019,7013000,30490,12,284.33
919020,7009225,31305,3,285.91
919021,7013788,30395,6,781.72
919022,7011955,31339,2,951.83
919023,7007350,30746,3,1069.49
919024,7012585,30021,9,377.59
919025,7000989,30656,11,
919026,7009404,31366,9,233.14
919027,7014353,31347,9,699.83
919028,7007436,30386,6,285.73
919029,7007984,30217,8,1125.43
919030,7005208,30209,9,63.44
919031,7002873,30010,4,327.06
919032,7003126,31380,11,307.16
919033,7004360,31151,1,1156.59
919034,7011013,30786,5,944.61
919035,7004360,30273,3,84.37
919036,7013180,30877,2,460.25
919037,7002453,30411,6,310.08
919038,7009791,31192,11,457.16
919039,7004541,30433,9,948.71
919040,7002985,30932,7,43.02
919041,7002340,30958,10,515.43
919042,7000903,31107,12,66.07
919043,7011130,30637,1,794.44
919044,7006854,30388,2,358.83
919045,7002194,30802,3,655.43
919046,7006281,30840,1,1033.06
919047,7007997,31343,10,906.67
919048,7006212,31341,3,1063.9
919049,7002956,30570,5,933.54
919050,7007318,31305,2,297.33
919051,7012116,30759,8,336.63
919052,7008203,30338,5,489.99
919053,7012422,31377,4,373.07
919054,7010673,30841,6,829.69
919055,7012270,31101,2,122.08
919056,7000370,31260,2,1174.45
919057,7008492,30373,5,1020.1
919058,7008733,30291,11,646.01
919059,7013329,31474,4,633.91
919060,7011542,30954,2,964.69
919061,7006182,31029,12,1066.82
919062,7002143,31275,9,20.2
919063,7008954,30933,2,492.86
919064,7008694,30615,10,134.98
919065,7011005,31254,5,137.25
919066,7014546,30641,6,1142.64
919067,7011536,30140,8,57.78
919068,7010850,30796,1,858.55
919069,7003937,30753,12,1114.06
919070,7004751,30061,5,1147.48
919071,7000489,30080,5,319.09
919072,7013664,31135,10,990.99
919073,7012562,30373,3,157.13
919074,7000631,30337,1,147.3
919075,7003551,30785,8,959.78
919076,7008860,30242,10,262.36
919077,7004316,30911,5,346.44
919078,7001343,30716,3,31.76
919079,7011501,31406,6,1102.08
919080,7000487,30790,10,130.96
919081,7013264,30360,1,231.51
919082,7007732,30797,-7,144.2
919083,7005903,30552,5,545.39
919084,7001946,30967,11,1107.28
919085,7000610,30458,-4,1023.82
919086,7001098,30286,11,58.47
919087,7006120,30343,6,1199.74
919088,7009554,30895,6,875.02
919089,7005705,31236,1,187.62
919090,7004332,30109,12,749.37
919091,7009333,30977,5,273.8
919092,7008718,31337,10,937.17
919093,7013207,30713,3,1074.69
919094,7006259,30859,9,63.42
919095,7002676,30823,4,648.62
919096,7010685,30859,10,319.41
919097,7006512,31341,1,1163.4
919098,7011265,31019,10,455.96
919099,7000027,30916,11,1165.54
919100,7009796,30983,12,591.5
919101,7001877,30909,8,994.33
919102,7014905,31487,10,404.15
919103,7012461,31202,6,626.02
919104,7012550,30882,10,687.64
919105,7014644,31059,11,949.72
919106,7007950,30750,5,1155.03
919107,7007998,30372,5,624.59
919108,7003311,30821,11,951.64
919109,7006395,30713,10,510.06
919110,7010065,30386,12,1029.18
919111,7014938,30987,8,275.72
919112,7008528,31286,11,794.56
919113,7002767,30440,10,848.37
919114,7010655,30031,5,832.42
919115,7006707,31331,3,204.5
919116,7013707,31460,7,228.3
919117,7008199,30520,5,793.69
919118,7007332,31417,12,679.88
919119,7003478,30143,5,1077.63
919120,7001190,30552,11,323.98
919121,7011520,30760,3,324.87
919122,7010192,30475,10,69.34
919123,7011074,31023,4,898.47
919124,7012312,31089,3,1139.88
919125,7006734,30192,11,294.56
919126,7012966,30526,11,206.53
919127,7011459,30072,11,386.44
919128,7004079,31478,11,208.07
919129,7001090,30086,6,1071.39
919130,7012490,30071,2,747.47
919131,7006024,30381,10,621.24
919132,7004416,31441,9,867.43
919133,7003426,31341,5,183.82
919134,7011775,31378,6,132.46
919135,7001950,30296,1,370.45
919136,7001488,31360,7,687.94
919137,7007408,30395,10,628.33
919138,7001767,31294,12,144.4
919139,7002473,30972,3,392.45
919140,7009392,30216,9,413.22
919141,7005260,31197,11,1112.13
919142,7009874,30922,10,1148.45
919143,7008723,30021,7,611.05
919144,7007855,31281,1,1176.2
919145,7011990,30448,6,1101.55
919146,7012359,30135,5,217.5
919147,7011859,30647,5,833.93
919148,7014846,30815,2,405.11
919149,7007642,30610,6,183.87
919150,7004124,31244,6,27.41
919151,7008830,31018,6,32.89
919152,7013150,30494,9,118.74
919153,7001390,30673,7,593.29
919154,7002143,30005,7,286.06
919155,7011398,30845,-7,1078.74
919156,7013155,30975,2,19.32
919157,7009442,30490,2,90.44
919158,7008068,31371,11,428.75
919159,7006877,30105,3,377.25
919160,7006610,31105,9,635.09
919161,7001372,30238,4,76.96
919162,7013748,30197,10,898.33
919163,7004250,30436,5,772.74
919164,7002473,30794,12,588.71
919165,7012155,30524,4,712.69
919166,7007545,30401,2,587.82
919167,7003036,30258,3,1095.35
919168,7005322,30462,1,315.51
919169,7013572,30511,10,861.85
919170,7000640,30359,12,975.47
919171,7005246,30135,1,335.01
919172,7013968,30743,3,1025.1
919173,7006076,31172,10,840.53
919174,7008520,31266,2,502.64
919175,7012297,30117,3,852.58
919176,7010152,30112,-6,763.47
919177,7009255,30842,9,158.99
919178,7005254,31465,5,1122.4
919179,7005981,30205,10,1029.85
919180,7002160,31485,7,780.75
919181,7012711,31444,12,116.81
919182,7008541,30946,8,362.01
919183,7005012,30102,3,133.26
919184,7007484,31286,12,263.83
919185,7003430,30087,12,1053.15
919186,7004670,30351,-11,256.61
919187,7004653,31451,9,119.72
919188,7007771,31471,10,729.2
919189,7014231,30209,9,698.5
919190,7003574,31012,9,1127.45
919191,7000192,31128,9,1066.59
919192,7006604,30704,7,888.6
919193,7005921,30107,3,588.57
919194,7010951,30222,5,960.16
919195,7001552,30469,10,321.58
919196,7011144,30271,10,94.28
919197,7003955,30581,3,1141.05
919198,7004290,31285,12,116.22
919199,7003823,30961,11,202.66
919200,7003740,31299,8,725.02
919201,7004397,30907,7,614.6
919202,7000864,30168,3,638.78
919203,7008719,31335,5,637.78
919204,7011973,31280,1,48.06
919205,7004434,31068,3,1172.09
919206,7008941,30407,2,319.75
919207,7010971,30135,12,
919208,7001720,31226,12,732.12
919209,7009097,31171,9,878.97
919210,7003887,30778,8,377.59
919211,7014699,30308,10,1042.21
919212,7007016,30464,9,868.3
919213,7007663,31461,6,1065.5
919214,7009062,31381,10,858.0
919215,7002032,30898,6,929.02
919216,7004398,31138,8,672.26
919217,7003706,30787,3,170.36
919218,7000422,31231,11,760.03
919219,7004262,30984,4,929.4
919220,7001594,31096,7,608.59
919221,7010629,30442,11,22.03
919222,7014633,30261,5,184.83
919223,7002009,31264,6,832.26
919224,7005351,30858,3,148.21
919225,7007355,30161,1,558.59
919226,7001290,30115,9,46.01
919227,7009077,30140,7,467.76
919228,7012921,30917,8,226.43
919229,7014710,30832,3,1054.32
919230,7008731,30443,4,287.51
919231,7013161,30593,10,626.89
919232,7007572,30566,11,593.17
919233,7009448,30861,8,573.23
919234,7012293,31157,3,83.03
919235,7002639,30651,4,760.15
919236,7004769,31360,3,409.87
919237,7012571,30434,12,507.45
919238,7010552,30792,8,328.54
919239,7001735,30576,10,250.14
919240,7009108,30747,9,943.14
919241,7002108,31062,1,676.98
919242,7003670,31269,8,28.6
919243,7000934,30192,8,58.76
919244,7008197,30479,3,759.76
919245,7008113,30497,11,730.51
919246,7009490,30367,8,47.67
919247,7013107,30937,11,182.97
919248,7011070,30951,6,59.23
919249,7009559,30852,2,433.28
919250,7011753,30202,12,473.17
919251,7010089,30309,9,297.07
919252,7007086,30278,9,
919253,7006331,30947,1,708.17
919254,7008336,31285,2,1099.88
919255,7010781,30871,4,386.18
919256,7009375,30905,1,636.25
919257,7003684,30869,3,72.37
919258,7013132,31053,6,
919259,7007446,30599,6,461.36
919260,7008536,31182,7,319.39
919261,7013289,30289,5,48.18
919262,7005490,31277,11,556.46
919263,7013258,30537,3,817.67
919264,7010603,30150,7,513.85
919265,7006383,31209,9,134.44
919266,7001195,30601,3,318.1
919267,7011426,31156,10,327.42
919268,7006706,30799,4,992.61
919269,7001896,30956,12,300.1
919270,7009315,31375,12,325.68
919271,7008006,30533,7,690.71
919272,7014693,30590,5,632.33
919273,7000607,30271,8,1136.88
919274,7002848,30011,8,216.83
919275,7001555,30612,1,1007.52
919276,7002569,30373,10,809.14
919277,7006486,30338,5,1035.5
919278,7009324,30579,5,1162.66
919279,7007583,30446,1,54.55
919280,7002221,30665,5,754.67
919281,7006531,30964,1,837.32
919282,7009296,31241,11,763.62
919283,7008773,31087,8,826.81
919284,7012908,30530,8,408.64
919285,7005299,31003,1,1192.1
919286,7009050,30358,7,205.95
919287,7009168,31209,12,311.44
919288,7006265,30326,8,653.01
919289,7010303,30196,10,498.76
919290,7013084,30362,11,550.57
919291,7001669,30842,7,1118.41
919292,7002692,30983,2,475.45
919293,7012104,30287,1,695.54
919294,7011792,31304,2,862.27
919295,7008715,31081,12,465.61
919296,7001159,31036,7,761.55
919297,7004933,30139,10,351.74
919298,7012974,30468,11,1193.48
919299,7003744,30857,4,
919300,7007125,31365,2,226.18
919301,7007667,30006,7,366.61
919302,7005367,30761,8,175.17
919303,7004533,31239,11,81.41
919304,7013252,30570,2,809.85
919305,7005023,31392,11,650.44
919306,7006877,30628,12,302.68
919307,7007870,30774,10,
919308,7012377,31316,4,666.57
919309,7014433,31376,8,350.29
919310,7005328,31416,2,117.94
919311,7003813,30587,11,437.51
919312,7008363,31348,9,255.4
919313,7004360,30540,1,1197.52
919314,7006307,30631,3,12.72
919315,7012735,30415,6,1153.8
919316,7012214,30513,2,519.94
919317,7000569,30430,11,447.14
919318,7010237,30860,4,961.48
919319,7012876,30288,7,1006.92
919320,7009446,30147,4,731.13
919321,7012985,31412,9,1043.34
919322,7009297,30356,1,453.19
919323,7009864,31464,8,985.62
919324,7004703,30797,5,
919325,7006732,30495,10,1043.31
919326,7006193,30081,1,299.9
919327,7004417,30227,1,767.76
919328,7009383,30672,7,367.16
919329,7006172,30158,8,534.91
919330,7007522,30063,6,878.52
919331,7002274,30553,10,204.05
919332,7004017,30499,6,641.05
919333,7001595,30599,11,131.24
919334,7012465,30711,10,910.1
919335,7012717,31420,11,792.62
919336,7002790,31127,11,
919337,7006852,31152,6,377.88
919338,7006818,30013,1,140.32
919339,7011299,31391,9,1075.66
919340,7012795,30632,3,1182.82
919341,7014269,31452,7,1021.63
919342,7011762,31388,4,656.54
919343,7004238,30499,11,698.0
919344,7001302,31127,9,991.83
919345,7004813,30214,1,526.66
919346,7006717,30337,4,697.53
919347,7010209,30295,8,523.79
919348,7009583,30290,10,335.3
919349,7001765,30618,4,921.17
919350,7006273,31329,2,358.04
919351,7009168,31397,7,919.29
919352,7003474,30719,3,571.37
919353,7012008,31188,10,17.27
919354,7007491,31153,5,88.99
919355,7007785,30556,8,406.45
919356,7008577,30076,5,825.5
919357,7005651,30972,6,700.55
919358,7004448,30830,12,878.5
919359,7000463,31467,7,787.15
919360,7004718,31162,7,1169.31
919361,7007647,30891,1,829.29
919362,7009702,30959,10,1031.87
919363,7003787,31393,11,
919364,7011528,30719,7,86.31
919365,7003147,30897,10,873.53
919366,7013550,31080,3,568.02
919367,7000944,31097,6,1021.31
919368,7006967,31431,10,
919369,7013447,30657,9,819.25
919370,7012594,30806,6,1161.03
919371,7003979,30809,12,1108.19
919372,7006496,30994,1,97.95
919373,7010436,31029,3,541.35
919374,7013746,30109,4,224.97
919375,7006320,30516,12,236.18
919376,7005551,30439,1,137.36
919377,7012430,30759,6,930.59
919378,7014307,30454,8,972.98
919379,7008765,30978,6,888.94
919380,7006302,30299,1,50.18
919381,7008520,30939,6,721.8
919382,7013709,31246,6,756.49
919383,7008957,30071,3,1009.85
919384,7002125,31309,1,175.77
919385,7006688,31151,7,80.19
919386,7012961,30308,9,143.02
919387,7005997,31106,8,267.9
919388,7014450,31448,5,44.32
919389,7006930,30073,9,286.43
919390,7007973,30287,4,899.23
919391,7005675,30871,4,461.8
919392,7005458,30580,9,
919393,7014983,30127,4,1180.16
919394,7010270,30466,6,888.89
919395,7002791,30401,2,651.13
919396,7007428,30616,12,445.34
919397,7007125,30040,4,934.29
919398,7002118,30590,12,225.75
919399,7002791,30798,7,112.92
919400,7011423,30882,6,1153.18
919401,7008497,30134,3,1107.79
919402,7004715,31265,6,201.18
919403,7003004,30979,-7,350.83
919404,7000992,30772,1,90.55
919405,7014823,30935,3,1068.54
919406,7001905,31441,4,47.82
919407,7011970,30299,8,291.32
919408,7007245,30237,9,439.35
919409,7012410,31059,11,1159.92
919410,7005491,30826,5,390.21
919411,7002312,30207,6,
919412,7008453,30234,11,723.86
919413,7009905,31153,7,494.22
919414,7010973,30799,6,507.45
919415,7014167,31237,6,
919416,7005505,30325,11,1112.05
919417,7014127,30329,7,994.03
919418,7014888,30027,11,629.52
919419,7014775,30008,2,178.05
919420,7014509,31344,7,410.03
919421,7005750,30857,1,887.45
919422,7001314,31078,5,814.58
919423,7005645,30852,2,112.12
919424,7012661,30729,5,264.02
919425,7004933,31169,4,32.97
919426,7008686,30283,6,258.43
919427,7014600,30269,11,760.31
919428,7006542,30302,6,1195.22
919429,7007331,31154,6,559.92
919430,7014030,31437,1,231.84
919431,7008484,30391,9,152.88
919432,7000567,30206,10,252.18
919433,7012343,31417,10,344.66
919434,7004260,30412,9,107.77
919435,7008246,31477,10,654.47
919436,7012059,30903,8,
919437,7014319,30296,4,316.39
919438,7011302,30939,2,229.56
919439,7008837,30877,4,431.64
919440,7000261,30534,9,
919441,7003868,30186,5,328.42
919442,7010096,31220,4,170.36
919443,7006352,30680,4,270.71
919444,7008538,31121,1,898.23
919445,7010735,30862,11,741.28
919446,7014515,30161,12,654.86
919447,7012726,30024,5,529.44
919448,7014151,30415,12,696.89
919449,7000067,30806,3,733.52
919450,7014744,30707,11,713.25
919451,7011200,30436,1,25.59
919452,7000807,30728,6,827.91
919453,7009864,30375,7,238.34
919454,7009325,30069,5,620.09
919455,7001344,30941,9,571.32
919456,7006063,30727,1,648.38
919457,7002915,30097,8,500.29
919458,7011720,31163,12,1027.0
919459,7013196,31204,10,552.89
919460,7003915,31218,1,545.09
919461,7011044,31334,6,924.67
919462,7003662,30282,12,
919463,7007067,30411,9,932.74
919464,7003384,30536,6,621.2
919465,7011440,30754,2,405.26
919466,7008027,30532,8,372.59
919467,7004274,31051,8,584.72
919468,7006553,30017,8,1011.48
919469,7013244,30200,11,533.22
919470,7009898,30877,3,1049.17
919471,7003745,30635,9,981.41
919472,7013737,31459,6,690.76
919473,7012347,30277,2,536.1
919474,7011584,30532,8,368.27
919475,7001338,31361,10,1184.67
919476,7000523,30432,5,
919477,7010507,30819,4,730.45
919478,7003858,31304,3,597.11
919479,7006933,30492,4,299.02
919480,7002808,30698,8,496.66
919481,7013431,30900,12,227.59
919482,7014281,30796,3,187.31
919483,7005016,30097,4,647.4
919484,7002334,31412,6,1186.34
919485,7002402,30600,12,1134.12
919486,7006714,30234,8,964.45
919487,7002560,31036,5,535.48
919488,7010040,30956,1,200.63
919489,7009818,31304,12,621.45
919490,7004868,30646,6,
919491,7008428,30683,5,734.96
919492,7011046,31438,4,461.29
919493,7014044,31355,4,1149.52
919494,7012448,30106,4,285.79
919495,7007403,30968,12,18.67
919496,7006666,30787,7,164.24
919497,7004137,30388,6,213.19
919498,7008307,30021,7,137.59
919499,7003664,30700,5,279.73
919500,7005445,30540,4,724.71
919501,7013582,31033,3,807.97
919502,7012965,31381,-5,1126.8
919503,7011792,30374,5,1162.5
919504,7005458,30520,11,241.61
919505,7005289,30131,9,413.48
919506,7014006,30237,1,438.64
919507,7012659,30322,3,1018.14
919508,7009772,31345,12,584.53
919509,7005335,30431,1,1143.43
919510,7008539,31486,12,603.74
919511,7008327,30071,7,125.4
919512,7000571,30755,7,712.53
919513,7000507,30160,8,531.69
919514,7008470,30288,8,
919515,7007566,30573,3,1043.11
919516,7001020,30096,7,687.34
919517,7008993,30493,2,953.46
919518,7012165,30057,4,
919519,7006057,30001,5,641.4
919520,7014966,30939,7,144.62
919521,7010000,31301,6,401.59
919522,7014623,30845,10,582.56
919523,7002316,30025,5,770.99
919524,7010314,31031,10,493.18
919525,7013000,30142,5,122.06
919526,7003594,30391,9,501.61
919527,7002704,30792,7,538.11
919528,7010984,30841,7,1022.09
919529,7001160,31250,12,197.64
919530,7000351,31391,3,1176.41
919531,7012638,30424,11,39.66
919532,7001113,31221,10,1151.55
919533,7014725,31441,3,168.45
919534,7012946,30623,6,440.43
919535,7012754,31243,10,224.07
919536,7011626,31455,5,265.3
919537,7012748,30787,1,562.15
919538,7014496,30013,3,1007.45
919539,7000146,31383,2,385.24
919540,7007813,30092,4,765.04
919541,7003082,30383,8,37.98
919542,7002487,30629,2,463.97
919543,7011365,31173,10,
919544,7003214,30054,12,124.4
919545,7004724,30255,5,245.54
919546,7000980,30588,10,167.22
919547,7011094,30583,1,382.47
919548,7013228,31282,4,914.6
919549,7011640,31484,6,940.41
919550,7006868,30957,12,321.47
919551,7005934,31025,1,995.0
919552,7006092,30714,10,578.51
919553,7013407,30332,6,1107.52
919554,7014898,30415,2,112.92
919555,7011612,30439,8,623.34
919556,7012375,30383,4,398.4
919557,7001104,31424,2,370.89
919558,7010931,30047,5,156.89
919559,7002685,31260,5,839.51
919560,7006658,30200,12,342.74
919561,7006599,30874,8,363.01
919562,7006515,30325,5,750.32
919563,7010197,31444,12,314.17
919564,7006305,30819,9,1119.34
919565,7000216,30546,9,135.95
919566,7008027,30504,9,25.67
919567,7010728,31299,9,253.0
919568,7009210,30733,12,716.42
919569,7002046,30778,7,847.52
919570,7006156,30786,5,321.95
919571,7005433,30105,8,287.99
919572,7006808,30564,9,461.36
919573,7014830,30897,4,843.75
919574,7003858,30436,9,187.18
919575,7010073,30649,2,218.49
919576,7014755,30340,6,104.07
919577,7011066,31054,12,1157.43
919578,7009892,30970,11,1191.1
919579,7002182,31228,3,581.09
919580,7008194,30743,5,486.82
919581,7003091,30604,2,442.57
919582,7013262,30042,1,1053.26
919583,7004122,30664,11,744.96
919584,7009079,30977,1,741.59
919585,7005567,30006,8,467.82
919586,7012431,30904,5,822.15
919587,7008172,30174,10,449.95
919588,7010113,30373,4,690.98
919589,7004832,30940,6,
919590,7012139,30544,1,688.68
919591,7010584,30195,6,508.56
919592,7008476,30550,2,215.32
919593,7009124,30082,4,467.69
919594,7000731,30623,6,330.64
919595,7000151,31133,11,263.87
919596,7013283,30682,3,549.67
919597,7001585,30007,5,678.99
919598,7012470,31395,11,85.14
919599,7002412,30593,4,321.3
919600,7012743,30611,10,847.41
919601,7008142,30180,9,738.67
919602,7004724,30932,10,921.36
919603,7014945,30973,8,803.73
919604,7012532,31214,1,533.74
919605,7014165,30555,6,37.55
919606,7003074,30105,3,946.79
919607,7006967,30568,11,163.16
919608,7002013,31279,10,1093.72
919609,7000752,30411,6,482.45
919610,7011328,30263,10,1137.15
919611,7008270,30632,9,
919612,7012220,31001,2,501.76
919613,7004852,30928,4,1042.98
919614,7004410,30922,7,914.64
919615,7009629,30277,1,777.38
919616,7014781,30149,11,372.26
919617,7006035,30261,11,453.06
919618,7007396,30581,1,777.91
919619,7012774,30460,8,711.92
919620,7005762,31094,7,1161.83
919621,7002253,30629,3,
919622,7005208,30676,2,1002.38
919623,7008348,30239,2,124.46
919624,7005571,30886,10,1000.3
919625,7004641,30651,3,803.67
919626,7004001,30037,10,681.26
919627,7004870,31204,10,598.13
919628,7005528,30014,12,871.77
919629,7004424,31144,5,594.47
919630,7013723,30263,10,757.65
919631,7007886,30328,8,920.03
919632,7012305,30543,10,149.48
919633,7007603,30373,9,1107.68
919634,7009522,31405,10,809.96
919635,7007963,31423,2,403.41
919636,7010166,31101,4,369.12
919637,7008493,30561,10,792.54
919638,7004196,31236,1,705.93
919639,7000265,30374,9,516.3
919640,7005922,30513,9,458.54
919641,7007102,30790,2,253.19
919642,7004331,31072,10,45.88
919643,7000321,31255,11,166.81
919644,7013251,30826,12,1186.12
919645,7012022,30518,10,1114.69
919646,7005875,30309,11,781.71
919647,7006827,30674,12,1179.59
919648,7008140,30251,10,1159.23
919649,7011755,31481,7,58.87
919650,7012417,30253,11,450.81
919651,7004835,30017,10,673.82
919652,7003877,30580,6,1026.87
919653,7011699,31435,11,433.64
919654,7010909,31116,12,330.38
919655,7002418,30937,8,371.12
919656,7013134,31370,12,687.46
919657,7001693,30862,1,1146.01
919658,7002554,30983,9,1176.12
919659,7004706,30488,9,640.08
919660,7003177,31006,4,158.34
919661,7000594,31056,7,872.5
919662,7009281,30383,4,1142.29
919663,7012990,31323,9,763.19
919664,7000602,30945,1,281.72
919665,7012207,31115,12,456.18
919666,7014204,30948,3,398.47
919667,7002901,30938,11,565.02
919668,7007987,31452,10,
919669,7011407,30800,11,
919670,7005930,31416,9,981.97
919671,7011050,30303,10,60.03
919672,7012058,30984,11,1111.36
919673,7003134,30553,5,848.02
919674,7014040,30307,11,514.1
919675,7011932,30181,7,992.37
919676,7012931,30427,6,1000.08
919677,7013990,30944,3,818.53
919678,7012117,30350,1,617.87
919679,7010268,30536,2,660.36
919680,7005108,31454,9,473.68
919681,7007608,30763,8,499.01
919682,7001401,30664,10,
919683,7014617,31246,1,1188.68
919684,7006576,31143,6,96.59
919685,7008964,30571,-9,452.84
919686,7005260,30243,11,435.13
919687,7011403,30024,10,650.14
919688,7005333,30857,7,1091.26
919689,7014277,30604,-1,291.79
919690,7005272,30225,10,882.33
919691,7010678,31153,6,128.72
919692,7011419,31364,6,920.98
919693,7007036,31182,8,1163.04
919694,7007955,30719,9,1179.54
919695,7014800,30819,3,1119.66
919696,7006957,30758,11,709.58
919697,7007758,30824,1,421.52
919698,7003569,30884,12,425.73
919699,7002026,30444,12,220.04
919700,7010709,30064,10,905.81
919701,7004722,30064,8,830.95
919702,7000023,30248,8,129.96
919703,7001390,30964,3,884.55
919704,7006885,31079,1,1141.13
919705,7013934,30154,7,95.74
919706,7010805,31452,9,1021.05
919707,7000460,31045,3,855.82
919708,7011562,31044,5,416.7
919709,7003358,31309,11,1014.2
919710,7005789,31337,9,666.41
919711,7004981,30039,8,283.43
919712,7010870,30677,5,804.3
919713,7004009,31411,12,177.39
919714,7013398,31167,3,516.65
919715,7011053,30111,6,484.7
919716,7001680,30463,9,752.96
919717,7004976,30388,5,299.93
919718,7009971,30077,5,1063.34
919719,7007752,30998,9,595.71
919720,7011068,30875,12,712.43
919721,7012884,30798,8,407.32
919722,7013094,30749,4,407.85
919723,7001998,30976,7,822.56
919724,7007140,30795,9,237.96
919725,7001634,31290,1,426.88
919726,7001101,30071,6,1030.15
919727,7011573,30413,4,781.9
919728,7009312,30716,6,436.64
919729,7002707,30854,1,963.68
919730,7006403,30865,8,1009.28
919731,7006093,30494,1,895.01
919732,7006452,30789,8,836.69
919733,7010411,30034,9,942.42
919734,7004105,30622,11,111.48
919735,7008061,30982,2,838.89
919736,7005729,30008,8,717.43
919737,7006685,31370,8,
919738,7014089,30517,10,780.32
919739,7004483,30358,10,1025.11
919740,7005967,30521,6,139.46
919741,7014659,31459,7,239.3
919742,7003720,30766,1,541.16
919743,7008555,30464,10,938.6
919744,7007723,30737,9,1168.48
919745,7005632,30869,11,931.47
919746,7001460,30589,12,1116.75
919747,7012083,30889,4,270.04
919748,7011725,30307,7,854.77
919749,7003088,30509,6,770.8
919750,7005751,30799,11,804.89
919751,7002357,30035,1,1002.91
919752,7011491,30831,9,1120.15
919753,7009065,30520,6,783.2
919754,7011988,30835,10,1114.65
919755,7008371,30338,10,449.77
919756,7011563,30087,2,60.51
919757,7001476,30645,1,233.63
919758,7004643,30467,12,271.9
919759,7011619,31493,11,442.02
919760,7008692,30790,1,804.46
919761,7012782,30416,4,923.11
919762,7001918,30507,3,
919763,7002194,31012,8,491.67
919764,7003152,30118,9,523.27
919765,7011453,30378,4,132.46
919766,7009754,30095,1,254.2
919767,7014909,31104,3,303.9
919768,7014918,30389,4,241.4
919769,7005066,31438,11,854.26
919770,7005932,31391,12,
919771,7009468,31139,2,347.31
919772,7013250,31066,8,300.41
919773,7004720,30804,7,597.86
919774,7014553,30621,5,472.58
919775,7003319,30355,12,1037.41
919776,7006933,30676,3,774.26
919777,7008942,30378,1,461.79
919778,7008778,30287,4,121.69
919779,7013195,31369,12,1142.88
919780,7002760,31010,11,323.98
919781,7005202,30474,5,1005.63
919782,7001967,30046,3,301.39
919783,7013074,31035,10,344.82
919784,7010165,30269,6,693.12
919785,7002479,30921,10,1174.86
919786,7011699,30997,12,1167.23
919787,7014879,30577,5,1091.13
919788,7005337,30748,7,35.54
919789,7014009,31286,-3,277.42
919790,7005120,30432,6,790.33
919791,7006856,30539,8,542.45
919792,7005074,30400,9,280.84
919793,7003164,30320,2,274.69
919794,7006936,30414,7,32.09
919795,7010512,30607,11,433.87
919796,7003465,31301,3,14.36
919797,7000077,30254,4,1025.36
919798,7001698,30291,5,559.39
919799,7006290,30654,2,578.95
919800,7011403,31250,12,515.54
919801,7009513,30717,1,111.62
919802,7003912,31415,6,685.78
919803,7010312,31065,3,
919804,7006114,31165,6,103.16
919805,7013823,31346,7,657.47
919806,7001216,30167,6,172.01
919807,7003535,31388,10,98.47
919808,7013027,30348,1,233.06
919809,7007620,30791,8,
919810,7012994,31366,12,
919811,7003096,30724,8,1134.88
919812,7006498,31475,10,1002.34
919813,7000898,31467,5,167.95
919814,7008807,30434,10,583.05
919815,7001542,30609,7,300.33
919816,7014386,30291,6,
919817,7002947,30076,9,348.13
919818,7013955,31168,10,578.98
919819,7012393,30110,4,806.1
919820,7011744,30665,10,217.2
919821,7009033,30525,11,83.42
919822,7010992,31411,1,764.09
919823,7001848,30769,8,568.29
919824,7009236,30730,12,210.8
919825,7012039,31077,9,564.45
919826,7002351,31167,9,1013.38
919827,7007485,30942,7,186.6
919828,7006330,31440,7,604.11
919829,7008507,30238,1,489.4
919830,7014290,30702,2,641.61
919831,7013622,30225,4,312.9
919832,7014718,30534,12,128.59
919833,7012093,30557,10,771.46
919834,7014705,31283,2,665.62
919835,7005485,30005,10,978.63
919836,7010206,31377,4,781.07
919837,7012192,31284,11,619.08
919838,7012627,31300,8,1053.09
919839,7000756,30901,3,66.3
919840,7009095,30304,10,123.56
919841,7007200,31040,7,1010.68
919842,7005065,30106,9,607.44
919843,7002718,30708,8,924.51
919844,7004116,31139,7,1143.73
919845,7010225,31471,12,766.98
919846,7004970,30482,5,437.77
919847,7014302,30349,-1,1167.16
919848,7008510,30797,7,278.62
919849,7013233,30050,2,756.5
919850,7000705,30599,1,986.57
919851,7000889,30767,6,81.01
919852,7014885,30068,6,905.92
919853,7001872,31434,2,
919854,7010134,30300,5,986.91
919855,7013646,30278,10,700.58
919856,7000359,31123,5,458.18
919857,7014032,30799,10,259.53
919858,7011213,30739,10,261.04
919859,7010970,30324,10,642.24
919860,7006483,30128,12,1057.9
919861,7008106,30590,1,1064.95
919862,7003399,30286,5,1129.45
919863,7010118,30226,8,191.2
919864,7004167,30742,1,817.87
919865,7010412,30194,11,156.34
919866,7012882,30336,6,894.93
919867,7000274,30165,2,949.88
919868,7008603,31098,5,857.08
919869,7001737,30365,4,192.78
919870,7009782,31054,6,663.91
919871,7004637,30140,5,94.95
919872,7012983,30314,5,596.72
919873,7010314,31170,1,40.59
919874,7008630,30169,12,861.92
919875,7006051,31333,9,909.59
919876,7014557,30025,3,614.51
919877,7000913,30147,6,221.7
919878,7012740,31150,4,817.68
919879,7013591,31275,1,927.76
919880,7011765,31223,3,867.24
919881,7002488,31404,8,491.76
919882,7012007,30328,11,1074.18
919883,7005981,30648,11,910.54
919884,7007267,30754,3,700.99
919885,7007527,30588,7,157.91
919886,7006334,31015,6,1173.11
919887,7012237,30786,10,843.24
919888,7002281,30279,10,297.06
919889,7003260,30671,12,282.39
919890,7011243,30929,2,1069.27
919891,7002657,31124,5,836.63
919892,7006154,30387,9,337.38
919893,7001652,30977,11,233.05
919894,7012547,30406,9,929.28
919895,7012378,30940,2,758.3
919896,7004729,30829,10,367.41
919897,7007888,31384,12,159.84
919898,7005152,31085,2,862.48
919899,7008477,30684,9,503.45
919900,7007506,31049,8,124.02
919901,7006383,30715,10,255.07
919902,7012484,31255,9,926.59
919903,7007823,31296,8,701.15
919904,7007830,30489,12,498.36
919905,7007395,31310,1,71.07
919906,7009355,31284,4,698.28
919907,7000046,30449,3,67.29
919908,7000802,30442,7,841.74
919909,7009464,31335,6,534.33
919910,7010912,30888,10,28.75
919911,7006833,30390,3,619.25
919912,7007257,31456,2,1125.52
919913,7002811,30410,5,542.26
919914,7005510,30914,1,850.01
919915,7011931,30127,8,290.92
919916,7000934,31069,8,1109.41
919917,7009812,31457,12,498.84
919918,7005278,31299,8,
919919,7000234,30260,12,227.51
919920,7009545,30509,5,564.2
919921,7005916,30356,1,873.15
919922,7002150,31000,1,204.91
919923,7003587,30917,3,135.39
919924,7008318,30385,7,535.47
919925,7008500,30427,10,742.22
919926,7013821,31461,3,926.49
919927,7002312,30443,5,180.09
919928,7004134,31220,11,511.84
919929,7004036,30662,12,744.81
919930,7014025,31420,2,1086.1
919931,7008622,30605,9,827.15
919932,7012240,30425,4,401.44
919933,7001349,31067,12,843.82
919934,7004126,30806,1,886.01
919935,7004564,30471,8,764.98
919936,7011711,30800,3,69.76
919937,7012284,30442,10,188.65
919938,7012996,30867,7,1023.49
919939,7007420,31209,5,1071.86
919940,7002701,30519,6,920.59
919941,7007854,30418,1,11.81
919942,7004538,30384,4,839.94
919943,7011803,31289,3,458.4
919944,7010706,30237,11,1121.31
919945,7007443,30814,4,236.51
919946,7007872,30612,8,316.76
919947,7009422,30149,4,943.4
919948,7003248,30103,12,339.27
919949,7010529,31232,6,240.5
919950,7013297,30614,8,562.39
919951,7002867,30659,3,1149.08
919952,7000197,31146,9,287.34
919953,7014093,31024,12,426.08
919954,7011888,30634,7,440.2
919955,7006690,30037,12,399.22
919956,7010868,30921,10,1050.96
919957,7010713,30047,10,1117.07
919958,7006985,30679,9,1140.69
919959,7011644,31347,1,314.92
919960,7010189,30961,3,716.94
919961,7003567,31283,7,880.23
919962,7014012,31230,7,1029.8
919963,7003035,31490,1,1005.89
919964,7005614,30267,12,630.31
919965,7011873,30234,-7,82.6
919966,7009504,30190,2,196.16
919967,7005187,31126,12,137.16
919968,7008374,31166,1,365.57
919969,7014525,30871,5,
919970,7007218,30798,6,753.0
919971,7012779,31324,7,197.03
919972,7012026,31087,3,1000.75
919973,7002341,30369,12,1007.39
919974,7007083,30514,5,658.25
919975,7003276,30455,10,812.18
919976,7012483,31237,5,767.22
919977,7010673,30640,5,1195.6
919978,7012567,30258,3,798.85
919979,7002744,30759,5,1036.37
919980,7013998,31402,2,122.29
919981,7011409,30971,5,558.23
919982,7003843,30378,9,486.08
919983,7002450,30517,12,844.54
919984,7002625,30322,3,688.78
919985,7010692,31196,4,1164.79
919986,7014720,30724,11,429.44
919987,7007218,30613,4,497.88
919988,7012138,30782,12,938.33
919989,7001843,30520,11,1196.12
919990,7002646,30361,5,84.24
919991,7000578,30829,8,473.87
919992,7014901,31070,2,1102.47
919993,7009938,30796,6,869.96
919994,7004736,31034,1,117.72
919995,7010060,30940,10,346.12
919996,7001761,31291,5,1108.68
919997,7005105,30377,5,146.81
919998,7013724,30084,5,849.77
919999,7002819,31038,3,399.05
920000,7012526,30908,3,451.64
920001,7013755,30444,2,683.08
920002,7012955,31430,3,1004.22
920003,7010682,30265,3,1076.23
920004,7012540,30524,11,586.23
920005,7006430,31399,11,302.93
920006,7011742,30397,10,677.77
920007,7013893,31394,4,206.11
920008,7003554,30520,5,434.07
920009,7005274,30532,12,499.15
920010,7014328,31496,8,1086.21
920011,7002231,30762,6,582.84
920012,7009957,31296,9,365.16
920013,7014305,30160,3,142.07
920014,7004175,30770,10,171.32
920015,7014256,30563,7,981.92
920016,7009279,30970,3,115.29
920017,7000349,30541,10,462.47
920018,7001234,31187,8,1020.96
920019,7001608,31374,12,369.23
920020,7001950,31478,7,941.55
920021,7009712,30707,4,961.83
920022,7008902,31225,7,621.19
920023,7014740,31174,6,380.98
920024,7011468,30358,6,770.39
920025,7010758,30969,11,325.19
920026,7005968,30649,9,
920027,7006005,30417,11,947.34
920028,7005138,30909,3,921.56
920029,7005817,31352,12,497.01
920030,7009980,30867,11,553.47
920031,7007102,30485,1,180.57
920032,7001065,30383,9,1097.26
920033,7013795,31186,2,675.91
920034,7002434,31468,5,693.85
920035,7007861,30759,6,1128.05
920036,7006261,30552,2,
920037,7006146,30328,1,161.72
920038,7005883,31460,11,610.76
920039,7001531,30185,12,726.92
920040,7012438,30103,9,123.32
920041,7001273,31248,3,284.36
920042,7003576,30560,3,398.3
920043,7011410,30074,10,495.57
920044,7009196,30157,10,921.01
920045,7009370,30969,9,65.33
920046,7005169,30020,11,792.12
920047,7007154,30534,10,136.57
920048,7002656,30731,3,965.22
920049,7013593,31237,1,1117.0
920050,7009235,31268,5,350.45
920051,7008321,30868,3,709.22
920052,7006553,30900,8,218.41
920053,7001703,30976,10,823.03
920054,7009806,30988,2,1150.02
920055,7004276,31223,6,612.13
920056,7007895,30394,1,1044.05
920057,7002433,30359,6,430.63
920058,7011712,30134,5,726.7
920059,7014147,30075,11,624.52
920060,7005837,30100,8,355.8
920061,7004529,31406,12,988.75
920062,7008742,30159,8,922.16
920063,7006961,30818,7,1083.32
920064,7013351,31159,6,1146.51
920065,7001183,30069,7,576.32
920066,7008245,30345,9,282.28
920067,7005966,31339,11,121.58
920068,7005774,30389,11,854.99
920069,7010686,30120,6,1194.65
920070,7005637,31213,12,473.59
920071,7011474,30879,6,204.05
920072,7000305,30848,11,669.37
920073,7013287,30393,10,413.34
920074,7014516,30844,6,533.67
920075,7000525,30882,10,89.27
920076,7004046,31119,4,429.96
920077,7009782,30146,12,636.49
920078,7001541,30963,11,1152.6
920079,7006038,31217,9,1143.23
920080,7001621,30353,10,1113.87
920081,7014621,31355,8,609.77
920082,7003304,30508,8,502.76
920083,7004453,30253,4,1177.98
920084,7004426,31146,12,294.15
920085,7000087,30296,5,123.62
920086,7006427,31378,9,1173.06
920087,7005622,31189,4,857.31
920088,7002022,31156,5,789.85
920089,7013263,30092,7,498.37
920090,7010726,31293,5,154.01
920091,7000801,30729,2,1021.49
920092,7010628,30855,2,802.6
920093,7002690,30636,7,417.76
920094,7014787,30961,12,588.54
920095,7007741,31215,8,282.73
920096,7011648,30514,1,1108.52
920097,7000467,30438,12,1061.42
920098,7007058,30138,2,867.67
920099,7012345,31417,12,529.7
920100,7010824,31369,11,186.5
920101,7013918,30542,1,616.14
920102,7011971,31329,9,160.72
920103,7012769,31367,6,322.36
920104,7011676,31474,10,1159.25
920105,7009306,30213,8,752.56
920106,7006975,30183,5,123.13
920107,7001184,31411,11,694.68
920108,7005360,30549,11,960.71
920109,7011256,30835,12,1172.47
920110,7014087,30860,6,614.77
920111,7008789,30364,5,370.02
920112,7008488,31471,7,
920113,7005786,31481,3,231.38
920114,7007461,30981,6,430.59
920115,7002666,31076,10,13.83
920116,7010004,30951,7,594.64
920117,7013543,30975,4,818.42
920118,7005255,30363,9,547.02
920119,7005676,31031,2,560.37
920120,7007914,30644,7,557.13
920121,7006883,30081,12,810.34
920122,7010153,30433,4,230.62
920123,7006410,30520,6,1011.23
920124,7009598,30093,11,
920125,7010806,31495,7,661.19
920126,7002204,30816,11,785.65
920127,7002354,31320,7,1190.12
920128,7004194,30841,9,1034.95
920129,7007524,31076,2,732.09
920130,7002688,30569,4,132.7
920131,7003560,30757,6,545.44
920132,7001910,31323,1,265.59
920133,7000273,30781,7,783.1
920134,7006191,30970,8,537.93
920135,7005537,30397,9,107.76
920136,7000306,30426,7,1014.16
920137,7014506,31469,4,
920138,7011486,30871,5,856.91
920139,7001148,31397,6,242.16
920140,7003113,30227,8,97.77
920141,7008833,31118,1,177.53
920142,7005520,30346,8,1183.58
920143,7008827,30573,9,972.82
920144,7007623,30239,5,993.03
920145,7002920,31194,10,931.31
920146,7000067,31161,12,1028.01
920147,7007931,30115,1,877.87
920148,7002956,31212,9,130.75
920149,7007923,30315,3,521.56
920150,7007316,31122,7,566.36
920151,7001174,30498,4,1126.11
920152,7011870,30711,5,838.94
920153,7012410,30176,-1,162.76
920154,7008940,30714,5,583.17
920155,7014026,30604,5,1180.01
920156,7000793,30934,9,90.17
920157,7003051,30920,9,1062.13
920158,7009400,30120,10,654.32
920159,7004008,30253,1,76.34
920160,7005551,30204,5,593.96
920161,7008594,30450,9,540.58
920162,7006324,31144,5,731.46
920163,7001226,30635,9,14.83
920164,7009444,31462,3,797.81
920165,7012852,30122,10,
920166,7007797,30935,6,445.34
920167,7012652,30038,2,678.81
920168,7001496,30873,9,453.19
920169,7012276,30698,11,847.25
920170,7000506,30520,5,966.94
920171,7008059,31363,12,756.76
920172,7008763,30286,7,144.98
920173,7003050,30362,4,220.1
920174,7014298,30484,2,151.89
920175,7006751,31219,2,111.58
920176,7003192,30675,12,350.9
920177,7012254,31007,3,1101.37
920178,7005482,30094,4,718.0
920179,7006212,30176,10,716.66
920180,7007377,30425,12,33.04
920181,7005651,31159,11,994.26
920182,7012653,31342,1,399.8
920183,7004291,30325,8,446.1
920184,7002088,30931,2,382.23
920185,7001685,30123,11,
920186,7013152,30707,3,938.6
920187,7009141,30221,6,648.26
920188,7006506,30536,9,1149.37
920189,7005621,31317,8,363.64
920190,7009435,30436,12,
920191,7008978,31361,2,95.85
920192,7007963,30909,12,19.83
920193,7006438,31162,3,668.26
920194,7007887,31124,6,311.81
920195,7005462,30805,8,809.43
920196,7002387,31112,3,172.6
920197,7005083,30407,3,394.91
920198,7000580,30406,2,231.19
920199,7008092,31351,4,702.38
920200,7001266,30884,4,1162.94
920201,7011751,30004,6,220.42
920202,7006737,30568,11,987.36
920203,7009438,31158,2,509.88
920204,7012394,31066,9,346.69
920205,7008525,30290,11,965.6
920206,7006527,30070,12,969.32
920207,7006229,31006,3,567.94
920208,7010462,31336,5,143.78
920209,7009711,30409,6,
920210,7001550,30789,5,53.46
920211,7009654,30473,2,
920212,7008295,31244,12,242.24
920213,7011611,31470,10,91.82
920214,7001148,30443,1,831.88
920215,7002987,30180,9,259.27
920216,7013352,30110,2,979.96
920217,7014619,31113,9,537.2
920218,7000759,30354,10,116.45
920219,7005836,30960,7,274.62
920220,7007418,31239,6,230.18
920221,7002886,30938,1,790.57
920222,7009427,30369,5,427.54
920223,7014454,30848,6,897.82
920224,7003017,30070,11,133.68
920225,7010411,30832,2,124.22
920226,7001303,30510,1,1024.59
920227,7012028,31391,7,506.61
920228,7008810,30956,11,
920229,7011915,30600,10,603.06
920230,7009064,30314,8,781.91
920231,7002096,30755,6,723.42
920232,7001641,30987,11,
920233,7014920,30407,8,454.88
920234,7001543,30253,10,768.06
920235,7013301,30657,6,88.6
920236,7012296,30219,7,522.3
920237,7000322,31269,6,261.08
920238,7009239,30294,9,121.03
920239,7008791,30523,1,674.43
920240,7014627,30800,10,477.93
920241,7001193,30603,3,348.04
920242,7011967,30737,1,325.94
920243,7003659,31326,3,852.39
920244,7000628,30739,3,187.14
920245,7001714,30256,10,681.64
920246,7008833,30302,9,389.57
920247,7004536,30207,2,1034.45
920248,7010494,30844,8,316.82
920249,7010328,31142,8,47.9
920250,7014184,31024,-6,894.37
920251,7012668,31169,9,391.9
920252,7006265,30501,7,846.32
920253,7013736,30812,5,
920254,7001045,31406,8,176.17
920255,7000045,30560,3,502.26
920256,7003405,31367,8,550.58
920257,7003342,30937,5,226.47
920258,7013923,30331,11,146.25
920259,7001809,30302,6,1068.74
920260,7001491,30921,1,461.64
920261,7006951,31233,-6,1178.91
920262,7013440,31066,7,57.8
920263,7002445,30381,6,703.94
920264,7011378,31219,11,772.29
920265,7012102,30163,6,994.61
920266,7012347,30796,12,602.26
920267,7008966,31185,11,308.68
920268,7010405,31011,5,967.54
920269,7006628,30525,11,926.86
920270,7008247,31025,9,338.06
920271,7012977,30669,5,754.71
920272,7010862,31036,2,777.34
920273,7008070,30840,3,890.47
920274,7012854,30191,1,151.86
920275,7001603,30333,12,83.64
920276,7011576,30806,10,281.31
920277,7010743,31040,12,733.76
920278,7002660,30109,6,138.56
920279,7007968,31018,6,68.93
920280,7004711,30636,6,1019.95
920281,7008121,30058,10,66.7
920282,7002177,30551,12,975.44
920283,7008176,30962,9,633.65
920284,7004290,30107,10,409.01
920285,7004205,30219,10,844.25
920286,7013451,31075,7,624.95
920287,7013390,30803,7,1185.15
920288,7013616,30911,11,48.25
920289,7008912,30809,3,939.58
920290,7014997,30726,9,47.12
920291,7008460,31099,3,772.33
920292,7001206,30155,8,131.53
920293,7013126,31086,11,15.99
920294,7014272,30213,2,472.71
920295,7009755,31383,8,294.89
920296,7010856,31221,1,631.79
920297,7012482,30260,8,766.17
920298,7005702,31050,5,1067.33
920299,7002008,30269,12,187.76
920300,7005353,31401,11,669.81
920301,7008914,31122,-2,347.7
920302,7000029,30127,9,1034.04
920303,7007508,30954,10,723.15
920304,7009897,31483,6,246.81
920305,7001104,30294,12,500.9
920306,7001611,30602,10,571.27
920307,7010480,31258,4,281.98
920308,7005602,30107,11,1021.4
920309,7004010,30831,1,1135.24
920310,7012625,31048,3,950.17
920311,7012891,30970,7,1171.43
920312,7010018,31479,11,361.99
920313,7003227,30961,-9,1076.25
920314,7000766,30185,9,392.89
920315,7008793,30205,10,671.99
920316,7011082,30865,7,585.04
920317,7003368,30533,4,615.17
920318,7004267,30758,7,973.51
920319,7006579,30334,11,493.52
920320,7001046,30366,12,862.11
920321,7007886,31247,12,614.23
920322,7001152,30058,5,718.18
920323,7002999,30385,4,1029.37
920324,7004185,30923,5,528.52
920325,7000431,30189,12,352.15
920326,7004292,31210,4,319.97
920327,7002305,30164,5,789.32
920328,7005607,30052,6,1055.66
920329,7012467,31279,4,829.63
920330,7001568,31465,8,113.01
920331,7011454,30909,12,153.33
920332,7002907,30301,1,927.98
920333,7012948,30364,7,731.05
920334,7004892,31442,6,932.64
920335,7006970,30632,8,197.98
920336,7001776,30282,12,555.1
920337,7008500,31137,-7,1106.16
920338,7014289,31308,4,23.56
920339,7002622,30139,10,413.07
920340,7000940,30824,11,1074.58
920341,7014888,30870,11,1141.39
920342,7007813,30483,12,296.58
920343,7008195,31410,1,105.96
920344,7011466,30089,1,378.8
920345,7002174,30370,10,14.06
920346,7005868,31079,7,621.63
920347,7000417,30473,1,706.45
920348,7005167,30610,10,198.39
920349,7009483,31493,3,654.39
920350,7009453,30053,1,820.36
920351,7007323,31265,6,475.97
920352,7002720,30855,8,425.46
920353,7000187,31160,9,202.69
920354,7001425,30553,11,
920355,7005370,31366,9,
920356,7005159,30615,12,936.42
920357,7002192,31414,2,474.33
920358,7009853,30490,10,819.05
920359,7012153,31027,5,1170.5
920360,7010496,31407,12,85.88
920361,7013346,30709,2,1156.68
920362,7001346,30791,10,652.92
920363,7005427,31054,3,44.73
920364,7009550,31260,11,1036.12
920365,7008881,30034,12,163.01
920366,7010938,30515,8,46.32
920367,7006711,30142,9,96.71
920368,7003890,31433,2,197.56
920369,7008358,30120,12,1056.92
920370,7007345,30526,10,692.3
920371,7002561,30954,5,518.12
920372,7008733,30831,7,854.02
920373,7006650,31073,1,82.41
920374,7013045,30172,6,44.14
920375,7006557,31361,7,479.03
920376,7002579,30071,10,950.29
920377,7003851,30762,1,535.49
920378,7011443,31358,1,32.62
920379,7002239,30513,3,1059.96
920380,7012751,30310,5,1053.29
920381,7006857,30421,8,987.88
920382,7005614,30710,11,1170.53
920383,7007800,30918,8,
920384,7000283,30933,1,50.09
920385,7001304,31128,10,372.99
920386,7009413,30361,6,962.19
920387,7014957,30869,5,274.89
920388,7008604,31071,3,630.81
920389,7006054,30354,10,1022.25
920390,7013714,30683,6,1181.14
920391,7005203,31393,5,291.66
920392,7003133,30413,3,1023.89
920393,7005044,31253,1,1100.26
920394,7002044,30285,11,976.4
920395,7006569,31175,11,775.93
920396,7012088,31348,12,624.07
920397,7010806,31331,12,613.63
920398,7008322,30653,1,979.27
920399,7014059,30927,1,107.1
920400,7001568,31161,7,779.45
920401,7003200,30351,3,374.59
920402,7004700,30519,8,109.5
920403,7000705,30862,10,755.7
920404,7000122,30450,6,992.34
920405,7004685,30365,10,894.82
920406,7005181,30459,8,1199.23
920407,7012324,30144,11,458.06
920408,7010417,31468,3,753.27
920409,7002790,31236,2,801.21
920410,7010361,31200,2,147.02
920411,7012640,31487,2,778.79
920412,7002497,31246,3,
920413,7008796,30454,3,
920414,7002414,30184,2,1083.44
920415,7005943,30776,10,612.41
920416,7012237,30899,7,1038.56
920417,7004073,30288,9,666.65
920418,7000614,31156,6,991.99
920419,7012777,30535,12,1129.66
920420,7002410,30994,5,78.57
920421,7011827,30714,5,407.62
920422,7006189,30408,10,64.21
920423,7009752,31192,9,1002.03
920424,7009591,31271,1,340.74
920425,7005457,30750,9,1078.3
920426,7000333,30210,3,189.42
920427,7012073,31278,10,86.84
920428,7011703,31452,10,919.97
920429,7008928,30244,-5,158.05
920430,7013163,30695,3,105.31
920431,7009839,31113,6,
920432,7005237,30249,2,663.98
920433,7011198,30243,2,212.16
920434,7004822,30229,11,155.22
920435,7012085,30956,12,
920436,7002784,30229,9,206.78
920437,7006199,30294,5,1063.73
920438,7004156,30537,10,894.13
920439,7008692,31456,12,1082.27
920440,7006913,31175,1,901.96
920441,7005186,30186,1,541.1
920442,7002509,31060,9,783.56
920443,7012712,30308,8,722.58
920444,7013090,30016,7,597.07
920445,7001270,31397,11,46.89
920446,7008763,30621,11,261.7
920447,7009247,30480,3,153.63
920448,7007674,30924,5,811.11
920449,7012443,30950,3,670.4
920450,7006343,31004,6,265.8
920451,7000877,31199,5,685.2
920452,7004658,30164,10,479.6
920453,7010608,31340,12,706.85
920454,7009895,30022,8,1083.66
920455,7005573,30659,9,87.7
920456,7006387,30908,12,208.14
920457,7011879,30412,7,757.03
920458,7007332,30013,3,24.58
920459,7009416,30857,12,107.79
920460,7009546,31001,3,793.64
920461,7008779,31452,6,821.89
920462,7014200,30541,2,303.33
920463,7010899,31476,8,214.91
920464,7010173,30775,3,105.57
920465,7002349,31244,11,745.34
920466,7005467,30763,10,751.52
920467,7006722,30681,2,1001.83
920468,7005684,30885,7,217.46
920469,7012456,31253,8,472.81
920470,7010090,30900,6,805.74
920471,7007844,30640,3,645.3
920472,7004476,30276,6,1026.76
920473,7010616,30278,7,653.6
920474,7000418,30377,1,575.38
920475,7001980,30608,1,594.65
920476,7002409,30631,7,1092.64
920477,7005440,31458,3,1141.92
920478,7002815,30639,12,955.48
920479,7005699,30276,10,1038.07
920480,7004025,31429,8,137.41
920481,7012531,31277,4,92.64
920482,7011168,30198,5,694.48
920483,7014660,30859,4,471.8
920484,7012036,30199,8,538.92
920485,7010799,30385,3,961.57
920486,7010155,30532,6,756.39
920487,7005196,31302,1,1127.21
920488,7004705,30159,2,
920489,7008861,31165,11,782.57
920490,7009928,30912,11,1106.57
920491,7006959,30339,7,750.94
920492,7007792,31296,1,175.65
920493,7011744,31344,7,943.06
920494,7003833,30748,10,
920495,7003266,30787,9,1090.39
920496,7004352,31365,4,82.27
920497,7005977,30594,12,760.84
920498,7000890,30581,3,803.82
920499,7004937,30720,6,1085.36
920500,7011826,30591,9,318.06
920501,7007858,30761,4,880.32
920502,7012356,30417,12,709.48
920503,7004895,30339,8,255.7
920504,7008499,31378,8,1195.46
920505,7013482,30844,7,
920506,7007736,30866,2,521.1
920507,7007247,31342,4,
920508,7005597,31290,4,1087.56
920509,7004723,31001,10,233.2
920510,7005269,30491,6,399.71
920511,7008414,30262,7,941.49
920512,7001842,30473,12,1028.95
920513,7007682,31338,9,840.94
920514,7009340,30298,5,180.45
920515,7008428,31227,3,620.08
920516,7009724,30639,12,977.2
920517,7001606,30266,11,
920518,7010292,31210,11,586.58
920519,7013793,30752,7,1017.43
920520,7012610,30031,3,347.15
920521,7006092,31414,5,440.73
920522,7011163,30314,1,686.29
920523,7009059,31394,7,102.19
920524,7001812,31211,10,540.42
920525,7009818,30641,8,816.7
920526,7012671,31004,8,195.36
920527,7009372,30845,1,1166.02
920528,7003097,30811,8,700.13
920529,7001733,30452,1,288.14
920530,7008565,30799,9,35.01
920531,7006400,31201,1,300.92
920532,7001748,31480,8,40.89
920533,7010425,31244,12,585.48
920534,7003714,30246,7,712.09
920535,7006648,31017,8,599.28
920536,7004655,30806,10,367.12
920537,7013247,30542,7,
920538,7010182,31104,10,1072.89
920539,7002138,31030,11,436.42
920540,7005712,30438,5,931.23
920541,7002903,31408,2,
920542,7000103,30980,-8,377.47
920543,7004978,31480,1,889.78
920544,7004615,30525,3,410.87
920545,7009501,30575,9,384.04
920546,7011154,30290,2,383.29
920547,7009026,30199,9,680.22
920548,7004419,30939,10,442.66
920549,7000694,30739,9,23.74
920550,7007405,30852,5,861.73
920551,7005050,30081,7,464.22
920552,7010789,30468,1,628.4
920553,7010307,30355,12,881.71
920554,7010731,31101,11,944.67
920555,7005848,30498,10,685.25
920556,7009401,30482,1,193.39
920557,7001001,30301,6,970.66
920558,7002427,31044,12,
920559,7007046,30815,7,1006.26
920560,7009496,30669,2,460.66
920561,7007621,31334,11,122.91
920562,7005677,30680,6,856.96
920563,7007636,30840,10,911.6
920564,7013182,30297,9,120.95
920565,7005607,31064,2,137.21
920566,7011982,30090,3,486.58
920567,7008984,31403,3,1134.21
920568,7010163,31060,11,375.69
920569,7014065,31238,2,1052.19
920570,7005224,31318,6,372.32
920571,7010941,31089,5,
920572,7002271,31134,12,644.87
920573,7013748,30837,3,167.16
920574,7008078,30247,9,881.35
920575,7002722,30355,8,1065.01
920576,7014357,30491,3,241.31
920577,7014117,31211,9,
920578,7000549,30889,11,1046.78
920579,7000338,31134,10,513.96
920580,7001081,31036,5,771.89
920581,7002608,30008,4,427.1
920582,7003649,30056,11,780.36
920583,7009797,30392,1,236.08
920584,7014994,30722,7,865.17
920585,7006559,31400,3,1055.31
920586,7000498,30755,3,144.39
920587,7012288,30129,9,637.08
920588,7008794,30418,3,616.36
920589,7014966,30876,2,684.65
920590,7011318,30107,7,903.96
920591,7011830,30080,12,514.27
920592,7005623,31260,10,182.62
920593,7004211,30594,7,224.88
920594,7013507,31038,10,235.5
920595,7011614,30565,7,261.24
920596,7004333,30159,9,319.57
920597,7004866,30573,10,1177.42
920598,7005104,31381,11,767.88
920599,7006925,30957,9,623.73
920600,7005094,30271,2,224.15
920601,7010259,31232,10,469.8
920602,7012324,30693,9,490.9
920603,7010820,31458,5,664.92
920604,7009947,31201,6,1022.79
920605,7001064,30535,12,707.65
920606,7014782,30018,2,681.01
920607,7003561,31238,12,331.25
920608,7005240,31498,2,1017.5
920609,7001049,30387,7,1040.71
920610,7006375,30364,9,661.41
920611,7008143,31236,9,893.74
920612,7004901,30486,11,38.74
920613,7014874,30551,2,290.05
920614,7006659,30092,3,1008.56
920615,7006086,30494,4,804.51
920616,7010127,30883,6,928.69
920617,7003768,30449,11,730.91
920618,7007450,31014,11,603.56
920619,7010116,30663,1,1054.17
920620,7004622,30068,10,918.59
920621,7010459,31152,4,941.32
920622,7010097,30231,3,739.42
920623,7001089,30666,12,
920624,7008802,30516,12,709.81
920625,7011024,30372,5,991.04
920626,7000442,31038,9,63.4
920627,7002864,31428,8,762.95
920628,7014647,30973,3,53.67
920629,7011307,30615,10,158.67
920630,7004467,30492,8,239.55
920631,7012332,31423,7,812.39
920632,7004101,30886,1,96.18
920633,7012615,30067,6,881.92
920634,7009011,30203,6,276.11
920635,7010671,31093,8,219.13
920636,7000944,30806,2,846.33
920637,7004465,31289,2,416.07
920638,7006124,31228,10,579.8
920639,7013539,30128,1,47.17
920640,7006616,30220,5,209.35
920641,7004227,30218,12,213.06
920642,7007551,30649,9,427.86
920643,7006746,31447,9,273.92
920644,7003598,30336,2,694.02
920645,7011904,31277,10,193.59
920646,7013579,30088,6,123.32
920647,7005345,31190,12,172.54
920648,7002064,30069,6,213.4
920649,7010066,30098,6,715.22
920650,7005839,31459,1,866.49
920651,7008579,30540,3,340.13
920652,7011053,31056,11,76.08
920653,7009708,31180,9,997.15
920654,7014527,30294,2,562.41
920655,7002911,30044,12,361.63
920656,7003950,31445,-12,877.83
920657,7008499,31354,1,1014.73
920658,7011264,30220,11,
920659,7005008,30966,2,446.25
920660,7004286,30504,9,
920661,7000177,30012,2,1000.37
920662,7013703,30689,12,347.22
920663,7012547,30438,1,170.14
920664,7000415,30411,12,501.91
920665,7004252,30425,2,416.21
920666,7008191,30527,5,1083.16
920667,7013395,30866,5,790.75
920668,7006411,30516,4,926.87
920669,7008242,30710,1,144.77
920670,7000940,31292,9,1196.78
920671,7011261,30262,3,698.89
920672,7003460,31139,8,175.62
920673,7000551,30534,2,548.65
920674,7001093,30686,4,630.37
920675,7004528,31159,1,610.89
920676,7012586,30707,4,153.23
920677,7010675,31364,5,107.27
920678,7000778,31196,-8,576.58
920679,7004229,30875,2,
920680,7000118,31034,7,737.93
920681,7014775,30587,5,864.57
920682,7007931,30132,6,529.37
920683,7011053,31369,3,370.5
920684,7003238,30912,7,19.48
920685,7007302,30446,3,955.76
920686,7008944,31269,5,840.75
920687,7007190,30328,6,707.47
920688,7005228,30993,9,614.78
920689,7012315,30245,9,772.53
920690,7011350,30981,4,970.25
920691,7005467,30132,12,
920692,7009102,31044,1,1037.9
920693,7014101,30198,10,1184.88
920694,7007902,30326,7,947.14
920695,7004845,31209,7,1043.42
920696,7014073,30194,7,850.12
920697,7003517,30037,11,27.34
920698,7005988,30262,12,1139.59
920699,7013717,30276,2,499.33
920700,7002304,30570,6,446.27
920701,7003462,30035,10,1074.31
920702,7001392,30441,7,592.01
920703,7010756,30389,11,830.38
920704,7011545,30117,12,900.26
920705,7008247,30640,8,956.72
920706,7000471,31407,4,441.72
920707,7002552,30307,8,483.38
920708,7000532,30167,9,756.18
920709,7013711,30329,1,886.41
920710,7014759,30280,12,989.52
920711,7009231,30264,12,1199.74
920712,7001387,31280,1,939.94
920713,7007738,30505,5,439.16
920714,7010854,30821,2,795.7
920715,7011915,31353,11,212.95
920716,7009750,30474,10,183.12
920717,7001344,30146,2,834.8
920718,7004238,30032,3,997.89
920719,7013441,30090,12,434.72
920720,7009155,31317,11,689.64
920721,7008519,31438,12,757.81
920722,7002238,30104,5,985.34
920723,7002008,30413,8,742.64
920724,7009745,30911,-2,783.21
920725,7001086,31121,2,
920726,7003581,31479,3,1010.19
920727,7013199,31047,7,832.62
920728,7009343,31456,7,1061.39
920729,7006910,30086,4,213.46
920730,7009330,31405,5,17.97
920731,7004307,31328,9,882.14
920732,7008623,30658,3,236.68
920733,7010370,30903,8,462.01
920734,7003037,30922,4,1173.88
920735,7007425,31401,5,818.16
920736,7003194,30426,11,513.64
920737,7005988,30009,8,101.49
920738,7003420,31344,7,378.51
920739,7005079,30210,1,526.95
920740,7004041,30944,1,778.31
920741,7014237,30817,12,130.02
920742,7011985,30734,1,344.22
920743,7009152,30182,-1,352.48
920744,7012846,30734,10,432.54
920745,7003395,30371,8,681.28
920746,7005864,30850,2,964.54
920747,7002676,30508,2,614.35
920748,7008307,30341,7,1025.52
920749,7012849,30935,7,380.72
920750,7001609,31474,5,1035.01
920751,7001621,31244,6,215.0
920752,7006109,31362,6,415.95
920753,7003115,31089,11,347.63
920754,7009340,31455,12,1099.62
920755,7001038,31401,10,880.44
920756,7004433,30329,1,49.09
920757,7010034,30762,2,728.99
920758,7004018,31163,3,78.63
920759,7009711,30681,2,321.13
920760,7009543,30100,-1,1010.57
920761,7011760,30344,10,
920762,7002729,30658,10,468.12
920763,7013293,30204,10,711.99
920764,7006462,31271,6,1010.12
920765,7014066,30390,6,568.66
920766,7000608,31489,9,893.57
920767,7001488,31274,8,464.27
920768,7004229,31168,7,192.53
920769,7002171,31376,9,
920770,7003656,30105,5,1075.29
920771,7002746,31036,12,
920772,7008565,31188,1,508.69
920773,7001877,31075,12,1197.87
920774,7014795,30730,2,815.23
920775,7007932,30268,12,1099.21
920776,7002239,31242,8,175.28
920777,7011466,30538,2,1030.74
920778,7000062,30030,4,69.2
920779,7010555,30702,11,863.13
920780,7005819,31154,9,308.75
920781,7008707,30232,7,1042.01
920782,7008183,30531,1,504.52
920783,7002576,31377,5,211.46
920784,7005286,30655,6,952.09
920785,7000807,31451,8,864.52
920786,7009783,30361,11,29.55
920787,7013087,31446,2,63.49
920788,7000103,30005,12,514.32
920789,7010952,30396,4,1183.72
920790,7006478,30590,4,661.43
920791,7007314,30792,6,266.0
920792,7013310,31267,3,
920793,7002839,30908,9,
920794,7002441,30402,12,704.9
920795,7014376,31288,5,823.64
920796,7001647,30395,9,874.75
920797,7009849,31143,8,1128.2
920798,7001556,30080,-10,192.2
920799,7001749,31434,2,60.95
920800,7005220,30003,9,299.29
920801,7010506,30769,2,836.37
920802,7005686,31265,3,1151.51
920803,7000633,30884,8,721.85
920804,7007460,30205,5,760.76
920805,7002798,30024,6,165.07
920806,7009519,30789,8,369.4
920807,7014331,30470,2,198.47
920808,7001344,30929,8,1122.62
920809,7005813,30317,2,478.36
920810,7010354,30973,10,465.35
920811,7008278,31227,1,975.47
920812,7001307,30200,3,520.94
920813,7010205,31116,8,
920814,7003670,30881,7,605.62
920815,7002025,30432,3,490.87
920816,7012066,30371,2,1078.66
920817,7011217,30992,1,670.53
920818,7013220,30577,10,463.11
920819,7009364,30569,9,992.3
920820,7014358,30236,11,545.62
920821,7005042,31129,6,1049.67
920822,7012841,31236,8,1018.27
920823,7007956,31500,2,
920824,7007289,30475,6,42.45
920825,7003339,31413,10,1093.16
920826,7011324,30325,1,78.8
920827,7007473,31327,12,291.12
920828,7000419,30614,8,79.15
920829,7011690,31462,10,1119.26
920830,7010726,30743,9,925.72
920831,7005370,30082,9,732.5
920832,7011610,30908,12,923.23
920833,7009615,30788,12,475.59
920834,7003554,30596,3,139.0
920835,7013313,30415,6,208.67
920836,7012345,31490,9,752.82
920837,7005743,30461,7,142.79
920838,7012744,30299,11,753.82
920839,7007402,30206,1,1163.68
920840,7014040,31184,10,469.37
920841,7004281,30430,1,1040.15
920842,7006888,30524,8,923.47
920843,7013996,30643,7,440.11
920844,7011566,31232,6,483.41
920845,7004900,30274,10,138.57
920846,7003037,31033,7,
920847,7003473,30657,3,1136.99
920848,7009395,30408,11,254.0
920849,7000486,30465,1,603.42
920850,7009476,30093,10,256.47
920851,7002515,30674,9,917.14
920852,7003626,30848,10,216.42
920853,7014642,30127,8,982.42
920854,7005559,31179,5,416.91
920855,7010968,31001,9,132.96
920856,7006129,30318,3,128.76
920857,7014905,31261,1,646.61
920858,7009562,30576,12,227.1
920859,7002702,30526,4,164.83
920860,7014570,30444,4,178.48
920861,7008342,30554,5,808.23
920862,7004592,30475,9,420.85
920863,7014097,31089,3,378.38
920864,7004127,30722,7,216.52
920865,7014596,30871,6,166.79
920866,7007457,30589,4,1038.79
920867,7004202,30486,1,572.82
920868,7010610,30303,8,829.38
920869,7013660,31215,8,988.04
920870,7001794,30690,5,919.57
920871,7011349,30334,10,1153.55
920872,7003393,30889,12,293.03
920873,7003243,30703,8,283.05
920874,7012428,31378,2,723.24
920875,7010030,30409,7,864.49
920876,7006828,31205,8,99.08
920877,7000479,30317,5,610.32
920878,7013634,30824,8,1147.09
920879,7006602,30912,10,107.21
920880,7001006,31324,9,343.17
920881,7011611,30318,9,270.01
920882,7013908,31451,2,1009.88
920883,7001892,30606,1,1147.4
920884,7013883,30452,3,997.25
920885,7002972,30357,2,146.23
920886,7004749,31234,7,1135.24
920887,7004769,30691,11,751.27
920888,7008028,30335,4,642.7
920889,7009723,31176,12,635.48
920890,7003539,30887,3,1053.68
920891,7014097,30119,8,813.65
920892,7009263,31490,8,
920893,7005777,30742,6,214.23
920894,7009111,30365,11,983.94
920895,7011748,30059,6,927.41
920896,7014726,30568,7,574.99
920897,7009230,31043,9,1168.69
920898,7011481,30693,5,
920899,7004518,30016,-2,851.07
920900,7001763,31138,1,
920901,7014198,30545,11,324.62
920902,7003887,30664,1,176.56
920903,7002077,31184,3,678.33
920904,7005618,30695,12,675.75
920905,7005526,30944,4,151.59
920906,7000686,30278,3,684.06
920907,7005201,30668,9,160.14
920908,7005596,30764,1,327.49
920909,7008923,31372,4,279.88
920910,7010725,30400,9,1037.76
920911,7012077,30195,5,857.42
920912,7012584,30645,10,535.69
920913,7006349,31400,1,37.46
920914,7004052,31122,11,633.19
920915,7005314,30222,3,358.67
920916,7005091,31352,2,515.44
920917,7014895,30543,4,721.81
920918,7008598,31156,12,306.29
920919,7005679,31394,9,868.35
920920,7011907,31399,6,77.68
920921,7003866,31130,2,651.33
920922,7006936,31087,12,1113.35
920923,7007288,31133,-7,178.65
920924,7004900,31123,2,269.01
920925,7006795,30872,4,
920926,7003463,30257,6,123.96
920927,7010730,31064,11,627.62
920928,7007224,30509,6,546.51
920929,7013623,30412,12,695.58
920930,7002631,31369,3,348.63
920931,7009919,30298,5,746.14
920932,7014344,31369,3,802.89
920933,7004306,31179,11,78.61
920934,7013344,30596,9,656.01
920935,7006860,30241,4,1191.87
920936,7014378,31426,5,1115.33
920937,7004622,30647,7,691.37
920938,7012177,30888,5,792.42
920939,7012509,30233,12,321.95
920940,7011351,30870,12,674.22
920941,7006674,31411,3,197.1
920942,7010373,30906,8,842.41
920943,7008546,30391,11,958.17
920944,7013604,30992,4,58.11
920945,7011639,30357,8,22.21
920946,7006864,31469,10,421.73
920947,7000260,31180,8,1022.99
920948,7013997,31371,3,934.12
920949,7002130,30897,6,862.73
920950,7003475,31235,8,1042.4
920951,7007595,30826,12,132.75
920952,7002587,30139,4,92.08
920953,7008024,30515,9,1154.15
920954,7006457,30430,3,
920955,7012094,30369,2,954.87
920956,7011197,30526,9,
920957,7013406,30477,3,1013.55
920958,7004492,30748,8,771.16
920959,7013598,31381,1,881.35
920960,7012539,31026,7,111.92
920961,7012932,31262,7,695.86
920962,7005162,31405,9,1098.43
920963,7011931,31088,9,331.12
920964,7001206,31220,1,
920965,7010407,31419,8,225.96
920966,7006254,30647,1,405.17
920967,7013135,30377,11,531.49
920968,7007121,31099,12,859.68
920969,7004712,30303,4,207.08
920970,7006302,31077,4,114.4
920971,7000786,30130,8,1081.69
920972,7011910,30083,4,932.23
920973,7001227,30151,2,272.02
920974,7001532,30827,9,886.11
920975,7000541,30166,9,1168.23
920976,7002888,30506,8,1173.32
920977,7012373,30393,1,572.69
920978,7003278,30247,5,
920979,7007292,30556,3,439.24
920980,7011778,30062,6,1031.49
920981,7011751,30358,4,62.41
920982,7010604,30268,10,
920983,7002435,31461,3,689.89
920984,7013854,30919,2,1134.59
920985,7000875,31108,11,991.77
920986,7002970,30916,5,406.08
920987,7005512,30431,7,921.79
920988,7001444,31142,1,747.43
920989,7004433,30949,-12,73.65
920990,7007018,31367,1,1151.46
920991,7003150,30657,1,651.05
920992,7007263,31330,3,736.68
920993,7012070,30117,3,675.52
920994,7004477,30660,5,952.99
920995,7012815,30895,7,647.54
920996,7008049,31096,4,239.38
920997,7012982,31369,9,635.04
920998,7014817,30189,3,177.25
920999,7007383,30949,7,70.98
921000,7001418,30909,3,1093.55
921001,7008507,30443,4,1011.66
921002,7006316,30870,4,931.51
921003,7014609,30442,12,167.16
921004,7001174,31217,12,743.15
921005,7009469,30608,12,
921006,7002043,30414,1,414.61
921007,7013170,31349,3,1199.91
921008,7002771,30313,6,761.9
921009,7013562,30822,2,864.38
921010,7003895,30091,11,621.12
921011,7009908,30402,1,135.82
921012,7011332,30235,12,16.07
921013,7003883,30937,3,
921014,7006565,31060,8,881.57
921015,7005014,30178,8,1078.01
921016,7002857,31244,3,1038.48
921017,7012012,30811,10,809.33
921018,7012891,30614,12,438.29
921019,7009213,31301,11,387.26
921020,7006422,30564,10,1104.6
921021,7006862,30146,3,665.66
921022,7011990,30055,4,962.62
921023,7003638,30280,4,279.47
921024,7000476,30708,9,484.58
921025,7002893,31042,6,317.3
921026,7004199,31267,2,767.14
921027,7008950,30194,4,116.55
921028,7006666,30568,8,529.3
921029,7006002,31143,1,372.74
921030,7005061,31041,7,338.18
921031,7010761,30034,8,70.61
921032,7005745,30818,7,918.11
921033,7004626,31328,3,341.17
921034,7003532,30795,7,987.38
921035,7008201,30341,5,53.16
921036,7003466,30341,8,197.91
921037,7000035,31229,9,940.12
921038,7008321,30116,2,469.48
921039,7014248,30556,7,865.25
921040,7003016,30099,10,99.0
921041,7002536,30700,4,697.97
921042,7006053,31471,9,240.86
921043,7009227,30771,1,423.57
921044,7002812,31367,2,687.36
921045,7007082,30292,7,
921046,7007323,31430,5,156.98
921047,7005793,30297,6,838.43
921048,7009562,30193,3,792.02
921049,7012717,31374,12,437.32
921050,7003867,30596,2,160.59
921051,7009359,30746,10,621.81
921052,7013654,30177,8,809.52
921053,7008074,30378,12,1047.42
921054,7014625,30617,6,680.79
921055,7009344,31331,12,
921056,7000707,30177,2,272.93
921057,7011094,31142,10,676.01
921058,7013419,31060,5,943.54
921059,7007573,31114,6,484.9
921060,7014618,31206,7,554.51
921061,7013228,30375,5,657.9
921062,7005546,31209,11,602.78
921063,7012982,31351,2,717.36
921064,7014155,30272,5,967.21
921065,7000409,31204,11,1026.19
921066,7005097,30107,7,489.33
921067,7006391,31159,2,629.41
921068,7003036,30120,1,74.23
921069,7013537,30700,12,462.88
921070,7005610,30688,8,1044.96
921071,7002475,30983,8,193.56
921072,7013296,30235,5,336.57
921073,7010130,30066,10,978.76
921074,7014635,30201,3,931.94
921075,7006243,30274,10,745.53
921076,7014090,31109,6,648.41
921077,7012435,30578,8,286.26
921078,7009145,30455,2,490.98
921079,7002330,30825,2,478.8
921080,7008622,31428,2,577.84
921081,7010669,30613,7,1196.68
921082,7000516,31079,4,117.96
921083,7003854,30526,5,694.69
921084,7006248,30510,8,925.69
921085,7006437,30344,10,715.79
921086,7010321,31288,4,49.94
921087,7014421,31274,7,310.47
921088,7010929,31221,11,123.56
921089,7001631,31146,10,529.11
921090,7010302,31128,12,520.7
921091,7014689,31284,11,1123.86
921092,7011706,30901,2,268.74
921093,7010025,30812,7,1030.71
921094,7000407,30030,5,793.93
921095,7002274,30007,7,923.42
921096,7007227,30493,11,436.78
921097,7005415,30465,8,563.62
921098,7009319,30871,8,766.41
921099,7010332,30481,12,387.56
921100,7014322,30738,2,39.91
921101,7006394,30791,4,1103.91
921102,7009480,31332,2,233.76
921103,7013979,30137,8,1130.02
921104,7006911,31395,4,92.09
921105,7011859,30956,3,831.78
921106,7002664,30495,4,268.29
921107,7002160,30251,8,707.83
921108,7003411,30826,8,1031.98
921109,7005546,31380,6,
921110,7004062,30816,2,240.41
921111,7007663,30419,4,795.6
921112,7011946,30641,3,141.82
921113,7000746,30879,5,1192.53
921114,7000408,31446,10,666.34
921115,7004955,30468,2,155.7
921116,7008138,30871,3,1186.64
921117,7007969,30287,2,724.45
921118,7014906,31024,4,983.76
921119,7014428,30713,4,129.85
921120,7011411,30078,7,294.76
921121,7002024,31006,9,127.91
921122,7000105,30661,4,834.82
921123,7004931,30280,9,507.13
921124,7000914,30989,9,766.99
921125,7003431,30324,3,30.7
921126,7003291,31149,12,400.26
921127,7006000,30986,8,127.17
921128,7010380,31233,11,
921129,7013945,30411,-7,820.89
921130,7000772,30485,4,250.23
921131,7005116,31295,7,437.54
921132,7000224,30416,9,702.3
921133,7000075,31181,1,57.77
921134,7000207,30319,7,774.4
921135,7009780,31494,2,1054.16
921136,7008246,30196,11,
921137,7010383,31324,6,228.59
921138,7002181,31076,9,1023.97
921139,7011126,31463,11,984.2
921140,7007618,31405,4,555.94
921141,7008489,31019,8,100.38
921142,7012557,30731,12,761.23
921143,7009604,30271,6,54.64
921144,7010909,31033,5,854.39
921145,7000189,31195,6,125.49
921146,7004653,30199,12,10.66
921147,7007173,30056,10,857.82
921148,7012539,31133,7,454.47
921149,7004807,30275,1,86.37
921150,7012734,30549,4,709.74
921151,7000138,30098,10,390.95
921152,7005449,31469,1,
921153,7002309,31192,7,858.09
921154,7001984,30466,9,302.25
921155,7012979,31280,9,138.58
921156,7010991,30892,6,442.57
921157,7007391,30996,6,727.51
921158,7009509,31041,9,971.48
921159,7002481,30256,10,490.5
921160,7009058,30842,11,689.25
921161,7010270,30863,1,845.59
921162,7014825,30231,10,274.14
921163,7009807,30337,5,881.13
921164,7010298,30146,11,
921165,7001338,31127,10,438.08
921166,7001778,30264,9,1064.8
921167,7013678,30400,10,560.62
921168,7000627,30316,4,389.43
921169,7007496,31184,5,422.67
921170,7003036,31440,2,
921171,7008400,30639,5,516.63
921172,7004829,31150,12,
921173,7003784,30175,9,983.8
921174,7009897,30301,8,1002.89
921175,7013409,30975,10,984.27
921176,7011547,30245,10,532.02
921177,7008902,30867,1,281.14
921178,7014369,30421,10,1130.22
921179,7000376,30403,6,166.32
921180,7004658,31114,7,349.64
921181,7013580,30128,12,80.79
921182,7004793,30195,7,1139.68
921183,7013453,31008,6,898.28
921184,7008772,30656,-5,553.26
921185,7014267,30161,3,770.81
921186,7007968,31479,12,135.6
921187,7004325,30431,2,440.0
921188,7002098,31107,1,230.21
921189,7005630,31008,2,236.88
921190,7001935,30178,12,947.82
921191,7007951,30126,9,751.11
921192,7008594,30499,11,309.15
921193,7007526,30602,12,122.18
921194,7008180,31325,8,1199.4
921195,7010696,30912,12,755.28
921196,7007473,31083,2,206.75
921197,7009051,30829,7,
921198,7000108,30483,8,1126.66
921199,7011964,31471,2,651.07
921200,7005279,30885,3,1119.24
921201,7013648,30120,2,493.42
921202,7008115,30825,2,991.9
921203,7001703,30672,12,
921204,7010202,30998,9,379.77
921205,7002538,30600,5,480.76
921206,7012245,30207,12,1044.07
921207,7003426,31268,5,706.82
921208,7008628,31115,4,568.33
921209,7013124,31005,3,1052.59
921210,7012558,31057,11,339.76
921211,7006226,31354,7,871.05
921212,7004132,30170,1,781.46
921213,7005674,30895,5,227.01
921214,7005457,31334,9,56.89
921215,7004015,30128,11,280.77
921216,7014229,30123,2,875.0
921217,7006863,31173,8,445.65
921218,7000275,31333,5,840.74
921219,7007974,30979,8,381.76
921220,7006366,31383,11,760.76
921221,7003103,30062,6,174.53
921222,7012358,31305,8,17.05
921223,7014544,31493,10,576.87
921224,7008112,30135,8,25.04
921225,7005080,30018,5,853.39
921226,7006733,30917,3,
921227,7000429,30276,12,
921228,7012032,30230,9,909.2
921229,7008790,30007,8,643.18
921230,7013918,30934,12,394.85
921231,7010737,31091,11,759.04
921232,7000600,31445,10,280.13
921233,7009080,31382,9,29.82
921234,7007467,30595,9,1092.12
921235,7012839,31409,1,613.46
921236,7000325,30356,10,1186.96
921237,7013235,30037,7,545.54
921238,7011644,30352,4,
921239,7005168,30192,6,463.43
921240,7012443,30840,5,58.26
921241,7000625,30861,4,1162.39
921242,7000047,30399,2,525.89
921243,7003827,31359,10,321.91
921244,7014359,30108,7,598.07
921245,7007788,30654,10,996.64
921246,7012554,30854,4,100.69
