employee_id,store_id,employee_name,role,gender,monthly_salary_inr,joining_date,employment_status,clean_store_id,salary_status,work_status
100001,6064,Kabir Parmer,Store Manager,Male,63640.0,2024-03-25,Active,6064,Normal,Currently Working
100002,6100,Riya Thaman,Picker,Male,64992.0,2024-05-09,Resigned,6100,Normal,Resigned
100003,6109,Banjeet De,Delivery Rider,Female,47002.0,2024-09-02,On Leave,6109,Normal,On Leave
100004,6115,Yasti Buch,Picker,Female,40236.0,2022-12-17,Active,6115,Normal,Currently Working
100005,6114,Laban Bal,Delivery Rider,Male,19389.0,2022-11-06,Active,6114,Normal,Currently Working
100006,6021,Rishi Deep,Delivery Rider,Male,56778.0,2026-01-22,Resigned,6021,Normal,Resigned
100007,6050,Bhavna Gandhi,Packer,Female,24820.0,2026-07-23,Active,6050,Normal,Currently Working
100008,6090,Dominic Panchal,Inventory Associate,Female,54208.0,2025-05-17,Active,6090,Normal,Currently Working
100009,6129,Nathan Naik,Picker,Female,54361.0,2025-01-26,Active,6129,Normal,Currently Working
100010,6047,Tanmayi Dhawan,Delivery Rider,Female,32231.0,2026-03-20,Active,6047,Normal,Currently Working
100011,6030,Sathvik Lall,Delivery Rider,Female,43690.0,2023-08-25,Active,6030,Normal,Currently Working
100012,6138,Eiravati Pradhan,Delivery Rider,Female,31350.0,2025-02-03,Active,6138,Normal,Currently Working
100013,6085,Netra Edwin,Picker,Female,54329.0,2022-10-11,Active,6085,Normal,Currently Working
100014,6150,Falak Puri,Quality Checker,Unknown,16214.0,2025-03-06,Active,6150,Normal,Currently Working
100015,6107,Ishwar Wali,Quality Checker,Male,28893.0,2023-04-22,Active,6107,Normal,Currently Working
100016,6091,Sneha Verma,Inventory Associate,Male,49003.0,2022-10-28,Resigned,6091,Normal,Resigned
100017,6053,Zayyan Wason,Quality Checker,Male,24395.0,2024-12-13,Active,6053,Normal,Currently Working
100018,6116,Kamya Lanka,Picker,Male,57612.0,2025-02-24,Active,6116,Normal,Currently Working
100019,6015,Madhav Parsa,Quality Checker,Male,43081.0,2024-02-18,On Leave,6015,Normal,On Leave
100020,6043,Riya Karpe,Delivery Rider,Unknown,15653.0,2023-12-15,Active,6043,Normal,Currently Working
100021,6004,Chaman Varty,Store Manager,Female,47964.0,2023-05-04,Active,6004,Normal,Currently Working
100022,6045,Aarav Bandi,Inventory Associate,Male,17177.0,2023-08-24,On Leave,6045,Normal,On Leave
100023,6002,Rachana Sahni,Delivery Rider,Female,44491.0,2023-07-08,Active,6002,Normal,Currently Working
100024,6027,Kevin Suresh,Inventory Associate,Female,22078.0,2024-09-06,Active,6027,Normal,Currently Working
100025,6014,Anthony Bhagat,Inventory Associate,Female,42577.0,2023-07-17,Active,6014,Normal,Currently Working
100026,6056,Daksha Cherian,Picker,Unknown,31063.0,2022-08-22,Active,6056,Normal,Currently Working
100027,6084,Odika Mitra,Store Manager,Female,29674.0,2024-09-21,Active,6084,Normal,Currently Working
100028,6138,Jeevika Soman,Picker,Female,38424.5,2024-12-26,Resigned,6138,Normal,Resigned
100029,6055,Yagnesh Dixit,Delivery Rider,Male,51041.0,2023-04-07,Active,6055,Normal,Currently Working
100030,6042,Maanav Madan,Quality Checker,Female,39702.5,2024-06-07,Active,6042,Normal,Currently Working
100031,6018,Advay Bhalla,Delivery Rider,Male,63923.0,2024-03-28,Resigned,6018,Normal,Resigned
100032,6017,Sachi Vasa,Delivery Rider,Male,27314.0,2025-03-18,Resigned,6017,Normal,Resigned
100033,6074,Noah Acharya,Picker,Male,63634.0,2025-07-25,Active,6074,Normal,Currently Working
100034,6067,Nidra Grewal,Delivery Rider,Male,39424.5,2022-10-22,Active,6067,Normal,Currently Working
100035,6129,Henry Arora,Picker,Male,16030.0,2023-08-01,Active,6129,Normal,Currently Working
100036,6013,Lucky Sachdev,Store Manager,Female,19956.0,2025-01-30,On Leave,6013,Normal,On Leave
100037,6135,Owen Trivedi,Store Manager,Male,38812.0,2023-06-06,On Leave,6135,Normal,On Leave
100038,6127,Chanakya Sridhar,Quality Checker,Male,24413.0,2023-11-14,Active,6127,Normal,Currently Working
100039,6128,Keya Sarkar,Packer,Male,64253.0,2025-06-29,Active,6128,Normal,Currently Working
100040,6027,Faris Sethi,Quality Checker,Male,39860.0,2025-08-11,On Leave,6027,Normal,On Leave
100041,6007,Advika Kata,Quality Checker,Female,42053.0,2023-05-02,On Leave,6007,Normal,On Leave
100042,6060,Gautami Lall,Picker,Female,63445.0,2025-03-16,Active,6060,Normal,Currently Working
100043,6149,Rajata Virk,Quality Checker,Male,43511.0,2025-06-23,Active,6149,Normal,Currently Working
100044,6113,Teerth Chada,Inventory Associate,Male,35892.0,2026-07-08,Active,6113,Normal,Currently Working
100045,6050,Omkaar Lad,Inventory Associate,Male,54457.0,2026-02-24,Active,6050,Normal,Currently Working
100046,6134,Nathaniel Narain,Quality Checker,Female,26404.0,2026-04-01,Active,6134,Normal,Currently Working
100047,6027,Falguni Khare,Store Manager,Female,23720.0,2023-05-26,On Leave,6027,Normal,On Leave
100048,6051,Urmi Wali,Picker,Female,32402.0,2024-02-24,Active,6051,Normal,Currently Working
100049,6103,Rajeshri Kaur,Delivery Rider,Female,55443.0,2025-06-03,Resigned,6103,Normal,Resigned
100050,6002,Simon Raman,Store Manager,Female,52497.0,2024-11-29,Active,6002,Normal,Currently Working
100051,6150,Onveer Dhillon,Store Manager,Female,22140.0,2025-02-13,Active,6150,Normal,Currently Working
100052,6108,Hredhaan Edwin,Store Manager,Female,55262.0,2022-10-06,On Leave,6108,Normal,On Leave
100053,6006,Ayush Balasubramanian,Delivery Rider,Male,25997.0,2024-01-04,Active,6006,Normal,Currently Working
100054,6126,Ekansh Batra,Picker,Male,28279.0,2022-10-18,Active,6126,Normal,Currently Working
100055,6090,Ryan Walla,Picker,Male,27433.0,2022-11-23,Active,6090,Normal,Currently Working
100056,6134,Leena Chhabra,Quality Checker,Female,43944.0,2026-03-13,On Leave,6134,Normal,On Leave
100057,6032,Isaac Bandi,Quality Checker,Unknown,31980.0,2023-08-14,On Leave,6032,Normal,On Leave
100058,6091,Bhavna Sood,Inventory Associate,Male,62593.0,2022-10-08,Active,6091,Normal,Currently Working
100059,6119,Samarth Menon,Store Manager,Female,64895.0,2023-01-11,Active,6119,Normal,Currently Working
100060,6144,Advika Bail,Store Manager,Female,55864.0,2023-11-28,On Leave,6144,Normal,On Leave
100061,6076,Chanakya Pillai,Packer,Female,29103.0,2024-01-13,Active,6076,Normal,Currently Working
100062,6048,Bhavna Balasubramanian,Picker,Male,32429.0,2026-04-09,Active,6048,Normal,Currently Working
100063,6125,Rajata Venkataraman,Delivery Rider,Male,57205.0,2025-10-14,Resigned,6125,Normal,Resigned
100064,6015,Upasna Bava,Picker,Male,23201.0,2025-09-21,Resigned,6015,Normal,Resigned
100065,6003,Gavin Mani,Store Manager,Male,30385.0,2024-10-12,Resigned,6003,Normal,Resigned
100066,6048,Saksham Mani,Picker,Male,27666.0,2023-04-24,Active,6048,Normal,Currently Working
100067,6024,Aayush Pall,Inventory Associate,Female,27965.0,2025-09-05,On Leave,6024,Normal,On Leave
100068,6030,Qarin Talwar,Picker,Male,23131.0,2024-08-05,On Leave,6030,Normal,On Leave
100069,6037,Nathan Mander,Picker,Female,49359.0,2024-12-31,Active,6037,Normal,Currently Working
100070,6120,Wishi Gandhi,Picker,Female,44524.0,2025-11-22,Active,6120,Normal,Currently Working
100071,6047,Vritti Cheema,Quality Checker,Female,15347.0,2023-01-26,Active,6047,Normal,Currently Working
100072,6131,Girish Rattan,Picker,Female,38424.5,2025-02-21,Active,6131,Normal,Currently Working
100073,6087,Pahal Bakshi,Picker,Female,45099.0,2026-05-06,Active,6087,Normal,Currently Working
100074,6112,Adya Sangha,Quality Checker,Female,17455.0,2024-02-13,Resigned,6112,Normal,Resigned
100075,6104,Ladli Kaur,Quality Checker,Male,47189.0,2026-03-27,On Leave,6104,Normal,On Leave
100076,6085,Bahadurjit Pall,Store Manager,Male,22360.0,2026-05-29,Resigned,6085,Normal,Resigned
100077,6103,Shravya Naik,Delivery Rider,Male,40114.0,2024-12-15,Resigned,6103,Normal,Resigned
100078,6016,Aarini Kashyap,Delivery Rider,Male,58151.0,2023-04-23,Active,6016,Normal,Currently Working
100079,6055,Wazir Tripathi,Delivery Rider,Female,54978.0,2023-02-19,Resigned,6055,Normal,Resigned
100080,6108,Mohammed Dugal,Picker,Unknown,23089.0,2023-05-25,Active,6108,Normal,Currently Working
100081,6048,Ijaya Dyal,Delivery Rider,Male,42224.0,2026-07-13,Active,6048,Normal,Currently Working
100082,6146,Aarna Chaudry,Delivery Rider,Male,41595.0,2023-07-30,On Leave,6146,Normal,On Leave
100083,6004,Rohan Rajagopalan,Delivery Rider,Male,57214.0,2023-04-16,On Leave,6004,Normal,On Leave
100084,6027,Chasmum Mishra,Picker,Female,23946.0,2023-03-27,Active,6027,Normal,Currently Working
100085,6032,Ikbal Chhabra,Picker,Female,22452.0,2024-05-15,Resigned,6032,Normal,Resigned
100086,6116,Ucchal Bandi,Packer,Male,62971.0,2023-10-03,Active,6116,Normal,Currently Working
100087,6076,Tristan Tella,Picker,Female,30649.0,2022-09-06,Active,6076,Normal,Currently Working
100088,6004,Ubika Bains,Picker,Female,61804.0,2026-07-22,Resigned,6004,Normal,Resigned
100089,6016,Abdul Kibe,Quality Checker,Male,61694.0,2023-03-14,Active,6016,Normal,Currently Working
100090,6093,Oviya Karnik,Packer,Female,45258.0,2026-04-06,Active,6093,Normal,Currently Working
100091,6086,Pratyush Dash,Inventory Associate,Unknown,56660.0,2025-04-20,Active,6086,Normal,Currently Working
100092,6004,Abha Chaudhari,Packer,Male,52316.0,2024-06-12,On Leave,6004,Normal,On Leave
100093,6097,Mugdha Dugar,Store Manager,Female,14110.0,2026-03-18,Active,6097,Normal,Currently Working
100094,6011,Vasudha Shah,Inventory Associate,Female,51480.0,2023-08-19,Resigned,6011,Normal,Resigned
100095,6128,Zarna Goswami,Quality Checker,Male,50285.0,2022-09-16,Resigned,6128,Normal,Resigned
100096,6080,Advaith Ramachandran,Delivery Rider,Female,60421.0,2026-03-17,Resigned,6080,Normal,Resigned
100097,6099,Balvan Krishnamurthy,Picker,Male,37272.0,2025-12-16,Resigned,6099,Normal,Resigned
100098,6067,Ryan Venkataraman,Quality Checker,Female,27229.0,2024-10-20,Resigned,6067,Normal,Resigned
100099,6093,Samarth Soni,Quality Checker,Female,23765.0,2024-01-09,On Leave,6093,Normal,On Leave
100100,6028,Hemal Roy,Quality Checker,Female,19356.0,2024-09-05,Active,6028,Normal,Currently Working
100101,6133,Shivansh Gour,Delivery Rider,Unknown,51058.0,2025-08-07,Active,6133,Normal,Currently Working
100102,6110,Ishani Bhalla,Picker,Female,53893.0,2024-03-14,Active,6110,Normal,Currently Working
100103,6052,Mugdha Bhat,Packer,Female,40162.0,2023-08-22,Active,6052,Normal,Currently Working
100104,6125,Osha Pandey,Picker,Male,21858.0,2022-09-07,Resigned,6125,Normal,Resigned
100105,6023,Udarsh Mitter,Delivery Rider,Female,24467.0,2024-12-13,Active,6023,Normal,Currently Working
100106,6045,Manya Shere,Delivery Rider,Male,17884.0,2025-08-06,Resigned,6045,Normal,Resigned
100107,6067,Ekapad Hans,Picker,Male,34819.0,2023-06-24,Active,6067,Normal,Currently Working
100108,7004,Madhav Pandit,Picker,Female,35228.0,2024-07-04,Active,6005,Normal,Currently Working
100109,6098,Upadhriti Menon,Packer,Female,23381.0,2025-04-18,On Leave,6098,Normal,On Leave
100110,6010,Upasna Pant,Packer,Unknown,54544.0,2025-09-02,Active,6010,Normal,Currently Working
100111,6025,Amara Puri,Delivery Rider,Male,43644.0,2025-10-06,Active,6025,Normal,Currently Working
100112,6030,Quincy Subramaniam,Quality Checker,Female,62238.0,2025-05-19,Resigned,6030,Normal,Resigned
100113,6113,Ishita Konda,Packer,Male,30171.0,2022-08-22,Resigned,6113,Normal,Resigned
100114,6086,Varsha Sundaram,Packer,Male,34844.0,2025-04-01,Active,6086,Normal,Currently Working
100115,6015,Janani Dua,Store Manager,Male,32758.0,2024-05-06,Active,6015,Normal,Currently Working
100116,6067,Dakshesh Chada,Store Manager,Female,32967.0,2026-05-06,Active,6067,Normal,Currently Working
100117,6005,Logan Wali,Picker,Male,23184.0,2025-12-10,Resigned,6005,Normal,Resigned
100118,6048,Advay Kadakia,Quality Checker,Unknown,40800.0,2025-12-15,Active,6048,Normal,Currently Working
100119,6134,Zashil Chaudhuri,Store Manager,Female,53364.0,2026-06-09,Resigned,6134,Normal,Resigned
100120,6045,Quincy Seth,Store Manager,Female,60383.0,2024-12-11,Active,6045,Normal,Currently Working
100121,6017,Sathvik Rau,Delivery Rider,Female,47977.0,2024-01-07,Resigned,6017,Normal,Resigned
100122,6127,Gautam Mishra,Picker,Male,64002.0,2025-10-18,Active,6127,Normal,Currently Working
100123,6048,Farhan Sarna,Quality Checker,Male,38324.0,2023-06-03,Active,6048,Normal,Currently Working
100124,6115,Jagat Lalla,Picker,Male,30038.0,2025-04-25,Active,6115,Normal,Currently Working
100125,6148,Urvashi Tailor,Delivery Rider,Male,61903.0,2024-04-22,Resigned,6148,Normal,Resigned
100126,6035,Unni Dhawan,Delivery Rider,Female,28660.0,2024-11-10,Active,6035,Normal,Currently Working
100127,6008,Wishi Gala,Delivery Rider,Male,62414.0,2025-06-07,Resigned,6008,Normal,Resigned
100128,6114,Naveen Nagi,Picker,Male,60995.0,2024-10-15,On Leave,6114,Normal,On Leave
100129,6150,Chaman Shroff,Inventory Associate,Male,40584.0,2024-07-02,Active,6150,Normal,Currently Working
100130,6038,Faqid Gole,Picker,Female,15212.0,2024-02-17,On Leave,6038,Normal,On Leave
100131,6135,Ansh Bath,Delivery Rider,Female,17405.0,2025-03-06,Active,6135,Normal,Currently Working
100132,6112,Girindra Uppal,Quality Checker,Female,17509.0,2025-05-12,Active,6112,Normal,Currently Working
100133,6003,Bahadurjit Kala,Quality Checker,Male,18539.0,2024-07-26,Active,6003,Normal,Currently Working
100134,6058,Hamsini Chandra,Packer,Female,64893.0,2025-07-03,Active,6058,Normal,Currently Working
100135,6009,Harita Som,Inventory Associate,Female,55172.0,2026-01-28,Resigned,6009,Normal,Resigned
100136,6065,Bhanumati Saran,Picker,Unknown,29509.0,2025-09-29,Active,6065,Normal,Currently Working
100137,6043,Charles Mann,Picker,Male,47671.0,2023-12-31,On Leave,6043,Normal,On Leave
100138,6131,Netra Nath,Packer,Male,51836.0,2023-10-20,Active,6131,Normal,Currently Working
100139,6074,Yashawini Pai,Picker,Male,28523.0,2024-08-23,Active,6074,Normal,Currently Working
100140,6118,Jacob Narayanan,Inventory Associate,Male,40106.5,2026-07-13,Active,6118,Normal,Currently Working
100141,6140,Joshua Chahal,Delivery Rider,Male,37111.0,2023-05-26,Active,6140,Normal,Currently Working
100142,6084,Mohini Ravi,Picker,Male,28165.0,2025-10-07,Active,6084,Normal,Currently Working
100143,6018,Mohini Mital,Quality Checker,Female,47881.0,2024-10-23,Active,6018,Normal,Currently Working
100144,6134,Ranveer Soman,Store Manager,Female,24126.0,2023-01-24,Active,6134,Normal,Currently Working
100145,6052,Xiti Puri,Inventory Associate,Male,62711.0,2025-01-24,Active,6052,Normal,Currently Working
100146,6033,Simon Baral,Delivery Rider,Unknown,64179.0,2025-02-04,Resigned,6033,Normal,Resigned
100147,6107,Owen Chaudhuri,Inventory Associate,Male,38874.0,2025-04-19,Active,6107,Normal,Currently Working
100148,6075,Oviya Chaudhuri,Quality Checker,Female,53021.0,2025-04-14,Resigned,6075,Normal,Resigned
100149,6098,Jyoti Dewan,Picker,Male,33925.0,2026-04-15,On Leave,6098,Normal,On Leave
100150,6060,Chasmum Goyal,Picker,Male,53851.0,2025-10-11,Active,6060,Normal,Currently Working
100151,6003,Anmol Sankar,Delivery Rider,Male,46593.0,2024-04-26,Active,6003,Normal,Currently Working
100152,6112,Widisha Vig,Delivery Rider,Female,16668.0,2024-11-23,Active,6112,Normal,Currently Working
100153,6018,Oviya Ravel,Store Manager,Male,46827.0,2022-10-15,Resigned,6018,Normal,Resigned
100154,6049,Lila Dugal,Delivery Rider,Female,64287.0,2024-06-01,Active,6049,Normal,Currently Working
100155,6024,Harsh Butala,Packer,Male,18920.0,2024-07-13,Active,6024,Normal,Currently Working
100156,6076,Max Aurora,Quality Checker,Male,41583.0,2025-03-17,Resigned,6076,Normal,Resigned
100157,6054,Jairaj Chakrabarti,Store Manager,Female,55294.0,2024-05-03,Active,6054,Normal,Currently Working
100158,6003,Kai Sodhi,Delivery Rider,Male,39424.5,2023-07-03,Resigned,6003,Normal,Resigned
100159,7001,Shravya Grover,Delivery Rider,Unknown,25481.0,2022-09-13,Active,6002,Normal,Currently Working
100160,6137,Maanav Chad,Packer,Male,53435.0,2026-04-28,Active,6137,Normal,Currently Working
100161,6020,Triveni Kumar,Packer,Male,44639.0,2023-10-21,Active,6020,Normal,Currently Working
100162,6004,Azad Apte,Quality Checker,Female,37189.0,2026-04-14,Resigned,6004,Normal,Resigned
100163,6017,Lopa Mukhopadhyay,Quality Checker,Female,39702.5,2022-11-15,On Leave,6017,Normal,On Leave
100164,6012,Vidhi Bhasin,Picker,Male,30340.0,2023-11-18,Active,6012,Normal,Currently Working
100165,6117,Upma Ganesan,Inventory Associate,Female,46476.0,2023-11-24,Active,6117,Normal,Currently Working
100166,6057,Janani Gade,Delivery Rider,Male,60646.0,2023-03-18,Active,6057,Normal,Currently Working
100167,6045,Vansha Rajan,Packer,Male,14500.0,2025-02-24,Resigned,6045,Normal,Resigned
100168,6030,Anita Nath,Quality Checker,Male,36012.0,2025-09-28,On Leave,6030,Normal,On Leave
100169,6142,Gaurangi Aurora,Store Manager,Female,32585.0,2023-10-20,Active,6142,Normal,Currently Working
100170,6007,Priya Koshy,Quality Checker,Female,22510.0,2025-12-15,Resigned,6007,Normal,Resigned
100171,6143,Vivaan Seth,Picker,Female,29740.0,2024-02-20,Active,6143,Normal,Currently Working
100172,6097,Ekanta Lall,Store Manager,Male,47084.0,2023-10-06,Active,6097,Normal,Currently Working
100173,6067,Brijesh Mani,Picker,Male,49039.0,2023-09-14,Active,6067,Normal,Currently Working
100174,6032,Anusha Tata,Picker,Male,62230.0,2025-12-18,Active,6032,Normal,Currently Working
100175,6038,Vedhika Raj,Inventory Associate,Male,19638.0,2024-01-07,Active,6038,Normal,Currently Working
100176,6049,Dayamai Bhandari,Picker,Male,37690.0,2023-06-07,Active,6049,Normal,Currently Working
100177,6080,Samuel Kumar,Picker,Female,60969.0,2025-05-05,Resigned,6080,Normal,Resigned
100178,6034,Lekha Sharaf,Inventory Associate,Unknown,58539.0,2024-12-22,On Leave,6034,Normal,On Leave
100179,6119,Dev Kaul,Store Manager,Female,55210.0,2024-10-16,Active,6119,Normal,Currently Working
100180,6057,Ekani Sood,Delivery Rider,Unknown,24617.0,2024-03-22,Active,6057,Normal,Currently Working
100181,6011,Ranbir Kala,Inventory Associate,Female,25774.0,2024-08-27,On Leave,6011,Normal,On Leave
100182,6066,Bimala Patil,Delivery Rider,Female,36874.0,2023-05-26,Active,6066,Normal,Currently Working
100183,6013,Neha Varughese,Store Manager,Female,34876.0,2024-12-10,Active,6013,Normal,Currently Working
100184,6107,Chaitanya Tak,Delivery Rider,Female,28470.0,2026-01-22,On Leave,6107,Normal,On Leave
100185,6129,Kamya Sheth,Picker,Unknown,59760.0,2024-02-16,Resigned,6129,Normal,Resigned
100186,6126,Diya Balasubramanian,Store Manager,Male,50642.0,2025-10-12,Resigned,6126,Normal,Resigned
100187,6061,Girindra Bandi,Inventory Associate,Female,25013.0,2024-01-04,Active,6061,Normal,Currently Working
100188,6080,Tanay Lal,Packer,Female,45879.0,2023-06-13,Active,6080,Normal,Currently Working
100189,6132,Pooja Chatterjee,Picker,Female,37033.0,2026-02-05,Resigned,6132,Normal,Resigned
100190,6062,Aachal Barad,Quality Checker,Female,49930.0,2026-06-01,Active,6062,Normal,Currently Working
100191,6040,Kritika Chacko,Picker,Female,21502.0,2023-12-27,Active,6040,Normal,Currently Working
100192,6016,Kala Shanker,Inventory Associate,Male,59981.0,2022-09-28,Active,6016,Normal,Currently Working
100193,6114,Mekhala Dar,Picker,Male,25016.0,2024-07-30,Resigned,6114,Normal,Resigned
100194,6022,Aarini Nagar,Quality Checker,Female,21130.0,2025-06-16,On Leave,6022,Normal,On Leave
100195,6140,Yashawini Ramaswamy,Quality Checker,Male,19961.0,2024-11-20,Active,6140,Normal,Currently Working
100196,6065,Kamala Keer,Store Manager,Male,38812.0,2023-05-12,Active,6065,Normal,Currently Working
100197,6095,Orinder Barad,Packer,Female,58700.0,2026-08-06,Resigned,6095,Normal,Resigned
100198,6084,Daniel Bala,Delivery Rider,Female,37346.0,2026-05-25,Resigned,6084,Normal,Resigned
100199,6065,Aarna Varghese,Store Manager,Unknown,51150.0,2025-12-24,Active,6065,Normal,Currently Working
100200,6013,Daksh Chaudhuri,Store Manager,Female,61891.0,2025-06-20,Resigned,6013,Normal,Resigned
100201,6021,Rushil Misra,Packer,Female,23063.0,2023-03-18,Active,6021,Normal,Currently Working
100202,6113,Henry Sinha,Picker,Female,38424.5,2024-12-27,Resigned,6113,Normal,Resigned
100203,6109,Madhavi Dash,Packer,Unknown,17624.0,2023-12-05,Active,6109,Normal,Currently Working
100204,6113,Om Sastry,Delivery Rider,Female,25552.0,2024-02-17,Active,6113,Normal,Currently Working
100205,6145,Advik Sidhu,Quality Checker,Male,19573.0,2023-08-02,On Leave,6145,Normal,On Leave
100206,6040,Balendra Dugar,Delivery Rider,Male,17932.0,2025-07-01,Active,6040,Normal,Currently Working
100207,6145,Faras Prakash,Delivery Rider,Male,56425.0,2026-05-05,Resigned,6145,Normal,Resigned
100208,6008,Sanya Chatterjee,Store Manager,Female,43317.0,2026-03-09,Resigned,6008,Normal,Resigned
100209,6107,Anthony Borde,Quality Checker,Male,42925.0,2026-02-05,Active,6107,Normal,Currently Working
100210,6029,Ekantika Kaur,Store Manager,Male,26290.0,2024-06-09,On Leave,6029,Normal,On Leave
100211,6142,Luke Narula,Picker,Female,59660.0,2024-07-16,Resigned,6142,Normal,Resigned
100212,6021,Pranit Seth,Delivery Rider,Unknown,42804.0,2023-07-08,Resigned,6021,Normal,Resigned
100213,6132,Reva Dixit,Picker,Female,39687.0,2024-11-04,Active,6132,Normal,Currently Working
100214,6122,Yatin Dugal,Picker,Female,54552.0,2023-09-12,Active,6122,Normal,Currently Working
100215,6004,Gaurika Ganesh,Store Manager,Female,60361.0,2022-09-25,Active,6004,Normal,Currently Working
100216,6052,Eesha Shan,Picker,Female,25010.0,2023-09-03,Resigned,6052,Normal,Resigned
100217,6003,Mitesh Varghese,Inventory Associate,Male,47631.0,2026-03-30,Active,6003,Normal,Currently Working
100218,6012,Vansha Mangat,Quality Checker,Male,35454.0,2022-10-11,Active,6012,Normal,Currently Working
100219,6050,Janya Sankaran,Picker,Male,52100.0,2023-02-09,On Leave,6050,Normal,On Leave
100220,6019,Wazir Chatterjee,Inventory Associate,Female,33007.0,2026-08-05,Resigned,6019,Normal,Resigned
100221,7002,Nicholas Bhandari,Inventory Associate,Male,63901.0,2024-03-11,Active,6003,Normal,Currently Working
100222,6088,Maanas Babu,Packer,Female,16073.0,2025-12-17,Resigned,6088,Normal,Resigned
100223,6101,Yasti Dey,Picker,Female,43398.0,2024-05-25,Resigned,6101,Normal,Resigned
100224,6020,Quincy Parsa,Quality Checker,Male,34398.0,2024-05-27,Active,6020,Normal,Currently Working
100225,6044,Tejas Malhotra,Quality Checker,Female,51817.0,2024-05-15,Active,6044,Normal,Currently Working
100226,6086,Pranit Vig,Picker,Male,30301.0,2024-11-30,Active,6086,Normal,Currently Working
100227,6038,Ronith Buch,Packer,Male,18160.0,2025-09-17,Resigned,6038,Normal,Resigned
100228,6136,Anusha Gill,Packer,Unknown,50741.0,2025-12-12,Resigned,6136,Normal,Resigned
100229,6147,Darika Jain,Picker,Male,29600.0,2023-06-16,Active,6147,Normal,Currently Working
100230,6078,Christopher Vasa,Quality Checker,Female,55629.0,2022-09-02,Active,6078,Normal,Currently Working
100231,6086,Baghyawati Tailor,Delivery Rider,Female,35181.0,2025-11-15,Resigned,6086,Normal,Resigned
100232,6063,Vansha Deol,Store Manager,Male,38812.0,2022-12-28,On Leave,6063,Normal,On Leave
100233,6115,Yuvraj Grewal,Delivery Rider,Male,25070.0,2026-02-13,Active,6115,Normal,Currently Working
100234,6142,Balhaar Gade,Quality Checker,Male,52230.0,2024-11-18,Active,6142,Normal,Currently Working
100235,6091,Ishani Venkatesh,Picker,Male,59238.0,2025-06-09,Active,6091,Normal,Currently Working
100236,6082,Jai Parikh,Packer,Male,40162.0,2026-05-11,Active,6082,Normal,Currently Working
100237,6056,Lakshmi Bhat,Delivery Rider,Female,53511.0,2025-06-28,Active,6056,Normal,Currently Working
100238,6062,Warda Sekhon,Delivery Rider,Female,19197.0,2023-10-18,Resigned,6062,Normal,Resigned
100239,6035,Ansh Kohli,Delivery Rider,Female,56105.0,2024-09-06,Active,6035,Normal,Currently Working
100240,6083,Qabil Ganesh,Quality Checker,Unknown,45871.0,2026-07-02,Active,6083,Normal,Currently Working
100241,6015,Ayushman Bahl,Delivery Rider,Male,54159.0,2023-01-16,Resigned,6015,Normal,Resigned
100242,6066,Advika Badami,Picker,Unknown,34767.0,2023-01-06,Active,6066,Normal,Currently Working
100243,6085,William Sawhney,Packer,Unknown,27794.0,2025-12-24,Active,6085,Normal,Currently Working
100244,6093,Praneel Bath,Delivery Rider,Male,52567.0,2023-01-16,Active,6093,Normal,Currently Working
100245,6067,Wakeeta Tella,Picker,Male,34267.0,2023-09-21,Active,6067,Normal,Currently Working
100246,6144,Jairaj Dara,Inventory Associate,Male,31952.0,2025-09-04,Active,6144,Normal,Currently Working
100247,6093,Utkarsh Karan,Packer,Female,63583.0,2024-04-02,Resigned,6093,Normal,Resigned
100248,6032,Mekhala Gala,Delivery Rider,Male,50388.0,2023-03-22,Resigned,6032,Normal,Resigned
100249,6039,Lopa Salvi,Packer,Female,24622.0,2026-06-04,Active,6039,Normal,Currently Working
100250,6114,Meghana Ben,Picker,Female,36559.0,2025-01-07,Active,6114,Normal,Currently Working
100251,6007,Nandini Khosla,Picker,Female,18288.0,2025-09-27,Active,6007,Normal,Currently Working
100252,6016,Ekani Rattan,Store Manager,Male,38613.0,2025-12-26,Active,6016,Normal,Currently Working
100253,6065,Ekta Varughese,Delivery Rider,Male,29848.0,2026-01-08,Resigned,6065,Normal,Resigned
100254,6072,Zaid Sami,Inventory Associate,Female,51324.0,2023-03-21,Resigned,6072,Normal,Resigned
100255,6035,Janya Chopra,Inventory Associate,Male,14257.0,2025-04-13,Active,6035,Normal,Currently Working
100256,6116,Ekta Sant,Store Manager,Unknown,27750.0,2024-10-02,Active,6116,Normal,Currently Working
100257,6047,Umang Dewan,Delivery Rider,Female,33503.0,2023-06-08,Active,6047,Normal,Currently Working
100258,6035,Sudiksha Batra,Inventory Associate,Female,37047.0,2024-04-24,Active,6035,Normal,Currently Working
100259,6087,Bakhshi Lata,Delivery Rider,Male,16157.0,2025-11-13,Active,6087,Normal,Currently Working
100260,6010,Balendra Chaudhry,Packer,Male,51673.0,2026-04-21,Active,6010,Normal,Currently Working
100261,6017,Radha Khalsa,Picker,Male,22900.0,2023-08-20,Active,6017,Normal,Currently Working
100262,6038,Isaiah Mody,Picker,Male,46523.0,2026-08-06,Resigned,6038,Normal,Resigned
100263,6019,Jai Bhasin,Inventory Associate,Female,31343.0,2024-01-08,Active,6019,Normal,Currently Working
100264,6013,Frado Shukla,Delivery Rider,Male,39424.5,2025-01-03,Active,6013,Normal,Currently Working
100265,6140,Ria Dasgupta,Inventory Associate,Male,40894.0,2024-12-28,Active,6140,Normal,Currently Working
100266,6103,Niharika Mani,Delivery Rider,Male,39098.0,2024-09-04,On Leave,6103,Normal,On Leave
100267,6037,Bhavna Sha,Delivery Rider,Female,30689.0,2023-09-23,Active,6037,Normal,Currently Working
100268,6030,Libni Jaggi,Picker,Male,38424.5,2025-01-26,Active,6030,Normal,Currently Working
100269,6114,Triveni Mitter,Quality Checker,Female,14061.0,2024-10-28,On Leave,6114,Normal,On Leave
100270,6088,Dayita Balasubramanian,Delivery Rider,Female,62713.0,2025-01-30,Active,6088,Normal,Currently Working
100271,6135,Ranbir Vala,Inventory Associate,Male,35111.0,2023-08-07,Active,6135,Normal,Currently Working
100272,6068,Advik Pandit,Inventory Associate,Female,36791.0,2024-10-24,Active,6068,Normal,Currently Working
100273,6017,Ekiya Nanda,Quality Checker,Male,25084.0,2023-04-13,Active,6017,Normal,Currently Working
100274,6118,Tarak Merchant,Packer,Female,56735.0,2024-08-05,Active,6118,Normal,Currently Working
100275,6032,Nathan Bhavsar,Delivery Rider,Female,38585.0,2022-11-10,Resigned,6032,Normal,Resigned
100276,6134,Ria Bhatia,Inventory Associate,Female,32023.0,2025-01-20,Active,6134,Normal,Currently Working
100277,6116,Irya Chopra,Picker,Female,63728.0,2024-12-09,Active,6116,Normal,Currently Working
100278,6134,Omaja Nazareth,Store Manager,Male,36288.0,2024-09-18,Resigned,6134,Normal,Resigned
100279,6001,Samaksh Malhotra,Inventory Associate,Male,34089.0,2025-04-21,Active,6001,Normal,Currently Working
100280,6062,Vaishnavi Luthra,Inventory Associate,Female,55690.0,2025-11-30,On Leave,6062,Normal,On Leave
100281,6096,Nitara Chauhan,Delivery Rider,Female,39424.5,2025-10-08,On Leave,6096,Normal,On Leave
100282,6066,Widisha Rao,Quality Checker,Female,51925.0,2022-08-25,Resigned,6066,Normal,Resigned
100283,6096,Omisha Mammen,Picker,Female,18638.0,2026-06-25,On Leave,6096,Normal,On Leave
100284,6107,Ladli Sethi,Picker,Female,15677.0,2026-02-14,On Leave,6107,Normal,On Leave
100285,6107,Ira Master,Picker,Female,42825.0,2025-05-26,Active,6107,Normal,Currently Working
100286,6052,Ekanta Ahuja,Delivery Rider,Unknown,58554.0,2024-01-16,On Leave,6052,Normal,On Leave
100287,6031,Lajita Sawhney,Picker,Female,51422.0,2025-10-11,Resigned,6031,Normal,Resigned
100288,6145,Maanav Sarin,Picker,Male,27096.0,2023-10-31,Active,6145,Normal,Currently Working
100289,6107,Gaurang Narayanan,Packer,Female,55059.0,2024-12-06,Resigned,6107,Normal,Resigned
100290,6048,Eshana Jayaraman,Inventory Associate,Male,34515.0,2023-12-05,Active,6048,Normal,Currently Working
100291,6102,Atharv Batta,Delivery Rider,Unknown,33955.0,2026-07-09,On Leave,6102,Normal,On Leave
100292,6066,Charita Yadav,Inventory Associate,Female,27599.0,2023-08-28,On Leave,6066,Normal,On Leave
100293,6126,Zansi Varughese,Packer,Male,36397.0,2025-09-22,Resigned,6126,Normal,Resigned
100294,6014,Lopa Shetty,Quality Checker,Male,40799.0,2025-07-16,Active,6014,Normal,Currently Working
100295,6057,Sneha Anne,Picker,Male,27720.0,2024-01-23,On Leave,6057,Normal,On Leave
100296,6114,Hardik Rout,Store Manager,Unknown,42424.0,2025-03-05,Resigned,6114,Normal,Resigned
100297,6128,Mitesh Guha,Packer,Male,50769.0,2024-02-17,Active,6128,Normal,Currently Working
100298,6076,Neelima Sarraf,Store Manager,Male,23553.0,2026-06-28,Resigned,6076,Normal,Resigned
100299,6120,George Garde,Picker,Female,17297.0,2025-09-13,Active,6120,Normal,Currently Working
100300,6109,Falan Mukhopadhyay,Packer,Male,40162.0,2024-01-30,Active,6109,Normal,Currently Working
100301,6150,Chaitaly Oza,Quality Checker,Female,24091.0,2024-09-05,Resigned,6150,Normal,Resigned
100302,6039,Naksh Viswanathan,Store Manager,Female,35470.0,2025-11-29,Active,6039,Normal,Currently Working
100303,6140,Yashasvi Guha,Picker,Female,61725.0,2023-10-16,On Leave,6140,Normal,On Leave
100304,6010,Hredhaan Pandit,Quality Checker,Male,27793.0,2024-04-12,Resigned,6010,Normal,Resigned
100305,6075,Nisha Anne,Picker,Unknown,46541.0,2024-11-28,Active,6075,Normal,Currently Working
100306,6072,Aayush Modi,Inventory Associate,Male,63561.0,2025-10-12,Resigned,6072,Normal,Resigned
100307,6149,Alexander Balan,Inventory Associate,Male,20597.0,2024-03-21,Active,6149,Normal,Currently Working
100308,6077,Amaira Wali,Delivery Rider,Female,43466.0,2023-06-02,Active,6077,Normal,Currently Working
100309,6029,Rushil Roy,Inventory Associate,Male,43817.0,2024-09-08,Resigned,6029,Normal,Resigned
100310,6101,Naksh Vasa,Picker,Unknown,47643.0,2025-01-14,Active,6101,Normal,Currently Working
100311,6107,Ayush Chaudhry,Quality Checker,Male,57459.0,2025-09-01,Active,6107,Normal,Currently Working
100312,6085,Unni Sani,Delivery Rider,Female,45473.0,2022-12-08,Active,6085,Normal,Currently Working
100313,6030,Advik Naidu,Packer,Female,49457.0,2025-11-09,Active,6030,Normal,Currently Working
100314,6138,Irya Majumdar,Delivery Rider,Male,26957.0,2023-03-17,Active,6138,Normal,Currently Working
100315,6137,Hardik Bhatnagar,Store Manager,Unknown,17516.0,2023-04-23,Resigned,6137,Normal,Resigned
100316,6059,Lekha Bahri,Picker,Female,31312.0,2024-01-10,Resigned,6059,Normal,Resigned
100317,6029,Caleb Sarraf,Inventory Associate,Male,19526.0,2022-11-06,Active,6029,Normal,Currently Working
100318,6132,Zaid Kapoor,Delivery Rider,Unknown,36104.0,2022-06-11,Resigned,6132,Normal,Resigned
100319,6088,Divya Ahuja,Picker,Female,38424.5,2022-10-22,On Leave,6088,Normal,On Leave
100320,6009,Chavvi Sahota,Picker,Female,47515.0,2026-03-24,Resigned,6009,Normal,Resigned
100321,6053,Ekansh Kibe,Store Manager,Female,60438.0,2025-01-15,Resigned,6053,Normal,Resigned
100322,6010,Odika More,Picker,Male,18524.0,2025-05-04,Active,6010,Normal,Currently Working
100323,6013,Anthony Kohli,Quality Checker,Female,61018.0,2024-03-23,Resigned,6013,Normal,Resigned
100324,6128,Ishita Raghavan,Packer,Male,33855.0,2022-12-24,Resigned,6128,Normal,Resigned
100325,6043,Meghana Patil,Delivery Rider,Female,47616.0,2023-05-18,Resigned,6043,Normal,Resigned
100326,6030,Gautami Rau,Picker,Male,29210.0,2023-02-02,Resigned,6030,Normal,Resigned
100327,6127,Pahal Panchal,Delivery Rider,Female,39874.0,2025-03-27,Active,6127,Normal,Currently Working
100328,6104,Rayaan Sibal,Picker,Female,36255.0,2024-11-05,On Leave,6104,Normal,On Leave
100329,6002,Rajata Banerjee,Inventory Associate,Female,21248.0,2023-10-07,On Leave,6002,Normal,On Leave
100330,6077,Harita Dugal,Picker,Female,28002.0,2023-09-30,On Leave,6077,Normal,On Leave
100331,6009,George Hegde,Inventory Associate,Male,31760.0,2023-08-07,On Leave,6009,Normal,On Leave
100332,6138,Saanvi Sibal,Store Manager,Male,38812.0,2023-09-16,Active,6138,Normal,Currently Working
100333,6070,Nathaniel Pillai,Quality Checker,Female,28693.0,2025-12-22,On Leave,6070,Normal,On Leave
100334,6128,Krisha Joshi,Quality Checker,Male,53753.0,2024-01-16,Active,6128,Normal,Currently Working
100335,6135,Yamini Jayaraman,Delivery Rider,Male,20798.0,2023-10-27,Resigned,6135,Normal,Resigned
100336,6065,Karan Lal,Quality Checker,Female,50220.0,2023-07-17,Active,6065,Normal,Currently Working
100337,6035,Jhalak Warrior,Inventory Associate,Female,47703.0,2025-01-05,Active,6035,Normal,Currently Working
100338,6079,Jeremiah Das,Delivery Rider,Male,17911.0,2023-08-13,Active,6079,Normal,Currently Working
100339,6015,Anamika Rajan,Picker,Male,34391.0,2025-05-05,Active,6015,Normal,Currently Working
100340,6118,Deepa Aurora,Delivery Rider,Male,14463.0,2022-09-29,Active,6118,Normal,Currently Working
100341,7003,Peter Kata,Delivery Rider,Female,52638.0,2024-03-10,Resigned,6004,Normal,Resigned
100342,6075,Ekansh Pathak,Delivery Rider,Female,40710.0,2023-12-01,Active,6075,Normal,Currently Working
100343,6098,Reyansh Bhatti,Picker,Female,32184.0,2025-11-07,On Leave,6098,Normal,On Leave
100344,6137,Upkaar Mani,Quality Checker,Female,18040.0,2025-07-04,Active,6137,Normal,Currently Working
100345,6080,Barkha Parekh,Delivery Rider,Male,39098.0,2023-02-19,Active,6080,Normal,Currently Working
100346,6070,Kevin Malhotra,Inventory Associate,Female,35030.0,2024-03-30,Active,6070,Normal,Currently Working
100347,6093,Indali Sachar,Delivery Rider,Male,44969.0,2023-05-03,Resigned,6093,Normal,Resigned
100348,6129,Yuvraj Rattan,Delivery Rider,Female,39424.5,2022-09-24,Resigned,6129,Normal,Resigned
100349,6144,Qabil Manne,Delivery Rider,Male,37772.0,2024-01-15,Resigned,6144,Normal,Resigned
100350,6032,Banjeet Ravel,Inventory Associate,Female,16708.0,2023-02-03,Active,6032,Normal,Currently Working
100351,6093,Raagini Hora,Inventory Associate,Female,49949.0,2022-10-16,Resigned,6093,Normal,Resigned
100352,6029,Lajita Baral,Inventory Associate,Female,61377.0,2025-08-28,Resigned,6029,Normal,Resigned
100353,6101,Vedant Tank,Quality Checker,Female,36074.0,2024-02-11,Resigned,6101,Normal,Resigned
100354,6106,Radhika Palla,Inventory Associate,Female,58689.0,2025-07-01,Resigned,6106,Normal,Resigned
100355,6147,Bhavini Basak,Store Manager,Male,28020.0,2026-05-17,Resigned,6147,Normal,Resigned
100356,6034,Yash Choudhry,Packer,Female,63421.0,2026-02-17,Active,6034,Normal,Currently Working
100357,6098,Shivansh Pai,Inventory Associate,Female,60122.0,2022-10-12,Active,6098,Normal,Currently Working
100358,6131,Omisha Ramesh,Inventory Associate,Male,28671.0,2025-08-18,Resigned,6131,Normal,Resigned
100359,6093,Avni Vyas,Delivery Rider,Female,21984.0,2026-08-16,Active,6093,Normal,Currently Working
100360,6036,Saanvi Oak,Picker,Male,43209.0,2022-12-28,Active,6036,Normal,Currently Working
100361,6138,Yashoda Bhagat,Picker,Male,33277.0,2025-05-25,Active,6138,Normal,Currently Working
100362,6146,Priya Vala,Store Manager,Female,27695.0,2025-05-03,Resigned,6146,Normal,Resigned
100363,6008,Vrishti Gulati,Store Manager,Unknown,47074.0,2026-01-06,Active,6008,Normal,Currently Working
100364,6023,Owen Gade,Picker,Female,52584.0,2022-10-21,Active,6023,Normal,Currently Working
100365,6137,Abha Krish,Quality Checker,Female,18678.0,2026-07-05,On Leave,6137,Normal,On Leave
100366,6117,Ishita Palan,Store Manager,Male,21332.0,2026-06-26,Active,6117,Normal,Currently Working
100367,6133,Deepa Devan,Delivery Rider,Female,60120.0,2024-04-11,Active,6133,Normal,Currently Working
100368,6076,Vasudha Khanna,Delivery Rider,Female,39424.5,2023-03-06,On Leave,6076,Normal,On Leave
100369,6138,Yutika Saxena,Inventory Associate,Male,24724.0,2025-06-14,Active,6138,Normal,Currently Working
100370,6027,Chandani Deol,Delivery Rider,Female,37282.0,2023-03-01,Resigned,6027,Normal,Resigned
100371,6088,Wridesh Nath,Picker,Female,44884.0,2026-03-03,Resigned,6088,Normal,Resigned
100372,6122,Panini Gara,Packer,Male,30465.0,2025-02-23,Active,6122,Normal,Currently Working
100373,6006,Triya Ravi,Store Manager,Female,48012.0,2025-05-04,On Leave,6006,Normal,On Leave
100374,6112,Bimala Arora,Packer,Unknown,28026.0,2025-12-15,Active,6112,Normal,Currently Working
100375,6023,Caleb Bhasin,Picker,Male,51541.0,2024-01-27,Active,6023,Normal,Currently Working
100376,6144,Ronith Choudhry,Picker,Female,38424.5,2026-03-19,Active,6144,Normal,Currently Working
100377,6027,Isaiah Edwin,Picker,Male,27100.0,2025-06-09,Active,6027,Normal,Currently Working
100378,6113,Janani Mann,Picker,Male,17523.0,2023-06-12,Active,6113,Normal,Currently Working
100379,6121,Chakradev Apte,Picker,Male,46635.0,2023-04-21,Resigned,6121,Normal,Resigned
100380,6002,Fiyaz Narula,Delivery Rider,Male,28691.0,2024-07-03,Active,6002,Normal,Currently Working
100381,6025,Ikbal Suresh,Store Manager,Unknown,17190.0,2026-07-21,Active,6025,Normal,Currently Working
100382,6012,Ranveer Nagy,Delivery Rider,Unknown,39424.5,2026-06-16,Active,6012,Normal,Currently Working
100383,6048,Bhavika Krishnamurthy,Packer,Male,47562.0,2022-08-31,On Leave,6048,Normal,On Leave
100384,6019,Lakshit Bala,Delivery Rider,Male,19611.0,2025-03-30,Resigned,6019,Normal,Resigned
100385,6020,Maanav Minhas,Delivery Rider,Female,33068.0,2022-09-24,Resigned,6020,Normal,Resigned
100386,6007,Harsh Mukherjee,Packer,Male,44014.0,2024-02-07,Active,6007,Normal,Currently Working
100387,6110,Ladli Gour,Picker,Male,49790.0,2025-08-07,Active,6110,Normal,Currently Working
100388,6026,Ekaja Karpe,Picker,Male,34264.0,2025-03-21,Resigned,6026,Normal,Resigned
100389,6002,Zehaan Khatri,Picker,Unknown,58753.0,2024-02-08,Resigned,6002,Normal,Resigned
100390,6117,Neha Bedi,Delivery Rider,Male,27816.0,2022-11-11,Resigned,6117,Normal,Resigned
100391,6006,Pallavi Tata,Delivery Rider,Female,57917.0,2026-05-30,On Leave,6006,Normal,On Leave
100392,6047,Faris Dhar,Inventory Associate,Female,22790.0,2025-07-21,Active,6047,Normal,Currently Working
100393,6084,Lakshit Savant,Delivery Rider,Male,24678.0,2025-05-20,On Leave,6084,Normal,On Leave
100394,6084,Gaurav Baral,Inventory Associate,Unknown,40106.5,2025-03-06,Active,6084,Normal,Currently Working
100395,6001,Rayaan Kamdar,Store Manager,Male,48866.0,2026-01-12,On Leave,6001,Normal,On Leave
100396,6087,Azad Vaidya,Quality Checker,Male,44017.0,2025-07-10,Active,6087,Normal,Currently Working
100397,6138,Ekbal Bhakta,Store Manager,Female,48001.0,2024-05-01,Active,6138,Normal,Currently Working
100398,6055,Hamsini Bhatnagar,Store Manager,Male,14893.0,2024-09-08,Active,6055,Normal,Currently Working
100399,6113,Nitesh Radhakrishnan,Packer,Female,32632.0,2024-05-20,Active,6113,Normal,Currently Working
100400,6024,Ijaya Hayre,Store Manager,Female,56988.0,2023-10-25,Active,6024,Normal,Currently Working
100401,6018,Zansi Sharma,Delivery Rider,Unknown,61814.0,2024-07-03,Active,6018,Normal,Currently Working
100402,6143,Nandini Bumb,Picker,Female,47441.0,2024-05-05,Resigned,6143,Normal,Resigned
100403,6046,Garima Mishra,Picker,Male,40800.0,2025-11-16,Resigned,6046,Normal,Resigned
100404,6088,Jyoti Srivastava,Quality Checker,Unknown,28827.0,2024-11-21,Active,6088,Normal,Currently Working
100405,6086,Chandani Oza,Inventory Associate,Unknown,26448.0,2025-04-04,Active,6086,Normal,Currently Working
100406,6047,Ranbir Kapadia,Delivery Rider,Female,17751.0,2024-10-01,Resigned,6047,Normal,Resigned
100407,6058,Frederick Din,Delivery Rider,Male,31585.0,2025-05-06,Active,6058,Normal,Currently Working
100408,6046,Omaja Parsa,Packer,Male,30491.0,2025-04-09,Resigned,6046,Normal,Resigned
100409,6043,Meghana Lal,Inventory Associate,Female,15971.0,2024-01-10,Resigned,6043,Normal,Resigned
100410,6094,Samaksh Choudhury,Store Manager,Female,31230.0,2023-02-01,Resigned,6094,Normal,Resigned
100411,6061,Girish Guha,Inventory Associate,Male,45944.0,2023-07-08,Active,6061,Normal,Currently Working
100412,6024,Vrishti Karan,Delivery Rider,Male,25391.0,2024-10-02,Active,6024,Normal,Currently Working
100413,6049,Isaiah Varghese,Picker,Male,44747.0,2024-11-05,Active,6049,Normal,Currently Working
100414,6131,Nikita Borah,Store Manager,Female,50888.0,2026-04-08,Resigned,6131,Normal,Resigned
100415,6029,Yahvi Tripathi,Delivery Rider,Female,29711.0,2025-10-31,Active,6029,Normal,Currently Working
100416,6026,Yutika Chaudry,Picker,Female,44207.0,2025-06-28,Active,6026,Normal,Currently Working
100417,6026,Onveer Handa,Store Manager,Male,37673.0,2024-06-21,On Leave,6026,Normal,On Leave
100418,6066,Laksh Prakash,Packer,Unknown,56793.0,2024-11-18,Active,6066,Normal,Currently Working
100419,6009,Nidhi Khalsa,Store Manager,Female,23129.0,2025-09-25,Active,6009,Normal,Currently Working
100420,6095,Alexander Kala,Packer,Female,53187.0,2022-10-26,On Leave,6095,Normal,On Leave
100421,6010,Krishna Sandhu,Inventory Associate,Female,26552.0,2024-06-20,Active,6010,Normal,Currently Working
100422,6103,Saksham Contractor,Delivery Rider,Female,37587.0,2026-04-07,On Leave,6103,Normal,On Leave
100423,6131,Om Peri,Picker,Female,54712.0,2026-04-20,Active,6131,Normal,Currently Working
100424,6117,Advay Kumer,Inventory Associate,Female,63531.0,2025-08-12,Active,6117,Normal,Currently Working
100425,6006,Yochana Vohra,Quality Checker,Female,14010.0,2023-02-14,Resigned,6006,Normal,Resigned
100426,6122,Caleb Pandit,Delivery Rider,Female,50837.0,2026-06-04,Active,6122,Normal,Currently Working
100427,6134,Isaiah Bandi,Packer,Male,63367.0,2023-01-11,Active,6134,Normal,Currently Working
100428,6150,Aachal Pandya,Picker,Female,51366.0,2026-05-01,Active,6150,Normal,Currently Working
100429,6105,Ansh Sarraf,Picker,Male,20822.0,2023-05-28,Active,6105,Normal,Currently Working
100430,6045,Vinaya Choudhry,Packer,Unknown,38697.0,2023-01-31,Active,6045,Normal,Currently Working
100431,6150,Qasim Doctor,Picker,Female,57130.0,2022-12-04,Active,6150,Normal,Currently Working
100432,6143,Lajita Dhawan,Store Manager,Unknown,30603.0,2024-11-05,Active,6143,Normal,Currently Working
100433,6106,Amruta Sawhney,Quality Checker,Male,18811.0,2024-12-25,Active,6106,Normal,Currently Working
100434,6084,Matthew Sur,Delivery Rider,Female,58429.0,2022-09-08,Active,6084,Normal,Currently Working
100435,6084,Balendra Borde,Store Manager,Female,27575.0,2024-08-21,Active,6084,Normal,Currently Working
100436,6095,Vamakshi Dutt,Quality Checker,Female,64258.0,2023-05-12,Active,6095,Normal,Currently Working
100437,6069,Maya Karnik,Picker,Male,40616.0,2025-05-27,On Leave,6069,Normal,On Leave
100438,6117,Jalsa Narayan,Quality Checker,Male,36616.0,2026-02-14,Active,6117,Normal,Currently Working
100439,6005,Karan Bassi,Packer,Female,55245.0,2024-09-28,Active,6005,Normal,Currently Working
100440,6064,Unni Narula,Store Manager,Male,33716.0,2023-06-23,Resigned,6064,Normal,Resigned
100441,7007,Irya Murthy,Delivery Rider,Female,53027.0,2024-12-09,Active,6008,Normal,Currently Working
100442,6018,Gauri Karan,Delivery Rider,Female,39424.5,2022-08-27,Active,6018,Normal,Currently Working
100443,6005,Chakradev Dhingra,Delivery Rider,Male,19799.0,2022-09-17,Active,6005,Normal,Currently Working
100444,6090,Anjali Rajagopalan,Quality Checker,Male,45381.0,2025-07-16,Active,6090,Normal,Currently Working
100445,6042,Ishanvi Wable,Inventory Associate,Unknown,17429.0,2023-09-22,Resigned,6042,Normal,Resigned
100446,6088,Bahadurjit Chandran,Picker,Female,50724.0,2024-12-19,Resigned,6088,Normal,Resigned
100447,6099,Hardik Patil,Inventory Associate,Unknown,34406.0,2026-02-13,Active,6099,Normal,Currently Working
100448,7001,Lohit Bora,Packer,Female,43632.0,2025-10-18,Active,6002,Normal,Currently Working
100449,6024,Janani Upadhyay,Picker,Male,14861.0,2023-11-06,Active,6024,Normal,Currently Working
100450,6118,Inaya Ravi,Store Manager,Male,48199.0,2026-01-16,Active,6118,Normal,Currently Working
100451,6007,Ekantika Subramaniam,Store Manager,Male,55929.0,2023-12-20,Active,6007,Normal,Currently Working
100452,6053,Wahab Palla,Inventory Associate,Female,22600.0,2024-08-23,Resigned,6053,Normal,Resigned
100453,6080,Abhimanyu Setty,Delivery Rider,Male,34079.0,2023-03-27,Active,6080,Normal,Currently Working
100454,6013,Chasmum Ganguly,Quality Checker,Male,25487.0,2024-04-01,On Leave,6013,Normal,On Leave
100455,6051,Charvi Morar,Quality Checker,Male,61078.0,2024-12-23,Active,6051,Normal,Currently Working
100456,6136,Ethan Gupta,Inventory Associate,Male,18591.0,2023-08-22,Active,6136,Normal,Currently Working
100457,6132,Praneel Modi,Store Manager,Female,45253.0,2024-12-18,Active,6132,Normal,Currently Working
100458,6137,Ishanvi Sangha,Picker,Female,54550.0,2024-12-14,Active,6137,Normal,Currently Working
100459,6072,Vedhika Nagar,Packer,Male,50539.0,2025-07-07,Resigned,6072,Normal,Resigned
100460,6077,Aarini Bajaj,Picker,Female,42662.0,2026-03-24,Active,6077,Normal,Currently Working
100461,6009,Warjas Bahri,Inventory Associate,Female,20982.0,2025-08-31,Resigned,6009,Normal,Resigned
100462,6105,Sara Iyer,Packer,Female,64132.0,2023-07-03,Active,6105,Normal,Currently Working
100463,6063,Yachana Chaudhary,Picker,Male,31011.0,2026-03-15,Active,6063,Normal,Currently Working
100464,6122,Kai Bava,Store Manager,Female,32920.0,2023-06-02,Active,6122,Normal,Currently Working
100465,6050,Laban Ahluwalia,Picker,Male,47622.0,2022-12-12,Active,6050,Normal,Currently Working
100466,6121,Ekantika Bala,Packer,Male,25325.0,2023-05-20,Active,6121,Normal,Currently Working
100467,6108,Avi Sunder,Delivery Rider,Male,51676.0,2023-06-25,Active,6108,Normal,Currently Working
100468,6011,Owen Bhandari,Delivery Rider,Male,34826.0,2024-04-02,Active,6011,Normal,Currently Working
100469,6096,Gagan Natt,Quality Checker,Female,21224.0,2026-01-31,Resigned,6096,Normal,Resigned
100470,6146,Aarini Sheth,Store Manager,Female,61714.0,2025-09-25,Active,6146,Normal,Currently Working
100471,6084,Edhitha Munshi,Delivery Rider,Female,22755.0,2026-02-14,Active,6084,Normal,Currently Working
100472,6089,Naksh Chander,Packer,Male,23115.0,2022-11-08,Resigned,6089,Normal,Resigned
100473,6139,Luke Wagle,Delivery Rider,Male,36237.0,2022-09-15,Active,6139,Normal,Currently Working
100474,6088,Ishita Pathak,Quality Checker,Unknown,21756.0,2025-09-12,Active,6088,Normal,Currently Working
100475,6019,Ganga Karpe,Picker,Female,27004.0,2024-04-28,Active,6019,Normal,Currently Working
100476,6097,Vanya Balay,Inventory Associate,Female,51795.0,2025-08-05,Active,6097,Normal,Currently Working
100477,6091,Sudiksha Mall,Picker,Male,47982.0,2025-09-25,Active,6091,Normal,Currently Working
100478,6059,Kevin Krishnan,Store Manager,Female,37807.0,2024-01-28,Resigned,6059,Normal,Resigned
100479,6146,Harish Patil,Delivery Rider,Female,39424.5,2022-09-01,Active,6146,Normal,Currently Working
100480,6075,Nandini Chana,Quality Checker,Male,62812.0,2023-03-27,Active,6075,Normal,Currently Working
100481,6041,Jason Bhasin,Delivery Rider,Female,41316.0,2026-05-18,Active,6041,Normal,Currently Working
100482,6048,Qabil Lad,Picker,Male,14710.0,2024-10-20,Resigned,6048,Normal,Resigned
100483,6043,Manthan Goel,Packer,Male,50135.0,2026-05-22,Active,6043,Normal,Currently Working
100484,6054,Ayush Panchal,Delivery Rider,Male,60816.0,2026-02-11,Resigned,6054,Normal,Resigned
100485,6040,Riya Tara,Store Manager,Female,42722.0,2025-09-28,Resigned,6040,Normal,Resigned
100486,6071,Lopa Sharma,Store Manager,Female,55187.0,2023-06-26,Resigned,6071,Normal,Resigned
100487,6043,Hritik Aurora,Store Manager,Male,47861.0,2023-06-24,Active,6043,Normal,Currently Working
100488,6150,Indali Bhasin,Picker,Female,52939.0,2022-11-22,Resigned,6150,Normal,Resigned
100489,6131,Nimrat Prashad,Delivery Rider,Female,43007.0,2023-07-18,Resigned,6131,Normal,Resigned
100490,6107,Azaan Krishnamurthy,Packer,Male,55858.0,2026-05-30,On Leave,6107,Normal,On Leave
100491,6051,Wyatt Kashyap,Store Manager,Female,37366.0,2022-09-18,Active,6051,Normal,Currently Working
100492,6056,Pavani Mallick,Picker,Male,52648.0,2024-01-18,Active,6056,Normal,Currently Working
100493,6123,Tarak Dugar,Picker,Male,32159.0,2023-10-29,Resigned,6123,Normal,Resigned
100494,6060,Laban Mital,Picker,Male,18562.0,2024-07-16,On Leave,6060,Normal,On Leave
100495,6091,Aayush Sunder,Delivery Rider,Female,51524.0,2023-10-05,Active,6091,Normal,Currently Working
100496,6103,Neel Nagarajan,Delivery Rider,Male,50321.0,2026-02-13,Active,6103,Normal,Currently Working
100497,6038,Simon Ben,Quality Checker,Female,35405.0,2025-05-12,Active,6038,Normal,Currently Working
100498,6141,Jalsa Batra,Delivery Rider,Female,21564.0,2026-02-28,Active,6141,Normal,Currently Working
100499,6083,Qabil Saran,Picker,Female,37818.0,2025-10-01,Active,6083,Normal,Currently Working
100500,6030,Aryan Choudhury,Quality Checker,Male,53921.0,2026-02-01,Active,6030,Normal,Currently Working
100501,6100,Kiaan Mittal,Picker,Male,55178.0,2023-03-28,Active,6100,Normal,Currently Working
100502,6127,Gunbir Ganguly,Packer,Female,18962.0,2023-03-27,Active,6127,Normal,Currently Working
100503,6059,Gautam Sachdeva,Store Manager,Male,21995.0,2024-06-27,Active,6059,Normal,Currently Working
100504,6142,Gautami Bali,Picker,Female,38424.5,2023-12-28,Active,6142,Normal,Currently Working
100505,6109,Alexander Barad,Picker,Female,63383.0,2024-12-21,Active,6109,Normal,Currently Working
100506,6015,Qushi Cheema,Packer,Unknown,35483.0,2023-03-03,Active,6015,Normal,Currently Working
100507,6042,Edhitha Bhattacharyya,Picker,Female,37456.0,2025-07-18,Active,6042,Normal,Currently Working
100508,6112,Vinaya Deshpande,Quality Checker,Female,43239.0,2026-02-22,Active,6112,Normal,Currently Working
100509,6043,Praneel Kapur,Packer,Female,55027.0,2024-09-24,Resigned,6043,Normal,Resigned
100510,6141,Xiti Chowdhury,Delivery Rider,Female,15508.0,2025-05-16,On Leave,6141,Normal,On Leave
100511,6038,Faras Palla,Delivery Rider,Male,46555.0,2024-10-01,Active,6038,Normal,Currently Working
100512,6002,Elijah Mahajan,Delivery Rider,Male,57864.0,2026-07-06,Active,6002,Normal,Currently Working
100513,6086,Aishani Luthra,Picker,Male,54317.0,2025-06-11,Active,6086,Normal,Currently Working
100514,6055,Ronith Trivedi,Delivery Rider,Male,34858.0,2022-11-27,Resigned,6055,Normal,Resigned
100515,6087,Amara Anne,Packer,Male,46030.0,2022-10-27,Active,6087,Normal,Currently Working
100516,6012,Sudiksha Manda,Packer,Female,51573.0,2023-12-07,Resigned,6012,Normal,Resigned
100517,6002,Amruta Rastogi,Picker,Male,20743.0,2024-10-28,Resigned,6002,Normal,Resigned
100518,6114,Leela Dora,Inventory Associate,Male,56515.0,2024-04-26,Active,6114,Normal,Currently Working
100519,6067,Nimrat Dhar,Inventory Associate,Male,47286.0,2024-03-06,On Leave,6067,Normal,On Leave
100520,6072,William Thaker,Picker,Female,40296.0,2026-03-23,Active,6072,Normal,Currently Working
100521,6038,Krishna Khosla,Inventory Associate,Male,49451.0,2026-05-03,Active,6038,Normal,Currently Working
100522,6097,Gabriel Bandi,Store Manager,Male,16179.0,2025-12-07,Resigned,6097,Normal,Resigned
100523,6056,Nidra Nair,Picker,Male,61100.0,2026-04-07,Resigned,6056,Normal,Resigned
100524,6048,Diya Shah,Packer,Female,21870.0,2025-05-15,Active,6048,Normal,Currently Working
100525,6043,Urvashi Singhal,Packer,Female,28669.0,2026-07-08,Active,6043,Normal,Currently Working
100526,6078,Wahab Radhakrishnan,Picker,Female,54936.0,2024-09-02,Active,6078,Normal,Currently Working
100527,6121,Maya Vora,Quality Checker,Unknown,39135.0,2024-01-19,Resigned,6121,Normal,Resigned
100528,6051,Ekbal Kapoor,Inventory Associate,Female,21847.0,2023-09-12,Active,6051,Normal,Currently Working
100529,6121,Adweta Solanki,Picker,Female,50911.0,2026-04-29,Resigned,6121,Normal,Resigned
100530,6085,Vansha Kant,Packer,Male,38096.0,2026-01-23,On Leave,6085,Normal,On Leave
100531,6073,Januja Viswanathan,Quality Checker,Female,25679.0,2026-08-18,On Leave,6073,Normal,On Leave
100532,6073,Jasmit Khare,Picker,Female,64985.0,2023-06-14,Active,6073,Normal,Currently Working
100533,6051,Triveni Goel,Packer,Male,26479.0,2025-04-29,Active,6051,Normal,Currently Working
100534,6017,Ekanta Raj,Delivery Rider,Male,18647.0,2025-03-11,Active,6017,Normal,Currently Working
100535,6029,Jason Rout,Inventory Associate,Male,58447.0,2024-01-29,Active,6029,Normal,Currently Working
100536,6110,Keya Chauhan,Picker,Male,51255.0,2023-03-31,Active,6110,Normal,Currently Working
100537,6137,Sneha Chakrabarti,Packer,Male,25746.0,2024-02-02,Active,6137,Normal,Currently Working
100538,6069,Sanaya Choudhury,Quality Checker,Female,40546.0,2023-09-24,Active,6069,Normal,Currently Working
100539,6132,Owen Varughese,Packer,Female,40162.0,2024-06-05,On Leave,6132,Normal,On Leave
100540,6137,Jeevika Suresh,Delivery Rider,Female,37951.0,2023-03-25,Active,6137,Normal,Currently Working
100541,6140,Kamala Virk,Packer,Female,23788.0,2024-09-17,Active,6140,Normal,Currently Working
100542,6080,Zayyan Badami,Picker,Male,44364.0,2023-12-28,Active,6080,Normal,Currently Working
100543,6036,Aashi Bhardwaj,Store Manager,Male,37423.0,2024-11-08,Resigned,6036,Normal,Resigned
100544,6110,Anvi Naik,Quality Checker,Female,28569.0,2024-12-28,Active,6110,Normal,Currently Working
100545,6129,Raksha Chand,Store Manager,Male,25856.0,2023-08-27,Resigned,6129,Normal,Resigned
100546,6023,Gaurang Jaggi,Quality Checker,Unknown,63447.0,2024-09-24,On Leave,6023,Normal,On Leave
100547,6040,Kamya Bassi,Packer,Male,20957.0,2023-02-22,Active,6040,Normal,Currently Working
100548,6012,Jeevika Barman,Picker,Male,62163.0,2025-07-02,Active,6012,Normal,Currently Working
100549,6011,Nikita Sankar,Quality Checker,Male,62660.0,2025-06-25,Active,6011,Normal,Currently Working
100550,6054,Indira Khare,Delivery Rider,Male,19993.0,2025-03-22,Active,6054,Normal,Currently Working
100551,6102,Rehaan Pradhan,Picker,Female,49138.0,2024-03-04,Active,6102,Normal,Currently Working
100552,6069,Forum Bobal,Quality Checker,Unknown,41300.0,2022-11-19,Active,6069,Normal,Currently Working
100553,6019,Ladli Ramaswamy,Delivery Rider,Male,31244.0,2022-12-13,Active,6019,Normal,Currently Working
100554,6026,Atharv Chokshi,Picker,Male,33132.0,2024-09-25,On Leave,6026,Normal,On Leave
100555,6037,Turvi Sarin,Picker,Female,57252.0,2025-01-01,Resigned,6037,Normal,Resigned
100556,6020,Patrick Bhattacharyya,Picker,Male,28483.0,2024-04-16,Active,6020,Normal,Currently Working
100557,6094,Krishna Vala,Delivery Rider,Female,24603.0,2024-05-22,Active,6094,Normal,Currently Working
100558,6024,Vincent Iyer,Delivery Rider,Female,24182.0,2025-08-22,Active,6024,Normal,Currently Working
100559,6098,Chaitaly Narayanan,Picker,Female,38424.5,2024-03-27,Resigned,6098,Normal,Resigned
100560,6082,Jacob Chana,Picker,Female,51083.0,2025-09-15,Active,6082,Normal,Currently Working
100561,6087,Alexander Chaudry,Packer,Male,50641.0,2023-07-07,Active,6087,Normal,Currently Working
100562,6129,Suhani Bhakta,Packer,Unknown,42163.0,2024-08-14,Active,6129,Normal,Currently Working
100563,6115,Gautami Subramanian,Quality Checker,Male,60161.0,2025-12-04,On Leave,6115,Normal,On Leave
100564,6075,Logan Ray,Inventory Associate,Female,16086.0,2026-01-30,Active,6075,Normal,Currently Working
100565,6055,Ekani Natt,Picker,Male,43819.0,2025-11-24,Active,6055,Normal,Currently Working
100566,6054,Quincy Yohannan,Store Manager,Female,58313.0,2023-05-23,Active,6054,Normal,Currently Working
100567,6141,Gabriel Munshi,Delivery Rider,Male,16120.0,2023-09-24,Active,6141,Normal,Currently Working
100568,6059,Megha Vaidya,Quality Checker,Male,61162.0,2024-03-01,On Leave,6059,Normal,On Leave
100569,6095,Damyanti Modi,Store Manager,Male,16832.0,2026-03-05,Resigned,6095,Normal,Resigned
100570,6113,Rajata Zacharia,Inventory Associate,Female,24086.0,2023-08-17,Active,6113,Normal,Currently Working
100571,6016,Karan Ben,Store Manager,Unknown,25341.0,2023-08-29,Active,6016,Normal,Currently Working
100572,6096,Ucchal Suresh,Picker,Male,42805.0,2023-06-18,Active,6096,Normal,Currently Working
100573,6101,Jasmit Om,Delivery Rider,Female,14726.0,2025-06-21,Active,6101,Normal,Currently Working
100574,6009,Dipta Anand,Store Manager,Unknown,58193.0,2023-06-07,Active,6009,Normal,Currently Working
100575,6062,Ekiya Banik,Store Manager,Female,51660.0,2024-10-05,Resigned,6062,Normal,Resigned
100576,6024,Bishakha Iyer,Picker,Male,42869.0,2023-09-22,Active,6024,Normal,Currently Working
100577,6059,Nidra Saxena,Picker,Male,29753.0,2025-06-22,Active,6059,Normal,Currently Working
100578,6062,Dalbir Gole,Delivery Rider,Unknown,50053.0,2023-06-12,Resigned,6062,Normal,Resigned
100579,6120,Chandran Devan,Delivery Rider,Male,44274.0,2024-05-13,Resigned,6120,Normal,Resigned
100580,6121,Widisha Gole,Delivery Rider,Female,20855.0,2026-01-30,Active,6121,Normal,Currently Working
100581,6024,Wishi Kant,Inventory Associate,Female,40106.5,2022-09-08,Active,6024,Normal,Currently Working
100582,6002,Siddharth Warrior,Delivery Rider,Female,32958.0,2025-04-29,Active,6002,Normal,Currently Working
100583,6026,Samuel Varty,Picker,Male,49459.0,2025-12-25,Active,6026,Normal,Currently Working
100584,6144,Saksham Chand,Inventory Associate,Male,54510.0,2023-01-13,Active,6144,Normal,Currently Working
100585,6137,Udarsh Kurian,Quality Checker,Female,21466.0,2026-06-08,Active,6137,Normal,Currently Working
100586,6103,Panini Dubey,Delivery Rider,Female,26956.0,2025-06-15,On Leave,6103,Normal,On Leave
100587,6060,Benjamin Dutta,Packer,Female,38572.0,2026-02-07,Active,6060,Normal,Currently Working
100588,6103,Viraj Nagar,Delivery Rider,Female,26945.0,2025-12-22,Active,6103,Normal,Currently Working
100589,6067,Dayamai Kuruvilla,Packer,Female,25248.0,2025-06-16,Active,6067,Normal,Currently Working
100590,6137,Max Kashyap,Packer,Female,54408.0,2023-12-05,Active,6137,Normal,Currently Working
100591,6052,Falak Rai,Store Manager,Female,34955.0,2024-03-12,Active,6052,Normal,Currently Working
100592,6115,Udant Chander,Packer,Male,20979.0,2023-04-03,Resigned,6115,Normal,Resigned
100593,6038,Qarin Sani,Inventory Associate,Male,40106.5,2023-06-04,Active,6038,Normal,Currently Working
100594,6023,Ishwar Barad,Picker,Male,25958.0,2023-12-18,Active,6023,Normal,Currently Working
100595,6007,Shivansh Viswanathan,Packer,Male,40162.0,2025-12-11,Active,6007,Normal,Currently Working
100596,6075,Vrishti Pall,Inventory Associate,Male,19726.0,2024-09-25,On Leave,6075,Normal,On Leave
100597,6072,Girik Iyer,Delivery Rider,Male,28919.0,2022-09-13,Active,6072,Normal,Currently Working
100598,6124,Gaurang Jaggi,Packer,Female,44408.0,2024-07-27,Resigned,6124,Normal,Resigned
100599,6057,Utkarsh Mital,Inventory Associate,Male,47455.0,2023-03-11,On Leave,6057,Normal,On Leave
100600,6058,Aarav Padmanabhan,Picker,Female,38131.0,2022-10-05,On Leave,6058,Normal,On Leave
100601,6092,Charita Bedi,Delivery Rider,Female,46521.0,2023-05-29,On Leave,6092,Normal,On Leave
100602,6135,Shivani Srivastava,Packer,Female,44922.0,2023-04-27,Active,6135,Normal,Currently Working
100603,6064,Praneel Choudhary,Quality Checker,Male,20183.0,2023-08-15,Active,6064,Normal,Currently Working
100604,6073,Ekaraj Sha,Delivery Rider,Male,28270.0,2025-10-12,Resigned,6073,Normal,Resigned
100605,6066,Neel Ramaswamy,Packer,Male,50917.0,2023-05-01,Active,6066,Normal,Currently Working
100606,6025,Balveer Varghese,Delivery Rider,Female,58128.0,2024-06-23,Resigned,6025,Normal,Resigned
100607,6040,Kevin Sagar,Delivery Rider,Female,23771.0,2024-12-12,On Leave,6040,Normal,On Leave
100608,6072,Faraj Prasad,Packer,Male,51845.0,2024-10-12,On Leave,6072,Normal,On Leave
100609,6129,Jagvi Gara,Picker,Unknown,27057.0,2025-07-17,Active,6129,Normal,Currently Working
100610,6027,Garima Ahluwalia,Delivery Rider,Female,34080.0,2025-04-13,Resigned,6027,Normal,Resigned
100611,6089,Chavvi Dixit,Quality Checker,Male,18275.0,2025-12-31,Active,6089,Normal,Currently Working
100612,6141,William Dada,Picker,Male,17308.0,2023-09-04,Active,6141,Normal,Currently Working
100613,6023,Jacob Nair,Inventory Associate,Female,14011.0,2023-03-30,Active,6023,Normal,Currently Working
100614,6106,Brijesh Toor,Picker,Female,21500.0,2024-07-02,Resigned,6106,Normal,Resigned
100615,6058,Bhanumati Raval,Store Manager,Unknown,63605.0,2023-08-28,Resigned,6058,Normal,Resigned
100616,6058,Wriddhish Warrior,Inventory Associate,Unknown,47562.0,2024-11-07,Resigned,6058,Normal,Resigned
100617,6122,Alexander Cherian,Inventory Associate,Female,40719.0,2024-08-21,On Leave,6122,Normal,On Leave
100618,6063,Shivansh Karnik,Picker,Male,42239.0,2026-05-28,Active,6063,Normal,Currently Working
100619,6050,Mitesh Lalla,Picker,Female,42444.0,2022-12-24,Active,6050,Normal,Currently Working
100620,6101,Maya Vasa,Delivery Rider,Female,39031.0,2026-08-16,Resigned,6101,Normal,Resigned
100621,6087,Frado Kalla,Picker,Unknown,19176.0,2023-01-26,Active,6087,Normal,Currently Working
100622,6042,Yatan Bora,Picker,Male,18465.0,2023-07-26,Resigned,6042,Normal,Resigned
100623,6046,Benjamin Kale,Delivery Rider,Female,41193.0,2025-01-10,Active,6046,Normal,Currently Working
100624,6114,Chavvi Oommen,Delivery Rider,Male,28945.0,2025-02-07,Active,6114,Normal,Currently Working
100625,6101,Qadim Apte,Inventory Associate,Male,56708.0,2022-12-19,Active,6101,Normal,Currently Working
100626,6113,Niharika Bali,Delivery Rider,Male,24003.0,2023-11-25,Active,6113,Normal,Currently Working
100627,6032,Manbir Vaidya,Delivery Rider,Female,54231.0,2022-12-25,Active,6032,Normal,Currently Working
100628,6113,Hemangini Dey,Picker,Male,21155.0,2025-05-06,Resigned,6113,Normal,Resigned
100629,6097,Garima Bhavsar,Quality Checker,Female,39702.5,2023-12-06,Active,6097,Normal,Currently Working
100630,6024,Baljiwan Tank,Store Manager,Male,22975.0,2026-08-15,On Leave,6024,Normal,On Leave
100631,7004,Ekapad Bhatnagar,Store Manager,Male,17074.0,2024-09-24,Resigned,6005,Normal,Resigned
100632,6105,Jasmit Sabharwal,Inventory Associate,Unknown,21331.0,2023-05-06,Resigned,6105,Normal,Resigned
100633,6128,Nicholas Tailor,Inventory Associate,Female,15401.0,2022-12-31,Active,6128,Normal,Currently Working
100634,6071,Krishna Lad,Picker,Male,46489.0,2025-04-27,Active,6071,Normal,Currently Working
100635,6129,Chatresh Shukla,Inventory Associate,Female,30215.0,2025-12-11,Active,6129,Normal,Currently Working
100636,6062,Radhika Raju,Delivery Rider,Female,54102.0,2025-12-17,Resigned,6062,Normal,Resigned
100637,6004,Jack Bir,Picker,Male,25498.0,2025-12-06,Active,6004,Normal,Currently Working
100638,6119,Vincent Khatri,Packer,Female,33684.0,2026-07-03,Active,6119,Normal,Currently Working
100639,6136,Warjas Tailor,Delivery Rider,Male,39694.0,2023-06-04,Active,6136,Normal,Currently Working
100640,6144,Manya Rana,Inventory Associate,Female,40202.0,2024-06-12,Resigned,6144,Normal,Resigned
100641,6143,Ladli Ravi,Picker,Male,29771.0,2025-10-21,Resigned,6143,Normal,Resigned
100642,6069,Harinakshi Sandhu,Picker,Female,53411.0,2026-06-04,Resigned,6069,Normal,Resigned
100643,6140,Charita Suresh,Packer,Female,51223.0,2025-10-20,Resigned,6140,Normal,Resigned
100644,6135,Vaishnavi Sahota,Packer,Female,28656.0,2025-01-17,Resigned,6135,Normal,Resigned
100645,6078,Tanvi Dhingra,Picker,Male,14792.0,2024-04-10,On Leave,6078,Normal,On Leave
100646,6113,Fiyaz Pandya,Delivery Rider,Male,28970.0,2023-12-22,Resigned,6113,Normal,Resigned
100647,6119,Bachittar Master,Delivery Rider,Male,19915.0,2024-03-16,Active,6119,Normal,Currently Working
100648,6147,Rachit Sathe,Delivery Rider,Male,39424.5,2023-12-22,Resigned,6147,Normal,Resigned
100649,6141,Jai Kalita,Packer,Female,49375.0,2024-04-05,Active,6141,Normal,Currently Working
100650,6024,Keya Gour,Quality Checker,Male,26698.0,2025-05-12,Active,6024,Normal,Currently Working
100651,6129,Matthew Patil,Quality Checker,Male,35842.0,2024-03-10,Active,6129,Normal,Currently Working
100652,6071,Meera Morar,Delivery Rider,Male,44263.0,2023-04-20,Active,6071,Normal,Currently Working
100653,6045,Nicholas Raman,Picker,Female,58402.0,2024-08-18,Active,6045,Normal,Currently Working
100654,6086,Parth Chawla,Store Manager,Male,43204.0,2024-09-27,Resigned,6086,Normal,Resigned
100655,6045,Zashil Pandey,Picker,Unknown,38424.5,2026-05-30,On Leave,6045,Normal,On Leave
100656,6023,Krishna Kulkarni,Delivery Rider,Female,17281.0,2025-05-02,Active,6023,Normal,Currently Working
100657,6126,Yoshita Narula,Delivery Rider,Unknown,39424.5,2025-04-18,Active,6126,Normal,Currently Working
100658,6086,Janaki Mody,Delivery Rider,Male,17634.0,2024-05-28,On Leave,6086,Normal,On Leave
100659,6096,Darpan Tara,Picker,Male,38424.5,2025-04-10,Active,6096,Normal,Currently Working
100660,6017,Dakshesh Dani,Picker,Male,20794.0,2024-08-08,Active,6017,Normal,Currently Working
100661,6111,Deepa Vala,Delivery Rider,Male,44778.0,2024-11-10,Resigned,6111,Normal,Resigned
100662,6012,Bakhshi Nanda,Delivery Rider,Female,57802.0,2026-03-12,Active,6012,Normal,Currently Working
100663,6148,Anika Dhawan,Picker,Female,55199.0,2024-07-23,Active,6148,Normal,Currently Working
100664,6140,Manya Ghose,Store Manager,Male,51095.0,2023-05-20,On Leave,6140,Normal,On Leave
100665,6142,Wyatt Manne,Packer,Male,33919.0,2025-08-14,Active,6142,Normal,Currently Working
100666,6004,Osha Reddy,Packer,Male,59953.0,2025-09-21,Active,6004,Normal,Currently Working
100667,6043,Waida Parsa,Inventory Associate,Female,28838.0,2025-03-23,Resigned,6043,Normal,Resigned
100668,7005,Ekiya Edwin,Packer,Male,47818.0,2025-05-24,Active,6006,Normal,Currently Working
100669,6045,Chanakya Walia,Inventory Associate,Unknown,31742.0,2025-12-18,Active,6045,Normal,Currently Working
100670,6102,Sai Varty,Picker,Male,24210.0,2024-01-08,Resigned,6102,Normal,Resigned
100671,6149,Nicholas Morar,Picker,Female,23382.0,2025-11-10,Active,6149,Normal,Currently Working
100672,6040,Devika Bera,Inventory Associate,Female,17554.0,2025-08-01,Active,6040,Normal,Currently Working
100673,6113,Jagvi Grover,Quality Checker,Female,34547.0,2024-12-24,Active,6113,Normal,Currently Working
100674,6146,Rudra Nagi,Picker,Male,53639.0,2023-09-20,Active,6146,Normal,Currently Working
100675,6006,Ikbal Lad,Picker,Female,38424.5,2026-05-05,Active,6006,Normal,Currently Working
100676,6120,Lekha Sodhi,Packer,Female,36872.0,2024-01-29,Active,6120,Normal,Currently Working
100677,6024,Shravya Thaker,Delivery Rider,Male,43735.0,2023-09-12,On Leave,6024,Normal,On Leave
100678,6116,Divya Basu,Picker,Male,27180.0,2025-12-24,Active,6116,Normal,Currently Working
100679,6117,Nisha Bose,Quality Checker,Female,39235.0,2023-03-29,Active,6117,Normal,Currently Working
100680,6055,Meghana Wagle,Delivery Rider,Male,26295.0,2023-09-25,On Leave,6055,Normal,On Leave
100681,6098,Aashi Sengupta,Picker,Male,51147.0,2025-11-15,On Leave,6098,Normal,On Leave
100682,6102,Dalaja Pandya,Picker,Female,64361.0,2025-09-18,Active,6102,Normal,Currently Working
100683,6124,Alka Kohli,Delivery Rider,Male,22094.0,2025-01-14,Active,6124,Normal,Currently Working
100684,6040,Nitara Choudhry,Inventory Associate,Female,32859.0,2026-03-05,Active,6040,Normal,Currently Working
100685,6123,Patrick Dalal,Packer,Female,55960.0,2026-05-08,Active,6123,Normal,Currently Working
100686,6128,Harita Ratta,Quality Checker,Female,15322.0,2025-09-23,Active,6128,Normal,Currently Working
100687,6024,Inaya Grewal,Picker,Female,28502.0,2024-03-14,Active,6024,Normal,Currently Working
100688,6117,Odika Mani,Delivery Rider,Male,28797.0,2025-06-24,Resigned,6117,Normal,Resigned
100689,6106,Dominic Sachdev,Quality Checker,Male,25256.0,2023-03-02,Resigned,6106,Normal,Resigned
100690,6110,Warinder Sankaran,Quality Checker,Male,46347.0,2022-11-24,Resigned,6110,Normal,Resigned
100691,6053,Kevin Dora,Delivery Rider,Unknown,33531.0,2024-03-30,Active,6053,Normal,Currently Working
100692,6077,Xiti Dash,Picker,Male,38424.5,2023-09-07,Active,6077,Normal,Currently Working
100693,6098,Lakshmi Mani,Packer,Male,33787.0,2026-03-23,Active,6098,Normal,Currently Working
100694,6058,Anvi Bhavsar,Picker,Unknown,38424.5,2023-02-26,Active,6058,Normal,Currently Working
100695,6096,Tanay Kapur,Picker,Female,44653.0,2025-09-19,On Leave,6096,Normal,On Leave
100696,6035,Farhan Parsa,Delivery Rider,Unknown,33901.0,2023-11-13,Resigned,6035,Normal,Resigned
100697,6026,Jairaj Nair,Quality Checker,Female,39702.5,2022-09-22,Resigned,6026,Normal,Resigned
100698,6096,Liam Sekhon,Inventory Associate,Female,60158.0,2023-07-04,Active,6096,Normal,Currently Working
100699,6144,Sanaya Bali,Picker,Male,59660.0,2023-09-24,Resigned,6144,Normal,Resigned
100700,6148,Indrajit Sule,Delivery Rider,Male,39445.0,2022-10-15,On Leave,6148,Normal,On Leave
100701,6112,Ganga Wali,Store Manager,Female,44773.0,2023-07-12,On Leave,6112,Normal,On Leave
100702,6067,Sathvik Manda,Inventory Associate,Female,22974.0,2024-11-26,Active,6067,Normal,Currently Working
100703,6053,Udant Ghose,Inventory Associate,Male,26046.0,2025-12-27,On Leave,6053,Normal,On Leave
100704,6006,Panini Prasad,Picker,Male,61811.0,2022-09-29,Active,6006,Normal,Currently Working
100705,6030,Gaurav Chowdhury,Quality Checker,Male,20319.0,2022-11-19,On Leave,6030,Normal,On Leave
100706,6117,Upkaar Bhakta,Inventory Associate,Female,50775.0,2024-03-25,Active,6117,Normal,Currently Working
100707,6057,Zayan Bora,Quality Checker,Female,27006.0,2025-11-05,Active,6057,Normal,Currently Working
100708,6080,Raagini Setty,Inventory Associate,Male,31846.0,2025-03-13,Active,6080,Normal,Currently Working
100709,6088,Rayaan Om,Picker,Male,30389.0,2026-07-04,On Leave,6088,Normal,On Leave
100710,6094,Neha Gandhi,Delivery Rider,Male,54830.0,2025-02-03,On Leave,6094,Normal,On Leave
100711,6085,Faraj Varty,Packer,Female,53867.0,2023-10-05,Active,6085,Normal,Currently Working
100712,6009,Ronith Lanka,Store Manager,Female,22568.0,2022-09-12,Active,6009,Normal,Currently Working
100713,6096,Arin Babu,Delivery Rider,Female,29114.0,2023-06-08,Active,6096,Normal,Currently Working
100714,6088,Omisha Arya,Delivery Rider,Male,21715.0,2022-11-18,Active,6088,Normal,Currently Working
100715,6025,Isha Gade,Packer,Female,28251.0,2025-12-21,Active,6025,Normal,Currently Working
100716,6087,Isha Mohan,Delivery Rider,Female,39424.5,2024-11-22,On Leave,6087,Normal,On Leave
100717,6051,Isha Sama,Picker,Female,64738.0,2023-01-19,Resigned,6051,Normal,Resigned
100718,6087,Harsh Oza,Packer,Male,50615.0,2026-03-24,Active,6087,Normal,Currently Working
100719,6106,Januja Sinha,Picker,Unknown,54983.0,2023-01-21,On Leave,6106,Normal,On Leave
100720,6088,Geetika Nagar,Inventory Associate,Male,26291.0,2024-07-29,Active,6088,Normal,Currently Working
100721,6109,Ikbal Wable,Store Manager,Female,57862.0,2024-07-14,Active,6109,Normal,Currently Working
100722,6033,Shaurya Pandya,Delivery Rider,Male,42740.0,2024-11-19,Active,6033,Normal,Currently Working
100723,6008,Reyansh Mall,Delivery Rider,Male,16695.0,2023-08-22,Active,6008,Normal,Currently Working
100724,6063,Leena Dyal,Packer,Male,57569.0,2026-05-31,On Leave,6063,Normal,On Leave
100725,6093,Krish Devi,Delivery Rider,Female,17737.0,2025-11-17,On Leave,6093,Normal,On Leave
100726,6011,Ladli Bala,Delivery Rider,Female,64536.0,2022-09-06,Resigned,6011,Normal,Resigned
100727,6129,Ubika Bassi,Delivery Rider,Male,29676.0,2022-09-01,Active,6129,Normal,Currently Working
100728,6026,Ekiya Nigam,Packer,Male,15087.0,2023-06-12,Active,6026,Normal,Currently Working
100729,6013,Vedhika Jha,Delivery Rider,Unknown,45296.0,2025-02-16,Active,6013,Normal,Currently Working
100730,6105,Isha Raja,Inventory Associate,Female,23387.0,2022-08-29,Resigned,6105,Normal,Resigned
100731,6043,Jonathan Iyengar,Delivery Rider,Male,27695.0,2026-02-25,Active,6043,Normal,Currently Working
100732,6113,Ekansh Bhagat,Picker,Male,62853.0,2024-05-22,Resigned,6113,Normal,Resigned
100733,6144,Mugdha Khatri,Packer,Female,56991.0,2026-01-28,Resigned,6144,Normal,Resigned
100734,6034,Urmi Dhar,Quality Checker,Female,18387.0,2025-07-01,Active,6034,Normal,Currently Working
100735,6101,Lakshmi Bhatnagar,Packer,Female,33496.0,2023-02-07,Active,6101,Normal,Currently Working
100736,6102,Abdul Ramanathan,Picker,Female,21858.0,2025-06-06,Active,6102,Normal,Currently Working
100737,6014,Balvan Kibe,Inventory Associate,Female,17823.0,2024-11-23,Active,6014,Normal,Currently Working
100738,6115,Aadi Barad,Inventory Associate,Female,44779.0,2023-03-01,Resigned,6115,Normal,Resigned
100739,6030,Wridesh Kanda,Quality Checker,Male,60224.0,2024-06-30,Active,6030,Normal,Currently Working
100740,6109,Odika Lall,Store Manager,Male,43168.0,2025-09-24,Resigned,6109,Normal,Resigned
100741,6034,Andrew Srinivas,Picker,Female,41586.0,2022-10-18,Active,6034,Normal,Currently Working
100742,7001,Gopal Grover,Store Manager,Female,51547.0,2025-08-29,Active,6002,Normal,Currently Working
100743,6085,Yauvani Naik,Picker,Male,15240.0,2023-03-16,Resigned,6085,Normal,Resigned
100744,6129,Aarnav Bora,Quality Checker,Male,35105.0,2023-01-20,Resigned,6129,Normal,Resigned
100745,6039,Yadavi Yogi,Inventory Associate,Male,58815.0,2026-01-13,Active,6039,Normal,Currently Working
100746,6068,Bina Shankar,Picker,Female,24840.0,2022-12-10,Active,6068,Normal,Currently Working
100747,6045,Sathvik Bajwa,Delivery Rider,Male,45135.0,2024-03-20,Active,6045,Normal,Currently Working
100748,6065,Sathvik Das,Packer,Male,27557.0,2023-05-19,Active,6065,Normal,Currently Working
100749,6093,Pushti Choudhry,Picker,Male,27557.0,2025-06-18,Active,6093,Normal,Currently Working
100750,6068,Zinal Pandey,Delivery Rider,Female,42385.0,2025-01-30,Active,6068,Normal,Currently Working
100751,6028,William Chaudhuri,Inventory Associate,Male,53205.0,2025-05-05,Active,6028,Normal,Currently Working
100752,6014,Chasmum More,Picker,Unknown,24767.0,2022-12-28,Active,6014,Normal,Currently Working
100753,6150,Wakeeta Natt,Delivery Rider,Female,49670.0,2025-09-05,Active,6150,Normal,Currently Working
100754,6066,Farhan Borde,Picker,Female,37358.0,2025-09-15,Active,6066,Normal,Currently Working
100755,6051,Zinal Rajan,Quality Checker,Male,53982.0,2022-10-21,Active,6051,Normal,Currently Working
100756,6098,Shivansh Buch,Quality Checker,Male,42574.0,2024-06-14,Active,6098,Normal,Currently Working
100757,6133,Azaan Deshmukh,Inventory Associate,Female,21264.0,2026-04-13,Resigned,6133,Normal,Resigned
100758,6122,Christopher Gole,Packer,Male,41486.0,2026-01-11,Active,6122,Normal,Currently Working
100759,6023,Riya Kumer,Delivery Rider,Female,39424.5,2025-07-02,Active,6023,Normal,Currently Working
100760,6076,Charita Pall,Picker,Male,40775.0,2025-06-16,Active,6076,Normal,Currently Working
100761,6045,Girindra Gaba,Packer,Female,40377.0,2022-09-29,Active,6045,Normal,Currently Working
100762,6083,Eshana Mahal,Store Manager,Female,19756.0,2024-05-27,On Leave,6083,Normal,On Leave
100763,6138,Nitara Yogi,Picker,Male,20385.0,2025-11-05,Resigned,6138,Normal,Resigned
100764,6005,Ishanvi Narasimhan,Picker,Male,41623.0,2022-09-18,Active,6005,Normal,Currently Working
100765,6038,Hema Buch,Inventory Associate,Female,36769.0,2022-08-21,On Leave,6038,Normal,On Leave
100766,6012,Balendra Murthy,Quality Checker,Male,47636.0,2024-10-04,Active,6012,Normal,Currently Working
100767,6136,Jeevika Bhatt,Delivery Rider,Female,63812.0,2024-04-30,On Leave,6136,Normal,On Leave
100768,6036,Naveen Kakar,Picker,Male,59468.0,2024-10-11,Active,6036,Normal,Currently Working
100769,6136,Nikita Venkataraman,Inventory Associate,Male,25835.0,2024-10-02,Active,6136,Normal,Currently Working
100770,6064,Simon Kamdar,Picker,Female,58073.0,2025-05-22,Resigned,6064,Normal,Resigned
100771,6061,Abha Sankar,Delivery Rider,Unknown,29525.0,2023-10-12,On Leave,6061,Normal,On Leave
100772,6039,Raksha Ganesan,Packer,Male,63749.0,2025-06-29,On Leave,6039,Normal,On Leave
100773,6002,Mahika Kothari,Store Manager,Female,50632.0,2025-05-24,Resigned,6002,Normal,Resigned
100774,6094,Gavin Kadakia,Delivery Rider,Female,43533.0,2023-12-31,Active,6094,Normal,Currently Working
100775,6085,Ekaraj Bir,Delivery Rider,Female,60800.0,2025-03-12,Resigned,6085,Normal,Resigned
100776,6003,Faras Bhatt,Quality Checker,Female,40073.0,2025-05-30,Active,6003,Normal,Currently Working
100777,6012,Ethan Pathak,Picker,Unknown,51352.0,2025-07-19,Active,6012,Normal,Currently Working
100778,6021,Wakeeta Uppal,Picker,Male,50611.0,2022-12-05,Resigned,6021,Normal,Resigned
100779,6139,Shivani Gokhale,Quality Checker,Female,61625.0,2025-05-19,On Leave,6139,Normal,On Leave
100780,6131,Chavvi Rana,Quality Checker,Female,41690.0,2026-03-25,Active,6131,Normal,Currently Working
100781,6057,Sai Chandran,Store Manager,Female,40300.0,2024-04-07,Active,6057,Normal,Currently Working
100782,6144,Hema Naidu,Delivery Rider,Male,63836.0,2026-01-28,Active,6144,Normal,Currently Working
100783,6121,Lipika Kara,Picker,Female,38424.5,2025-12-16,Resigned,6121,Normal,Resigned
100784,6048,Indali Nayak,Delivery Rider,Female,46005.0,2023-01-21,Active,6048,Normal,Currently Working
100785,6029,Ranveer Bora,Quality Checker,Male,36888.0,2023-09-28,Resigned,6029,Normal,Resigned
100786,6085,Devika Lall,Quality Checker,Male,15516.0,2026-04-02,Active,6085,Normal,Currently Working
100787,6139,Vasana Chatterjee,Quality Checker,Female,39702.5,2023-05-09,On Leave,6139,Normal,On Leave
100788,6067,Leela Kumar,Quality Checker,Male,18917.0,2025-12-23,Resigned,6067,Normal,Resigned
100789,6093,David Bhattacharyya,Picker,Male,60525.0,2025-03-28,Active,6093,Normal,Currently Working
100790,6089,Kalpit Pant,Delivery Rider,Male,39424.5,2023-10-25,Active,6089,Normal,Currently Working
100791,6136,Lakshit Pingle,Picker,Male,36170.0,2024-02-01,Active,6136,Normal,Currently Working
100792,6037,Kamala Peri,Picker,Female,44069.0,2025-10-13,Active,6037,Normal,Currently Working
100793,6071,Yuvraj Gandhi,Quality Checker,Female,30440.0,2023-04-18,Resigned,6071,Normal,Resigned
100794,6022,Ayushman Kapur,Delivery Rider,Male,51674.0,2023-10-09,Resigned,6022,Normal,Resigned
100795,6088,Leena Pau,Packer,Female,52757.0,2025-03-23,Resigned,6088,Normal,Resigned
100796,6034,Adya Amble,Packer,Male,52825.0,2023-08-05,Active,6034,Normal,Currently Working
100797,6007,Kala Keer,Quality Checker,Unknown,42278.0,2022-10-31,Active,6007,Normal,Currently Working
100798,6054,Raksha Sura,Picker,Female,21055.0,2023-10-04,Active,6054,Normal,Currently Working
100799,6081,Vyanjana Chander,Picker,Female,44866.0,2023-02-04,Resigned,6081,Normal,Resigned
100800,6048,Varsha Ghose,Picker,Female,43682.0,2024-04-01,Active,6048,Normal,Currently Working
100801,6095,Ria Bhat,Packer,Male,63692.0,2026-04-09,On Leave,6095,Normal,On Leave
100802,6036,Amaira Patel,Delivery Rider,Female,44384.0,2023-07-02,Active,6036,Normal,Currently Working
100803,6058,Hamsini Bhandari,Store Manager,Female,39657.0,2024-05-28,Resigned,6058,Normal,Resigned
100804,6037,Veda Kalita,Store Manager,Female,35699.0,2022-12-01,On Leave,6037,Normal,On Leave
100805,6119,Imaran Bhasin,Picker,Male,38424.5,2024-11-18,Active,6119,Normal,Currently Working
100806,6033,Wriddhish Vig,Store Manager,Male,27727.0,2026-05-28,Resigned,6033,Normal,Resigned
100807,6052,Simon Chaudhuri,Delivery Rider,Female,62774.0,2023-04-25,Active,6052,Normal,Currently Working
100808,6077,Upadhriti Sharma,Delivery Rider,Male,39424.5,2022-12-18,Resigned,6077,Normal,Resigned
100809,6113,Falan Sethi,Quality Checker,Male,62217.0,2025-10-08,Resigned,6113,Normal,Resigned
100810,6041,Samesh Mand,Picker,Male,64211.0,2025-02-25,Active,6041,Normal,Currently Working
100811,6088,Ekansh Dar,Quality Checker,Unknown,18756.0,2025-04-13,Active,6088,Normal,Currently Working
100812,6107,Vasatika Kurian,Picker,Female,19981.0,2025-06-11,On Leave,6107,Normal,On Leave
100813,6137,Yutika Bakshi,Store Manager,Female,21888.0,2023-05-08,Active,6137,Normal,Currently Working
100814,6107,Vivaan Tara,Packer,Male,55571.0,2025-03-16,Active,6107,Normal,Currently Working
100815,6084,Janya Dhillon,Quality Checker,Female,17952.0,2025-04-15,Resigned,6084,Normal,Resigned
100816,6051,Benjamin Pillai,Inventory Associate,Unknown,27270.0,2024-03-06,Active,6051,Normal,Currently Working
100817,6060,Utkarsh Babu,Inventory Associate,Male,62313.0,2025-04-04,Resigned,6060,Normal,Resigned
100818,6020,Shivani Kalla,Picker,Male,49480.0,2025-01-08,Active,6020,Normal,Currently Working
100819,6009,Reva Dey,Store Manager,Male,54579.0,2026-01-11,On Leave,6009,Normal,On Leave
100820,6062,Dipta Iyengar,Inventory Associate,Male,36248.0,2025-12-27,Active,6062,Normal,Currently Working
100821,6068,Aryan Gandhi,Picker,Male,28283.0,2026-05-22,Resigned,6068,Normal,Resigned
100822,6149,Viraj Bhatti,Quality Checker,Unknown,49532.0,2022-09-06,Active,6149,Normal,Currently Working
100823,6034,Simon Kalita,Delivery Rider,Female,14400.0,2024-07-15,Resigned,6034,Normal,Resigned
100824,6124,Saksham Mukherjee,Delivery Rider,Male,35248.0,2023-05-27,Active,6124,Normal,Currently Working
100825,6038,Anika Kara,Delivery Rider,Male,62382.0,2026-08-18,Active,6038,Normal,Currently Working
100826,6021,Azad Ray,Picker,Female,45730.0,2026-07-13,Resigned,6021,Normal,Resigned
100827,6002,Arin Prakash,Quality Checker,Female,58139.0,2023-05-05,Resigned,6002,Normal,Resigned
100828,6136,Aadi Dubey,Picker,Unknown,51612.0,2025-09-17,Active,6136,Normal,Currently Working
100829,6044,Suhani Soman,Picker,Male,50934.0,2025-01-22,Resigned,6044,Normal,Resigned
100830,6072,Laksh Lal,Store Manager,Male,21600.0,2024-11-16,On Leave,6072,Normal,On Leave
100831,6026,Anusha Saha,Delivery Rider,Male,22913.0,2023-05-08,Resigned,6026,Normal,Resigned
100832,6127,Krishna Nagi,Packer,Female,23630.0,2023-03-24,Active,6127,Normal,Currently Working
100833,6023,Oliver Kaur,Store Manager,Male,38812.0,2026-03-06,Resigned,6023,Normal,Resigned
100834,6021,Sneha Rege,Picker,Male,52617.0,2024-04-27,Active,6021,Normal,Currently Working
100835,6145,Matthew Luthra,Delivery Rider,Male,59424.0,2023-08-23,Resigned,6145,Normal,Resigned
100836,6012,Girish Behl,Inventory Associate,Female,51257.0,2026-07-02,On Leave,6012,Normal,On Leave
100837,6057,Anay Mann,Picker,Female,41063.0,2024-05-16,On Leave,6057,Normal,On Leave
100838,6127,Lakshit Salvi,Delivery Rider,Female,39424.5,2022-11-30,Resigned,6127,Normal,Resigned
100839,6077,Charita Varghese,Picker,Female,18624.0,2022-12-04,Active,6077,Normal,Currently Working
100840,6129,Yagnesh Tata,Inventory Associate,Male,54556.0,2024-12-17,Active,6129,Normal,Currently Working
100841,6039,Reyansh Sarin,Quality Checker,Male,41008.0,2025-04-06,Active,6039,Normal,Currently Working
100842,6034,Lavanya Golla,Store Manager,Male,35681.0,2022-12-08,On Leave,6034,Normal,On Leave
100843,6148,Warjas Sabharwal,Delivery Rider,Female,29455.0,2026-01-25,Resigned,6148,Normal,Resigned
100844,6145,Ethan Bhandari,Picker,Female,41295.0,2024-02-05,Resigned,6145,Normal,Resigned
100845,6052,Simon Narang,Inventory Associate,Male,28591.0,2025-02-16,Active,6052,Normal,Currently Working
100846,6020,Sai Soman,Delivery Rider,Male,60708.0,2025-10-30,Active,6020,Normal,Currently Working
100847,6058,Udyati Nair,Picker,Male,45323.0,2023-12-28,On Leave,6058,Normal,On Leave
100848,6013,Qushi Chakraborty,Packer,Female,51605.0,2025-10-09,Active,6013,Normal,Currently Working
100849,6069,Nilima Rattan,Picker,Male,31265.0,2026-06-18,Active,6069,Normal,Currently Working
100850,6073,Kamala Parsa,Picker,Male,17299.0,2026-06-23,Active,6073,Normal,Currently Working
100851,6036,Janya Datta,Picker,Female,23233.0,2024-02-25,Active,6036,Normal,Currently Working
100852,6074,Amaira Chowdhury,Delivery Rider,Male,18517.0,2026-08-15,Active,6074,Normal,Currently Working
100853,6030,Nidra Salvi,Packer,Female,28193.0,2022-10-10,Active,6030,Normal,Currently Working
100854,6117,Suhani Natarajan,Quality Checker,Male,25896.0,2025-03-20,On Leave,6117,Normal,On Leave
100855,6124,Hemani Sarkar,Picker,Male,41757.0,2024-12-08,Active,6124,Normal,Currently Working
100856,6013,Andrew Dyal,Quality Checker,Male,64620.0,2023-11-21,Active,6013,Normal,Currently Working
100857,6009,Brinda Jani,Packer,Male,45049.0,2024-03-16,Active,6009,Normal,Currently Working
100858,6084,Kala Mitra,Picker,Male,36113.0,2025-03-03,Active,6084,Normal,Currently Working
100859,6013,Dhruv Sha,Quality Checker,Male,63949.0,2025-03-23,Active,6013,Normal,Currently Working
100860,6126,Rushil Aurora,Picker,Female,38424.5,2026-01-11,Active,6126,Normal,Currently Working
100861,6045,Anita Balakrishnan,Inventory Associate,Male,21297.0,2025-01-05,Active,6045,Normal,Currently Working
100862,6002,Oscar Chada,Packer,Male,41612.0,2022-11-29,Active,6002,Normal,Currently Working
100863,6057,Oscar Karpe,Packer,Unknown,62527.0,2025-05-31,Resigned,6057,Normal,Resigned
100864,6140,Anirudh Bajwa,Delivery Rider,Male,16128.0,2023-04-30,Resigned,6140,Normal,Resigned
100865,6015,Rushil Dixit,Quality Checker,Female,51840.0,2023-02-01,On Leave,6015,Normal,On Leave
100866,6014,Ikshita Nagarajan,Quality Checker,Male,60724.0,2024-07-05,Active,6014,Normal,Currently Working
100867,6137,Aarna Nath,Picker,Female,20074.0,2023-10-19,Resigned,6137,Normal,Resigned
100868,6137,Aishani Gaba,Store Manager,Female,46739.0,2022-11-07,Active,6137,Normal,Currently Working
100869,6096,Charles Lall,Store Manager,Unknown,55392.0,2023-09-10,Active,6096,Normal,Currently Working
100870,6114,Harita Thaker,Inventory Associate,Female,38775.0,2023-02-27,Active,6114,Normal,Currently Working
100871,6150,Charan Dube,Picker,Male,30813.0,2024-08-06,Active,6150,Normal,Currently Working
100872,6126,Lekha Merchant,Picker,Male,41590.0,2025-12-26,Active,6126,Normal,Currently Working
100873,6119,Deepa Bora,Delivery Rider,Female,35083.0,2025-07-01,Resigned,6119,Normal,Resigned
100874,6122,Dominic Doshi,Quality Checker,Female,19720.0,2025-11-02,On Leave,6122,Normal,On Leave
100875,6027,Upadhriti Kashyap,Delivery Rider,Male,48109.0,2023-05-25,Active,6027,Normal,Currently Working
100876,6032,Radhika Devi,Picker,Male,26616.0,2025-02-13,Resigned,6032,Normal,Resigned
100877,6023,Hritik Shankar,Inventory Associate,Female,41006.0,2022-09-07,Active,6023,Normal,Currently Working
100878,6017,Yachana Sampath,Picker,Male,35482.0,2023-08-05,Active,6017,Normal,Currently Working
100879,6012,Dakshesh Balasubramanian,Store Manager,Female,18950.0,2024-09-19,On Leave,6012,Normal,On Leave
100880,6126,Timothy Varghese,Picker,Male,25352.0,2023-07-19,Active,6126,Normal,Currently Working
100881,6127,Rehaan Gour,Quality Checker,Male,60517.0,2023-10-17,On Leave,6127,Normal,On Leave
100882,6139,Advika Deep,Store Manager,Female,45718.0,2023-06-13,Resigned,6139,Normal,Resigned
100883,6123,Ubika Nori,Delivery Rider,Male,55721.0,2023-04-05,Active,6123,Normal,Currently Working
100884,6013,Mekhala Mutti,Delivery Rider,Female,27631.0,2025-12-09,Active,6013,Normal,Currently Working
100885,6080,Christopher Mutti,Inventory Associate,Male,47497.0,2024-09-20,Active,6080,Normal,Currently Working
100886,6142,Ekta Varkey,Delivery Rider,Female,16585.0,2022-12-27,Active,6142,Normal,Currently Working
100887,6095,Yatan Shenoy,Packer,Female,32545.0,2023-07-30,Resigned,6095,Normal,Resigned
100888,6069,Jagdish Toor,Inventory Associate,Male,28616.0,2022-10-02,Active,6069,Normal,Currently Working
100889,6020,Vamakshi Wadhwa,Inventory Associate,Female,47458.0,2025-07-03,Active,6020,Normal,Currently Working
100890,6038,Hitesh Boase,Delivery Rider,Female,28614.0,2023-11-16,Resigned,6038,Normal,Resigned
100891,6071,Veda Bhavsar,Store Manager,Male,33046.0,2025-02-15,On Leave,6071,Normal,On Leave
100892,6094,Shivani Nadkarni,Inventory Associate,Male,53389.0,2023-08-23,On Leave,6094,Normal,On Leave
100893,6080,Kamya Warrior,Quality Checker,Male,37912.0,2026-01-15,Active,6080,Normal,Currently Working
100894,6149,Charan Cheema,Picker,Unknown,61196.0,2024-06-01,Active,6149,Normal,Currently Working
100895,6148,Arya Deol,Store Manager,Male,47675.0,2025-09-15,Resigned,6148,Normal,Resigned
100896,6091,Dev Shukla,Store Manager,Male,55226.0,2022-10-12,Resigned,6091,Normal,Resigned
100897,6018,Charita Biswas,Quality Checker,Female,27104.0,2025-05-14,Active,6018,Normal,Currently Working
100898,6016,Rajeshri Venkatesh,Picker,Male,51910.0,2026-01-15,On Leave,6016,Normal,On Leave
100899,6018,Girindra Behl,Store Manager,Female,49853.0,2022-12-22,Active,6018,Normal,Currently Working
100900,6135,Hredhaan Bobal,Picker,Female,48706.0,2022-10-04,On Leave,6135,Normal,On Leave
100901,6016,Omkaar Khatri,Delivery Rider,Female,39424.5,2023-11-23,Active,6016,Normal,Currently Working
100902,6129,Hamsini Patil,Delivery Rider,Male,42520.0,2023-04-29,Resigned,6129,Normal,Resigned
100903,6072,Tara Dada,Delivery Rider,Male,22687.0,2023-02-15,Active,6072,Normal,Currently Working
100904,6011,Urvashi Kara,Quality Checker,Female,25893.0,2022-12-30,On Leave,6011,Normal,On Leave
100905,6082,Udyati Ramaswamy,Picker,Male,46234.0,2026-06-16,Active,6082,Normal,Currently Working
100906,6117,Rishi Swaminathan,Quality Checker,Female,42120.0,2025-06-30,On Leave,6117,Normal,On Leave
100907,6090,Yug Bala,Packer,Male,57383.0,2023-01-22,Resigned,6090,Normal,Resigned
100908,6063,Manthan Nagi,Packer,Female,58704.0,2023-08-26,Active,6063,Normal,Currently Working
100909,6127,Raghav Sahota,Delivery Rider,Male,49646.0,2023-11-19,On Leave,6127,Normal,On Leave
100910,6030,Vincent Padmanabhan,Picker,Male,18096.0,2022-11-09,Active,6030,Normal,Currently Working
100911,6065,Balveer Barad,Delivery Rider,Female,18228.0,2022-09-03,Active,6065,Normal,Currently Working
100912,6043,Vedant Nadkarni,Delivery Rider,Male,26579.0,2026-06-09,Resigned,6043,Normal,Resigned
100913,6081,Jasmit Mitra,Delivery Rider,Female,23551.0,2025-11-27,Active,6081,Normal,Currently Working
100914,6072,Meera Radhakrishnan,Delivery Rider,Male,64291.0,2024-02-17,Active,6072,Normal,Currently Working
100915,6020,Advik Roy,Store Manager,Female,64459.0,2023-10-07,Resigned,6020,Normal,Resigned
100916,6053,Charles Garg,Delivery Rider,Female,26708.0,2025-08-27,Active,6053,Normal,Currently Working
100917,6009,Zehaan Thaman,Picker,Female,37500.0,2025-08-25,On Leave,6009,Normal,On Leave
100918,6010,Rajeshri Mohanty,Delivery Rider,Female,16839.0,2025-04-03,Active,6010,Normal,Currently Working
100919,6073,Christopher Pai,Packer,Female,38800.0,2023-02-03,Resigned,6073,Normal,Resigned
100920,6035,Ekaja Dewan,Packer,Male,40162.0,2026-03-19,Resigned,6035,Normal,Resigned
100921,6112,Tamanna Nori,Packer,Male,46034.0,2026-01-22,Active,6112,Normal,Currently Working
100922,6022,Tanish Oak,Store Manager,Male,18923.0,2024-07-05,Active,6022,Normal,Currently Working
100923,6045,Harish Dani,Delivery Rider,Female,19423.0,2024-01-28,Active,6045,Normal,Currently Working
100924,6012,Atharv Karan,Delivery Rider,Male,52441.0,2023-12-09,Active,6012,Normal,Currently Working
100925,6016,Widisha Ben,Picker,Female,15015.0,2024-02-10,Resigned,6016,Normal,Resigned
100926,6117,Neelima Mukhopadhyay,Delivery Rider,Male,56898.0,2023-06-04,Active,6117,Normal,Currently Working
100927,6004,Dayita Singhal,Store Manager,Female,48747.0,2025-03-11,Active,6004,Normal,Currently Working
100928,6096,Devika Pandey,Delivery Rider,Unknown,37598.0,2023-11-27,Resigned,6096,Normal,Resigned
100929,6119,Zarna Biswas,Packer,Female,60649.0,2024-12-03,Active,6119,Normal,Currently Working
100930,6140,Advik Karan,Picker,Male,53997.0,2024-07-26,Active,6140,Normal,Currently Working
100931,6047,Janani Dash,Quality Checker,Female,27240.0,2023-06-18,Active,6047,Normal,Currently Working
100932,6086,Triya Sankaran,Store Manager,Female,46621.0,2025-04-01,Active,6086,Normal,Currently Working
100933,6112,Pushti Chanda,Picker,Male,63099.0,2022-09-22,Active,6112,Normal,Currently Working
100934,6074,Yutika Parikh,Packer,Female,20016.0,2023-05-14,Resigned,6074,Normal,Resigned
100935,6011,Theodore Peri,Inventory Associate,Male,57523.0,2023-01-14,On Leave,6011,Normal,On Leave
100936,6060,Nakul Rai,Picker,Male,14669.0,2026-03-01,Active,6060,Normal,Currently Working
100937,6047,Omaja Jaggi,Packer,Female,60120.0,2025-03-06,Active,6047,Normal,Currently Working
100938,6120,Yutika Grover,Delivery Rider,Male,54548.0,2023-12-10,Active,6120,Normal,Currently Working
100939,6039,Luke Radhakrishnan,Packer,Female,40162.0,2024-08-05,Active,6039,Normal,Currently Working
100940,6094,Qadim Badal,Delivery Rider,Female,16290.0,2026-08-18,Resigned,6094,Normal,Resigned
100941,6002,Janaki Bera,Picker,Female,19533.0,2026-04-09,Active,6002,Normal,Currently Working
100942,6127,Yashasvi Bajaj,Picker,Female,18252.0,2026-04-29,Resigned,6127,Normal,Resigned
100943,6044,Yasti Shere,Store Manager,Male,61246.0,2026-03-27,Active,6044,Normal,Currently Working
100944,6095,Maanas Dua,Quality Checker,Male,32759.0,2026-05-12,Active,6095,Normal,Currently Working
100945,6150,Panini Deshpande,Inventory Associate,Female,63282.0,2025-02-25,Active,6150,Normal,Currently Working
100946,6085,Anya Kaur,Delivery Rider,Female,50591.0,2025-01-14,Active,6085,Normal,Currently Working
100947,6067,Chatura Chanda,Picker,Female,44554.0,2024-04-24,Active,6067,Normal,Currently Working
100948,6069,Noah Khalsa,Delivery Rider,Female,21377.0,2025-09-22,On Leave,6069,Normal,On Leave
100949,6075,Zansi Gill,Picker,Male,46619.0,2024-10-13,Active,6075,Normal,Currently Working
100950,6103,Saksham Choudhary,Delivery Rider,Male,30751.0,2023-07-24,Active,6103,Normal,Currently Working
100951,6120,Anjali Samra,Delivery Rider,Male,62163.0,2025-08-17,Resigned,6120,Normal,Resigned
100952,6133,Vrinda Agarwal,Store Manager,Male,24372.0,2026-05-01,Active,6133,Normal,Currently Working
100953,6131,Ekaraj Sagar,Packer,Female,43076.0,2024-05-26,Active,6131,Normal,Currently Working
100954,6016,Onveer Kalita,Picker,Male,38424.5,2023-03-14,Resigned,6016,Normal,Resigned
100955,6033,Nilima Korpal,Inventory Associate,Male,38362.0,2026-08-15,Resigned,6033,Normal,Resigned
100956,6003,Neel Rout,Picker,Unknown,31340.0,2026-08-13,Resigned,6003,Normal,Resigned
100957,6050,Chavvi Mukherjee,Quality Checker,Male,61598.0,2024-01-21,Resigned,6050,Normal,Resigned
100958,6088,Sanaya Chada,Store Manager,Female,62489.0,2023-04-12,Active,6088,Normal,Currently Working
100959,6021,Jeet Thaman,Delivery Rider,Unknown,43480.0,2023-03-15,Active,6021,Normal,Currently Working
100960,6089,Varsha Sarraf,Quality Checker,Male,17423.0,2023-10-25,Resigned,6089,Normal,Resigned
100961,6075,Urvashi Malhotra,Inventory Associate,Female,34686.0,2025-09-15,Resigned,6075,Normal,Resigned
100962,6047,Urmi Upadhyay,Picker,Male,61521.0,2024-07-07,Active,6047,Normal,Currently Working
100963,6123,Viraj Borah,Inventory Associate,Male,40011.0,2023-03-18,Active,6123,Normal,Currently Working
100964,6071,Ekaraj Raval,Packer,Female,15825.0,2024-01-14,Active,6071,Normal,Currently Working
100965,6082,Gautami Pandey,Inventory Associate,Male,30360.0,2023-01-12,Resigned,6082,Normal,Resigned
100966,6122,Max Shroff,Packer,Male,19955.0,2025-06-13,Resigned,6122,Normal,Resigned
100967,6011,Benjamin Sood,Picker,Female,33650.0,2026-02-01,On Leave,6011,Normal,On Leave
100968,6031,Rachana Misra,Quality Checker,Female,63423.0,2024-01-18,On Leave,6031,Normal,On Leave
100969,6038,Maanav Pau,Inventory Associate,Female,40202.0,2023-04-04,Resigned,6038,Normal,Resigned
100970,6045,Eta Kanda,Delivery Rider,Male,47749.0,2025-05-05,Active,6045,Normal,Currently Working
100971,6137,Neha Gopal,Inventory Associate,Male,28003.0,2023-12-28,Active,6137,Normal,Currently Working
100972,6054,Avi Naidu,Delivery Rider,Female,59107.0,2023-10-10,Resigned,6054,Normal,Resigned
100973,6110,Warhi Maharaj,Picker,Female,34551.0,2025-11-09,Active,6110,Normal,Currently Working
100974,6063,Inaya Wali,Inventory Associate,Male,46800.0,2024-01-31,Resigned,6063,Normal,Resigned
100975,6134,Vansha Dada,Picker,Male,45046.0,2025-10-18,Active,6134,Normal,Currently Working
100976,6119,Abha Badal,Delivery Rider,Female,64224.0,2023-12-17,Active,6119,Normal,Currently Working
100977,6015,Ekalinga Patil,Store Manager,Male,25616.0,2024-02-11,Active,6015,Normal,Currently Working
100978,6106,Anya Natarajan,Store Manager,Female,14476.0,2025-11-15,Resigned,6106,Normal,Resigned
100979,6068,Naveen Purohit,Store Manager,Female,14108.0,2023-10-13,Resigned,6068,Normal,Resigned
100980,6014,Shaurya Bhargava,Picker,Male,55510.0,2022-09-19,Resigned,6014,Normal,Resigned
100981,6041,Manan Mukhopadhyay,Packer,Female,16574.0,2025-07-30,Active,6041,Normal,Currently Working
100982,6045,Rajeshri Lalla,Delivery Rider,Male,18392.0,2023-07-18,Resigned,6045,Normal,Resigned
100983,6026,Maanas Chakraborty,Delivery Rider,Male,36054.0,2023-02-13,Resigned,6026,Normal,Resigned
100984,6097,Radha Hans,Inventory Associate,Female,60074.0,2025-09-21,Resigned,6097,Normal,Resigned
100985,6066,Libni Sami,Packer,Male,40162.0,2022-10-16,On Leave,6066,Normal,On Leave
100986,6093,Jonathan Mitra,Picker,Male,51038.0,2023-01-02,Active,6093,Normal,Currently Working
100987,6133,Naveen Dash,Picker,Female,26328.0,2022-10-13,Active,6133,Normal,Currently Working
100988,6008,Om Chowdhury,Store Manager,Male,28124.0,2022-10-14,Resigned,6008,Normal,Resigned
100989,6033,Pratyush Hora,Picker,Male,20454.0,2024-06-25,Active,6033,Normal,Currently Working
100990,6128,Jalsa Dara,Picker,Male,15990.0,2025-01-25,Active,6128,Normal,Currently Working
100991,6038,Eshana Raman,Packer,Female,53153.0,2026-07-19,Active,6038,Normal,Currently Working
100992,6066,Viraj Subramanian,Picker,Male,19850.0,2024-04-07,Resigned,6066,Normal,Resigned
100993,6073,Noah Gole,Delivery Rider,Female,19055.0,2026-07-12,Active,6073,Normal,Currently Working
100994,6140,Daniel Sehgal,Quality Checker,Male,23530.0,2026-03-15,Active,6140,Normal,Currently Working
100995,6143,Ria Atwal,Packer,Female,57090.0,2024-10-01,Active,6143,Normal,Currently Working
100996,6034,Geetika Randhawa,Packer,Male,51634.0,2024-06-08,Active,6034,Normal,Currently Working
100997,6029,Chanakya Varty,Store Manager,Female,16683.0,2024-09-04,Active,6029,Normal,Currently Working
100998,6047,Leela Dugar,Picker,Male,50156.0,2023-03-15,Active,6047,Normal,Currently Working
100999,6139,Xiti Varma,Quality Checker,Male,53592.0,2025-05-24,Active,6139,Normal,Currently Working
101000,6142,Oeshi Gulati,Delivery Rider,Male,19903.0,2026-05-21,On Leave,6142,Normal,On Leave
101001,6148,Gauri Srinivasan,Inventory Associate,Female,38985.0,2024-11-28,Active,6148,Normal,Currently Working
101002,6060,Diya Puri,Delivery Rider,Male,25472.0,2026-06-14,Active,6060,Normal,Currently Working
101003,6024,Aayush Narain,Picker,Male,54272.0,2023-05-24,Resigned,6024,Normal,Resigned
101004,6009,Gayathri Dutt,Store Manager,Female,64891.0,2023-11-26,Resigned,6009,Normal,Resigned
101005,6135,Anvi Butala,Delivery Rider,Female,36861.0,2024-12-04,Resigned,6135,Normal,Resigned
101006,6113,Manthan Sangha,Delivery Rider,Female,29358.0,2024-08-06,Active,6113,Normal,Currently Working
101007,6093,Chaitaly Tripathi,Picker,Male,60611.0,2025-09-03,Active,6093,Normal,Currently Working
101008,6080,Gagan Deol,Store Manager,Male,36220.0,2024-05-04,Active,6080,Normal,Currently Working
101009,6092,Ishaan Saran,Delivery Rider,Male,48479.0,2023-01-16,Resigned,6092,Normal,Resigned
101010,6086,Finn Sen,Delivery Rider,Male,16384.0,2024-05-25,Active,6086,Normal,Currently Working
101011,6024,Balendra Tak,Packer,Female,42512.0,2025-03-23,Active,6024,Normal,Currently Working
101012,6056,Tanish Bhattacharyya,Store Manager,Female,14891.0,2025-12-19,Active,6056,Normal,Currently Working
101013,6108,Kamala Jha,Quality Checker,Male,40662.0,2025-03-31,Active,6108,Normal,Currently Working
101014,6059,Arunima Shan,Quality Checker,Female,21705.0,2026-04-24,Active,6059,Normal,Currently Working
101015,6030,Nandini Solanki,Picker,Female,63048.0,2025-03-15,Active,6030,Normal,Currently Working
101016,6133,Maanav Merchant,Packer,Male,16790.0,2026-06-19,Active,6133,Normal,Currently Working
101017,6036,Indira Puri,Inventory Associate,Male,40106.5,2022-11-05,Active,6036,Normal,Currently Working
101018,6084,Yashawini Bandi,Picker,Female,64313.0,2026-01-23,Active,6084,Normal,Currently Working
101019,6108,Gabriel Bumb,Store Manager,Female,29931.0,2024-05-29,Resigned,6108,Normal,Resigned
101020,6025,Tanveer Shetty,Inventory Associate,Unknown,63423.0,2026-01-13,On Leave,6025,Normal,On Leave
101021,6066,Bina Oza,Store Manager,Male,52992.0,2025-01-12,Active,6066,Normal,Currently Working
101022,6013,Laban Dar,Quality Checker,Female,39702.5,2025-12-28,Active,6013,Normal,Currently Working
101023,6046,Gayathri Gala,Delivery Rider,Male,57882.0,2025-03-18,Resigned,6046,Normal,Resigned
101024,6089,Urvi Kapur,Picker,Male,18174.0,2023-04-15,Active,6089,Normal,Currently Working
101025,6132,Timothy Dyal,Store Manager,Unknown,37431.0,2023-08-19,On Leave,6132,Normal,On Leave
101026,6032,Dev Rajagopal,Delivery Rider,Male,43529.0,2026-04-04,Resigned,6032,Normal,Resigned
101027,6141,Simon Chaudhari,Delivery Rider,Male,42317.0,2024-10-05,Active,6141,Normal,Currently Working
101028,6077,Dhriti Bhasin,Store Manager,Unknown,58904.0,2024-04-18,Active,6077,Normal,Currently Working
101029,6036,Ubika Srivastava,Picker,Female,31974.0,2025-08-11,Active,6036,Normal,Currently Working
101030,6134,Aashi Dyal,Inventory Associate,Unknown,55345.0,2025-12-03,Active,6134,Normal,Currently Working
101031,6115,Eesha Ravel,Delivery Rider,Female,15200.0,2024-09-17,Active,6115,Normal,Currently Working
101032,6135,Upma Singh,Picker,Male,45865.0,2026-03-10,Active,6135,Normal,Currently Working
101033,6142,Jhalak Chaudhary,Quality Checker,Male,56025.0,2024-08-08,Active,6142,Normal,Currently Working
101034,6031,Nicholas Oza,Quality Checker,Male,59686.0,2024-11-05,Resigned,6031,Normal,Resigned
101035,6015,Ladli Choudhury,Quality Checker,Male,16163.0,2026-03-05,Resigned,6015,Normal,Resigned
101036,6098,Wishi Mandal,Inventory Associate,Female,14989.0,2026-07-23,On Leave,6098,Normal,On Leave
101037,6070,Pranav Murthy,Inventory Associate,Female,56749.0,2026-07-01,Active,6070,Normal,Currently Working
101038,6025,Samarth Shanker,Packer,Female,31502.0,2025-09-17,Active,6025,Normal,Currently Working
101039,6053,Tamanna Pingle,Picker,Unknown,30156.0,2023-02-16,Active,6053,Normal,Currently Working
101040,6059,Vasana Hora,Picker,Female,51012.0,2024-11-18,Active,6059,Normal,Currently Working
101041,6022,Jagvi Guha,Delivery Rider,Female,49232.0,2024-10-20,Active,6022,Normal,Currently Working
101042,6006,Chaaya Konda,Store Manager,Female,14361.0,2025-01-18,Active,6006,Normal,Currently Working
101043,6096,Osha Anne,Picker,Female,27987.0,2025-06-20,On Leave,6096,Normal,On Leave
101044,6073,Samesh Varma,Picker,Unknown,16977.0,2023-06-21,On Leave,6073,Normal,On Leave
101045,6094,Warjas Choudhry,Store Manager,Female,43146.0,2024-08-29,Resigned,6094,Normal,Resigned
101046,6007,Reyansh Agarwal,Delivery Rider,Male,45695.0,2025-05-14,Active,6007,Normal,Currently Working
101047,6019,Gagan Mand,Delivery Rider,Female,22665.0,2023-09-12,Active,6019,Normal,Currently Working
101048,6043,Yutika Sagar,Packer,Unknown,18411.0,2023-11-19,Active,6043,Normal,Currently Working
101049,6083,Agastya Jain,Quality Checker,Male,20143.0,2024-01-12,Active,6083,Normal,Currently Working
101050,6085,Harsh Kade,Store Manager,Female,28482.0,2026-08-01,Resigned,6085,Normal,Resigned
101051,6121,Yutika Naik,Inventory Associate,Female,44750.0,2026-05-11,On Leave,6121,Normal,On Leave
101052,6096,Nidhi Bala,Packer,Female,39411.0,2025-04-30,Active,6096,Normal,Currently Working
101053,6001,Indrajit Madan,Packer,Male,40162.0,2022-11-25,Resigned,6001,Normal,Resigned
101054,6087,Januja Bains,Picker,Male,51199.0,2024-09-08,Resigned,6087,Normal,Resigned
101055,6109,Prisha Wali,Picker,Male,45755.0,2026-06-12,On Leave,6109,Normal,On Leave
101056,6150,Kamya Pau,Store Manager,Female,38812.0,2025-03-30,Active,6150,Normal,Currently Working
101057,6098,Kala Kumer,Quality Checker,Female,39702.5,2024-11-01,Resigned,6098,Normal,Resigned
101058,6147,Nakul Doshi,Store Manager,Male,38812.0,2024-10-21,Resigned,6147,Normal,Resigned
101059,6050,Nathaniel More,Packer,Female,53789.0,2023-03-25,Active,6050,Normal,Currently Working
101060,6118,Watika Sachar,Delivery Rider,Female,61157.0,2024-08-22,On Leave,6118,Normal,On Leave
101061,6145,Dalbir Keer,Quality Checker,Male,26782.0,2024-06-25,On Leave,6145,Normal,On Leave
101062,6027,Abdul Khurana,Inventory Associate,Unknown,15396.0,2024-04-27,Resigned,6027,Normal,Resigned
101063,6099,Wyatt Chanda,Picker,Female,61626.0,2026-03-19,Resigned,6099,Normal,Resigned
101064,6074,Pushti Nayak,Quality Checker,Male,27408.0,2025-12-20,Resigned,6074,Normal,Resigned
101065,6131,Tristan Bawa,Inventory Associate,Female,39029.0,2024-07-14,Resigned,6131,Normal,Resigned
101066,6032,Baljiwan Golla,Picker,Female,26138.0,2024-06-10,Active,6032,Normal,Currently Working
101067,6072,Fitan Narula,Packer,Male,35307.0,2023-06-04,Active,6072,Normal,Currently Working
101068,6097,Farhan Sampath,Store Manager,Male,19001.0,2025-08-25,Active,6097,Normal,Currently Working
101069,6109,Yauvani Sekhon,Delivery Rider,Male,54390.0,2025-08-25,Active,6109,Normal,Currently Working
101070,6045,Orinder Mody,Delivery Rider,Male,51608.0,2023-08-11,On Leave,6045,Normal,On Leave
101071,6080,Yochana Sanghvi,Store Manager,Male,20986.0,2024-05-11,Resigned,6080,Normal,Resigned
101072,6045,Widisha Das,Picker,Unknown,18928.0,2026-05-06,Active,6045,Normal,Currently Working
101073,6039,Dalbir Mane,Inventory Associate,Male,46642.0,2026-08-04,Active,6039,Normal,Currently Working
101074,6086,Champak Chaudry,Picker,Male,59260.0,2024-08-28,Active,6086,Normal,Currently Working
101075,6023,Yashvi Ravel,Quality Checker,Male,63361.0,2024-09-18,Active,6023,Normal,Currently Working
101076,6130,Rachita Lad,Picker,Female,33726.0,2023-04-21,Resigned,6130,Normal,Resigned
101077,6089,Wriddhish Sibal,Quality Checker,Female,27765.0,2025-04-11,Active,6089,Normal,Currently Working
101078,6123,Mitali Chaudhuri,Store Manager,Male,53068.0,2022-08-24,Active,6123,Normal,Currently Working
101079,6062,Bhavna Patla,Store Manager,Female,33863.0,2023-06-04,Resigned,6062,Normal,Resigned
101080,6101,Ganga Kapadia,Picker,Female,44161.0,2023-12-21,Resigned,6101,Normal,Resigned
101081,6136,Raagini Biswas,Store Manager,Female,45939.0,2022-10-13,Resigned,6136,Normal,Resigned
101082,6068,Dakshesh Handa,Picker,Male,38424.5,2023-04-03,Active,6068,Normal,Currently Working
101083,6127,Lavanya Thakkar,Quality Checker,Male,64663.0,2026-08-05,Active,6127,Normal,Currently Working
101084,6117,Rishi Chaudhary,Delivery Rider,Male,35059.0,2025-05-09,Active,6117,Normal,Currently Working
101085,6027,Sara Manne,Inventory Associate,Female,49619.0,2025-04-23,Active,6027,Normal,Currently Working
101086,6115,Jonathan Dhaliwal,Packer,Male,50468.0,2022-11-19,Resigned,6115,Normal,Resigned
101087,6015,Joshua Bakshi,Picker,Male,58979.0,2022-11-25,Active,6015,Normal,Currently Working
101088,6035,Falan Chowdhury,Packer,Male,36304.0,2025-06-02,Active,6035,Normal,Currently Working
101089,6015,Chatura Kant,Delivery Rider,Female,24926.0,2025-11-02,Active,6015,Normal,Currently Working
101090,6083,Ijaya Garde,Picker,Male,63582.0,2024-12-17,Active,6083,Normal,Currently Working
101091,6142,Niharika Malhotra,Picker,Male,38424.5,2025-05-31,Active,6142,Normal,Currently Working
101092,6013,Raksha Gola,Inventory Associate,Unknown,27379.0,2023-04-12,Active,6013,Normal,Currently Working
101093,6054,Raagini Keer,Quality Checker,Female,59283.0,2022-08-24,Active,6054,Normal,Currently Working
101094,6073,Abha Dada,Inventory Associate,Female,46990.0,2025-03-06,Active,6073,Normal,Currently Working
101095,6035,George Kant,Delivery Rider,Male,64478.0,2023-02-03,Resigned,6035,Normal,Resigned
101096,6028,Irya Chad,Delivery Rider,Male,61713.0,2022-08-24,Resigned,6028,Normal,Resigned
101097,6045,Riya Walia,Store Manager,Male,34048.0,2026-02-16,On Leave,6045,Normal,On Leave
101098,6110,Vasudha Nazareth,Delivery Rider,Female,53787.0,2023-06-02,Resigned,6110,Normal,Resigned
101099,6012,Yashvi Kapadia,Delivery Rider,Female,16553.0,2023-02-19,Resigned,6012,Normal,Resigned
101100,6072,Yahvi Bains,Packer,Male,57674.0,2025-02-09,Resigned,6072,Normal,Resigned
101101,6024,Caleb Wali,Inventory Associate,Male,45845.0,2024-04-21,Active,6024,Normal,Currently Working
101102,6123,Sanaya Prasad,Inventory Associate,Female,49754.0,2023-10-21,Active,6123,Normal,Currently Working
101103,6109,Yasti Prashad,Picker,Female,36740.0,2024-09-12,Resigned,6109,Normal,Resigned
101104,6115,Neelima Balay,Picker,Female,53821.0,2024-10-21,Resigned,6115,Normal,Resigned
101105,6030,Ekani Kala,Quality Checker,Female,43939.0,2025-11-26,On Leave,6030,Normal,On Leave
101106,6138,Damini Sha,Delivery Rider,Female,47191.0,2025-07-19,Active,6138,Normal,Currently Working
101107,6043,Sarthak Kaur,Picker,Female,49655.0,2024-01-26,Active,6043,Normal,Currently Working
101108,6028,Aadhya Peri,Packer,Female,26835.0,2026-07-25,Resigned,6028,Normal,Resigned
101109,6048,Darsh Om,Picker,Female,54511.0,2025-05-28,On Leave,6048,Normal,On Leave
101110,7000,Rajeshri Vohra,Picker,Male,42187.0,2024-01-27,Resigned,6001,Normal,Resigned
101111,6075,Veer Oak,Delivery Rider,Female,41711.0,2026-03-11,Resigned,6075,Normal,Resigned
101112,6051,Quincy Sura,Quality Checker,Unknown,34831.0,2023-12-24,Resigned,6051,Normal,Resigned
101113,6050,Anamika Sur,Quality Checker,Female,16842.0,2023-01-15,On Leave,6050,Normal,On Leave
101114,6101,Harinakshi Salvi,Delivery Rider,Unknown,32075.0,2022-10-21,Resigned,6101,Normal,Resigned
101115,6031,Bhavya Sama,Delivery Rider,Unknown,41379.0,2026-02-06,Active,6031,Normal,Currently Working
101116,6047,Qadim Dugar,Picker,Male,36865.0,2023-04-03,Active,6047,Normal,Currently Working
101117,6095,Yatan Narula,Picker,Male,20282.0,2024-01-15,On Leave,6095,Normal,On Leave
101118,6119,Chatura Sane,Delivery Rider,Female,59929.0,2022-10-11,Active,6119,Normal,Currently Working
101119,6069,Kavya Upadhyay,Quality Checker,Female,52164.0,2024-04-29,Active,6069,Normal,Currently Working
101120,6095,Ria Uppal,Inventory Associate,Female,31157.0,2023-02-09,Active,6095,Normal,Currently Working
101121,6109,Anmol Ramanathan,Packer,Female,40162.0,2024-03-21,Resigned,6109,Normal,Resigned
101122,6102,Advay Prabhu,Picker,Female,15388.0,2024-03-10,Active,6102,Normal,Currently Working
101123,6028,Gaurangi Date,Packer,Female,45744.0,2023-02-01,Resigned,6028,Normal,Resigned
101124,6103,Samuel Bahri,Quality Checker,Female,32216.0,2025-05-07,Resigned,6103,Normal,Resigned
101125,6026,Chaaya Chaudhari,Inventory Associate,Male,40106.5,2024-12-12,Resigned,6026,Normal,Resigned
101126,6114,Viraj Sinha,Picker,Male,51711.0,2023-06-07,Active,6114,Normal,Currently Working
101127,6017,Jairaj Bansal,Delivery Rider,Male,14803.0,2024-12-22,Active,6017,Normal,Currently Working
101128,6003,Yashvi Sharma,Inventory Associate,Female,63152.0,2024-12-01,Active,6003,Normal,Currently Working
101129,7006,Ridhi Mukhopadhyay,Packer,Male,42673.0,2023-02-13,On Leave,6007,Normal,On Leave
101130,6130,Alexander Kari,Packer,Male,40162.0,2026-08-09,On Leave,6130,Normal,On Leave
101131,6010,Wridesh Sami,Quality Checker,Male,24215.0,2023-02-04,Active,6010,Normal,Currently Working
101132,6140,Krishna Barad,Store Manager,Female,27223.0,2023-08-09,Active,6140,Normal,Currently Working
101133,6052,Amruta Singh,Picker,Male,36899.0,2024-09-16,Active,6052,Normal,Currently Working
101134,6062,Upadhriti Arya,Inventory Associate,Female,58022.0,2025-09-25,On Leave,6062,Normal,On Leave
101135,6117,Turvi Kari,Picker,Female,45137.0,2022-11-06,Active,6117,Normal,Currently Working
101136,6069,Upasna Ram,Delivery Rider,Female,42018.0,2025-10-01,Active,6069,Normal,Currently Working
101137,6113,Abha Sarraf,Picker,Female,16013.0,2023-04-09,On Leave,6113,Normal,On Leave
101138,6137,Deepa Shenoy,Delivery Rider,Male,48970.0,2026-05-21,Active,6137,Normal,Currently Working
101139,6149,Ekansh Chander,Inventory Associate,Male,44502.0,2026-02-11,On Leave,6149,Normal,On Leave
101140,6021,Jyoti Agrawal,Delivery Rider,Female,39424.5,2026-04-02,Active,6021,Normal,Currently Working
101141,6027,Bimala Pall,Picker,Male,49471.0,2024-05-12,Active,6027,Normal,Currently Working
101142,6123,Harish Uppal,Inventory Associate,Male,28368.0,2024-09-11,On Leave,6123,Normal,On Leave
101143,6027,Kamya Mannan,Delivery Rider,Female,60963.0,2024-09-28,Resigned,6027,Normal,Resigned
101144,6068,Thomas Ram,Delivery Rider,Male,58442.0,2026-01-28,Active,6068,Normal,Currently Working
101145,6114,Anusha Mander,Quality Checker,Female,37956.0,2024-01-23,Active,6114,Normal,Currently Working
101146,6046,Ishwar Pau,Delivery Rider,Male,64462.0,2025-09-04,Resigned,6046,Normal,Resigned
101147,6088,Laksh Narasimhan,Store Manager,Male,59449.0,2025-04-04,On Leave,6088,Normal,On Leave
101148,6035,Hamsini Edwin,Packer,Male,55957.0,2025-04-29,Resigned,6035,Normal,Resigned
101149,6135,Tristan Ratti,Quality Checker,Male,64618.0,2024-04-19,On Leave,6135,Normal,On Leave
101150,6004,Sanya Patel,Delivery Rider,Female,53228.0,2022-08-24,Resigned,6004,Normal,Resigned
101151,6120,Orinder Shankar,Delivery Rider,Unknown,40230.0,2024-04-03,Resigned,6120,Normal,Resigned
101152,6076,Dalbir Balakrishnan,Delivery Rider,Unknown,39424.5,2023-04-16,On Leave,6076,Normal,On Leave
101153,6114,Neelima Basak,Inventory Associate,Male,40106.5,2024-02-20,Active,6114,Normal,Currently Working
101154,6083,Rudra Ghose,Picker,Male,28568.0,2024-08-14,Active,6083,Normal,Currently Working
101155,6024,Quincy Kuruvilla,Inventory Associate,Female,32981.0,2022-11-25,Active,6024,Normal,Currently Working
101156,6071,Onveer Upadhyay,Picker,Female,15635.0,2025-11-16,Active,6071,Normal,Currently Working
101157,6133,Krish Subramanian,Delivery Rider,Male,48971.0,2026-02-09,Resigned,6133,Normal,Resigned
101158,6048,Krish Mahal,Picker,Female,14680.0,2025-07-24,On Leave,6048,Normal,On Leave
101159,6130,Tristan Savant,Picker,Female,42088.0,2023-12-11,Active,6130,Normal,Currently Working
101160,6011,Jonathan Patla,Inventory Associate,Female,47029.0,2025-08-08,Resigned,6011,Normal,Resigned
101161,6140,Daniel Chhabra,Delivery Rider,Female,59761.0,2024-08-09,Resigned,6140,Normal,Resigned
101162,6030,Yauvani Divan,Picker,Male,23922.0,2022-12-15,Active,6030,Normal,Currently Working
101163,6038,Peter Verma,Inventory Associate,Male,42741.0,2023-09-13,Active,6038,Normal,Currently Working
101164,6018,Ria Chahal,Packer,Unknown,52195.0,2022-09-22,Resigned,6018,Normal,Resigned
101165,6016,William Gopal,Delivery Rider,Female,47261.0,2025-12-13,On Leave,6016,Normal,On Leave
101166,6132,Atharv Deep,Picker,Female,38424.5,2023-06-11,Resigned,6132,Normal,Resigned
101167,6140,Ekbal Bajaj,Delivery Rider,Male,46292.0,2023-12-23,Resigned,6140,Normal,Resigned
101168,6065,Chandresh Dutta,Delivery Rider,Female,41529.0,2025-02-15,Active,6065,Normal,Currently Working
101169,6131,Charita Chahal,Delivery Rider,Male,30156.0,2025-06-08,Active,6131,Normal,Currently Working
101170,6041,Avni Ahluwalia,Picker,Male,48321.0,2026-02-10,Resigned,6041,Normal,Resigned
101171,6067,Vedant Morar,Delivery Rider,Unknown,39810.0,2025-11-15,Active,6067,Normal,Currently Working
101172,6120,Luke Raja,Picker,Male,29014.0,2022-12-30,Resigned,6120,Normal,Resigned
101173,6034,Krisha Shah,Inventory Associate,Female,21004.0,2025-06-05,Active,6034,Normal,Currently Working
101174,6035,Avni Madan,Quality Checker,Female,61216.0,2025-12-12,Resigned,6035,Normal,Resigned
101175,6100,Kiaan Mody,Store Manager,Female,43291.0,2025-08-11,Resigned,6100,Normal,Resigned
101176,6051,Girish Kalla,Delivery Rider,Male,51150.0,2024-03-19,Resigned,6051,Normal,Resigned
101177,6082,Triya Uppal,Store Manager,Female,48716.0,2024-05-22,On Leave,6082,Normal,On Leave
101178,6133,Avi Parikh,Delivery Rider,Female,37413.0,2024-01-09,Resigned,6133,Normal,Resigned
101179,6108,Idika Taneja,Picker,Male,48264.0,2024-03-27,Active,6108,Normal,Currently Working
101180,6066,Naksh Vohra,Inventory Associate,Male,64803.0,2025-07-23,Resigned,6066,Normal,Resigned
101181,6063,Qarin Sodhi,Inventory Associate,Male,26017.0,2025-09-08,Active,6063,Normal,Currently Working
101182,6090,Rudra Kothari,Delivery Rider,Male,61651.0,2026-07-07,Active,6090,Normal,Currently Working
101183,6110,Aishani Majumdar,Store Manager,Female,64404.0,2024-01-17,Resigned,6110,Normal,Resigned
101184,6124,Vasatika Manda,Store Manager,Female,54274.0,2024-10-01,Active,6124,Normal,Currently Working
101185,6112,Diya Sarkar,Picker,Female,36578.0,2024-02-20,Active,6112,Normal,Currently Working
101186,6114,Aachal Devi,Packer,Male,61983.0,2025-11-10,Active,6114,Normal,Currently Working
101187,6104,Onkar Master,Inventory Associate,Female,27955.0,2024-11-02,Active,6104,Normal,Currently Working
101188,6110,Radhika Sibal,Quality Checker,Female,23213.0,2025-04-27,Active,6110,Normal,Currently Working
101189,6107,Ranbir Chaudhuri,Store Manager,Unknown,22529.0,2024-05-17,Resigned,6107,Normal,Resigned
101190,6059,Yashodhara Dixit,Delivery Rider,Female,43510.0,2023-04-04,Active,6059,Normal,Currently Working
101191,6044,Lipika Mall,Delivery Rider,Unknown,53078.0,2023-11-26,Active,6044,Normal,Currently Working
101192,6145,Ranveer Edwin,Delivery Rider,Male,40998.0,2023-03-24,On Leave,6145,Normal,On Leave
101193,6040,Ria Thakur,Delivery Rider,Female,30125.0,2024-07-13,Resigned,6040,Normal,Resigned
101194,6008,Anay Iyengar,Packer,Female,42597.0,2024-07-29,Active,6008,Normal,Currently Working
101195,6068,Radhika Kalla,Store Manager,Male,17929.0,2024-05-29,Active,6068,Normal,Currently Working
101196,6046,Vedant Gera,Inventory Associate,Male,15346.0,2026-01-11,Active,6046,Normal,Currently Working
101197,6107,Hemang Srinivasan,Inventory Associate,Female,17648.0,2025-03-23,On Leave,6107,Normal,On Leave
101198,6126,Damyanti Dube,Inventory Associate,Female,60486.0,2025-11-09,On Leave,6126,Normal,On Leave
101199,6107,Darpan Bedi,Picker,Male,56952.0,2023-08-22,Resigned,6107,Normal,Resigned
101200,6079,Frado Kumer,Picker,Male,21778.0,2023-06-03,Active,6079,Normal,Currently Working
101201,6127,Adya Suri,Inventory Associate,Male,64563.0,2023-08-23,Resigned,6127,Normal,Resigned
101202,6141,Charita Shenoy,Inventory Associate,Female,53506.0,2023-05-12,Resigned,6141,Normal,Resigned
101203,6150,Odika Comar,Quality Checker,Male,51077.0,2023-07-11,Resigned,6150,Normal,Resigned
101204,6130,Ishwar Narayan,Delivery Rider,Female,26531.0,2025-08-25,Active,6130,Normal,Currently Working
101205,6134,Vritti Bajaj,Store Manager,Unknown,23732.0,2025-08-18,On Leave,6134,Normal,On Leave
101206,6046,Indali Bansal,Store Manager,Unknown,49216.0,2026-08-12,Resigned,6046,Normal,Resigned
101207,6092,Nisha Walla,Inventory Associate,Male,51190.0,2023-11-19,On Leave,6092,Normal,On Leave
101208,6121,Omisha Bora,Inventory Associate,Male,59933.0,2024-03-14,Active,6121,Normal,Currently Working
101209,6136,Rajeshri Wali,Quality Checker,Female,56962.0,2025-02-07,Resigned,6136,Normal,Resigned
101210,6130,Anvi Gokhale,Picker,Female,41939.0,2025-12-14,Active,6130,Normal,Currently Working
101211,6015,Siddharth Bawa,Picker,Female,38517.0,2025-12-10,Active,6015,Normal,Currently Working
101212,6035,Yash Trivedi,Store Manager,Female,51590.0,2024-11-13,Active,6035,Normal,Currently Working
101213,6070,Jyoti Sankar,Packer,Male,32144.0,2026-02-02,Resigned,6070,Normal,Resigned
101214,6146,Aashi Sura,Delivery Rider,Male,49305.0,2026-07-18,Active,6146,Normal,Currently Working
101215,6072,Upma Deep,Picker,Male,33143.0,2025-02-27,Active,6072,Normal,Currently Working
101216,6087,Samarth Dhar,Packer,Male,26578.0,2026-02-17,Active,6087,Normal,Currently Working
101217,6139,Chaman Bains,Delivery Rider,Male,15945.0,2025-03-14,Active,6139,Normal,Currently Working
101218,6084,Zinal Kata,Delivery Rider,Male,46215.0,2024-02-28,Resigned,6084,Normal,Resigned
101219,6121,Chanakya Brar,Quality Checker,Male,41118.0,2023-12-23,Active,6121,Normal,Currently Working
101220,6140,Damini Gaba,Store Manager,Male,39421.0,2023-10-12,Resigned,6140,Normal,Resigned
101221,6055,Chandani Bakshi,Inventory Associate,Male,38744.0,2023-02-03,Resigned,6055,Normal,Resigned
101222,6087,Praneel Rana,Quality Checker,Female,41971.0,2025-09-30,Active,6087,Normal,Currently Working
101223,6091,Jason Dalal,Quality Checker,Female,18698.0,2025-03-06,Active,6091,Normal,Currently Working
101224,6017,Vidhi Sawhney,Quality Checker,Male,46707.0,2024-09-20,On Leave,6017,Normal,On Leave
101225,6141,Vedant Rai,Picker,Female,47578.0,2024-02-29,Active,6141,Normal,Currently Working
101226,6018,Varsha Radhakrishnan,Inventory Associate,Unknown,41239.0,2026-07-04,Active,6018,Normal,Currently Working
101227,6116,Imaran Basak,Inventory Associate,Unknown,34001.0,2024-03-15,Active,6116,Normal,Currently Working
101228,6095,Samaksh Dube,Store Manager,Unknown,43353.0,2025-03-28,On Leave,6095,Normal,On Leave
101229,6106,Janaki Dua,Inventory Associate,Female,59590.0,2024-05-23,Active,6106,Normal,Currently Working
101230,6058,Pavani Dixit,Store Manager,Unknown,31634.0,2025-01-16,Active,6058,Normal,Currently Working
101231,6069,Jason Badal,Quality Checker,Male,50516.0,2026-05-21,Resigned,6069,Normal,Resigned
101232,7009,Sai Mitter,Delivery Rider,Male,39424.5,2024-04-18,On Leave,6010,Normal,On Leave
101233,6088,Dev Chaudry,Picker,Female,19957.0,2026-04-10,Resigned,6088,Normal,Resigned
101234,6019,Nidhi Mitra,Picker,Female,46259.0,2026-04-30,Active,6019,Normal,Currently Working
101235,6092,Keya Patla,Picker,Female,29154.0,2024-08-27,Active,6092,Normal,Currently Working
101236,6107,Gaurang Babu,Delivery Rider,Female,30778.0,2023-02-20,Active,6107,Normal,Currently Working
101237,6050,Finn Chana,Store Manager,Unknown,38812.0,2022-09-27,Active,6050,Normal,Currently Working
101238,6019,Laksh Mann,Delivery Rider,Unknown,47232.0,2024-11-03,Resigned,6019,Normal,Resigned
101239,6067,Ridhi Krishnamurthy,Quality Checker,Female,59281.0,2025-11-30,Active,6067,Normal,Currently Working
101240,6071,Champak Chatterjee,Store Manager,Female,14329.0,2024-12-22,On Leave,6071,Normal,On Leave
101241,6007,Dalaja Bhardwaj,Picker,Female,48839.0,2024-10-20,Resigned,6007,Normal,Resigned
101242,6124,Priya Bhatt,Quality Checker,Unknown,24813.0,2026-01-31,Active,6124,Normal,Currently Working
101243,6147,Arunima Taneja,Delivery Rider,Female,52128.0,2024-12-01,Active,6147,Normal,Currently Working
101244,6041,Ansh Manda,Quality Checker,Female,30622.0,2023-10-15,Active,6041,Normal,Currently Working
101245,6032,Chandani Maharaj,Store Manager,Female,21401.0,2024-06-15,Resigned,6032,Normal,Resigned
101246,6083,Girindra Varty,Delivery Rider,Male,42667.0,2025-03-08,Resigned,6083,Normal,Resigned
101247,6130,Jyoti Contractor,Delivery Rider,Male,32612.0,2024-08-12,Active,6130,Normal,Currently Working
101248,6066,Darika Prakash,Store Manager,Male,33260.0,2023-11-24,Resigned,6066,Normal,Resigned
101249,6113,Wridesh Saraf,Picker,Male,37822.0,2023-08-15,Active,6113,Normal,Currently Working
101250,6080,Samar Deshmukh,Store Manager,Female,52220.0,2026-05-28,Resigned,6080,Normal,Resigned
101251,6050,Alexander Buch,Store Manager,Female,21290.0,2026-08-15,On Leave,6050,Normal,On Leave
101252,6003,Jalsa Lad,Store Manager,Female,57688.0,2023-08-29,Active,6003,Normal,Currently Working
101253,6089,Mohini Shere,Store Manager,Unknown,41489.0,2025-05-22,Resigned,6089,Normal,Resigned
101254,6122,Charita Chawla,Quality Checker,Female,16612.0,2023-04-30,Resigned,6122,Normal,Resigned
101255,6026,Caleb Halder,Picker,Female,36202.0,2023-05-15,Active,6026,Normal,Currently Working
101256,6092,Mahika Sandal,Inventory Associate,Female,26146.0,2026-06-18,Active,6092,Normal,Currently Working
101257,6073,Neha Ratta,Picker,Female,42930.0,2023-05-31,Active,6073,Normal,Currently Working
101258,6079,Madhavi Dhaliwal,Picker,Male,47083.0,2024-09-10,Resigned,6079,Normal,Resigned
101259,6059,Udyati Bansal,Delivery Rider,Female,55310.0,2026-06-28,On Leave,6059,Normal,On Leave
101260,6101,Faqid Gera,Packer,Male,15220.0,2025-12-26,Resigned,6101,Normal,Resigned
101261,6097,Tripti Soman,Packer,Female,52307.0,2025-12-18,On Leave,6097,Normal,On Leave
101262,6054,Qarin Goel,Picker,Male,21962.0,2023-12-17,Resigned,6054,Normal,Resigned
101263,6055,Simon Sridhar,Picker,Female,41372.0,2023-04-24,On Leave,6055,Normal,On Leave
101264,6055,Mohammed Dhar,Picker,Female,25713.0,2023-12-23,Active,6055,Normal,Currently Working
101265,6065,Falguni Mani,Delivery Rider,Female,57217.0,2025-07-01,On Leave,6065,Normal,On Leave
101266,6057,Samesh Rana,Store Manager,Female,44956.0,2023-11-04,On Leave,6057,Normal,On Leave
101267,6045,Thomas Rai,Quality Checker,Male,54310.0,2026-04-22,Active,6045,Normal,Currently Working
101268,6055,Keya Acharya,Quality Checker,Female,40726.0,2024-06-30,Resigned,6055,Normal,Resigned
101269,6140,Neha Kulkarni,Quality Checker,Female,61300.0,2023-01-03,On Leave,6140,Normal,On Leave
101270,6115,Turvi Saini,Picker,Male,33298.0,2023-08-05,On Leave,6115,Normal,On Leave
101271,6108,Yatin Sen,Store Manager,Unknown,51259.0,2024-12-16,Active,6108,Normal,Currently Working
101272,6120,Kashish Balay,Quality Checker,Female,36340.0,2023-10-11,Resigned,6120,Normal,Resigned
101273,6118,Ansh Sundaram,Delivery Rider,Female,55029.0,2026-03-06,On Leave,6118,Normal,On Leave
101274,6089,Mohammed Zacharia,Picker,Male,21095.0,2024-10-30,On Leave,6089,Normal,On Leave
101275,6014,Mohini Dyal,Picker,Male,47780.0,2024-06-25,Resigned,6014,Normal,Resigned
101276,6058,Radha Hari,Packer,Female,19871.0,2023-05-25,Active,6058,Normal,Currently Working
101277,6078,Champak Tella,Quality Checker,Male,33931.0,2025-11-18,Resigned,6078,Normal,Resigned
101278,6041,Balvan Nath,Picker,Male,24050.0,2024-02-12,Active,6041,Normal,Currently Working
101279,6140,Anusha Sani,Delivery Rider,Male,36480.0,2023-08-25,Resigned,6140,Normal,Resigned
101280,6023,Shivani Shenoy,Picker,Female,57476.0,2025-09-28,Resigned,6023,Normal,Resigned
101281,6058,Imaran Gill,Delivery Rider,Female,48638.0,2024-07-01,Active,6058,Normal,Currently Working
101282,6036,Joshua Kadakia,Inventory Associate,Male,57349.0,2025-11-12,Active,6036,Normal,Currently Working
101283,6008,Gaurika Guha,Picker,Male,41238.0,2023-05-03,Active,6008,Normal,Currently Working
101284,6044,Vasatika Batra,Picker,Unknown,32737.0,2026-06-06,Active,6044,Normal,Currently Working
101285,6132,Dalbir Ghosh,Quality Checker,Male,41779.0,2025-02-26,Active,6132,Normal,Currently Working
101286,6099,Sneha Balasubramanian,Inventory Associate,Female,14337.0,2024-05-31,Resigned,6099,Normal,Resigned
101287,6147,Nisha Thaman,Picker,Female,42316.0,2022-09-14,Resigned,6147,Normal,Resigned
101288,6015,Vincent Devi,Delivery Rider,Male,43307.0,2026-06-13,On Leave,6015,Normal,On Leave
101289,6062,Wazir Nori,Picker,Unknown,20428.0,2025-10-01,On Leave,6062,Normal,On Leave
101290,6014,Ojasvi Rana,Delivery Rider,Male,27543.0,2023-11-07,Resigned,6014,Normal,Resigned
101291,6110,Ekantika Barad,Packer,Male,63114.0,2022-11-10,Resigned,6110,Normal,Resigned
101292,6033,Samaksh Kant,Packer,Female,16661.0,2025-01-21,Active,6033,Normal,Currently Working
101293,6042,Avi Chandra,Picker,Male,59753.0,2023-12-22,Resigned,6042,Normal,Resigned
101294,6017,Vrishti Tailor,Delivery Rider,Male,53090.0,2025-12-31,Active,6017,Normal,Currently Working
101295,6069,Kritika Mutti,Packer,Male,42126.0,2026-06-30,On Leave,6069,Normal,On Leave
101296,6059,Advika Rout,Inventory Associate,Unknown,23199.0,2022-06-09,Active,6059,Normal,Currently Working
101297,6079,Xalak Vyas,Inventory Associate,Female,52010.0,2025-02-10,On Leave,6079,Normal,On Leave
101298,6037,Guneet Ravel,Delivery Rider,Male,29973.0,2024-02-18,Active,6037,Normal,Currently Working
101299,6066,Rachana Thaman,Store Manager,Male,33312.0,2025-04-07,Resigned,6066,Normal,Resigned
101300,6031,Upasna Modi,Delivery Rider,Female,52318.0,2025-01-08,Active,6031,Normal,Currently Working
101301,6095,Aradhana Agate,Quality Checker,Female,19231.0,2022-10-24,Active,6095,Normal,Currently Working
101302,6132,Indali Sidhu,Packer,Male,63774.0,2025-12-07,On Leave,6132,Normal,On Leave
101303,6079,Charles Narula,Picker,Female,44506.0,2024-02-23,Active,6079,Normal,Currently Working
101304,6118,Mugdha Balakrishnan,Inventory Associate,Male,56496.0,2023-11-10,Active,6118,Normal,Currently Working
101305,6126,Vanya Modi,Store Manager,Female,38812.0,2024-05-08,On Leave,6126,Normal,On Leave
101306,6042,Bimala Atwal,Delivery Rider,Male,14063.0,2025-03-02,Active,6042,Normal,Currently Working
101307,6113,Yash Balasubramanian,Inventory Associate,Female,18412.0,2023-03-22,On Leave,6113,Normal,On Leave
101308,6130,Adweta Khanna,Picker,Female,36886.0,2026-04-10,Active,6130,Normal,Currently Working
101309,6148,Eshana Dhar,Store Manager,Unknown,38628.0,2025-07-24,Active,6148,Normal,Currently Working
101310,6128,Yug Sarna,Picker,Male,14625.0,2026-06-13,Active,6128,Normal,Currently Working
101311,6031,Hiral Dube,Store Manager,Female,24725.0,2024-09-10,Resigned,6031,Normal,Resigned
101312,6086,Bhavya Prabhakar,Picker,Male,19102.0,2025-11-04,On Leave,6086,Normal,On Leave
101313,6047,Waida Ben,Picker,Male,62060.0,2022-09-15,On Leave,6047,Normal,On Leave
101314,6142,Aadi Ranganathan,Delivery Rider,Female,26358.0,2026-05-18,Resigned,6142,Normal,Resigned
101315,6051,Eta Narayan,Inventory Associate,Female,52040.0,2025-12-21,Active,6051,Normal,Currently Working
101316,6044,Krish Mitter,Delivery Rider,Female,49396.0,2022-11-30,On Leave,6044,Normal,On Leave
101317,6033,Jairaj Sharaf,Packer,Male,16010.0,2024-10-18,Resigned,6033,Normal,Resigned
101318,6009,Vidhi Dara,Picker,Male,19923.0,2024-08-29,On Leave,6009,Normal,On Leave
101319,6054,Damyanti Karnik,Picker,Female,63511.0,2023-01-07,On Leave,6054,Normal,On Leave
101320,6065,Aarna Chatterjee,Picker,Female,52476.0,2026-03-29,Resigned,6065,Normal,Resigned
101321,6030,Raksha Vig,Delivery Rider,Unknown,28540.0,2026-03-23,Active,6030,Normal,Currently Working
101322,6004,Kai Goyal,Store Manager,Male,51164.0,2025-12-17,Active,6004,Normal,Currently Working
101323,6047,Maanav Sem,Store Manager,Female,63877.0,2023-11-20,Resigned,6047,Normal,Resigned
101324,6063,Qadim Deshmukh,Packer,Female,23378.0,2023-09-25,Active,6063,Normal,Currently Working
101325,6016,Max Kibe,Store Manager,Male,31003.0,2025-02-02,Active,6016,Normal,Currently Working
101326,6047,Jairaj Jaggi,Picker,Female,36276.0,2025-05-29,Active,6047,Normal,Currently Working
101327,6071,Damini Naidu,Store Manager,Unknown,58372.0,2025-09-29,Active,6071,Normal,Currently Working
101328,6008,Unnati Zachariah,Store Manager,Male,62736.0,2023-01-09,On Leave,6008,Normal,On Leave
101329,6052,Girik Palla,Delivery Rider,Unknown,26103.0,2023-04-09,Active,6052,Normal,Currently Working
101330,6073,Neel Johal,Delivery Rider,Female,50626.0,2024-03-28,Active,6073,Normal,Currently Working
101331,6042,Gavin Rattan,Picker,Male,48907.0,2022-12-04,Active,6042,Normal,Currently Working
101332,6023,Sudiksha Ben,Store Manager,Male,16584.0,2022-12-18,Resigned,6023,Normal,Resigned
101333,6088,Shivani Dada,Inventory Associate,Unknown,39745.0,2026-02-15,Active,6088,Normal,Currently Working
101334,6026,Sai Khurana,Delivery Rider,Male,59763.0,2022-10-03,Resigned,6026,Normal,Resigned
101335,6011,Idika Setty,Delivery Rider,Female,39424.5,2024-12-24,Active,6011,Normal,Currently Working
101336,6036,Lekha Bhavsar,Picker,Male,50343.0,2024-10-03,On Leave,6036,Normal,On Leave
101337,6086,Bishakha Dalal,Picker,Male,25675.0,2023-10-20,Active,6086,Normal,Currently Working
101338,6027,Sai Mandal,Packer,Female,27895.0,2023-06-27,Resigned,6027,Normal,Resigned
101339,6060,Chavvi Raghavan,Picker,Unknown,37083.0,2023-05-20,Active,6060,Normal,Currently Working
101340,6055,Jagat Sengupta,Picker,Female,14268.0,2025-02-13,On Leave,6055,Normal,On Leave
101341,6028,Prisha Kunda,Packer,Female,21804.0,2022-11-18,Active,6028,Normal,Currently Working
101342,6137,Harshil Kata,Packer,Male,19625.0,2024-08-10,Resigned,6137,Normal,Resigned
101343,6145,Yasti Sankaran,Delivery Rider,Male,55554.0,2024-08-21,Active,6145,Normal,Currently Working
101344,6017,Vasana Raja,Inventory Associate,Female,40106.5,2023-05-24,Resigned,6017,Normal,Resigned
101345,6019,Krisha Dasgupta,Delivery Rider,Unknown,27558.0,2025-12-22,Active,6019,Normal,Currently Working
101346,6136,Manya Dugal,Picker,Unknown,34346.0,2024-11-09,Active,6136,Normal,Currently Working
101347,6058,Bhavna Nair,Quality Checker,Unknown,35369.0,2023-11-11,Active,6058,Normal,Currently Working
101348,6047,Bhavna Sridhar,Packer,Male,51387.0,2024-05-31,Resigned,6047,Normal,Resigned
101349,6066,Oscar Kumar,Inventory Associate,Female,48712.0,2025-01-29,Resigned,6066,Normal,Resigned
101350,6058,Odika Bakshi,Quality Checker,Female,25550.0,2025-03-11,Active,6058,Normal,Currently Working
101351,6143,Kavya Kala,Inventory Associate,Female,48163.0,2023-09-24,Active,6143,Normal,Currently Working
101352,6134,Upadhriti Roy,Delivery Rider,Female,15905.0,2024-05-03,Resigned,6134,Normal,Resigned
101353,6109,Gaurav Kant,Store Manager,Male,34049.0,2025-07-18,Active,6109,Normal,Currently Working
101354,6078,Oeshi Prabhu,Picker,Male,25111.0,2023-11-15,Resigned,6078,Normal,Resigned
101355,6063,Rachita Pau,Delivery Rider,Male,52723.0,2024-12-08,On Leave,6063,Normal,On Leave
101356,6040,Ekapad Morar,Delivery Rider,Male,40197.0,2024-03-09,Active,6040,Normal,Currently Working
101357,6006,Odika Panchal,Inventory Associate,Male,22009.0,2024-09-15,Resigned,6006,Normal,Resigned
101358,6035,Wriddhish Tripathi,Picker,Unknown,33293.0,2024-11-29,Active,6035,Normal,Currently Working
101359,6070,Forum Krishna,Packer,Male,32628.0,2024-10-19,Resigned,6070,Normal,Resigned
101360,6120,Sanaya Barad,Packer,Female,40195.0,2024-03-04,Active,6120,Normal,Currently Working
101361,6032,Chatresh Dutt,Delivery Rider,Female,56993.0,2026-07-19,Active,6032,Normal,Currently Working
101362,6137,Farhan Kale,Picker,Female,38703.0,2022-11-09,On Leave,6137,Normal,On Leave
101363,6032,Riya Yogi,Delivery Rider,Unknown,44489.0,2023-07-30,Active,6032,Normal,Currently Working
101364,6105,Brijesh Bhatti,Picker,Unknown,55353.0,2024-04-08,On Leave,6105,Normal,On Leave
101365,6035,George Rai,Picker,Female,30015.0,2023-04-28,Active,6035,Normal,Currently Working
101366,6122,Janaki Bhavsar,Quality Checker,Male,41106.0,2023-03-30,Active,6122,Normal,Currently Working
101367,6064,Priya Kapur,Packer,Male,41371.0,2023-03-13,Active,6064,Normal,Currently Working
101368,6082,Vidhi Nair,Picker,Male,58477.0,2023-02-16,Resigned,6082,Normal,Resigned
101369,6127,Arya Prabhu,Delivery Rider,Male,37861.0,2022-10-07,Active,6127,Normal,Currently Working
101370,6138,Amara Grewal,Inventory Associate,Female,53753.0,2024-05-31,Active,6138,Normal,Currently Working
101371,6132,Sudiksha Palan,Picker,Female,35059.0,2024-07-02,Resigned,6132,Normal,Resigned
101372,6113,Maya Bhattacharyya,Picker,Male,19654.0,2025-08-31,Resigned,6113,Normal,Resigned
101373,6025,Anusha Walia,Picker,Male,49638.0,2023-05-24,Active,6025,Normal,Currently Working
101374,6100,Gaurika Rajagopalan,Delivery Rider,Male,48748.0,2023-07-30,Active,6100,Normal,Currently Working
101375,6093,Agastya Andra,Store Manager,Female,49002.0,2023-07-21,Active,6093,Normal,Currently Working
101376,6053,Kamya Mitra,Store Manager,Male,27661.0,2024-05-29,Active,6053,Normal,Currently Working
101377,6114,Chanchal Joshi,Packer,Female,42230.0,2024-08-17,Active,6114,Normal,Currently Working
101378,6122,Vanya Parekh,Delivery Rider,Female,17221.0,2025-07-10,Resigned,6122,Normal,Resigned
101379,6140,Fitan Anne,Delivery Rider,Male,17520.0,2025-11-22,On Leave,6140,Normal,On Leave
101380,6100,Lipika Murty,Picker,Male,20007.0,2024-12-06,On Leave,6100,Normal,On Leave
101381,6150,Shaurya Suri,Inventory Associate,Female,40106.5,2024-08-15,Active,6150,Normal,Currently Working
101382,6067,Tejas Narain,Picker,Female,30424.0,2026-07-24,Resigned,6067,Normal,Resigned
101383,6064,Aashi Master,Packer,Female,40162.0,2024-07-08,On Leave,6064,Normal,On Leave
101384,6109,Saanvi Jha,Picker,Female,56884.0,2025-04-17,Active,6109,Normal,Currently Working
101385,6006,Qarin Hora,Store Manager,Male,23128.0,2023-10-09,On Leave,6006,Normal,On Leave
101386,6046,Hemal Bains,Inventory Associate,Female,37092.0,2026-08-01,Active,6046,Normal,Currently Working
101387,6140,Reyansh Din,Quality Checker,Female,49712.0,2023-01-06,Resigned,6140,Normal,Resigned
101388,6130,Jackson Prakash,Store Manager,Female,38483.0,2023-04-28,Active,6130,Normal,Currently Working
101389,6125,Gopal Mitter,Picker,Male,60389.0,2025-08-20,Active,6125,Normal,Currently Working
101390,6142,Anamika Sha,Store Manager,Female,30789.0,2023-08-21,Resigned,6142,Normal,Resigned
101391,6067,Hemal Kumer,Picker,Female,31017.0,2026-05-20,Active,6067,Normal,Currently Working
101392,6150,Tristan Narayanan,Delivery Rider,Unknown,43092.0,2025-04-06,Active,6150,Normal,Currently Working
101393,6098,Qushi Lall,Delivery Rider,Female,29022.0,2023-07-20,Active,6098,Normal,Currently Working
101394,6145,Dayamai Manda,Packer,Male,23509.0,2026-03-23,Active,6145,Normal,Currently Working
101395,6146,Laksh Kala,Packer,Female,40162.0,2022-09-07,Active,6146,Normal,Currently Working
101396,6071,Hema Dar,Delivery Rider,Male,20710.0,2024-02-03,Active,6071,Normal,Currently Working
101397,6013,Zashil Chadha,Delivery Rider,Female,26137.0,2024-08-30,Resigned,6013,Normal,Resigned
101398,6072,Wishi Mody,Inventory Associate,Female,57885.0,2024-12-10,Active,6072,Normal,Currently Working
101399,6137,Hemal Salvi,Packer,Male,30403.0,2024-02-04,Resigned,6137,Normal,Resigned
101400,6056,Pratyush Soman,Inventory Associate,Unknown,62750.0,2026-04-21,Resigned,6056,Normal,Resigned
101401,6091,Yash Kuruvilla,Store Manager,Male,33980.0,2024-08-16,Active,6091,Normal,Currently Working
101402,6150,Warinder Kota,Picker,Male,36242.0,2025-01-23,Resigned,6150,Normal,Resigned
101403,6143,Ronith Viswanathan,Picker,Female,24096.0,2026-03-07,Active,6143,Normal,Currently Working
101404,6064,Inaya Tara,Delivery Rider,Male,27193.0,2023-02-08,Resigned,6064,Normal,Resigned
101405,6018,Rehaan Kashyap,Packer,Male,25200.0,2024-02-15,Active,6018,Normal,Currently Working
101406,6043,Raghav Bath,Picker,Female,38424.5,2024-05-01,Active,6043,Normal,Currently Working
101407,6142,Frederick Mahal,Packer,Female,43371.0,2025-06-22,Active,6142,Normal,Currently Working
101408,6142,Manthan Varghese,Store Manager,Female,19852.0,2024-11-01,Active,6142,Normal,Currently Working
101409,6090,Gopal Varughese,Packer,Male,46822.0,2024-09-28,Active,6090,Normal,Currently Working
101410,6007,Jonathan Mitter,Delivery Rider,Female,24915.0,2025-02-14,On Leave,6007,Normal,On Leave
101411,6143,Upma Brar,Store Manager,Female,35832.0,2023-07-02,Resigned,6143,Normal,Resigned
101412,6038,Mitali Johal,Picker,Male,21305.0,2026-05-11,On Leave,6038,Normal,On Leave
101413,6050,Anmol Swamy,Delivery Rider,Female,40924.0,2026-06-17,Active,6050,Normal,Currently Working
101414,6100,Rushil Thakkar,Inventory Associate,Female,58975.0,2026-03-12,On Leave,6100,Normal,On Leave
101415,6063,Triveni Kapur,Delivery Rider,Female,46282.0,2026-05-25,Active,6063,Normal,Currently Working
101416,6148,Geetika Doctor,Delivery Rider,Male,38424.0,2025-01-12,Active,6148,Normal,Currently Working
101417,6124,Janaki Brar,Delivery Rider,Male,44143.0,2023-01-15,Active,6124,Normal,Currently Working
101418,6122,Chameli Rajagopalan,Inventory Associate,Unknown,35245.0,2024-04-09,Active,6122,Normal,Currently Working
101419,6033,Urishilla Madan,Store Manager,Female,60517.0,2025-11-07,Active,6033,Normal,Currently Working
101420,6103,Aryan Guha,Store Manager,Female,54576.0,2025-11-17,On Leave,6103,Normal,On Leave
101421,6055,Samarth Padmanabhan,Quality Checker,Female,50654.0,2024-08-02,Active,6055,Normal,Currently Working
101422,6010,Raghav Bhatt,Picker,Male,41969.0,2025-05-04,Resigned,6010,Normal,Resigned
101423,6070,Caleb Date,Picker,Female,52644.0,2026-06-16,Resigned,6070,Normal,Resigned
101424,6080,Reva Kulkarni,Delivery Rider,Male,57738.0,2022-11-09,Active,6080,Normal,Currently Working
101425,6117,Nirja Madan,Store Manager,Female,52178.0,2023-09-25,Active,6117,Normal,Currently Working
101426,6081,Laban Shenoy,Quality Checker,Female,55793.0,2024-09-28,Resigned,6081,Normal,Resigned
101427,6100,Xavier Din,Picker,Female,56500.0,2026-08-11,Active,6100,Normal,Currently Working
101428,6006,Karan Sur,Picker,Female,49598.0,2022-09-28,Active,6006,Normal,Currently Working
101429,6105,Radhika Saini,Delivery Rider,Male,40452.0,2024-04-13,Active,6105,Normal,Currently Working
101430,6100,Wishi Basak,Quality Checker,Unknown,48285.0,2025-06-02,Active,6100,Normal,Currently Working
101431,6085,Waida Swamy,Packer,Male,38855.0,2024-04-01,Active,6085,Normal,Currently Working
101432,6073,Karan Thakur,Store Manager,Unknown,39879.0,2023-05-01,Active,6073,Normal,Currently Working
101433,6118,Arunima Lata,Store Manager,Male,60670.0,2026-02-19,Active,6118,Normal,Currently Working
101434,6045,Tripti Patla,Quality Checker,Male,40850.0,2022-12-21,Resigned,6045,Normal,Resigned
101435,6067,Zarna Kale,Picker,Male,25138.0,2024-11-28,Active,6067,Normal,Currently Working
101436,6143,Falguni Kashyap,Delivery Rider,Male,63658.0,2023-03-07,On Leave,6143,Normal,On Leave
101437,6150,Champak Sahota,Packer,Male,49578.0,2023-11-19,Active,6150,Normal,Currently Working
101438,6144,Vanya Sule,Quality Checker,Male,59405.0,2023-05-10,Resigned,6144,Normal,Resigned
101439,6147,Nikita Mitra,Picker,Unknown,48440.0,2026-02-09,On Leave,6147,Normal,On Leave
101440,6135,Luke Sheth,Quality Checker,Female,40008.0,2025-08-19,Resigned,6135,Normal,Resigned
101441,6127,Brijesh Padmanabhan,Picker,Unknown,63442.0,2025-09-25,Active,6127,Normal,Currently Working
101442,6066,Gaurika Dani,Picker,Male,60112.0,2024-11-07,On Leave,6066,Normal,On Leave
101443,6039,Hredhaan Dalal,Quality Checker,Female,27428.0,2025-07-23,On Leave,6039,Normal,On Leave
101444,6067,Zinal Varty,Inventory Associate,Male,14814.0,2025-07-11,Resigned,6067,Normal,Resigned
101445,6140,Champak Luthra,Store Manager,Male,34352.0,2024-12-11,On Leave,6140,Normal,On Leave
101446,6139,Oviya Bera,Store Manager,Female,35849.0,2024-12-26,Active,6139,Normal,Currently Working
101447,6076,Oviya Bhavsar,Picker,Male,21327.0,2023-02-23,Active,6076,Normal,Currently Working
101448,6114,Zansi Raman,Picker,Female,31062.0,2024-11-05,Active,6114,Normal,Currently Working
101449,6124,Kamya Mishra,Picker,Male,53329.0,2023-03-22,Active,6124,Normal,Currently Working
101450,6131,Ridhi Badal,Delivery Rider,Male,32411.0,2026-07-08,On Leave,6131,Normal,On Leave
101451,6135,Megha Tandon,Store Manager,Female,24647.0,2023-12-04,Active,6135,Normal,Currently Working
101452,6039,Jeevika Bansal,Packer,Male,27853.0,2024-06-04,Active,6039,Normal,Currently Working
101453,6091,Matthew Behl,Picker,Female,38424.5,2023-08-03,Active,6091,Normal,Currently Working
101454,6121,Udyati Naik,Picker,Unknown,38424.5,2026-05-21,On Leave,6121,Normal,On Leave
101455,6020,Wridesh Sen,Delivery Rider,Female,56072.0,2026-04-09,Active,6020,Normal,Currently Working
101456,6122,Sachi Ram,Store Manager,Male,54952.0,2023-08-26,Active,6122,Normal,Currently Working
101457,6069,Jasmit Contractor,Packer,Male,40162.0,2023-02-05,Active,6069,Normal,Currently Working
101458,6131,Maanav Bhasin,Store Manager,Female,38950.0,2024-01-11,Resigned,6131,Normal,Resigned
101459,6135,Ekapad Saxena,Store Manager,Male,61624.0,2024-04-30,On Leave,6135,Normal,On Leave
101460,6090,Kalpit Chaudhry,Picker,Female,52828.0,2025-04-17,Resigned,6090,Normal,Resigned
101461,6123,Oviya Rege,Picker,Male,30020.0,2025-05-31,Active,6123,Normal,Currently Working
101462,6077,Veer Sarraf,Inventory Associate,Male,46940.0,2023-08-18,On Leave,6077,Normal,On Leave
101463,6085,Gautam Sarraf,Inventory Associate,Male,51337.0,2024-01-01,On Leave,6085,Normal,On Leave
101464,6049,Zarna Narayanan,Picker,Male,41799.0,2025-01-29,Resigned,6049,Normal,Resigned
101465,6117,Falak Bahl,Picker,Female,25708.0,2026-07-01,Resigned,6117,Normal,Resigned
101466,6099,Parth Tella,Quality Checker,Female,43225.0,2023-01-27,Active,6099,Normal,Currently Working
101467,6056,Sara Dash,Store Manager,Male,48826.0,2024-01-01,Resigned,6056,Normal,Resigned
101468,6003,Onveer Mohan,Quality Checker,Female,55258.0,2023-12-02,Active,6003,Normal,Currently Working
101469,6090,Yutika Loke,Delivery Rider,Male,30892.0,2024-10-09,Active,6090,Normal,Currently Working
101470,6139,Sanya Dugal,Picker,Male,36233.0,2023-08-26,On Leave,6139,Normal,On Leave
101471,6040,Simon Gandhi,Inventory Associate,Female,28779.0,2023-10-21,On Leave,6040,Normal,On Leave
101472,6093,Karan Kala,Store Manager,Male,14834.0,2024-12-24,Active,6093,Normal,Currently Working
101473,6112,Megha Mody,Picker,Male,61884.0,2025-07-13,Active,6112,Normal,Currently Working
101474,6086,Meghana Dubey,Packer,Male,60191.0,2024-03-30,Active,6086,Normal,Currently Working
101475,6061,Pavani Krishna,Picker,Male,34780.0,2025-09-23,Active,6061,Normal,Currently Working
101476,6130,Samuel Raj,Packer,Male,27588.0,2023-03-05,Active,6130,Normal,Currently Working
101477,6025,Kabir Parsa,Packer,Female,50929.0,2026-07-22,Active,6025,Normal,Currently Working
101478,6136,Yochana Vyas,Picker,Male,21678.0,2026-08-16,Active,6136,Normal,Currently Working
101479,6048,Peter Nayar,Picker,Female,60638.0,2025-01-07,Resigned,6048,Normal,Resigned
101480,6080,Aarnav Sant,Quality Checker,Male,14968.0,2026-07-27,Active,6080,Normal,Currently Working
101481,6009,Gavin Kakar,Store Manager,Female,25899.0,2023-05-18,Active,6009,Normal,Currently Working
101482,6037,Xalak Narain,Picker,Female,32749.0,2023-01-25,Resigned,6037,Normal,Resigned
101483,6143,Ati Pal,Quality Checker,Male,20001.0,2025-01-09,Active,6143,Normal,Currently Working
101484,6087,Ishaan Basu,Quality Checker,Male,49892.0,2025-05-04,Active,6087,Normal,Currently Working
101485,6107,Farhan Sani,Picker,Male,46759.0,2022-09-21,Active,6107,Normal,Currently Working
101486,6015,Harita Sha,Picker,Female,64422.0,2023-05-27,Resigned,6015,Normal,Resigned
101487,6134,Aahana Dalal,Quality Checker,Female,48558.0,2022-10-25,Active,6134,Normal,Currently Working
101488,6141,Chameli Chaudhuri,Quality Checker,Female,52085.0,2024-03-21,Active,6141,Normal,Currently Working
101489,6058,Baghyawati Mahal,Store Manager,Female,38812.0,2025-08-13,Active,6058,Normal,Currently Working
101490,6128,Vivaan Bassi,Picker,Male,46470.0,2023-09-21,Active,6128,Normal,Currently Working
101491,6012,Inaya Grover,Store Manager,Female,24130.0,2022-12-20,On Leave,6012,Normal,On Leave
101492,6046,Amruta Kota,Delivery Rider,Unknown,60373.0,2025-03-31,Resigned,6046,Normal,Resigned
101493,6132,Praneel Choudhry,Packer,Female,59292.0,2025-02-17,Active,6132,Normal,Currently Working
101494,6090,Wyatt Pillai,Delivery Rider,Male,18246.0,2024-11-03,Active,6090,Normal,Currently Working
101495,6130,Laban Saini,Delivery Rider,Female,17539.0,2024-09-07,Resigned,6130,Normal,Resigned
101496,6046,Noah Barman,Delivery Rider,Unknown,22601.0,2026-03-17,Resigned,6046,Normal,Resigned
101497,6028,Andrew Nadkarni,Inventory Associate,Unknown,25000.0,2024-02-14,On Leave,6028,Normal,On Leave
101498,6038,Darpan Gour,Delivery Rider,Unknown,57205.0,2025-12-23,Active,6038,Normal,Currently Working
101499,6128,Ikbal Toor,Inventory Associate,Female,40368.0,2023-02-23,Active,6128,Normal,Currently Working
101500,6126,Nachiket Merchant,Quality Checker,Male,63070.0,2025-05-17,Active,6126,Normal,Currently Working
101501,6026,Saumya Gala,Picker,Male,28346.0,2023-11-28,Active,6026,Normal,Currently Working
101502,6095,Jonathan Mitter,Store Manager,Female,25632.0,2024-05-30,Active,6095,Normal,Currently Working
101503,6132,Wriddhish Raval,Quality Checker,Female,34644.0,2024-03-03,Active,6132,Normal,Currently Working
101504,6084,Forum Shan,Picker,Female,39747.0,2024-02-10,Active,6084,Normal,Currently Working
101505,6059,Jacob Kumer,Quality Checker,Female,46123.0,2026-02-01,Active,6059,Normal,Currently Working
101506,6096,Falguni Nagy,Quality Checker,Male,30540.0,2025-01-25,Resigned,6096,Normal,Resigned
101507,6030,Guneet Chaudhuri,Delivery Rider,Male,26950.0,2026-02-01,On Leave,6030,Normal,On Leave
101508,6070,Abha Nadig,Delivery Rider,Male,29027.0,2023-05-09,Active,6070,Normal,Currently Working
101509,6055,Jeet Prabhu,Picker,Male,27748.0,2022-11-07,Active,6055,Normal,Currently Working
101510,6046,Tanmayi Sharma,Packer,Male,44740.0,2024-01-08,Active,6046,Normal,Currently Working
101511,6138,Harinakshi Modi,Delivery Rider,Female,17128.0,2025-03-29,Active,6138,Normal,Currently Working
101512,6066,Divya Bhakta,Inventory Associate,Female,40292.0,2023-12-01,On Leave,6066,Normal,On Leave
101513,6014,Ishani Patil,Quality Checker,Female,16147.0,2024-01-17,Active,6014,Normal,Currently Working
101514,6010,Ekavir Mody,Inventory Associate,Male,15398.0,2024-06-05,Active,6010,Normal,Currently Working
101515,6032,Qushi Baral,Picker,Female,44913.0,2025-02-22,Active,6032,Normal,Currently Working
101516,6033,Pranit Roy,Store Manager,Female,19020.0,2022-10-16,Active,6033,Normal,Currently Working
101517,6076,Kiaan Krish,Inventory Associate,Female,40106.5,2026-04-14,Active,6076,Normal,Currently Working
101518,6060,Riya Agarwal,Picker,Male,57418.0,2023-01-16,Resigned,6060,Normal,Resigned
101519,6022,Umang Anne,Picker,Male,16735.0,2026-05-09,On Leave,6022,Normal,On Leave
101520,6083,Krishna Wali,Quality Checker,Unknown,29272.0,2025-07-10,Active,6083,Normal,Currently Working
101521,6102,Naksh Wable,Store Manager,Female,47175.0,2026-02-24,Active,6102,Normal,Currently Working
101522,6057,Varenya Mall,Packer,Female,30254.0,2026-01-23,Resigned,6057,Normal,Resigned
101523,6014,Diya Modi,Packer,Male,18507.0,2022-08-25,Active,6014,Normal,Currently Working
101524,6006,Bakhshi Patla,Delivery Rider,Male,39424.5,2024-11-12,Active,6006,Normal,Currently Working
101525,6045,Shravya Dayal,Picker,Male,23408.0,2024-05-17,Active,6045,Normal,Currently Working
101526,6069,Abhimanyu Suri,Picker,Female,63956.0,2024-11-18,Resigned,6069,Normal,Resigned
101527,6103,Aditya Nazareth,Picker,Male,49642.0,2024-11-02,Active,6103,Normal,Currently Working
101528,6006,Kashish Bala,Delivery Rider,Male,38911.0,2024-07-17,On Leave,6006,Normal,On Leave
101529,6122,Jatin Singh,Packer,Female,58781.0,2025-03-23,Active,6122,Normal,Currently Working
101530,6073,Ekanta Kaul,Picker,Unknown,64434.0,2022-12-08,On Leave,6073,Normal,On Leave
101531,6051,Farhan Saxena,Inventory Associate,Female,52242.0,2023-09-04,Resigned,6051,Normal,Resigned
101532,6142,Darika Wali,Store Manager,Unknown,59997.0,2026-04-07,Resigned,6142,Normal,Resigned
101533,6096,Vidhi Kalla,Delivery Rider,Female,17530.0,2025-01-15,Active,6096,Normal,Currently Working
101534,6114,Odika Dasgupta,Packer,Female,33943.0,2025-12-07,Active,6114,Normal,Currently Working
101535,6140,Pahal Joshi,Picker,Female,56203.0,2024-09-01,Active,6140,Normal,Currently Working
101536,6036,Wridesh Kapadia,Store Manager,Female,17789.0,2026-06-19,Resigned,6036,Normal,Resigned
101537,6120,Anusha Mangat,Quality Checker,Female,18087.0,2023-12-30,Active,6120,Normal,Currently Working
101538,6148,Charita Ramachandran,Delivery Rider,Male,30368.0,2022-11-09,Resigned,6148,Normal,Resigned
101539,6045,Omkaar Sinha,Store Manager,Female,61349.0,2025-01-07,Active,6045,Normal,Currently Working
101540,6103,Nandini Baria,Picker,Male,22457.0,2024-06-12,On Leave,6103,Normal,On Leave
101541,6125,Quincy Tripathi,Inventory Associate,Female,39336.0,2023-01-08,Resigned,6125,Normal,Resigned
101542,6014,Parth Kashyap,Delivery Rider,Female,42118.0,2026-02-23,On Leave,6014,Normal,On Leave
101543,6110,Falguni Ahuja,Inventory Associate,Female,53112.0,2023-09-19,On Leave,6110,Normal,On Leave
101544,6061,Lila Chowdhury,Delivery Rider,Male,33993.0,2024-12-16,Active,6061,Normal,Currently Working
101545,6076,Ganga Narayan,Store Manager,Male,46347.0,2026-05-31,Resigned,6076,Normal,Resigned
101546,6041,Patrick Bajaj,Quality Checker,Female,57725.0,2025-11-23,Active,6041,Normal,Currently Working
101547,6001,Triya Murthy,Store Manager,Unknown,30676.0,2024-12-27,Resigned,6001,Normal,Resigned
101548,6117,Aarnav Prakash,Quality Checker,Female,40301.0,2026-07-26,Resigned,6117,Normal,Resigned
101549,6040,Aarna Narula,Picker,Unknown,33595.0,2023-06-30,Active,6040,Normal,Currently Working
101550,6043,Falan Walla,Quality Checker,Female,21751.0,2023-08-24,Active,6043,Normal,Currently Working
101551,6059,Elijah Raja,Picker,Female,38424.5,2023-09-08,Active,6059,Normal,Currently Working
101552,6062,Andrew Pal,Inventory Associate,Female,61836.0,2026-02-20,Resigned,6062,Normal,Resigned
101553,6048,Aachal Babu,Quality Checker,Female,33691.0,2024-04-18,Active,6048,Normal,Currently Working
101554,6022,Warjas Wadhwa,Delivery Rider,Female,61316.0,2024-02-06,Active,6022,Normal,Currently Working
101555,6116,Hamsini Bora,Delivery Rider,Male,39424.5,2025-03-29,Active,6116,Normal,Currently Working
101556,6101,Ijaya Chaudhari,Delivery Rider,Female,14882.0,2024-10-04,Resigned,6101,Normal,Resigned
101557,6108,Tara Sengupta,Inventory Associate,Female,56338.0,2023-03-16,Resigned,6108,Normal,Resigned
101558,6139,Anvi Vasa,Picker,Female,14548.0,2025-10-22,Resigned,6139,Normal,Resigned
101559,6074,Zashil Rege,Delivery Rider,Male,35879.0,2023-12-28,Active,6074,Normal,Currently Working
101560,6113,Frado Bakshi,Picker,Female,26771.0,2025-02-08,On Leave,6113,Normal,On Leave
101561,6147,Madhav Sarna,Packer,Female,19893.0,2024-10-19,Active,6147,Normal,Currently Working
101562,6020,Nisha Minhas,Picker,Male,53742.0,2024-01-02,Active,6020,Normal,Currently Working
101563,6084,George Deo,Store Manager,Female,30694.0,2024-05-06,On Leave,6084,Normal,On Leave
101564,6083,Owen Ahluwalia,Quality Checker,Female,39702.5,2023-02-22,Active,6083,Normal,Currently Working
101565,6122,Janya Nagarajan,Inventory Associate,Male,41850.0,2026-07-27,Resigned,6122,Normal,Resigned
101566,6015,Adya Khalsa,Delivery Rider,Female,17348.0,2022-09-15,Active,6015,Normal,Currently Working
101567,6098,Shravya Kadakia,Store Manager,Female,38812.0,2023-08-07,Resigned,6098,Normal,Resigned
101568,6008,Hritik Karpe,Picker,Female,20647.0,2026-05-11,On Leave,6008,Normal,On Leave
101569,6055,Isaiah Nair,Inventory Associate,Male,60746.0,2023-07-10,On Leave,6055,Normal,On Leave
101570,6079,Nicholas Ratti,Delivery Rider,Male,40279.0,2024-05-15,Active,6079,Normal,Currently Working
101571,6042,Ekiya Rai,Delivery Rider,Male,33664.0,2024-07-07,Resigned,6042,Normal,Resigned
101572,6008,Harrison Chatterjee,Delivery Rider,Female,52350.0,2025-10-25,Active,6008,Normal,Currently Working
101573,6097,Henry Borah,Packer,Male,40162.0,2024-06-10,Resigned,6097,Normal,Resigned
101574,6052,Kabir Chacko,Delivery Rider,Male,45929.0,2025-08-13,Active,6052,Normal,Currently Working
101575,6077,Urmi Sodhi,Delivery Rider,Male,62580.0,2025-01-28,Active,6077,Normal,Currently Working
101576,6089,Pallavi Taneja,Store Manager,Male,58149.0,2024-02-21,Active,6089,Normal,Currently Working
101577,6095,Bhavna Chandran,Delivery Rider,Male,24383.0,2023-05-17,On Leave,6095,Normal,On Leave
101578,6033,Falguni Pradhan,Delivery Rider,Female,49038.0,2026-03-20,Resigned,6033,Normal,Resigned
101579,6102,Yug Sehgal,Delivery Rider,Male,25979.0,2023-07-10,Resigned,6102,Normal,Resigned
101580,6027,Yahvi Talwar,Picker,Male,38424.5,2025-05-23,On Leave,6027,Normal,On Leave
101581,6075,Samar Kari,Store Manager,Male,23819.0,2024-05-17,On Leave,6075,Normal,On Leave
101582,6136,Dhruv Bobal,Quality Checker,Unknown,49162.0,2024-01-05,Active,6136,Normal,Currently Working
101583,6060,Pranit Shere,Delivery Rider,Female,42907.0,2023-09-11,On Leave,6060,Normal,On Leave
101584,6016,Aarav Rau,Picker,Female,37494.0,2025-02-25,Active,6016,Normal,Currently Working
101585,6124,Rachana Guha,Quality Checker,Male,15683.0,2022-12-01,Active,6124,Normal,Currently Working
101586,6082,Samaksh Padmanabhan,Picker,Male,60033.0,2022-09-27,Resigned,6082,Normal,Resigned
101587,6080,Ishita Hans,Picker,Female,17995.0,2024-04-14,Active,6080,Normal,Currently Working
101588,6040,Saksham Agrawal,Store Manager,Female,15197.0,2024-10-18,On Leave,6040,Normal,On Leave
101589,6047,Xiti Bhardwaj,Packer,Male,55230.0,2026-05-25,Active,6047,Normal,Currently Working
101590,6062,Akshay Chopra,Quality Checker,Male,35231.0,2022-10-11,On Leave,6062,Normal,On Leave
101591,6038,Oviya Sarma,Picker,Female,56725.0,2022-09-23,Active,6038,Normal,Currently Working
101592,6047,Siya Dhaliwal,Store Manager,Male,49947.0,2024-01-21,Resigned,6047,Normal,Resigned
101593,6102,Ucchal Munshi,Picker,Male,52656.0,2024-12-24,On Leave,6102,Normal,On Leave
101594,6092,Anmol Mani,Quality Checker,Female,15785.0,2024-11-30,Active,6092,Normal,Currently Working
101595,6131,Andrew Bir,Delivery Rider,Male,22223.0,2023-12-29,Active,6131,Normal,Currently Working
101596,6002,Riya Agrawal,Delivery Rider,Male,39424.5,2025-09-18,Active,6002,Normal,Currently Working
101597,6143,Varsha Chand,Delivery Rider,Male,32707.0,2024-09-22,Resigned,6143,Normal,Resigned
101598,6053,Amruta Arya,Picker,Female,61884.0,2025-10-18,On Leave,6053,Normal,On Leave
101599,6034,Meghana Kant,Inventory Associate,Male,45555.0,2024-03-09,Resigned,6034,Normal,Resigned
101600,6058,Aarav Venkataraman,Packer,Male,38072.0,2023-02-10,Resigned,6058,Normal,Resigned
101601,6145,Abhiram Butala,Delivery Rider,Female,14382.0,2024-04-16,Resigned,6145,Normal,Resigned
101602,6087,Upkaar Ghosh,Delivery Rider,Female,23881.0,2023-05-03,On Leave,6087,Normal,On Leave
101603,6039,Mahika Bhasin,Store Manager,Male,14708.0,2023-12-06,On Leave,6039,Normal,On Leave
101604,6008,Xiti Taneja,Inventory Associate,Female,15278.0,2024-01-06,Active,6008,Normal,Currently Working
101605,6036,Zinal Amble,Packer,Female,34902.0,2023-06-06,Active,6036,Normal,Currently Working
101606,6012,Odika Jha,Packer,Male,49183.0,2025-12-09,Active,6012,Normal,Currently Working
101607,6033,Dayamai Barman,Quality Checker,Male,57965.0,2025-08-10,Active,6033,Normal,Currently Working
101608,6059,Victor Reddy,Packer,Female,18933.0,2026-01-09,Resigned,6059,Normal,Resigned
101609,6120,Faraj Chand,Delivery Rider,Female,39827.0,2026-05-11,Resigned,6120,Normal,Resigned
101610,6092,Jatin Sunder,Quality Checker,Female,53074.0,2023-01-07,Resigned,6092,Normal,Resigned
101611,6110,Azad Jha,Delivery Rider,Female,52841.0,2022-10-29,On Leave,6110,Normal,On Leave
101612,6048,Utkarsh Salvi,Quality Checker,Male,26229.0,2022-10-11,Active,6048,Normal,Currently Working
101613,6040,Hemani Dixit,Packer,Male,59970.0,2024-03-17,Active,6040,Normal,Currently Working
101614,6018,Tanvi Gera,Delivery Rider,Female,37760.0,2025-03-13,Active,6018,Normal,Currently Working
101615,6079,Daniel Mittal,Store Manager,Female,44822.0,2024-06-04,Resigned,6079,Normal,Resigned
101616,6116,Vasatika Mitra,Delivery Rider,Male,21413.0,2023-07-03,Active,6116,Normal,Currently Working
101617,6045,Aadi Date,Picker,Female,54636.0,2026-04-08,Active,6045,Normal,Currently Working
101618,6116,Karan Bahri,Inventory Associate,Female,40256.0,2022-12-04,Resigned,6116,Normal,Resigned
101619,6059,Abeer Lad,Delivery Rider,Male,59492.0,2023-04-11,Active,6059,Normal,Currently Working
101620,6084,Veda Agate,Store Manager,Female,57355.0,2024-04-02,On Leave,6084,Normal,On Leave
101621,6019,Ekta Deshmukh,Picker,Male,34267.0,2025-11-20,Resigned,6019,Normal,Resigned
101622,6061,Eta Naik,Quality Checker,Female,48934.0,2024-04-15,Active,6061,Normal,Currently Working
101623,6086,Waida Agate,Picker,Female,31147.0,2023-03-21,On Leave,6086,Normal,On Leave
101624,6095,Urmi Shankar,Delivery Rider,Male,33672.0,2025-03-26,Active,6095,Normal,Currently Working
101625,6015,Laban Das,Store Manager,Male,19227.0,2025-04-04,Active,6015,Normal,Currently Working
101626,6113,Jacob Ahluwalia,Delivery Rider,Male,31000.0,2026-05-27,On Leave,6113,Normal,On Leave
101627,6080,Kritika Wali,Delivery Rider,Female,40731.0,2023-11-28,Active,6080,Normal,Currently Working
101628,6109,Rohan Mishra,Quality Checker,Female,33294.0,2022-11-27,On Leave,6109,Normal,On Leave
101629,6096,Onveer Sawhney,Inventory Associate,Male,16092.0,2022-12-08,Resigned,6096,Normal,Resigned
101630,6066,Lakshmi Mall,Inventory Associate,Female,26504.0,2024-01-06,Resigned,6066,Normal,Resigned
101631,6135,Nidhi D’Alia,Picker,Male,43475.0,2026-05-17,Active,6135,Normal,Currently Working
101632,6134,Zehaan Raj,Delivery Rider,Female,39424.5,2025-04-28,Active,6134,Normal,Currently Working
101633,6057,Qarin Gaba,Delivery Rider,Female,24256.0,2024-04-10,Active,6057,Normal,Currently Working
101634,6036,Mason Dhar,Inventory Associate,Female,59956.0,2023-03-05,Resigned,6036,Normal,Resigned
101635,6086,Wakeeta Warrior,Quality Checker,Male,47747.0,2024-09-23,Active,6086,Normal,Currently Working
101636,6140,Wyatt Goyal,Inventory Associate,Unknown,28811.0,2026-06-10,Active,6140,Normal,Currently Working
101637,6078,Upasna Palla,Store Manager,Female,17336.0,2023-03-21,Resigned,6078,Normal,Resigned
101638,6039,Gagan Kanda,Packer,Male,21938.0,2025-05-29,Resigned,6039,Normal,Resigned
101639,6106,Avi Chandra,Packer,Unknown,18244.0,2022-11-20,Active,6106,Normal,Currently Working
101640,6085,Henry Pingle,Delivery Rider,Male,23126.0,2024-12-05,Active,6085,Normal,Currently Working
101641,6058,Harini Prasad,Picker,Female,21976.0,2023-08-05,Active,6058,Normal,Currently Working
101642,6023,Pallavi Zachariah,Picker,Female,54106.0,2026-06-01,On Leave,6023,Normal,On Leave
101643,6035,Chaitanya Mistry,Picker,Male,40610.0,2026-08-15,Resigned,6035,Normal,Resigned
101644,6107,Nitesh Rao,Packer,Unknown,27484.0,2025-09-02,Active,6107,Normal,Currently Working
101645,6148,Raagini Singh,Packer,Female,23548.0,2024-05-22,On Leave,6148,Normal,On Leave
101646,6032,Vrishti Sane,Store Manager,Male,47737.0,2023-07-08,Resigned,6032,Normal,Resigned
101647,6026,Charvi Sarkar,Delivery Rider,Male,16735.0,2024-04-13,On Leave,6026,Normal,On Leave
101648,6067,Warhi Bassi,Quality Checker,Female,30441.0,2025-10-30,Active,6067,Normal,Currently Working
101649,6138,Xiti Bal,Quality Checker,Unknown,32162.0,2024-06-02,On Leave,6138,Normal,On Leave
101650,6150,Darika Misra,Delivery Rider,Male,15459.0,2025-03-30,Active,6150,Normal,Currently Working
101651,6002,Falan Bobal,Store Manager,Male,18840.0,2023-01-19,Resigned,6002,Normal,Resigned
101652,6059,Sachi Pall,Store Manager,Female,43579.0,2026-02-27,Active,6059,Normal,Currently Working
101653,6074,Hamsini Rama,Store Manager,Male,39910.0,2024-07-17,Resigned,6074,Normal,Resigned
101654,6092,Andrew Chadha,Store Manager,Female,28028.0,2025-02-08,Resigned,6092,Normal,Resigned
101655,6118,Mason Pandey,Delivery Rider,Male,55956.0,2026-07-06,Active,6118,Normal,Currently Working
101656,6016,Nitara Tak,Quality Checker,Female,32391.0,2025-09-30,Resigned,6016,Normal,Resigned
101657,6023,Manthan Deo,Quality Checker,Female,60861.0,2025-01-18,Active,6023,Normal,Currently Working
101658,6099,Umang Ratta,Delivery Rider,Male,33908.0,2026-06-30,Active,6099,Normal,Currently Working
101659,6074,Reva Venkataraman,Store Manager,Male,28595.0,2023-12-15,Active,6074,Normal,Currently Working
101660,6092,Gaurika Banik,Store Manager,Male,53383.0,2026-06-26,Resigned,6092,Normal,Resigned
101661,6040,Ekalinga Morar,Store Manager,Female,57677.0,2025-07-06,Resigned,6040,Normal,Resigned
101662,6078,Bhanumati Prashad,Delivery Rider,Female,26572.0,2024-02-16,On Leave,6078,Normal,On Leave
101663,6003,Saksham Majumdar,Store Manager,Female,38812.0,2026-04-21,Resigned,6003,Normal,Resigned
101664,6076,Tristan Sundaram,Store Manager,Male,59301.0,2024-09-11,Active,6076,Normal,Currently Working
101665,6067,Jack Kade,Packer,Female,28629.0,2023-09-18,Resigned,6067,Normal,Resigned
101666,6144,Oeshi Tiwari,Quality Checker,Male,59600.0,2024-07-04,Active,6144,Normal,Currently Working
101667,6026,Ekavir Dalal,Store Manager,Male,41427.0,2025-10-06,On Leave,6026,Normal,On Leave
101668,6120,Ishanvi Tailor,Quality Checker,Male,36602.0,2025-09-11,Active,6120,Normal,Currently Working
101669,6023,Farhan Sridhar,Delivery Rider,Female,54795.0,2025-11-20,Resigned,6023,Normal,Resigned
101670,6054,Watika Date,Picker,Male,38213.0,2024-02-08,Resigned,6054,Normal,Resigned
101671,6040,Saksham Tank,Quality Checker,Female,18037.0,2022-10-30,Active,6040,Normal,Currently Working
101672,6012,Udarsh Srinivasan,Picker,Male,43930.0,2026-01-31,Active,6012,Normal,Currently Working
101673,6075,Hritik Rao,Packer,Female,34293.0,2023-09-11,Active,6075,Normal,Currently Working
101674,6111,Yashodhara Mane,Quality Checker,Male,15728.0,2023-09-07,Active,6111,Normal,Currently Working
101675,6098,Chandresh Krishna,Picker,Female,49698.0,2026-01-27,Active,6098,Normal,Currently Working
101676,6047,Wriddhish Devan,Store Manager,Female,49436.0,2026-02-12,Active,6047,Normal,Currently Working
101677,6035,Kiaan Singhal,Packer,Female,43037.0,2025-02-04,Resigned,6035,Normal,Resigned
101678,6071,Hemangini More,Picker,Female,38826.0,2022-09-01,Resigned,6071,Normal,Resigned
101679,6089,Eesha Sheth,Picker,Male,53739.0,2023-10-09,Active,6089,Normal,Currently Working
101680,6005,Aachal Sengupta,Inventory Associate,Male,17061.0,2022-11-27,Resigned,6005,Normal,Resigned
101681,6024,Lakshit Koshy,Store Manager,Female,53900.0,2023-04-04,Active,6024,Normal,Currently Working
101682,6125,Shravya Ganesh,Delivery Rider,Male,60589.0,2024-08-27,Active,6125,Normal,Currently Working
101683,6128,Ekiya Vasa,Store Manager,Female,44243.0,2023-01-18,Active,6128,Normal,Currently Working
101684,6092,Quincy Dua,Inventory Associate,Female,22354.0,2024-02-23,Active,6092,Normal,Currently Working
101685,6083,Advik Subramanian,Packer,Male,17262.0,2023-01-10,Active,6083,Normal,Currently Working
101686,6090,Pallavi Dyal,Delivery Rider,Female,61186.0,2023-01-04,Active,6090,Normal,Currently Working
101687,6082,Vedant Keer,Inventory Associate,Female,44556.0,2023-07-11,Active,6082,Normal,Currently Working
101688,6136,Faqid Rama,Picker,Female,59616.0,2022-10-27,Active,6136,Normal,Currently Working
101689,6128,Guneet Banerjee,Store Manager,Female,30237.0,2026-06-28,Active,6128,Normal,Currently Working
101690,6139,Yashoda Chaudhari,Quality Checker,Male,39702.5,2025-11-28,Active,6139,Normal,Currently Working
101691,6085,Falak Chander,Quality Checker,Female,35953.0,2024-07-11,On Leave,6085,Normal,On Leave
101692,6069,Jai Ratta,Picker,Male,31356.0,2025-12-14,Resigned,6069,Normal,Resigned
101693,6010,Warinder Lall,Packer,Female,49704.0,2023-01-21,Active,6010,Normal,Currently Working
101694,6121,Gaurangi Pandit,Inventory Associate,Female,14793.0,2025-01-04,On Leave,6121,Normal,On Leave
101695,6077,Yagnesh Suresh,Quality Checker,Male,22208.0,2023-02-16,Active,6077,Normal,Currently Working
101696,6120,Kai Agrawal,Picker,Male,31111.0,2023-02-07,On Leave,6120,Normal,On Leave
101697,6089,Advaith Brahmbhatt,Picker,Male,20091.0,2025-01-26,Active,6089,Normal,Currently Working
101698,6014,Aishani Kadakia,Inventory Associate,Female,37916.0,2026-07-10,Active,6014,Normal,Currently Working
101699,6039,Girindra Nayar,Quality Checker,Female,43236.0,2026-02-05,Active,6039,Normal,Currently Working
101700,6029,Pratyush Hayre,Delivery Rider,Female,51539.0,2026-03-21,On Leave,6029,Normal,On Leave
101701,6007,Ishaan Chaudhuri,Delivery Rider,Male,49135.0,2025-01-31,Active,6007,Normal,Currently Working
101702,6048,Fariq Chhabra,Picker,Male,55526.0,2023-07-10,Resigned,6048,Normal,Resigned
101703,6112,Mohini Parikh,Delivery Rider,Male,36773.0,2023-10-14,Active,6112,Normal,Currently Working
101704,6143,William Boase,Picker,Female,42094.0,2024-07-15,Resigned,6143,Normal,Resigned
101705,6072,Jyoti Saraf,Delivery Rider,Female,50149.0,2024-11-22,Resigned,6072,Normal,Resigned
101706,6110,Pallavi Golla,Picker,Male,30569.0,2024-06-26,Active,6110,Normal,Currently Working
101707,6147,Urvashi Arora,Delivery Rider,Female,58250.0,2022-11-03,Active,6147,Normal,Currently Working
101708,6024,Yashica Lal,Quality Checker,Male,24544.0,2025-06-25,Active,6024,Normal,Currently Working
101709,6008,Unni Chanda,Delivery Rider,Female,33835.0,2023-11-20,Resigned,6008,Normal,Resigned
101710,6086,Kalpit Uppal,Quality Checker,Unknown,16003.0,2023-10-14,On Leave,6086,Normal,On Leave
101711,6073,Lekha Tata,Quality Checker,Male,32160.0,2022-09-30,Active,6073,Normal,Currently Working
101712,6147,Zehaan Deshpande,Picker,Male,50220.0,2023-08-04,Active,6147,Normal,Currently Working
101713,6103,Yug More,Delivery Rider,Male,24280.0,2025-12-23,Active,6103,Normal,Currently Working
101714,6066,Atharv Mital,Delivery Rider,Female,49551.0,2022-12-01,Active,6066,Normal,Currently Working
101715,6088,Adya Misra,Inventory Associate,Female,64687.0,2023-12-24,Resigned,6088,Normal,Resigned
101716,6043,Victor Chakraborty,Inventory Associate,Female,17200.0,2023-04-10,Resigned,6043,Normal,Resigned
101717,6084,Jackson Kalla,Delivery Rider,Female,40486.0,2025-05-09,Resigned,6084,Normal,Resigned
101718,6050,Chasmum Suresh,Store Manager,Female,60491.0,2024-09-11,Active,6050,Normal,Currently Working
101719,6139,Upasna Badami,Picker,Male,56848.0,2026-04-30,Active,6139,Normal,Currently Working
101720,6022,Azad Shetty,Picker,Male,44071.0,2024-09-13,Active,6022,Normal,Currently Working
101721,6027,Maya Agate,Store Manager,Female,53586.0,2022-11-05,On Leave,6027,Normal,On Leave
101722,6096,Gabriel Bahl,Store Manager,Male,62926.0,2023-12-02,Active,6096,Normal,Currently Working
101723,6080,Ishita Krish,Delivery Rider,Male,40547.0,2024-08-31,Active,6080,Normal,Currently Working
101724,7001,Mahika Balasubramanian,Delivery Rider,Male,22516.0,2025-09-05,On Leave,6002,Normal,On Leave
101725,6038,Harsh Tella,Packer,Female,25922.0,2024-02-15,Active,6038,Normal,Currently Working
101726,6099,Siya Venkatesh,Picker,Male,42358.0,2022-10-21,On Leave,6099,Normal,On Leave
101727,6058,Chaitanya Pai,Delivery Rider,Female,43180.0,2025-12-21,Active,6058,Normal,Currently Working
101728,6091,Nitesh Hans,Picker,Male,51228.0,2023-02-16,Active,6091,Normal,Currently Working
101729,6094,Amruta Sheth,Picker,Male,63753.0,2025-06-16,Active,6094,Normal,Currently Working
101730,6096,Harita Dhawan,Packer,Male,62067.0,2026-06-22,Resigned,6096,Normal,Resigned
101731,6019,Abhimanyu Dani,Packer,Male,23660.0,2023-05-12,Resigned,6019,Normal,Resigned
101732,6012,Henry Narang,Inventory Associate,Female,24526.0,2022-11-19,Active,6012,Normal,Currently Working
101733,6058,Manthan Sheth,Quality Checker,Female,50865.0,2023-05-11,Active,6058,Normal,Currently Working
101734,6147,Lucky Cheema,Quality Checker,Male,40807.0,2025-06-22,Resigned,6147,Normal,Resigned
101735,6012,Jagvi Swamy,Quality Checker,Female,42453.0,2022-12-07,Active,6012,Normal,Currently Working
101736,6121,Oscar Zacharia,Delivery Rider,Male,62971.0,2026-08-01,Active,6121,Normal,Currently Working
101737,6041,Waida Zachariah,Packer,Female,17435.0,2025-07-21,Active,6041,Normal,Currently Working
101738,6016,Tristan Sharma,Inventory Associate,Male,34164.0,2023-12-08,Active,6016,Normal,Currently Working
101739,6048,Damyanti Zacharia,Picker,Male,33448.0,2024-11-19,Resigned,6048,Normal,Resigned
101740,6027,Chaman Sule,Delivery Rider,Female,32296.0,2023-07-18,Resigned,6027,Normal,Resigned
101741,6143,Ekalinga Madan,Delivery Rider,Female,47221.0,2024-01-31,Resigned,6143,Normal,Resigned
101742,6111,Amara Mody,Inventory Associate,Male,61591.0,2024-07-18,On Leave,6111,Normal,On Leave
101743,6065,Vedika Dixit,Delivery Rider,Male,54738.0,2023-01-21,On Leave,6065,Normal,On Leave
101744,6058,Chanakya Sangha,Picker,Female,23306.0,2026-02-09,Resigned,6058,Normal,Resigned
101745,6073,Qadim Borah,Quality Checker,Male,57059.0,2024-07-23,Resigned,6073,Normal,Resigned
101746,6018,Dayita Master,Store Manager,Female,25766.0,2025-05-31,Resigned,6018,Normal,Resigned
101747,6046,Waida Dave,Quality Checker,Female,24440.0,2026-01-14,Resigned,6046,Normal,Resigned
101748,6032,Indali Raja,Delivery Rider,Female,31555.0,2024-03-02,Resigned,6032,Normal,Resigned
101749,6084,Kala Dutt,Store Manager,Male,57887.0,2022-10-15,Active,6084,Normal,Currently Working
101750,6056,Barkha Sarna,Quality Checker,Female,60481.0,2024-08-02,Resigned,6056,Normal,Resigned
101751,6085,Amara Menon,Store Manager,Female,37232.0,2025-11-06,Active,6085,Normal,Currently Working
101752,6096,Aachal Apte,Picker,Female,14490.0,2025-12-19,Active,6096,Normal,Currently Working
101753,6066,Faraj Lata,Store Manager,Female,15394.0,2024-04-10,Resigned,6066,Normal,Resigned
101754,6051,Ekaraj Bera,Quality Checker,Female,38463.0,2024-08-03,Resigned,6051,Normal,Resigned
101755,6147,David Tank,Quality Checker,Female,23000.0,2024-01-23,Active,6147,Normal,Currently Working
101756,6030,Darsh Om,Picker,Female,32135.0,2025-04-25,Resigned,6030,Normal,Resigned
101757,7006,Aradhana Varkey,Picker,Female,25031.0,2022-09-21,Active,6007,Normal,Currently Working
101758,6048,Jagrati Mannan,Store Manager,Male,15394.0,2023-11-06,On Leave,6048,Normal,On Leave
101759,6096,Ubika Kibe,Inventory Associate,Female,59821.0,2022-12-05,On Leave,6096,Normal,On Leave
101760,6017,Charles Konda,Delivery Rider,Male,53514.0,2024-02-01,Active,6017,Normal,Currently Working
101761,6035,Lopa Sandal,Packer,Unknown,38250.0,2022-11-27,Active,6035,Normal,Currently Working
101762,6007,Janya Narain,Store Manager,Male,58363.0,2023-11-15,Resigned,6007,Normal,Resigned
101763,6048,Waida Borra,Store Manager,Unknown,40343.0,2023-06-23,Active,6048,Normal,Currently Working
101764,6059,Xiti Solanki,Delivery Rider,Male,39424.5,2023-05-21,Resigned,6059,Normal,Resigned
101765,6050,Robert Johal,Store Manager,Female,36949.0,2026-08-14,Active,6050,Normal,Currently Working
101766,6112,Kalpit Pingle,Quality Checker,Female,42888.0,2022-11-16,Active,6112,Normal,Currently Working
101767,6045,Irya Guha,Inventory Associate,Female,17890.0,2025-12-07,Resigned,6045,Normal,Resigned
101768,6108,Hamsini Biswas,Picker,Male,62956.0,2024-10-26,Active,6108,Normal,Currently Working
101769,6145,Bina Srivastava,Quality Checker,Male,59151.0,2023-12-07,Active,6145,Normal,Currently Working
101770,6109,Charles Bhatia,Packer,Male,39593.0,2026-08-10,Resigned,6109,Normal,Resigned
101771,6100,Parth Parmer,Delivery Rider,Male,53319.0,2024-06-25,Active,6100,Normal,Currently Working
101772,6084,Ekapad Walia,Picker,Female,28551.0,2026-08-07,Active,6084,Normal,Currently Working
101773,6046,Triveni Malhotra,Picker,Male,45091.0,2023-06-22,Active,6046,Normal,Currently Working
101774,6012,Lohit Jha,Delivery Rider,Female,15878.0,2025-03-31,Active,6012,Normal,Currently Working
101775,6089,Nidra Sankaran,Delivery Rider,Male,17477.0,2023-03-20,On Leave,6089,Normal,On Leave
101776,6117,Laksh Bath,Picker,Male,52430.0,2022-10-20,Active,6117,Normal,Currently Working
101777,6070,Abha Thakkar,Inventory Associate,Male,33634.0,2026-07-16,Resigned,6070,Normal,Resigned
101778,6128,Radhika Sahota,Store Manager,Male,25664.0,2024-04-25,On Leave,6128,Normal,On Leave
101779,6088,Darsh Varghese,Picker,Female,26033.0,2023-09-12,On Leave,6088,Normal,On Leave
101780,6129,Indali Hari,Store Manager,Female,31099.0,2023-05-24,Active,6129,Normal,Currently Working
101781,6068,Idika Patla,Delivery Rider,Male,60018.0,2025-07-07,Active,6068,Normal,Currently Working
101782,6132,Rachita Kala,Delivery Rider,Male,42638.0,2023-05-11,Active,6132,Normal,Currently Working
101783,6140,Avni Swamy,Packer,Male,43147.0,2023-11-25,Active,6140,Normal,Currently Working
101784,6035,Bishakha Kapur,Delivery Rider,Female,39424.5,2024-04-11,Active,6035,Normal,Currently Working
101785,6053,Pushti Sama,Delivery Rider,Male,37679.0,2024-06-16,Active,6053,Normal,Currently Working
101786,6018,Vasatika Din,Store Manager,Male,25989.0,2022-12-22,Resigned,6018,Normal,Resigned
101787,6114,Harita Kaur,Delivery Rider,Female,63659.0,2024-01-11,Active,6114,Normal,Currently Working
101788,6092,Yatan Goswami,Packer,Female,54829.0,2026-04-06,Resigned,6092,Normal,Resigned
101789,6048,Fiyaz Bora,Store Manager,Female,24503.0,2024-06-25,Active,6048,Normal,Currently Working
101790,6131,Ridhi Chand,Picker,Female,35631.0,2025-05-02,Resigned,6131,Normal,Resigned
101791,6108,Kashvi Dada,Picker,Female,35993.0,2026-01-09,Active,6108,Normal,Currently Working
101792,6001,Mugdha Bhatnagar,Quality Checker,Male,62702.0,2025-03-09,Resigned,6001,Normal,Resigned
101793,6065,Deepa Prabhu,Quality Checker,Female,20004.0,2026-02-01,Active,6065,Normal,Currently Working
101794,6017,Ansh Kadakia,Packer,Female,42077.0,2026-08-08,Active,6017,Normal,Currently Working
101795,6073,Yashodhara Khanna,Inventory Associate,Female,59536.0,2026-01-30,Active,6073,Normal,Currently Working
101796,6048,Ojas Sant,Packer,Female,40162.0,2026-06-16,Active,6048,Normal,Currently Working
101797,6002,Rehaan Prasad,Delivery Rider,Female,48246.0,2022-09-23,Active,6002,Normal,Currently Working
101798,6122,Dipta Sarin,Delivery Rider,Male,30347.0,2026-02-15,Resigned,6122,Normal,Resigned
101799,6060,Wakeeta Maharaj,Picker,Female,48578.0,2023-03-08,Resigned,6060,Normal,Resigned
101800,6144,Priya Menon,Quality Checker,Male,47332.0,2023-06-10,Resigned,6144,Normal,Resigned
101801,6150,Benjamin Borde,Quality Checker,Male,52142.0,2025-12-09,Resigned,6150,Normal,Resigned
101802,6147,Eshana Bhandari,Picker,Female,39183.0,2023-06-20,Active,6147,Normal,Currently Working
101803,6149,Samar Puri,Delivery Rider,Male,50538.0,2022-12-13,Resigned,6149,Normal,Resigned
101804,6001,Rishi Bava,Picker,Male,26697.0,2023-05-16,Active,6001,Normal,Currently Working
101805,6041,Azad Vaidya,Inventory Associate,Male,37666.0,2023-07-24,Active,6041,Normal,Currently Working
101806,6067,Jagrati Chowdhury,Delivery Rider,Female,37225.0,2022-12-17,Resigned,6067,Normal,Resigned
101807,6070,Mahika Barad,Store Manager,Female,38103.0,2024-09-08,Active,6070,Normal,Currently Working
101808,6092,Libni Palan,Quality Checker,Male,56888.0,2024-04-24,Active,6092,Normal,Currently Working
101809,6137,Kritika Bhagat,Quality Checker,Male,56147.0,2022-10-23,Resigned,6137,Normal,Resigned
101810,6045,Bahadurjit Desai,Packer,Female,38144.0,2024-03-11,Resigned,6045,Normal,Resigned
101811,6140,Yashasvi Badal,Inventory Associate,Female,39789.0,2025-07-28,On Leave,6140,Normal,On Leave
101812,6098,Tristan Chowdhury,Store Manager,Male,38812.0,2024-03-09,Active,6098,Normal,Currently Working
101813,6126,Patrick Arya,Picker,Male,38865.0,2026-08-06,On Leave,6126,Normal,On Leave
101814,6031,Brijesh Kala,Inventory Associate,Male,59197.0,2024-04-08,Active,6031,Normal,Currently Working
101815,6077,Fitan Kalita,Inventory Associate,Female,58060.0,2025-12-21,Active,6077,Normal,Currently Working
101816,6090,Ubika Kanda,Picker,Female,59761.0,2023-02-13,Active,6090,Normal,Currently Working
101817,6020,Oscar Ramakrishnan,Delivery Rider,Male,35663.0,2022-10-20,Active,6020,Normal,Currently Working
101818,6139,Prisha Merchant,Quality Checker,Female,22350.0,2025-05-22,Active,6139,Normal,Currently Working
101819,6145,Mekhala Pillay,Delivery Rider,Female,57131.0,2024-07-03,On Leave,6145,Normal,On Leave
101820,6057,Advika Tak,Store Manager,Male,27895.0,2026-03-17,Resigned,6057,Normal,Resigned
101821,6133,Madhav Nigam,Delivery Rider,Female,27233.0,2026-04-06,Resigned,6133,Normal,Resigned
101822,6107,Vedika Sha,Quality Checker,Female,40158.0,2024-10-02,Active,6107,Normal,Currently Working
101823,6031,Rachana Zacharia,Inventory Associate,Male,45661.0,2026-05-10,On Leave,6031,Normal,On Leave
101824,6029,Azad Arya,Quality Checker,Male,30175.0,2025-02-11,Resigned,6029,Normal,Resigned
101825,6129,Joshua Chakrabarti,Delivery Rider,Male,15150.0,2023-08-05,Resigned,6129,Normal,Resigned
101826,6012,George Desai,Packer,Male,64954.0,2022-10-11,Active,6012,Normal,Currently Working
101827,6124,Atharv Parsa,Store Manager,Male,43341.0,2024-02-16,Active,6124,Normal,Currently Working
101828,6062,Omaja Shere,Delivery Rider,Female,39424.5,2026-06-04,Active,6062,Normal,Currently Working
101829,6040,Isaac Savant,Delivery Rider,Female,17701.0,2023-05-18,Resigned,6040,Normal,Resigned
101830,6044,Veda Pandit,Inventory Associate,Male,36346.0,2026-05-06,Active,6044,Normal,Currently Working
101831,6071,Qadim Patil,Packer,Male,56701.0,2024-02-14,Active,6071,Normal,Currently Working
101832,6080,Varsha Dhillon,Inventory Associate,Female,23698.0,2025-08-17,Resigned,6080,Normal,Resigned
101833,6087,Samuel Nayak,Inventory Associate,Female,55099.0,2026-01-23,Active,6087,Normal,Currently Working
101834,6140,Saumya Sachdeva,Picker,Male,20063.0,2025-01-27,Resigned,6140,Normal,Resigned
101835,6125,Manya Arya,Delivery Rider,Female,50625.0,2023-11-03,Active,6125,Normal,Currently Working
101836,6090,Vasudha Saran,Picker,Male,43394.0,2024-04-23,Active,6090,Normal,Currently Working
101837,6033,Wakeeta Arora,Delivery Rider,Female,36400.0,2025-06-15,Active,6033,Normal,Currently Working
101838,6031,Bhavna Mani,Store Manager,Male,37393.0,2023-06-27,Active,6031,Normal,Currently Working
101839,6135,Devansh Chanda,Delivery Rider,Male,43264.0,2026-06-19,Resigned,6135,Normal,Resigned
101840,6079,Gautam Varughese,Store Manager,Male,56171.0,2023-06-15,On Leave,6079,Normal,On Leave
101841,6026,Yasti Naik,Inventory Associate,Female,40106.5,2023-03-16,Active,6026,Normal,Currently Working
101842,6034,Raghav Saxena,Quality Checker,Female,28292.0,2023-04-30,On Leave,6034,Normal,On Leave
101843,6098,Isaiah Venkatesh,Delivery Rider,Male,44815.0,2024-11-12,Active,6098,Normal,Currently Working
101844,6083,Sanaya More,Store Manager,Female,25627.0,2022-09-02,Resigned,6083,Normal,Resigned
101845,6051,Qadim Sabharwal,Packer,Male,18976.0,2024-10-30,Resigned,6051,Normal,Resigned
101846,6027,Dev Wagle,Packer,Female,61100.0,2023-05-17,Active,6027,Normal,Currently Working
101847,6012,Unni Vaidya,Inventory Associate,Male,16143.0,2024-04-19,Active,6012,Normal,Currently Working
101848,6131,Arunima Biswas,Store Manager,Female,48884.0,2024-11-13,Active,6131,Normal,Currently Working
101849,6042,Aishani Som,Store Manager,Male,39564.0,2025-02-07,Active,6042,Normal,Currently Working
101850,6073,Om Sridhar,Delivery Rider,Male,39230.0,2022-12-06,Active,6073,Normal,Currently Working
101851,6114,Advay Munshi,Quality Checker,Male,54858.0,2025-12-25,Active,6114,Normal,Currently Working
101852,6119,Baljiwan Dayal,Delivery Rider,Male,57749.0,2025-07-19,Resigned,6119,Normal,Resigned
101853,6079,Daksh Edwin,Delivery Rider,Female,43944.0,2023-06-08,On Leave,6079,Normal,On Leave
101854,6133,Abhimanyu Dasgupta,Packer,Male,24765.0,2023-05-28,Active,6133,Normal,Currently Working
101855,6090,Frado Tiwari,Delivery Rider,Male,62336.0,2023-06-25,Active,6090,Normal,Currently Working
101856,6004,Sachi Choudhury,Packer,Female,17182.0,2024-07-07,Active,6004,Normal,Currently Working
101857,6071,Onveer Talwar,Delivery Rider,Male,27304.0,2024-08-08,Active,6071,Normal,Currently Working
101858,6049,Naksh Garde,Picker,Female,64205.0,2026-04-20,Active,6049,Normal,Currently Working
101859,6142,Thomas Hayre,Picker,Female,16938.0,2023-07-01,Active,6142,Normal,Currently Working
101860,6145,Ekta Bir,Delivery Rider,Male,64459.0,2023-12-19,Active,6145,Normal,Currently Working
101861,6067,Gagan Parsa,Delivery Rider,Female,44895.0,2025-09-13,On Leave,6067,Normal,On Leave
101862,6079,William Ravi,Quality Checker,Female,39702.5,2026-01-07,Active,6079,Normal,Currently Working
101863,6135,Logan Kar,Delivery Rider,Male,41124.0,2024-12-31,Resigned,6135,Normal,Resigned
101864,6108,Manthan Loke,Store Manager,Male,21828.0,2023-11-01,Active,6108,Normal,Currently Working
101865,6018,Abeer Sood,Packer,Female,63355.0,2025-06-28,Resigned,6018,Normal,Resigned
101866,6050,Yashvi Dugal,Packer,Male,49202.0,2024-09-08,Active,6050,Normal,Currently Working
101867,6047,Vinaya Jhaveri,Picker,Male,40030.0,2023-09-02,Resigned,6047,Normal,Resigned
101868,6071,Januja Aggarwal,Picker,Female,15671.0,2023-04-11,Resigned,6071,Normal,Resigned
101869,6033,Amara Anand,Delivery Rider,Female,35221.0,2025-07-28,Active,6033,Normal,Currently Working
101870,6029,Zilmil Tandon,Picker,Male,30088.0,2026-07-07,Resigned,6029,Normal,Resigned
101871,6018,Yashoda Sehgal,Store Manager,Female,34551.0,2024-07-05,On Leave,6018,Normal,On Leave
101872,6117,Kalpit Modi,Store Manager,Male,36237.0,2022-12-03,Active,6117,Normal,Currently Working
101873,6128,Mohini Bail,Packer,Female,59138.0,2023-09-08,Active,6128,Normal,Currently Working
101874,6003,Yuvraj Balay,Packer,Female,64140.0,2022-11-29,Active,6003,Normal,Currently Working
101875,6045,Udyati Ramesh,Quality Checker,Male,39389.0,2025-11-02,Active,6045,Normal,Currently Working
101876,6145,Oliver Vora,Packer,Female,63724.0,2026-03-28,Active,6145,Normal,Currently Working
101877,6113,Wishi Vasa,Inventory Associate,Male,54988.0,2025-04-24,On Leave,6113,Normal,On Leave
101878,6033,Advika Tandon,Store Manager,Female,39973.0,2024-08-29,On Leave,6033,Normal,On Leave
101879,6129,Anya Brahmbhatt,Picker,Male,18444.0,2026-01-03,Active,6129,Normal,Currently Working
101880,6141,Zarna Amble,Picker,Male,47746.0,2024-09-02,Active,6141,Normal,Currently Working
101881,6061,Rajeshri Jha,Packer,Male,47668.0,2026-04-19,Active,6061,Normal,Currently Working
101882,6018,Faras Mangal,Delivery Rider,Male,55710.0,2024-12-01,Active,6018,Normal,Currently Working
101883,6061,Bachittar Misra,Delivery Rider,Male,32495.0,2023-08-26,Active,6061,Normal,Currently Working
101884,6020,Joshua Kurian,Inventory Associate,Unknown,63972.0,2025-10-29,Active,6020,Normal,Currently Working
101885,6026,Kamya Wagle,Delivery Rider,Male,59251.0,2024-09-09,On Leave,6026,Normal,On Leave
101886,6096,Advaith Choudhry,Quality Checker,Female,39545.0,2024-06-06,Active,6096,Normal,Currently Working
101887,6072,Odika Cherian,Delivery Rider,Female,62837.0,2022-12-24,Resigned,6072,Normal,Resigned
101888,6083,Rehaan Nadkarni,Quality Checker,Male,30002.0,2022-12-11,Resigned,6083,Normal,Resigned
101889,6007,Benjamin Chada,Store Manager,Male,16321.0,2025-12-20,Resigned,6007,Normal,Resigned
101890,6143,Vedant Datta,Quality Checker,Male,43359.0,2024-12-14,Active,6143,Normal,Currently Working
101891,6106,Peter Desai,Quality Checker,Male,31319.0,2026-02-01,Active,6106,Normal,Currently Working
101892,6004,Fariq Atwal,Delivery Rider,Female,40827.0,2022-12-31,Active,6004,Normal,Currently Working
101893,6079,Shivani Desai,Quality Checker,Male,30631.0,2024-11-09,Active,6079,Normal,Currently Working
101894,6076,Hemangini Mutti,Inventory Associate,Female,40106.5,2023-09-11,Resigned,6076,Normal,Resigned
101895,6066,Lila Vaidya,Store Manager,Female,56896.0,2025-08-21,Active,6066,Normal,Currently Working
101896,6009,Brinda Mukherjee,Store Manager,Female,23924.0,2026-07-14,On Leave,6009,Normal,On Leave
101897,6055,Jagdish Gopal,Picker,Male,44433.0,2025-04-04,Active,6055,Normal,Currently Working
101898,6107,Bhavya Pillay,Store Manager,Female,20731.0,2025-05-18,On Leave,6107,Normal,On Leave
101899,6005,Dev Cherian,Store Manager,Male,23888.0,2025-10-10,Resigned,6005,Normal,Resigned
101900,6007,Mekhala Nanda,Picker,Male,51389.0,2024-07-17,On Leave,6007,Normal,On Leave
101901,6106,Baghyawati Mandal,Delivery Rider,Male,33177.0,2024-06-15,Resigned,6106,Normal,Resigned
101902,6138,Isaiah Zacharia,Picker,Male,62029.0,2023-09-24,Active,6138,Normal,Currently Working
101903,6043,Jeremiah Parsa,Picker,Male,32811.0,2026-01-10,Active,6043,Normal,Currently Working
101904,6120,Bhavna Mitter,Store Manager,Female,30476.0,2022-09-12,Active,6120,Normal,Currently Working
101905,6119,Teerth Thakkar,Picker,Unknown,14842.0,2024-08-18,Active,6119,Normal,Currently Working
101906,6079,Urvashi Dubey,Inventory Associate,Male,32680.0,2026-07-31,Active,6079,Normal,Currently Working
101907,6112,Gavin Devan,Store Manager,Male,57494.0,2025-12-03,Active,6112,Normal,Currently Working
101908,6093,Brijesh Tailor,Packer,Female,32075.0,2023-02-13,Active,6093,Normal,Currently Working
101909,6052,Imaran Rattan,Delivery Rider,Male,36216.0,2026-01-02,On Leave,6052,Normal,On Leave
101910,7008,Jai Patla,Store Manager,Female,44384.0,2022-12-15,Active,6009,Normal,Currently Working
101911,6003,Girindra Samra,Picker,Male,38929.0,2023-07-08,Resigned,6003,Normal,Resigned
101912,6084,Chakrika Sundaram,Picker,Male,42601.0,2025-03-20,Resigned,6084,Normal,Resigned
101913,6025,Simon Raju,Packer,Unknown,47888.0,2023-07-23,Active,6025,Normal,Currently Working
101914,6107,Darsh Nayar,Packer,Male,17753.0,2026-02-11,Active,6107,Normal,Currently Working
101915,6039,Waida Walia,Delivery Rider,Unknown,55294.0,2026-03-05,Resigned,6039,Normal,Resigned
101916,6019,Zaitra Kala,Delivery Rider,Female,39903.0,2023-09-10,Resigned,6019,Normal,Resigned
101917,6122,Mason Kadakia,Delivery Rider,Female,39424.5,2024-06-17,On Leave,6122,Normal,On Leave
101918,6061,Triveni Upadhyay,Picker,Male,64265.0,2024-09-28,Active,6061,Normal,Currently Working
101919,6024,Abhimanyu Varty,Delivery Rider,Male,38280.0,2026-06-16,Active,6024,Normal,Currently Working
101920,6069,Priya Dar,Delivery Rider,Male,16631.0,2022-08-31,Resigned,6069,Normal,Resigned
101921,6111,Dipta Mangat,Delivery Rider,Male,57643.0,2025-08-10,On Leave,6111,Normal,On Leave
101922,6050,Chaitaly Sheth,Inventory Associate,Female,63825.0,2024-01-18,Active,6050,Normal,Currently Working
101923,6035,Kamya Wason,Picker,Female,38424.5,2026-08-15,Active,6035,Normal,Currently Working
101924,6082,Nathaniel Master,Packer,Male,16054.0,2025-06-06,Active,6082,Normal,Currently Working
101925,6054,Imaran Nagarajan,Delivery Rider,Female,21649.0,2026-06-19,Active,6054,Normal,Currently Working
101926,6065,Ojasvi Sarna,Picker,Female,17083.0,2025-05-29,Resigned,6065,Normal,Resigned
101927,6066,Oeshi Raman,Delivery Rider,Male,26851.0,2024-01-12,Active,6066,Normal,Currently Working
101928,6027,Patrick Pingle,Quality Checker,Female,18650.0,2026-04-19,Resigned,6027,Normal,Resigned
101929,6084,Sai Nadig,Delivery Rider,Male,50384.0,2023-11-03,On Leave,6084,Normal,On Leave
101930,6072,Vamakshi Tailor,Delivery Rider,Female,19455.0,2023-12-29,Resigned,6072,Normal,Resigned
101931,6004,Umang Koshy,Store Manager,Female,24424.0,2023-02-27,Active,6004,Normal,Currently Working
101932,6125,Falak Malhotra,Delivery Rider,Unknown,29448.0,2023-11-26,Active,6125,Normal,Currently Working
101933,6119,Chaaya Lalla,Quality Checker,Male,39504.0,2022-09-22,Resigned,6119,Normal,Resigned
101934,6003,Madhav Agarwal,Quality Checker,Female,58953.0,2023-08-19,Active,6003,Normal,Currently Working
101935,6060,Victor Behl,Inventory Associate,Male,38359.0,2026-07-01,Active,6060,Normal,Currently Working
101936,6032,Maanav Brahmbhatt,Quality Checker,Male,49817.0,2022-12-15,Active,6032,Normal,Currently Working
101937,6062,Nakul Gole,Quality Checker,Male,29594.0,2025-09-17,Active,6062,Normal,Currently Working
101938,6090,Balveer Bumb,Picker,Male,49117.0,2023-08-18,Resigned,6090,Normal,Resigned
101939,6036,Baljiwan Chahal,Delivery Rider,Female,58843.0,2023-06-25,Resigned,6036,Normal,Resigned
101940,6093,Nathaniel Dey,Picker,Male,17538.0,2023-10-10,Resigned,6093,Normal,Resigned
101941,6016,Guneet Agarwal,Picker,Female,25349.0,2022-12-23,Active,6016,Normal,Currently Working
101942,6085,Brijesh Barad,Picker,Male,46315.0,2024-10-21,Resigned,6085,Normal,Resigned
101943,6120,Yashica Issac,Delivery Rider,Male,38393.0,2023-01-10,Active,6120,Normal,Currently Working
101944,6120,Ishwar Dubey,Picker,Female,46615.0,2024-02-20,On Leave,6120,Normal,On Leave
101945,6073,Unnati Kurian,Inventory Associate,Male,64013.0,2023-02-18,Active,6073,Normal,Currently Working
101946,6017,Rudra Kulkarni,Delivery Rider,Male,28293.0,2023-04-07,Active,6017,Normal,Currently Working
101947,6036,Sneha Andra,Store Manager,Male,63082.0,2022-10-20,Resigned,6036,Normal,Resigned
101948,6130,Zilmil Dayal,Delivery Rider,Male,25651.0,2023-04-15,Resigned,6130,Normal,Resigned
101949,6005,Vrishti Bali,Inventory Associate,Female,20035.0,2025-03-27,Active,6005,Normal,Currently Working
101950,6135,Odika Johal,Delivery Rider,Female,33909.0,2023-05-20,Resigned,6135,Normal,Resigned
101951,6055,Ayushman Kant,Delivery Rider,Male,39424.5,2023-12-21,On Leave,6055,Normal,On Leave
101952,6003,Tanmayi Kapur,Inventory Associate,Female,58497.0,2026-01-23,On Leave,6003,Normal,On Leave
101953,6034,Frederick Varty,Inventory Associate,Male,23644.0,2026-01-05,Active,6034,Normal,Currently Working
101954,6120,Lila Sethi,Picker,Unknown,33042.0,2023-07-01,On Leave,6120,Normal,On Leave
101955,6150,George Pal,Picker,Female,59712.0,2023-04-21,Active,6150,Normal,Currently Working
101956,6033,Qadim Ravel,Picker,Male,64485.0,2026-02-01,Active,6033,Normal,Currently Working
101957,6134,Madhav Desai,Delivery Rider,Male,18634.0,2026-01-05,Active,6134,Normal,Currently Working
101958,6124,Kevin Gupta,Store Manager,Female,32049.0,2025-11-16,Resigned,6124,Normal,Resigned
101959,6020,Aachal Sur,Delivery Rider,Female,47163.0,2026-05-11,Resigned,6020,Normal,Resigned
101960,6137,Nandini Chakraborty,Picker,Female,54257.0,2026-08-18,Resigned,6137,Normal,Resigned
101961,6106,Agastya Nadig,Inventory Associate,Male,64076.0,2023-10-28,On Leave,6106,Normal,On Leave
101962,6036,Baghyawati Sahota,Delivery Rider,Unknown,52533.0,2024-10-07,Active,6036,Normal,Currently Working
101963,6035,Faraj Upadhyay,Inventory Associate,Male,26794.0,2025-07-10,Resigned,6035,Normal,Resigned
101964,6046,Hema Vyas,Delivery Rider,Male,41210.0,2024-12-30,Active,6046,Normal,Currently Working
101965,6006,Peter Kanda,Delivery Rider,Male,56758.0,2023-06-20,On Leave,6006,Normal,On Leave
101966,6114,Indali Golla,Quality Checker,Unknown,64065.0,2026-02-14,Resigned,6114,Normal,Resigned
101967,6143,Aadi Brar,Picker,Female,58368.0,2026-06-11,Resigned,6143,Normal,Resigned
101968,6121,Jack Deo,Inventory Associate,Male,57602.0,2024-04-21,Resigned,6121,Normal,Resigned
101969,6077,Ishwar Mistry,Picker,Female,31998.0,2026-05-13,Resigned,6077,Normal,Resigned
101970,6050,Wriddhish Balasubramanian,Delivery Rider,Female,19517.0,2024-12-04,On Leave,6050,Normal,On Leave
101971,6039,Rishi Ravel,Picker,Male,34695.0,2024-09-16,On Leave,6039,Normal,On Leave
101972,6117,Kashish Bava,Inventory Associate,Male,49927.0,2022-10-17,Resigned,6117,Normal,Resigned
101973,6083,Falan Bala,Inventory Associate,Male,47631.0,2025-01-15,Active,6083,Normal,Currently Working
101974,6100,Wridesh Zacharia,Store Manager,Male,64669.0,2025-09-28,Active,6100,Normal,Currently Working
101975,6097,Aryan Sidhu,Delivery Rider,Male,58337.0,2024-09-10,Active,6097,Normal,Currently Working
101976,6028,Chandani Vyas,Inventory Associate,Female,56797.0,2023-08-28,Resigned,6028,Normal,Resigned
101977,6064,Meera Chana,Quality Checker,Male,37696.0,2024-11-03,Active,6064,Normal,Currently Working
101978,6017,Hitesh Rastogi,Picker,Female,33836.0,2025-12-07,Active,6017,Normal,Currently Working
101979,6100,Mekhala Apte,Store Manager,Male,36208.0,2025-11-26,Resigned,6100,Normal,Resigned
101980,6077,Yagnesh Kashyap,Quality Checker,Male,24710.0,2024-02-26,Active,6077,Normal,Currently Working
101981,6111,Parth More,Picker,Female,24141.0,2022-09-11,Active,6111,Normal,Currently Working
101982,6021,Ansh Chand,Quality Checker,Female,45946.0,2024-01-15,Resigned,6021,Normal,Resigned
101983,6103,Ekalinga Sem,Store Manager,Male,16257.0,2023-01-11,Resigned,6103,Normal,Resigned
101984,6081,Bakhshi Gulati,Quality Checker,Male,39702.5,2025-12-30,Resigned,6081,Normal,Resigned
101985,6030,Ekaja Dixit,Picker,Male,58591.0,2025-10-02,Active,6030,Normal,Currently Working
101986,6115,Meghana Viswanathan,Quality Checker,Female,64326.0,2022-09-02,Active,6115,Normal,Currently Working
101987,6134,Ikshita Kalita,Picker,Male,31997.0,2025-05-19,Active,6134,Normal,Currently Working
101988,6126,Ria Sahota,Delivery Rider,Female,25257.0,2023-08-23,On Leave,6126,Normal,On Leave
101989,6033,Vivaan Borde,Picker,Female,56295.0,2026-06-06,Active,6033,Normal,Currently Working
101990,6088,Vanya Pathak,Picker,Female,29357.0,2024-11-28,Active,6088,Normal,Currently Working
101991,6061,Saumya Tailor,Delivery Rider,Male,62736.0,2024-10-30,Active,6061,Normal,Currently Working
101992,6126,Samesh Basak,Delivery Rider,Female,52644.0,2023-08-10,Resigned,6126,Normal,Resigned
101993,6042,Adweta Salvi,Delivery Rider,Female,36066.0,2024-03-27,Active,6042,Normal,Currently Working
101994,6140,Ishanvi Saini,Picker,Male,20716.0,2025-07-28,On Leave,6140,Normal,On Leave
101995,6073,Jagrati Hora,Store Manager,Male,34252.0,2026-06-17,Resigned,6073,Normal,Resigned
101996,6131,Gaurika Sachdev,Quality Checker,Female,16846.0,2026-06-08,Active,6131,Normal,Currently Working
101997,6051,Simon Deep,Store Manager,Male,21934.0,2025-02-14,Resigned,6051,Normal,Resigned
101998,6114,Gautam Gole,Picker,Female,16818.0,2024-12-25,Active,6114,Normal,Currently Working
101999,6031,Krishna Saran,Store Manager,Male,45863.0,2026-05-04,Active,6031,Normal,Currently Working
102000,6135,Vedant Kalla,Picker,Male,25993.0,2024-01-29,Active,6135,Normal,Currently Working
102001,6074,Agastya Cheema,Picker,Male,37593.0,2023-07-27,Active,6074,Normal,Currently Working
102002,6137,Gaurangi Apte,Delivery Rider,Female,14620.0,2024-07-30,Resigned,6137,Normal,Resigned
102003,6111,Vrishti Nayak,Picker,Male,38424.5,2025-06-04,On Leave,6111,Normal,On Leave
102004,6139,Pratyush Karnik,Picker,Male,54011.0,2023-05-27,Resigned,6139,Normal,Resigned
102005,6045,Janaki Tata,Quality Checker,Male,58905.0,2025-10-22,Active,6045,Normal,Currently Working
102006,6059,Omya Kar,Store Manager,Male,29623.0,2026-07-15,Active,6059,Normal,Currently Working
102007,6070,Jack Setty,Picker,Male,14147.0,2025-11-30,Active,6070,Normal,Currently Working
102008,6100,Warhi Bora,Delivery Rider,Male,28870.0,2025-03-05,On Leave,6100,Normal,On Leave
102009,6014,Zilmil Ganesh,Quality Checker,Male,14789.0,2023-01-19,Active,6014,Normal,Currently Working
102010,6068,Rajata Hans,Store Manager,Female,58200.0,2025-02-02,Resigned,6068,Normal,Resigned
102011,6007,Patrick Devi,Picker,Unknown,41428.0,2023-09-22,Active,6007,Normal,Currently Working
102012,6133,Gayathri Narasimhan,Inventory Associate,Male,40106.5,2025-10-17,Active,6133,Normal,Currently Working
102013,6024,Gaurang Mukherjee,Delivery Rider,Female,35713.0,2022-09-15,Active,6024,Normal,Currently Working
102014,6008,Harsh Hayre,Picker,Male,59571.0,2025-05-06,Active,6008,Normal,Currently Working
102015,6028,Chandresh Subramanian,Picker,Male,35559.0,2025-04-29,Active,6028,Normal,Currently Working
102016,6133,Jairaj Sawhney,Picker,Female,39854.0,2024-04-25,Active,6133,Normal,Currently Working
102017,6114,Girindra Mangal,Delivery Rider,Unknown,49593.0,2023-08-09,Active,6114,Normal,Currently Working
102018,6052,Aryan Doshi,Packer,Female,63117.0,2023-03-02,Active,6052,Normal,Currently Working
102019,6150,Aachal Halder,Delivery Rider,Male,26092.0,2026-07-17,Active,6150,Normal,Currently Working
102020,6063,Zarna Hora,Quality Checker,Female,39051.0,2023-11-04,Active,6063,Normal,Currently Working
102021,6061,Aayush Bedi,Packer,Male,25180.0,2024-09-30,Active,6061,Normal,Currently Working
102022,6018,Liam Goel,Quality Checker,Male,34887.0,2026-03-02,Active,6018,Normal,Currently Working
102023,6075,Zayyan Hayer,Store Manager,Female,16210.0,2024-05-10,Resigned,6075,Normal,Resigned
102024,6058,Hamsini Pai,Store Manager,Male,44130.0,2024-12-12,Resigned,6058,Normal,Resigned
102025,6054,Devansh Yogi,Delivery Rider,Female,18912.0,2023-01-17,Active,6054,Normal,Currently Working
102026,6066,Yauvani Khanna,Delivery Rider,Male,36940.0,2026-04-28,Resigned,6066,Normal,Resigned
102027,6149,Tristan Doshi,Store Manager,Male,28212.0,2025-08-12,Active,6149,Normal,Currently Working
102028,6080,Siya Singh,Store Manager,Female,51437.0,2022-12-12,Active,6080,Normal,Currently Working
102029,6128,Alka Seshadri,Picker,Unknown,25095.0,2023-02-17,Resigned,6128,Normal,Resigned
102030,6081,Rajeshri Kumar,Delivery Rider,Unknown,51765.0,2023-09-06,Active,6081,Normal,Currently Working
102031,6091,Victor Parmar,Packer,Female,23006.0,2024-06-08,Active,6091,Normal,Currently Working
102032,6118,Lila Misra,Inventory Associate,Female,27839.0,2023-12-22,Active,6118,Normal,Currently Working
102033,6072,Saksham Anand,Delivery Rider,Female,22083.0,2025-09-13,Active,6072,Normal,Currently Working
102034,6105,Mohammed Narayan,Delivery Rider,Male,32733.0,2023-04-30,Active,6105,Normal,Currently Working
102035,6077,Ekani Dey,Store Manager,Female,28578.0,2024-06-21,On Leave,6077,Normal,On Leave
102036,6006,Radha Mahal,Delivery Rider,Male,40563.0,2024-08-03,Resigned,6006,Normal,Resigned
102037,6060,Zinal Menon,Quality Checker,Male,47537.0,2025-03-27,Active,6060,Normal,Currently Working
102038,6144,Mekhala Sem,Store Manager,Female,43548.0,2023-01-14,Resigned,6144,Normal,Resigned
102039,6110,Andrew Krish,Packer,Male,38148.0,2022-09-13,Active,6110,Normal,Currently Working
102040,6095,Vedant Vora,Delivery Rider,Male,19380.0,2024-11-06,Resigned,6095,Normal,Resigned
102041,6068,Balhaar Sunder,Packer,Female,15052.0,2024-07-11,Resigned,6068,Normal,Resigned
102042,6088,Mugdha Trivedi,Picker,Male,26596.0,2026-06-25,Active,6088,Normal,Currently Working
102043,6105,Luke Sant,Inventory Associate,Female,40106.5,2023-12-20,Active,6105,Normal,Currently Working
102044,6052,Ekaja Loyal,Store Manager,Female,32806.0,2023-02-05,Active,6052,Normal,Currently Working
102045,6077,Christopher Viswanathan,Packer,Female,61759.0,2026-04-25,Active,6077,Normal,Currently Working
102046,6111,Ekani Zacharia,Quality Checker,Female,29981.0,2023-07-09,Active,6111,Normal,Currently Working
102047,6006,Hema Nadkarni,Picker,Female,43277.0,2025-07-16,Resigned,6006,Normal,Resigned
102048,6055,Kala Gade,Delivery Rider,Female,18131.0,2024-02-27,Active,6055,Normal,Currently Working
102049,6020,Lakshmi Madan,Store Manager,Male,38812.0,2024-09-25,Active,6020,Normal,Currently Working
102050,6103,Manya Sinha,Picker,Female,31306.0,2025-08-22,Resigned,6103,Normal,Resigned
102051,6004,Yahvi Chandra,Delivery Rider,Male,44042.0,2023-04-01,On Leave,6004,Normal,On Leave
102052,6046,Avi Loke,Quality Checker,Female,44606.0,2025-07-21,Active,6046,Normal,Currently Working
102053,6020,Bishakha Jha,Inventory Associate,Male,59652.0,2024-03-04,Active,6020,Normal,Currently Working
102054,6069,Edhitha Balakrishnan,Delivery Rider,Female,61779.0,2024-12-23,Active,6069,Normal,Currently Working
102055,6095,Manbir Ghosh,Picker,Female,43458.0,2022-11-28,Active,6095,Normal,Currently Working
102056,6118,Anika Naidu,Picker,Male,45706.0,2023-07-17,Resigned,6118,Normal,Resigned
102057,6079,Aradhana Chacko,Inventory Associate,Male,26725.0,2025-05-20,Active,6079,Normal,Currently Working
102058,6095,Dayita Rajan,Picker,Male,61593.0,2024-04-19,Resigned,6095,Normal,Resigned
102059,6027,Victor Swamy,Delivery Rider,Female,58152.0,2024-01-14,Resigned,6027,Normal,Resigned
102060,6028,Warhi Gala,Picker,Male,15115.0,2025-03-25,Resigned,6028,Normal,Resigned
102061,6065,Widisha Pradhan,Picker,Female,21372.0,2024-05-31,Active,6065,Normal,Currently Working
102062,6020,Tanay Narula,Packer,Male,28214.0,2023-01-27,Resigned,6020,Normal,Resigned
102063,6093,Mahika Mandal,Packer,Female,28710.0,2022-11-06,Active,6093,Normal,Currently Working
102064,6057,Chakradev Pradhan,Delivery Rider,Male,30584.0,2024-07-12,On Leave,6057,Normal,On Leave
102065,6022,Megha Dayal,Delivery Rider,Female,22336.0,2024-12-26,Active,6022,Normal,Currently Working
102066,6098,Onveer Thakur,Delivery Rider,Female,36159.0,2024-02-04,Active,6098,Normal,Currently Working
102067,6015,Ekbal Bal,Packer,Female,24222.0,2024-05-29,Active,6015,Normal,Currently Working
102068,6031,Dayita Sule,Packer,Female,59677.0,2022-09-15,Active,6031,Normal,Currently Working
102069,6070,Vincent Patla,Picker,Male,31065.0,2023-03-02,Resigned,6070,Normal,Resigned
102070,6101,Osha Deo,Store Manager,Female,64535.0,2024-06-25,On Leave,6101,Normal,On Leave
102071,6068,Ansh Manda,Inventory Associate,Female,35841.0,2024-07-08,Resigned,6068,Normal,Resigned
102072,6145,Max Barman,Delivery Rider,Male,14687.0,2023-03-11,On Leave,6145,Normal,On Leave
102073,6043,Chakrika Bajaj,Picker,Unknown,49643.0,2025-09-05,Active,6043,Normal,Currently Working
102074,6097,Ekanta Nadig,Packer,Female,18810.0,2023-01-23,Active,6097,Normal,Currently Working
102075,6060,Chakrika Pau,Packer,Male,44176.0,2022-08-23,Active,6060,Normal,Currently Working
102076,6077,Maya Patla,Delivery Rider,Unknown,33092.0,2024-12-24,Resigned,6077,Normal,Resigned
102077,6006,Prisha Savant,Delivery Rider,Male,49193.0,2025-10-18,Active,6006,Normal,Currently Working
102078,6136,Upasna Kant,Picker,Female,24912.0,2024-07-06,Active,6136,Normal,Currently Working
102079,6064,Adya Sami,Picker,Male,34393.0,2026-01-19,On Leave,6064,Normal,On Leave
102080,6128,Kashvi Dhaliwal,Inventory Associate,Male,16177.0,2025-07-05,Active,6128,Normal,Currently Working
102081,6090,Pranit Amble,Picker,Male,37705.0,2026-04-22,Active,6090,Normal,Currently Working
102082,6077,Isha Acharya,Packer,Female,64254.0,2024-01-01,Active,6077,Normal,Currently Working
102083,6147,Damyanti Shankar,Store Manager,Female,49662.0,2023-04-03,Active,6147,Normal,Currently Working
102084,6028,Jagvi Anand,Packer,Female,28373.0,2026-05-11,Active,6028,Normal,Currently Working
102085,6010,Vinaya Chand,Picker,Male,59109.0,2025-04-28,Active,6010,Normal,Currently Working
102086,6148,Naveen Samra,Delivery Rider,Female,59017.0,2023-04-03,Active,6148,Normal,Currently Working
102087,6010,Vedhika Srinivas,Inventory Associate,Female,49923.0,2024-08-10,On Leave,6010,Normal,On Leave
102088,6019,Keya Purohit,Picker,Male,37192.0,2023-12-21,Active,6019,Normal,Currently Working
102089,6079,Lakshmi Panchal,Picker,Male,55671.0,2022-08-27,Active,6079,Normal,Currently Working
102090,6114,Bhanumati Vasa,Quality Checker,Female,25694.0,2026-01-25,Active,6114,Normal,Currently Working
102091,6126,Janaki Ravel,Delivery Rider,Female,27796.0,2022-11-20,On Leave,6126,Normal,On Leave
102092,6010,Oviya Dalal,Store Manager,Unknown,48722.0,2025-07-04,Active,6010,Normal,Currently Working
102093,6039,Teerth Tata,Store Manager,Female,38812.0,2023-05-30,Active,6039,Normal,Currently Working
102094,6119,Vrishti Shankar,Quality Checker,Male,41500.0,2024-06-24,Active,6119,Normal,Currently Working
102095,6138,Wazir Goel,Quality Checker,Male,23463.0,2024-05-06,Active,6138,Normal,Currently Working
102096,6041,Lakshmi Narain,Store Manager,Male,39680.0,2023-08-02,Active,6041,Normal,Currently Working
102097,6013,Kala Tak,Quality Checker,Female,34205.0,2023-11-01,Active,6013,Normal,Currently Working
102098,6106,Ati Karpe,Delivery Rider,Unknown,28868.0,2024-12-21,Active,6106,Normal,Currently Working
102099,6050,Faqid Kapoor,Quality Checker,Male,37572.0,2022-08-25,Resigned,6050,Normal,Resigned
102100,6106,Vinaya Ramakrishnan,Picker,Male,39588.0,2025-12-14,Active,6106,Normal,Currently Working
102101,6045,Janani Saini,Picker,Male,46776.0,2024-03-11,Active,6045,Normal,Currently Working
102102,6143,Mitesh Sabharwal,Delivery Rider,Male,62435.0,2023-10-14,Resigned,6143,Normal,Resigned
102103,6049,Qadim Buch,Quality Checker,Female,17268.0,2023-06-13,Resigned,6049,Normal,Resigned
102104,6094,Krishna Raja,Delivery Rider,Female,41689.0,2025-10-17,Active,6094,Normal,Currently Working
102105,6088,Zashil Dash,Quality Checker,Female,54453.0,2026-03-30,Active,6088,Normal,Currently Working
102106,6124,Qasim Aggarwal,Quality Checker,Male,42222.0,2026-01-14,Active,6124,Normal,Currently Working
102107,6099,Qasim Bava,Delivery Rider,Male,47775.0,2025-08-29,Active,6099,Normal,Currently Working
102108,6095,Adweta Patel,Packer,Male,20831.0,2024-10-18,Active,6095,Normal,Currently Working
102109,6028,Keya Hegde,Picker,Male,38257.0,2026-05-27,Active,6028,Normal,Currently Working
102110,6138,Oeshi Sampath,Delivery Rider,Unknown,41907.0,2022-10-04,On Leave,6138,Normal,On Leave
102111,6148,Nikita Pandey,Picker,Female,44761.0,2022-08-31,Active,6148,Normal,Currently Working
102112,6138,Parth Andra,Picker,Female,54545.0,2026-04-05,Active,6138,Normal,Currently Working
102113,6001,Nitara Deep,Picker,Female,54428.0,2025-12-06,Resigned,6001,Normal,Resigned
102114,6041,Deepa Hayer,Delivery Rider,Female,25374.0,2024-07-20,Resigned,6041,Normal,Resigned
102115,6150,Hredhaan Mitter,Delivery Rider,Unknown,52088.0,2023-08-21,Active,6150,Normal,Currently Working
102116,6138,Sneha Mani,Quality Checker,Female,31036.0,2023-09-14,Resigned,6138,Normal,Resigned
102117,6135,Edhitha Pandya,Picker,Female,56854.0,2022-11-20,Resigned,6135,Normal,Resigned
102118,6051,Bishakha Bassi,Store Manager,Female,17262.0,2025-10-12,Active,6051,Normal,Currently Working
102119,6027,Henry Desai,Inventory Associate,Female,60558.0,2024-04-29,Active,6027,Normal,Currently Working
102120,6011,Gautami Bhatti,Picker,Female,31397.0,2026-01-05,Active,6011,Normal,Currently Working
102121,6012,Guneet Dyal,Picker,Female,62058.0,2023-09-23,On Leave,6012,Normal,On Leave
102122,6006,Gagan Pandey,Inventory Associate,Male,14177.0,2024-03-29,Active,6006,Normal,Currently Working
102123,6057,Sudiksha Mutti,Inventory Associate,Male,31721.0,2026-02-21,Active,6057,Normal,Currently Working
102124,6033,Mitali Mitra,Delivery Rider,Male,50479.0,2024-09-03,Resigned,6033,Normal,Resigned
102125,6058,Hemangini Nayar,Picker,Female,43861.0,2026-03-13,Resigned,6058,Normal,Resigned
102126,6017,Shivansh Butala,Picker,Male,22827.0,2024-05-12,Active,6017,Normal,Currently Working
102127,6139,Vansha Kannan,Packer,Female,42828.0,2024-01-19,Active,6139,Normal,Currently Working
102128,6139,Jack Sur,Inventory Associate,Female,39897.0,2023-10-07,Active,6139,Normal,Currently Working
102129,6142,Timothy Subramanian,Inventory Associate,Male,22797.0,2025-03-15,Active,6142,Normal,Currently Working
102130,6106,Falguni Mammen,Store Manager,Female,23006.0,2023-07-21,Resigned,6106,Normal,Resigned
102131,6070,Saksham Sharma,Delivery Rider,Female,49878.0,2024-03-16,On Leave,6070,Normal,On Leave
102132,6105,Gavin Ramesh,Packer,Male,20053.0,2025-02-17,Resigned,6105,Normal,Resigned
102133,6009,Vinaya Ben,Quality Checker,Unknown,16862.0,2024-09-27,Active,6009,Normal,Currently Working
102134,6093,Wishi Lall,Picker,Male,38424.5,2023-05-21,Resigned,6093,Normal,Resigned
102135,6149,Chandran Krish,Picker,Unknown,54871.0,2024-08-12,Active,6149,Normal,Currently Working
102136,6136,Faras Bora,Packer,Female,34620.0,2024-08-08,Active,6136,Normal,Currently Working
102137,6079,Upma Shan,Packer,Male,17017.0,2023-02-06,Active,6079,Normal,Currently Working
102138,6098,Ekanta Jha,Quality Checker,Female,14133.0,2024-04-11,Active,6098,Normal,Currently Working
102139,6079,Shravya Chaudry,Store Manager,Female,30509.0,2024-10-10,Active,6079,Normal,Currently Working
102140,6037,Sara Thaman,Packer,Female,49030.0,2025-11-26,Active,6037,Normal,Currently Working
102141,6105,Victor Gulati,Store Manager,Male,42748.0,2022-11-03,Active,6105,Normal,Currently Working
102142,6111,Gautam Dash,Delivery Rider,Female,21380.0,2024-06-03,Resigned,6111,Normal,Resigned
102143,6085,Tanish Bhalla,Picker,Male,40536.0,2024-11-08,Resigned,6085,Normal,Resigned
102144,6125,Lavanya Kanda,Delivery Rider,Unknown,52512.0,2022-12-08,Active,6125,Normal,Currently Working
102145,6089,Laban Ghosh,Picker,Female,53492.0,2025-08-27,Active,6089,Normal,Currently Working
102146,6050,Tamanna Oak,Packer,Male,49086.0,2026-07-15,On Leave,6050,Normal,On Leave
102147,6070,Zehaan Pau,Picker,Male,49038.0,2024-06-27,Active,6070,Normal,Currently Working
102148,6054,Aayush Dora,Quality Checker,Male,15627.0,2022-12-30,Active,6054,Normal,Currently Working
102149,6133,Ubika Gade,Delivery Rider,Male,34164.0,2026-01-06,Active,6133,Normal,Currently Working
102150,6097,Ekbal Chad,Picker,Male,56338.0,2023-02-03,Resigned,6097,Normal,Resigned
102151,6084,Manan D’Alia,Picker,Male,58506.0,2023-03-11,On Leave,6084,Normal,On Leave
102152,6104,Bachittar Vala,Picker,Unknown,23720.0,2026-03-21,Active,6104,Normal,Currently Working
102153,6136,Ladli Bedi,Picker,Male,41528.0,2024-08-02,Active,6136,Normal,Currently Working
102154,6063,Aadhya Jayaraman,Packer,Male,44853.0,2023-08-26,Active,6063,Normal,Currently Working
102155,6128,Dayamai Kadakia,Picker,Female,62986.0,2024-09-07,On Leave,6128,Normal,On Leave
102156,6111,Frado Saraf,Picker,Male,21616.0,2024-01-15,Active,6111,Normal,Currently Working
102157,6143,Bhanumati Mannan,Store Manager,Female,47902.0,2024-09-13,Active,6143,Normal,Currently Working
102158,6103,Osha Thakur,Picker,Male,54327.0,2025-08-30,Active,6103,Normal,Currently Working
102159,6148,Chaman Borde,Inventory Associate,Unknown,24864.0,2023-09-17,Active,6148,Normal,Currently Working
102160,6126,Chatura Mander,Delivery Rider,Male,44206.0,2025-05-19,Active,6126,Normal,Currently Working
102161,6008,Jacob Nagy,Delivery Rider,Female,27426.0,2024-02-01,Active,6008,Normal,Currently Working
102162,6139,Krisha Dada,Quality Checker,Male,22571.0,2024-11-11,Resigned,6139,Normal,Resigned
102163,7006,Mekhala Gill,Picker,Male,56992.0,2025-07-17,Active,6007,Normal,Currently Working
102164,6128,Mitali Bir,Quality Checker,Male,51517.0,2023-05-28,Active,6128,Normal,Currently Working
102165,6024,Divya Raj,Quality Checker,Male,60703.0,2023-11-08,Resigned,6024,Normal,Resigned
102166,6069,Ansh Gopal,Quality Checker,Male,41982.0,2024-04-16,On Leave,6069,Normal,On Leave
102167,6132,Ekta Batra,Delivery Rider,Male,31548.0,2026-04-15,Active,6132,Normal,Currently Working
102168,6127,Balvan Dubey,Inventory Associate,Female,60044.0,2022-09-22,Resigned,6127,Normal,Resigned
102169,6008,Jeremiah Wadhwa,Inventory Associate,Male,21136.0,2025-02-17,Active,6008,Normal,Currently Working
102170,6061,Divya Ganguly,Delivery Rider,Female,51013.0,2026-06-01,Resigned,6061,Normal,Resigned
102171,6119,Damini Mallick,Picker,Unknown,42268.0,2026-01-29,Active,6119,Normal,Currently Working
102172,6148,Chatura Modi,Delivery Rider,Male,16221.0,2024-04-05,On Leave,6148,Normal,On Leave
102173,6022,Chanchal Jain,Inventory Associate,Male,24770.0,2025-10-28,Active,6022,Normal,Currently Working
102174,6072,Thomas Balay,Store Manager,Female,25915.0,2025-08-17,Resigned,6072,Normal,Resigned
102175,6048,Matthew Palan,Delivery Rider,Male,22878.0,2025-03-26,Active,6048,Normal,Currently Working
102176,6067,Mohini Brahmbhatt,Inventory Associate,Female,49977.0,2023-04-08,Active,6067,Normal,Currently Working
102177,6074,Farhan Bath,Packer,Female,22273.0,2024-06-01,Active,6074,Normal,Currently Working
102178,6040,Ronith Shan,Packer,Female,30292.0,2025-07-27,Resigned,6040,Normal,Resigned
102179,6042,Logan Mani,Delivery Rider,Female,59972.0,2025-05-18,Resigned,6042,Normal,Resigned
102180,6104,Fiyaz Toor,Delivery Rider,Female,52996.0,2024-07-10,Resigned,6104,Normal,Resigned
102181,6065,Jasmit Bose,Quality Checker,Female,43420.0,2024-02-14,Active,6065,Normal,Currently Working
102182,6048,Lohit Som,Picker,Female,23006.0,2023-04-19,On Leave,6048,Normal,On Leave
102183,6111,Balveer Kala,Quality Checker,Male,42144.0,2024-10-21,Active,6111,Normal,Currently Working
102184,6102,Manbir Wable,Inventory Associate,Female,56925.0,2024-05-17,Resigned,6102,Normal,Resigned
102185,6077,Zilmil Raman,Packer,Female,32628.0,2025-03-16,Active,6077,Normal,Currently Working
102186,6057,Vansha Randhawa,Picker,Male,19905.0,2025-02-03,Active,6057,Normal,Currently Working
102187,6089,Gaurika Ramachandran,Store Manager,Male,53295.0,2025-12-22,Active,6089,Normal,Currently Working
102188,6065,Vanya Vohra,Packer,Female,50704.0,2026-02-23,Active,6065,Normal,Currently Working
102189,6098,Aarnav Cherian,Packer,Female,40224.0,2024-09-06,Active,6098,Normal,Currently Working
102190,6076,Bishakha Rau,Store Manager,Unknown,44100.0,2025-02-09,On Leave,6076,Normal,On Leave
102191,6046,Pahal Bumb,Picker,Male,18261.0,2024-06-08,Active,6046,Normal,Currently Working
102192,6026,Ekanta Hegde,Delivery Rider,Male,25390.0,2026-03-13,Active,6026,Normal,Currently Working
102193,6095,Faraj Lad,Inventory Associate,Female,53909.0,2025-10-15,Active,6095,Normal,Currently Working
102194,6022,Ekanta Bassi,Picker,Male,50230.0,2023-11-26,On Leave,6022,Normal,On Leave
102195,6079,Kalpit Ramanathan,Inventory Associate,Male,24376.0,2024-12-27,Active,6079,Normal,Currently Working
102196,6126,Christopher Majumdar,Packer,Male,37570.0,2026-03-24,Resigned,6126,Normal,Resigned
102197,6085,Jagat Arya,Store Manager,Male,32366.0,2024-04-04,Resigned,6085,Normal,Resigned
102198,6100,Omisha Nigam,Inventory Associate,Female,45234.0,2023-12-22,Resigned,6100,Normal,Resigned
102199,6085,Pratyush Shenoy,Packer,Male,43655.0,2025-10-04,Active,6085,Normal,Currently Working
102200,6035,Owen Dhillon,Packer,Female,18322.0,2025-10-23,Active,6035,Normal,Currently Working
102201,6101,Jhalak Shenoy,Picker,Male,38334.0,2024-01-10,Active,6101,Normal,Currently Working
102202,6080,Pooja Nadig,Delivery Rider,Female,39424.5,2023-12-02,Active,6080,Normal,Currently Working
102203,6055,Ojasvi Doshi,Delivery Rider,Unknown,48583.0,2024-04-25,Active,6055,Normal,Currently Working
102204,6012,Chandresh Konda,Packer,Female,15815.0,2025-09-06,Resigned,6012,Normal,Resigned
102205,6053,Amaira Murthy,Delivery Rider,Male,20944.0,2025-07-25,Resigned,6053,Normal,Resigned
102206,6132,Kamala Lad,Delivery Rider,Male,27935.0,2025-04-29,Active,6132,Normal,Currently Working
102207,6141,Omaja Deep,Store Manager,Male,37679.0,2024-06-18,On Leave,6141,Normal,On Leave
102208,6017,Pahal Verma,Delivery Rider,Female,61238.0,2026-03-24,Active,6017,Normal,Currently Working
102209,6075,Patrick Mannan,Quality Checker,Male,44857.0,2026-01-23,On Leave,6075,Normal,On Leave
102210,6148,Meghana Chada,Delivery Rider,Female,64373.0,2022-09-07,Active,6148,Normal,Currently Working
102211,6137,Nathaniel Parmer,Picker,Male,25664.0,2024-07-10,Active,6137,Normal,Currently Working
102212,6088,Krishna Padmanabhan,Inventory Associate,Female,36506.0,2023-03-04,Active,6088,Normal,Currently Working
102213,6119,Ryan Rastogi,Quality Checker,Male,54491.0,2025-04-27,Active,6119,Normal,Currently Working
102214,6142,Kritika Mall,Picker,Female,57290.0,2024-01-15,Resigned,6142,Normal,Resigned
102215,6066,Hardik Krishnan,Delivery Rider,Male,55985.0,2025-09-21,Active,6066,Normal,Currently Working
102216,6074,Advaith Ray,Packer,Female,27969.0,2026-03-12,Active,6074,Normal,Currently Working
102217,6045,Sai Savant,Delivery Rider,Male,39404.0,2025-04-29,Resigned,6045,Normal,Resigned
102218,6116,Anirudh Nayar,Quality Checker,Female,64762.0,2023-01-10,Resigned,6116,Normal,Resigned
102219,6025,Maanas Bhatt,Quality Checker,Female,62895.0,2026-05-25,Active,6025,Normal,Currently Working
102220,6005,Advik Kari,Quality Checker,Female,28496.0,2024-04-01,Active,6005,Normal,Currently Working
102221,6010,Matthew Apte,Quality Checker,Male,38814.0,2024-05-06,Active,6010,Normal,Currently Working
102222,6036,Aahana Sibal,Picker,Female,62761.0,2024-12-05,Active,6036,Normal,Currently Working
102223,6044,Pratyush Mane,Picker,Female,18164.0,2024-03-30,Resigned,6044,Normal,Resigned
102224,6006,Yahvi Khalsa,Delivery Rider,Male,24425.0,2025-03-23,Active,6006,Normal,Currently Working
102225,6122,Yamini Goswami,Delivery Rider,Male,58681.0,2025-09-02,Resigned,6122,Normal,Resigned
102226,6007,Champak Kata,Delivery Rider,Female,31320.0,2022-11-08,Active,6007,Normal,Currently Working
102227,6089,Balendra Patla,Delivery Rider,Female,35647.0,2026-01-10,Resigned,6089,Normal,Resigned
102228,6022,Dominic Lata,Quality Checker,Female,55885.0,2023-02-09,Active,6022,Normal,Currently Working
102229,6073,Rishi Rout,Picker,Male,50033.0,2026-04-04,Resigned,6073,Normal,Resigned
102230,6148,Eiravati Bhasin,Picker,Female,16108.0,2025-11-17,On Leave,6148,Normal,On Leave
102231,6046,Ikshita Ramachandran,Quality Checker,Male,41984.0,2023-11-22,Resigned,6046,Normal,Resigned
102232,6030,Daksha Dyal,Inventory Associate,Female,28371.0,2024-06-26,Resigned,6030,Normal,Resigned
102233,6011,Yashica Setty,Picker,Female,50133.0,2024-03-24,Resigned,6011,Normal,Resigned
102234,6142,Vaishnavi Bobal,Quality Checker,Male,62900.0,2023-01-26,Active,6142,Normal,Currently Working
102235,6039,Osha Luthra,Delivery Rider,Male,17530.0,2023-10-27,Resigned,6039,Normal,Resigned
102236,6003,Varsha Sane,Delivery Rider,Male,52988.0,2024-09-24,Active,6003,Normal,Currently Working
102237,6111,Hemal Goda,Picker,Female,17526.0,2024-04-14,Active,6111,Normal,Currently Working
102238,6119,Vrinda Savant,Picker,Female,44825.0,2023-08-28,Active,6119,Normal,Currently Working
102239,6083,Utkarsh Bajwa,Inventory Associate,Female,14952.0,2024-05-28,Active,6083,Normal,Currently Working
102240,6032,Dayita Walla,Packer,Female,18645.0,2025-08-16,Active,6032,Normal,Currently Working
102241,6072,Damini Rattan,Picker,Female,53694.0,2024-08-26,Active,6072,Normal,Currently Working
102242,6100,Chatura Baral,Delivery Rider,Male,61716.0,2024-11-25,Resigned,6100,Normal,Resigned
102243,6072,Hemang Madan,Delivery Rider,Male,48382.0,2026-11-02,Active,6072,Normal,Joining in Future
102244,6104,Bimala Sarraf,Inventory Associate,Male,56107.0,2024-09-13,Active,6104,Normal,Currently Working
102245,6055,Agastya Sampath,Packer,Male,33359.0,2023-04-26,Resigned,6055,Normal,Resigned
102246,6048,Advaith Manda,Delivery Rider,Female,23327.0,2023-01-21,On Leave,6048,Normal,On Leave
102247,6075,Hemangini Chaudhuri,Packer,Female,29425.0,2022-08-24,Resigned,6075,Normal,Resigned
102248,6130,Aarini Pant,Inventory Associate,Male,55321.0,2023-01-16,On Leave,6130,Normal,On Leave
102249,6019,Hardik Srinivasan,Inventory Associate,Female,41823.0,2022-11-25,Active,6019,Normal,Currently Working
102250,6044,Ishita Kanda,Store Manager,Male,30770.0,2023-09-13,Active,6044,Normal,Currently Working
102251,6147,Mahika Chauhan,Inventory Associate,Male,40106.5,2025-11-24,Active,6147,Normal,Currently Working
102252,6123,Isaiah Kade,Packer,Female,52469.0,2022-10-17,Active,6123,Normal,Currently Working
102253,6122,Adweta Barman,Packer,Male,19612.0,2024-04-19,On Leave,6122,Normal,On Leave
102254,6081,Nimrat Raman,Quality Checker,Male,43454.0,2024-10-01,Active,6081,Normal,Currently Working
102255,6149,Saanvi Natt,Delivery Rider,Unknown,15106.0,2024-02-07,Active,6149,Normal,Currently Working
102256,6060,Jhalak Goel,Picker,Male,20335.0,2023-04-22,Active,6060,Normal,Currently Working
102257,6008,Anamika Peri,Packer,Male,35550.0,2024-05-07,Active,6008,Normal,Currently Working
102258,6035,Krishna Om,Inventory Associate,Female,60513.0,2024-08-31,Active,6035,Normal,Currently Working
102259,6134,Udant Kapoor,Inventory Associate,Female,15134.0,2023-06-08,Active,6134,Normal,Currently Working
102260,6086,Logan Chana,Quality Checker,Male,32604.0,2024-11-23,Active,6086,Normal,Currently Working
102261,6080,Daksha Saraf,Inventory Associate,Male,51852.0,2025-12-16,Resigned,6080,Normal,Resigned
102262,6138,Jyoti Thaman,Picker,Female,46221.0,2025-09-06,Active,6138,Normal,Currently Working
102263,6046,Chanakya Rajagopalan,Delivery Rider,Male,36492.0,2025-09-20,Active,6046,Normal,Currently Working
102264,6123,Niharika Saran,Delivery Rider,Male,49509.0,2023-12-11,On Leave,6123,Normal,On Leave
102265,6034,Chakradev Pillay,Picker,Male,14268.0,2025-01-09,Active,6034,Normal,Currently Working
102266,6088,Unnati Sampath,Quality Checker,Male,27572.0,2026-03-09,Active,6088,Normal,Currently Working
102267,6061,Urvashi Ratta,Picker,Male,40697.0,2025-11-05,Active,6061,Normal,Currently Working
102268,6114,Irya Minhas,Store Manager,Female,15569.0,2026-07-14,On Leave,6114,Normal,On Leave
102269,6148,Nirja Agate,Store Manager,Female,38812.0,2025-01-21,Active,6148,Normal,Currently Working
102270,6041,Sai Sood,Quality Checker,Female,52546.0,2023-02-02,Active,6041,Normal,Currently Working
102271,6087,Brinda Balan,Picker,Male,28936.0,2024-07-03,Active,6087,Normal,Currently Working
102272,6007,Varsha Batta,Picker,Male,19337.0,2026-05-05,Active,6007,Normal,Currently Working
102273,6010,Daniel Varty,Delivery Rider,Male,44088.0,2024-08-03,Resigned,6010,Normal,Resigned
102274,6141,Wazir Sankar,Quality Checker,Female,38401.0,2023-07-09,Active,6141,Normal,Currently Working
102275,6124,Harshil Saran,Store Manager,Male,25533.0,2023-01-02,Active,6124,Normal,Currently Working
102276,6002,Azaan Mand,Delivery Rider,Female,56558.0,2023-10-16,Active,6002,Normal,Currently Working
102277,6044,Oliver Bakshi,Delivery Rider,Unknown,39424.5,2023-09-25,On Leave,6044,Normal,On Leave
102278,6030,Ubika Varughese,Quality Checker,Female,16019.0,2025-04-19,Active,6030,Normal,Currently Working
102279,6088,Faqid Pandey,Inventory Associate,Female,39689.0,2024-05-01,Active,6088,Normal,Currently Working
102280,6146,Rachit Chacko,Delivery Rider,Female,27445.0,2023-12-09,Active,6146,Normal,Currently Working
102281,6056,Advaith Goda,Delivery Rider,Male,18152.0,2025-12-19,Active,6056,Normal,Currently Working
102282,6133,Karan Tiwari,Picker,Unknown,63308.0,2024-04-01,Resigned,6133,Normal,Resigned
102283,6120,Ganga Dixit,Delivery Rider,Female,30065.0,2024-06-23,Resigned,6120,Normal,Resigned
102284,6033,Ojas Basak,Quality Checker,Female,25465.0,2022-09-12,Active,6033,Normal,Currently Working
102285,6075,Yamini Banik,Picker,Female,19699.0,2024-09-23,Active,6075,Normal,Currently Working
102286,6100,Kritika Ganesh,Delivery Rider,Female,58491.0,2025-08-15,Active,6100,Normal,Currently Working
102287,6006,Nilima Sarma,Picker,Female,33437.0,2025-06-06,Active,6006,Normal,Currently Working
102288,6138,Max Pathak,Inventory Associate,Female,58920.0,2023-02-04,Resigned,6138,Normal,Resigned
102289,6088,Maanav Lanka,Quality Checker,Female,50231.0,2023-12-17,Active,6088,Normal,Currently Working
102290,6121,Wridesh Halder,Delivery Rider,Female,27254.0,2023-02-15,Resigned,6121,Normal,Resigned
102291,6027,Ekansh Desai,Quality Checker,Female,27780.0,2024-05-22,On Leave,6027,Normal,On Leave
102292,6080,Finn Dey,Picker,Male,40865.0,2023-07-07,On Leave,6080,Normal,On Leave
102293,6128,Darpan Rajan,Packer,Male,63338.0,2025-06-30,Active,6128,Normal,Currently Working
102294,6005,Bina Bhat,Packer,Female,34555.0,2025-04-02,On Leave,6005,Normal,On Leave
102295,6082,Tamanna Padmanabhan,Packer,Male,33128.0,2024-06-11,Active,6082,Normal,Currently Working
102296,6150,Chaitanya Dey,Delivery Rider,Female,52129.0,2026-04-22,Active,6150,Normal,Currently Working
102297,6080,Rajeshri Varty,Quality Checker,Female,43450.0,2025-10-07,On Leave,6080,Normal,On Leave
102298,6016,Oscar Suri,Delivery Rider,Female,49470.0,2023-04-03,Active,6016,Normal,Currently Working
102299,6029,Zashil Saraf,Store Manager,Male,53922.0,2025-10-24,Active,6029,Normal,Currently Working
102300,6048,Sathvik Mander,Picker,Male,31904.0,2026-07-06,Active,6048,Normal,Currently Working
102301,6023,Darika Mahal,Quality Checker,Male,53946.0,2024-04-23,Active,6023,Normal,Currently Working
102302,6101,Upasna Koshy,Picker,Female,38584.0,2024-08-29,Active,6101,Normal,Currently Working
102303,6048,Chaaya Dutt,Packer,Female,21341.0,2023-12-02,Active,6048,Normal,Currently Working
102304,6140,Yatan Lal,Inventory Associate,Female,31792.0,2024-05-21,Resigned,6140,Normal,Resigned
102305,6076,Dhruv Ramesh,Delivery Rider,Male,52478.0,2024-10-14,Resigned,6076,Normal,Resigned
102306,6056,Diya Goyal,Quality Checker,Female,51496.0,2024-04-12,Active,6056,Normal,Currently Working
102307,6149,Imaran Sankaran,Store Manager,Male,46982.0,2026-08-10,Active,6149,Normal,Currently Working
102308,6001,Yamini Sahota,Store Manager,Male,30800.0,2023-09-12,On Leave,6001,Normal,On Leave
102309,6074,Chameli Sen,Picker,Male,63821.0,2024-09-13,Resigned,6074,Normal,Resigned
102310,6150,Damini Vig,Delivery Rider,Male,38564.0,2026-07-22,Active,6150,Normal,Currently Working
102311,6082,Kiaan Parmar,Quality Checker,Male,38612.0,2024-10-15,Active,6082,Normal,Currently Working
102312,6013,Madhavi Hans,Delivery Rider,Male,26886.0,2024-04-25,Resigned,6013,Normal,Resigned
102313,6047,Sanya Nanda,Inventory Associate,Female,17535.0,2023-03-22,Resigned,6047,Normal,Resigned
102314,6084,Ubika Vohra,Store Manager,Male,60716.0,2025-06-17,Resigned,6084,Normal,Resigned
102315,6027,Ansh Bhavsar,Delivery Rider,Female,41671.0,2026-06-19,Active,6027,Normal,Currently Working
102316,6107,Sara Trivedi,Delivery Rider,Male,56116.0,2024-11-05,Active,6107,Normal,Currently Working
102317,6119,Raghav Reddy,Store Manager,Male,38457.0,2024-05-06,Active,6119,Normal,Currently Working
102318,6074,Janya Kalla,Inventory Associate,Female,49577.0,2024-04-24,Active,6074,Normal,Currently Working
102319,7006,Janani Varghese,Delivery Rider,Female,43236.0,2024-06-23,On Leave,6007,Normal,On Leave
102320,6048,Vihaan Salvi,Delivery Rider,Female,17871.0,2024-01-22,On Leave,6048,Normal,On Leave
102321,6098,Xavier Kaur,Quality Checker,Male,32681.0,2024-06-14,Active,6098,Normal,Currently Working
102322,6041,Ati Wagle,Delivery Rider,Male,35268.0,2023-08-26,Active,6041,Normal,Currently Working
102323,6011,Arin Kibe,Delivery Rider,Unknown,52520.0,2025-09-24,Active,6011,Normal,Currently Working
102324,6143,Dayita Mohanty,Store Manager,Male,59132.0,2024-09-21,Resigned,6143,Normal,Resigned
102325,6071,Yashawini Gokhale,Delivery Rider,Male,49762.0,2025-12-03,Resigned,6071,Normal,Resigned
102326,6041,Vihaan Palla,Quality Checker,Male,59804.0,2024-04-10,Active,6041,Normal,Currently Working
102327,6090,Jhalak Gour,Quality Checker,Female,61746.0,2024-03-29,Active,6090,Normal,Currently Working
102328,6139,Charita Khalsa,Packer,Male,27335.0,2023-03-20,Resigned,6139,Normal,Resigned
102329,6038,Liam Arya,Delivery Rider,Male,46532.0,2025-09-15,Resigned,6038,Normal,Resigned
102330,6050,Yachana Subramaniam,Inventory Associate,Unknown,46472.0,2026-07-08,Active,6050,Normal,Currently Working
102331,6149,Kritika Chawla,Quality Checker,Female,39702.5,2023-06-28,Resigned,6149,Normal,Resigned
102332,6070,Ekantika Saraf,Picker,Male,39348.0,2025-05-27,Active,6070,Normal,Currently Working
102333,6089,Hemangini Swamy,Quality Checker,Female,42775.0,2023-01-22,Active,6089,Normal,Currently Working
102334,6118,Pranit Suri,Packer,Unknown,57320.0,2023-05-25,Active,6118,Normal,Currently Working
102335,6104,Warjas Balakrishnan,Quality Checker,Male,18330.0,2024-05-25,Active,6104,Normal,Currently Working
102336,6001,Raagini Kala,Picker,Female,22264.0,2025-07-23,Active,6001,Normal,Currently Working
102337,6026,Aarna Ratta,Store Manager,Male,35023.0,2024-04-05,Active,6026,Normal,Currently Working
102338,6130,Luke Babu,Picker,Male,34913.0,2024-07-18,Active,6130,Normal,Currently Working
102339,6128,Jeevika Merchant,Delivery Rider,Female,31452.0,2023-01-14,Active,6128,Normal,Currently Working
102340,6089,Kala Rastogi,Delivery Rider,Male,45449.0,2026-06-27,Active,6089,Normal,Currently Working
102341,6023,Ekavir Sabharwal,Packer,Female,51320.0,2024-10-17,Active,6023,Normal,Currently Working
102342,6040,Omaja Kashyap,Picker,Male,41601.0,2025-11-04,Active,6040,Normal,Currently Working
102343,6061,Kalpit Ratta,Delivery Rider,Male,28575.0,2023-05-27,Resigned,6061,Normal,Resigned
102344,6141,Utkarsh Bala,Delivery Rider,Female,44573.0,2025-03-26,Active,6141,Normal,Currently Working
102345,6127,Omisha Bhagat,Packer,Male,25844.0,2023-07-06,Resigned,6127,Normal,Resigned
102346,7003,Qarin Garde,Delivery Rider,Male,41691.0,2023-03-10,Active,6004,Normal,Currently Working
102347,6102,Sudiksha Bhardwaj,Quality Checker,Female,52894.0,2025-09-04,Active,6102,Normal,Currently Working
102348,6098,Ekaja Shankar,Picker,Male,58570.0,2023-06-14,Resigned,6098,Normal,Resigned
102349,6107,Jhalak Lata,Delivery Rider,Female,28084.0,2024-02-11,On Leave,6107,Normal,On Leave
102350,6026,Omisha Sant,Packer,Female,23753.0,2024-04-11,Resigned,6026,Normal,Resigned
102351,6117,Mitesh Pal,Packer,Unknown,51129.0,2025-03-19,Active,6117,Normal,Currently Working
102352,6106,Unni Dass,Inventory Associate,Female,20510.0,2023-07-19,Active,6106,Normal,Currently Working
102353,6131,Oviya Sarkar,Picker,Unknown,64898.0,2022-10-03,Active,6131,Normal,Currently Working
102354,6102,Adweta Kalita,Packer,Male,45400.0,2023-12-17,On Leave,6102,Normal,On Leave
102355,6019,Logan Sami,Quality Checker,Unknown,22856.0,2023-10-09,On Leave,6019,Normal,On Leave
102356,6039,Amara Konda,Delivery Rider,Female,55072.0,2023-05-07,Active,6039,Normal,Currently Working
102357,6098,Siddharth Saha,Picker,Female,59342.0,2024-08-18,Active,6098,Normal,Currently Working
102358,6119,Orinder Bhalla,Delivery Rider,Male,18624.0,2023-09-01,Resigned,6119,Normal,Resigned
102359,6038,Osha De,Delivery Rider,Female,14751.0,2025-10-10,Resigned,6038,Normal,Resigned
102360,6144,Henry Chacko,Delivery Rider,Male,35832.0,2024-08-02,Active,6144,Normal,Currently Working
102361,6061,Anika Shenoy,Delivery Rider,Male,26597.0,2025-06-20,On Leave,6061,Normal,On Leave
102362,6089,Faraj Pandey,Store Manager,Male,44801.0,2023-08-15,On Leave,6089,Normal,On Leave
102363,6020,Udyati Baral,Quality Checker,Female,50061.0,2025-01-25,Active,6020,Normal,Currently Working
102364,6108,Caleb Dani,Quality Checker,Male,40388.0,2023-11-07,Resigned,6108,Normal,Resigned
102365,6063,Warhi Manne,Store Manager,Male,44484.0,2024-02-24,Active,6063,Normal,Currently Working
102366,6038,Jack Dalal,Inventory Associate,Male,29125.0,2026-03-04,Active,6038,Normal,Currently Working
102367,6086,Adweta Mody,Store Manager,Unknown,42310.0,2026-02-14,Active,6086,Normal,Currently Working
102368,6086,Vasana Choudhary,Delivery Rider,Unknown,45794.0,2024-05-14,Resigned,6086,Normal,Resigned
102369,6052,Zarna Palla,Delivery Rider,Female,22613.0,2025-06-26,On Leave,6052,Normal,On Leave
102370,6062,Pooja Zachariah,Packer,Female,62713.0,2024-02-13,Resigned,6062,Normal,Resigned
102371,6144,Yamini Bakshi,Picker,Female,39155.0,2024-04-15,Active,6144,Normal,Currently Working
102372,6049,Qadim Narang,Picker,Male,45706.0,2024-05-10,Active,6049,Normal,Currently Working
102373,6027,Nitara Bhalla,Delivery Rider,Female,50553.0,2023-03-05,Active,6027,Normal,Currently Working
102374,6133,Ladli Gola,Quality Checker,Female,15019.0,2024-04-21,Resigned,6133,Normal,Resigned
102375,6109,Chakradhar Pai,Packer,Female,42660.0,2026-04-29,Active,6109,Normal,Currently Working
102376,6029,Meghana Randhawa,Quality Checker,Male,39702.5,2024-10-12,Resigned,6029,Normal,Resigned
102377,6142,Bhavika Parsa,Store Manager,Female,17307.0,2026-05-25,Active,6142,Normal,Currently Working
102378,6117,Aadhya Singhal,Picker,Female,32948.0,2023-10-08,Resigned,6117,Normal,Resigned
102379,6138,Riya Aurora,Picker,Unknown,36064.0,2023-11-01,Resigned,6138,Normal,Resigned
102380,6028,George Wadhwa,Quality Checker,Female,52502.0,2024-02-03,Resigned,6028,Normal,Resigned
102381,6089,Aarav Chowdhury,Delivery Rider,Female,28248.0,2023-12-24,Active,6089,Normal,Currently Working
102382,6055,Yamini Chahal,Store Manager,Female,34522.0,2022-10-24,Resigned,6055,Normal,Resigned
102383,6088,Vaishnavi Biswas,Store Manager,Female,45210.0,2025-06-23,Active,6088,Normal,Currently Working
102384,6122,Gavin Ahuja,Quality Checker,Female,60689.0,2023-11-13,Resigned,6122,Normal,Resigned
102385,6037,Kavya Panchal,Picker,Male,22845.0,2022-11-10,Resigned,6037,Normal,Resigned
102386,6095,Anusha Deol,Delivery Rider,Male,30691.0,2023-08-19,Active,6095,Normal,Currently Working
102387,6114,Mahika Sharma,Picker,Female,20938.0,2025-09-19,On Leave,6114,Normal,On Leave
102388,6030,Rachita Oak,Delivery Rider,Female,38425.0,2025-09-17,Resigned,6030,Normal,Resigned
102389,6081,Kamya Mahal,Quality Checker,Male,49424.0,2024-06-03,Active,6081,Normal,Currently Working
102390,6131,Advika Gill,Picker,Female,42189.0,2025-01-01,Active,6131,Normal,Currently Working
102391,6038,Rachita Mittal,Delivery Rider,Male,59798.0,2026-03-20,Resigned,6038,Normal,Resigned
102392,6039,Shivani Mani,Store Manager,Female,60013.0,2023-11-29,Active,6039,Normal,Currently Working
102393,6078,Ria Verma,Store Manager,Male,56392.0,2026-06-25,Active,6078,Normal,Currently Working
102394,6009,Chameli Mangal,Delivery Rider,Male,29433.0,2024-07-02,Resigned,6009,Normal,Resigned
102395,6025,Qadim Chaudry,Delivery Rider,Female,39511.0,2025-06-18,Active,6025,Normal,Currently Working
102396,6113,Neelima Murty,Store Manager,Male,54754.0,2023-09-07,On Leave,6113,Normal,On Leave
102397,6136,Aarush Andra,Quality Checker,Male,52934.0,2026-05-10,Active,6136,Normal,Currently Working
102398,6120,Qadim Saini,Quality Checker,Unknown,46008.0,2025-01-31,Active,6120,Normal,Currently Working
102399,6078,Eshana Aurora,Store Manager,Female,58717.0,2022-09-25,Resigned,6078,Normal,Resigned
102400,6092,Vyanjana Shankar,Inventory Associate,Female,28479.0,2024-10-15,Active,6092,Normal,Currently Working
102401,6075,Upma Pillai,Delivery Rider,Unknown,38483.0,2026-07-09,Active,6075,Normal,Currently Working
102402,6022,Odika Chad,Picker,Male,38424.5,2022-12-17,Resigned,6022,Normal,Resigned
102403,6055,Eesha Seshadri,Picker,Male,20862.0,2023-04-21,Active,6055,Normal,Currently Working
102404,6068,Gautami Natarajan,Quality Checker,Male,57014.0,2026-04-30,Resigned,6068,Normal,Resigned
102405,6010,Gopal Venkataraman,Picker,Male,59967.0,2022-08-24,Active,6010,Normal,Currently Working
102406,6022,Falak Walla,Picker,Male,57380.0,2023-06-25,Resigned,6022,Normal,Resigned
102407,6035,Ojasvi Nigam,Inventory Associate,Male,47782.0,2025-01-22,Resigned,6035,Normal,Resigned
102408,6133,Jagvi Sane,Packer,Unknown,21379.0,2025-11-02,Active,6133,Normal,Currently Working
102409,6122,Ekavir Sami,Inventory Associate,Female,40106.5,2025-05-01,Active,6122,Normal,Currently Working
102410,6029,Zansi Chaudhry,Delivery Rider,Male,23687.0,2024-01-14,Resigned,6029,Normal,Resigned
102411,6144,Onkar Narayan,Delivery Rider,Female,60785.0,2022-12-01,Active,6144,Normal,Currently Working
102412,6010,Devansh Prabhu,Store Manager,Male,37936.0,2023-10-05,Active,6010,Normal,Currently Working
102413,6075,Nandini Apte,Quality Checker,Female,29156.0,2024-10-04,Active,6075,Normal,Currently Working
102414,6142,Girish Goyal,Quality Checker,Female,43734.0,2024-10-27,On Leave,6142,Normal,On Leave
102415,6079,Gaurav Biswas,Quality Checker,Female,61191.0,2025-05-31,Active,6079,Normal,Currently Working
102416,6125,Ojasvi Chadha,Picker,Male,20441.0,2023-10-08,Active,6125,Normal,Currently Working
102417,6063,Wyatt Thakkar,Delivery Rider,Male,34743.0,2024-12-03,Active,6063,Normal,Currently Working
102418,6135,Qushi Mody,Quality Checker,Male,48290.0,2024-06-09,On Leave,6135,Normal,On Leave
102419,6038,Alka Dewan,Delivery Rider,Female,20838.0,2025-05-07,Active,6038,Normal,Currently Working
102420,6051,Udarsh Patla,Store Manager,Female,32463.0,2025-08-13,Active,6051,Normal,Currently Working
102421,6109,Jagat Krishnamurthy,Quality Checker,Female,61993.0,2022-10-07,Active,6109,Normal,Currently Working
102422,6032,Charan Roy,Packer,Male,63897.0,2025-04-17,Resigned,6032,Normal,Resigned
102423,6006,Zaid Subramanian,Picker,Male,21689.0,2023-11-07,Active,6006,Normal,Currently Working
102424,6008,Upkaar Kale,Delivery Rider,Male,41021.0,2023-11-27,Active,6008,Normal,Currently Working
102425,6145,Maanav Dutt,Delivery Rider,Female,42799.0,2023-12-10,Resigned,6145,Normal,Resigned
102426,6100,Hemangini Sachdev,Quality Checker,Female,27746.0,2023-01-11,Resigned,6100,Normal,Resigned
102427,6057,Noah Bhalla,Picker,Female,25930.0,2024-03-24,On Leave,6057,Normal,On Leave
102428,6060,Yadavi Agate,Quality Checker,Male,47309.0,2025-07-10,Resigned,6060,Normal,Resigned
102429,6060,Odika Oommen,Delivery Rider,Female,61714.0,2023-10-09,Resigned,6060,Normal,Resigned
102430,6023,Radha Kamdar,Delivery Rider,Unknown,19579.0,2025-07-28,Active,6023,Normal,Currently Working
102431,6058,Tripti Wadhwa,Picker,Female,47505.0,2023-12-25,Active,6058,Normal,Currently Working
102432,6069,Januja Subramaniam,Delivery Rider,Unknown,33934.0,2022-11-29,Active,6069,Normal,Currently Working
102433,6106,Dalaja Parmer,Delivery Rider,Female,25271.0,2026-08-14,Resigned,6106,Normal,Resigned
102434,6014,Daksha Minhas,Picker,Male,27576.0,2024-08-10,Active,6014,Normal,Currently Working
102435,6125,Pooja Gera,Quality Checker,Male,46495.0,2023-05-06,On Leave,6125,Normal,On Leave
102436,6076,Vasana Chakrabarti,Delivery Rider,Unknown,57875.0,2024-05-11,Resigned,6076,Normal,Resigned
102437,6073,Yuvraj Bhandari,Picker,Male,64986.0,2023-01-15,Resigned,6073,Normal,Resigned
102438,6115,Baljiwan Thakkar,Delivery Rider,Male,46890.0,2022-10-13,Resigned,6115,Normal,Resigned
102439,6045,Chaitanya Devan,Delivery Rider,Male,47886.0,2024-04-11,Active,6045,Normal,Currently Working
102440,6053,Sanaya Lad,Delivery Rider,Male,23159.0,2022-11-05,Active,6053,Normal,Currently Working
102441,6056,Gaurika Chada,Store Manager,Unknown,51334.0,2023-12-26,Resigned,6056,Normal,Resigned
102442,6113,Oviya Ahluwalia,Delivery Rider,Female,50173.0,2023-12-17,Active,6113,Normal,Currently Working
102443,6024,Madhavi Ganesan,Delivery Rider,Male,47679.0,2024-03-25,Active,6024,Normal,Currently Working
102444,6060,Lopa Wali,Picker,Female,62061.0,2022-09-22,Resigned,6060,Normal,Resigned
102445,6141,Neha Mangat,Delivery Rider,Male,16149.0,2025-06-14,Active,6141,Normal,Currently Working
102446,6108,Hemal Bakshi,Delivery Rider,Male,49375.0,2025-11-22,Active,6108,Normal,Currently Working
102447,6036,Keya Lalla,Delivery Rider,Male,30265.0,2022-10-20,Active,6036,Normal,Currently Working
102448,6150,Yashvi Bhandari,Packer,Female,40162.0,2023-05-14,On Leave,6150,Normal,On Leave
102449,6126,Omaja Kalla,Delivery Rider,Female,25942.0,2023-07-05,Resigned,6126,Normal,Resigned
102450,6091,Gaurika Mistry,Inventory Associate,Female,24774.0,2024-01-18,Active,6091,Normal,Currently Working
102451,6044,Advaith Dara,Picker,Female,17246.0,2023-08-24,Active,6044,Normal,Currently Working
102452,6075,Devika Rajagopal,Picker,Female,17204.0,2023-07-25,Active,6075,Normal,Currently Working
102453,6002,Ekanta Rama,Quality Checker,Male,16004.0,2026-01-21,Active,6002,Normal,Currently Working
102454,6123,Yashvi Suri,Picker,Male,55697.0,2024-01-14,Resigned,6123,Normal,Resigned
102455,6004,Jatin Mall,Inventory Associate,Female,56655.0,2024-08-27,Resigned,6004,Normal,Resigned
102456,6107,Yashvi Parsa,Inventory Associate,Male,17817.0,2025-10-26,Active,6107,Normal,Currently Working
102457,6090,Tarak Kunda,Store Manager,Unknown,47613.0,2026-10-05,Resigned,6090,Normal,Resigned
102458,6007,Hredhaan Memon,Inventory Associate,Female,15396.0,2025-09-26,On Leave,6007,Normal,On Leave
102459,6112,Yamini Garg,Store Manager,Female,38812.0,2026-08-15,Resigned,6112,Normal,Resigned
102460,6142,Warda Venkatesh,Picker,Male,20386.0,2025-08-13,Active,6142,Normal,Currently Working
102461,6045,Wyatt Padmanabhan,Picker,Male,20208.0,2024-09-05,Active,6045,Normal,Currently Working
102462,6137,Wyatt Gade,Delivery Rider,Male,45106.0,2023-02-28,Active,6137,Normal,Currently Working
102463,6052,Pranit Venkataraman,Store Manager,Male,26194.0,2023-08-01,Active,6052,Normal,Currently Working
102464,6144,Indrajit Bhatnagar,Picker,Female,33480.0,2023-05-31,Active,6144,Normal,Currently Working
102465,6116,Advay Trivedi,Picker,Female,17498.0,2023-07-18,Resigned,6116,Normal,Resigned
102466,6048,Anya Goyal,Quality Checker,Male,46958.0,2023-08-09,On Leave,6048,Normal,On Leave
102467,6093,Timothy Chada,Store Manager,Male,46487.0,2024-09-27,Active,6093,Normal,Currently Working
102468,6058,Charvi Saran,Picker,Male,62285.0,2022-10-13,Active,6058,Normal,Currently Working
102469,6126,Vaishnavi Nagarajan,Quality Checker,Female,44561.0,2024-09-12,Active,6126,Normal,Currently Working
102470,6126,Saksham Sethi,Delivery Rider,Female,40284.0,2025-11-11,Active,6126,Normal,Currently Working
102471,6018,Gaurav Narayan,Delivery Rider,Male,39424.5,2026-05-16,Active,6018,Normal,Currently Working
102472,6107,Rachita Mahajan,Quality Checker,Female,18902.0,2023-12-26,Active,6107,Normal,Currently Working
102473,6036,Chanchal Sandal,Packer,Male,34846.0,2025-08-05,Resigned,6036,Normal,Resigned
102474,6054,Jack Mistry,Picker,Female,51972.0,2025-08-05,Resigned,6054,Normal,Resigned
102475,6083,Ucchal Sathe,Picker,Male,32216.0,2025-02-04,Active,6083,Normal,Currently Working
102476,6036,Laksh Mohan,Inventory Associate,Female,61606.0,2024-12-28,Active,6036,Normal,Currently Working
102477,6091,Bhavini Wagle,Delivery Rider,Male,41452.0,2025-08-12,Resigned,6091,Normal,Resigned
102478,6002,Victor Agarwal,Delivery Rider,Male,32553.0,2024-08-25,Active,6002,Normal,Currently Working
102479,6016,Arya Bath,Packer,Male,25808.0,2025-08-15,On Leave,6016,Normal,On Leave
102480,6003,Priya Bajwa,Packer,Male,57508.0,2026-04-15,Active,6003,Normal,Currently Working
102481,6035,Warhi Bahl,Picker,Female,18167.0,2024-03-17,On Leave,6035,Normal,On Leave
102482,6005,Keya Edwin,Picker,Female,21897.0,2023-09-28,Active,6005,Normal,Currently Working
102483,6089,Isha Johal,Picker,Male,19404.0,2023-08-18,Active,6089,Normal,Currently Working
102484,6134,Harita Dara,Quality Checker,Male,29966.0,2026-04-03,On Leave,6134,Normal,On Leave
102485,6046,Harsh Gulati,Inventory Associate,Male,28303.0,2025-03-25,Active,6046,Normal,Currently Working
102486,6114,Tanish Sinha,Quality Checker,Male,19235.0,2025-12-23,Active,6114,Normal,Currently Working
102487,6030,Maya Rajagopalan,Picker,Female,35881.0,2026-02-16,Active,6030,Normal,Currently Working
102488,6096,Shivansh Mangat,Quality Checker,Female,50596.0,2024-12-17,Active,6096,Normal,Currently Working
102489,6041,Vihaan Cheema,Inventory Associate,Unknown,33754.0,2025-05-23,Active,6041,Normal,Currently Working
102490,7000,Zayyan Rastogi,Picker,Male,40580.0,2025-01-20,Resigned,6001,Normal,Resigned
102491,6008,Radhika Nori,Quality Checker,Female,57566.0,2024-03-04,Active,6008,Normal,Currently Working
102492,6042,Tristan Kar,Delivery Rider,Male,23585.0,2024-06-19,Active,6042,Normal,Currently Working
102493,6109,Urmi Kanda,Delivery Rider,Female,20012.0,2025-04-29,Active,6109,Normal,Currently Working
102494,6010,Vamakshi Choudhry,Picker,Female,38424.5,2025-03-11,Active,6010,Normal,Currently Working
102495,6010,Aashi Chahal,Picker,Male,28280.0,2023-04-29,Resigned,6010,Normal,Resigned
102496,6139,Falguni Raja,Picker,Female,32606.0,2025-10-05,Resigned,6139,Normal,Resigned
102497,6068,Siddharth Oommen,Inventory Associate,Male,46278.0,2025-01-31,Active,6068,Normal,Currently Working
102498,6112,Nikita Sarraf,Inventory Associate,Unknown,15170.0,2025-11-09,Resigned,6112,Normal,Resigned
102499,6069,Jeevika Shenoy,Store Manager,Female,22685.0,2024-02-04,Active,6069,Normal,Currently Working
102500,6081,Nidhi Sekhon,Packer,Male,40162.0,2024-07-26,Resigned,6081,Normal,Resigned
102501,6038,Meghana Menon,Picker,Unknown,19455.0,2023-02-04,Active,6038,Normal,Currently Working
102502,6042,Yoshita Vora,Delivery Rider,Male,44098.0,2024-11-23,Active,6042,Normal,Currently Working
102503,6137,Oviya Kala,Picker,Female,61876.0,2026-08-07,On Leave,6137,Normal,On Leave
102504,6113,Jalsa Rastogi,Picker,Female,35346.0,2023-07-15,On Leave,6113,Normal,On Leave
102505,6015,Xavier Bhatti,Delivery Rider,Female,55107.0,2024-06-28,On Leave,6015,Normal,On Leave
102506,6124,Arya Ratta,Picker,Male,39805.0,2025-10-18,On Leave,6124,Normal,On Leave
102507,6133,Abhiram Deep,Picker,Female,57720.0,2024-11-20,Active,6133,Normal,Currently Working
102508,6098,Ekani Purohit,Delivery Rider,Female,49836.0,2024-10-11,Resigned,6098,Normal,Resigned
102509,6035,Hemangini Choudhary,Picker,Female,41529.0,2026-03-30,Active,6035,Normal,Currently Working
102510,6144,Hritik Gill,Store Manager,Male,24961.0,2023-12-07,Active,6144,Normal,Currently Working
102511,6110,Chatura Toor,Picker,Unknown,23486.0,2024-03-15,Resigned,6110,Normal,Resigned
102512,6067,Yutika Kade,Store Manager,Male,56995.0,2022-12-24,Resigned,6067,Normal,Resigned
102513,6001,Lakshit Dara,Delivery Rider,Male,52291.0,2024-07-06,Active,6001,Normal,Currently Working
102514,6072,Dhriti Karan,Picker,Male,25224.0,2024-03-04,Resigned,6072,Normal,Resigned
102515,6131,Anjali Gulati,Packer,Female,26087.0,2024-02-08,Active,6131,Normal,Currently Working
102516,6122,Ladli Bath,Picker,Male,26797.0,2023-11-06,Resigned,6122,Normal,Resigned
102517,6128,Sachi Narayan,Picker,Female,36981.0,2025-11-16,Resigned,6128,Normal,Resigned
102518,6112,Azaan Ahuja,Packer,Male,27302.0,2025-01-30,On Leave,6112,Normal,On Leave
102519,6019,Darpan Bhatt,Picker,Male,62408.0,2024-02-21,Active,6019,Normal,Currently Working
102520,6089,Gayathri Agate,Store Manager,Male,46900.0,2026-07-21,Active,6089,Normal,Currently Working
102521,6074,Gagan Dash,Store Manager,Male,19452.0,2026-02-16,Resigned,6074,Normal,Resigned
102522,6011,Ekbal Sarma,Packer,Female,28105.0,2024-08-17,On Leave,6011,Normal,On Leave
102523,6052,Chandresh Korpal,Delivery Rider,Male,15763.0,2025-10-12,Active,6052,Normal,Currently Working
102524,6075,Andrew Mohanty,Picker,Female,41149.0,2024-12-08,On Leave,6075,Normal,On Leave
102525,6023,Lakshit Mann,Picker,Male,58427.0,2023-07-26,Active,6023,Normal,Currently Working
102526,6060,Lekha Mitter,Packer,Female,21686.0,2023-10-21,Active,6060,Normal,Currently Working
102527,6032,Dhruv Prabhu,Picker,Male,44888.0,2025-04-18,On Leave,6032,Normal,On Leave
102528,6113,Logan Basak,Picker,Female,38424.5,2025-07-18,Active,6113,Normal,Currently Working
102529,6012,Bhavani Bhakta,Quality Checker,Female,60585.0,2024-08-19,Resigned,6012,Normal,Resigned
102530,6140,Farhan Mangal,Picker,Male,32408.0,2023-04-23,On Leave,6140,Normal,On Leave
102531,6015,Bina Mangal,Inventory Associate,Female,40400.0,2024-11-27,Resigned,6015,Normal,Resigned
102532,6125,Gaurangi Johal,Store Manager,Female,15272.0,2025-11-24,On Leave,6125,Normal,On Leave
102533,6134,Aadi Kadakia,Picker,Male,60558.0,2024-12-13,On Leave,6134,Normal,On Leave
102534,6031,Ranbir Varughese,Inventory Associate,Male,14487.0,2024-03-03,Active,6031,Normal,Currently Working
102535,6094,Victor Dasgupta,Packer,Female,62946.0,2024-05-29,On Leave,6094,Normal,On Leave
102536,6132,Tamanna Sankaran,Store Manager,Female,46505.0,2026-01-03,Active,6132,Normal,Currently Working
102537,6011,Yashoda Sachdev,Quality Checker,Female,26251.0,2024-01-14,Active,6011,Normal,Currently Working
102538,6086,Zaitra Ram,Packer,Male,40162.0,2026-07-10,Active,6086,Normal,Currently Working
102539,6031,Alka Buch,Picker,Female,47797.0,2023-12-03,Active,6031,Normal,Currently Working
102540,6074,Wridesh Sem,Packer,Male,51997.0,2024-08-12,Active,6074,Normal,Currently Working
102541,6080,Gabriel Keer,Store Manager,Female,53462.0,2025-03-29,Resigned,6080,Normal,Resigned
102542,6102,Chatura Bansal,Quality Checker,Female,31779.0,2022-12-17,Active,6102,Normal,Currently Working
102543,6112,Harini Saraf,Picker,Male,52128.0,2025-01-05,Active,6112,Normal,Currently Working
102544,6083,Onveer Chakraborty,Packer,Male,18011.0,2025-01-22,Active,6083,Normal,Currently Working
102545,6050,Kabir Ghosh,Delivery Rider,Male,46697.0,2026-03-28,Resigned,6050,Normal,Resigned
102546,6073,Daksh Chadha,Delivery Rider,Male,43833.0,2024-04-07,Active,6073,Normal,Currently Working
102547,6001,Amara Palla,Store Manager,Female,46848.0,2023-01-15,On Leave,6001,Normal,On Leave
102548,6010,Anusha Sibal,Inventory Associate,Unknown,28428.0,2023-04-14,Resigned,6010,Normal,Resigned
102549,6089,Hemang Kanda,Delivery Rider,Female,35020.0,2022-11-19,Resigned,6089,Normal,Resigned
102550,6108,Viraj Luthra,Store Manager,Female,52651.0,2024-04-01,Active,6108,Normal,Currently Working
102551,6065,Kashvi Ben,Delivery Rider,Female,38667.0,2023-04-13,Resigned,6065,Normal,Resigned
102552,6127,Upadhriti Kara,Store Manager,Male,49351.0,2025-07-26,Active,6127,Normal,Currently Working
102553,6021,Ethan Chadha,Picker,Male,22307.0,2023-07-16,Resigned,6021,Normal,Resigned
102554,6144,Arjun Din,Quality Checker,Female,42455.0,2026-04-15,Active,6144,Normal,Currently Working
102555,6140,Bishakha Dayal,Quality Checker,Female,48053.0,2023-04-09,Resigned,6140,Normal,Resigned
102556,6126,Yatin Karpe,Picker,Female,43947.0,2025-11-01,Active,6126,Normal,Currently Working
102557,6014,Wahab Dhar,Quality Checker,Female,58412.0,2025-05-19,Resigned,6014,Normal,Resigned
102558,6146,Tanveer Sane,Inventory Associate,Female,42371.0,2024-05-03,Active,6146,Normal,Currently Working
102559,6144,Kamya Kala,Packer,Male,58947.0,2023-04-29,On Leave,6144,Normal,On Leave
102560,6035,Girish Krishnamurthy,Picker,Male,39180.0,2023-08-30,Active,6035,Normal,Currently Working
102561,6074,Abhiram Dar,Delivery Rider,Male,58168.0,2023-10-23,Resigned,6074,Normal,Resigned
102562,6055,Samuel Deshmukh,Quality Checker,Male,41427.0,2025-03-13,Resigned,6055,Normal,Resigned
102563,6069,Advay Pillai,Delivery Rider,Female,35885.0,2024-12-08,Active,6069,Normal,Currently Working
102564,6004,Fariq Mahal,Delivery Rider,Male,33525.0,2024-02-10,Active,6004,Normal,Currently Working
102565,6016,Yochana Varma,Delivery Rider,Unknown,28001.0,2025-10-12,Resigned,6016,Normal,Resigned
102566,6133,Vrinda Zachariah,Delivery Rider,Unknown,61957.0,2026-06-21,Active,6133,Normal,Currently Working
102567,6140,Dalaja Soman,Quality Checker,Female,59360.0,2025-09-01,Resigned,6140,Normal,Resigned
102568,6136,Jagdish Nayar,Picker,Female,50535.0,2023-03-02,Resigned,6136,Normal,Resigned
102569,6056,Aadhya Prabhu,Delivery Rider,Male,39424.5,2025-08-08,Active,6056,Normal,Currently Working
102570,6137,Vrishti Aurora,Picker,Female,32544.0,2024-10-17,Active,6137,Normal,Currently Working
102571,6072,Vrishti Khanna,Quality Checker,Female,54712.0,2022-11-18,On Leave,6072,Normal,On Leave
102572,6094,Laksh Babu,Delivery Rider,Unknown,41746.0,2024-03-17,On Leave,6094,Normal,On Leave
102573,6064,Neel Sami,Packer,Male,56994.0,2025-12-29,Resigned,6064,Normal,Resigned
102574,6138,Hema Dixit,Inventory Associate,Male,27570.0,2023-08-24,Active,6138,Normal,Currently Working
102575,6079,Anvi Sridhar,Delivery Rider,Male,59743.0,2024-01-31,Active,6079,Normal,Currently Working
102576,6116,Qushi Shankar,Inventory Associate,Male,64866.0,2022-11-25,Active,6116,Normal,Currently Working
102577,6010,Oliver Palla,Delivery Rider,Male,20017.0,2023-04-28,Active,6010,Normal,Currently Working
102578,6090,Hritik Nayak,Delivery Rider,Female,53894.0,2024-06-28,Active,6090,Normal,Currently Working
102579,6001,Frado Aggarwal,Picker,Male,30185.0,2024-01-19,Active,6001,Normal,Currently Working
102580,6089,Kai Taneja,Delivery Rider,Female,52649.0,2024-08-20,On Leave,6089,Normal,On Leave
102581,6040,Aditya More,Picker,Unknown,34090.0,2022-12-17,Active,6040,Normal,Currently Working
102582,6099,Irya Mallick,Delivery Rider,Male,48704.0,2024-10-01,Active,6099,Normal,Currently Working
102583,6074,Maanav Kalla,Picker,Male,51195.0,2025-03-03,Resigned,6074,Normal,Resigned
102584,6068,Yatan Bhatti,Picker,Female,57217.0,2025-04-30,Active,6068,Normal,Currently Working
102585,6032,Faras Chahal,Picker,Male,24086.0,2023-12-18,Active,6032,Normal,Currently Working
102586,6023,Vasana Nagy,Inventory Associate,Female,14564.0,2025-06-12,Active,6023,Normal,Currently Working
102587,6098,Eshana Chand,Delivery Rider,Male,24584.0,2023-05-14,Active,6098,Normal,Currently Working
102588,6110,Ati Ramanathan,Packer,Male,41859.0,2022-11-06,Resigned,6110,Normal,Resigned
102589,6044,Isaac Tandon,Picker,Male,32796.0,2025-09-10,On Leave,6044,Normal,On Leave
102590,6100,Rushil Lanka,Picker,Male,43769.0,2025-11-10,Active,6100,Normal,Currently Working
102591,6106,Onveer Acharya,Quality Checker,Male,50651.0,2025-04-24,Active,6106,Normal,Currently Working
102592,6078,Warda Toor,Picker,Female,60612.0,2025-04-05,Active,6078,Normal,Currently Working
102593,6150,Jeremiah Gala,Delivery Rider,Male,28700.0,2023-09-25,Active,6150,Normal,Currently Working
102594,6037,Andrew Muni,Packer,Male,49978.0,2022-11-15,Active,6037,Normal,Currently Working
102595,6139,Imaran Baral,Picker,Female,31193.0,2025-01-29,On Leave,6139,Normal,On Leave
102596,6028,Libni Barman,Packer,Female,44444.0,2026-04-11,Resigned,6028,Normal,Resigned
102597,6089,Vincent Pradhan,Store Manager,Male,46599.0,2023-06-22,On Leave,6089,Normal,On Leave
102598,6004,Fitan Jaggi,Quality Checker,Male,57345.0,2025-08-26,Resigned,6004,Normal,Resigned
102599,6032,Shravya Krishna,Picker,Female,38311.0,2025-03-16,On Leave,6032,Normal,On Leave
102600,6124,Nisha Parikh,Picker,Male,24021.0,2026-01-23,Resigned,6124,Normal,Resigned
102601,6021,Raagini Dey,Packer,Female,20121.0,2023-05-28,Active,6021,Normal,Currently Working
102602,6109,Omaja D’Alia,Delivery Rider,Female,63098.0,2024-04-13,On Leave,6109,Normal,On Leave
102603,6003,Tristan Maharaj,Delivery Rider,Female,31881.0,2024-02-23,Active,6003,Normal,Currently Working
102604,6122,Zilmil Doshi,Packer,Male,40162.0,2024-04-24,Active,6122,Normal,Currently Working
102605,6078,Pranit Jayaraman,Delivery Rider,Unknown,23870.0,2024-11-24,Resigned,6078,Normal,Resigned
102606,6065,Rishi Mangat,Delivery Rider,Male,39691.0,2025-08-26,Active,6065,Normal,Currently Working
102607,6022,Xavier Edwin,Store Manager,Male,14011.0,2024-07-24,Active,6022,Normal,Currently Working
102608,6137,Charita Gole,Picker,Female,39337.0,2026-01-08,Active,6137,Normal,Currently Working
102609,6131,Henry Bhargava,Quality Checker,Female,53235.0,2025-04-14,Active,6131,Normal,Currently Working
102610,6071,Zarna Narasimhan,Delivery Rider,Female,22792.0,2025-12-27,Resigned,6071,Normal,Resigned
102611,6032,Brijesh Peri,Quality Checker,Male,39702.5,2026-07-16,Active,6032,Normal,Currently Working
102612,6036,Qabil Srinivas,Picker,Female,53667.0,2023-11-05,On Leave,6036,Normal,On Leave
102613,6054,Harini Nayar,Picker,Female,40736.0,2025-09-10,Active,6054,Normal,Currently Working
102614,6031,Vivaan Sani,Picker,Male,31456.0,2023-02-18,Active,6031,Normal,Currently Working
102615,6115,Falguni Balakrishnan,Picker,Female,36811.0,2022-11-24,On Leave,6115,Normal,On Leave
102616,6150,Darpan Varma,Picker,Female,39774.0,2023-07-27,On Leave,6150,Normal,On Leave
102617,6117,Sai Bala,Quality Checker,Male,18737.0,2025-08-09,Resigned,6117,Normal,Resigned
102618,6042,Ikshita Goyal,Picker,Female,25453.0,2026-03-12,Active,6042,Normal,Currently Working
102619,6146,Daniel Khare,Store Manager,Male,35502.0,2022-12-02,Active,6146,Normal,Currently Working
102620,6044,Krish Loke,Picker,Male,26083.0,2023-10-07,On Leave,6044,Normal,On Leave
102621,6004,Arya Pandey,Picker,Female,19569.0,2023-04-15,Active,6004,Normal,Currently Working
102622,6065,Warda Patla,Delivery Rider,Unknown,58763.0,2025-10-29,Active,6065,Normal,Currently Working
102623,6063,Zehaan Chadha,Delivery Rider,Male,61526.0,2023-03-11,Active,6063,Normal,Currently Working
102624,6103,Edhitha Mand,Inventory Associate,Female,15343.0,2023-07-18,Resigned,6103,Normal,Resigned
102625,6121,Harita Mohanty,Picker,Female,61525.0,2026-04-17,Resigned,6121,Normal,Resigned
102626,6018,Maya Sankar,Quality Checker,Male,62053.0,2024-06-27,Active,6018,Normal,Currently Working
102627,6084,Azad Bedi,Picker,Female,16801.0,2023-06-22,Active,6084,Normal,Currently Working
102628,6130,Gaurangi Baral,Picker,Female,46303.0,2026-07-22,Resigned,6130,Normal,Resigned
102629,6030,Nilima Tak,Store Manager,Female,56019.0,2022-09-28,Resigned,6030,Normal,Resigned
102630,6150,Ekaraj Dayal,Picker,Male,28100.0,2022-09-08,Resigned,6150,Normal,Resigned
102631,6053,Siya Bhalla,Inventory Associate,Male,23905.0,2024-12-17,Active,6053,Normal,Currently Working
102632,6086,Rehaan Patla,Store Manager,Male,22160.0,2025-10-04,Resigned,6086,Normal,Resigned
102633,6123,Gaurangi Bora,Delivery Rider,Male,34092.0,2024-07-21,Active,6123,Normal,Currently Working
102634,6023,Aahana Bail,Picker,Male,61071.0,2023-12-23,Active,6023,Normal,Currently Working
102635,6042,Pahal Cheema,Picker,Female,54690.0,2025-07-10,On Leave,6042,Normal,On Leave
102636,6141,Oscar Kala,Store Manager,Female,47309.0,2025-12-10,Resigned,6141,Normal,Resigned
102637,7005,Vivaan Taneja,Packer,Male,44500.0,2024-12-07,Active,6006,Normal,Currently Working
102638,6023,Abha Nath,Delivery Rider,Male,34393.0,2025-08-08,Active,6023,Normal,Currently Working
102639,6130,Charvi Agrawal,Picker,Female,32396.0,2023-06-25,Active,6130,Normal,Currently Working
102640,6062,Chanakya Cherian,Delivery Rider,Female,22462.0,2023-07-08,Active,6062,Normal,Currently Working
102641,6126,Jagat Bora,Inventory Associate,Male,41246.0,2023-03-12,On Leave,6126,Normal,On Leave
102642,6101,Neel Nair,Delivery Rider,Male,48347.0,2025-04-17,Active,6101,Normal,Currently Working
102643,7010,Indrajit Ramanathan,Quality Checker,Male,19335.0,2023-07-30,Resigned,6011,Normal,Resigned
102644,6086,Damyanti Luthra,Picker,Male,37233.0,2024-11-26,Active,6086,Normal,Currently Working
102645,6142,Rehaan Anne,Picker,Male,29859.0,2025-11-25,Active,6142,Normal,Currently Working
102646,6084,Anya Kannan,Store Manager,Female,14719.0,2023-06-03,Active,6084,Normal,Currently Working
102647,6144,Watika Bal,Delivery Rider,Male,42002.0,2025-11-20,On Leave,6144,Normal,On Leave
102648,6139,Ethan Bhat,Delivery Rider,Female,41733.0,2024-12-15,On Leave,6139,Normal,On Leave
102649,6004,Kavya Pai,Delivery Rider,Male,47284.0,2022-09-22,Active,6004,Normal,Currently Working
102650,6147,Gautam Narayan,Store Manager,Female,31864.0,2022-12-12,Resigned,6147,Normal,Resigned
102651,6134,Ishwar Korpal,Store Manager,Female,51970.0,2022-10-14,Active,6134,Normal,Currently Working
102652,6066,Pranav Kapoor,Store Manager,Male,49856.0,2026-04-03,Active,6066,Normal,Currently Working
102653,6132,Amaira Bava,Delivery Rider,Female,55575.0,2025-02-05,Active,6132,Normal,Currently Working
102654,6110,Aishani Dada,Delivery Rider,Male,21012.0,2024-08-02,Active,6110,Normal,Currently Working
102655,6031,Lakshit Yogi,Packer,Female,63853.0,2025-05-30,Active,6031,Normal,Currently Working
102656,6139,Chaitanya Mander,Delivery Rider,Male,37092.0,2024-10-06,Resigned,6139,Normal,Resigned
102657,6083,Chandani Sule,Picker,Female,44023.0,2025-10-03,Resigned,6083,Normal,Resigned
102658,6142,Yutika Kapur,Inventory Associate,Male,42459.0,2024-09-09,Resigned,6142,Normal,Resigned
102659,6039,Tanvi Deep,Store Manager,Male,43791.0,2026-03-12,On Leave,6039,Normal,On Leave
102660,6059,Gopal Raman,Delivery Rider,Female,23851.0,2024-05-24,Active,6059,Normal,Currently Working
102661,6134,Suhani Verma,Inventory Associate,Male,40106.5,2024-11-07,On Leave,6134,Normal,On Leave
102662,6050,Osha Vig,Store Manager,Male,60232.0,2023-04-29,Resigned,6050,Normal,Resigned
102663,6055,Vasana Samra,Picker,Male,53891.0,2024-04-02,Active,6055,Normal,Currently Working
102664,6001,Samaksh Mitra,Delivery Rider,Female,45797.0,2024-12-06,Active,6001,Normal,Currently Working
102665,6116,Aarini Iyengar,Packer,Unknown,29916.0,2024-07-17,Resigned,6116,Normal,Resigned
102666,6038,Upkaar Mitter,Picker,Female,18703.0,2025-09-20,Resigned,6038,Normal,Resigned
102667,6147,George Acharya,Picker,Female,47005.0,2023-02-14,On Leave,6147,Normal,On Leave
102668,6082,Xavier Thaker,Delivery Rider,Female,20866.0,2025-01-26,Active,6082,Normal,Currently Working
102669,6139,Onkar Sengupta,Delivery Rider,Female,59270.0,2022-09-08,Active,6139,Normal,Currently Working
102670,6150,Adya Kulkarni,Picker,Male,64644.0,2022-11-07,On Leave,6150,Normal,On Leave
102671,6067,Yug Bajaj,Store Manager,Male,49802.0,2023-04-14,Resigned,6067,Normal,Resigned
102672,6131,Jason Ravi,Delivery Rider,Female,27080.0,2023-09-19,Active,6131,Normal,Currently Working
102673,6004,Akshay Deshpande,Delivery Rider,Female,25875.0,2023-12-14,Active,6004,Normal,Currently Working
102674,6023,Janani Menon,Quality Checker,Female,47886.0,2024-08-05,Active,6023,Normal,Currently Working
102675,6097,Anika Mahajan,Inventory Associate,Male,57376.0,2023-08-11,Resigned,6097,Normal,Resigned
102676,6149,Bhavani Lad,Delivery Rider,Female,32465.0,2023-03-07,On Leave,6149,Normal,On Leave
102677,6065,Upadhriti Deep,Packer,Female,52995.0,2025-06-28,Resigned,6065,Normal,Resigned
102678,6015,Sanya Pillay,Inventory Associate,Unknown,25474.0,2023-05-11,Resigned,6015,Normal,Resigned
102679,6138,Ayushman Varghese,Store Manager,Female,25728.0,2026-03-01,Active,6138,Normal,Currently Working
102680,6066,Tara Sankar,Store Manager,Female,50591.0,2023-01-25,Active,6066,Normal,Currently Working
102681,6053,Nidra Savant,Inventory Associate,Female,28100.0,2023-09-04,Active,6053,Normal,Currently Working
102682,6074,Aarush Magar,Packer,Female,59216.0,2025-11-05,Active,6074,Normal,Currently Working
102683,6041,Chavvi Balasubramanian,Picker,Male,57574.0,2022-08-31,Resigned,6041,Normal,Resigned
102684,6104,Nikita Chander,Quality Checker,Male,19651.0,2024-03-20,Resigned,6104,Normal,Resigned
102685,6014,Aarnav Sarkar,Delivery Rider,Female,23191.0,2026-01-28,Resigned,6014,Normal,Resigned
102686,6128,Aarini Desai,Delivery Rider,Female,19606.0,2026-03-30,Active,6128,Normal,Currently Working
102687,6033,Mohini Konda,Quality Checker,Male,60155.0,2026-03-17,Resigned,6033,Normal,Resigned
102688,6066,Ikshita Misra,Store Manager,Female,53019.0,2025-08-05,Active,6066,Normal,Currently Working
102689,6136,Frado Saran,Packer,Male,60899.0,2024-07-10,Active,6136,Normal,Currently Working
102690,6147,Luke Ganesan,Store Manager,Male,48893.0,2023-08-15,Active,6147,Normal,Currently Working
102691,6131,Chasmum Sachdev,Delivery Rider,Female,31979.0,2023-08-18,Active,6131,Normal,Currently Working
102692,6004,Triveni Banik,Quality Checker,Female,40001.0,2024-04-20,Active,6004,Normal,Currently Working
102693,6119,Yashoda Dani,Delivery Rider,Female,17009.0,2025-12-02,Active,6119,Normal,Currently Working
102694,6094,Reva Srinivasan,Delivery Rider,Male,62568.0,2022-11-06,On Leave,6094,Normal,On Leave
102695,6117,Daniel Patla,Delivery Rider,Male,57584.0,2024-08-09,Active,6117,Normal,Currently Working
102696,6136,Baghyawati Deep,Quality Checker,Female,24984.0,2026-01-01,Active,6136,Normal,Currently Working
102697,6108,Upadhriti Datta,Inventory Associate,Female,31277.0,2024-06-09,Active,6108,Normal,Currently Working
102698,6068,Daksh Varkey,Store Manager,Female,38674.0,2025-01-21,Active,6068,Normal,Currently Working
102699,6019,Ojasvi Padmanabhan,Packer,Female,37644.0,2022-12-07,Active,6019,Normal,Currently Working
102700,6106,Ridhi Setty,Packer,Male,59369.0,2026-03-07,Active,6106,Normal,Currently Working
102701,6117,Gabriel Divan,Store Manager,Unknown,56086.0,2022-12-01,Active,6117,Normal,Currently Working
102702,6072,Lajita Chandran,Picker,Female,45352.0,2023-03-12,Resigned,6072,Normal,Resigned
102703,6124,Laksh Nagi,Delivery Rider,Male,15373.0,2024-06-07,On Leave,6124,Normal,On Leave
102704,6101,Harita Ram,Delivery Rider,Male,21070.0,2026-07-20,Resigned,6101,Normal,Resigned
102705,6091,Manbir Wagle,Packer,Male,46816.0,2025-10-21,Active,6091,Normal,Currently Working
102706,6111,Samar Gade,Inventory Associate,Male,56374.0,2025-04-12,Active,6111,Normal,Currently Working
102707,6018,Yuvraj Krish,Inventory Associate,Female,46738.0,2024-03-17,On Leave,6018,Normal,On Leave
102708,6028,Sathvik Gopal,Picker,Female,28749.0,2026-08-14,Active,6028,Normal,Currently Working
102709,6117,Wazir Dhar,Packer,Female,40162.0,2025-05-25,Active,6117,Normal,Currently Working
102710,6087,Umang Sahni,Quality Checker,Male,36222.0,2025-03-02,Resigned,6087,Normal,Resigned
102711,6042,Mohammed Khatri,Picker,Male,39586.0,2022-10-10,Resigned,6042,Normal,Resigned
102712,6105,Omya Kamdar,Delivery Rider,Male,55488.0,2024-07-18,Active,6105,Normal,Currently Working
102713,6066,Ekanta Chana,Quality Checker,Female,48156.0,2023-04-23,Active,6066,Normal,Currently Working
102714,6107,Aarini Bawa,Inventory Associate,Male,38797.0,2024-07-12,Resigned,6107,Normal,Resigned
102715,6057,Damini Ratti,Inventory Associate,Male,24670.0,2023-11-13,Active,6057,Normal,Currently Working
102716,7006,Chatura Palan,Picker,Female,25688.0,2024-10-20,Active,6007,Normal,Currently Working
102717,6124,Sarthak Sachdev,Picker,Female,52089.0,2023-04-04,On Leave,6124,Normal,On Leave
102718,6029,Noah Iyengar,Store Manager,Male,46761.0,2023-12-15,Active,6029,Normal,Currently Working
102719,6069,Widisha Magar,Packer,Male,29361.0,2022-12-30,Active,6069,Normal,Currently Working
102720,6122,Anamika Basak,Delivery Rider,Male,58986.0,2024-06-02,On Leave,6122,Normal,On Leave
102721,6040,Jhalak Mannan,Delivery Rider,Female,43693.0,2023-04-09,Resigned,6040,Normal,Resigned
102722,6084,Pranit Krishna,Picker,Male,38424.5,2023-09-02,Active,6084,Normal,Currently Working
102723,6067,Ridhi Kothari,Packer,Male,29754.0,2024-07-08,Active,6067,Normal,Currently Working
102724,6054,Warjas Bandi,Inventory Associate,Male,45716.0,2023-05-05,Active,6054,Normal,Currently Working
102725,6113,Anita Samra,Quality Checker,Female,22031.0,2025-01-09,Resigned,6113,Normal,Resigned
102726,6034,Avni Kapur,Inventory Associate,Male,37236.0,2022-12-26,Active,6034,Normal,Currently Working
102727,6149,Anthony Johal,Quality Checker,Male,38546.0,2025-05-23,Resigned,6149,Normal,Resigned
102728,6094,Wazir Ravi,Quality Checker,Female,28159.0,2026-04-28,Active,6094,Normal,Currently Working
102729,6007,Anita Korpal,Picker,Male,17518.0,2023-09-23,Active,6007,Normal,Currently Working
102730,6034,Vasatika Sarraf,Quality Checker,Male,59024.0,2026-08-12,Resigned,6034,Normal,Resigned
102731,6089,Janani Kata,Packer,Male,49103.0,2025-12-04,Active,6089,Normal,Currently Working
102732,6021,Tripti Hayre,Quality Checker,Female,53912.0,2025-08-09,Resigned,6021,Normal,Resigned
102733,6097,Udarsh Parmar,Delivery Rider,Female,34649.0,2025-07-15,Active,6097,Normal,Currently Working
102734,6019,Saanvi Raja,Quality Checker,Female,49660.0,2025-10-21,Active,6019,Normal,Currently Working
102735,6070,Yamini Venkatesh,Delivery Rider,Female,47715.0,2025-05-25,Resigned,6070,Normal,Resigned
102736,6083,Zayan Pillai,Quality Checker,Female,16641.0,2025-02-14,On Leave,6083,Normal,On Leave
102737,6066,Lipika Sibal,Quality Checker,Male,17580.0,2025-06-19,Active,6066,Normal,Currently Working
102738,6081,Anvi Ahuja,Store Manager,Male,60124.0,2024-02-20,Resigned,6081,Normal,Resigned
102739,6129,Aashi Padmanabhan,Packer,Male,28388.0,2023-09-03,Active,6129,Normal,Currently Working
102740,6107,Neha Bora,Quality Checker,Female,55903.0,2023-07-04,Active,6107,Normal,Currently Working
102741,7007,Idika Mitter,Picker,Male,18733.0,2024-05-08,Active,6008,Normal,Currently Working
102742,6002,Mugdha Karnik,Delivery Rider,Male,48366.0,2023-07-24,Active,6002,Normal,Currently Working
102743,6094,Sneha Dube,Quality Checker,Male,55727.0,2023-10-24,On Leave,6094,Normal,On Leave
102744,6075,Hardik Dhillon,Picker,Female,19200.0,2025-08-29,On Leave,6075,Normal,On Leave
102745,6062,Vrinda Dhingra,Delivery Rider,Male,15121.0,2023-05-22,Resigned,6062,Normal,Resigned
102746,6072,Ati Bansal,Picker,Female,29442.0,2026-08-08,Resigned,6072,Normal,Resigned
102747,6041,Anya Radhakrishnan,Store Manager,Female,15641.0,2024-12-05,Active,6041,Normal,Currently Working
102748,6043,Harsh Natt,Picker,Female,48536.0,2023-12-02,Resigned,6043,Normal,Resigned
102749,6040,Tristan Bava,Packer,Female,31182.0,2022-09-09,Active,6040,Normal,Currently Working
102750,6020,Qasim Sami,Inventory Associate,Female,36615.0,2025-06-09,Active,6020,Normal,Currently Working
102751,6102,Bhavna Ratti,Delivery Rider,Female,34942.0,2024-12-29,Resigned,6102,Normal,Resigned
102752,6088,Meghana Zachariah,Delivery Rider,Female,33723.0,2026-04-14,Active,6088,Normal,Currently Working
102753,6059,Zashil Kibe,Delivery Rider,Female,39424.5,2026-02-14,Resigned,6059,Normal,Resigned
102754,6067,Jacob Om,Delivery Rider,Male,64223.0,2025-04-28,Resigned,6067,Normal,Resigned
102755,6006,Chaitaly Bajwa,Picker,Male,21382.0,2023-06-30,Active,6006,Normal,Currently Working
102756,6083,Hardik Pandit,Inventory Associate,Unknown,28467.0,2023-11-13,Resigned,6083,Normal,Resigned
102757,6144,Advaith Mody,Store Manager,Female,38508.0,2023-06-04,Resigned,6144,Normal,Resigned
102758,6138,Geetika Khurana,Quality Checker,Male,18146.0,2022-11-19,On Leave,6138,Normal,On Leave
102759,6056,Vinaya Pradhan,Delivery Rider,Male,45310.0,2026-05-25,Active,6056,Normal,Currently Working
102760,6126,Champak Chana,Picker,Male,57662.0,2023-04-19,Active,6126,Normal,Currently Working
102761,6048,Riya Hayer,Store Manager,Male,23482.0,2024-06-13,Resigned,6048,Normal,Resigned
102762,6013,Owen Bhattacharyya,Delivery Rider,Male,57401.0,2025-12-19,Active,6013,Normal,Currently Working
102763,6049,Yuvraj Bedi,Quality Checker,Female,22821.0,2025-11-21,Active,6049,Normal,Currently Working
102764,6048,Pranav Hora,Delivery Rider,Male,61796.0,2023-11-01,Resigned,6048,Normal,Resigned
102765,6007,Vanya Biswas,Delivery Rider,Male,40915.0,2022-12-12,Active,6007,Normal,Currently Working
102766,6053,Onveer Sarin,Delivery Rider,Male,46645.0,2024-11-01,Active,6053,Normal,Currently Working
102767,6067,Gavin Ganesan,Delivery Rider,Male,17844.0,2024-09-09,Active,6067,Normal,Currently Working
102768,6144,Aarush Misra,Delivery Rider,Female,54806.0,2024-07-26,Resigned,6144,Normal,Resigned
102769,6107,Tripti Deo,Store Manager,Female,56868.0,2024-01-19,On Leave,6107,Normal,On Leave
102770,6043,Sara Jaggi,Delivery Rider,Male,41162.0,2023-04-17,Active,6043,Normal,Currently Working
102771,6110,Gaurav Chatterjee,Quality Checker,Female,52879.0,2025-09-04,Active,6110,Normal,Currently Working
102772,6077,Balendra Panchal,Delivery Rider,Female,51423.0,2024-01-03,Active,6077,Normal,Currently Working
102773,6099,Ronith Chokshi,Inventory Associate,Male,37364.0,2026-01-13,Resigned,6099,Normal,Resigned
102774,6051,Eiravati Toor,Inventory Associate,Male,47162.0,2024-08-19,Active,6051,Normal,Currently Working
102775,6077,Priya Jain,Packer,Female,20500.0,2022-09-08,Resigned,6077,Normal,Resigned
102776,6028,Harish Singhal,Packer,Female,40162.0,2023-06-10,Resigned,6028,Normal,Resigned
102777,6064,Gauri Handa,Delivery Rider,Female,46282.0,2023-12-28,Resigned,6064,Normal,Resigned
102778,6095,Yashawini Chaudhuri,Delivery Rider,Male,46665.0,2023-05-05,Resigned,6095,Normal,Resigned
102779,6040,Isaac Dara,Delivery Rider,Male,53576.0,2023-02-07,Resigned,6040,Normal,Resigned
102780,6044,Ojasvi Sridhar,Inventory Associate,Female,41365.0,2023-08-05,Active,6044,Normal,Currently Working
102781,6083,Madhav Krishnan,Store Manager,Unknown,63342.0,2025-04-05,Active,6083,Normal,Currently Working
102782,6130,Alka Kota,Delivery Rider,Unknown,39424.5,2024-04-10,Resigned,6130,Normal,Resigned
102783,6035,Bimala Chad,Picker,Male,35652.0,2022-08-26,Active,6035,Normal,Currently Working
102784,6008,Ranbir Kibe,Quality Checker,Female,56959.0,2024-05-24,Active,6008,Normal,Currently Working
102785,6056,Lakshmi Warrior,Delivery Rider,Female,63965.0,2024-11-07,Resigned,6056,Normal,Resigned
102786,6015,Chaaya Sahni,Delivery Rider,Male,17759.0,2023-05-17,Resigned,6015,Normal,Resigned
102787,6057,Bhavya Shah,Picker,Male,45140.0,2022-10-18,Active,6057,Normal,Currently Working
102788,6093,Watika Subramaniam,Delivery Rider,Female,64631.0,2024-02-14,Active,6093,Normal,Currently Working
102789,6022,Tripti Atwal,Quality Checker,Female,27880.0,2024-11-18,Resigned,6022,Normal,Resigned
102790,6113,Xalak Som,Quality Checker,Female,27831.0,2023-06-23,Active,6113,Normal,Currently Working
102791,6141,Chatura Naik,Picker,Female,64834.0,2025-04-01,Active,6141,Normal,Currently Working
102792,6135,Kabir Datta,Delivery Rider,Male,45503.0,2022-12-30,Resigned,6135,Normal,Resigned
102793,6101,Farhan Atwal,Quality Checker,Male,39920.0,2023-07-06,Active,6101,Normal,Currently Working
102794,6029,Nandini Khare,Picker,Male,50326.0,2025-11-24,On Leave,6029,Normal,On Leave
102795,6143,Unnati Kumar,Quality Checker,Male,55134.0,2025-04-13,On Leave,6143,Normal,On Leave
102796,6056,Simon Parikh,Store Manager,Male,28779.0,2024-07-30,Active,6056,Normal,Currently Working
102797,6038,Warhi Batta,Picker,Male,49548.0,2025-05-05,Resigned,6038,Normal,Resigned
102798,6080,Gavin Kanda,Delivery Rider,Female,50683.0,2022-09-10,Active,6080,Normal,Currently Working
102799,6102,Yashawini Manda,Picker,Male,47219.0,2024-06-07,Active,6102,Normal,Currently Working
102800,6042,Jatin Koshy,Delivery Rider,Male,41509.0,2023-09-20,On Leave,6042,Normal,On Leave
102801,6149,Dayita Varty,Delivery Rider,Female,27996.0,2026-01-01,Active,6149,Normal,Currently Working
102802,6053,Ojas Kamdar,Picker,Unknown,45155.0,2026-06-10,Resigned,6053,Normal,Resigned
102803,6024,Yatin Naidu,Quality Checker,Female,57698.0,2025-04-20,Active,6024,Normal,Currently Working
102804,6038,Yatan Patil,Store Manager,Female,16145.0,2026-05-28,Active,6038,Normal,Currently Working
102805,6129,Diya Rout,Delivery Rider,Female,19243.0,2025-02-06,Resigned,6129,Normal,Resigned
102806,6129,Nakul Mital,Picker,Female,38205.0,2023-11-23,Resigned,6129,Normal,Resigned
102807,6010,Yashoda D’Alia,Delivery Rider,Female,36579.0,2026-05-26,Active,6010,Normal,Currently Working
102808,6004,Januja Sharaf,Store Manager,Male,26283.0,2023-08-16,Active,6004,Normal,Currently Working
102809,6085,Harish Sandal,Store Manager,Female,46441.0,2024-01-25,On Leave,6085,Normal,On Leave
102810,6090,Aashi Ray,Inventory Associate,Unknown,58560.0,2025-03-04,On Leave,6090,Normal,On Leave
102811,6007,Yachana Dube,Picker,Female,23508.0,2025-02-07,On Leave,6007,Normal,On Leave
102812,6012,Bakhshi Chakraborty,Store Manager,Male,15562.0,2024-03-30,Active,6012,Normal,Currently Working
102813,6097,Madhavi Nath,Packer,Male,30596.0,2023-06-09,Resigned,6097,Normal,Resigned
102814,6022,Dipta Kulkarni,Picker,Male,28498.0,2023-03-14,Resigned,6022,Normal,Resigned
102815,6129,Gaurika Patla,Delivery Rider,Male,35788.0,2023-06-16,Active,6129,Normal,Currently Working
102816,6067,Tripti Khatri,Delivery Rider,Female,20806.0,2026-08-14,Resigned,6067,Normal,Resigned
102817,6075,Sarthak Solanki,Packer,Female,21296.0,2026-05-31,Active,6075,Normal,Currently Working
102818,6085,Diya Mander,Picker,Male,16472.0,2022-10-14,Active,6085,Normal,Currently Working
102819,6108,Udyati Ratta,Delivery Rider,Female,60252.0,2022-10-09,Resigned,6108,Normal,Resigned
102820,6067,Qarin Gera,Delivery Rider,Female,41858.0,2023-07-16,Resigned,6067,Normal,Resigned
102821,6006,Chaaya Bhatt,Quality Checker,Female,38018.0,2023-12-12,Active,6006,Normal,Currently Working
102822,6145,Aayush Shan,Delivery Rider,Male,31610.0,2023-09-04,Active,6145,Normal,Currently Working
102823,6138,Amaira Dyal,Picker,Female,30088.0,2026-05-26,Active,6138,Normal,Currently Working
102824,6026,Yashodhara Lanka,Picker,Male,60986.0,2023-06-24,Active,6026,Normal,Currently Working
102825,6058,Michael Shukla,Inventory Associate,Female,57061.0,2026-03-31,Active,6058,Normal,Currently Working
102826,6142,Quincy Arora,Picker,Female,19466.0,2022-12-01,Resigned,6142,Normal,Resigned
102827,6008,Laban Nagi,Inventory Associate,Male,44949.0,2024-03-01,On Leave,6008,Normal,On Leave
102828,6138,Rehaan Subramanian,Quality Checker,Female,24667.0,2025-07-18,On Leave,6138,Normal,On Leave
102829,6018,Zarna Padmanabhan,Picker,Male,23606.0,2024-11-16,Active,6018,Normal,Currently Working
102830,6001,Urvi Panchal,Inventory Associate,Male,25146.0,2023-01-31,Active,6001,Normal,Currently Working
102831,6103,Chandran Vora,Packer,Female,36618.0,2024-12-01,Active,6103,Normal,Currently Working
102832,6142,Pushti Karnik,Picker,Female,31901.0,2024-06-01,Active,6142,Normal,Currently Working
102833,6059,Mekhala Rattan,Store Manager,Unknown,59441.0,2024-09-23,Active,6059,Normal,Currently Working
102834,6043,Warda Srinivas,Inventory Associate,Female,26314.0,2024-09-29,Active,6043,Normal,Currently Working
102835,6142,Sathvik Kunda,Picker,Female,14852.0,2023-08-28,Active,6142,Normal,Currently Working
102836,6111,Isaac Bora,Picker,Male,44208.0,2024-06-30,Active,6111,Normal,Currently Working
102837,6148,Leela Dada,Packer,Female,41804.0,2024-04-21,Active,6148,Normal,Currently Working
102838,6143,Ishita Ramaswamy,Picker,Male,24197.0,2025-01-06,Resigned,6143,Normal,Resigned
102839,6041,Yashica Mutti,Picker,Female,38704.0,2023-03-29,On Leave,6041,Normal,On Leave
102840,6132,Chatura Lal,Inventory Associate,Female,48711.0,2023-02-24,On Leave,6132,Normal,On Leave
102841,6120,Advik Pai,Inventory Associate,Female,40526.0,2023-10-09,On Leave,6120,Normal,On Leave
102842,6023,Thomas Karan,Delivery Rider,Male,38582.0,2024-06-06,On Leave,6023,Normal,On Leave
102843,6104,Hredhaan Sandal,Quality Checker,Female,56978.0,2025-01-15,Resigned,6104,Normal,Resigned
102844,6037,Raksha Nath,Picker,Female,46391.0,2023-07-09,Active,6037,Normal,Currently Working
102845,6046,Ekantika Memon,Delivery Rider,Unknown,29897.0,2023-10-30,Active,6046,Normal,Currently Working
102846,6118,Dakshesh Mukherjee,Picker,Female,29431.0,2026-08-09,On Leave,6118,Normal,On Leave
102847,6002,Kalpit Wable,Picker,Male,24302.0,2023-01-20,On Leave,6002,Normal,On Leave
102848,6068,Sai Boase,Picker,Male,52286.0,2023-07-10,Active,6068,Normal,Currently Working
102849,6072,Abha Balan,Picker,Female,58765.0,2025-11-28,Active,6072,Normal,Currently Working
102850,6027,Ayush Subramanian,Quality Checker,Male,19314.0,2024-10-06,Active,6027,Normal,Currently Working
102851,6075,Gavin Kaul,Store Manager,Female,36085.0,2026-06-09,Resigned,6075,Normal,Resigned
102852,6094,Krisha Trivedi,Delivery Rider,Male,44290.0,2026-03-25,Active,6094,Normal,Currently Working
102853,6003,Widisha Mand,Picker,Female,37600.0,2024-03-03,Resigned,6003,Normal,Resigned
102854,6126,Nisha Vohra,Packer,Female,40162.0,2024-06-23,Resigned,6126,Normal,Resigned
102855,6040,Nicholas Buch,Packer,Unknown,52498.0,2023-08-18,Resigned,6040,Normal,Resigned
102856,6086,Anthony Dora,Packer,Female,46857.0,2025-09-16,Active,6086,Normal,Currently Working
102857,6042,Finn Balay,Quality Checker,Female,18265.0,2025-02-24,Active,6042,Normal,Currently Working
102858,6131,Barkha Pandit,Delivery Rider,Male,44839.0,2023-06-23,Resigned,6131,Normal,Resigned
102859,6143,Balhaar Atwal,Delivery Rider,Female,50983.0,2022-11-29,Active,6143,Normal,Currently Working
102860,6098,Ijaya Sinha,Packer,Unknown,54687.0,2023-03-09,Active,6098,Normal,Currently Working
102861,6122,Abhiram Gaba,Quality Checker,Unknown,18219.0,2025-10-14,On Leave,6122,Normal,On Leave
102862,6036,Zansi Borra,Picker,Male,41211.0,2022-03-09,Active,6036,Normal,Currently Working
102863,6009,Joshua Majumdar,Inventory Associate,Male,59664.0,2022-10-23,Active,6009,Normal,Currently Working
102864,6104,Tripti Parmar,Picker,Male,42199.0,2024-07-14,Active,6104,Normal,Currently Working
102865,6099,Amara Grewal,Picker,Female,31539.0,2025-06-03,Active,6099,Normal,Currently Working
102866,6003,Alexander Borah,Picker,Male,28668.0,2024-09-27,On Leave,6003,Normal,On Leave
102867,6140,Lakshit Rai,Picker,Female,37136.0,2025-06-03,On Leave,6140,Normal,On Leave
102868,6132,Chandani Vyas,Quality Checker,Female,50916.0,2024-11-14,Active,6132,Normal,Currently Working
102869,6141,Advik Sahni,Picker,Female,25545.0,2026-08-10,On Leave,6141,Normal,On Leave
102870,6003,George Singh,Inventory Associate,Female,24811.0,2025-04-01,Active,6003,Normal,Currently Working
102871,6111,Anirudh Sridhar,Packer,Female,22730.0,2025-10-25,Resigned,6111,Normal,Resigned
102872,6139,Reyansh Naik,Delivery Rider,Male,46241.0,2026-03-06,Resigned,6139,Normal,Resigned
102873,6109,Ria Majumdar,Packer,Unknown,49922.0,2023-08-11,Active,6109,Normal,Currently Working
102874,6036,Zashil Thakkar,Picker,Unknown,63195.0,2023-02-04,Active,6036,Normal,Currently Working
102875,6023,Chatresh Narula,Quality Checker,Male,25459.0,2023-02-02,Resigned,6023,Normal,Resigned
102876,6066,Pavani Mannan,Picker,Unknown,41371.0,2023-10-27,Active,6066,Normal,Currently Working
102877,6026,Ranveer Seshadri,Delivery Rider,Male,35089.0,2022-11-23,Active,6026,Normal,Currently Working
102878,6004,Faraj Verma,Picker,Female,40612.0,2024-11-24,Active,6004,Normal,Currently Working
102879,6144,Jai Pradhan,Inventory Associate,Female,14913.0,2024-04-22,Resigned,6144,Normal,Resigned
102880,6014,Inaya De,Delivery Rider,Male,15452.0,2023-05-07,Active,6014,Normal,Currently Working
102881,6019,Ridhi Radhakrishnan,Inventory Associate,Female,28508.0,2025-04-02,Active,6019,Normal,Currently Working
102882,6100,Robert Das,Packer,Male,38173.0,2023-01-10,On Leave,6100,Normal,On Leave
102883,6076,Zarna Ratta,Store Manager,Female,43009.0,2025-03-25,Resigned,6076,Normal,Resigned
102884,6071,Isaac Iyengar,Inventory Associate,Unknown,42162.0,2025-10-05,Active,6071,Normal,Currently Working
102885,6087,Inaya Banik,Picker,Female,38424.5,2026-05-03,Resigned,6087,Normal,Resigned
102886,6042,Yadavi Kurian,Store Manager,Male,64235.0,2025-10-22,Resigned,6042,Normal,Resigned
102887,6006,Wakeeta Lad,Picker,Female,46378.0,2024-08-03,Active,6006,Normal,Currently Working
102888,6070,Devansh Sachar,Quality Checker,Female,21210.0,2024-10-20,Resigned,6070,Normal,Resigned
102889,6051,Vincent Karan,Delivery Rider,Male,44149.0,2025-01-03,On Leave,6051,Normal,On Leave
102890,6060,Mohammed Memon,Store Manager,Unknown,26618.0,2026-03-23,Resigned,6060,Normal,Resigned
102891,6095,Jeevika Krishnan,Picker,Unknown,64938.0,2024-08-04,Active,6095,Normal,Currently Working
102892,6048,Omkaar Parsa,Picker,Unknown,31628.0,2025-08-02,Active,6048,Normal,Currently Working
102893,6125,Bhavani Chandran,Packer,Male,36135.0,2023-05-31,Active,6125,Normal,Currently Working
102894,6120,Amrita Sarraf,Picker,Female,41240.0,2024-02-07,Resigned,6120,Normal,Resigned
102895,6143,Abhiram Khare,Store Manager,Male,46383.0,2025-08-18,Active,6143,Normal,Currently Working
102896,6007,Wazir Nath,Store Manager,Male,55260.0,2024-10-19,Active,6007,Normal,Currently Working
102897,6126,Jagvi Nagar,Picker,Female,55875.0,2023-01-03,Active,6126,Normal,Currently Working
102898,6130,Harshil Bakshi,Inventory Associate,Male,43652.0,2023-09-07,Active,6130,Normal,Currently Working
102899,6080,Abhimanyu Khare,Delivery Rider,Female,63611.0,2023-10-29,Resigned,6080,Normal,Resigned
102900,6003,Eshana Johal,Picker,Female,27438.0,2024-08-21,Active,6003,Normal,Currently Working
102901,6071,Omkaar Iyer,Inventory Associate,Male,51508.0,2024-07-17,Active,6071,Normal,Currently Working
102902,6131,Nihal Doctor,Delivery Rider,Female,39424.5,2023-11-17,On Leave,6131,Normal,On Leave
102903,6102,Dipta Prasad,Packer,Male,26053.0,2026-05-24,On Leave,6102,Normal,On Leave
102904,6048,Ethan Singhal,Delivery Rider,Male,27368.0,2025-06-11,Resigned,6048,Normal,Resigned
102905,6042,Tara Ghosh,Picker,Male,53058.0,2022-12-25,On Leave,6042,Normal,On Leave
102906,6068,Mohini Sundaram,Picker,Unknown,26894.0,2024-09-05,Active,6068,Normal,Currently Working
102907,6144,Samar Murty,Delivery Rider,Female,51985.0,2025-06-23,Active,6144,Normal,Currently Working
102908,6064,Alexander Chand,Packer,Male,40023.0,2023-11-15,Resigned,6064,Normal,Resigned
102909,6100,Guneet Bali,Picker,Female,53692.0,2023-06-06,Active,6100,Normal,Currently Working
102910,6020,Samar Nagi,Quality Checker,Female,19851.0,2026-07-14,Active,6020,Normal,Currently Working
102911,6058,Alexander Shah,Store Manager,Female,50662.0,2026-01-02,Resigned,6058,Normal,Resigned
102912,6075,Faraj Dhar,Store Manager,Female,36651.0,2025-11-24,Active,6075,Normal,Currently Working
102913,6077,Wyatt Mangal,Delivery Rider,Male,44924.0,2025-01-06,Active,6077,Normal,Currently Working
102914,6108,Yochana Barad,Quality Checker,Female,45329.0,2025-04-26,Active,6108,Normal,Currently Working
102915,6102,Jatin Radhakrishnan,Delivery Rider,Male,16579.0,2024-11-08,Active,6102,Normal,Currently Working
102916,6029,Viraj Warrior,Delivery Rider,Male,22320.0,2022-12-30,Active,6029,Normal,Currently Working
102917,6122,Janaki Nayar,Picker,Male,21077.0,2026-04-21,Active,6122,Normal,Currently Working
102918,6126,Upasna Borah,Picker,Female,50301.0,2024-09-04,Active,6126,Normal,Currently Working
102919,6096,Sai Kumer,Delivery Rider,Male,15443.0,2024-10-27,Active,6096,Normal,Currently Working
102920,6088,Ojasvi Borde,Inventory Associate,Male,37949.0,2026-01-14,On Leave,6088,Normal,On Leave
102921,6001,Gagan Purohit,Inventory Associate,Female,45128.0,2024-02-05,Active,6001,Normal,Currently Working
102922,6130,Warhi Subramaniam,Delivery Rider,Female,56782.0,2023-10-29,Active,6130,Normal,Currently Working
102923,6090,Zinal Nadkarni,Store Manager,Female,16923.0,2023-02-03,Resigned,6090,Normal,Resigned
102924,6096,Chanakya Dixit,Packer,Male,44649.0,2024-05-25,Active,6096,Normal,Currently Working
102925,6108,Tanish Date,Packer,Female,42800.0,2026-01-06,Resigned,6108,Normal,Resigned
102926,6025,Aarush Dua,Picker,Male,49024.0,2025-08-12,Active,6025,Normal,Currently Working
102927,6008,Eiravati Sundaram,Inventory Associate,Female,34007.0,2026-07-30,On Leave,6008,Normal,On Leave
102928,6072,Jagdish Loke,Delivery Rider,Female,59797.0,2022-10-12,Resigned,6072,Normal,Resigned
102929,6106,Wishi Tata,Packer,Male,15742.0,2022-11-12,Active,6106,Normal,Currently Working
102930,6068,Warhi Nayar,Store Manager,Male,35818.0,2026-02-25,Active,6068,Normal,Currently Working
102931,6083,Anay Batra,Inventory Associate,Female,54250.0,2026-08-09,Active,6083,Normal,Currently Working
102932,6033,Mohammed Jha,Delivery Rider,Male,37406.0,2025-04-04,On Leave,6033,Normal,On Leave
102933,6003,Pallavi Gola,Quality Checker,Female,55778.0,2023-08-12,Active,6003,Normal,Currently Working
102934,6084,Dev Nagar,Quality Checker,Male,30514.0,2024-12-08,Active,6084,Normal,Currently Working
102935,6094,Yoshita Gill,Delivery Rider,Male,41265.0,2026-07-07,Active,6094,Normal,Currently Working
102936,6010,Krishna Issac,Quality Checker,Male,17910.0,2023-03-17,Resigned,6010,Normal,Resigned
102937,6116,Alexander Mukherjee,Store Manager,Female,49934.0,2023-02-14,Resigned,6116,Normal,Resigned
102938,6025,Rachana Handa,Delivery Rider,Male,39424.5,2026-02-10,Active,6025,Normal,Currently Working
102939,6100,Max Bhagat,Picker,Male,18322.0,2025-05-02,Active,6100,Normal,Currently Working
102940,6051,Nidhi Shere,Inventory Associate,Male,54953.0,2024-05-08,Active,6051,Normal,Currently Working
102941,6083,Patrick Baral,Store Manager,Male,19149.0,2024-08-27,Active,6083,Normal,Currently Working
102942,6088,Vaishnavi Sama,Delivery Rider,Male,62926.0,2024-10-19,Active,6088,Normal,Currently Working
102943,6038,Chaaya Dixit,Picker,Male,41178.0,2023-08-17,Resigned,6038,Normal,Resigned
102944,6028,Kai Dugar,Quality Checker,Female,63224.0,2022-11-05,On Leave,6028,Normal,On Leave
102945,6066,Manan Arya,Picker,Male,36170.0,2024-04-26,Resigned,6066,Normal,Resigned
102946,6011,Jhalak Walla,Delivery Rider,Male,39424.5,2026-05-06,Active,6011,Normal,Currently Working
102947,6007,Widisha Loyal,Picker,Female,41297.0,2025-11-13,On Leave,6007,Normal,On Leave
102948,6119,Chatura Rau,Picker,Male,30000.0,2025-11-12,Resigned,6119,Normal,Resigned
102949,6018,Teerth Oommen,Packer,Male,19990.0,2025-07-06,Active,6018,Normal,Currently Working
102950,6103,Divya Gill,Delivery Rider,Female,39424.5,2026-02-22,Active,6103,Normal,Currently Working
102951,6028,Harsh Kakar,Store Manager,Male,57897.0,2025-08-16,On Leave,6028,Normal,On Leave
102952,6006,Ekapad Chakraborty,Quality Checker,Male,44252.0,2025-06-28,Active,6006,Normal,Currently Working
102953,6017,Harita Pandey,Quality Checker,Female,19819.0,2023-01-14,On Leave,6017,Normal,On Leave
102954,6001,Yuvraj Doshi,Picker,Male,60472.0,2025-05-30,Resigned,6001,Normal,Resigned
102955,6016,Ridhi Lad,Quality Checker,Female,39702.5,2024-07-26,Active,6016,Normal,Currently Working
102956,6039,Yauvani Naik,Picker,Male,62171.0,2025-01-24,Active,6039,Normal,Currently Working
102957,6150,Divya Sachdeva,Store Manager,Male,17496.0,2025-06-27,Resigned,6150,Normal,Resigned
102958,6075,Michael Narain,Quality Checker,Male,27186.0,2024-10-28,Active,6075,Normal,Currently Working
102959,6040,Vivaan Ramaswamy,Store Manager,Male,48435.0,2025-11-18,Active,6040,Normal,Currently Working
102960,6132,Pooja Karan,Quality Checker,Female,20149.0,2025-11-10,Active,6132,Normal,Currently Working
102961,6046,Charvi Suri,Inventory Associate,Male,29199.0,2024-02-12,On Leave,6046,Normal,On Leave
102962,6104,Ekiya Dhingra,Delivery Rider,Male,62958.0,2024-02-26,Active,6104,Normal,Currently Working
102963,6078,Anthony Uppal,Picker,Male,26634.0,2025-06-25,Resigned,6078,Normal,Resigned
102964,6117,Triya Contractor,Delivery Rider,Male,23112.0,2023-08-22,Active,6117,Normal,Currently Working
102965,6101,Pavani Hora,Inventory Associate,Male,55718.0,2026-08-11,Active,6101,Normal,Currently Working
102966,6075,Vrinda Madan,Picker,Female,32373.0,2024-07-01,Active,6075,Normal,Currently Working
102967,6071,Veer Narayan,Delivery Rider,Female,38481.0,2025-04-02,On Leave,6071,Normal,On Leave
102968,6005,Anirudh Kala,Delivery Rider,Female,46461.0,2024-08-24,Active,6005,Normal,Currently Working
102969,6065,Falan Oak,Store Manager,Female,31416.0,2026-05-17,Active,6065,Normal,Currently Working
102970,6043,Mason Warrior,Store Manager,Male,49010.0,2022-11-07,Active,6043,Normal,Currently Working
102971,6031,Ira Sarin,Delivery Rider,Male,20110.0,2023-11-20,Active,6031,Normal,Currently Working
102972,6129,Pallavi Kothari,Delivery Rider,Male,27666.0,2023-09-12,Active,6129,Normal,Currently Working
102973,6049,Rachit Warrior,Inventory Associate,Unknown,48088.0,2026-04-27,Resigned,6049,Normal,Resigned
102974,6094,Anika Sibal,Picker,Female,59701.0,2023-10-18,Active,6094,Normal,Currently Working
102975,6094,Vrinda Loyal,Picker,Female,41347.0,2023-05-29,Resigned,6094,Normal,Resigned
102976,6150,Nandini Bali,Delivery Rider,Female,58018.0,2022-11-03,Resigned,6150,Normal,Resigned
102977,6016,Anvi Dey,Inventory Associate,Female,43325.0,2024-03-21,Active,6016,Normal,Currently Working
102978,6132,Zarna Lad,Store Manager,Male,32052.0,2022-10-09,Active,6132,Normal,Currently Working
102979,6148,Neel Loyal,Picker,Female,50706.0,2024-05-09,Resigned,6148,Normal,Resigned
102980,6024,Dalaja Parmar,Picker,Female,34444.0,2023-02-17,Active,6024,Normal,Currently Working
102981,6020,Aachal Dass,Inventory Associate,Female,25350.0,2024-07-08,Active,6020,Normal,Currently Working
102982,6048,Veda Bose,Store Manager,Male,25433.0,2024-10-24,Resigned,6048,Normal,Resigned
102983,6019,Yatan Cherian,Picker,Unknown,20886.0,2025-12-03,Active,6019,Normal,Currently Working
102984,6047,Priya Sule,Picker,Female,34720.0,2023-10-25,On Leave,6047,Normal,On Leave
102985,6025,Andrew Choudhry,Delivery Rider,Female,18093.0,2024-12-24,Resigned,6025,Normal,Resigned
102986,6148,Gagan Patil,Quality Checker,Female,27356.0,2022-12-10,Resigned,6148,Normal,Resigned
102987,6089,Yatin Suri,Inventory Associate,Male,42563.0,2023-04-13,Resigned,6089,Normal,Resigned
102988,6032,Zinal Barman,Picker,Male,25452.0,2026-02-12,Active,6032,Normal,Currently Working
102989,6119,Ucchal Vohra,Quality Checker,Male,35950.0,2025-06-22,Active,6119,Normal,Currently Working
102990,6046,Dakshesh Bhatti,Delivery Rider,Female,58361.0,2023-02-12,Active,6046,Normal,Currently Working
102991,6150,Yadavi Rao,Picker,Male,14857.0,2023-07-25,Resigned,6150,Normal,Resigned
102992,6087,Idika Toor,Quality Checker,Male,17716.0,2023-05-22,On Leave,6087,Normal,On Leave
102993,6116,Bhavna Bandi,Delivery Rider,Unknown,51617.0,2025-08-24,Resigned,6116,Normal,Resigned
102994,6009,Quincy Halder,Store Manager,Male,56979.0,2026-07-03,On Leave,6009,Normal,On Leave
102995,6030,Yatan Choudhury,Picker,Male,22146.0,2023-08-16,Resigned,6030,Normal,Resigned
102996,6131,Hritik Dhar,Delivery Rider,Female,64013.0,2022-11-04,Active,6131,Normal,Currently Working
102997,6015,Anmol Agate,Quality Checker,Male,51476.0,2025-03-18,Resigned,6015,Normal,Resigned
102998,6145,Farhan Batta,Picker,Male,22129.0,2022-09-06,Resigned,6145,Normal,Resigned
102999,6075,Ekanta Handa,Packer,Female,28620.0,2025-12-08,Active,6075,Normal,Currently Working
103000,6051,Banjeet Patil,Inventory Associate,Female,39459.0,2023-04-30,Active,6051,Normal,Currently Working
103001,6146,Kai Hegde,Picker,Unknown,18601.0,2023-03-16,Active,6146,Normal,Currently Working
103002,6135,Shravya Dhar,Picker,Female,45816.0,2025-06-27,On Leave,6135,Normal,On Leave
103003,6002,Rachana Rajan,Picker,Male,21302.0,2025-04-10,Active,6002,Normal,Currently Working
103004,6105,Chameli Nayak,Packer,Male,32307.0,2024-03-23,Resigned,6105,Normal,Resigned
103005,6119,Anthony Rajagopal,Packer,Female,21858.0,2026-04-21,Active,6119,Normal,Currently Working
103006,6119,Lajita Ganesh,Picker,Male,33381.0,2024-12-14,Resigned,6119,Normal,Resigned
103007,6009,Suhani Som,Inventory Associate,Unknown,32025.0,2022-11-18,Active,6009,Normal,Currently Working
103008,6017,Alexander Bhargava,Delivery Rider,Unknown,22527.0,2023-03-11,Active,6017,Normal,Currently Working
103009,6100,Barkha Mane,Delivery Rider,Male,40219.0,2023-03-11,Active,6100,Normal,Currently Working
103010,6127,Samuel Varghese,Inventory Associate,Male,22382.0,2023-01-20,Resigned,6127,Normal,Resigned
103011,6029,Yadavi Hegde,Packer,Female,53412.0,2023-07-18,Resigned,6029,Normal,Resigned
103012,6106,Wriddhish Doctor,Quality Checker,Female,27599.0,2026-03-10,Active,6106,Normal,Currently Working
103013,6075,Aditya Chawla,Picker,Female,40324.0,2024-12-18,Active,6075,Normal,Currently Working
103014,6032,Raghav Kade,Delivery Rider,Male,39424.5,2024-12-08,Active,6032,Normal,Currently Working
103015,7009,Xalak Tiwari,Picker,Male,22616.0,2022-09-24,Active,6010,Normal,Currently Working
103016,6024,Tanveer Swaminathan,Inventory Associate,Female,22595.0,2024-07-01,Active,6024,Normal,Currently Working
103017,6125,Rushil Taneja,Inventory Associate,Male,53748.0,2026-05-01,Active,6125,Normal,Currently Working
103018,6036,Riya Dutt,Delivery Rider,Female,25874.0,2023-05-21,Active,6036,Normal,Currently Working
103019,6110,Charita Modi,Packer,Male,62648.0,2026-05-02,Resigned,6110,Normal,Resigned
103020,6051,Edhitha Cherian,Picker,Female,44382.0,2026-06-03,On Leave,6051,Normal,On Leave
103021,6021,Prisha Bassi,Picker,Male,37307.0,2026-03-16,Resigned,6021,Normal,Resigned
103022,6143,Udarsh Sahni,Packer,Unknown,54203.0,2024-06-06,Active,6143,Normal,Currently Working
103023,6136,Charvi Gole,Quality Checker,Female,15828.0,2025-10-26,Active,6136,Normal,Currently Working
103024,6020,Gautami Saini,Packer,Female,35458.0,2023-07-01,On Leave,6020,Normal,On Leave
103025,6120,Balvan Sabharwal,Store Manager,Male,36995.0,2022-11-18,Active,6120,Normal,Currently Working
103026,6013,Rachana Oak,Picker,Male,18704.0,2023-12-17,On Leave,6013,Normal,On Leave
103027,6091,Udyati Srinivas,Inventory Associate,Female,47358.0,2024-07-02,Active,6091,Normal,Currently Working
103028,6100,Owen Kara,Delivery Rider,Male,31422.0,2024-04-18,Active,6100,Normal,Currently Working
103029,6145,Chanchal Pandit,Store Manager,Male,25953.0,2025-11-15,Resigned,6145,Normal,Resigned
103030,6069,Mohini Sunder,Picker,Male,18661.0,2026-02-17,Active,6069,Normal,Currently Working
103031,6075,Karan Ravel,Quality Checker,Female,49896.0,2024-01-27,Active,6075,Normal,Currently Working
103032,6106,Saumya Sunder,Packer,Female,35425.0,2023-07-29,Resigned,6106,Normal,Resigned
103033,6113,Samaksh Mohan,Inventory Associate,Male,59409.0,2023-08-31,Active,6113,Normal,Currently Working
103034,6057,Janya Behl,Quality Checker,Male,24551.0,2022-11-26,Active,6057,Normal,Currently Working
103035,6006,Pushti Bawa,Store Manager,Female,61313.0,2025-12-22,Active,6006,Normal,Currently Working
103036,6129,Amruta Wason,Delivery Rider,Male,37967.0,2024-07-13,On Leave,6129,Normal,On Leave
103037,6012,Yoshita Sanghvi,Picker,Female,47309.0,2023-05-24,Active,6012,Normal,Currently Working
103038,6085,Yahvi Barad,Delivery Rider,Unknown,57491.0,2023-02-01,Resigned,6085,Normal,Resigned
103039,6040,Dalaja Singhal,Inventory Associate,Male,35343.0,2023-09-12,Active,6040,Normal,Currently Working
103040,6042,Chaman Hayer,Store Manager,Male,55774.0,2023-02-28,Resigned,6042,Normal,Resigned
103041,6054,Wakeeta Halder,Delivery Rider,Male,57038.0,2025-08-25,Resigned,6054,Normal,Resigned
103042,6100,Nathan Nori,Picker,Male,48559.0,2025-04-03,Active,6100,Normal,Currently Working
103043,6091,Banjeet Kulkarni,Picker,Male,62507.0,2024-02-29,Active,6091,Normal,Currently Working
103044,6032,Yasti Varughese,Store Manager,Female,43577.0,2023-09-15,Active,6032,Normal,Currently Working
103045,6025,Meera Bakshi,Packer,Female,55482.0,2025-11-24,Active,6025,Normal,Currently Working
103046,6004,Abhimanyu Shah,Packer,Female,31410.0,2026-07-24,Active,6004,Normal,Currently Working
103047,6025,Nandini Jaggi,Store Manager,Female,25158.0,2024-02-02,Active,6025,Normal,Currently Working
103048,6002,Charles Dugal,Quality Checker,Female,20201.0,2025-02-02,Active,6002,Normal,Currently Working
103049,6144,Vansha Mistry,Quality Checker,Male,39702.5,2024-07-27,Resigned,6144,Normal,Resigned
103050,6025,Rudra Gandhi,Picker,Male,35499.0,2023-04-20,Active,6025,Normal,Currently Working
103051,6147,Lucky Dani,Delivery Rider,Unknown,57748.0,2024-12-13,Active,6147,Normal,Currently Working
103052,6009,Bakhshi Zacharia,Store Manager,Male,52557.0,2025-11-09,Resigned,6009,Normal,Resigned
103053,6029,Vedant D’Alia,Packer,Female,42981.0,2022-08-21,Active,6029,Normal,Currently Working
103054,6117,Anay Hans,Picker,Male,17633.0,2026-07-30,Active,6117,Normal,Currently Working
103055,6085,Avi Khurana,Delivery Rider,Female,61350.0,2023-01-07,Resigned,6085,Normal,Resigned
103056,6013,Vrinda Gupta,Delivery Rider,Unknown,49784.0,2023-11-02,Active,6013,Normal,Currently Working
103057,6053,Champak Gour,Inventory Associate,Female,33382.0,2025-01-13,On Leave,6053,Normal,On Leave
103058,6015,Tristan Mital,Picker,Female,55978.0,2023-11-18,Active,6015,Normal,Currently Working
103059,6117,Rushil Chada,Inventory Associate,Male,42657.0,2025-06-08,Active,6117,Normal,Currently Working
103060,6085,Ladli Arya,Delivery Rider,Female,40963.0,2026-04-22,Active,6085,Normal,Currently Working
103061,6045,Sai Sethi,Quality Checker,Female,38621.0,2023-09-19,Resigned,6045,Normal,Resigned
103062,6138,Abhiram Kar,Delivery Rider,Male,37831.0,2025-08-26,On Leave,6138,Normal,On Leave
103063,6101,Meera Bedi,Store Manager,Male,20841.0,2025-03-18,Active,6101,Normal,Currently Working
103064,6128,Agastya Kumer,Delivery Rider,Female,33450.0,2025-03-05,Active,6128,Normal,Currently Working
103065,6004,Oni Mann,Inventory Associate,Female,25630.0,2022-11-10,Resigned,6004,Normal,Resigned
103066,6030,Divya Ganguly,Packer,Female,57105.0,2025-05-30,Active,6030,Normal,Currently Working
103067,6040,Robert Anand,Delivery Rider,Female,17746.0,2024-04-01,On Leave,6040,Normal,On Leave
103068,6074,Pranit Mangat,Delivery Rider,Male,22467.0,2024-05-25,On Leave,6074,Normal,On Leave
103069,6064,Gauri Radhakrishnan,Store Manager,Male,32381.0,2022-11-06,Active,6064,Normal,Currently Working
103070,6146,Ridhi Sarna,Inventory Associate,Female,22274.0,2026-08-10,Resigned,6146,Normal,Resigned
103071,6088,Robert Warrior,Picker,Female,29200.0,2025-05-10,Resigned,6088,Normal,Resigned
103072,6123,Champak Edwin,Delivery Rider,Male,44078.0,2025-03-30,Active,6123,Normal,Currently Working
103073,6042,Megha Pau,Quality Checker,Female,61234.0,2023-07-05,Active,6042,Normal,Currently Working
103074,6125,Teerth Ganesan,Quality Checker,Female,43025.0,2023-10-24,Active,6125,Normal,Currently Working
103075,6091,Timothy Narain,Delivery Rider,Female,31373.0,2026-07-27,Resigned,6091,Normal,Resigned
103076,6102,Nathaniel Ramachandran,Store Manager,Male,20712.0,2024-12-01,Active,6102,Normal,Currently Working
103077,6065,Balveer Nagy,Picker,Male,54832.0,2023-08-26,Active,6065,Normal,Currently Working
103078,6102,Abhimanyu Desai,Inventory Associate,Female,32883.0,2025-09-12,Active,6102,Normal,Currently Working
103079,6112,Daksha Prakash,Packer,Female,31847.0,2026-03-20,Resigned,6112,Normal,Resigned
103080,6126,Faraj Sodhi,Store Manager,Male,47807.0,2025-10-25,On Leave,6126,Normal,On Leave
103081,6138,Wahab Dey,Delivery Rider,Female,27727.0,2026-05-12,Active,6138,Normal,Currently Working
103082,6129,Krish Garg,Delivery Rider,Male,47078.0,2022-11-01,Active,6129,Normal,Currently Working
103083,6023,Chakrika Raja,Quality Checker,Female,35510.0,2023-11-28,Resigned,6023,Normal,Resigned
103084,6120,Alexander Peri,Delivery Rider,Female,34138.0,2023-08-07,On Leave,6120,Normal,On Leave
103085,6140,Jack Chaudhuri,Store Manager,Female,52706.0,2022-10-02,Active,6140,Normal,Currently Working
103086,6061,Simon Manne,Store Manager,Female,50046.0,2023-05-14,On Leave,6061,Normal,On Leave
103087,6079,Bahadurjit Shroff,Packer,Female,19568.0,2022-10-02,Active,6079,Normal,Currently Working
103088,7010,Daniel Padmanabhan,Inventory Associate,Male,49383.0,2024-12-05,On Leave,6011,Normal,On Leave
103089,7010,Jacob Walia,Delivery Rider,Male,30048.0,2023-07-26,On Leave,6011,Normal,On Leave
103090,6009,Vamakshi Edwin,Picker,Female,47694.0,2024-11-25,Active,6009,Normal,Currently Working
103091,6102,Daniel Mital,Picker,Male,56633.0,2022-11-08,Resigned,6102,Normal,Resigned
103092,6010,Azaan Bhagat,Delivery Rider,Female,26488.0,2026-06-05,Active,6010,Normal,Currently Working
103093,6042,Dalbir Bajwa,Inventory Associate,Female,64434.0,2024-03-27,Active,6042,Normal,Currently Working
103094,6053,Oliver Chanda,Delivery Rider,Male,54075.0,2024-04-24,Resigned,6053,Normal,Resigned
103095,6056,Bachittar Sahota,Picker,Male,54366.0,2026-02-08,Active,6056,Normal,Currently Working
103096,6022,Samaksh Babu,Picker,Female,38504.0,2023-12-05,Active,6022,Normal,Currently Working
103097,6136,Urmi Gill,Packer,Female,46227.0,2025-12-02,Active,6136,Normal,Currently Working
103098,6032,Ekanta Prakash,Picker,Female,37042.0,2023-10-27,Active,6032,Normal,Currently Working
103099,6053,Arya Varughese,Inventory Associate,Female,48288.0,2025-08-06,Active,6053,Normal,Currently Working
103100,6129,Raghav Comar,Picker,Female,15737.0,2025-09-17,Active,6129,Normal,Currently Working
103101,6009,Patrick Pillay,Quality Checker,Female,36801.0,2024-07-19,Active,6009,Normal,Currently Working
103102,6130,Rudra Solanki,Picker,Female,28667.0,2025-12-06,Active,6130,Normal,Currently Working
103103,6126,Anirudh Shanker,Delivery Rider,Male,31709.0,2022-10-26,On Leave,6126,Normal,On Leave
103104,6043,Ira Varty,Store Manager,Female,38812.0,2024-05-26,Active,6043,Normal,Currently Working
103105,6084,Finn Shan,Picker,Male,50249.0,2022-12-28,Active,6084,Normal,Currently Working
103106,6112,Bhavika Swaminathan,Delivery Rider,Male,39986.0,2023-07-18,Active,6112,Normal,Currently Working
103107,6007,Dayamai Om,Picker,Female,55966.0,2025-06-02,Resigned,6007,Normal,Resigned
103108,6017,Amruta Purohit,Picker,Unknown,41624.0,2024-06-20,Active,6017,Normal,Currently Working
103109,6061,Wakeeta Doctor,Packer,Male,52785.0,2023-11-10,Active,6061,Normal,Currently Working
103110,6121,Henry Sharma,Quality Checker,Male,26681.0,2023-09-26,Resigned,6121,Normal,Resigned
103111,6124,Falak Aurora,Delivery Rider,Female,54017.0,2023-05-24,Resigned,6124,Normal,Resigned
103112,6129,Rayaan Sachar,Delivery Rider,Female,34997.0,2023-01-22,On Leave,6129,Normal,On Leave
103113,6147,Dalbir Merchant,Packer,Female,38995.0,2025-05-16,Resigned,6147,Normal,Resigned
103114,6114,Om Lad,Store Manager,Male,38812.0,2025-12-19,Active,6114,Normal,Currently Working
103115,6047,David Cheema,Picker,Female,45909.0,2023-07-31,Active,6047,Normal,Currently Working
103116,6036,Jagrati Khatri,Picker,Male,59588.0,2024-05-30,Active,6036,Normal,Currently Working
103117,6047,Kashvi Srinivas,Picker,Female,54843.0,2024-07-26,Resigned,6047,Normal,Resigned
103118,6085,Xavier Wason,Delivery Rider,Female,56726.0,2025-07-12,Active,6085,Normal,Currently Working
103119,6036,Eiravati Das,Delivery Rider,Male,39424.5,2023-08-05,Active,6036,Normal,Currently Working
103120,6052,Umang Hayer,Inventory Associate,Male,36253.0,2025-11-02,Active,6052,Normal,Currently Working
103121,6113,Yutika Lall,Delivery Rider,Female,58309.0,2026-07-22,Resigned,6113,Normal,Resigned
103122,6044,Sara Suri,Delivery Rider,Male,23638.0,2024-12-28,Active,6044,Normal,Currently Working
103123,6030,Urvi Dewan,Inventory Associate,Female,50867.0,2024-04-05,Active,6030,Normal,Currently Working
103124,6048,Michael Dubey,Picker,Male,52428.0,2024-12-08,Active,6048,Normal,Currently Working
103125,6042,Andrew Grover,Picker,Female,38424.5,2023-07-11,Resigned,6042,Normal,Resigned
103126,6129,Omya Bobal,Store Manager,Male,26239.0,2022-11-29,Active,6129,Normal,Currently Working
103127,6024,Owen Pradhan,Picker,Male,30978.0,2025-11-30,Resigned,6024,Normal,Resigned
103128,6114,Wriddhish Nazareth,Picker,Female,19194.0,2024-02-26,Resigned,6114,Normal,Resigned
103129,6135,Pallavi Sawhney,Quality Checker,Male,25515.0,2025-08-20,Active,6135,Normal,Currently Working
103130,6031,Eesha Bali,Quality Checker,Female,50029.0,2023-03-19,Active,6031,Normal,Currently Working
103131,6146,Jagdish Goswami,Picker,Male,40197.0,2025-02-22,Active,6146,Normal,Currently Working
103132,6011,Fariq Karnik,Picker,Female,17775.0,2023-05-28,Resigned,6011,Normal,Resigned
103133,6114,Qasim Tailor,Delivery Rider,Male,31559.0,2024-03-22,Resigned,6114,Normal,Resigned
103134,6126,Theodore Sengupta,Picker,Female,53331.0,2023-02-25,Active,6126,Normal,Currently Working
103135,6058,Vedhika Madan,Inventory Associate,Unknown,51493.0,2022-09-27,Active,6058,Normal,Currently Working
103136,6004,Amruta Rajan,Store Manager,Female,34424.0,2023-05-22,On Leave,6004,Normal,On Leave
103137,6130,Benjamin Mohanty,Quality Checker,Female,58219.0,2024-02-10,Active,6130,Normal,Currently Working
103138,6083,Bahadurjit Nori,Picker,Female,28588.0,2024-01-31,Active,6083,Normal,Currently Working
103139,6115,Abdul Dugal,Store Manager,Female,57873.0,2023-11-14,Resigned,6115,Normal,Resigned
103140,6141,Dayamai Sanghvi,Picker,Male,50648.0,2024-06-29,Active,6141,Normal,Currently Working
103141,6103,Bhavika Lad,Picker,Female,22653.0,2025-02-04,Active,6103,Normal,Currently Working
103142,6019,Samarth Sheth,Store Manager,Male,38812.0,2022-12-23,On Leave,6019,Normal,On Leave
103143,6139,Radhika Bala,Packer,Female,45049.0,2025-04-23,Active,6139,Normal,Currently Working
103144,6132,Chanchal Pathak,Delivery Rider,Female,48412.0,2024-05-24,Resigned,6132,Normal,Resigned
103145,6010,Shaurya Bali,Packer,Female,40162.0,2025-01-17,Resigned,6010,Normal,Resigned
103146,6009,Udant Ganesan,Picker,Female,38424.5,2026-07-02,On Leave,6009,Normal,On Leave
103147,6074,Jhalak Jha,Delivery Rider,Male,53022.0,2024-02-08,Active,6074,Normal,Currently Working
103148,6130,Charan Kibe,Quality Checker,Male,56595.0,2023-07-03,Resigned,6130,Normal,Resigned
103149,6046,Pooja Arya,Delivery Rider,Unknown,31198.0,2025-08-13,Resigned,6046,Normal,Resigned
103150,6115,Logan Nori,Picker,Male,25333.0,2025-12-10,On Leave,6115,Normal,On Leave
103151,6145,Saksham Saraf,Delivery Rider,Female,42920.0,2024-05-18,On Leave,6145,Normal,On Leave
103152,6057,Max Tella,Picker,Female,23090.0,2025-01-26,Active,6057,Normal,Currently Working
103153,6124,Isaac Bhatt,Quality Checker,Female,23727.0,2023-07-07,Resigned,6124,Normal,Resigned
103154,6137,Jhalak Balasubramanian,Delivery Rider,Male,48970.0,2024-12-03,On Leave,6137,Normal,On Leave
103155,6127,Anirudh Bhattacharyya,Store Manager,Male,30557.0,2026-04-16,On Leave,6127,Normal,On Leave
103156,6055,Damyanti Pall,Inventory Associate,Female,38926.0,2026-06-19,Resigned,6055,Normal,Resigned
103157,6092,Kalpit Sodhi,Store Manager,Female,40699.0,2025-04-05,Resigned,6092,Normal,Resigned
103158,6150,Logan Tripathi,Packer,Female,19011.0,2024-02-10,Active,6150,Normal,Currently Working
103159,6015,Caleb Desai,Quality Checker,Female,20819.0,2026-06-07,Resigned,6015,Normal,Resigned
103160,6124,Ikbal Bhat,Quality Checker,Female,33306.0,2024-02-14,Resigned,6124,Normal,Resigned
103161,6022,Utkarsh Dave,Store Manager,Female,37500.0,2024-12-17,Resigned,6022,Normal,Resigned
103162,6105,Naksh Mitter,Delivery Rider,Unknown,60162.0,2024-01-13,Active,6105,Normal,Currently Working
103163,6109,Faqid Dhingra,Packer,Female,54068.0,2025-07-04,Active,6109,Normal,Currently Working
103164,6036,Peter Borra,Picker,Unknown,30841.0,2023-09-27,Active,6036,Normal,Currently Working
103165,6080,Timothy Nagi,Quality Checker,Male,36322.0,2025-03-23,Resigned,6080,Normal,Resigned
103166,6093,Meera Hora,Picker,Female,58588.0,2024-07-01,Resigned,6093,Normal,Resigned
103167,6061,Lohit Shankar,Delivery Rider,Male,35705.0,2024-01-22,Resigned,6061,Normal,Resigned
103168,6141,George Sandhu,Inventory Associate,Male,29781.0,2024-10-14,Resigned,6141,Normal,Resigned
103169,6068,Bina Tak,Store Manager,Male,21363.0,2024-04-05,Active,6068,Normal,Currently Working
103170,6096,Qasim Prasad,Picker,Female,30430.0,2024-10-15,Active,6096,Normal,Currently Working
103171,6061,Barkha Gokhale,Delivery Rider,Male,64714.0,2023-10-30,On Leave,6061,Normal,On Leave
103172,6052,Fiyaz Nagar,Delivery Rider,Male,18644.0,2023-10-25,Resigned,6052,Normal,Resigned
103173,6025,Aachal Shetty,Inventory Associate,Female,49040.0,2022-12-28,Resigned,6025,Normal,Resigned
103174,6074,Ekalinga Batra,Picker,Male,44748.0,2026-06-14,Resigned,6074,Normal,Resigned
103175,6100,Janani Minhas,Picker,Male,27384.0,2023-02-23,Active,6100,Normal,Currently Working
103176,6131,Dalaja Keer,Picker,Male,35574.0,2023-05-05,Resigned,6131,Normal,Resigned
103177,6018,Upma Sant,Picker,Female,31763.0,2026-01-06,Active,6018,Normal,Currently Working
103178,6116,Shivani Raja,Picker,Male,62902.0,2023-03-20,Active,6116,Normal,Currently Working
103179,6022,Ijaya Bhatia,Inventory Associate,Unknown,59185.0,2022-12-16,Resigned,6022,Normal,Resigned
103180,6008,Warda Taneja,Inventory Associate,Female,58256.0,2026-07-20,Resigned,6008,Normal,Resigned
103181,6031,Advika Balakrishnan,Inventory Associate,Male,25389.0,2024-04-01,Active,6031,Normal,Currently Working
103182,6069,Chasmum Rattan,Inventory Associate,Male,51554.0,2026-02-24,Resigned,6069,Normal,Resigned
103183,6138,Lohit Karpe,Packer,Male,63527.0,2024-09-09,Active,6138,Normal,Currently Working
103184,6094,Charan Misra,Picker,Female,41729.0,2026-02-21,Active,6094,Normal,Currently Working
103185,6121,Dev Narang,Picker,Female,24441.0,2025-08-18,Resigned,6121,Normal,Resigned
103186,6113,Dakshesh Narain,Picker,Female,52620.0,2025-11-03,Active,6113,Normal,Currently Working
103187,6058,Libni Kulkarni,Inventory Associate,Male,61418.0,2023-04-17,Active,6058,Normal,Currently Working
103188,6049,Dayamai Kaul,Picker,Male,42777.0,2022-12-02,Resigned,6049,Normal,Resigned
103189,6121,Lila Keer,Packer,Male,56237.0,2025-12-02,Active,6121,Normal,Currently Working
103190,6126,Wyatt Bahri,Store Manager,Male,61059.0,2025-08-08,Active,6126,Normal,Currently Working
103191,6067,Baghyawati Natt,Inventory Associate,Female,36740.0,2024-10-05,Resigned,6067,Normal,Resigned
103192,6088,Advika Sama,Quality Checker,Unknown,60867.0,2023-02-10,On Leave,6088,Normal,On Leave
103193,6071,Adweta Raman,Delivery Rider,Male,62317.0,2026-06-04,Active,6071,Normal,Currently Working
103194,6018,Kamala Sanghvi,Inventory Associate,Male,44361.0,2025-07-03,On Leave,6018,Normal,On Leave
103195,6125,Hardik Bansal,Delivery Rider,Unknown,47039.0,2023-12-16,Resigned,6125,Normal,Resigned
103196,6021,Yatan Mangat,Picker,Male,45004.0,2024-09-17,Active,6021,Normal,Currently Working
103197,6149,Nilima Patla,Packer,Female,53468.0,2026-05-18,Active,6149,Normal,Currently Working
103198,6033,Avi Lad,Inventory Associate,Female,23921.0,2022-05-10,Active,6033,Normal,Currently Working
103199,6133,Teerth Rastogi,Delivery Rider,Female,45399.0,2025-01-13,Active,6133,Normal,Currently Working
103200,6001,Omya Reddy,Store Manager,Male,21420.0,2025-04-28,Active,6001,Normal,Currently Working
103201,6022,Gabriel Iyengar,Packer,Male,40162.0,2023-06-18,Active,6022,Normal,Currently Working
103202,6087,Ganga Ghose,Quality Checker,Male,20189.0,2026-07-23,Active,6087,Normal,Currently Working
103203,6085,Falak Samra,Delivery Rider,Male,39424.5,2026-01-07,Resigned,6085,Normal,Resigned
103204,6142,Avni Kuruvilla,Delivery Rider,Male,28397.0,2024-04-01,Resigned,6142,Normal,Resigned
103205,6102,Upma Sinha,Inventory Associate,Male,14264.0,2023-06-09,Active,6102,Normal,Currently Working
103206,6042,Aahana Mitter,Inventory Associate,Male,36221.0,2026-06-30,Active,6042,Normal,Currently Working
103207,6134,Rayaan Bose,Delivery Rider,Female,43803.0,2026-07-20,Active,6134,Normal,Currently Working
103208,6148,Varsha Nori,Inventory Associate,Male,43817.0,2025-08-25,Active,6148,Normal,Currently Working
103209,6046,Eiravati Badal,Delivery Rider,Male,18587.0,2026-06-07,Resigned,6046,Normal,Resigned
103210,6131,Indira Ratti,Store Manager,Female,21505.0,2022-09-04,Active,6131,Normal,Currently Working
103211,6062,Nicholas Rajagopal,Quality Checker,Unknown,30174.0,2026-04-20,Active,6062,Normal,Currently Working
103212,6076,Charan Buch,Quality Checker,Female,39702.5,2025-01-19,Active,6076,Normal,Currently Working
103213,6004,Hemangini Kapadia,Picker,Female,47432.0,2025-06-22,Resigned,6004,Normal,Resigned
103214,6077,Warinder Agrawal,Packer,Male,58156.0,2024-03-16,Resigned,6077,Normal,Resigned
103215,6036,Hredhaan Devi,Quality Checker,Female,50692.0,2023-03-10,Active,6036,Normal,Currently Working
103216,6137,Chavvi Dasgupta,Picker,Male,38431.0,2023-10-05,Resigned,6137,Normal,Resigned
103217,6080,Gautami Munshi,Delivery Rider,Female,29744.0,2024-01-14,Resigned,6080,Normal,Resigned
103218,6129,Aditya Varghese,Picker,Female,34874.0,2023-11-15,Active,6129,Normal,Currently Working
103219,6030,Arya Ganesh,Packer,Female,15214.0,2023-02-12,Active,6030,Normal,Currently Working
103220,6148,Eiravati Johal,Inventory Associate,Female,63319.0,2022-10-10,Active,6148,Normal,Currently Working
103221,6120,Abhiram Mitter,Packer,Unknown,34140.0,2024-09-21,Active,6120,Normal,Currently Working
103222,6075,Kamya Behl,Packer,Male,40162.0,2025-02-11,Resigned,6075,Normal,Resigned
103223,6088,Ranbir Sha,Delivery Rider,Male,39097.0,2023-12-10,Resigned,6088,Normal,Resigned
103224,6011,Maanas Virk,Quality Checker,Female,40420.0,2025-11-20,Resigned,6011,Normal,Resigned
103225,6043,Tanay Contractor,Inventory Associate,Female,49750.0,2026-03-13,Resigned,6043,Normal,Resigned
103226,6121,Vasatika Roy,Quality Checker,Female,24015.0,2023-05-08,Active,6121,Normal,Currently Working
103227,6111,Manya Arora,Store Manager,Female,61476.0,2025-04-25,Resigned,6111,Normal,Resigned
103228,6026,Mitesh Narayanan,Delivery Rider,Male,64807.0,2024-12-02,Active,6026,Normal,Currently Working
103229,6106,Nitara Shenoy,Store Manager,Female,60454.0,2024-02-25,Resigned,6106,Normal,Resigned
103230,6074,Benjamin Kar,Packer,Male,43987.0,2025-06-27,Active,6074,Normal,Currently Working
103231,6056,Jairaj Dubey,Picker,Female,46624.0,2024-10-06,Active,6056,Normal,Currently Working
103232,6098,Gaurav Chacko,Picker,Female,38424.5,2026-06-21,Active,6098,Normal,Currently Working
103233,6047,Yashasvi Manda,Delivery Rider,Male,47940.0,2024-03-24,Resigned,6047,Normal,Resigned
103234,6149,Kiaan Shroff,Delivery Rider,Unknown,29810.0,2022-12-31,Active,6149,Normal,Currently Working
103235,6010,Nidra Sodhi,Delivery Rider,Male,47415.0,2024-10-13,On Leave,6010,Normal,On Leave
103236,6128,Ojasvi Garg,Picker,Male,28764.0,2024-03-22,Active,6128,Normal,Currently Working
103237,6087,Banjeet Sen,Picker,Female,59967.0,2025-11-17,Active,6087,Normal,Currently Working
103238,6074,Faris Sule,Picker,Male,22765.0,2023-06-15,Active,6074,Normal,Currently Working
103239,6009,Hiral Borah,Packer,Male,39213.0,2023-01-11,Active,6009,Normal,Currently Working
103240,6092,Darika Rajan,Delivery Rider,Male,28557.0,2023-03-19,Active,6092,Normal,Currently Working
103241,6021,Balvan Varma,Delivery Rider,Male,22339.0,2024-12-14,On Leave,6021,Normal,On Leave
103242,6085,Nandini Brar,Picker,Unknown,27607.0,2025-01-12,Active,6085,Normal,Currently Working
103243,6140,Darpan Ramachandran,Picker,Female,32428.0,2026-06-12,On Leave,6140,Normal,On Leave
103244,6066,Bachittar Kuruvilla,Store Manager,Male,23789.0,2024-04-08,Active,6066,Normal,Currently Working
103245,6083,Zashil Mukherjee,Inventory Associate,Female,40106.5,2024-02-01,Active,6083,Normal,Currently Working
103246,6033,Libni Wason,Quality Checker,Female,15817.0,2025-03-26,Active,6033,Normal,Currently Working
103247,6002,Aarnav Bal,Store Manager,Male,31929.0,2025-10-22,Resigned,6002,Normal,Resigned
103248,6081,Nirja Rai,Store Manager,Male,52026.0,2024-02-16,Active,6081,Normal,Currently Working
103249,6085,Ekavir Kannan,Picker,Female,43402.0,2022-10-10,On Leave,6085,Normal,On Leave
103250,6023,Vedant Murthy,Quality Checker,Male,21348.0,2022-10-03,Resigned,6023,Normal,Resigned
103251,6004,Chandran Ratti,Picker,Female,60397.0,2026-07-23,Active,6004,Normal,Currently Working
103252,6131,Rohan Rajagopal,Inventory Associate,Male,18931.0,2026-05-29,Active,6131,Normal,Currently Working
103253,6099,Sanya Arora,Picker,Male,60070.0,2024-07-04,Active,6099,Normal,Currently Working
103254,6040,Upkaar Palan,Delivery Rider,Male,23719.0,2025-08-20,Active,6040,Normal,Currently Working
103255,6123,Jacob Bhatti,Quality Checker,Female,47104.0,2023-10-07,On Leave,6123,Normal,On Leave
103256,6116,Ishanvi Hayre,Picker,Female,62750.0,2025-09-25,Active,6116,Normal,Currently Working
103257,6004,Tanvi Ramachandran,Delivery Rider,Male,45818.0,2026-03-17,Resigned,6004,Normal,Resigned
103258,6075,Triveni Purohit,Delivery Rider,Female,63263.0,2025-07-04,Active,6075,Normal,Currently Working
103259,6053,Anika Datta,Picker,Male,35839.0,2022-12-12,Active,6053,Normal,Currently Working
103260,6140,Januja Goda,Delivery Rider,Female,14655.0,2024-07-29,Active,6140,Normal,Currently Working
103261,6081,Nirja Sura,Packer,Male,26174.0,2022-12-14,Resigned,6081,Normal,Resigned
103262,6141,Saumya Chakrabarti,Delivery Rider,Unknown,19023.0,2022-09-04,Active,6141,Normal,Currently Working
103263,6050,Ubika Virk,Delivery Rider,Female,58676.0,2025-12-20,Active,6050,Normal,Currently Working
103264,6036,Timothy Rajagopal,Packer,Male,40162.0,2026-02-27,On Leave,6036,Normal,On Leave
103265,6016,Gopal Modi,Quality Checker,Male,24107.0,2025-12-12,Resigned,6016,Normal,Resigned
103266,6020,Yash Kadakia,Store Manager,Male,48878.0,2026-08-10,Resigned,6020,Normal,Resigned
103267,6035,Dominic Salvi,Picker,Female,37008.0,2023-08-19,Active,6035,Normal,Currently Working
103268,6117,Jonathan Dutt,Picker,Female,38895.0,2024-09-18,Active,6117,Normal,Currently Working
103269,6095,Ekani Parmar,Delivery Rider,Male,18947.0,2022-11-12,Active,6095,Normal,Currently Working
103270,6007,Odika Dugal,Store Manager,Male,33404.0,2026-06-13,On Leave,6007,Normal,On Leave
103271,6001,Vincent Padmanabhan,Store Manager,Male,18341.0,2024-12-16,Active,6001,Normal,Currently Working
103272,6116,Lekha Kala,Picker,Male,24747.0,2026-08-10,Active,6116,Normal,Currently Working
103273,6113,Indrajit Gala,Packer,Female,23537.0,2025-06-03,Active,6113,Normal,Currently Working
103274,6019,Upma Anand,Quality Checker,Female,62640.0,2025-02-28,On Leave,6019,Normal,On Leave
103275,6086,Amol Mahal,Picker,Male,17210.0,2026-12-02,Resigned,6086,Normal,Resigned
103276,6062,Chakrika Kar,Picker,Male,51167.0,2025-10-20,Active,6062,Normal,Currently Working
103277,6016,Gagan Lad,Store Manager,Male,29768.0,2022-08-19,Resigned,6016,Normal,Resigned
103278,6054,Udant Sarma,Picker,Female,41708.0,2023-04-26,Resigned,6054,Normal,Resigned
103279,6094,Eiravati Wason,Store Manager,Male,43481.0,2024-08-25,Active,6094,Normal,Currently Working
103280,6115,Adweta Chaudhry,Picker,Female,33257.0,2025-09-05,Resigned,6115,Normal,Resigned
103281,6069,Harsh Padmanabhan,Picker,Female,30378.0,2024-08-19,Active,6069,Normal,Currently Working
103282,6138,Gaurang Muni,Delivery Rider,Male,23087.0,2024-04-21,Active,6138,Normal,Currently Working
103283,6148,Eta Toor,Picker,Female,64495.0,2024-06-22,Active,6148,Normal,Currently Working
103284,6134,Tanay Merchant,Packer,Female,18955.0,2023-08-09,Active,6134,Normal,Currently Working
103285,6005,Gagan Sanghvi,Inventory Associate,Female,47453.0,2025-03-03,Active,6005,Normal,Currently Working
103286,6139,Gavin Garg,Quality Checker,Male,30462.0,2026-03-04,Resigned,6139,Normal,Resigned
103287,6005,Shivansh Chacko,Delivery Rider,Female,29879.0,2024-12-06,Resigned,6005,Normal,Resigned
103288,6144,Kala Bumb,Packer,Female,31773.0,2022-12-21,Active,6144,Normal,Currently Working
103289,6091,Michael Nagi,Delivery Rider,Male,28125.0,2023-04-05,Active,6091,Normal,Currently Working
103290,6116,David Guha,Store Manager,Female,55366.0,2023-07-05,Active,6116,Normal,Currently Working
103291,6050,Aarav Batra,Picker,Male,62554.0,2023-12-12,Resigned,6050,Normal,Resigned
103292,6138,Tanmayi Tara,Inventory Associate,Male,47742.0,2023-02-03,Resigned,6138,Normal,Resigned
103293,6028,Bina Dhingra,Store Manager,Male,23921.0,2024-07-28,On Leave,6028,Normal,On Leave
103294,6021,Wahab Sundaram,Inventory Associate,Male,40426.0,2026-06-17,Resigned,6021,Normal,Resigned
103295,6101,Rachita Nagi,Picker,Female,34748.0,2024-01-05,Active,6101,Normal,Currently Working
103296,6125,Avi Sampath,Packer,Male,34680.0,2023-10-05,On Leave,6125,Normal,On Leave
103297,6058,Lajita Chandran,Inventory Associate,Female,57046.0,2026-02-24,Active,6058,Normal,Currently Working
103298,6033,Isaiah Wali,Delivery Rider,Female,53634.0,2025-05-19,Resigned,6033,Normal,Resigned
103299,6055,Qadim Wable,Quality Checker,Female,63992.0,2022-08-22,Active,6055,Normal,Currently Working
103300,6095,Rohan Dara,Delivery Rider,Female,42740.0,2023-05-10,On Leave,6095,Normal,On Leave
103301,6134,Daksha Deshpande,Picker,Male,37173.0,2024-06-03,Resigned,6134,Normal,Resigned
103302,6015,Ranbir Gupta,Store Manager,Male,47738.0,2023-02-22,Active,6015,Normal,Currently Working
103303,6001,Oviya Sachdev,Picker,Female,52584.0,2023-09-27,On Leave,6001,Normal,On Leave
103304,6090,Yauvani Chaudhuri,Picker,Male,29965.0,2024-02-23,Active,6090,Normal,Currently Working
103305,6127,Gunbir Mane,Store Manager,Unknown,59479.0,2025-02-07,Active,6127,Normal,Currently Working
103306,6056,Hamsini Johal,Delivery Rider,Male,18968.0,2024-03-27,Resigned,6056,Normal,Resigned
103307,6085,Anvi Malhotra,Delivery Rider,Male,48912.0,2024-08-01,Active,6085,Normal,Currently Working
103308,6041,Bimala Kumar,Delivery Rider,Female,44442.0,2022-10-26,On Leave,6041,Normal,On Leave
103309,6041,Lavanya Srinivasan,Inventory Associate,Female,34977.0,2022-12-29,Resigned,6041,Normal,Resigned
103310,6028,Hredhaan Karnik,Picker,Unknown,44085.0,2024-06-03,Resigned,6028,Normal,Resigned
103311,6110,Ayush Borra,Packer,Female,39015.0,2023-02-23,Active,6110,Normal,Currently Working
103312,6040,Osha Krishnamurthy,Picker,Male,54504.0,2024-02-25,Active,6040,Normal,Currently Working
103313,6107,Watika Uppal,Picker,Unknown,29061.0,2023-05-07,On Leave,6107,Normal,On Leave
103314,6048,Triya Ratti,Delivery Rider,Male,44170.0,2026-07-18,Active,6048,Normal,Currently Working
103315,6009,Faqid Parmer,Store Manager,Female,32127.0,2022-08-29,Active,6009,Normal,Currently Working
103316,6027,Sai Walia,Quality Checker,Female,58804.0,2025-09-26,On Leave,6027,Normal,On Leave
103317,6101,Tarak Nagi,Store Manager,Male,45577.0,2023-02-21,On Leave,6101,Normal,On Leave
103318,6070,Vasana Bedi,Quality Checker,Male,54958.0,2023-02-23,Resigned,6070,Normal,Resigned
103319,6112,Bhavya Palla,Packer,Male,50139.0,2026-04-13,Active,6112,Normal,Currently Working
103320,6019,Yahvi Modi,Picker,Female,45134.0,2022-09-29,Resigned,6019,Normal,Resigned
103321,6124,Zansi Shukla,Delivery Rider,Male,21911.0,2024-01-31,Resigned,6124,Normal,Resigned
103322,6014,Waida Wagle,Picker,Female,28856.0,2025-01-27,Active,6014,Normal,Currently Working
103323,6052,Lila Taneja,Picker,Male,43181.0,2026-01-30,On Leave,6052,Normal,On Leave
103324,6056,Saksham Bobal,Inventory Associate,Female,40106.5,2025-11-30,Active,6056,Normal,Currently Working
103325,6143,Chanchal Amble,Quality Checker,Female,56113.0,2025-01-01,Active,6143,Normal,Currently Working
103326,6050,Yug Contractor,Quality Checker,Female,51528.0,2024-08-14,Active,6050,Normal,Currently Working
103327,6126,Chandani Zacharia,Picker,Male,37091.0,2026-07-19,Resigned,6126,Normal,Resigned
103328,6065,Hemangini Badami,Store Manager,Male,54163.0,2024-02-06,Resigned,6065,Normal,Resigned
103329,6041,Udarsh Narasimhan,Inventory Associate,Unknown,39061.0,2026-04-24,Active,6041,Normal,Currently Working
103330,6017,Gautami Kohli,Store Manager,Male,37253.0,2024-02-06,Active,6017,Normal,Currently Working
103331,6098,Vanya Bath,Picker,Female,59034.0,2025-04-10,Active,6098,Normal,Currently Working
103332,6149,Alka Butala,Store Manager,Male,44471.0,2023-09-13,Active,6149,Normal,Currently Working
103333,6023,Balendra Dutt,Picker,Female,34291.0,2026-06-11,Active,6023,Normal,Currently Working
103334,6142,Shivani Bora,Inventory Associate,Male,37679.0,2025-09-25,Active,6142,Normal,Currently Working
103335,6024,Upma Kumer,Inventory Associate,Female,26808.0,2024-11-01,On Leave,6024,Normal,On Leave
103336,6015,Advik Raghavan,Picker,Male,24837.0,2023-03-13,On Leave,6015,Normal,On Leave
103337,6053,Nikita Misra,Quality Checker,Male,18820.0,2026-04-09,Resigned,6053,Normal,Resigned
103338,6048,Garima Mallick,Store Manager,Male,38564.0,2026-01-01,Resigned,6048,Normal,Resigned
103339,6075,Gavin Pathak,Delivery Rider,Male,25955.0,2025-09-25,Active,6075,Normal,Currently Working
103340,6066,Leena Sachdev,Delivery Rider,Female,40609.0,2024-12-27,Resigned,6066,Normal,Resigned
103341,6103,Hemani Taneja,Packer,Female,24745.0,2026-05-01,Resigned,6103,Normal,Resigned
103342,6074,Daksh Ben,Picker,Male,45755.0,2025-10-10,Active,6074,Normal,Currently Working
103343,6012,Eta Patla,Picker,Male,46807.0,2025-05-22,Resigned,6012,Normal,Resigned
103344,6036,Amruta Chhabra,Delivery Rider,Female,44031.0,2024-06-13,On Leave,6036,Normal,On Leave
103345,6139,Tanvi Chaudhuri,Picker,Unknown,38424.5,2024-04-09,On Leave,6139,Normal,On Leave
103346,6143,Omisha Sem,Quality Checker,Female,49045.0,2022-09-07,Active,6143,Normal,Currently Working
103347,6048,Diya Chowdhury,Inventory Associate,Female,46205.0,2023-09-30,On Leave,6048,Normal,On Leave
103348,6088,Krishna Randhawa,Picker,Female,38149.0,2025-06-28,Active,6088,Normal,Currently Working
103349,6150,Neha Bajwa,Quality Checker,Male,52144.0,2024-12-02,Resigned,6150,Normal,Resigned
103350,6129,Aarav Gade,Delivery Rider,Female,47130.0,2024-04-01,Resigned,6129,Normal,Resigned
103351,6039,Anirudh Doshi,Inventory Associate,Female,41732.0,2025-01-28,On Leave,6039,Normal,On Leave
103352,6054,Vasudha Patla,Store Manager,Female,63823.0,2025-12-17,Active,6054,Normal,Currently Working
103353,6043,Rajata Sandhu,Inventory Associate,Female,27241.0,2025-08-31,Active,6043,Normal,Currently Working
103354,6013,Azad Bajaj,Delivery Rider,Female,53102.0,2023-02-14,Resigned,6013,Normal,Resigned
103355,6006,Sudiksha Sangha,Inventory Associate,Female,53140.0,2025-06-01,Resigned,6006,Normal,Resigned
103356,6077,Devika Wadhwa,Picker,Female,16691.0,2026-03-04,Active,6077,Normal,Currently Working
103357,6092,Aarna Sangha,Quality Checker,Male,35009.0,2023-09-30,Active,6092,Normal,Currently Working
103358,6120,Noah Wable,Delivery Rider,Male,18220.0,2023-02-12,Resigned,6120,Normal,Resigned
103359,6003,Laksh Walia,Picker,Male,31253.0,2022-09-11,Active,6003,Normal,Currently Working
103360,6084,Neelima Ghose,Inventory Associate,Female,58030.0,2025-05-01,Active,6084,Normal,Currently Working
103361,6095,Ikshita Mohanty,Delivery Rider,Male,47654.0,2024-08-10,Active,6095,Normal,Currently Working
103362,6099,Girish Bala,Delivery Rider,Female,56796.0,2024-05-03,Active,6099,Normal,Currently Working
103363,6100,Xavier Mittal,Quality Checker,Male,64337.0,2024-09-15,Active,6100,Normal,Currently Working
103364,6082,Gopal Sangha,Delivery Rider,Female,49884.0,2023-05-09,Resigned,6082,Normal,Resigned
103365,6033,Hemangini Comar,Inventory Associate,Female,48439.0,2024-11-02,Resigned,6033,Normal,Resigned
103366,6087,Sai Sinha,Picker,Male,38066.0,2022-09-19,Resigned,6087,Normal,Resigned
103367,6049,Damyanti Venkataraman,Quality Checker,Female,55866.0,2024-04-02,On Leave,6049,Normal,On Leave
103368,6084,Isha Ratti,Picker,Female,21310.0,2023-09-27,Resigned,6084,Normal,Resigned
103369,6045,Yashica Gera,Store Manager,Female,15371.0,2024-12-04,Active,6045,Normal,Currently Working
103370,6038,Alexander Jain,Picker,Female,55187.0,2024-01-11,Resigned,6038,Normal,Resigned
103371,6085,Yashica Raval,Delivery Rider,Female,24481.0,2025-01-09,Active,6085,Normal,Currently Working
103372,6028,Lajita Soman,Packer,Male,58978.0,2022-10-14,Active,6028,Normal,Currently Working
103373,6007,Yuvraj Kumer,Delivery Rider,Female,28407.0,2025-02-22,Active,6007,Normal,Currently Working
103374,6129,Anjali Khare,Quality Checker,Male,39702.5,2024-03-20,Resigned,6129,Normal,Resigned
103375,6014,Harita Vig,Delivery Rider,Female,25032.0,2022-11-11,Resigned,6014,Normal,Resigned
103376,7000,Wridesh Kuruvilla,Inventory Associate,Male,44933.0,2023-09-06,On Leave,6001,Normal,On Leave
103377,6015,Ojas Loke,Store Manager,Unknown,25278.0,2024-09-23,Active,6015,Normal,Currently Working
103378,6147,Chandran Mahajan,Delivery Rider,Female,42630.0,2025-07-17,On Leave,6147,Normal,On Leave
103379,6054,Vincent Narang,Picker,Female,56331.0,2024-05-17,On Leave,6054,Normal,On Leave
103380,6142,Rohan Nori,Quality Checker,Male,24343.0,2024-03-01,Active,6142,Normal,Currently Working
103381,6112,Reyansh Kala,Delivery Rider,Male,51216.0,2026-02-02,Resigned,6112,Normal,Resigned
103382,6052,Amol Kohli,Packer,Male,36612.0,2025-06-12,Resigned,6052,Normal,Resigned
103383,6098,Abeer Thaman,Delivery Rider,Unknown,36602.0,2024-03-12,Active,6098,Normal,Currently Working
103384,6114,Barkha Chacko,Inventory Associate,Female,17485.0,2024-08-12,Resigned,6114,Normal,Resigned
103385,6064,Kai Manne,Picker,Male,43430.0,2025-06-04,Active,6064,Normal,Currently Working
103386,6025,Rohan Saxena,Delivery Rider,Male,55500.0,2024-06-19,Resigned,6025,Normal,Resigned
103387,6122,Harsh Kadakia,Store Manager,Male,50856.0,2023-06-23,Active,6122,Normal,Currently Working
103388,6132,Kai Prashad,Packer,Female,41188.0,2025-02-03,Active,6132,Normal,Currently Working
103389,6127,William Butala,Picker,Female,25000.0,2026-01-08,On Leave,6127,Normal,On Leave
103390,6108,Jalsa Mukhopadhyay,Delivery Rider,Female,64058.0,2025-03-03,Active,6108,Normal,Currently Working
103391,6038,Oni Ravel,Delivery Rider,Female,27686.0,2024-03-25,Active,6038,Normal,Currently Working
103392,6100,Quincy Char,Delivery Rider,Female,53420.0,2024-10-04,On Leave,6100,Normal,On Leave
103393,6125,Wahab Ganesh,Delivery Rider,Female,32878.0,2024-12-25,Active,6125,Normal,Currently Working
103394,6127,Aayush Rajagopal,Store Manager,Unknown,44944.0,2023-02-24,Active,6127,Normal,Currently Working
103395,6015,Manbir Sodhi,Packer,Male,52144.0,2022-11-12,Resigned,6015,Normal,Resigned
103396,6031,Aarav Barad,Quality Checker,Male,64773.0,2024-09-23,Active,6031,Normal,Currently Working
103397,6050,Zaid Rajagopalan,Quality Checker,Female,36695.0,2026-05-14,Active,6050,Normal,Currently Working
103398,6050,Rachita Nagy,Picker,Unknown,19067.0,2022-12-03,Active,6050,Normal,Currently Working
103399,6117,Yug Kapoor,Inventory Associate,Female,51542.0,2023-06-03,Active,6117,Normal,Currently Working
103400,6021,Yahvi Saxena,Inventory Associate,Male,45343.0,2026-03-27,Resigned,6021,Normal,Resigned
103401,6073,Irya Varghese,Picker,Male,50102.0,2025-11-05,Active,6073,Normal,Currently Working
103402,6088,Geetika Pandya,Store Manager,Male,38973.0,2025-11-04,Active,6088,Normal,Currently Working
103403,6003,Arunima Dhillon,Picker,Male,44331.0,2023-01-27,Resigned,6003,Normal,Resigned
103404,6129,Wahab Peri,Picker,Male,20937.0,2025-03-15,On Leave,6129,Normal,On Leave
103405,6063,Tarak Nagi,Picker,Male,39770.0,2022-12-22,Resigned,6063,Normal,Resigned
103406,6107,Advay Chana,Quality Checker,Male,22912.0,2024-10-06,Active,6107,Normal,Currently Working
103407,6028,Udant Kala,Packer,Female,22777.0,2025-07-25,Active,6028,Normal,Currently Working
103408,6150,Girish Din,Picker,Female,36898.0,2022-11-29,Resigned,6150,Normal,Resigned
103409,6017,Ati Golla,Quality Checker,Female,21625.0,2024-02-01,Active,6017,Normal,Currently Working
103410,6107,Ekanta Koshy,Store Manager,Female,47690.0,2026-08-12,Active,6107,Normal,Currently Working
103411,6080,Udarsh Padmanabhan,Picker,Male,19142.0,2025-11-13,Active,6080,Normal,Currently Working
103412,6067,Ati Parikh,Packer,Female,23285.0,2024-05-27,Active,6067,Normal,Currently Working
103413,6066,Shivansh Nazareth,Picker,Male,19082.0,2022-09-27,Resigned,6066,Normal,Resigned
103414,6088,Yochana Nazareth,Packer,Male,45747.0,2024-04-07,Active,6088,Normal,Currently Working
103415,6047,Chandresh Babu,Quality Checker,Female,16783.0,2025-06-06,Active,6047,Normal,Currently Working
103416,6070,Urishilla Rao,Delivery Rider,Female,32251.0,2022-12-20,Resigned,6070,Normal,Resigned
103417,6079,Fitan Bhasin,Delivery Rider,Male,58271.0,2026-05-06,Active,6079,Normal,Currently Working
103418,6006,Abdul Samra,Inventory Associate,Male,29344.0,2025-03-21,Active,6006,Normal,Currently Working
103419,6001,Charvi Ben,Delivery Rider,Female,21945.0,2023-04-04,Resigned,6001,Normal,Resigned
103420,6052,George Naidu,Picker,Male,33797.0,2025-11-12,Resigned,6052,Normal,Resigned
103421,6147,Chaaya Chana,Store Manager,Male,53204.0,2023-08-09,Active,6147,Normal,Currently Working
103422,6069,Ijaya Korpal,Store Manager,Male,29196.0,2024-12-12,Active,6069,Normal,Currently Working
103423,6072,Advika Nagy,Delivery Rider,Female,59232.0,2025-09-04,Resigned,6072,Normal,Resigned
103424,6015,Gabriel Karan,Picker,Female,17670.0,2023-06-26,Active,6015,Normal,Currently Working
103425,6116,Hemang Anne,Inventory Associate,Male,42634.0,2025-03-08,Active,6116,Normal,Currently Working
103426,6150,Leena Mallick,Packer,Female,48559.0,2026-01-28,Active,6150,Normal,Currently Working
103427,6130,Nitesh Banerjee,Quality Checker,Female,39702.5,2023-02-21,Resigned,6130,Normal,Resigned
103428,6080,Yashodhara Sani,Quality Checker,Male,56275.0,2023-03-18,On Leave,6080,Normal,On Leave
103429,6021,Tanay Hans,Delivery Rider,Female,60662.0,2023-10-28,Resigned,6021,Normal,Resigned
103430,6119,Zayan Bajwa,Picker,Female,41898.0,2024-08-09,On Leave,6119,Normal,On Leave
103431,6146,Balhaar Deol,Delivery Rider,Male,56054.0,2025-08-26,Resigned,6146,Normal,Resigned
103432,6119,Anmol Kar,Picker,Female,36144.0,2026-08-06,Resigned,6119,Normal,Resigned
103433,6047,Simon Dhar,Quality Checker,Unknown,50167.0,2025-05-23,Active,6047,Normal,Currently Working
103434,6051,Ansh Mander,Picker,Female,56823.0,2024-07-12,Active,6051,Normal,Currently Working
103435,6114,Chakrika Bansal,Delivery Rider,Female,45292.0,2026-06-28,Resigned,6114,Normal,Resigned
103436,6018,Jhalak Jha,Picker,Female,40794.0,2025-04-04,Active,6018,Normal,Currently Working
103437,6068,Praneel Ben,Delivery Rider,Female,27176.0,2022-11-24,Active,6068,Normal,Currently Working
103438,6032,Anvi Gokhale,Store Manager,Male,51136.0,2024-06-04,Resigned,6032,Normal,Resigned
103439,6105,Nathaniel Raj,Delivery Rider,Male,48695.0,2023-12-04,Active,6105,Normal,Currently Working
103440,6128,Jason Ram,Picker,Male,16185.0,2024-07-07,Active,6128,Normal,Currently Working
103441,6075,Amrita Chad,Picker,Male,35986.0,2025-08-13,Active,6075,Normal,Currently Working
103442,6042,Falak Iyengar,Quality Checker,Male,54448.0,2024-12-05,Active,6042,Normal,Currently Working
103443,6058,Jeet Dara,Inventory Associate,Male,37361.0,2025-09-10,Resigned,6058,Normal,Resigned
103444,6114,Veda Kalita,Picker,Male,54070.0,2025-01-01,Active,6114,Normal,Currently Working
103445,6134,Simon Randhawa,Picker,Female,63317.0,2025-06-05,Active,6134,Normal,Currently Working
103446,6125,Ganga Issac,Delivery Rider,Female,30022.0,2026-01-03,Resigned,6125,Normal,Resigned
103447,6132,Sanaya Borra,Quality Checker,Male,26386.0,2025-02-23,Resigned,6132,Normal,Resigned
103448,6066,Upadhriti Cheema,Picker,Male,21161.0,2026-05-18,On Leave,6066,Normal,On Leave
103449,6022,Upma Banerjee,Quality Checker,Female,53747.0,2023-01-27,Active,6022,Normal,Currently Working
103450,6005,Ryan Dhaliwal,Store Manager,Unknown,33139.0,2026-07-09,Active,6005,Normal,Currently Working
103451,6082,Harrison Gopal,Picker,Unknown,37408.0,2024-12-03,Active,6082,Normal,Currently Working
103452,6046,Ridhi Hayre,Packer,Female,61101.0,2022-12-05,Active,6046,Normal,Currently Working
103453,6061,Urvashi Yadav,Picker,Female,32574.0,2023-11-29,Active,6061,Normal,Currently Working
103454,6031,Rohan Devan,Picker,Male,25522.0,2025-07-17,Active,6031,Normal,Currently Working
103455,6091,Advay Kanda,Delivery Rider,Male,20070.0,2023-08-14,Resigned,6091,Normal,Resigned
103456,6120,Sai Grover,Packer,Female,24992.0,2025-01-13,Active,6120,Normal,Currently Working
103457,6050,Lipika Narayan,Delivery Rider,Male,26491.0,2023-03-11,Resigned,6050,Normal,Resigned
103458,6021,Vasana Sule,Delivery Rider,Male,46050.0,2025-08-09,Resigned,6021,Normal,Resigned
103459,6017,Banjeet Gupta,Quality Checker,Male,56694.0,2024-06-22,On Leave,6017,Normal,On Leave
103460,6126,Anamika Mangal,Delivery Rider,Female,46027.0,2024-04-16,On Leave,6126,Normal,On Leave
103461,6141,Ayush Bail,Quality Checker,Female,39145.0,2023-05-19,Resigned,6141,Normal,Resigned
103462,6101,Advika Goel,Delivery Rider,Unknown,18073.0,2024-05-12,Active,6101,Normal,Currently Working
103463,6117,Zansi Vora,Store Manager,Male,30549.0,2024-04-06,Active,6117,Normal,Currently Working
103464,6087,Peter Prabhakar,Picker,Male,36906.0,2023-08-23,Resigned,6087,Normal,Resigned
103465,6093,Chandran Mohan,Delivery Rider,Male,37059.0,2023-05-08,Active,6093,Normal,Currently Working
103466,6123,Amaira Bora,Packer,Male,21639.0,2025-06-26,Active,6123,Normal,Currently Working
103467,6011,Mohammed Sani,Quality Checker,Male,60661.0,2023-12-31,Active,6011,Normal,Currently Working
103468,6015,Ethan Nagar,Quality Checker,Female,49351.0,2022-08-24,Active,6015,Normal,Currently Working
103469,6028,Theodore Bandi,Picker,Male,18028.0,2023-02-02,Resigned,6028,Normal,Resigned
103470,6032,Falan Sarma,Inventory Associate,Male,59146.0,2025-03-07,Active,6032,Normal,Currently Working
103471,6044,Tristan Toor,Quality Checker,Female,18826.0,2022-09-22,Resigned,6044,Normal,Resigned
103472,6053,Jacob Subramanian,Inventory Associate,Female,47302.0,2022-09-20,Active,6053,Normal,Currently Working
103473,6066,Vedant Saha,Quality Checker,Male,56497.0,2023-07-26,Resigned,6066,Normal,Resigned
103474,6048,Benjamin Dube,Inventory Associate,Female,60495.0,2024-08-29,Active,6048,Normal,Currently Working
103475,6072,Robert Kale,Delivery Rider,Unknown,16198.0,2024-10-24,Active,6072,Normal,Currently Working
103476,6123,Ishita Tara,Picker,Male,47813.0,2025-07-12,Resigned,6123,Normal,Resigned
103477,6087,Ganga Swamy,Quality Checker,Unknown,37572.0,2024-09-04,Active,6087,Normal,Currently Working
103478,6042,Vihaan Dhingra,Picker,Female,17730.0,2025-08-17,On Leave,6042,Normal,On Leave
103479,6091,Meghana Bhargava,Inventory Associate,Female,40106.5,2024-08-02,Active,6091,Normal,Currently Working
103480,6051,Manan Wason,Delivery Rider,Male,19621.0,2025-08-18,Active,6051,Normal,Currently Working
103481,6039,Dev Vaidya,Picker,Female,44130.0,2025-12-16,Resigned,6039,Normal,Resigned
103482,6092,Falan Ramanathan,Packer,Male,18964.0,2024-01-22,Resigned,6092,Normal,Resigned
103483,6073,Bhanumati Hans,Picker,Male,15720.0,2024-05-17,Active,6073,Normal,Currently Working
103484,6075,Amol Karnik,Inventory Associate,Male,53388.0,2022-10-27,Active,6075,Normal,Currently Working
103485,6133,Vivaan Ramakrishnan,Store Manager,Female,29713.0,2024-04-26,Active,6133,Normal,Currently Working
103486,6088,Manbir Chandra,Store Manager,Female,15112.0,2025-06-19,Active,6088,Normal,Currently Working
103487,6132,Advika Oommen,Delivery Rider,Unknown,43145.0,2024-03-08,Resigned,6132,Normal,Resigned
103488,6138,Kevin Upadhyay,Inventory Associate,Male,60439.0,2024-10-28,Active,6138,Normal,Currently Working
103489,6132,Ridhi Kapadia,Inventory Associate,Female,49173.0,2023-12-05,Active,6132,Normal,Currently Working
103490,6090,Ekantika Balay,Delivery Rider,Female,27496.0,2026-08-02,Active,6090,Normal,Currently Working
103491,6073,Indrajit Goda,Picker,Female,40641.0,2026-08-06,Active,6073,Normal,Currently Working
103492,6048,Arya Kalita,Store Manager,Male,38812.0,2024-03-08,Active,6048,Normal,Currently Working
103493,6130,Caleb Basak,Picker,Female,16561.0,2023-02-23,Resigned,6130,Normal,Resigned
103494,6116,Ayush Dayal,Delivery Rider,Male,38527.0,2024-05-05,Active,6116,Normal,Currently Working
103495,6081,Hemangini Vala,Picker,Male,29781.0,2023-01-04,Active,6081,Normal,Currently Working
103496,6061,Janya Sahota,Quality Checker,Female,58522.0,2025-11-06,On Leave,6061,Normal,On Leave
103497,6024,Manthan Srinivasan,Delivery Rider,Female,19334.0,2022-11-09,On Leave,6024,Normal,On Leave
103498,6142,Ekansh Pandya,Inventory Associate,Male,47276.0,2024-02-19,Active,6142,Normal,Currently Working
103499,6075,Faqid Tella,Delivery Rider,Male,39424.5,2025-12-27,Resigned,6075,Normal,Resigned
103500,6120,Ekani Mistry,Quality Checker,Male,54919.0,2023-09-18,Active,6120,Normal,Currently Working
103501,6138,Adweta Sachdeva,Packer,Female,40162.0,2024-09-16,Active,6138,Normal,Currently Working
103502,6137,Pranav Gopal,Quality Checker,Female,60409.0,2024-08-16,Active,6137,Normal,Currently Working
103503,6100,Nikita Sahota,Packer,Female,41382.0,2024-08-18,Resigned,6100,Normal,Resigned
103504,6034,Kai Garg,Packer,Unknown,60442.0,2023-12-30,Resigned,6034,Normal,Resigned
103505,6136,Neel Babu,Quality Checker,Female,44346.0,2023-02-08,Resigned,6136,Normal,Resigned
103506,6001,Yachana Issac,Inventory Associate,Female,40106.5,2023-08-15,Active,6001,Normal,Currently Working
103507,6149,Advika Mammen,Store Manager,Male,15353.0,2024-03-02,Active,6149,Normal,Currently Working
103508,6003,Aarnav Parmar,Store Manager,Male,36229.0,2025-10-07,Resigned,6003,Normal,Resigned
103509,6026,Devika Aurora,Quality Checker,Female,28595.0,2024-05-22,Active,6026,Normal,Currently Working
103510,6056,Benjamin Saxena,Packer,Male,42556.0,2022-09-12,Active,6056,Normal,Currently Working
103511,6072,Tristan Wable,Picker,Male,53954.0,2022-12-26,Active,6072,Normal,Currently Working
103512,6121,Krisha Saxena,Delivery Rider,Male,41111.0,2023-03-12,Active,6121,Normal,Currently Working
103513,6113,Laban Wable,Packer,Male,61087.0,2023-05-24,On Leave,6113,Normal,On Leave
103514,6086,Jeevika Wali,Store Manager,Female,38812.0,2026-01-09,Active,6086,Normal,Currently Working
103515,6086,Samarth Balasubramanian,Store Manager,Female,32140.0,2022-09-18,On Leave,6086,Normal,On Leave
103516,6030,Advika Lalla,Picker,Female,59118.0,2023-01-20,Active,6030,Normal,Currently Working
103517,6114,Abha Goswami,Delivery Rider,Male,41959.0,2024-03-23,Resigned,6114,Normal,Resigned
103518,6059,Maya Dua,Store Manager,Male,46994.0,2025-04-30,Active,6059,Normal,Currently Working
103519,6037,Riya Raval,Picker,Male,42428.0,2025-12-06,Resigned,6037,Normal,Resigned
103520,6010,Harshil Kamdar,Quality Checker,Female,44681.0,2026-05-31,Active,6010,Normal,Currently Working
103521,6017,Adweta Parmer,Inventory Associate,Female,59289.0,2025-07-16,Resigned,6017,Normal,Resigned
103522,6038,Megha Tata,Store Manager,Male,41208.0,2023-04-15,Active,6038,Normal,Currently Working
103523,6011,Rachit Hans,Quality Checker,Male,32656.0,2022-08-25,Active,6011,Normal,Currently Working
103524,6007,Ijaya Dass,Packer,Female,56238.0,2024-07-22,Resigned,6007,Normal,Resigned
103525,6132,Kamya Dora,Picker,Female,51513.0,2026-06-06,Active,6132,Normal,Currently Working
103526,6027,Vedant Narayan,Store Manager,Male,61676.0,2024-09-02,Active,6027,Normal,Currently Working
103527,6091,Rachit Saini,Picker,Male,22609.0,2026-08-01,Resigned,6091,Normal,Resigned
103528,6097,Geetika Pathak,Picker,Male,41142.0,2025-11-24,On Leave,6097,Normal,On Leave
103529,6137,Vincent Acharya,Delivery Rider,Male,50810.0,2025-10-15,On Leave,6137,Normal,On Leave
103530,6048,Janani Upadhyay,Packer,Female,26684.0,2025-07-16,Active,6048,Normal,Currently Working
103531,6116,Ekanta Chand,Inventory Associate,Female,16994.0,2026-05-26,On Leave,6116,Normal,On Leave
103532,6036,Vanya Narula,Store Manager,Male,61838.0,2025-05-14,Resigned,6036,Normal,Resigned
103533,6102,Urvashi Sangha,Delivery Rider,Male,20433.0,2024-12-27,On Leave,6102,Normal,On Leave
103534,6072,Tristan Mukherjee,Picker,Male,38424.5,2023-11-02,Resigned,6072,Normal,Resigned
103535,6074,Meghana Sur,Delivery Rider,Male,19745.0,2023-10-06,Resigned,6074,Normal,Resigned
103536,6090,Harini Gour,Quality Checker,Female,16558.0,2025-05-30,Resigned,6090,Normal,Resigned
103537,6023,Eshana Behl,Picker,Female,15796.0,2023-03-16,Active,6023,Normal,Currently Working
103538,6021,Jasmit Madan,Store Manager,Male,52919.0,2024-03-24,Active,6021,Normal,Currently Working
103539,6125,Manya Pal,Picker,Female,22615.0,2025-10-21,Active,6125,Normal,Currently Working
103540,6039,Timothy Soman,Delivery Rider,Male,24132.0,2023-12-13,Active,6039,Normal,Currently Working
103541,6054,Triya Krish,Delivery Rider,Male,22883.0,2025-09-08,Active,6054,Normal,Currently Working
103542,6082,Yochana Kala,Inventory Associate,Male,28099.0,2024-02-04,Active,6082,Normal,Currently Working
103543,6150,Faris Tank,Delivery Rider,Female,24289.0,2025-06-11,Resigned,6150,Normal,Resigned
103544,6118,Harini Mukherjee,Store Manager,Male,20158.0,2026-07-06,Active,6118,Normal,Currently Working
103545,6115,Yochana Nadig,Delivery Rider,Female,17121.0,2025-04-07,Active,6115,Normal,Currently Working
103546,6045,Shravya Sharaf,Picker,Unknown,35362.0,2024-08-31,Resigned,6045,Normal,Resigned
103547,6008,Varenya Subramanian,Packer,Male,49341.0,2025-12-05,Active,6008,Normal,Currently Working
103548,6100,Chakradev Yadav,Picker,Female,36000.0,2024-01-06,Active,6100,Normal,Currently Working
103549,6148,Ekani Wali,Delivery Rider,Male,41872.0,2023-12-21,Resigned,6148,Normal,Resigned
103550,6027,Aarnav Choudhary,Store Manager,Female,32934.0,2023-08-24,Active,6027,Normal,Currently Working
103551,6033,Rishi Chaudhuri,Packer,Female,58277.0,2024-09-14,Active,6033,Normal,Currently Working
103552,6107,Nathan Lal,Store Manager,Female,37154.0,2023-12-06,Active,6107,Normal,Currently Working
103553,6130,Triveni Chander,Quality Checker,Male,21180.0,2023-12-15,On Leave,6130,Normal,On Leave
103554,6088,Irya Dua,Picker,Female,28889.0,2024-11-09,Active,6088,Normal,Currently Working
103555,6009,Mekhala Mahajan,Inventory Associate,Male,21661.0,2025-01-20,Resigned,6009,Normal,Resigned
103556,6022,Jhalak Dora,Inventory Associate,Female,45590.0,2023-08-10,Resigned,6022,Normal,Resigned
103557,6042,Ishita Patil,Picker,Male,34418.0,2024-08-23,Active,6042,Normal,Currently Working
103558,6093,Yahvi Tank,Packer,Female,38307.0,2023-09-14,Active,6093,Normal,Currently Working
103559,6125,Ijaya Kala,Picker,Male,54226.0,2025-12-16,Resigned,6125,Normal,Resigned
103560,6025,Darpan Ghose,Inventory Associate,Female,51572.0,2025-03-15,Resigned,6025,Normal,Resigned
103561,6003,Nachiket Gandhi,Delivery Rider,Male,55944.0,2023-05-14,Active,6003,Normal,Currently Working
103562,6077,Ijaya Lad,Picker,Male,53453.0,2023-03-03,Active,6077,Normal,Currently Working
103563,6092,Lohit Ramaswamy,Inventory Associate,Male,45587.0,2025-12-21,Active,6092,Normal,Currently Working
103564,7010,Lavanya Yogi,Picker,Male,36078.0,2024-05-30,Active,6011,Normal,Currently Working
103565,6053,Udyati Batta,Quality Checker,Male,61268.0,2023-07-22,Active,6053,Normal,Currently Working
103566,6084,Tanmayi Swamy,Delivery Rider,Male,51975.0,2023-10-25,Resigned,6084,Normal,Resigned
103567,6023,Ladli Mand,Packer,Female,49444.0,2024-06-26,Active,6023,Normal,Currently Working
103568,6025,Jagdish Mohanty,Picker,Male,50417.0,2023-06-27,Resigned,6025,Normal,Resigned
103569,6018,Jeremiah Dada,Store Manager,Female,32718.0,2025-01-21,Active,6018,Normal,Currently Working
103570,6107,Jonathan Hayer,Store Manager,Male,57335.0,2025-12-05,Active,6107,Normal,Currently Working
103571,6028,Qasim Savant,Inventory Associate,Female,32875.0,2025-11-21,Active,6028,Normal,Currently Working
103572,6088,Gaurav Mangat,Quality Checker,Unknown,40546.0,2025-04-27,Resigned,6088,Normal,Resigned
103573,6094,Sara Raja,Store Manager,Female,56456.0,2023-02-04,Active,6094,Normal,Currently Working
103574,6059,Falan Saha,Picker,Female,38418.0,2024-04-15,Active,6059,Normal,Currently Working
103575,6141,Odika Ramanathan,Picker,Female,55578.0,2022-09-01,Resigned,6141,Normal,Resigned
103576,6117,Ekantika Yohannan,Picker,Male,35070.0,2025-10-28,Resigned,6117,Normal,Resigned
103577,6060,Girindra Bhakta,Quality Checker,Female,31929.0,2025-05-30,Active,6060,Normal,Currently Working
103578,6126,Tristan Banik,Inventory Associate,Unknown,20385.0,2025-02-02,Active,6126,Normal,Currently Working
103579,6016,Ojasvi Kapadia,Picker,Female,24356.0,2023-08-17,On Leave,6016,Normal,On Leave
103580,6144,Wakeeta Kala,Inventory Associate,Male,35832.0,2023-07-24,Active,6144,Normal,Currently Working
103581,6011,Lucky Dua,Store Manager,Male,33419.0,2024-03-12,Active,6011,Normal,Currently Working
103582,6032,Vasatika Cherian,Store Manager,Female,51499.0,2025-07-21,Active,6032,Normal,Currently Working
103583,6073,Omisha Parikh,Store Manager,Male,33007.0,2023-06-10,Active,6073,Normal,Currently Working
103584,6006,Ekansh Acharya,Delivery Rider,Female,46742.0,2024-04-29,Active,6006,Normal,Currently Working
103585,6004,Frado Chada,Picker,Female,33831.0,2023-02-11,On Leave,6004,Normal,On Leave
103586,6144,Janaki Chakraborty,Delivery Rider,Female,40477.0,2024-08-20,Active,6144,Normal,Currently Working
103587,6131,Geetika Venkatesh,Inventory Associate,Female,27844.0,2024-08-16,Resigned,6131,Normal,Resigned
103588,6081,Aarav Batta,Picker,Unknown,57999.0,2026-04-10,On Leave,6081,Normal,On Leave
103589,6088,Yahvi Agrawal,Delivery Rider,Female,40853.0,2026-07-31,Resigned,6088,Normal,Resigned
103590,6039,Advika Bhatia,Delivery Rider,Unknown,34175.0,2024-08-25,Active,6039,Normal,Currently Working
103591,6040,Caleb Dugar,Delivery Rider,Male,26121.0,2024-01-03,On Leave,6040,Normal,On Leave
103592,6011,Lakshmi Mahajan,Picker,Male,53163.0,2025-11-07,Active,6011,Normal,Currently Working
103593,6066,Alexander Subramanian,Delivery Rider,Unknown,32755.0,2025-07-02,Active,6066,Normal,Currently Working
103594,6089,Sara Sibal,Inventory Associate,Male,27371.0,2023-07-20,Active,6089,Normal,Currently Working
103595,6022,Raghav Mand,Delivery Rider,Female,44633.0,2022-12-18,Active,6022,Normal,Currently Working
103596,6005,Wriddhish Sahota,Picker,Female,49839.0,2026-03-24,Active,6005,Normal,Currently Working
103597,6043,Chakradev Koshy,Inventory Associate,Female,38762.0,2025-04-30,Resigned,6043,Normal,Resigned
103598,6136,Wridesh Dube,Packer,Female,18394.0,2024-10-08,Active,6136,Normal,Currently Working
103599,6093,Daksh Dutta,Quality Checker,Female,16735.0,2026-05-01,Active,6093,Normal,Currently Working
103600,6071,Azaan Shere,Quality Checker,Female,54804.0,2024-07-31,Active,6071,Normal,Currently Working
103601,6120,Divya Pai,Delivery Rider,Female,51650.0,2026-03-20,Active,6120,Normal,Currently Working
103602,6065,Daksha Wagle,Picker,Male,42504.0,2025-11-15,Active,6065,Normal,Currently Working
103603,6049,Krish Patla,Packer,Male,16653.0,2024-07-03,On Leave,6049,Normal,On Leave
103604,6002,Damini Sant,Packer,Female,40435.0,2025-03-30,Resigned,6002,Normal,Resigned
103605,6141,Aarini Jain,Store Manager,Male,57546.0,2023-01-18,Active,6141,Normal,Currently Working
103606,6119,Gayathri Vaidya,Inventory Associate,Male,33568.0,2023-07-13,Active,6119,Normal,Currently Working
103607,6100,Anika Dayal,Store Manager,Male,46788.0,2026-02-15,On Leave,6100,Normal,On Leave
103608,6098,Yatan Gera,Packer,Female,43851.0,2024-08-24,Resigned,6098,Normal,Resigned
103609,6041,Abhimanyu Chanda,Picker,Female,56151.0,2025-08-25,On Leave,6041,Normal,On Leave
103610,6030,Leela Sundaram,Quality Checker,Female,26162.0,2026-05-12,Active,6030,Normal,Currently Working
103611,6019,Vinaya Palla,Quality Checker,Unknown,59306.0,2024-05-13,Active,6019,Normal,Currently Working
103612,6005,Saumya Kapur,Packer,Male,19057.0,2024-05-22,Active,6005,Normal,Currently Working
103613,6123,Viraj Date,Packer,Female,52859.0,2024-12-28,Resigned,6123,Normal,Resigned
103614,6032,Darika Oak,Delivery Rider,Female,35533.0,2022-11-14,Resigned,6032,Normal,Resigned
103615,6020,Aarini Goswami,Delivery Rider,Male,42538.0,2026-07-02,Active,6020,Normal,Currently Working
103616,6126,Fiyaz Dalal,Quality Checker,Male,36322.0,2025-12-17,Active,6126,Normal,Currently Working
103617,6090,Jeet Nigam,Store Manager,Female,31105.0,2026-07-22,Active,6090,Normal,Currently Working
103618,6075,Ronith Buch,Inventory Associate,Male,30260.0,2024-01-22,Active,6075,Normal,Currently Working
103619,6028,Bakhshi Dyal,Quality Checker,Female,27960.0,2022-09-26,Resigned,6028,Normal,Resigned
103620,6126,Ria Prasad,Picker,Female,28019.0,2025-08-19,Active,6126,Normal,Currently Working
103621,6050,Dalaja Koshy,Packer,Male,27572.0,2024-05-29,Active,6050,Normal,Currently Working
103622,6139,Wishi Sharaf,Delivery Rider,Male,62895.0,2023-09-03,Resigned,6139,Normal,Resigned
103623,6095,Harish Manda,Quality Checker,Male,32941.0,2024-04-18,On Leave,6095,Normal,On Leave
103624,6083,Bahadurjit Bhakta,Packer,Female,40190.0,2025-08-14,On Leave,6083,Normal,On Leave
103625,6078,Ishwar Deo,Delivery Rider,Male,38514.0,2022-12-18,Active,6078,Normal,Currently Working
103626,6077,Pooja Kamdar,Packer,Female,49027.0,2023-12-18,Active,6077,Normal,Currently Working
103627,6017,Omisha Sha,Delivery Rider,Female,33298.0,2025-03-01,Active,6017,Normal,Currently Working
103628,6065,Eiravati Singhal,Delivery Rider,Female,32677.0,2024-02-25,Active,6065,Normal,Currently Working
103629,6128,Ekiya Agarwal,Quality Checker,Male,51008.0,2025-01-09,Active,6128,Normal,Currently Working
103630,6103,Ekanta Kala,Quality Checker,Female,52219.0,2025-08-25,On Leave,6103,Normal,On Leave
103631,6128,Peter Peri,Delivery Rider,Male,55494.0,2025-12-05,Active,6128,Normal,Currently Working
103632,6089,Ronith Goswami,Packer,Female,40162.0,2025-09-10,Active,6089,Normal,Currently Working
103633,6077,Faqid Bhandari,Delivery Rider,Female,27182.0,2024-12-11,Resigned,6077,Normal,Resigned
103634,6081,Yadavi Narang,Delivery Rider,Female,22013.0,2025-11-22,Active,6081,Normal,Currently Working
103635,6030,Matthew Srinivas,Packer,Male,61458.0,2026-06-19,Active,6030,Normal,Currently Working
103636,6025,Raagini Dugar,Inventory Associate,Female,15989.0,2023-11-01,Resigned,6025,Normal,Resigned
103637,6051,Bhavna Dada,Quality Checker,Female,29430.0,2026-02-25,Resigned,6051,Normal,Resigned
103638,6093,Deepa Karnik,Picker,Male,31697.0,2024-05-08,Resigned,6093,Normal,Resigned
103639,6014,Yasti Trivedi,Picker,Male,30523.0,2026-05-03,Active,6014,Normal,Currently Working
103640,6057,Eiravati Oza,Inventory Associate,Female,18589.0,2024-11-25,Active,6057,Normal,Currently Working
103641,6095,Vedant Sharaf,Delivery Rider,Male,28897.0,2024-02-05,Resigned,6095,Normal,Resigned
103642,6030,Atharv Bhatnagar,Quality Checker,Male,49636.0,2024-03-10,On Leave,6030,Normal,On Leave
103643,6024,Krish Manda,Inventory Associate,Female,52049.0,2024-12-01,On Leave,6024,Normal,On Leave
103644,6053,Rudra Rajan,Packer,Male,53013.0,2022-10-25,Active,6053,Normal,Currently Working
103645,6007,Udant Sathe,Picker,Female,25462.0,2024-12-14,On Leave,6007,Normal,On Leave
103646,6043,David Sahota,Store Manager,Female,20878.0,2026-06-08,Active,6043,Normal,Currently Working
103647,6084,Balhaar De,Delivery Rider,Male,53659.0,2025-02-14,On Leave,6084,Normal,On Leave
103648,6092,Chakradev Peri,Picker,Female,43338.0,2023-11-11,Resigned,6092,Normal,Resigned
103649,6122,Indrajit Khare,Picker,Male,45375.0,2023-01-10,Resigned,6122,Normal,Resigned
103650,6019,Manya Talwar,Picker,Male,45990.0,2026-01-01,Resigned,6019,Normal,Resigned
103651,6140,Irya Mall,Inventory Associate,Female,60053.0,2023-11-09,Active,6140,Normal,Currently Working
103652,6126,Triveni Varty,Picker,Male,35103.0,2026-01-02,Active,6126,Normal,Currently Working
103653,6074,Zinal Goswami,Inventory Associate,Male,24524.0,2023-02-20,Resigned,6074,Normal,Resigned
103654,6143,Lila Varghese,Picker,Male,30936.0,2026-04-28,On Leave,6143,Normal,On Leave
103655,6103,Zilmil Pillay,Delivery Rider,Female,16258.0,2025-01-19,Active,6103,Normal,Currently Working
103656,6069,Naveen Purohit,Store Manager,Male,33359.0,2023-11-07,On Leave,6069,Normal,On Leave
103657,6081,Faris Nigam,Quality Checker,Female,17235.0,2026-04-08,Active,6081,Normal,Currently Working
103658,6065,Bimala Jain,Delivery Rider,Male,39424.5,2023-06-12,Active,6065,Normal,Currently Working
103659,6060,Mahika Dhingra,Delivery Rider,Female,44956.0,2024-06-25,Active,6060,Normal,Currently Working
103660,6020,Rayaan Bora,Picker,Female,58399.0,2025-07-31,Resigned,6020,Normal,Resigned
103661,6117,Ansh Ravel,Quality Checker,Male,48676.0,2023-04-25,Resigned,6117,Normal,Resigned
103662,6050,Wakeeta Sidhu,Packer,Male,36859.0,2022-11-19,Active,6050,Normal,Currently Working
103663,6051,Ishwar Goswami,Inventory Associate,Female,40106.5,2026-01-07,Resigned,6051,Normal,Resigned
103664,6012,Manan Sant,Picker,Female,61563.0,2022-08-30,Resigned,6012,Normal,Resigned
103665,6024,Ansh Sankaran,Picker,Female,22942.0,2025-03-17,Resigned,6024,Normal,Resigned
103666,6052,Yagnesh Rau,Store Manager,Female,56039.0,2024-05-09,Active,6052,Normal,Currently Working
103667,6093,Simon Sani,Picker,Male,16734.0,2024-06-20,Active,6093,Normal,Currently Working
103668,6088,Nidra Lalla,Inventory Associate,Female,16280.0,2022-10-17,Resigned,6088,Normal,Resigned
103669,6074,Nilima Tank,Quality Checker,Female,18098.0,2025-01-02,Resigned,6074,Normal,Resigned
103670,6097,Yamini Saini,Quality Checker,Male,17328.0,2022-08-26,On Leave,6097,Normal,On Leave
103671,6149,Nicholas Dar,Delivery Rider,Female,44710.0,2025-08-30,Active,6149,Normal,Currently Working
103672,6121,Siya Kamdar,Store Manager,Female,47602.0,2023-11-21,Active,6121,Normal,Currently Working
103673,6116,Madhav Gera,Picker,Female,19184.0,2025-08-04,Resigned,6116,Normal,Resigned
103674,6023,Rehaan Dutta,Packer,Male,25295.0,2026-08-09,Active,6023,Normal,Currently Working
103675,6111,Henry Doshi,Delivery Rider,Unknown,35397.0,2024-09-11,Active,6111,Normal,Currently Working
103676,6100,Vaishnavi Bahri,Inventory Associate,Female,46776.0,2023-12-03,On Leave,6100,Normal,On Leave
103677,6083,Ranbir Choudhary,Quality Checker,Male,18522.0,2026-05-12,Resigned,6083,Normal,Resigned
103678,6120,Jai Konda,Picker,Male,30788.0,2024-03-02,Active,6120,Normal,Currently Working
103679,6144,Zayan Ben,Delivery Rider,Female,15727.0,2022-09-25,Active,6144,Normal,Currently Working
103680,6097,Jonathan Bhalla,Inventory Associate,Male,27985.0,2026-05-12,Active,6097,Normal,Currently Working
103681,6048,Ekiya Dani,Delivery Rider,Female,59159.0,2025-04-08,Resigned,6048,Normal,Resigned
103682,6064,Xiti Thakkar,Picker,Female,54887.0,2023-02-20,Active,6064,Normal,Currently Working
103683,6115,Avi Golla,Picker,Male,39104.0,2026-06-28,Resigned,6115,Normal,Resigned
103684,6033,Radha Bir,Packer,Female,55373.0,2026-06-04,Active,6033,Normal,Currently Working
103685,6029,Dipta Walia,Delivery Rider,Male,21371.0,2023-07-31,Active,6029,Normal,Currently Working
103686,6122,Leela Bajwa,Quality Checker,Male,62540.0,2023-01-23,Active,6122,Normal,Currently Working
103687,6057,Charan Mitra,Packer,Male,35035.0,2025-07-22,Active,6057,Normal,Currently Working
103688,6023,Fiyaz Chakraborty,Packer,Female,42840.0,2024-08-15,Active,6023,Normal,Currently Working
103689,6087,Charita Saran,Picker,Female,63586.0,2024-08-14,Active,6087,Normal,Currently Working
103690,6039,Karan Anne,Picker,Male,42241.0,2025-05-21,On Leave,6039,Normal,On Leave
103691,6138,Umang Kuruvilla,Packer,Unknown,45621.0,2024-10-27,Active,6138,Normal,Currently Working
103692,6133,Tanish Bajaj,Picker,Unknown,49697.0,2025-09-09,On Leave,6133,Normal,On Leave
103693,6058,Garima Misra,Inventory Associate,Male,49182.0,2026-06-15,On Leave,6058,Normal,On Leave
103694,6119,Zarna Kala,Picker,Female,43794.0,2024-12-29,Active,6119,Normal,Currently Working
103695,6007,Mitesh Talwar,Quality Checker,Female,30971.0,2026-04-02,Active,6007,Normal,Currently Working
103696,6007,Henry Amble,Picker,Male,36545.0,2024-11-09,On Leave,6007,Normal,On Leave
103697,6073,Aadhya Chakraborty,Quality Checker,Female,39702.5,2026-05-22,On Leave,6073,Normal,On Leave
103698,6098,Noah Sundaram,Picker,Female,37438.0,2025-05-15,Active,6098,Normal,Currently Working
103699,6147,Vedhika Randhawa,Picker,Unknown,35546.0,2023-02-05,Resigned,6147,Normal,Resigned
103700,6054,Veda Mutti,Picker,Male,49704.0,2024-09-02,On Leave,6054,Normal,On Leave
103701,6032,Tamanna Bhargava,Inventory Associate,Male,40106.5,2024-08-20,Resigned,6032,Normal,Resigned
103702,6123,Mitali Nazareth,Quality Checker,Female,57174.0,2026-01-01,Resigned,6123,Normal,Resigned
103703,6120,Sanya Edwin,Picker,Unknown,30812.0,2025-03-02,On Leave,6120,Normal,On Leave
103704,6072,Amara Rama,Quality Checker,Male,34676.0,2022-11-01,Active,6072,Normal,Currently Working
103705,6054,Warinder Deshmukh,Inventory Associate,Female,57558.0,2024-04-12,Resigned,6054,Normal,Resigned
103706,6060,Yoshita Sinha,Packer,Female,34840.0,2026-07-27,Resigned,6060,Normal,Resigned
103707,6110,Dakshesh Bir,Picker,Female,57521.0,2023-08-20,Active,6110,Normal,Currently Working
103708,6128,Logan Deol,Picker,Male,16966.0,2022-10-15,Resigned,6128,Normal,Resigned
103709,6145,Ekaja Keer,Picker,Female,34278.0,2025-08-06,Resigned,6145,Normal,Resigned
103710,6051,Nitesh Manda,Store Manager,Male,27189.0,2022-10-07,Resigned,6051,Normal,Resigned
103711,6149,Damyanti Vohra,Store Manager,Female,43477.0,2024-04-25,Resigned,6149,Normal,Resigned
103712,6105,Leena Chaudhary,Delivery Rider,Female,38248.0,2022-11-29,Active,6105,Normal,Currently Working
103713,6069,Ucchal Sanghvi,Inventory Associate,Female,33604.0,2025-09-24,Active,6069,Normal,Currently Working
103714,6040,Kamya Nayar,Delivery Rider,Male,40570.0,2025-10-09,Active,6040,Normal,Currently Working
103715,6051,Madhavi Garg,Picker,Female,36169.0,2025-05-01,Active,6051,Normal,Currently Working
103716,6052,Abeer Mall,Delivery Rider,Male,60099.0,2024-12-24,Resigned,6052,Normal,Resigned
103717,6082,Omkaar Saraf,Picker,Female,33339.0,2026-02-22,On Leave,6082,Normal,On Leave
103718,6126,Ekantika Varty,Delivery Rider,Female,24910.0,2025-05-07,Resigned,6126,Normal,Resigned
103719,6145,Yash Chandra,Picker,Male,53278.0,2024-01-28,Active,6145,Normal,Currently Working
103720,6124,Avi Kade,Picker,Male,51838.0,2025-06-09,Active,6124,Normal,Currently Working
103721,6010,Owen Wable,Picker,Unknown,45211.0,2024-10-02,Resigned,6010,Normal,Resigned
103722,6006,Gautam Ranganathan,Packer,Male,43476.0,2024-11-02,Active,6006,Normal,Currently Working
103723,6073,Dayamai Dora,Inventory Associate,Female,32395.0,2026-06-08,Active,6073,Normal,Currently Working
103724,6041,Yashasvi Lalla,Delivery Rider,Male,34648.0,2024-08-30,Resigned,6041,Normal,Resigned
103725,6110,Zayan Shanker,Store Manager,Female,41994.0,2025-09-05,On Leave,6110,Normal,On Leave
103726,6141,Nitara Hayer,Packer,Female,47125.0,2025-11-30,Active,6141,Normal,Currently Working
103727,6120,Damini Nath,Packer,Unknown,19423.0,2025-11-04,Resigned,6120,Normal,Resigned
103728,6006,Indrajit Mutti,Delivery Rider,Female,39925.0,2024-09-03,Active,6006,Normal,Currently Working
103729,6011,Yamini Mall,Packer,Female,57520.0,2025-10-20,Resigned,6011,Normal,Resigned
103730,6068,Abdul Dhillon,Store Manager,Male,64471.0,2024-08-12,Active,6068,Normal,Currently Working
103731,6131,Wriddhish Dugal,Packer,Female,29886.0,2024-12-29,On Leave,6131,Normal,On Leave
103732,6101,Ekaja Patla,Quality Checker,Male,60878.0,2023-06-25,On Leave,6101,Normal,On Leave
103733,6141,William Doshi,Store Manager,Male,27192.0,2023-07-23,Active,6141,Normal,Currently Working
103734,6143,Bakhshi Sura,Inventory Associate,Male,53655.0,2025-12-24,Active,6143,Normal,Currently Working
103735,6099,Siddharth Das,Delivery Rider,Male,63252.0,2026-06-23,On Leave,6099,Normal,On Leave
103736,6035,Pahal Tara,Delivery Rider,Unknown,50453.0,2025-01-02,Resigned,6035,Normal,Resigned
103737,6052,Omisha Hayre,Delivery Rider,Female,48024.0,2025-05-30,On Leave,6052,Normal,On Leave
103738,6020,Harshil Kadakia,Delivery Rider,Female,48630.0,2025-08-22,Active,6020,Normal,Currently Working
103739,6090,Anya Badal,Packer,Female,50377.0,2024-11-20,Active,6090,Normal,Currently Working
103740,6036,Chavvi Ganesh,Picker,Male,22566.0,2025-08-01,Active,6036,Normal,Currently Working
103741,6016,Parth Bal,Delivery Rider,Female,21486.0,2026-01-12,Active,6016,Normal,Currently Working
103742,6064,Kashish Palla,Store Manager,Male,24159.0,2025-08-11,Active,6064,Normal,Currently Working
103743,6058,Warjas Roy,Picker,Male,16267.0,2024-07-28,Active,6058,Normal,Currently Working
103744,6035,Widisha Dubey,Quality Checker,Male,22666.0,2024-03-05,Active,6035,Normal,Currently Working
103745,6147,Charles Nath,Inventory Associate,Male,56966.0,2026-08-17,Active,6147,Normal,Currently Working
103746,6078,Gautami Modi,Delivery Rider,Male,39424.5,2025-08-10,Active,6078,Normal,Currently Working
103747,6013,Saumya Yogi,Quality Checker,Male,14360.0,2024-11-14,Active,6013,Normal,Currently Working
103748,6007,Raghav Goswami,Packer,Male,64128.0,2023-02-07,Resigned,6007,Normal,Resigned
103749,6027,Unnati Kashyap,Packer,Male,45250.0,2025-07-11,Active,6027,Normal,Currently Working
103750,6141,Anthony Bhatia,Inventory Associate,Female,16583.0,2024-02-20,On Leave,6141,Normal,On Leave
103751,6038,Bina Bandi,Delivery Rider,Female,22560.0,2025-02-05,On Leave,6038,Normal,On Leave
103752,6045,Megha Mohanty,Inventory Associate,Female,34591.0,2024-10-07,Active,6045,Normal,Currently Working
103753,6029,Oviya Mane,Store Manager,Male,38812.0,2025-01-17,Resigned,6029,Normal,Resigned
103754,6088,Udant Bansal,Inventory Associate,Female,45835.0,2024-03-07,On Leave,6088,Normal,On Leave
103755,6118,Charles Banerjee,Picker,Male,37699.0,2024-08-05,Active,6118,Normal,Currently Working
103756,6009,Rishi Bajwa,Picker,Male,20625.0,2026-03-04,Active,6009,Normal,Currently Working
103757,6024,Owen Ganesh,Delivery Rider,Male,47806.0,2025-02-26,Resigned,6024,Normal,Resigned
103758,6114,Sara Deol,Inventory Associate,Female,56116.0,2023-03-06,Active,6114,Normal,Currently Working
103759,6135,Ryan Aggarwal,Store Manager,Male,22073.0,2023-10-24,Active,6135,Normal,Currently Working
103760,6003,Max Sastry,Quality Checker,Female,21632.0,2024-12-20,Active,6003,Normal,Currently Working
103761,6036,Hitesh Sheth,Delivery Rider,Male,35275.0,2024-10-15,Active,6036,Normal,Currently Working
103762,6060,Pooja Anne,Picker,Female,15627.0,2026-07-17,Resigned,6060,Normal,Resigned
103763,6030,Lajita Hari,Picker,Female,28795.0,2024-07-30,Active,6030,Normal,Currently Working
103764,6033,Yauvani Baria,Delivery Rider,Female,47806.0,2026-05-06,Active,6033,Normal,Currently Working
103765,6006,Ladli Sarin,Picker,Female,50129.0,2023-12-09,Resigned,6006,Normal,Resigned
103766,6130,Gunbir Dugal,Packer,Male,21446.0,2023-11-17,Active,6130,Normal,Currently Working
103767,6002,Abeer Kale,Store Manager,Female,59846.0,2023-08-21,Resigned,6002,Normal,Resigned
103768,6012,Ekanta Mohanty,Packer,Male,55504.0,2024-04-19,Active,6012,Normal,Currently Working
103769,6059,Ekanta Dora,Quality Checker,Male,17250.0,2023-01-29,On Leave,6059,Normal,On Leave
103770,6015,Arjun Sharaf,Packer,Female,39550.0,2026-08-11,On Leave,6015,Normal,On Leave
103771,6101,Saanvi Dani,Delivery Rider,Male,22277.0,2025-02-24,On Leave,6101,Normal,On Leave
103772,6076,Ethan Rout,Inventory Associate,Male,49720.0,2024-09-29,Active,6076,Normal,Currently Working
103773,6051,Megha Minhas,Picker,Female,30974.0,2023-08-03,Active,6051,Normal,Currently Working
103774,6055,Urvashi Rao,Picker,Unknown,42458.0,2024-10-30,Active,6055,Normal,Currently Working
103775,6044,Abhiram Pall,Picker,Male,45742.0,2023-07-24,On Leave,6044,Normal,On Leave
103776,6125,Lakshmi Keer,Delivery Rider,Unknown,47018.0,2023-09-29,Resigned,6125,Normal,Resigned
103777,6037,Yachana Vohra,Store Manager,Male,20816.0,2026-06-18,Active,6037,Normal,Currently Working
103778,6145,Zaitra Basu,Delivery Rider,Female,39424.5,2023-01-03,Active,6145,Normal,Currently Working
103779,6100,Nimrat Chander,Delivery Rider,Unknown,56013.0,2023-08-21,Active,6100,Normal,Currently Working
103780,6102,Kamala Kalla,Picker,Female,17974.0,2024-10-31,Resigned,6102,Normal,Resigned
103781,6116,Netra Minhas,Quality Checker,Male,58256.0,2023-05-13,Active,6116,Normal,Currently Working
103782,6054,Diya Sankar,Packer,Male,14643.0,2025-12-15,Active,6054,Normal,Currently Working
103783,6059,Ekapad Kamdar,Packer,Male,33651.0,2025-12-06,Resigned,6059,Normal,Resigned
103784,6148,Rishi Misra,Inventory Associate,Female,41364.0,2023-01-21,Active,6148,Normal,Currently Working
103785,6143,Nathan Jha,Picker,Male,41637.0,2023-07-19,Active,6143,Normal,Currently Working
103786,6128,Raksha Parsa,Delivery Rider,Male,25720.0,2022-09-23,Active,6128,Normal,Currently Working
103787,6014,Eesha Varty,Picker,Male,24491.0,2026-06-13,Active,6014,Normal,Currently Working
103788,6001,Robert Master,Quality Checker,Male,44823.0,2023-03-28,Active,6001,Normal,Currently Working
103789,6149,Sarthak Salvi,Delivery Rider,Male,35256.0,2024-02-11,Active,6149,Normal,Currently Working
103790,6028,Rayaan Kohli,Store Manager,Male,50035.0,2025-03-18,Active,6028,Normal,Currently Working
103791,6144,Zayan Comar,Quality Checker,Female,61053.0,2026-05-30,Active,6144,Normal,Currently Working
103792,6059,Ekapad Kurian,Quality Checker,Male,58742.0,2025-05-04,On Leave,6059,Normal,On Leave
103793,6081,Baljiwan Sekhon,Delivery Rider,Unknown,16017.0,2026-04-02,Active,6081,Normal,Currently Working
103794,6082,Nakul Pant,Store Manager,Female,27324.0,2024-10-16,Active,6082,Normal,Currently Working
103795,6009,Gauri Sarma,Delivery Rider,Male,59201.0,2023-02-13,Resigned,6009,Normal,Resigned
103796,6007,Owen Goswami,Picker,Male,22714.0,2023-12-04,Resigned,6007,Normal,Resigned
103797,6141,Eshana Saran,Delivery Rider,Male,61212.0,2024-08-06,Active,6141,Normal,Currently Working
103798,6003,David Krish,Picker,Female,46847.0,2026-03-30,Active,6003,Normal,Currently Working
103799,6109,Avni Bhandari,Store Manager,Male,61386.0,2024-05-16,Resigned,6109,Normal,Resigned
103800,6130,Yoshita Dara,Delivery Rider,Female,21447.0,2025-04-29,Active,6130,Normal,Currently Working
103801,6139,Nathan Ravi,Picker,Female,50167.0,2022-09-06,Active,6139,Normal,Currently Working
103802,6068,Nimrat Sura,Delivery Rider,Male,55316.0,2023-03-29,Active,6068,Normal,Currently Working
103803,6147,Warinder Bala,Picker,Female,35149.0,2022-11-01,Active,6147,Normal,Currently Working
103804,6010,Turvi Pant,Delivery Rider,Male,27540.0,2025-06-30,Active,6010,Normal,Currently Working
103805,6116,Lopa Rout,Packer,Female,58850.0,2026-07-23,Active,6116,Normal,Currently Working
103806,6044,Abhiram Peri,Store Manager,Female,24180.0,2025-11-29,Active,6044,Normal,Currently Working
103807,6076,Udarsh Patla,Delivery Rider,Female,52526.0,2023-04-22,On Leave,6076,Normal,On Leave
103808,6061,Viraj Mall,Picker,Male,17432.0,2023-12-30,Active,6061,Normal,Currently Working
103809,6055,Kamya Nadkarni,Quality Checker,Male,40451.0,2023-11-28,On Leave,6055,Normal,On Leave
103810,6098,Kashish Apte,Packer,Male,16504.0,2022-10-30,Active,6098,Normal,Currently Working
103811,6052,Jalsa Pandit,Delivery Rider,Male,55505.0,2026-02-04,Resigned,6052,Normal,Resigned
103812,6096,Abdul Keer,Picker,Female,43257.0,2024-10-25,Resigned,6096,Normal,Resigned
103813,6100,Hemal Dar,Delivery Rider,Female,39424.5,2023-06-08,Active,6100,Normal,Currently Working
103814,6001,Faqid Palla,Delivery Rider,Female,18203.0,2023-05-13,On Leave,6001,Normal,On Leave
103815,6111,Xiti Lal,Picker,Female,37268.0,2026-03-03,Active,6111,Normal,Currently Working
103816,6113,Abhimanyu Gala,Picker,Male,22692.0,2026-05-29,Active,6113,Normal,Currently Working
103817,6085,Falguni Parsa,Delivery Rider,Female,50486.0,2023-03-10,Active,6085,Normal,Currently Working
103818,6035,Yashica Bhagat,Picker,Male,37787.0,2026-05-02,Resigned,6035,Normal,Resigned
103819,6042,Baljiwan Tara,Packer,Female,59849.0,2026-03-17,Resigned,6042,Normal,Resigned
103820,6055,Tripti Hegde,Picker,Female,58085.0,2024-10-19,Active,6055,Normal,Currently Working
103821,6136,Krishna Rout,Packer,Female,57863.0,2023-04-17,Resigned,6136,Normal,Resigned
103822,6006,Vrinda Dar,Delivery Rider,Male,24105.0,2025-06-13,Resigned,6006,Normal,Resigned
103823,6024,Qarin Barad,Picker,Male,23959.0,2024-01-22,Active,6024,Normal,Currently Working
103824,6015,Udyati Bandi,Delivery Rider,Female,58753.0,2024-09-16,Resigned,6015,Normal,Resigned
103825,6080,Chakrika Gola,Picker,Female,32296.0,2025-02-11,Active,6080,Normal,Currently Working
103826,6011,Upadhriti Sharma,Quality Checker,Male,45667.0,2023-10-31,Active,6011,Normal,Currently Working
103827,6020,Widisha Ahluwalia,Packer,Male,19751.0,2025-05-21,On Leave,6020,Normal,On Leave
103828,6120,Oliver Mander,Inventory Associate,Female,42798.0,2024-06-15,Active,6120,Normal,Currently Working
103829,6111,Falguni Sandhu,Delivery Rider,Female,39424.5,2024-12-02,Active,6111,Normal,Currently Working
103830,6006,Dhruv Bala,Inventory Associate,Male,31316.0,2023-04-28,Active,6006,Normal,Currently Working
103831,6040,Tejas Mangat,Delivery Rider,Female,30779.0,2023-11-02,Active,6040,Normal,Currently Working
103832,6019,Udarsh Buch,Quality Checker,Unknown,45347.0,2024-07-09,Resigned,6019,Normal,Resigned
103833,6144,Gaurangi Bahl,Packer,Female,31237.0,2024-10-05,Active,6144,Normal,Currently Working
103834,6125,Yashasvi Sarkar,Picker,Female,18839.0,2025-02-07,Resigned,6125,Normal,Resigned
103835,6002,Pranav Wason,Picker,Female,28503.0,2025-01-27,On Leave,6002,Normal,On Leave
103836,6044,Charvi Kale,Picker,Male,37003.0,2025-09-05,Active,6044,Normal,Currently Working
103837,6034,Urmi Andra,Picker,Male,25897.0,2024-04-27,On Leave,6034,Normal,On Leave
103838,6004,Harsh Vora,Packer,Male,56833.0,2024-07-05,On Leave,6004,Normal,On Leave
103839,6140,Panini Modi,Picker,Female,64254.0,2024-04-10,Active,6140,Normal,Currently Working
103840,6076,Vanya Kakar,Delivery Rider,Unknown,25873.0,2026-06-16,On Leave,6076,Normal,On Leave
103841,6081,Advay Bhatti,Store Manager,Male,35456.0,2022-10-21,Resigned,6081,Normal,Resigned
103842,6076,Aditya Vohra,Packer,Unknown,26451.0,2024-09-03,Resigned,6076,Normal,Resigned
103843,6009,Frederick Shere,Store Manager,Male,53128.0,2023-11-05,Resigned,6009,Normal,Resigned
103844,6108,Kalpit Mukhopadhyay,Inventory Associate,Unknown,16359.0,2026-03-11,Active,6108,Normal,Currently Working
103845,6046,Manan Narang,Packer,Male,57036.0,2023-12-09,Resigned,6046,Normal,Resigned
103846,6113,Azad Sibal,Quality Checker,Male,58885.0,2024-01-03,Active,6113,Normal,Currently Working
103847,6142,Darpan Mannan,Packer,Female,35837.0,2024-07-10,On Leave,6142,Normal,On Leave
103848,6042,Leela Mani,Delivery Rider,Female,43600.0,2026-03-18,Active,6042,Normal,Currently Working
103849,6138,Gautam Contractor,Delivery Rider,Unknown,54242.0,2026-06-30,On Leave,6138,Normal,On Leave
103850,6062,Jeremiah Trivedi,Inventory Associate,Female,47887.0,2026-02-20,Active,6062,Normal,Currently Working
103851,6046,Zansi Kala,Packer,Female,25492.0,2026-02-04,Resigned,6046,Normal,Resigned
103852,6097,Frederick Shankar,Packer,Male,14934.0,2023-01-15,Active,6097,Normal,Currently Working
103853,6052,Kamya Setty,Store Manager,Male,44878.0,2025-10-13,Active,6052,Normal,Currently Working
103854,6133,Adweta Mohan,Delivery Rider,Female,49429.0,2023-04-04,Active,6133,Normal,Currently Working
103855,6106,Tanveer Majumdar,Picker,Male,18286.0,2026-02-07,Resigned,6106,Normal,Resigned
103856,6139,Falan Rajagopalan,Inventory Associate,Female,45075.0,2023-07-21,Active,6139,Normal,Currently Working
103857,6115,Yashawini Deshmukh,Inventory Associate,Female,15920.0,2025-06-08,On Leave,6115,Normal,On Leave
103858,6089,Alka Warrior,Delivery Rider,Male,64436.0,2026-01-29,On Leave,6089,Normal,On Leave
103859,6088,Osha Raman,Delivery Rider,Male,22561.0,2024-07-05,Active,6088,Normal,Currently Working
103860,6020,Nirja Loke,Inventory Associate,Male,38491.0,2022-10-23,Resigned,6020,Normal,Resigned
103861,6135,Gaurika Raju,Inventory Associate,Male,28218.0,2023-01-18,Active,6135,Normal,Currently Working
103862,6081,Lakshit Bali,Picker,Female,42853.0,2025-07-12,Active,6081,Normal,Currently Working
103863,6132,Ishita Nagarajan,Delivery Rider,Male,31035.0,2024-04-21,On Leave,6132,Normal,On Leave
103864,6084,Aashi Walia,Quality Checker,Female,28535.0,2023-11-24,Active,6084,Normal,Currently Working
103865,6005,Ekani Goda,Delivery Rider,Unknown,33073.0,2025-03-08,On Leave,6005,Normal,On Leave
103866,6086,Meghana Sagar,Delivery Rider,Female,50466.0,2022-09-29,Active,6086,Normal,Currently Working
103867,6103,Eta Bajaj,Store Manager,Female,48675.0,2023-03-05,Active,6103,Normal,Currently Working
103868,6016,Om Nagy,Inventory Associate,Male,31168.0,2025-06-10,Resigned,6016,Normal,Resigned
103869,6115,Mekhala Sathe,Inventory Associate,Unknown,52627.0,2025-03-29,Active,6115,Normal,Currently Working
103870,6058,Ridhi Padmanabhan,Picker,Female,61963.0,2024-02-04,On Leave,6058,Normal,On Leave
103871,6069,William Pandit,Picker,Male,41279.0,2026-02-09,Active,6069,Normal,Currently Working
103872,6138,Tanveer Pillai,Picker,Male,15812.0,2023-08-30,On Leave,6138,Normal,On Leave
103873,6057,Adweta Chandra,Quality Checker,Female,20471.0,2025-10-20,Resigned,6057,Normal,Resigned
103874,6046,Charita Dara,Delivery Rider,Unknown,39424.5,2025-12-31,Active,6046,Normal,Currently Working
103875,6053,Champak Maharaj,Delivery Rider,Female,37002.0,2026-01-17,Resigned,6053,Normal,Resigned
103876,6052,Gabriel Warrior,Picker,Female,33918.0,2026-02-02,Resigned,6052,Normal,Resigned
103877,6030,Reyansh Raju,Quality Checker,Unknown,34183.0,2025-11-19,Resigned,6030,Normal,Resigned
103878,6051,Frado Toor,Picker,Male,38424.5,2024-08-10,Active,6051,Normal,Currently Working
103879,6073,Elijah Bandi,Inventory Associate,Male,53281.0,2024-05-17,Active,6073,Normal,Currently Working
103880,6131,Pallavi Dhar,Delivery Rider,Unknown,14717.0,2023-07-18,On Leave,6131,Normal,On Leave
103881,6131,Alka Chad,Inventory Associate,Female,24042.0,2024-08-07,On Leave,6131,Normal,On Leave
103882,6109,Vincent Bhatnagar,Picker,Female,39058.0,2023-10-08,Active,6109,Normal,Currently Working
103883,6023,Geetika Vasa,Quality Checker,Male,49576.0,2023-12-01,Resigned,6023,Normal,Resigned
103884,6146,Shravya Palla,Store Manager,Male,16236.0,2024-09-06,Resigned,6146,Normal,Resigned
103885,6146,Jasmit Char,Store Manager,Male,50725.0,2024-09-26,Resigned,6146,Normal,Resigned
103886,6045,Chavvi Lalla,Picker,Male,38424.5,2022-10-23,Active,6045,Normal,Currently Working
103887,6009,Lajita Chanda,Quality Checker,Female,44500.0,2025-08-15,Active,6009,Normal,Currently Working
103888,6115,Hritik Muni,Delivery Rider,Unknown,44184.0,2024-01-10,Active,6115,Normal,Currently Working
103889,6051,Damyanti Raj,Picker,Male,36802.0,2023-06-23,Resigned,6051,Normal,Resigned
103890,6041,Ijaya Chaudhuri,Quality Checker,Male,35190.0,2026-02-17,Resigned,6041,Normal,Resigned
103891,6099,Naksh Hans,Inventory Associate,Female,48749.0,2024-12-13,Active,6099,Normal,Currently Working
103892,6146,Zansi Srinivas,Picker,Male,38424.5,2026-07-23,Resigned,6146,Normal,Resigned
103893,6144,Vihaan Master,Store Manager,Female,62881.0,2023-03-18,Resigned,6144,Normal,Resigned
103894,6148,Madhavi Kalita,Inventory Associate,Male,31161.0,2026-08-04,Active,6148,Normal,Currently Working
103895,6055,Manan Mall,Delivery Rider,Female,20590.0,2023-11-10,Resigned,6055,Normal,Resigned
103896,6080,Chanchal Nagarajan,Store Manager,Female,38812.0,2026-03-04,Active,6080,Normal,Currently Working
103897,6083,Daniel Patil,Picker,Male,64432.0,2023-11-22,On Leave,6083,Normal,On Leave
103898,6103,Rachana Tak,Inventory Associate,Female,31637.0,2025-07-02,Active,6103,Normal,Currently Working
103899,6097,Mohammed Sood,Picker,Male,47026.0,2025-06-08,Resigned,6097,Normal,Resigned
103900,6042,Qadim Kala,Store Manager,Male,25056.0,2025-07-24,Active,6042,Normal,Currently Working
103901,6131,Vinaya Sharma,Delivery Rider,Male,36035.0,2022-12-14,Active,6131,Normal,Currently Working
103902,6019,Mugdha Kale,Quality Checker,Male,36427.0,2024-08-03,On Leave,6019,Normal,On Leave
103903,6005,Bakhshi Murty,Delivery Rider,Female,44425.0,2025-09-15,Resigned,6005,Normal,Resigned
103904,6038,Gayathri Bhakta,Store Manager,Male,56269.0,2024-08-27,Active,6038,Normal,Currently Working
103905,6074,Samaksh Sibal,Picker,Female,14883.0,2025-10-03,Resigned,6074,Normal,Resigned
103906,6093,Jackson Bhattacharyya,Delivery Rider,Female,30267.0,2026-03-11,Active,6093,Normal,Currently Working
103907,6095,Qasim Kuruvilla,Quality Checker,Male,58943.0,2023-10-28,Resigned,6095,Normal,Resigned
103908,6086,Dhriti Kamdar,Delivery Rider,Male,58685.0,2023-12-22,Resigned,6086,Normal,Resigned
103909,6119,Libni Thakkar,Picker,Female,39685.0,2023-07-30,Active,6119,Normal,Currently Working
103910,6089,Aarna Dutt,Quality Checker,Unknown,55083.0,2025-03-31,Active,6089,Normal,Currently Working
103911,6131,Gautami Upadhyay,Picker,Unknown,58848.0,2025-04-04,On Leave,6131,Normal,On Leave
103912,6024,Onveer Sachdeva,Picker,Male,34075.0,2024-08-05,Active,6024,Normal,Currently Working
103913,6045,Riya Manda,Picker,Female,49011.0,2023-11-16,Active,6045,Normal,Currently Working
103914,6011,Geetika Taneja,Packer,Female,34614.0,2023-02-19,On Leave,6011,Normal,On Leave
103915,6025,Gunbir De,Delivery Rider,Male,28801.0,2025-08-16,Active,6025,Normal,Currently Working
103916,6079,Anamika Keer,Inventory Associate,Female,37662.0,2023-07-27,On Leave,6079,Normal,On Leave
103917,6005,Brijesh Krishnan,Delivery Rider,Female,42699.0,2022-11-13,On Leave,6005,Normal,On Leave
103918,6104,Xavier Edwin,Delivery Rider,Female,35928.0,2024-08-03,Active,6104,Normal,Currently Working
103919,6122,Dhruv Sodhi,Store Manager,Unknown,14255.0,2022-10-20,Active,6122,Normal,Currently Working
103920,6111,Krishna Dash,Quality Checker,Female,28249.0,2024-06-19,Resigned,6111,Normal,Resigned
103921,6038,Hemal Ravi,Packer,Female,60907.0,2023-11-04,Active,6038,Normal,Currently Working
103922,6024,Umang Venkatesh,Picker,Male,23955.0,2023-08-25,Active,6024,Normal,Currently Working
103923,6058,Ethan Gole,Packer,Female,32288.0,2024-02-21,Resigned,6058,Normal,Resigned
103924,6050,Yashodhara Om,Store Manager,Female,38812.0,2025-11-14,On Leave,6050,Normal,On Leave
103925,6112,Tara Morar,Delivery Rider,Female,38004.0,2026-02-03,Resigned,6112,Normal,Resigned
103926,6022,Jyoti Dutt,Delivery Rider,Female,29026.0,2022-10-21,Resigned,6022,Normal,Resigned
103927,6011,Yutika Kanda,Store Manager,Male,58085.0,2022-10-10,Resigned,6011,Normal,Resigned
103928,6054,Lipika Dara,Store Manager,Female,20297.0,2026-07-31,Active,6054,Normal,Currently Working
103929,6061,Sachi Tata,Delivery Rider,Male,43458.0,2026-02-24,Active,6061,Normal,Currently Working
103930,6141,Caleb Modi,Quality Checker,Female,64461.0,2024-03-27,Active,6141,Normal,Currently Working
103931,6041,Nimrat Dani,Inventory Associate,Female,28524.0,2026-07-26,Resigned,6041,Normal,Resigned
103932,6078,Patrick Sunder,Delivery Rider,Male,32607.0,2023-06-28,Active,6078,Normal,Currently Working
103933,6078,Widisha Tiwari,Quality Checker,Male,16393.0,2025-10-13,Resigned,6078,Normal,Resigned
103934,6067,Sneha Mani,Picker,Female,45463.0,2023-01-09,Active,6067,Normal,Currently Working
103935,6008,Veda Sharaf,Picker,Female,41180.0,2025-11-12,Resigned,6008,Normal,Resigned
103936,6087,Girish Baria,Picker,Female,26462.0,2023-04-15,Resigned,6087,Normal,Resigned
103937,6131,Jagvi Muni,Delivery Rider,Male,30047.0,2023-10-11,Active,6131,Normal,Currently Working
103938,6047,Patrick Walla,Picker,Male,23184.0,2025-03-16,Active,6047,Normal,Currently Working
103939,6098,Krishna Lad,Picker,Male,63980.0,2026-05-04,Active,6098,Normal,Currently Working
103940,6021,Januja Palan,Quality Checker,Female,22018.0,2022-09-01,Resigned,6021,Normal,Resigned
103941,6035,Chatura Bava,Store Manager,Female,61444.0,2024-05-08,On Leave,6035,Normal,On Leave
103942,6092,Jonathan Zachariah,Quality Checker,Unknown,18857.0,2024-09-19,Active,6092,Normal,Currently Working
103943,6079,Kritika Saha,Picker,Male,60730.0,2022-12-10,Resigned,6079,Normal,Resigned
103944,6070,Orinder Nagarajan,Delivery Rider,Female,26308.0,2025-11-15,On Leave,6070,Normal,On Leave
103945,6006,Krisha Karnik,Quality Checker,Male,26784.0,2026-07-31,On Leave,6006,Normal,On Leave
103946,6064,William Keer,Delivery Rider,Male,41492.0,2023-07-06,Active,6064,Normal,Currently Working
103947,6046,Anamika Uppal,Delivery Rider,Female,19163.0,2022-08-26,Resigned,6046,Normal,Resigned
103948,6150,Aarnav Oommen,Picker,Female,15909.0,2024-05-28,Resigned,6150,Normal,Resigned
103949,6016,Inaya Rama,Packer,Male,24301.0,2026-05-09,Active,6016,Normal,Currently Working
103950,6088,Gopal Kuruvilla,Picker,Female,50570.0,2026-03-30,Resigned,6088,Normal,Resigned
103951,6064,Balendra Salvi,Picker,Male,25326.0,2024-06-26,Active,6064,Normal,Currently Working
103952,6104,Chatresh Palan,Delivery Rider,Female,38675.0,2024-06-07,On Leave,6104,Normal,On Leave
103953,6084,Advik Muni,Delivery Rider,Male,23938.0,2026-06-12,Active,6084,Normal,Currently Working
103954,6072,Rayaan Sanghvi,Picker,Male,39956.0,2024-03-01,Resigned,6072,Normal,Resigned
103955,6013,Ekiya Bakshi,Picker,Female,21944.0,2024-07-16,Active,6013,Normal,Currently Working
103956,6136,Wyatt Barad,Picker,Unknown,53239.0,2025-08-30,Resigned,6136,Normal,Resigned
103957,6005,Ucchal Baria,Picker,Male,24516.0,2026-01-18,Active,6005,Normal,Currently Working
103958,6081,Chatura Kuruvilla,Delivery Rider,Male,31784.0,2026-01-14,On Leave,6081,Normal,On Leave
103959,6054,Adya Chander,Delivery Rider,Male,45374.0,2024-01-15,Active,6054,Normal,Currently Working
103960,6139,Garima Chaudhari,Picker,Male,24271.0,2022-10-27,Active,6139,Normal,Currently Working
103961,6076,Noah Palla,Delivery Rider,Unknown,16537.0,2024-04-11,Active,6076,Normal,Currently Working
103962,6022,Zaitra Singhal,Inventory Associate,Male,46898.0,2022-09-29,Active,6022,Normal,Currently Working
103963,6022,Azaan Chokshi,Quality Checker,Female,25164.0,2022-12-21,Active,6022,Normal,Currently Working
103964,6045,Falguni Srivastava,Store Manager,Male,32935.0,2023-02-01,Active,6045,Normal,Currently Working
103965,6148,Nidhi Ramesh,Store Manager,Female,28332.0,2026-03-20,On Leave,6148,Normal,On Leave
103966,6053,Chaman Sathe,Packer,Male,46416.0,2024-12-26,Active,6053,Normal,Currently Working
103967,6146,Jeet Shah,Delivery Rider,Unknown,14590.0,2022-09-22,Active,6146,Normal,Currently Working
103968,6062,Nachiket Iyer,Picker,Male,20934.0,2023-11-30,Active,6062,Normal,Currently Working
103969,6120,Omaja Jhaveri,Picker,Unknown,60364.0,2026-02-25,Resigned,6120,Normal,Resigned
103970,6138,Triveni Swamy,Delivery Rider,Male,48063.0,2024-11-26,Active,6138,Normal,Currently Working
103971,6128,Chandresh Chaudhry,Packer,Female,29717.0,2023-02-12,On Leave,6128,Normal,On Leave
103972,6093,Udarsh Garde,Packer,Male,16358.0,2023-02-28,On Leave,6093,Normal,On Leave
103973,6046,Maya Kibe,Picker,Female,23177.0,2023-11-06,Resigned,6046,Normal,Resigned
103974,6112,Warjas Tara,Picker,Male,32960.0,2025-12-14,Resigned,6112,Normal,Resigned
103975,6001,Rehaan Keer,Packer,Female,28558.0,2024-02-28,On Leave,6001,Normal,On Leave
103976,6136,Meghana Garde,Picker,Male,44896.0,2026-06-09,Resigned,6136,Normal,Resigned
103977,6039,Tristan Chana,Inventory Associate,Male,46546.0,2022-12-27,On Leave,6039,Normal,On Leave
103978,6073,Qadim Nagar,Delivery Rider,Female,33172.0,2023-04-04,Active,6073,Normal,Currently Working
103979,6121,Rushil Kannan,Inventory Associate,Male,26449.0,2024-03-06,Resigned,6121,Normal,Resigned
103980,6056,Saksham Bandi,Delivery Rider,Unknown,17529.0,2025-08-12,Resigned,6056,Normal,Resigned
103981,6130,Yashasvi Karan,Store Manager,Male,62899.0,2024-01-17,Resigned,6130,Normal,Resigned
103982,6150,Wriddhish Vora,Picker,Female,60817.0,2025-09-15,On Leave,6150,Normal,On Leave
103983,6096,Oviya Sagar,Delivery Rider,Male,39424.5,2024-09-04,Active,6096,Normal,Currently Working
103984,6016,Shivansh Apte,Packer,Male,45668.0,2026-03-28,Active,6016,Normal,Currently Working
103985,6123,Falan Sen,Delivery Rider,Female,47926.0,2023-06-24,Resigned,6123,Normal,Resigned
103986,6095,Vasana Kurian,Store Manager,Male,33939.0,2023-11-03,Active,6095,Normal,Currently Working
103987,6002,Kavya Yadav,Picker,Male,31696.0,2024-03-21,Resigned,6002,Normal,Resigned
103988,6023,Darsh Krish,Quality Checker,Unknown,27583.0,2024-01-12,Active,6023,Normal,Currently Working
103989,6019,Jhalak Khalsa,Packer,Female,32030.0,2025-11-27,Active,6019,Normal,Currently Working
103990,6080,Teerth Murthy,Quality Checker,Male,63058.0,2024-01-05,On Leave,6080,Normal,On Leave
103991,6007,Wridesh More,Packer,Unknown,41924.0,2023-07-06,Active,6007,Normal,Currently Working
103992,6105,Ishwar Virk,Store Manager,Male,48059.0,2023-08-04,Active,6105,Normal,Currently Working
103993,6083,Faqid Gara,Delivery Rider,Female,28720.0,2024-08-17,Active,6083,Normal,Currently Working
103994,6050,Divya Sahni,Inventory Associate,Male,56977.0,2026-06-22,Active,6050,Normal,Currently Working
103995,6081,Charles Natarajan,Picker,Female,32130.0,2025-04-21,Resigned,6081,Normal,Resigned
103996,6026,Pratyush Rattan,Inventory Associate,Male,58649.0,2024-10-10,Resigned,6026,Normal,Resigned
103997,6115,Ati Mishra,Picker,Male,46120.0,2024-06-19,Resigned,6115,Normal,Resigned
103998,6059,Chaman Mital,Store Manager,Male,38272.0,2023-10-03,Active,6059,Normal,Currently Working
103999,6013,Tanay Bava,Picker,Male,52986.0,2026-03-09,Resigned,6013,Normal,Resigned
104000,6050,Aayush Ramaswamy,Delivery Rider,Male,39424.5,2023-07-04,Active,6050,Normal,Currently Working
