customer_id,customer_name,city,signup_platform,app_version,signup_date
400001,Chameli Anand,Kochi,Big Basket,Android,23-12-2024
400002,Zayyan Dutta,Bengaluru,Big Basket,IOS,23-10-2024
400003,Vidhi Badal,Lucknow,Blinkit,Android,10-03-2025
400004,Gaurav Seth,Chennai,Blinkit,Android,10-06-2025
400005,Divya Sandhu,Jaipur,Zepto,Android,13-05-2024
400006,Dev Apte,Kolkata,Big Basket,Android,15-03-2024
400007,Oscar Bhasin,Delhi,Blinkit,IOS,03-02-2024
400008,Liam Sethi,Chandigarh,Swiggy Instamart,IOS,03-06-2024
400009,Wridesh Dhillon,Lucknow,Blinkit,IOS,16-06-2025
400010,Amaira Chana,Lucknow,Zepto,Android,16-04-2026
400011,Warda Kalita,Bengaluru,Zepto,Android,20-11-2023
400012,Zinal Bhatia,Kochi,Swiggy Instamart,IOS,22-03-2026
400013,Christopher Kapadia,Kochi,Blinkit,IOS,21-07-2026
400014,Yutika Oak,Chennai,Blinkit,Android,12-04-2025
400015,Divya Kannan,Bengaluru,Swiggy Instamart,Android,28-07-2025
400016,Gauri Dugar,Hyderabad,Swiggy Instamart,Android,15-09-2023
400017,Ekbal Joshi,Kochi,Swiggy Instamart,IOS,09-07-2025
400018,Fitan Badal,Kochi,Blinkit,Others,26-05-2024
400019,Gautami Doshi,Ahmedabad,Big Basket,Others,06-03-2026
400020,Ishanvi Jha,Mumbai,Zepto,Others,18-08-2024
400021,Aryan Ravel,Jaipur,Blinkit,Android,14-04-2025
400022,Gopal Gour,Lucknow,Blinkit,IOS,07-05-2024
400023,Ethan Kalita,Jaipur,Blinkit,Android,15-01-2026
400024,Dalbir Anand,Lucknow,Zepto,IOS,01-05-2026
400025,Maanav Bhatt,Jaipur,Zepto,Android,13-01-2024
400026,Tarak Grover,Jaipur,Big Basket,Android,01-05-2026
400027,Samar Sundaram,Bengaluru,Zepto,Android,10-05-2025
400028,Yuvraj Das,Ahmedabad,Zepto,Others,11-07-2024
400029,Nakul Ghose,Kochi,Zepto,IOS,07-03-2026
400030,Zaitra Mital,Bengaluru,Swiggy Instamart,Android,01-09-2024
400031,Damyanti Tailor,Lucknow,Big Basket,Android,22-06-2026
400032,Omkaar Loyal,Kochi,Big Basket,IOS,23-05-2025
400033,Xiti Thaman,Kolkata,Blinkit,Android,20-09-2023
400034,Eshana Deshpande,Hyderabad,Zepto,Android,20-09-2023
400035,Timothy Sethi,Kochi,Big Basket,IOS,09-05-2024
400036,Siddharth Varty,Jaipur,Big Basket,IOS,07-04-2026
400037,Zayyan Barad,Kochi,Zepto,Android,20-05-2025
400038,Hiral Roy,Bengaluru,Blinkit,IOS,25-01-2024
400039,Andrew Buch,Kolkata,Swiggy Instamart,Android,26-08-2023
400040,Naveen Ratta,Lucknow,Swiggy Instamart,IOS,28-05-2026
400041,Upasna Bhalla,Chandigarh,Zepto,IOS,18-08-2025
400042,Naksh Dalal,Ahmedabad,Zepto,Android,08-07-2026
400043,Niharika Grover,Lucknow,Swiggy Instamart,IOS,14-03-2024
400044,Amol Talwar,Hyderabad,Swiggy Instamart,IOS,20-02-2026
400045,Yochana Prabhu,Lucknow,Big Basket,Android,11-03-2026
400046,Advaith Nair,Bengaluru,Zepto,IOS,17-08-2024
400047,Bina Jain,Bengaluru,Swiggy Instamart,IOS,25-09-2024
400048,Aarav Narayan,Mumbai,Big Basket,Android,04-03-2024
400049,Hemani Nayak,Kolkata,Zepto,IOS,27-08-2024
400050,Daksh Wason,Jaipur,Blinkit,Android,11-12-2024
400051,Warjas Cheema,Bengaluru,Blinkit,Android,07-11-2023
400052,Qabil Mohan,Chennai,Big Basket,Others,04-08-2024
400053,Mugdha Dugar,Bengaluru,Big Basket,Android,29-01-2026
400054,Bhanumati Borah,Hyderabad,Swiggy Instamart,Android,04-12-2024
400055,Charvi Ray,Bengaluru,Big Basket,IOS,26-05-2025
400056,Advaith Dutta,Lucknow,Big Basket,Android,30-11-2025
400057,Tanmayi Parekh,Mumbai,Swiggy Instamart,IOS,25-04-2025
400058,Banjeet Singhal,Kolkata,Big Basket,Android,18-09-2025
400059,Triveni Vaidya,Lucknow,Zepto,Android,28-11-2024
400060,Adya Buch,Kochi,Big Basket,Others,29-01-2026
400061,Hemang Vala,Delhi,Zepto,Android,13-11-2023
400062,Turvi Pal,Pune,Blinkit,Android,01-12-2026
400063,Oeshi Bhatnagar,Lucknow,Big Basket,IOS,26-07-2026
400064,Pranav Dugar,Ncr,Zepto,Others,24-01-2024
400065,Amara Khurana,Mumbai,Zepto,IOS,24-09-2025
400066,Darsh Yogi,Chandigarh,Big Basket,Android,15-04-2025
400067,Chandresh Behl,Jaipur,Zepto,Android,12-11-2025
400068,Mitali Samra,Chandigarh,Big Basket,Android,06-12-2023
400069,Ayaan Venkatesh,Mumbai,Blinkit,Android,16-04-2024
400070,Urmi Pau,Pune,Zepto,Others,22-06-2026
400071,Diya Dey,Lucknow,Swiggy Instamart,IOS,02-11-2023
400072,Omisha Khanna,Kolkata,Blinkit,IOS,05-11-2024
400073,Radha Manda,Delhi,Zepto,IOS,03-05-2026
400074,Timothy Kamdar,Pune,Blinkit,Android,10-01-2024
400075,Varsha Maharaj,Ahmedabad,Zepto,IOS,25-07-2024
400076,Kritika Murthy,Bengaluru,Big Basket,Android,19-08-2024
400077,Triveni Tella,Chandigarh,Blinkit,Others,15-08-2025
400078,Teerth Grover,Kolkata,Zepto,Android,05-12-2023
400079,Ojasvi Shankar,Chennai,Big Basket,IOS,19-03-2025
400080,Ati Apte,Bengaluru,Blinkit,Android,27-07-2025
400081,Falak Anand,Bengaluru,Big Basket,Others,06-08-2024
400082,Oni Chana,Chandigarh,Big Basket,IOS,10-11-2023
400083,Warhi Jani,Jaipur,Big Basket,Android,20-02-2026
400084,Aarav Sen,Ahmedabad,Zepto,IOS,11-02-2025
400085,Nirja Agrawal,Chandigarh,Blinkit,IOS,10-09-2024
400086,Gopal Dubey,Kochi,Swiggy Instamart,IOS,15-04-2026
400087,Amaira Mistry,Hyderabad,Blinkit,Others,16-06-2025
400088,Ekantika Baral,Hyderabad,Zepto,Android,22-05-2024
400089,Nihal Swamy,Hyderabad,Swiggy Instamart,Android,01-11-2025
400090,Zehaan Magar,Kochi,Zepto,Android,03-06-2026
400091,Azaan Panchal,Chennai,Big Basket,Others,09-09-2023
400092,Maanav Sha,Kolkata,Blinkit,Android,11-01-2026
400093,Dalaja Comar,Kochi,Blinkit,IOS,22-12-2025
400094,Isaiah Varma,Bengaluru,Swiggy Instamart,Android,22-07-2024
400095,Advay Palla,Ahmedabad,Swiggy Instamart,Android,20-10-2025
400096,Jackson Mangat,Lucknow,Big Basket,Android,07-06-2025
400097,Theodore Minhas,Mumbai,Swiggy Instamart,IOS,05-06-2026
400098,Bahadurjit Kota,Hyderabad,Zepto,IOS,24-01-2024
400099,Arjun Pall,Hyderabad,Zepto,IOS,17-12-2023
400100,Vrishti Sarkar,Mumbai,Swiggy Instamart,IOS,23-09-2023
400101,Unnati Bakshi,Jaipur,Big Basket,Android,11-12-2023
400102,Jacob Ratta,Ahmedabad,Big Basket,IOS,28-06-2025
400103,Jatin Behl,Kochi,Blinkit,Android,05-11-2023
400104,Darpan Nagarajan,Chandigarh,Swiggy Instamart,IOS,23-07-2024
400105,Tarak Varughese,Kochi,Zepto,IOS,16-03-2025
400106,Isha Sachdev,Bengaluru,Big Basket,Android,26-08-2024
400107,Chatura Sarma,Ahmedabad,Big Basket,IOS,19-12-2024
400108,Ryan Chana,Bengaluru,Blinkit,Android,07-07-2026
400109,Warinder Sachdev,Chandigarh,Zepto,Android,12-08-2024
400110,Wridesh Hayre,Bengaluru,Zepto,Android,12-06-2025
400111,Lila Pal,Ahmedabad,Blinkit,Android,07-11-2025
400112,Dipta Patla,Jaipur,Zepto,Android,05-10-2024
400113,Vedhika Wable,Lucknow,Swiggy Instamart,IOS,15-06-2024
400114,Upkaar Ahluwalia,Pune,Big Basket,IOS,17-05-2024
400115,Jasmit Goda,Jaipur,Swiggy Instamart,Android,13-01-2026
400116,Vinaya Kibe,Bengaluru,Zepto,IOS,20-06-2026
400117,Jyoti Sagar,Kochi,Blinkit,Android,11-12-2023
400118,Owen Choudhry,Kolkata,Swiggy Instamart,Android,09-05-2026
400119,Harrison Lalla,Hyderabad,Blinkit,IOS,17-05-2025
400120,Andrew Vora,Jaipur,Swiggy Instamart,Android,08-08-2025
400121,Warhi Uppal,Lucknow,Zepto,IOS,19-04-2024
400122,Bimala Dugal,Pune,Zepto,Android,25-08-2025
400123,Yashica Arya,Jaipur,Swiggy Instamart,Android,19-12-2023
400124,Triveni Brahmbhatt,Kochi,Zepto,Android,02-07-2025
400125,Vasatika Borah,Jaipur,Swiggy Instamart,IOS,29-12-2023
400126,Devika Nagy,Kochi,Swiggy Instamart,IOS,07-11-2024
400127,Liam Comar,Ahmedabad,Blinkit,Android,01-11-2023
400128,Jeet Aurora,Bengaluru,Blinkit,IOS,11-04-2026
400129,Jasmit Din,Kolkata,Blinkit,Android,06-08-2025
400130,Oliver Chandra,Ahmedabad,Big Basket,Android,19-10-2024
400131,Fariq Das,Ahmedabad,Zepto,Android,17-04-2024
400132,Anvi Ganesh,Chandigarh,Zepto,Android,01-04-2025
400133,Samuel Edwin,Kolkata,Big Basket,IOS,29-09-2023
400134,Ekaja Sethi,Bengaluru,Blinkit,IOS,09-09-2025
400135,Bina Pillay,Hyderabad,Swiggy Instamart,IOS,18-12-2025
400136,Xiti Prabhu,Ahmedabad,Zepto,Android,13-05-2026
400137,Ishita Saha,Chandigarh,Blinkit,Android,19-06-2024
400138,Amol Bala,Kochi,Zepto,Android,23-05-2025
400139,Raksha Halder,Mumbai,Swiggy Instamart,IOS,19-10-2023
400140,Gavin Bhalla,Mumbai,Zepto,IOS,01-12-2023
400141,Vidhi Vasa,Kochi,Zepto,IOS,04-07-2026
400142,Ikbal Batta,Delhi,Swiggy Instamart,IOS,20-08-2023
400143,Nandini Goel,Pune,Zepto,IOS,14-07-2026
400144,Ekbal Bhakta,Ahmedabad,Swiggy Instamart,Android,27-10-2023
400145,Jai Jayaraman,Pune,Swiggy Instamart,Android,21-09-2024
400146,Falan Aggarwal,Chennai,Swiggy Instamart,IOS,12-08-2026
400147,Falak Patla,Bengaluru,Blinkit,IOS,29-07-2025
400148,Vasana Kapadia,Jaipur,Big Basket,IOS,25-03-2025
400149,Benjamin Bhardwaj,Jaipur,Blinkit,Android,02-11-2024
400150,Vedant Nori,Pune,Big Basket,Android,01-04-2025
400151,Hredhaan Khosla,Chennai,Swiggy Instamart,IOS,21-08-2024
400152,Yashawini Wagle,Mumbai,Blinkit,Android,26-10-2024
400153,Harsh Purohit,Lucknow,Blinkit,IOS,27-05-2024
400154,Naveen Dugar,Kolkata,Zepto,Others,02-10-2025
400155,Saksham Goel,Mumbai,Swiggy Instamart,IOS,20-10-2024
400156,Vrinda Bhavsar,Hyderabad,Swiggy Instamart,IOS,29-01-2024
400157,Orinder Nanda,Lucknow,Blinkit,Android,29-04-2025
400158,Vansha Bali,Lucknow,Zepto,Android,06-06-2024
400159,Nitara Murty,Chennai,Big Basket,IOS,13-04-2026
400160,Nidhi Koshy,Kochi,Blinkit,Android,15-04-2026
400161,Upkaar Dash,Kochi,Swiggy Instamart,Android,09-11-2023
400162,Tanveer Bala,Bengaluru,Zepto,Android,03-11-2023
400163,Jyoti Kohli,Hyderabad,Zepto,IOS,18-09-2023
400164,Zaid Mohanty,Pune,Blinkit,Android,06-09-2024
400165,Samarth Rana,Chandigarh,Swiggy Instamart,Android,09-10-2025
400166,Lakshit Chaudry,Kolkata,Blinkit,IOS,17-06-2025
400167,Zinal Korpal,Chennai,Swiggy Instamart,Android,27-01-2025
400168,Saanvi Kapur,Mumbai,Zepto,IOS,17-03-2025
400169,Urvi Bhatti,Lucknow,Swiggy Instamart,IOS,15-01-2024
400170,Advik Doshi,Mumbai,Swiggy Instamart,Android,14-10-2023
400171,Qarin Saini,Jaipur,Big Basket,Android,27-03-2025
400172,Janya Grewal,Chandigarh,Blinkit,Android,04-02-2026
400173,Rachit Toor,Chennai,Swiggy Instamart,Android,04-04-2024
400174,Ranbir Viswanathan,Chandigarh,Big Basket,Android,30-04-2025
400175,Darika Roy,Lucknow,Big Basket,IOS,12-10-2023
400176,Yauvani Sahota,Ahmedabad,Zepto,Android,04-09-2023
400177,Logan Muni,Mumbai,Zepto,Android,05-12-2025
400178,Chatresh Ghosh,Pune,Swiggy Instamart,IOS,04-10-2024
400179,Kevin Thaker,Lucknow,Big Basket,IOS,18-01-2025
400180,Wazir Dasgupta,Ahmedabad,Zepto,IOS,03-03-2025
400181,Balvan Salvi,Kochi,Blinkit,Android,14-07-2024
400182,Dhruv Ramaswamy,Bengaluru,Zepto,IOS,27-04-2025
400183,Rushil Sastry,Ncr,Zepto,IOS,15-02-2026
400184,Banjeet Bhakta,Delhi,Zepto,Others,17-01-2024
400185,Anjali Sanghvi,Mumbai,Blinkit,IOS,13-03-2026
400186,Adweta Upadhyay,Pune,Blinkit,Android,25-08-2025
400187,Umang Vasa,Lucknow,Zepto,Android,19-01-2024
400188,Banjeet Kurian,Ahmedabad,Blinkit,Android,04-03-2024
400189,Warinder Sahni,Jaipur,Zepto,IOS,27-01-2024
400190,Panini Dua,Mumbai,Big Basket,Android,26-05-2026
400191,Balveer Munshi,Ahmedabad,Swiggy Instamart,IOS,12-03-2025
400192,Harinakshi Rama,Lucknow,Zepto,Android,30-11-2023
400193,Wriddhish Ganesh,New Delhi,Swiggy Instamart,IOS,05-03-2024
400194,Ishaan Balan,Chandigarh,Swiggy Instamart,IOS,20-09-2025
400195,Hemal Wason,Jaipur,Zepto,IOS,27-03-2025
400196,Urmi Singh,Kochi,Big Basket,Android,27-03-2024
400197,Udant Mani,Delhi,Big Basket,Android,16-04-2025
400198,Manya Singhal,Pune,Swiggy Instamart,IOS,25-10-2024
400199,Idika Vohra,Mumbai,Swiggy Instamart,Android,13-09-2023
400200,Ubika Prasad,Chennai,Zepto,IOS,30-12-2023
400201,Hema Toor,Mumbai,Swiggy Instamart,IOS,14-09-2023
400202,Aarav Halder,Bengaluru,Blinkit,Others,01-11-2024
400203,Frado Dass,Hyderabad,Big Basket,IOS,27-09-2025
400204,Anirudh Agrawal,Kochi,Big Basket,IOS,26-06-2024
400205,Zayyan Edwin,Delhi,Big Basket,IOS,17-11-2023
400206,Indira Iyengar,Pune,Swiggy Instamart,IOS,05-10-2024
400207,Charles Khosla,Bengaluru,Big Basket,IOS,18-02-2024
400208,Vansha Date,Lucknow,Zepto,Android,25-08-2024
400209,Charita Chawla,Hyderabad,Swiggy Instamart,IOS,08-05-2024
400210,Yasti Thaker,Chennai,Zepto,Android,27-07-2024
400211,Oscar Bobal,Lucknow,Big Basket,IOS,18-06-2025
400212,Mahika Baria,Lucknow,Big Basket,Android,16-01-2025
400213,Baljiwan Dua,Bengaluru,Swiggy Instamart,Android,18-01-2026
400214,Odika Jha,Chennai,Swiggy Instamart,IOS,03-03-2024
400215,Luke Upadhyay,Lucknow,Big Basket,IOS,30-05-2024
400216,Chatresh Mutti,Delhi,Swiggy Instamart,Android,02-03-2025
400217,Jason Kar,Bengaluru,Big Basket,Android,12-01-2024
400218,Rudra Yohannan,Chennai,Big Basket,IOS,08-04-2024
400219,Siddharth Buch,Lucknow,Zepto,Android,31-10-2023
400220,Wahab Sibal,Delhi,Zepto,IOS,06-01-2026
400221,Upasna Rama,Pune,Blinkit,IOS,04-04-2024
400222,Ishani Basu,Chandigarh,Zepto,Android,22-11-2023
400223,Viraj Choudhury,Chandigarh,Big Basket,Android,13-09-2025
400224,Libni Tak,Jaipur,Zepto,Others,08-07-2026
400225,Watika Tiwari,Jaipur,Blinkit,Android,26-01-2025
400226,Brinda Bhargava,Delhi,Big Basket,IOS,02-08-2025
400227,Edhitha Bhatti,Mumbai,Blinkit,Android,15-02-2024
400228,Christopher Gour,Chandigarh,Zepto,IOS,02-09-2023
400229,Ojas Varughese,Hyderabad,Swiggy Instamart,Android,29-12-2024
400230,Frado Parmer,Lucknow,Swiggy Instamart,Android,14-09-2023
400231,Yutika Divan,Chandigarh,Big Basket,Android,28-04-2026
400232,Jeevika Bhat,Kochi,Zepto,IOS,28-09-2023
400233,Chandran Borah,Chennai,Zepto,IOS,23-06-2026
400234,Warda Bhat,Chandigarh,Zepto,Others,06-11-2025
400235,Naksh Loke,Mumbai,Swiggy Instamart,Android,25-09-2023
400236,Lohit Mann,Ahmedabad,Big Basket,IOS,07-08-2025
400237,Jacob Lal,Jaipur,Big Basket,IOS,02-09-2024
400238,Laban Madan,Ahmedabad,Swiggy Instamart,IOS,18-01-2026
400239,Rajata Korpal,Chennai,Blinkit,IOS,29-02-2024
400240,Hredhaan Jaggi,Hyderabad,Big Basket,IOS,20-10-2024
400241,Vasana Brar,Delhi,Swiggy Instamart,IOS,14-10-2024
400242,Joshua Sachdev,Hyderabad,Swiggy Instamart,Others,04-12-2024
400243,Orinder Sarna,Delhi,Blinkit,IOS,20-05-2026
400244,Isaac Varma,Delhi,Zepto,IOS,03-09-2024
400245,Kamala Chokshi,Chandigarh,Zepto,IOS,27-10-2023
400246,Faqid Krishnamurthy,Kochi,Blinkit,Android,10-10-2025
400247,Upkaar Rajagopalan,Chandigarh,Zepto,IOS,07-04-2025
400248,Krishna Keer,Pune,Zepto,Others,04-05-2026
400249,Chatura Karpe,Chandigarh,Swiggy Instamart,Others,05-10-2023
400250,Orinder Goda,Chennai,Blinkit,IOS,06-08-2024
400251,Fiyaz Hegde,Delhi,Zepto,IOS,27-01-2025
400252,Jai Oak,Jaipur,Big Basket,Android,29-08-2024
400253,Aradhana Kalita,Hyderabad,Blinkit,Android,12-04-2026
400254,Ekani Tailor,Kolkata,Swiggy Instamart,Android,20-06-2025
400255,Alexander Tella,Jaipur,Blinkit,Android,19-08-2025
400256,Mohammed Raj,Chennai,Zepto,Android,23-11-2023
400257,Samuel Sheth,Ahmedabad,Blinkit,Android,10-04-2025
400258,Siya Loke,Mumbai,Zepto,Android,17-04-2026
400259,Quincy Kata,Bengaluru,Zepto,Android,29-11-2024
400260,Tanmayi Ravi,Ahmedabad,Big Basket,Android,30-01-2025
400261,Indira Bassi,Bengaluru,Blinkit,Android,11-03-2024
400262,Warda Prasad,Lucknow,Big Basket,IOS,09-03-2024
400263,Avni Singhal,Ahmedabad,Blinkit,Android,17-05-2025
400264,Gabriel Gill,Lucknow,Swiggy Instamart,Android,30-07-2026
400265,Vyanjana Grewal,Jaipur,Swiggy Instamart,Android,23-07-2025
400266,Charvi Mander,Pune,Swiggy Instamart,IOS,19-10-2024
400267,Ishanvi Patla,Bengaluru,Blinkit,IOS,09-03-2025
400268,Praneel Seshadri,Chandigarh,Zepto,IOS,03-03-2025
400269,Frado Dalal,Ahmedabad,Zepto,IOS,05-01-2024
400270,Utkarsh Karnik,Lucknow,Swiggy Instamart,Android,20-09-2025
400271,Vasatika Dara,Chandigarh,Zepto,Others,01-03-2025
400272,Oscar Korpal,Bengaluru,Big Basket,IOS,29-09-2024
400273,Hitesh Datta,Jaipur,Swiggy Instamart,Android,29-06-2026
400274,Charles Andra,Kochi,Blinkit,IOS,10-11-2025
400275,Liam Agrawal,Hyderabad,Blinkit,Android,01-10-2023
400276,Darpan Kurian,Ahmedabad,Zepto,Android,30-08-2024
400277,Dev Sawhney,Chandigarh,Big Basket,IOS,16-10-2025
400278,Yug Walla,Kolkata,Blinkit,IOS,25-05-2024
400279,Xavier Kala,Hyderabad,Big Basket,IOS,27-04-2025
400280,Rachit Nori,Kochi,Zepto,Android,20-11-2025
400281,Nidhi Chandra,Ahmedabad,Swiggy Instamart,Android,25-10-2024
400282,Jacob Nadkarni,Chennai,Swiggy Instamart,Android,19-03-2024
400283,Warjas Brahmbhatt,Pune,Swiggy Instamart,IOS,23-01-2025
400284,Ishita Saran,Hyderabad,Big Basket,Android,26-01-2026
400285,Abhiram Shah,Ahmedabad,Swiggy Instamart,IOS,14-08-2025
400286,Maya Krish,Chennai,Swiggy Instamart,IOS,22-01-2024
400287,Zashil Desai,Chennai,Blinkit,Android,25-02-2025
400288,Yoshita Varkey,Chandigarh,Zepto,Android,14-03-2026
400289,Damini Chowdhury,Lucknow,Swiggy Instamart,IOS,27-11-2024
400290,Praneel Sarna,Lucknow,Blinkit,IOS,05-09-2023
400291,Vidhi Mohan,Jaipur,Big Basket,Android,27-11-2023
400292,Neelima Dey,Ahmedabad,Blinkit,IOS,04-06-2025
400293,Ishanvi Sani,Jaipur,Blinkit,Android,24-07-2026
400294,Christopher Chacko,Ahmedabad,Swiggy Instamart,IOS,21-05-2025
400295,Shaurya Andra,Mumbai,Big Basket,IOS,27-05-2025
400296,Umang Brar,Ahmedabad,Zepto,Android,31-10-2024
400297,Janaki Grewal,Hyderabad,Big Basket,Others,07-04-2026
400298,Rohan Srinivas,Jaipur,Big Basket,IOS,28-02-2024
400299,Harish Oommen,Lucknow,Big Basket,IOS,06-06-2025
400300,Unnati Shah,Ahmedabad,Zepto,Others,22-01-2025
400301,Gautami Pandit,Delhi,Zepto,Android,12-04-2026
400302,Sachi Swamy,Kolkata,Zepto,Android,28-07-2026
400303,Yash Pillai,Pune,Zepto,IOS,02-12-2025
400304,Janaki Gopal,Kolkata,Zepto,IOS,07-09-2023
400305,Qushi Nagar,Mumbai,Blinkit,IOS,20-11-2023
400306,Jack Dara,Chennai,Swiggy Instamart,IOS,31-01-2024
400307,Harinakshi Ganesh,Mumbai,Swiggy Instamart,Android,01-11-2025
400308,Xavier Bhatnagar,Chennai,Big Basket,Android,26-06-2025
400309,Yasti Krishna,Delhi,Swiggy Instamart,Android,19-12-2025
400310,Jalsa Virk,Kochi,Blinkit,IOS,11-03-2025
400311,Inaya Kunda,Chandigarh,Swiggy Instamart,IOS,30-03-2025
400312,Theodore Bhat,Chennai,Swiggy Instamart,Android,19-09-2024
400313,Samar More,Hyderabad,Swiggy Instamart,Android,20-11-2025
400314,Hiral Mammen,Jaipur,Big Basket,Android,14-04-2025
400315,Gaurangi Apte,Chandigarh,Blinkit,IOS,25-06-2024
400316,Advay Ghose,Mumbai,Blinkit,Others,29-06-2026
400317,Maya Chaudry,Lucknow,Blinkit,Android,30-01-2026
400318,Amaira Contractor,Jaipur,Blinkit,Android,02-02-2026
400319,Qarin Hari,Hyderabad,Swiggy Instamart,IOS,10-01-2025
400320,Frado Bala,Kolkata,Blinkit,IOS,02-09-2025
400321,Tanish Bumb,Mumbai,Big Basket,Android,30-10-2025
400322,Kavya Grewal,Kolkata,Swiggy Instamart,Android,21-11-2023
400323,Avni Sandal,Lucknow,Zepto,Android,08-12-2024
400324,Lavanya Mannan,Lucknow,Blinkit,Others,08-02-2026
400325,Jack Mohanty,Delhi,Zepto,IOS,14-04-2025
400326,Libni Chauhan,Hyderabad,Swiggy Instamart,IOS,31-08-2023
400327,Gayathri Aggarwal,Mumbai,Zepto,Android,02-12-2023
400328,Varsha Korpal,Lucknow,Big Basket,Android,19-12-2025
400329,Teerth Gara,Delhi,Swiggy Instamart,Android,07-12-2024
400330,Tara Sankaran,Hyderabad,Big Basket,Android,12-03-2026
400331,Arya Narula,Hyderabad,Zepto,IOS,10-09-2025
400332,Triya Dhawan,Jaipur,Zepto,IOS,18-12-2025
400333,Vinaya Varughese,Kolkata,Zepto,Android,22-12-2025
400334,Maanav Hora,Hyderabad,Blinkit,Android,08-04-2024
400335,Pavani Dugal,Delhi,Blinkit,IOS,25-10-2023
400336,Ira Talwar,Bengaluru,Blinkit,Android,13-05-2024
400337,Shivani Tandon,Chandigarh,Swiggy Instamart,IOS,23-05-2026
400338,Lakshit Hora,Lucknow,Big Basket,Android,12-10-2023
400339,Jackson Pandya,Chandigarh,Blinkit,IOS,11-04-2025
400340,Gagan Sura,Delhi,Big Basket,Android,29-11-2025
400341,Saumya Jha,Kolkata,Swiggy Instamart,Android,26-09-2023
400342,Dalbir Dave,Chandigarh,Big Basket,Android,24-05-2026
400343,Upadhriti Sharma,Kochi,Zepto,IOS,29-10-2023
400344,Manan Borah,Chandigarh,Big Basket,IOS,02-04-2026
400345,Ayaan Sandal,Ahmedabad,Zepto,Android,27-08-2025
400346,Rachita Baral,Chandigarh,Zepto,Android,01-02-2026
400347,Theodore Sura,Lucknow,Big Basket,Android,20-10-2024
400348,Nihal Upadhyay,Mumbai,Swiggy Instamart,Android,31-01-2025
400349,Kamala Suresh,Kolkata,Big Basket,IOS,19-06-2024
400350,Xiti Choudhury,Kolkata,Zepto,Android,09-04-2026
400351,Tanmayi Nayar,Mumbai,Blinkit,Android,26-02-2026
400352,Yagnesh Chakrabarti,Chandigarh,Swiggy Instamart,IOS,30-07-2026
400353,Aarnav Mangal,Chennai,Blinkit,Android,10-05-2025
400354,Aarnav Bobal,Kolkata,Blinkit,IOS,02-02-2025
400355,Kashish Malhotra,Kolkata,Zepto,Android,07-11-2023
400356,Manbir Toor,Chandigarh,Zepto,IOS,11-06-2025
400357,Wakeeta Krish,Hyderabad,Big Basket,Others,25-05-2026
400358,Jeet Gupta,Kolkata,Big Basket,IOS,26-11-2024
400359,Xalak Kade,Mumbai,Swiggy Instamart,Others,27-07-2026
400360,Fariq Raval,Pune,Big Basket,Android,28-03-2025
400361,Amruta Pandey,Bengaluru,Blinkit,Others,10-06-2026
400362,Nachiket Sachar,Jaipur,Big Basket,IOS,09-06-2025
400363,Jeevika Bandi,Chandigarh,Big Basket,Android,11-01-2025
400364,George Manda,Kolkata,Big Basket,Others,13-09-2024
400365,Peter Ramaswamy,Bengaluru,Swiggy Instamart,Android,16-06-2024
400366,Eta Tripathi,Lucknow,Big Basket,Android,26-03-2024
400367,Rayaan De,Mumbai,Zepto,Android,03-03-2026
400368,Rohan Mukherjee,Mumbai,Swiggy Instamart,IOS,13-05-2025
400369,Gauri Morar,Chandigarh,Blinkit,IOS,12-07-2025
400370,Anthony Zacharia,Bengaluru,Swiggy Instamart,IOS,26-08-2024
400371,Wazir Prabhu,Chandigarh,Blinkit,Android,21-02-2024
400372,Divya Mitter,Chandigarh,Big Basket,Android,24-10-2025
400373,Kashvi Goel,Lucknow,Swiggy Instamart,IOS,16-08-2024
400374,Warhi Keer,Ahmedabad,Swiggy Instamart,Android,15-08-2026
400375,Anamika Sabharwal,Bengaluru,Zepto,IOS,03-08-2026
400376,Kavya Sengupta,Ahmedabad,Zepto,Android,04-05-2026
400377,Urishilla Kala,Jaipur,Blinkit,Android,15-10-2025
400378,Mohammed Ratti,Hyderabad,Big Basket,IOS,01-09-2024
400379,Thomas Gola,Bengaluru,Zepto,Android,09-04-2026
400380,Max D’Alia,Chennai,Swiggy Instamart,IOS,14-01-2025
400381,Warinder Sule,Kolkata,Swiggy Instamart,IOS,28-11-2025
400382,Falguni Deep,Mumbai,Big Basket,Others,06-09-2024
400383,Tanmayi Chand,Lucknow,Swiggy Instamart,IOS,16-01-2026
400384,Onveer Kumer,Delhi,Blinkit,Android,14-02-2025
400385,Yashawini Subramaniam,Kochi,Zepto,Android,09-08-2026
400386,Faraj Bora,Bengaluru,Big Basket,IOS,26-01-2026
400387,Wahab Nagy,Kochi,Swiggy Instamart,Android,21-04-2026
400388,Faras Mukherjee,Chennai,Blinkit,Android,19-10-2024
400389,Siya Lanka,Hyderabad,Zepto,Android,07-03-2026
400390,Viraj Rastogi,Kochi,Swiggy Instamart,IOS,07-09-2024
400391,Urmi Jayaraman,Bengaluru,Zepto,Android,14-10-2025
400392,Caleb Sunder,Kochi,Big Basket,IOS,17-07-2026
400393,Arunima Ganesan,Chennai,Zepto,IOS,12-02-2025
400394,Ganga Venkataraman,Jaipur,Zepto,IOS,03-05-2026
400395,Caleb Sodhi,Bengaluru,Zepto,IOS,04-06-2026
400396,Deepa Ben,Pune,Blinkit,Others,04-02-2025
400397,Eesha Lanka,Bengaluru,Blinkit,Android,04-07-2026
400398,Atharv Hegde,Hyderabad,Blinkit,Android,02-02-2024
400399,Garima Nagarajan,Lucknow,Zepto,IOS,22-11-2025
400400,Pratyush Dhawan,Jaipur,Swiggy Instamart,Android,23-08-2025
400401,Yahvi Mitter,Chennai,Swiggy Instamart,Android,16-06-2026
400402,Yahvi Jani,Ahmedabad,Zepto,Android,26-09-2024
400403,Zarna Comar,Ahmedabad,Zepto,IOS,18-04-2026
400404,Urmi Sha,Mumbai,Swiggy Instamart,IOS,24-04-2026
400405,Rajata Walla,Ahmedabad,Blinkit,IOS,05-09-2024
400406,Kamala Parsa,Kolkata,Zepto,Android,26-03-2026
400407,Aashi Chakraborty,Chennai,Blinkit,Others,03-08-2026
400408,Aahana Kaur,Mumbai,Zepto,Android,15-09-2023
400409,Ridhi Kata,Kolkata,Zepto,Android,28-01-2025
400410,Chakradev Dhar,Kolkata,Big Basket,Android,10-07-2024
400411,Qasim Bhatt,Chandigarh,Blinkit,IOS,29-09-2025
400412,Brinda Sabharwal,Chandigarh,Blinkit,Others,21-01-2025
400413,Hamsini Krishna,Kochi,Zepto,IOS,03-02-2025
400414,Ijaya Basak,Lucknow,Swiggy Instamart,Android,21-10-2024
400415,Urmi Varty,Mumbai,Swiggy Instamart,IOS,07-06-2024
400416,Janani Kamdar,Hyderabad,Swiggy Instamart,Android,11-07-2025
400417,Amrita Dhaliwal,Mumbai,Swiggy Instamart,IOS,13-12-2024
400418,Ayaan Gole,Kolkata,Swiggy Instamart,Android,19-04-2025
400419,Isaac Barad,Kolkata,Swiggy Instamart,Android,19-02-2026
400420,Neel Kumer,Mumbai,Swiggy Instamart,Android,12-01-2024
400421,Mitesh Bhavsar,Ahmedabad,Zepto,IOS,19-03-2025
400422,Turvi Apte,Kochi,Swiggy Instamart,IOS,07-10-2025
400423,Lakshmi Comar,Mumbai,Zepto,Android,13-06-2026
400424,Laban Prabhakar,New Delhi,Zepto,Others,13-10-2023
400425,Bachittar Sibal,Pune,Big Basket,IOS,10-03-2024
400426,Aarush Sood,Delhi,Zepto,IOS,28-06-2025
400427,Charles Ghosh,Chennai,Big Basket,IOS,15-03-2025
400428,Tanish Morar,Delhi,Swiggy Instamart,Android,06-03-2025
400429,Peter Behl,Lucknow,Big Basket,IOS,04-01-2026
400430,Oliver Vyas,Chennai,Zepto,IOS,07-09-2023
400431,Aditya Nair,Chennai,Blinkit,Android,19-11-2024
400432,Bhavini Parmar,Bengaluru,Big Basket,Android,26-02-2024
400433,Yashica Goel,Mumbai,Zepto,IOS,10-11-2023
400434,Sathvik Devi,Bengaluru,Blinkit,IOS,03-03-2025
400435,Mitali Ramesh,Chennai,Zepto,IOS,12-12-2024
400436,Aashi Batra,Delhi,Zepto,IOS,30-11-2025
400437,Chatura Pradhan,Ahmedabad,Big Basket,Android,02-07-2025
400438,Damyanti Ramakrishnan,Chandigarh,Swiggy Instamart,Android,24-02-2025
400439,Wriddhish Khanna,Hyderabad,Zepto,IOS,24-08-2025
400440,Bachittar Sahni,Jaipur,Zepto,Others,20-02-2024
400441,Ansh Viswanathan,Kolkata,Big Basket,Android,16-05-2025
400442,Hredhaan Nair,Chandigarh,Swiggy Instamart,Android,01-07-2025
400443,Luke Reddy,Mumbai,Swiggy Instamart,Android,10-01-2024
400444,Vedant Sangha,Bengaluru,Swiggy Instamart,IOS,11-05-2025
400445,Bhavika Munshi,Bengaluru,Big Basket,IOS,24-04-2025
400446,Ekantika Shere,Mumbai,Swiggy Instamart,Android,10-08-2026
400447,Alka Bajaj,Kolkata,Blinkit,IOS,14-12-2025
400448,Lila Ghosh,Kochi,Big Basket,IOS,07-07-2024
400449,Chaaya Vaidya,Bengaluru,Big Basket,IOS,06-04-2024
400450,Netra Dhar,Pune,Blinkit,IOS,15-11-2023
400451,Tara Gokhale,Delhi,Swiggy Instamart,IOS,10-01-2026
400452,Caleb Raju,Kolkata,Blinkit,IOS,28-02-2025
400453,Anmol Narasimhan,Ahmedabad,Blinkit,IOS,13-02-2024
400454,Theodore Oza,Ahmedabad,Zepto,IOS,14-02-2024
400455,Yashvi Ravi,Chennai,Big Basket,IOS,03-11-2024
400456,Zaitra Bajwa,Ahmedabad,Big Basket,IOS,25-07-2024
400457,Xalak Warrior,Mumbai,Blinkit,IOS,18-09-2025
400458,Rachana Ram,Bengaluru,Blinkit,IOS,20-11-2023
400459,Anmol Shukla,Bengaluru,Big Basket,IOS,25-05-2024
400460,Ekanta Subramaniam,Chennai,Big Basket,Android,18-01-2026
400461,Ucchal Ganguly,Ahmedabad,Swiggy Instamart,Android,02-12-2023
400462,Wishi Wadhwa,Ahmedabad,Swiggy Instamart,IOS,09-09-2023
400463,Tanvi Murthy,Pune,Zepto,Android,09-06-2025
400464,Bakhshi Uppal,Pune,Big Basket,IOS,01-12-2025
400465,Anjali Kapur,Chennai,Big Basket,Android,18-01-2024
400466,Siya Sarna,Lucknow,Swiggy Instamart,Others,27-11-2024
400467,William More,Kochi,Zepto,Android,11-12-2023
400468,Kai Wali,Jaipur,Zepto,IOS,14-07-2024
400469,Bishakha Dua,Ahmedabad,Swiggy Instamart,Android,05-12-2026
400470,Brinda Purohit,Lucknow,Blinkit,Android,04-05-2026
400471,Vasatika Bansal,Chandigarh,Swiggy Instamart,IOS,18-08-2025
400472,Pranav Natarajan,Pune,Big Basket,Android,17-04-2024
400473,Aadhya Badami,Jaipur,Blinkit,IOS,01-04-2024
400474,Upasna Guha,Ahmedabad,Big Basket,Android,28-04-2025
400475,Neel Nanda,Hyderabad,Big Basket,Android,04-02-2025
400476,Chandresh Kari,Jaipur,Big Basket,Android,17-03-2024
400477,Ubika Dhaliwal,Delhi,Swiggy Instamart,IOS,14-01-2024
400478,Jack Murthy,Bengaluru,Swiggy Instamart,Android,20-07-2025
400479,Baghyawati Muni,Jaipur,Swiggy Instamart,IOS,26-04-2026
400480,Triveni Dua,Kochi,Zepto,Android,13-04-2026
400481,Damini Kothari,Kolkata,Swiggy Instamart,IOS,24-02-2024
400482,Aayush Kara,Chennai,Blinkit,Others,21-10-2023
400483,Noah Vig,Kolkata,Big Basket,Android,19-12-2023
400484,Kamya Rajagopalan,Chandigarh,Blinkit,IOS,28-02-2026
400485,Samuel Gala,Pune,Big Basket,Android,07-12-2023
400486,Maanav Mukhopadhyay,Delhi,Big Basket,IOS,23-11-2024
400487,Frederick Gill,Kochi,Zepto,IOS,15-11-2024
400488,Yashvi Rajagopal,Ahmedabad,Blinkit,IOS,25-03-2025
400489,Manbir Kala,Bengaluru,Zepto,IOS,03-10-2025
400490,Ishani Kothari,Pune,Swiggy Instamart,Android,26-01-2025
400491,Ubika Tandon,Hyderabad,Zepto,Android,08-02-2025
400492,Vasana Uppal,Chennai,Blinkit,Android,29-07-2026
400493,Divya Halder,Chandigarh,Blinkit,IOS,04-08-2026
400494,Andrew Anne,Pune,Zepto,Android,23-07-2026
400495,Tanish Bhasin,Delhi,Swiggy Instamart,IOS,19-02-2025
400496,Jagvi Rana,Chandigarh,Zepto,Others,29-01-2024
400497,Aadi Prabhu,Chennai,Swiggy Instamart,Android,17-08-2024
400498,Hredhaan Barman,Ahmedabad,Blinkit,IOS,09-03-2024
400499,Sai Warrior,Bengaluru,Zepto,IOS,29-06-2026
400500,Balveer Mander,Chandigarh,Blinkit,IOS,21-10-2023
400501,Libni Mahajan,Kochi,Blinkit,Android,03-11-2024
400502,Yash Brahmbhatt,Kolkata,Swiggy Instamart,IOS,18-09-2023
400503,Samarth Bobal,Jaipur,Big Basket,Others,22-02-2025
400504,Urishilla Setty,Kolkata,Zepto,IOS,22-07-2026
400505,Aarna Kale,Hyderabad,Zepto,Android,02-04-2026
400506,Praneel Balay,Pune,Zepto,IOS,13-04-2024
400507,Zayan Gaba,Mumbai,Blinkit,IOS,17-03-2024
400508,Liam Ravi,Kochi,Big Basket,IOS,19-12-2023
400509,Shivansh Randhawa,Hyderabad,Big Basket,IOS,30-12-2025
400510,Karan Khare,Delhi,Zepto,Android,01-09-2023
400511,Oni Chaudhry,Lucknow,Blinkit,IOS,15-03-2025
400512,Ishani Menon,Bengaluru,Big Basket,Android,02-08-2026
400513,Geetika Saraf,Delhi,Big Basket,Android,26-03-2025
400514,Krish Ratti,Bengaluru,Big Basket,Android,22-11-2023
400515,Ladli Toor,Delhi,Swiggy Instamart,IOS,26-12-2025
400516,Jeremiah Agate,Bengaluru,Swiggy Instamart,Android,15-01-2024
400517,Wahab Tank,Pune,Swiggy Instamart,IOS,05-07-2026
400518,Varenya Mann,Ahmedabad,Zepto,IOS,23-08-2025
400519,Anika Dora,Pune,Swiggy Instamart,Android,24-05-2024
400520,Ranveer Dube,Delhi,Blinkit,Android,19-11-2023
400521,Vinaya Mukherjee,Jaipur,Blinkit,IOS,12-04-2026
400522,Vanya Bala,Mumbai,Zepto,Android,08-11-2023
400523,Yashica Madan,Chandigarh,Swiggy Instamart,IOS,16-08-2025
400524,Deepa Parsa,Chennai,Big Basket,IOS,11-09-2024
400525,Zinal Ramanathan,Kochi,Blinkit,IOS,27-01-2026
400526,Dhriti Taneja,Pune,Big Basket,Android,01-03-2025
400527,Darpan Puri,Chennai,Big Basket,Android,04-09-2023
400528,Advay Muni,Bengaluru,Zepto,IOS,15-09-2024
400529,Madhav Wable,Delhi,Swiggy Instamart,IOS,26-11-2024
400530,Hritik Balakrishnan,Ahmedabad,Zepto,IOS,02-11-2024
400531,Kala Jha,Kolkata,Swiggy Instamart,Others,27-08-2025
400532,Chaaya Kale,Chennai,Blinkit,Android,22-04-2026
400533,Veer Sachdev,Mumbai,Blinkit,IOS,28-12-2025
400534,Hema Gulati,Ncr,Big Basket,Others,29-03-2025
400535,Fiyaz Wadhwa,Hyderabad,Zepto,IOS,29-07-2025
400536,Naveen Sarin,Lucknow,Blinkit,Android,13-03-2025
400537,Anika Sani,Hyderabad,Swiggy Instamart,IOS,26-12-2023
400538,Nimrat Munshi,Chennai,Zepto,Android,23-03-2024
400539,Ikbal Parmer,Chandigarh,Blinkit,IOS,04-06-2026
400540,Ekaja Garg,Mumbai,Zepto,Android,28-11-2025
400541,Edhitha Kala,Kochi,Zepto,IOS,16-09-2023
400542,Bhanumati Dewan,Jaipur,Zepto,IOS,02-04-2024
400543,Siddharth Pathak,Mumbai,Swiggy Instamart,IOS,27-11-2023
400544,Ikshita Zacharia,Pune,Zepto,Others,24-07-2024
400545,Tripti Devan,Mumbai,Blinkit,Others,11-02-2025
400546,Qabil Savant,Jaipur,Swiggy Instamart,IOS,28-08-2024
400547,Aarush Mohanty,Pune,Blinkit,IOS,22-02-2026
400548,Charles Kala,Ahmedabad,Zepto,Android,01-06-2026
400549,Finn Kant,Pune,Swiggy Instamart,IOS,16-01-2025
400550,Brinda Bassi,Pune,Swiggy Instamart,Android,20-04-2026
400551,Ekantika Sampath,Hyderabad,Big Basket,Android,10-03-2024
400552,Matthew Sachdev,Kolkata,Swiggy Instamart,Android,19-11-2025
400553,Ira Arora,Lucknow,Zepto,IOS,22-06-2025
400554,Veer Varghese,Bengaluru,Swiggy Instamart,IOS,01-09-2025
400555,Peter Sibal,Jaipur,Big Basket,IOS,25-08-2025
400556,Frederick Mallick,Chandigarh,Big Basket,Android,05-03-2026
400557,Ishani Agate,Mumbai,Blinkit,Others,21-12-2023
400558,Arunima Loyal,Pune,Zepto,Android,30-10-2023
400559,Manya Borra,Mumbai,Swiggy Instamart,IOS,27-09-2024
400560,Tanveer Rajan,Kolkata,Big Basket,Android,18-06-2024
400561,Ridhi Kaul,Chennai,Blinkit,Android,28-05-2026
400562,Avi Banerjee,Chandigarh,Big Basket,Others,01-11-2025
400563,Samaksh Nayar,Pune,Zepto,Android,31-01-2026
400564,Hemal Raghavan,Mumbai,Blinkit,Android,24-01-2024
400565,Devika Venkatesh,Kolkata,Zepto,Others,04-02-2024
400566,Nitara Rama,Jaipur,Zepto,IOS,25-05-2025
400567,Eiravati Narang,Ahmedabad,Swiggy Instamart,IOS,07-09-2024
400568,Ishani Dhillon,Pune,Zepto,IOS,01-07-2026
400569,Osha Brahmbhatt,Jaipur,Blinkit,Others,08-01-2025
400570,Maanav Garde,Mumbai,Blinkit,Android,04-03-2024
400571,Om Balan,Kochi,Big Basket,IOS,21-09-2023
400572,Saanvi Dugar,Ahmedabad,Swiggy Instamart,Android,28-12-2023
400573,Zayan Cheema,Kolkata,Zepto,Android,11-06-2026
400574,Darsh Mistry,Lucknow,Swiggy Instamart,IOS,27-05-2024
400575,Yutika Dhawan,Pune,Big Basket,Android,19-12-2025
400576,Finn Basu,Kolkata,Blinkit,Android,29-06-2024
400577,Chanchal Saxena,Ahmedabad,Big Basket,Android,25-03-2026
400578,Harrison Dara,Jaipur,Swiggy Instamart,Android,16-02-2024
400579,Umang Dalal,Kolkata,Big Basket,IOS,04-05-2024
400580,Maanav Dugal,Delhi,Zepto,Android,29-06-2026
400581,Yashawini Acharya,Pune,Big Basket,Android,12-05-2025
400582,Nidhi Wagle,Ncr,Swiggy Instamart,Android,18-09-2023
400583,Girik Pingle,Kolkata,Blinkit,IOS,20-01-2025
400584,Vedant Dhar,Kochi,Big Basket,IOS,14-09-2025
400585,Diya Gopal,Pune,Swiggy Instamart,Android,09-07-2024
400586,Vyanjana Dewan,Kochi,Swiggy Instamart,IOS,21-07-2026
400587,Harsh Balan,Kochi,Zepto,IOS,05-09-2023
400588,Dayamai Gokhale,Hyderabad,Big Basket,IOS,23-02-2024
400589,Atharv Raju,Chennai,Zepto,Android,02-03-2024
400590,Tarak Devan,Bengaluru,Zepto,IOS,11-12-2024
400591,Darpan Barad,Ahmedabad,Blinkit,Android,13-08-2024
400592,Hemangini Kapadia,Ahmedabad,Big Basket,IOS,03-10-2024
400593,Arya Narayan,Delhi,Swiggy Instamart,IOS,30-11-2024
400594,Ekta Sankar,Chennai,Blinkit,Others,28-06-2024
400595,Jacob Sarma,Kochi,Swiggy Instamart,IOS,29-11-2023
400596,Advaith Murty,Delhi,Big Basket,Android,19-05-2025
400597,Kiaan Chadha,Lucknow,Blinkit,IOS,17-01-2026
400598,Ijaya Bava,Pune,Big Basket,Android,08-05-2024
400599,Fariq Gaba,Kochi,Blinkit,Others,23-01-2024
400600,Chaitaly Mohanty,Kolkata,Blinkit,Android,15-08-2026
400601,Gayathri Pandya,Kolkata,Big Basket,IOS,13-01-2025
400602,Jagvi Rastogi,Mumbai,Blinkit,IOS,08-12-2025
400603,Damini Ramachandran,Delhi,Swiggy Instamart,Android,16-10-2024
400604,Ishita Vora,Kolkata,Blinkit,Android,17-02-2025
400605,Peter Narayanan,Chandigarh,Blinkit,IOS,31-12-2025
400606,Vanya Bose,Mumbai,Zepto,IOS,21-12-2024
400607,Alexander Mani,Delhi,Swiggy Instamart,Android,28-06-2025
400608,Nathan Tripathi,Chandigarh,Blinkit,IOS,20-08-2025
400609,Unni Deshpande,Kochi,Zepto,Android,09-04-2025
400610,Aarnav Ramaswamy,Kochi,Big Basket,IOS,06-02-2024
400611,Bachittar Thaman,Chandigarh,Big Basket,IOS,04-07-2025
400612,Eshana Magar,Bengaluru,Blinkit,Android,26-06-2026
400613,Ojas Chhabra,Chandigarh,Blinkit,IOS,18-05-2025
400614,Max Barman,Bengaluru,Zepto,IOS,29-04-2024
400615,Gayathri Jha,Chandigarh,Blinkit,IOS,27-01-2024
400616,Radhika Loke,Chandigarh,Swiggy Instamart,Android,21-05-2026
400617,Zarna Chopra,Jaipur,Swiggy Instamart,Android,06-03-2025
400618,Damini Kaur,Kochi,Zepto,IOS,04-01-2026
400619,Jeet Sethi,Pune,Zepto,Android,31-03-2025
400620,Ekalinga Sankaran,Mumbai,Big Basket,IOS,16-12-2024
400621,Anika Kaur,Ahmedabad,Swiggy Instamart,Others,12-01-2024
400622,Chanakya Shanker,Delhi,Zepto,IOS,20-08-2024
400623,Hardik Anand,Ahmedabad,Blinkit,Android,29-04-2025
400624,Wazir Datta,Jaipur,Swiggy Instamart,Android,13-04-2025
400625,Shravya Devi,Mumbai,Zepto,IOS,02-08-2025
400626,Dhriti Hayre,Pune,Big Basket,Android,30-05-2026
400627,Neha Sachdeva,Kolkata,Swiggy Instamart,Android,22-11-2025
400628,Isha Dey,Bengaluru,Big Basket,IOS,12-11-2024
400629,Sudiksha Pillay,Chennai,Big Basket,Android,11-09-2024
400630,Nimrat Thakur,Pune,Blinkit,Android,07-02-2026
400631,Zansi Gour,Chandigarh,Swiggy Instamart,IOS,01-03-2024
400632,Bhavika Baral,Lucknow,Zepto,IOS,08-11-2023
400633,Hemangini Krishnan,Chandigarh,Zepto,IOS,03-05-2024
400634,Maya Hans,Jaipur,Blinkit,IOS,28-04-2026
400635,Damini Krishna,Chennai,Big Basket,Android,18-02-2025
400636,Adya Sankar,Chandigarh,Big Basket,IOS,04-08-2025
400637,Bhavani Bakshi,Ahmedabad,Swiggy Instamart,Android,26-06-2025
400638,Omaja Kumar,Pune,Blinkit,IOS,23-03-2024
400639,Timothy Bhargava,Hyderabad,Zepto,IOS,04-10-2023
400640,Edhitha Swaminathan,Jaipur,Big Basket,IOS,22-04-2026
400641,Ishaan Chokshi,Kolkata,Zepto,Android,07-11-2024
400642,Triveni Rao,New Delhi,Big Basket,Others,04-08-2025
400643,Max Khatri,Chandigarh,Blinkit,Android,03-11-2023
400644,Maanav Dutta,Kochi,Swiggy Instamart,IOS,03-02-2025
400645,Chandresh Nagarajan,Ahmedabad,Big Basket,Android,06-01-2026
400646,Maya Vala,Chennai,Blinkit,IOS,18-05-2026
400647,Onkar Sridhar,Kochi,Swiggy Instamart,Android,07-02-2024
400648,Jason Mohan,Kochi,Big Basket,Android,21-05-2024
400649,Tanmayi Ramesh,Hyderabad,Swiggy Instamart,IOS,23-12-2024
400650,Falak Shanker,Lucknow,Blinkit,Android,11-04-2026
400651,Advay Nagar,Kolkata,Zepto,Android,20-06-2024
400652,Zaitra Cherian,Pune,Zepto,Android,26-03-2025
400653,Vivaan Thakur,Kochi,Big Basket,IOS,28-11-2023
400654,Raghav Kar,Kochi,Swiggy Instamart,Android,23-01-2024
400655,Bimala Chacko,Mumbai,Zepto,Android,04-10-2023
400656,Sarthak Dewan,Hyderabad,Blinkit,IOS,12-09-2024
400657,Pranit Dhawan,Chennai,Blinkit,IOS,27-06-2025
400658,Charan Chada,Pune,Swiggy Instamart,IOS,31-12-2025
400659,Suhani Viswanathan,Ahmedabad,Zepto,Android,01-02-2024
400660,David Master,Lucknow,Zepto,Others,15-09-2024
400661,Ojasvi Sagar,Kolkata,Swiggy Instamart,IOS,28-08-2023
400662,Jai Venkatesh,Mumbai,Big Basket,Android,25-04-2024
400663,Damini Gara,Ahmedabad,Swiggy Instamart,Android,07-05-2026
400664,Udant Uppal,Chandigarh,Big Basket,IOS,09-04-2025
400665,Amaira Sant,Ahmedabad,Swiggy Instamart,IOS,20-05-2026
400666,Devansh Dani,Pune,Big Basket,Android,26-06-2026
400667,Tanveer Magar,Delhi,Zepto,IOS,28-10-2024
400668,Qadim Grover,Chandigarh,Big Basket,Android,21-06-2026
400669,Maanas Nigam,Mumbai,Big Basket,IOS,28-11-2024
400670,Upma Dugar,Chandigarh,Swiggy Instamart,IOS,05-08-2025
400671,Avni Sheth,Kolkata,Zepto,IOS,23-03-2025
400672,Yashasvi Iyer,Pune,Big Basket,Android,10-06-2026
400673,Wridesh Mittal,Hyderabad,Zepto,IOS,22-03-2026
400674,Rushil Cherian,Ahmedabad,Blinkit,Android,20-05-2024
400675,Frederick Bal,Delhi,Swiggy Instamart,IOS,18-10-2024
400676,Jacob Deshmukh,Lucknow,Big Basket,IOS,10-07-2025
400677,Priya Sethi,Lucknow,Big Basket,IOS,07-11-2024
400678,Vanya Dixit,Lucknow,Big Basket,Android,28-08-2024
400679,Fariq Taneja,Lucknow,Swiggy Instamart,Android,17-01-2025
400680,Caleb Saini,Chennai,Swiggy Instamart,Android,18-11-2024
400681,Sanaya Kannan,Hyderabad,Zepto,Others,12-08-2026
400682,Samaksh Ravi,Delhi,Big Basket,Android,07-02-2024
400683,Rishi Lal,Hyderabad,Blinkit,IOS,07-07-2024
400684,Elijah Tara,Kolkata,Swiggy Instamart,Others,27-11-2023
400685,Benjamin Korpal,Mumbai,Big Basket,IOS,31-10-2024
400686,Eiravati Sankaran,Ncr,Zepto,Android,10-09-2024
400687,Yatan Prasad,Mumbai,Blinkit,IOS,08-09-2024
400688,Dipta Ghose,Ahmedabad,Swiggy Instamart,Android,09-03-2025
400689,Yutika Nadig,Ahmedabad,Big Basket,Android,18-01-2026
400690,Eta Jayaraman,Chandigarh,Zepto,IOS,15-04-2024
400691,Ryan Pal,Lucknow,Blinkit,Android,01-03-2026
400692,Zansi Bhatt,Mumbai,Big Basket,IOS,09-06-2024
400693,Lila Vasa,Kochi,Blinkit,Android,23-12-2025
400694,Jairaj Bera,Chandigarh,Zepto,Android,09-12-2025
400695,Brijesh Bassi,Ahmedabad,Swiggy Instamart,Others,01-03-2026
400696,Manthan Wason,Mumbai,Swiggy Instamart,IOS,25-10-2024
400697,Advika Deo,Hyderabad,Big Basket,Android,12-09-2025
400698,Manya Rajagopal,Chandigarh,Blinkit,Others,26-03-2026
400699,Jeremiah Ahluwalia,Pune,Big Basket,IOS,22-05-2025
400700,Rachit Patla,Pune,Blinkit,IOS,29-07-2025
400701,Darpan Bal,Kochi,Blinkit,IOS,31-01-2024
400702,Lavanya Joshi,Hyderabad,Blinkit,IOS,12-10-2024
400703,Raagini Soman,Chandigarh,Big Basket,Android,21-04-2025
400704,Zayan Koshy,Delhi,Swiggy Instamart,Android,13-09-2024
400705,Bahadurjit Dey,Lucknow,Swiggy Instamart,Android,20-07-2025
400706,Jonathan Sodhi,Bengaluru,Zepto,Android,31-05-2024
400707,Devika Dave,Kochi,Big Basket,Android,02-05-2026
400708,Ojasvi Dash,Pune,Blinkit,Android,20-08-2024
400709,Yauvani Chandra,Hyderabad,Zepto,Android,07-08-2025
400710,Ekantika Arya,Jaipur,Blinkit,Android,25-04-2024
400711,Charles Sane,Kochi,Blinkit,Android,09-04-2026
400712,Jai Sangha,Mumbai,Big Basket,Android,27-12-2025
400713,Isha Dora,Ahmedabad,Zepto,IOS,20-12-2023
400714,Urvi Kunda,Ahmedabad,Swiggy Instamart,Others,12-11-2023
400715,Eiravati Iyer,Pune,Big Basket,Android,15-01-2025
400716,Falguni Devan,Chandigarh,Zepto,IOS,28-12-2023
400717,George Mani,Jaipur,Swiggy Instamart,Android,24-10-2025
400718,Wriddhish Kata,Ahmedabad,Blinkit,Others,03-07-2026
400719,Charvi Mandal,Chennai,Big Basket,Android,11-03-2024
400720,Qadim Vohra,Kochi,Big Basket,Android,19-11-2025
400721,Aarush Bava,Bengaluru,Zepto,Android,08-06-2025
400722,Aachal Vala,Pune,Zepto,Android,22-09-2024
400723,Prisha Minhas,Chandigarh,Blinkit,Android,24-02-2025
400724,Gaurangi Rai,Bengaluru,Blinkit,IOS,16-04-2025
400725,Aditya Rege,Kolkata,Big Basket,Android,29-11-2024
400726,Ucchal Kulkarni,Mumbai,Zepto,Others,30-07-2024
400727,Bhavani Sani,Mumbai,Blinkit,IOS,19-06-2025
400728,Nimrat Rana,Chandigarh,Big Basket,IOS,16-10-2024
400729,Panini Vig,Kolkata,Big Basket,IOS,26-07-2026
400730,Anmol Subramaniam,Kochi,Swiggy Instamart,Others,15-04-2024
400731,Advay Bhattacharyya,Delhi,Big Basket,Others,21-01-2026
400732,Robert Barad,Hyderabad,Zepto,Android,27-04-2025
400733,Sneha Sunder,Chandigarh,Blinkit,Android,23-06-2025
400734,Aahana Savant,Delhi,Blinkit,Android,28-10-2024
400735,Urvi Pall,Bengaluru,Big Basket,Others,21-11-2023
400736,Arunima Natt,Bengaluru,Big Basket,IOS,05-11-2023
400737,Jagrati Bhakta,Chandigarh,Zepto,IOS,01-06-2024
400738,Jagrati Nazareth,Kochi,Big Basket,Android,28-11-2023
400739,Saumya Sarin,Kochi,Swiggy Instamart,Others,12-05-2026
400740,Damyanti Zachariah,Ahmedabad,Big Basket,Android,01-03-2026
400741,Chameli Dewan,Mumbai,Zepto,Android,30-07-2024
400742,Tanveer Sampath,Bengaluru,Blinkit,IOS,22-03-2026
400743,Ekapad Bir,Kolkata,Zepto,Android,02-03-2025
400744,Ladli Rajagopalan,Hyderabad,Swiggy Instamart,Others,29-03-2026
400745,Raksha Chandran,Jaipur,Zepto,IOS,17-04-2025
400746,Amara Cheema,Mumbai,Blinkit,Android,22-06-2024
400747,Avi Wable,Mumbai,Big Basket,IOS,23-01-2026
400748,Gagan Trivedi,Kolkata,Big Basket,IOS,17-03-2025
400749,Jason Saxena,Chandigarh,Zepto,IOS,31-07-2026
400750,Upkaar Raghavan,Pune,Big Basket,Android,25-12-2025
400751,Veda Mani,Delhi,Swiggy Instamart,Android,05-01-2025
400752,Ati Bassi,Kochi,Blinkit,Android,27-09-2024
400753,Darsh Zacharia,Chennai,Zepto,Android,06-03-2025
400754,Avi Saran,Pune,Big Basket,Android,25-06-2026
400755,Gaurav Walia,Chennai,Blinkit,IOS,04-05-2024
400756,Mason Bora,Kolkata,Zepto,IOS,07-05-2024
400757,Isaiah Luthra,Lucknow,Zepto,IOS,11-03-2024
400758,Ishita Munshi,Bengaluru,Blinkit,IOS,07-05-2024
400759,Bimala Narang,Kolkata,Zepto,IOS,27-08-2023
400760,Urvashi Nayar,Ahmedabad,Zepto,IOS,15-05-2024
400761,Keya Lanka,Hyderabad,Big Basket,IOS,09-05-2026
400762,Samaksh Kalla,Delhi,Zepto,Android,06-04-2024
400763,Jai Sankaran,Mumbai,Swiggy Instamart,IOS,27-06-2026
400764,Onveer Edwin,Kochi,Blinkit,Others,26-08-2024
400765,Samaksh Hayre,Delhi,Big Basket,Android,02-04-2024
400766,Frederick Chatterjee,Bengaluru,Swiggy Instamart,IOS,04-10-2024
400767,Jagrati Brahmbhatt,Kolkata,Blinkit,IOS,23-09-2024
400768,Robert Chaudhary,Delhi,Blinkit,Android,27-10-2023
400769,Pranav Nagarajan,Lucknow,Swiggy Instamart,Android,05-02-2026
400770,Faraj Choudhary,Kochi,Blinkit,IOS,07-04-2024
400771,Laban Ray,Kolkata,Blinkit,Android,24-12-2023
400772,Harrison Toor,Mumbai,Swiggy Instamart,Others,27-12-2023
400773,Pratyush Raghavan,Mumbai,Zepto,IOS,19-01-2025
400774,Jason Bhagat,Delhi,Swiggy Instamart,Android,23-09-2025
400775,Maya Sundaram,Hyderabad,Big Basket,Android,26-08-2024
400776,Wridesh Kara,Bengaluru,Big Basket,IOS,08-09-2024
400777,Balendra Choudhary,Hyderabad,Big Basket,Android,14-05-2024
400778,Eesha Shenoy,Kolkata,Big Basket,IOS,28-11-2024
400779,Sai Natarajan,Lucknow,Big Basket,Android,20-05-2025
400780,Zaitra Sodhi,Chennai,Blinkit,IOS,29-02-2024
400781,Harini Toor,Chennai,Zepto,Android,28-08-2024
400782,Falguni Sridhar,Lucknow,Big Basket,IOS,02-12-2025
400783,Daksha Hayer,Ahmedabad,Zepto,Others,02-10-2023
400784,Nikita Taneja,Pune,Blinkit,Others,24-05-2024
400785,Finn Murty,Kolkata,Blinkit,Android,15-07-2026
400786,Aarush Ramesh,Chandigarh,Zepto,Android,26-07-2025
400787,Pushti Narayanan,Pune,Zepto,Android,15-01-2026
400788,Om Kulkarni,Bengaluru,Swiggy Instamart,IOS,06-02-2024
400789,Simon Chander,Bengaluru,Blinkit,IOS,08-05-2026
400790,Christopher Sengupta,Hyderabad,Blinkit,Android,23-07-2026
400791,Zaid Parmer,Pune,Blinkit,Others,24-12-2025
400792,Saumya Rana,Delhi,Big Basket,Android,10-07-2026
400793,Avni Dey,Lucknow,Blinkit,Android,31-01-2026
400794,Zayan Bhavsar,Chennai,Blinkit,IOS,22-11-2024
400795,Udarsh Sinha,Delhi,Zepto,Android,31-01-2024
400796,Maanas Parmer,Chandigarh,Swiggy Instamart,IOS,26-05-2025
400797,Hritik Mani,Chandigarh,Zepto,IOS,26-10-2024
400798,Vamakshi Bajaj,Chandigarh,Blinkit,Others,21-09-2023
400799,Agastya Oza,Kochi,Big Basket,Android,04-09-2025
400800,Lekha Narula,Mumbai,Zepto,Others,19-02-2025
400801,Jeevika Dugar,Pune,Swiggy Instamart,Others,28-04-2026
400802,Chanakya Chahal,Ncr,Big Basket,IOS,22-02-2025
400803,Amruta Pandey,Lucknow,Big Basket,IOS,26-04-2024
400804,Upkaar Oza,Kolkata,Zepto,Android,29-01-2025
400805,Devansh Chakrabarti,Kolkata,Swiggy Instamart,IOS,19-05-2026
400806,Maanas Sur,Pune,Blinkit,IOS,26-10-2024
400807,Anmol Saran,Kochi,Big Basket,Android,18-07-2026
400808,Warjas Parsa,Lucknow,Blinkit,IOS,24-03-2024
400809,Viraj Venkataraman,Kolkata,Zepto,Others,18-01-2025
400810,Urvi Sridhar,Chennai,Blinkit,Android,25-12-2025
400811,Jai Chacko,Pune,Zepto,Android,07-11-2025
400812,Faqid Yadav,Kochi,Blinkit,IOS,13-07-2024
400813,Jack Murty,Jaipur,Zepto,Android,05-06-2024
400814,Rayaan Mall,Pune,Zepto,IOS,24-06-2024
400815,Garima Chana,Chandigarh,Blinkit,Android,10-06-2024
400816,Darsh Sani,Kochi,Zepto,IOS,01-07-2024
400817,Jonathan Datta,Jaipur,Swiggy Instamart,IOS,11-09-2023
400818,Imaran Jha,Chennai,Zepto,Others,05-04-2026
400819,Sathvik Srivastava,Hyderabad,Big Basket,IOS,20-03-2024
400820,Yoshita Wason,Jaipur,Zepto,Android,10-12-2024
400821,Ridhi Sharma,Mumbai,Zepto,Android,01-08-2026
400822,Harshil Shetty,Ahmedabad,Zepto,Android,10-02-2026
400823,Leena Gill,Pune,Zepto,IOS,11-04-2024
400824,Hredhaan Kamdar,Ahmedabad,Blinkit,IOS,05-09-2025
400825,Edhitha Sidhu,Lucknow,Blinkit,Android,01-07-2024
400826,Odika Deo,Pune,Swiggy Instamart,Android,24-12-2025
400827,Rachita Sodhi,Kochi,Zepto,Android,02-04-2025
400828,Tara Buch,Jaipur,Big Basket,Others,05-06-2024
400829,Kashish Dada,Ahmedabad,Swiggy Instamart,IOS,19-12-2025
400830,Nicholas Kala,Lucknow,Big Basket,Android,16-01-2025
400831,Noah Talwar,Hyderabad,Blinkit,IOS,01-06-2025
400832,Abdul Sunder,Kochi,Big Basket,IOS,04-12-2025
400833,Shivansh Anne,Kochi,Zepto,IOS,04-05-2025
400834,Henry Thakur,Kochi,Big Basket,Android,30-10-2025
400835,Advaith Raju,Lucknow,Blinkit,IOS,03-01-2025
400836,Xavier Bhardwaj,Chennai,Zepto,Android,24-11-2023
400837,Mitali Sibal,Chennai,Blinkit,IOS,02-05-2025
400838,Anthony Luthra,Mumbai,Zepto,IOS,15-07-2026
400839,Upadhriti Yogi,Chennai,Zepto,IOS,10-05-2024
400840,Ekaraj Keer,Bengaluru,Big Basket,Android,27-06-2026
400841,Lakshmi Wadhwa,Kolkata,Big Basket,Android,21-05-2026
400842,Varsha Raju,Delhi,Big Basket,Others,16-07-2025
400843,Robert Ranganathan,Delhi,Zepto,Android,08-10-2023
400844,Bahadurjit Chauhan,Chandigarh,Blinkit,IOS,14-01-2026
400845,Harinakshi Sahota,Jaipur,Swiggy Instamart,IOS,02-03-2025
400846,Udyati Rout,Lucknow,Big Basket,IOS,17-11-2024
400847,Samuel Contractor,Kolkata,Zepto,Others,02-01-2026
400848,Bhavini More,Kolkata,Zepto,IOS,05-04-2025
400849,Imaran Cherian,Pune,Zepto,Android,10-01-2025
400850,Shaurya Chaudry,Bengaluru,Zepto,Android,08-07-2024
400851,Chaaya Bhargava,Chennai,Blinkit,Others,12-10-2023
400852,Guneet Chawla,Pune,Big Basket,Android,06-05-2026
400853,Zashil Sachdeva,Lucknow,Swiggy Instamart,IOS,04-10-2025
400854,Deepa Brahmbhatt,Delhi,Blinkit,IOS,07-02-2024
400855,Yashodhara Narayanan,Bengaluru,Zepto,Android,15-05-2025
400856,Raghav Salvi,Lucknow,Blinkit,IOS,17-01-2025
400857,Janani Nazareth,Delhi,Swiggy Instamart,Android,01-01-2026
400858,Chaman Das,Kochi,Blinkit,IOS,04-06-2024
400859,Niharika Barad,Chennai,Big Basket,Android,14-10-2025
400860,Yashawini Dubey,Lucknow,Big Basket,Others,05-03-2025
400861,George Shenoy,Delhi,Big Basket,Android,28-03-2024
400862,Wazir Agrawal,Ahmedabad,Zepto,IOS,18-12-2025
400863,Ekantika Kohli,Bengaluru,Zepto,Android,12-10-2025
400864,Ekiya Chowdhury,Kochi,Big Basket,IOS,24-12-2023
400865,Jagvi Shenoy,Hyderabad,Zepto,Android,18-06-2026
400866,Azad Banik,Mumbai,Swiggy Instamart,Android,23-03-2024
400867,Lucky Jani,Hyderabad,Zepto,Android,05-01-2026
400868,Rajata Naidu,Ahmedabad,Blinkit,Others,09-06-2025
400869,Zayan Raj,Delhi,Blinkit,Android,12-08-2026
400870,Brijesh Shah,Ahmedabad,Zepto,IOS,08-01-2024
400871,Omisha Sem,Kochi,Big Basket,Android,01-04-2026
400872,Nisha Radhakrishnan,Chandigarh,Swiggy Instamart,Android,02-09-2025
400873,Udyati Sethi,Ncr,Big Basket,Android,01-03-2025
400874,Rushil Bala,Mumbai,Swiggy Instamart,Android,19-04-2024
400875,Dev Natt,Jaipur,Big Basket,Android,23-03-2026
400876,Janaki Chokshi,Chandigarh,Zepto,Android,05-10-2024
400877,Alka Padmanabhan,Kolkata,Zepto,Android,31-01-2026
400878,Omkaar Sant,Mumbai,Zepto,Others,18-01-2025
400879,Rachita Goel,Lucknow,Blinkit,IOS,01-07-2026
400880,Chasmum Kamdar,Kolkata,Blinkit,Android,19-08-2025
400881,Jagdish Misra,Hyderabad,Big Basket,IOS,05-11-2025
400882,Abha Dhaliwal,Mumbai,Blinkit,IOS,14-03-2025
400883,Yashoda Kumer,Ahmedabad,Blinkit,Android,21-06-2024
400884,Upkaar D’Alia,Chandigarh,Big Basket,IOS,30-09-2025
400885,Brinda Bal,Hyderabad,Big Basket,IOS,21-10-2023
400886,Amrita Shankar,Pune,Big Basket,Android,12-08-2026
400887,Arya Doshi,Ahmedabad,Blinkit,IOS,10-08-2026
400888,Gavin Kapoor,Jaipur,Zepto,Android,25-12-2024
400889,Yadavi Kaul,Bengaluru,Big Basket,IOS,24-03-2026
400890,Siddharth Gill,Chennai,Blinkit,Others,19-11-2024
400891,Lipika Dua,Chennai,Blinkit,IOS,26-07-2025
400892,Rachana Varkey,Bengaluru,Blinkit,IOS,01-07-2024
400893,Vincent Kota,Ahmedabad,Blinkit,Android,07-01-2024
400894,Champak Seth,Kochi,Zepto,Others,08-09-2025
400895,Ayaan Borah,Pune,Swiggy Instamart,Android,26-05-2024
400896,Widisha Mistry,Jaipur,Blinkit,IOS,18-09-2025
400897,Ekansh Sood,Chandigarh,Big Basket,IOS,13-03-2025
400898,Amol Chadha,Jaipur,Zepto,Android,17-11-2025
400899,Vanya Parekh,Jaipur,Zepto,Android,22-02-2024
400900,Adya Kari,Jaipur,Swiggy Instamart,IOS,28-09-2023
400901,Aashi Patla,Ahmedabad,Swiggy Instamart,Android,15-01-2024
400902,Yatan Goel,Pune,Swiggy Instamart,Android,12-06-2025
400903,Hritik Tak,Kochi,Zepto,Android,22-05-2025
400904,Yashasvi Choudhury,Bengaluru,Swiggy Instamart,Android,14-01-2026
400905,Jeet Krish,Kochi,Blinkit,IOS,10-07-2026
400906,Aarush Kota,New Delhi,Big Basket,Android,30-08-2025
400907,Kiaan Mukherjee,Mumbai,Blinkit,Android,09-04-2024
400908,Balendra Chana,Kolkata,Blinkit,IOS,24-11-2024
400909,Ishwar Deol,Lucknow,Blinkit,Android,25-06-2025
400910,Veer Bhargava,Chennai,Big Basket,Android,11-04-2025
400911,Gautami Ramesh,Chandigarh,Big Basket,Android,12-05-2025
400912,Xiti D’Alia,Jaipur,Swiggy Instamart,Others,10-06-2024
400913,Tarak Bakshi,Kochi,Big Basket,Others,17-06-2026
400914,David Chand,Jaipur,Blinkit,Android,26-11-2025
400915,Ishani Shetty,Lucknow,Big Basket,Android,16-11-2025
400916,Pahal Bhattacharyya,Kochi,Zepto,IOS,08-08-2025
400917,Jagdish Pillay,Mumbai,Swiggy Instamart,IOS,27-04-2025
400918,Chasmum Taneja,Chennai,Blinkit,IOS,26-01-2024
400919,Aarini Tak,Chennai,Swiggy Instamart,IOS,18-07-2025
400920,Charan Varma,Hyderabad,Zepto,Android,07-04-2026
400921,Balendra Guha,Kochi,Swiggy Instamart,Android,30-09-2024
400922,Vedant Loyal,Pune,Swiggy Instamart,IOS,02-10-2025
400923,Aarav Gara,Jaipur,Swiggy Instamart,IOS,11-08-2024
400924,Isha Halder,Delhi,Big Basket,Others,04-09-2025
400925,Vincent Memon,Hyderabad,Big Basket,Others,23-01-2026
400926,Liam Comar,Mumbai,Blinkit,IOS,09-10-2025
400927,Laban Karan,Kochi,Swiggy Instamart,Android,05-09-2025
400928,Jagrati Char,Bengaluru,Swiggy Instamart,IOS,12-09-2025
400929,Ekantika Devan,Lucknow,Blinkit,Android,19-12-2023
400930,Pallavi Kuruvilla,Chennai,Big Basket,Android,19-05-2024
400931,Adya Aurora,Hyderabad,Blinkit,IOS,09-02-2026
400932,Fariq Chander,Ahmedabad,Zepto,Others,09-05-2026
400933,Lila Wason,Pune,Zepto,IOS,28-08-2025
400934,Balendra Edwin,Chennai,Big Basket,Android,05-03-2026
400935,Ryan Handa,Jaipur,Swiggy Instamart,IOS,21-09-2023
400936,Ayush Badal,Ahmedabad,Blinkit,IOS,03-01-2024
400937,Yashoda Tripathi,Pune,Blinkit,Others,05-02-2024
400938,Dhruv Virk,Chandigarh,Swiggy Instamart,Android,24-07-2024
400939,Varsha Varghese,Jaipur,Zepto,Others,27-07-2024
400940,Umang Sha,Ahmedabad,Zepto,IOS,13-02-2026
400941,Gunbir Munshi,Bengaluru,Blinkit,Android,27-10-2025
400942,Nilima Kannan,Lucknow,Zepto,IOS,03-06-2024
400943,Alexander Pillai,Bengaluru,Zepto,Android,06-01-2026
400944,Jacob Randhawa,Mumbai,Blinkit,IOS,04-12-2023
400945,Upadhriti Kara,Ahmedabad,Big Basket,IOS,19-05-2026
400946,Lekha Sandhu,Mumbai,Blinkit,Android,14-03-2026
400947,Aarnav Dara,Lucknow,Big Basket,Android,05-02-2026
400948,Anusha Sanghvi,Ahmedabad,Zepto,Android,07-10-2025
400949,Lavanya Sarma,Ahmedabad,Zepto,IOS,08-12-2024
400950,Upma Kumar,Pune,Swiggy Instamart,Others,27-05-2025
400951,Jeremiah Kashyap,Ahmedabad,Blinkit,Android,25-04-2024
400952,Hema Ranganathan,Mumbai,Zepto,Others,22-08-2024
400953,Jackson Panchal,Pune,Zepto,Android,19-03-2026
400954,Veer Upadhyay,Ahmedabad,Zepto,Android,25-10-2025
400955,Siddharth Krishna,Ahmedabad,Blinkit,IOS,14-08-2026
400956,Tripti Sodhi,Jaipur,Swiggy Instamart,Android,12-09-2024
400957,Yauvani Mahal,Bengaluru,Swiggy Instamart,Android,29-02-2024
400958,Jeremiah Kata,Kochi,Swiggy Instamart,IOS,10-06-2024
400959,Aadhya Balakrishnan,Lucknow,Zepto,IOS,14-07-2024
400960,Saksham Chacko,Mumbai,Zepto,IOS,01-10-2023
400961,Nachiket Ray,Hyderabad,Blinkit,Others,11-03-2026
400962,Lila Maharaj,Bengaluru,Blinkit,Android,08-07-2024
400963,Matthew Dora,Mumbai,Zepto,Android,19-01-2024
400964,Jhalak Vyas,Ahmedabad,Blinkit,Others,06-09-2024
400965,Neel Mitra,Ahmedabad,Blinkit,IOS,03-10-2025
400966,Ranbir Prasad,Hyderabad,Big Basket,Others,26-08-2023
400967,Aachal Sane,Kolkata,Blinkit,IOS,11-11-2025
400968,Upma Ram,Ahmedabad,Big Basket,Others,10-06-2023
400969,Rishi Vora,Ahmedabad,Swiggy Instamart,IOS,30-11-2023
400970,Wahab Kumar,Hyderabad,Big Basket,Android,09-02-2026
400971,Gunbir Shenoy,Kochi,Zepto,Android,02-02-2026
400972,Zansi Nagy,Bengaluru,Swiggy Instamart,IOS,17-04-2024
400973,Ishanvi Sachdeva,Mumbai,Zepto,IOS,29-06-2025
400974,Bahadurjit Chawla,Jaipur,Blinkit,Others,21-06-2025
400975,Liam Dass,Jaipur,Blinkit,IOS,19-02-2026
400976,Jackson Sarraf,Ahmedabad,Blinkit,Android,15-01-2024
400977,Harsh Bhattacharyya,Jaipur,Big Basket,IOS,05-11-2024
400978,Jagdish Dara,Kolkata,Blinkit,Android,17-10-2023
400979,Ati Sarma,Kolkata,Zepto,Android,28-06-2026
400980,Vivaan Sahota,Bengaluru,Zepto,IOS,30-08-2023
400981,Harsh Krishna,Kochi,Blinkit,Android,18-10-2023
400982,Parth Keer,Mumbai,Zepto,Android,23-08-2025
400983,Gautami Arora,Kochi,Zepto,IOS,08-12-2026
400984,Frado Hari,Chandigarh,Swiggy Instamart,IOS,10-10-2024
400985,Dayita Sachdeva,Mumbai,Zepto,IOS,22-07-2026
400986,Max Pradhan,Lucknow,Blinkit,IOS,16-09-2025
400987,Yashodhara Rastogi,Bengaluru,Big Basket,IOS,01-11-2025
400988,Nidra Kunda,Bengaluru,Blinkit,IOS,09-09-2024
400989,Yasti Halder,Kochi,Blinkit,Android,25-12-2023
400990,Pranav Mannan,Delhi,Big Basket,Android,04-07-2024
400991,Avni Kalla,Chandigarh,Zepto,Others,27-02-2026
400992,Faris Dugar,Pune,Blinkit,Android,23-02-2026
400993,Saanvi Sagar,Jaipur,Zepto,Android,12-09-2024
400994,Sai Chacko,Delhi,Zepto,IOS,19-02-2025
400995,Dipta Gour,Jaipur,Zepto,Android,11-11-2023
400996,Vritti Dash,Delhi,Zepto,Android,03-08-2025
400997,Liam Varma,Chennai,Zepto,IOS,15-07-2026
400998,Abha Bhasin,Mumbai,Big Basket,IOS,08-09-2025
400999,Ladli Menon,Hyderabad,Zepto,Android,25-02-2024
401000,Lakshit Mody,Chennai,Big Basket,Android,08-08-2024
401001,Ekalinga Kapadia,Lucknow,Zepto,IOS,19-06-2024
401002,Akshay Padmanabhan,Jaipur,Swiggy Instamart,Others,07-05-2025
401003,Manya Deshmukh,Pune,Blinkit,IOS,03-09-2023
401004,Pratyush Swaminathan,Bengaluru,Swiggy Instamart,Android,02-10-2024
401005,Leena Saraf,Jaipur,Big Basket,Android,11-01-2025
401006,Forum Pradhan,Kolkata,Blinkit,IOS,19-06-2024
401007,Sanaya Chaudhari,Chandigarh,Zepto,IOS,27-08-2025
401008,Ryan Johal,Chandigarh,Big Basket,IOS,11-10-2024
401009,Vedhika Borah,Hyderabad,Zepto,IOS,25-01-2024
401010,Amrita Sheth,Kolkata,Swiggy Instamart,Android,23-05-2024
401011,Tripti Bajaj,Kochi,Blinkit,IOS,12-07-2026
401012,Vaishnavi Karnik,Bengaluru,Big Basket,IOS,11-10-2024
401013,Sai Bandi,Kochi,Swiggy Instamart,IOS,19-08-2024
401014,Yashodhara Sampath,Kochi,Big Basket,IOS,13-10-2025
401015,Shivansh Gulati,Lucknow,Zepto,Android,20-07-2025
401016,Priya Kannan,Hyderabad,Zepto,IOS,07-12-2025
401017,Eesha Chacko,Pune,Big Basket,Android,20-03-2026
401018,Nitesh Sani,Jaipur,Swiggy Instamart,IOS,21-03-2024
401019,Ekani Krishnamurthy,Lucknow,Blinkit,Android,25-01-2024
401020,Kabir Singh,Kochi,Blinkit,Others,01-03-2024
401021,Lekha Kunda,Jaipur,Big Basket,IOS,16-01-2024
401022,Frederick Bhasin,Chandigarh,Swiggy Instamart,Android,17-04-2024
401023,Vasudha Kota,Bengaluru,Zepto,IOS,09-10-2025
401024,Lakshmi Palla,Chennai,Big Basket,IOS,20-02-2026
401025,Onveer Mahajan,Chennai,Big Basket,Others,09-10-2025
401026,Imaran D’Alia,Hyderabad,Blinkit,IOS,09-02-2026
401027,Unni Panchal,Pune,Swiggy Instamart,Android,15-01-2026
401028,Chakrika Kar,Lucknow,Big Basket,Others,10-08-2025
401029,Charvi Andra,Jaipur,Big Basket,Android,27-02-2026
401030,Theodore Toor,Ahmedabad,Zepto,Android,22-07-2026
401031,Xiti Merchant,Kochi,Zepto,Android,31-01-2026
401032,Fariq Rastogi,Chennai,Swiggy Instamart,IOS,20-04-2025
401033,Aadhya Agate,Hyderabad,Blinkit,IOS,29-05-2025
401034,Advika Balan,Hyderabad,Big Basket,IOS,17-12-2024
401035,Luke Chanda,Kochi,Zepto,Android,26-07-2026
401036,Manan Khare,Jaipur,Zepto,IOS,21-01-2025
401037,Leela Dube,Chandigarh,Zepto,Android,14-02-2025
401038,Chakrika Goyal,Kolkata,Big Basket,Android,02-05-2024
401039,Fitan Kunda,Bengaluru,Zepto,IOS,24-05-2026
401040,Kashish Wable,Kolkata,Blinkit,Android,01-01-2025
401041,Wridesh Khatri,Chennai,Big Basket,Android,23-07-2026
401042,Dev Handa,New Delhi,Zepto,Android,02-08-2026
401043,Yashoda Agrawal,Kochi,Swiggy Instamart,IOS,01-03-2024
401044,Liam Rajagopal,Chennai,Big Basket,IOS,09-10-2025
401045,Rajeshri Suri,Ahmedabad,Blinkit,Android,11-09-2024
401046,Saanvi Borde,Chennai,Big Basket,Android,05-09-2025
401047,Adya Ravel,Chennai,Zepto,IOS,02-09-2023
401048,Vincent Sandhu,Chennai,Swiggy Instamart,Android,07-06-2024
401049,Umang Lad,Delhi,Swiggy Instamart,IOS,18-09-2024
401050,Anirudh Bala,Mumbai,Zepto,Android,27-06-2024
401051,Gauri Patil,Bengaluru,Swiggy Instamart,Others,11-10-2024
401052,Charita Malhotra,Kolkata,Big Basket,IOS,31-03-2025
401053,Girik Mani,Delhi,Blinkit,Android,24-03-2026
401054,Aryan Setty,Pune,Big Basket,IOS,06-10-2025
401055,Naveen Doctor,Delhi,Big Basket,Android,18-09-2023
401056,Pranit Ramakrishnan,Hyderabad,Swiggy Instamart,Android,17-12-2025
401057,Prisha Master,Chandigarh,Zepto,Others,06-11-2024
401058,Falguni Memon,Ncr,Big Basket,IOS,13-05-2025
401059,Orinder Sunder,Hyderabad,Big Basket,Android,31-05-2026
401060,Mitali Kant,Hyderabad,Blinkit,Android,05-07-2024
401061,Kamala Gopal,Ahmedabad,Swiggy Instamart,Android,07-09-2024
401062,Varenya Mahajan,Ahmedabad,Zepto,IOS,30-06-2026
401063,Siya Modi,Jaipur,Swiggy Instamart,IOS,05-02-2026
401064,Anusha Doctor,Ahmedabad,Swiggy Instamart,Others,13-11-2025
401065,Isaiah Gulati,Kolkata,Big Basket,IOS,19-01-2025
401066,Aryan Sabharwal,Chennai,Swiggy Instamart,IOS,19-03-2026
401067,Yashawini Kota,Lucknow,Zepto,Android,22-08-2024
401068,Gayathri Varma,Chandigarh,Swiggy Instamart,IOS,06-05-2026
401069,Isaac Kalla,Hyderabad,Blinkit,Others,19-06-2024
401070,Advay Setty,Delhi,Swiggy Instamart,Android,07-03-2026
401071,Chandani Kashyap,Ahmedabad,Zepto,Android,09-01-2025
401072,Zayan Bansal,Delhi,Blinkit,Android,04-05-2026
401073,Pooja Agate,Mumbai,Swiggy Instamart,IOS,06-11-2025
401074,Vamakshi Memon,Bengaluru,Zepto,Others,04-02-2024
401075,Edhitha Bhargava,Bengaluru,Blinkit,Android,25-11-2023
401076,Gopal Oak,Bengaluru,Zepto,IOS,08-02-2024
401077,Aayush Krishnan,Kolkata,Blinkit,IOS,21-08-2023
401078,Zehaan Pal,Bengaluru,Zepto,Android,27-08-2024
401079,Unni Sant,Ahmedabad,Swiggy Instamart,Android,12-01-2025
401080,Vidhi Cheema,Delhi,Swiggy Instamart,Others,29-12-2023
401081,Alka Tiwari,Bengaluru,Big Basket,Others,21-09-2023
401082,Aryan Dhillon,Kochi,Big Basket,Android,19-02-2025
401083,Vidhi Srinivas,Kochi,Swiggy Instamart,IOS,22-06-2026
401084,Oviya Sanghvi,Hyderabad,Big Basket,Android,25-07-2025
401085,Tara Chana,Kolkata,Swiggy Instamart,Android,08-11-2023
401086,Vivaan Krishnan,Hyderabad,Zepto,IOS,14-05-2026
401087,Nitara Banik,Jaipur,Swiggy Instamart,IOS,28-01-2025
401088,Oviya Menon,Chandigarh,Swiggy Instamart,IOS,21-12-2023
401089,Nihal Bhatia,Jaipur,Zepto,Android,16-04-2024
401090,Azad Chakraborty,Mumbai,Blinkit,Android,04-12-2025
401091,Sai Chad,Bengaluru,Swiggy Instamart,Android,21-10-2025
401092,Shivani Chauhan,Chandigarh,Swiggy Instamart,IOS,06-05-2026
401093,Netra Basak,Mumbai,Big Basket,Android,08-02-2025
401094,Vaishnavi Bumb,Ahmedabad,Zepto,Others,27-10-2025
401095,Hiral Sachdeva,Lucknow,Blinkit,Android,27-03-2026
401096,Gaurangi Mannan,Chandigarh,Big Basket,IOS,23-02-2025
401097,Qushi Bains,Lucknow,Big Basket,Android,26-04-2025
401098,Ranbir Sathe,Chandigarh,Swiggy Instamart,IOS,17-07-2026
401099,Daksha Raja,Mumbai,Big Basket,Android,14-09-2023
401100,Janya Chadha,Mumbai,Blinkit,IOS,27-07-2024
401101,Sudiksha Bala,Jaipur,Swiggy Instamart,IOS,30-10-2024
401102,Kevin Jaggi,New Delhi,Swiggy Instamart,IOS,09-09-2024
401103,Hemangini Ahluwalia,Chandigarh,Blinkit,IOS,21-11-2023
401104,Nandini Jha,Ahmedabad,Blinkit,Others,08-05-2026
401105,Hitesh Garde,Lucknow,Blinkit,Others,31-10-2023
401106,Fariq Mannan,Jaipur,Swiggy Instamart,IOS,05-03-2026
401107,Raksha Bhakta,Ahmedabad,Zepto,Others,27-09-2023
401108,Samarth Sahni,Pune,Swiggy Instamart,Others,08-09-2023
401109,Samesh Thakur,Jaipur,Zepto,Android,21-05-2025
401110,Ganga Savant,Kochi,Big Basket,Android,01-04-2025
401111,Yoshita Mane,Mumbai,Zepto,IOS,10-12-2023
401112,Warinder Hora,Bengaluru,Swiggy Instamart,IOS,07-11-2024
401113,Girindra Hayer,Delhi,Zepto,Others,28-02-2024
401114,Owen Pal,Jaipur,Zepto,IOS,14-10-2023
401115,Jatin Balasubramanian,Hyderabad,Swiggy Instamart,Others,22-07-2025
401116,Falguni Sharaf,Pune,Blinkit,Android,14-01-2026
401117,Tripti Sunder,Mumbai,Blinkit,Android,24-07-2024
401118,Yashawini Bora,Mumbai,Swiggy Instamart,Android,12-05-2026
401119,Isaiah Bala,Mumbai,Blinkit,Others,29-05-2025
401120,Sachi Naik,Bengaluru,Swiggy Instamart,Others,07-09-2025
401121,Bhavika Sood,Jaipur,Swiggy Instamart,Others,27-10-2025
401122,Ekantika De,Hyderabad,Swiggy Instamart,IOS,08-10-2024
401123,Wazir Walla,Pune,Swiggy Instamart,IOS,05-05-2025
401124,Dalaja Mangat,Kochi,Swiggy Instamart,IOS,11-10-2023
401125,Lucky Halder,Mumbai,Big Basket,Android,22-11-2025
401126,Vaishnavi Sachdeva,Bengaluru,Zepto,IOS,04-08-2025
401127,Daksh Shankar,Ahmedabad,Swiggy Instamart,Android,08-09-2024
401128,Raagini Talwar,Hyderabad,Zepto,Android,10-04-2025
401129,Adweta Sundaram,Delhi,Blinkit,IOS,29-08-2025
401130,Eesha Andra,Ahmedabad,Big Basket,IOS,25-07-2026
401131,Isha Dave,Mumbai,Zepto,IOS,20-12-2024
401132,Falak Krish,Ahmedabad,Big Basket,IOS,07-02-2024
401133,Harini Dhillon,Mumbai,Zepto,Android,09-05-2026
401134,Krisha Chaudry,Mumbai,Zepto,Android,03-08-2026
401135,Veda Chakrabarti,Lucknow,Blinkit,Others,05-09-2024
401136,Hiral Saha,Chandigarh,Zepto,IOS,07-04-2026
401137,Januja Kant,Chandigarh,Blinkit,IOS,06-02-2024
401138,Upasna Vala,Mumbai,Blinkit,IOS,04-10-2024
401139,Kashish Menon,Hyderabad,Swiggy Instamart,Android,07-06-2026
401140,Nirja Mistry,Chandigarh,Big Basket,IOS,02-08-2026
401141,Megha Agarwal,Delhi,Swiggy Instamart,IOS,03-07-2024
401142,Yutika Vasa,Chandigarh,Zepto,IOS,10-02-2026
401143,Kashvi Som,Kochi,Zepto,IOS,25-10-2024
401144,Ishwar Oommen,Hyderabad,Big Basket,Others,10-10-2025
401145,Yagnesh Soni,Lucknow,Swiggy Instamart,Android,29-02-2024
401146,Unnati Tiwari,Delhi,Big Basket,Android,14-05-2025
401147,Veda Kibe,Mumbai,Zepto,Android,09-04-2025
401148,Joshua Sane,Jaipur,Blinkit,IOS,15-10-2025
401149,Yashodhara Vig,Ahmedabad,Blinkit,Android,18-10-2024
401150,Faras Karnik,Chennai,Swiggy Instamart,Android,26-12-2025
401151,Ayushman Deshmukh,Bengaluru,Zepto,Android,21-11-2024
401152,Daksha Saraf,Ahmedabad,Blinkit,Android,08-01-2025
401153,Finn Butala,Lucknow,Big Basket,Android,17-11-2024
401154,Damini Devi,Pune,Zepto,IOS,05-11-2025
401155,Pratyush Modi,Mumbai,Blinkit,Android,07-08-2025
401156,Abdul Trivedi,Lucknow,Big Basket,Others,28-12-2024
401157,Rajeshri Wagle,Kochi,Zepto,Android,28-12-2024
401158,Watika Hayre,Jaipur,Zepto,Android,26-05-2026
401159,Libni Chandran,Delhi,Zepto,Android,30-01-2025
401160,Nathaniel Sandal,Pune,Zepto,IOS,26-04-2025
401161,Jacob Chopra,Kolkata,Big Basket,Android,07-04-2026
401162,Akshay Khatri,Mumbai,Swiggy Instamart,Android,20-04-2024
401163,Madhav Mahal,Chandigarh,Swiggy Instamart,Android,28-09-2024
401164,Nitesh Singhal,Delhi,Zepto,Android,14-11-2025
401165,Vyanjana Wason,Delhi,Zepto,Android,19-04-2025
401166,Rachita Mukhopadhyay,Delhi,Blinkit,Others,14-06-2024
401167,Rajata Shetty,Lucknow,Blinkit,Android,09-11-2024
401168,Nirja Narain,Bengaluru,Swiggy Instamart,IOS,20-02-2025
401169,Arya Zacharia,Jaipur,Blinkit,IOS,07-06-2025
401170,Anamika Chacko,Bengaluru,Zepto,Android,08-09-2023
401171,Sai Dhillon,Pune,Swiggy Instamart,IOS,19-06-2025
401172,Eiravati Sabharwal,Chennai,Zepto,Android,13-02-2026
401173,Max Lanka,New Delhi,Swiggy Instamart,Android,31-08-2025
401174,Mekhala Chatterjee,Kochi,Swiggy Instamart,IOS,25-03-2025
401175,Dhruv Kibe,Ahmedabad,Big Basket,Android,29-09-2023
401176,Nakul Kapoor,Hyderabad,Zepto,IOS,18-05-2024
401177,Mitesh Mallick,Bengaluru,Big Basket,Others,24-02-2024
401178,Farhan Mohan,Delhi,Blinkit,Android,06-12-2024
401179,Warhi Deshpande,Delhi,Blinkit,Others,14-04-2025
401180,Tejas Nadig,Pune,Blinkit,Android,17-04-2026
401181,Chavvi Chaudhuri,Jaipur,Big Basket,Others,04-03-2024
401182,Naksh Dewan,Kochi,Swiggy Instamart,IOS,12-04-2024
401183,Kevin Sabharwal,Chennai,Big Basket,Others,15-01-2026
401184,Veer Bajaj,Kochi,Big Basket,Android,01-10-2025
401185,Jhalak Nayak,Lucknow,Big Basket,Android,19-02-2025
401186,Kala Bhakta,Bengaluru,Zepto,Android,23-06-2026
401187,Mitesh Sama,Kochi,Swiggy Instamart,IOS,09-04-2025
401188,Banjeet Sidhu,Bengaluru,Big Basket,Android,08-09-2024
401189,Vanya Kohli,Ahmedabad,Blinkit,Android,15-05-2024
401190,Mugdha Mohan,Mumbai,Zepto,Android,15-02-2024
401191,Brinda Venkatesh,Pune,Swiggy Instamart,IOS,05-01-2026
401192,Farhan Anne,Chennai,Swiggy Instamart,Android,26-06-2024
401193,Zehaan Sama,Kolkata,Zepto,IOS,10-03-2026
401194,Gaurangi Goda,Chennai,Zepto,Android,13-02-2024
401195,Oni Murty,Mumbai,Zepto,Android,11-09-2024
401196,Urvi Dubey,Delhi,Swiggy Instamart,Android,20-12-2024
401197,Nathaniel Bhagat,Chennai,Zepto,Android,26-12-2025
401198,Baghyawati Pall,Mumbai,Swiggy Instamart,Android,24-02-2024
401199,Vamakshi Parmar,Pune,Swiggy Instamart,Android,19-07-2026
401200,Manthan Vohra,Kolkata,Big Basket,IOS,31-10-2025
401201,Akshay Ben,Kolkata,Big Basket,Android,12-05-2025
401202,Atharv Kalla,Delhi,Zepto,IOS,01-01-2026
401203,Viraj Cheema,Ncr,Zepto,Android,05-12-2024
401204,Sai Setty,Jaipur,Blinkit,Android,23-05-2025
401205,Hiral Patil,Bengaluru,Blinkit,Others,29-06-2025
401206,Oliver Dugar,Chennai,Swiggy Instamart,Android,06-06-2025
401207,Osha Bhatnagar,Pune,Swiggy Instamart,IOS,01-11-2025
401208,Shivani Mittal,Kochi,Big Basket,Android,04-03-2025
401209,William Taneja,Mumbai,Zepto,IOS,12-02-2026
401210,Faris Ratti,Chandigarh,Blinkit,Android,11-07-2024
401211,Jeevika Loke,Bengaluru,Blinkit,IOS,03-04-2025
401212,Aadi Chowdhury,Mumbai,Swiggy Instamart,Android,10-11-2024
401213,Vivaan Sarraf,Mumbai,Big Basket,IOS,09-11-2025
401214,Gagan Chad,Pune,Blinkit,Android,11-02-2026
401215,Ekavir Chahal,Kochi,Big Basket,IOS,18-08-2024
401216,Hiral Trivedi,Kochi,Big Basket,IOS,04-06-2026
401217,Vedika Narang,Ahmedabad,Zepto,Android,17-08-2026
401218,Chaitanya Dave,Ahmedabad,Big Basket,IOS,05-02-2025
401219,Pratyush Shetty,Lucknow,Zepto,Android,05-10-2025
401220,Vedika Bora,Lucknow,Big Basket,Android,12-07-2024
401221,Arin Kala,Bengaluru,Swiggy Instamart,IOS,06-05-2026
401222,Yauvani Nadkarni,Kochi,Blinkit,IOS,30-08-2023
401223,Varenya Sidhu,Delhi,Swiggy Instamart,IOS,08-06-2025
401224,Raksha Grover,Delhi,Swiggy Instamart,Android,20-05-2024
401225,Darika Wason,Lucknow,Blinkit,IOS,22-08-2025
401226,Bhavika Shan,Lucknow,Swiggy Instamart,IOS,07-07-2025
401227,Tanvi Bera,Delhi,Big Basket,Others,27-04-2026
401228,Chandani Badal,Mumbai,Swiggy Instamart,IOS,09-03-2026
401229,Janaki Ganesan,Mumbai,Zepto,Android,22-12-2024
401230,Isaac Gupta,Jaipur,Zepto,Android,15-05-2026
401231,Amruta Kari,Lucknow,Zepto,Android,22-04-2025
401232,Jonathan Nagarajan,Kolkata,Swiggy Instamart,IOS,17-01-2025
401233,Chakradev Bumb,Ahmedabad,Blinkit,Others,03-03-2025
401234,Girindra Roy,Hyderabad,Zepto,IOS,30-09-2023
401235,Ishita Thakur,Kolkata,Big Basket,Android,17-08-2024
401236,Yashasvi Sengupta,Pune,Zepto,Others,20-05-2026
401237,Lekha Sahni,Kolkata,Swiggy Instamart,Others,18-11-2023
401238,Kai Kapoor,Lucknow,Zepto,Android,07-10-2025
401239,Veer Prabhakar,Pune,Zepto,IOS,26-09-2023
401240,Harrison Morar,Pune,Big Basket,IOS,22-06-2025
401241,Oni Manne,Bengaluru,Blinkit,Android,03-07-2026
401242,Chameli Jain,Ahmedabad,Blinkit,IOS,15-06-2025
401243,Owen Ram,Chandigarh,Big Basket,IOS,13-02-2026
401244,Rushil Vaidya,Jaipur,Blinkit,IOS,26-06-2025
401245,Wakeeta Reddy,Lucknow,Blinkit,Android,13-09-2025
401246,Naveen Zachariah,Delhi,Zepto,IOS,17-03-2026
401247,Gayathri Ramaswamy,Delhi,Zepto,Others,28-01-2024
401248,Rachit Loke,Hyderabad,Blinkit,IOS,25-12-2023
401249,Xavier Sahota,Delhi,Big Basket,IOS,26-01-2025
401250,Osha Divan,New Delhi,Blinkit,Android,29-11-2024
401251,Vanya Rana,Ncr,Swiggy Instamart,IOS,23-03-2026
401252,Leena Lad,Jaipur,Swiggy Instamart,Android,09-07-2024
401253,Alexander Mall,Kochi,Big Basket,Android,20-03-2026
401254,Peter Mohanty,Bengaluru,Big Basket,IOS,08-07-2026
401255,Shaurya Subramaniam,Ahmedabad,Swiggy Instamart,IOS,23-03-2025
401256,Ganga Garg,Jaipur,Big Basket,Android,10-02-2023
401257,Hemang Badami,Bengaluru,Big Basket,IOS,25-12-2025
401258,Anika Barad,Pune,Blinkit,Android,15-01-2025
401259,Veer Saxena,Kochi,Zepto,IOS,18-12-2024
401260,Sara Menon,Bengaluru,Blinkit,IOS,27-03-2026
401261,Triveni Krishnan,Jaipur,Blinkit,Android,11-07-2025
401262,Brijesh Chowdhury,Lucknow,Zepto,Android,28-12-2025
401263,Manan Madan,Kolkata,Zepto,IOS,23-10-2024
401264,Aarini Lala,Kochi,Zepto,IOS,09-08-2024
401265,Vivaan Srivastava,Hyderabad,Swiggy Instamart,IOS,25-03-2024
401266,Theodore Soni,Kochi,Big Basket,IOS,19-12-2025
401267,Ucchal Sundaram,Hyderabad,Blinkit,Others,15-12-2023
401268,Rudra Das,Ahmedabad,Swiggy Instamart,Others,29-08-2024
401269,Darsh Gulati,Chennai,Big Basket,Android,07-09-2024
401270,Tejas Trivedi,Mumbai,Blinkit,Android,19-02-2025
401271,Akshay Sahni,Bengaluru,Swiggy Instamart,Android,20-04-2026
401272,Krish Kadakia,Bengaluru,Blinkit,IOS,17-01-2025
401273,Ekapad Sankar,Delhi,Blinkit,Android,05-05-2026
401274,Lucky Sengupta,Lucknow,Big Basket,IOS,30-10-2025
401275,Shravya Mody,Mumbai,Big Basket,Others,25-03-2025
401276,Deepa Parsa,Mumbai,Big Basket,Others,15-05-2025
401277,Arunima Manne,Jaipur,Swiggy Instamart,IOS,31-12-2024
401278,Faras Taneja,Mumbai,Swiggy Instamart,IOS,06-09-2025
401279,Krisha Dayal,Chandigarh,Big Basket,IOS,20-08-2023
401280,Nachiket Dara,Mumbai,Big Basket,IOS,07-08-2025
401281,Yoshita Bahl,Jaipur,Swiggy Instamart,IOS,28-05-2024
401282,Vihaan Sarna,Chandigarh,Swiggy Instamart,IOS,26-06-2026
401283,Harini Kota,Bengaluru,Zepto,IOS,25-08-2024
401284,Andrew Kothari,Delhi,Big Basket,Android,23-05-2026
401285,Indrajit Sibal,Kolkata,Zepto,IOS,13-06-2024
401286,Lila Mitra,Kochi,Zepto,Others,21-08-2023
401287,Lohit Ghosh,Pune,Blinkit,Android,26-11-2025
401288,Ayush Jhaveri,Bengaluru,Zepto,IOS,10-10-2024
401289,Tarak Sani,Pune,Big Basket,Android,04-04-2024
401290,Harini Goswami,Pune,Big Basket,Android,11-06-2024
401291,Zayyan More,Lucknow,Zepto,Others,28-06-2026
401292,Jeevika Peri,Ahmedabad,Zepto,Android,02-12-2023
401293,Tristan Oommen,Jaipur,Blinkit,Android,10-02-2024
401294,Veda Deshmukh,Ncr,Big Basket,IOS,28-09-2023
401295,Urvashi Jha,Hyderabad,Big Basket,Others,05-12-2023
401296,Tristan Badal,Lucknow,Zepto,Android,01-06-2024
401297,Veda Sahni,Chennai,Blinkit,Android,09-08-2025
401298,Falan Nadkarni,Bengaluru,Blinkit,IOS,12-04-2026
401299,Vaishnavi Kapadia,Lucknow,Zepto,IOS,18-11-2025
401300,Sathvik Purohit,New Delhi,Zepto,IOS,18-08-2024
401301,Ishaan Lala,Hyderabad,Blinkit,Android,25-04-2025
401302,Dhriti Issac,Chennai,Zepto,IOS,23-08-2025
401303,Upkaar Kala,Chennai,Swiggy Instamart,IOS,15-09-2025
401304,Chandran Varughese,Kolkata,Big Basket,IOS,28-09-2024
401305,Amruta Chana,Ahmedabad,Zepto,IOS,05-10-2025
401306,Gautam Deep,Jaipur,Blinkit,Android,16-04-2026
401307,Noah Pant,Kochi,Blinkit,Android,19-08-2024
401308,Oeshi Krishna,Mumbai,Blinkit,IOS,14-10-2025
401309,Chandran Chahal,Kochi,Swiggy Instamart,Android,28-06-2024
401310,Yashvi Batta,Hyderabad,Blinkit,IOS,02-02-2026
401311,Zaid D’Alia,Pune,Swiggy Instamart,Android,22-05-2024
401312,Geetika Sachdeva,Hyderabad,Swiggy Instamart,Android,06-03-2025
401313,Laban Chhabra,Hyderabad,Big Basket,IOS,16-08-2026
401314,Warinder Sankar,Bengaluru,Zepto,IOS,24-10-2023
401315,Kalpit Sarkar,Jaipur,Blinkit,IOS,29-05-2025
401316,Hritik Sinha,Kochi,Swiggy Instamart,Android,17-07-2024
401317,Arin Chakraborty,Kochi,Swiggy Instamart,Android,01-09-2024
401318,Dipta Bajaj,Chandigarh,Swiggy Instamart,IOS,04-04-2025
401319,Eiravati Goswami,Pune,Blinkit,Others,01-09-2023
401320,Teerth Naidu,Bengaluru,Zepto,IOS,01-09-2025
401321,Bhavani Morar,Hyderabad,Zepto,Android,25-01-2025
401322,Vihaan Atwal,Ahmedabad,Blinkit,Others,02-01-2025
401323,Peter Rai,Pune,Zepto,IOS,18-06-2026
401324,Udyati Dayal,Jaipur,Big Basket,IOS,22-02-2025
401325,Ekaraj Suri,Chandigarh,Big Basket,IOS,31-03-2026
401326,Samaksh Lal,Mumbai,Zepto,Others,25-03-2025
401327,Hritik Dugal,Ncr,Blinkit,IOS,04-02-2024
401328,Pavani Mani,Chandigarh,Big Basket,Android,10-06-2026
401329,Ikbal Luthra,Ahmedabad,Blinkit,Android,01-07-2025
401330,Maanav Merchant,Pune,Zepto,Android,09-09-2024
401331,Vivaan Aggarwal,Delhi,Zepto,Android,18-08-2025
401332,Ekavir Atwal,Ahmedabad,Big Basket,Android,05-04-2025
401333,Aarush Uppal,Bengaluru,Big Basket,IOS,22-10-2023
401334,Deepa Pillai,Hyderabad,Big Basket,Android,01-05-2025
401335,Saumya Kalita,Bengaluru,Swiggy Instamart,Others,24-04-2024
401336,Upasna Badal,Bengaluru,Blinkit,IOS,13-02-2024
401337,Chakradev Kakar,Chandigarh,Swiggy Instamart,IOS,30-12-2024
401338,Zayyan Samra,Kolkata,Swiggy Instamart,Android,30-03-2024
401339,Triveni Kala,Ahmedabad,Swiggy Instamart,IOS,17-03-2024
401340,Urishilla Das,Bengaluru,Zepto,IOS,17-01-2025
401341,Varenya Sathe,Kochi,Big Basket,Android,24-12-2023
401342,Leela Rau,Chandigarh,Swiggy Instamart,IOS,26-10-2024
401343,Farhan Bhargava,Mumbai,Zepto,IOS,12-09-2023
401344,Barkha Bhakta,Chandigarh,Big Basket,IOS,13-03-2024
401345,Kalpit Lalla,Jaipur,Swiggy Instamart,Android,12-05-2025
401346,Alexander Mukherjee,Kochi,Big Basket,IOS,10-09-2025
401347,Ryan Bhatti,Kolkata,Zepto,Android,12-01-2025
401348,Omaja Malhotra,Chennai,Zepto,IOS,18-06-2025
401349,Atharv Pai,Lucknow,Big Basket,Android,01-02-2025
401350,Onkar Sidhu,Mumbai,Zepto,Android,15-10-2025
401351,Adya Munshi,Pune,Zepto,Android,08-09-2025
401352,Omisha Pandey,Mumbai,Blinkit,Android,17-01-2026
401353,Ekaraj Kadakia,Mumbai,Swiggy Instamart,IOS,16-01-2026
401354,Rachana Dutta,Bengaluru,Swiggy Instamart,Android,17-07-2024
401355,Anthony Devan,Bengaluru,Zepto,Android,24-11-2023
401356,Harish Singh,Kolkata,Swiggy Instamart,IOS,12-10-2023
401357,Vritti Ganguly,Jaipur,Big Basket,Android,20-07-2026
401358,Aadi Shan,Mumbai,Zepto,Android,03-12-2025
401359,Jagrati Borra,Chandigarh,Swiggy Instamart,IOS,06-06-2025
401360,Indira Yohannan,Jaipur,Zepto,IOS,09-04-2024
401361,Wahab Banerjee,Delhi,Zepto,Android,26-09-2023
401362,Panini Narayanan,Kolkata,Zepto,Android,12-10-2024
401363,Harrison Vora,Jaipur,Big Basket,IOS,18-01-2026
401364,Reva Murthy,Jaipur,Big Basket,IOS,26-05-2025
401365,Ishaan Murthy,Pune,Zepto,Android,03-03-2026
401366,Yoshita Walla,Chennai,Swiggy Instamart,Others,16-07-2024
401367,Naveen Atwal,Kochi,Blinkit,Android,09-11-2025
401368,Anita Chakrabarti,Ahmedabad,Big Basket,IOS,19-04-2024
401369,Charita Sampath,Jaipur,Zepto,Android,05-06-2026
401370,Mitesh Oak,Hyderabad,Swiggy Instamart,Others,26-02-2025
401371,Samuel Mistry,Kolkata,Big Basket,Android,16-01-2024
401372,Lohit Chopra,Kolkata,Blinkit,IOS,14-07-2024
401373,Unnati Borra,Mumbai,Blinkit,Android,21-04-2025
401374,Ranbir Chand,Mumbai,Swiggy Instamart,Android,20-11-2025
401375,Abhiram Mody,Chandigarh,Swiggy Instamart,Android,03-09-2025
401376,Priya Pant,Chandigarh,Big Basket,IOS,29-07-2026
401377,Caleb Kohli,Kochi,Zepto,IOS,14-01-2025
401378,Girindra Chand,Pune,Swiggy Instamart,Android,05-01-2024
401379,Unni Kumar,Mumbai,Swiggy Instamart,IOS,21-04-2024
401380,Yashawini Apte,Hyderabad,Blinkit,Android,26-04-2026
401381,Avni Chander,Delhi,Zepto,Android,23-11-2023
401382,Warhi Ratti,Kolkata,Big Basket,Others,16-07-2024
401383,Dominic Choudhry,Kolkata,Swiggy Instamart,IOS,13-12-2025
401384,Yatan Brar,Chandigarh,Swiggy Instamart,IOS,10-09-2024
401385,Falguni Halder,Ahmedabad,Zepto,Android,10-07-2026
401386,Ayush Dar,Jaipur,Swiggy Instamart,IOS,19-08-2025
401387,Omya Taneja,Bengaluru,Big Basket,Android,05-10-2025
401388,Harinakshi Varughese,Chandigarh,Zepto,Android,16-06-2025
401389,Sara Jain,Jaipur,Big Basket,Others,23-12-2025
401390,Avi Manda,Pune,Swiggy Instamart,Android,12-01-2026
401391,Amruta D’Alia,Lucknow,Zepto,Others,29-10-2024
401392,Michael Batra,Delhi,Zepto,IOS,02-11-2024
401393,Zaid Kannan,Chennai,Zepto,Android,20-07-2024
401394,Sara Grewal,Mumbai,Blinkit,IOS,31-12-2023
401395,Riya Srinivasan,Bengaluru,Swiggy Instamart,IOS,06-05-2024
401396,Kamala Pai,Bengaluru,Zepto,IOS,07-11-2024
401397,Jagat Issac,Kolkata,Zepto,IOS,10-12-2023
401398,Ethan Badal,Pune,Swiggy Instamart,IOS,09-04-2026
401399,Urvashi Ganesh,Kolkata,Blinkit,Android,16-05-2026
401400,Girindra Kala,Ahmedabad,Swiggy Instamart,Android,02-03-2026
401401,Devika Narain,Chandigarh,Big Basket,IOS,09-10-2023
401402,Benjamin Ganesan,Ahmedabad,Big Basket,Android,31-01-2025
401403,Advika Manda,Jaipur,Swiggy Instamart,Android,15-10-2025
401404,Gunbir Wable,Bengaluru,Big Basket,IOS,02-07-2025
401405,Parth Luthra,Pune,Zepto,Android,13-03-2026
401406,Charles Sangha,Delhi,Zepto,Android,27-03-2026
401407,Saksham Maharaj,Kolkata,Blinkit,IOS,30-08-2024
401408,Ekani Singh,Kolkata,Swiggy Instamart,IOS,18-11-2024
401409,Faras Vig,Kochi,Blinkit,IOS,16-12-2023
401410,Zaitra Borra,Chennai,Big Basket,Android,04-12-2024
401411,Yashoda Sidhu,Kolkata,Zepto,IOS,13-06-2026
401412,Suhani Mutti,Hyderabad,Blinkit,IOS,13-10-2025
401413,Sarthak Ramakrishnan,Pune,Big Basket,IOS,14-08-2026
401414,Tristan Rajagopalan,Hyderabad,Swiggy Instamart,Android,03-01-2026
401415,Ekanta Karnik,Hyderabad,Swiggy Instamart,Others,10-12-2025
401416,Widisha Khare,Kochi,Blinkit,IOS,17-11-2023
401417,Samuel Shetty,Lucknow,Swiggy Instamart,Android,15-07-2024
401418,Raagini Bahl,Kochi,Big Basket,Others,06-05-2024
401419,Waida Modi,Bengaluru,Zepto,Android,09-11-2023
401420,Siddharth Devan,Chennai,Zepto,Others,26-01-2026
401421,Arya Ghose,Pune,Blinkit,Android,05-08-2025
401422,Megha Panchal,Mumbai,Big Basket,IOS,17-06-2026
401423,Vanya Om,Ahmedabad,Blinkit,IOS,19-11-2023
401424,Neel Char,Chandigarh,Big Basket,Android,29-10-2024
401425,Siddharth Varkey,Hyderabad,Blinkit,IOS,17-06-2024
401426,Timothy Ahuja,Pune,Zepto,Others,02-01-2026
401427,Yagnesh Rout,Lucknow,Big Basket,IOS,17-02-2025
401428,Balvan Natarajan,Bengaluru,Big Basket,Android,13-09-2025
401429,Thomas Jani,Ahmedabad,Zepto,Android,22-01-2024
401430,Logan Balakrishnan,Jaipur,Zepto,IOS,21-05-2024
401431,Isha Singhal,Mumbai,Zepto,Android,24-03-2024
401432,Nakul Yohannan,Lucknow,Blinkit,IOS,03-08-2025
401433,Meghana Roy,Ahmedabad,Swiggy Instamart,Android,09-01-2025
401434,Dayamai Sachdeva,Lucknow,Swiggy Instamart,Android,27-06-2026
401435,Ekapad Sathe,Kochi,Swiggy Instamart,IOS,27-08-2024
401436,Anirudh Lal,Delhi,Swiggy Instamart,Android,10-07-2025
401437,Samesh Muni,Delhi,Zepto,Android,24-04-2026
401438,Brijesh Pandey,Bengaluru,Swiggy Instamart,Android,01-05-2026
401439,Zashil Deol,Hyderabad,Big Basket,IOS,12-03-2025
401440,Yoshita Khare,Mumbai,Swiggy Instamart,Android,02-09-2023
401441,Ojas Handa,Chennai,Blinkit,Others,03-09-2023
401442,Fitan Bandi,Pune,Swiggy Instamart,Android,15-04-2026
401443,Damini Majumdar,Ahmedabad,Swiggy Instamart,IOS,05-04-2024
401444,Parth Karan,Ahmedabad,Blinkit,IOS,18-04-2025
401445,Oeshi Mutti,Chandigarh,Zepto,Android,14-06-2024
401446,Ojas Dave,New Delhi,Zepto,Others,09-12-2025
401447,Anita Karan,Pune,Big Basket,IOS,17-12-2025
401448,Kritika Chanda,Chennai,Big Basket,IOS,01-10-2024
401449,Ranveer Mannan,Kochi,Zepto,IOS,14-12-2023
401450,Lila Gaba,Ahmedabad,Blinkit,IOS,01-07-2026
401451,Udant Nazareth,Chennai,Zepto,Android,10-09-2024
401452,Gunbir Sarma,Delhi,Big Basket,IOS,09-03-2026
401453,Udarsh Vig,Pune,Blinkit,IOS,29-01-2025
401454,Faraj Minhas,Hyderabad,Blinkit,Android,14-07-2024
401455,Imaran Kapadia,Kochi,Big Basket,Android,22-08-2024
401456,Chakradev Kannan,Mumbai,Blinkit,IOS,06-05-2024
401457,Krishna Sengupta,Chennai,Blinkit,Android,24-05-2025
401458,Wahab Master,Mumbai,Blinkit,IOS,12-12-2023
401459,Deepa Varghese,Bengaluru,Zepto,IOS,15-03-2024
401460,Tara Chawla,Lucknow,Swiggy Instamart,IOS,07-12-2025
401461,Wazir Nayak,Mumbai,Big Basket,IOS,01-01-2025
401462,Mugdha Cheema,Kolkata,Swiggy Instamart,Android,23-12-2025
401463,Krish Morar,Jaipur,Zepto,IOS,01-09-2024
401464,Veda Raju,Bengaluru,Blinkit,Android,08-06-2024
401465,Shivani Varma,Kochi,Big Basket,IOS,09-06-2024
401466,Hamsini Chaudhuri,Delhi,Blinkit,Android,19-08-2023
401467,Jai Aggarwal,Mumbai,Swiggy Instamart,Android,08-09-2024
401468,Meera Edwin,Kochi,Swiggy Instamart,Android,10-06-2025
401469,Ria Majumdar,Jaipur,Blinkit,Android,06-05-2026
401470,Vedant Choudhury,Jaipur,Zepto,IOS,10-08-2026
401471,Oeshi Zacharia,Ahmedabad,Swiggy Instamart,Others,15-03-2026
401472,Vamakshi Chakrabarti,Chandigarh,Swiggy Instamart,IOS,11-08-2025
401473,Pranit Naik,Lucknow,Zepto,Others,28-12-2025
401474,Pratyush Warrior,Mumbai,Big Basket,IOS,02-11-2025
401475,Peter Ravi,Ahmedabad,Swiggy Instamart,Android,16-03-2026
401476,Yashasvi Sarma,Ahmedabad,Swiggy Instamart,Others,26-07-2026
401477,Manya Choudhury,Mumbai,Zepto,Android,28-03-2026
401478,Hredhaan Dey,Bengaluru,Big Basket,IOS,13-06-2026
401479,George Muni,Ahmedabad,Blinkit,Android,04-10-2023
401480,Bachittar Bobal,Kolkata,Zepto,IOS,01-12-2023
401481,Shivansh Iyer,Hyderabad,Swiggy Instamart,Android,15-03-2025
401482,Yagnesh Chaudhary,Jaipur,Swiggy Instamart,IOS,30-11-2024
401483,Januja Lad,Hyderabad,Swiggy Instamart,Android,14-03-2026
401484,George Sastry,Chennai,Blinkit,Android,27-12-2023
401485,Vyanjana Dixit,Kolkata,Zepto,Android,24-09-2024
401486,Brijesh Krish,Pune,Swiggy Instamart,Android,07-10-2023
401487,Yashawini Chaudhry,Bengaluru,Big Basket,Android,21-01-2024
401488,Ekavir Deshpande,Chandigarh,Zepto,IOS,05-11-2023
401489,Ishwar Batta,Lucknow,Big Basket,Others,01-05-2026
401490,Tristan Bhatti,Hyderabad,Big Basket,Android,27-11-2024
401491,Chandresh Chaudry,Bengaluru,Blinkit,Android,31-01-2025
401492,Lekha Kari,Kolkata,Blinkit,Android,09-09-2024
401493,Adya Kari,Chennai,Big Basket,IOS,02-08-2025
401494,Inaya Kibe,Chennai,Swiggy Instamart,Android,18-03-2026
401495,Maanav Muni,Chandigarh,Zepto,Android,05-01-2024
401496,Warda Basak,Kolkata,Swiggy Instamart,IOS,29-06-2025
401497,Yutika Wason,Chandigarh,Big Basket,Android,11-04-2024
401498,Balvan Chand,Chennai,Zepto,Android,26-11-2024
401499,Aarav Kari,Hyderabad,Zepto,IOS,17-03-2024
401500,Yug Sengupta,Ncr,Zepto,IOS,15-04-2026
401501,Devika Venkataraman,Kochi,Swiggy Instamart,IOS,17-11-2023
401502,Caleb Vig,Bengaluru,Zepto,IOS,02-11-2023
401503,Simon Gopal,Bengaluru,Blinkit,Others,15-09-2023
401504,Ekansh Johal,Jaipur,Blinkit,Android,01-07-2025
401505,Ubika Seshadri,Delhi,Blinkit,Android,01-02-2025
401506,Harinakshi Date,Chandigarh,Swiggy Instamart,IOS,15-04-2024
401507,Aarush Mall,Mumbai,Swiggy Instamart,Others,05-12-2024
401508,Reva Sood,Delhi,Zepto,Android,23-08-2024
401509,Xiti Goel,Delhi,Swiggy Instamart,Android,03-02-2025
401510,Vamakshi Mittal,Hyderabad,Zepto,IOS,13-03-2024
401511,Zashil Batta,Mumbai,Zepto,Others,11-01-2025
401512,Lavanya Gala,Pune,Zepto,Others,19-10-2024
401513,Yagnesh Dewan,Ahmedabad,Big Basket,IOS,26-06-2026
401514,Sai Sankaran,Delhi,Swiggy Instamart,IOS,03-08-2025
401515,Advika Kanda,Mumbai,Blinkit,IOS,11-09-2023
401516,Charan Bedi,Chandigarh,Big Basket,Others,27-05-2024
401517,Nachiket Samra,Ahmedabad,Blinkit,IOS,13-11-2025
401518,Balvan Karan,Mumbai,Big Basket,IOS,11-02-2026
401519,Dhriti Bhatia,Pune,Big Basket,IOS,26-11-2024
401520,Balvan Sule,Kolkata,Swiggy Instamart,IOS,02-03-2025
401521,Utkarsh Dass,Mumbai,Big Basket,Others,10-06-2025
401522,Daksh Pathak,Kochi,Blinkit,IOS,27-12-2025
401523,Lucky Dada,Chandigarh,Zepto,Android,04-01-2025
401524,Indrajit Sibal,Ahmedabad,Zepto,Android,03-06-2024
401525,Bhavani Deep,Delhi,Blinkit,IOS,13-03-2024
401526,Mahika Jaggi,Mumbai,Blinkit,Android,29-04-2026
401527,Onveer Tandon,Kolkata,Zepto,IOS,27-02-2024
401528,Maya Chatterjee,Kochi,Blinkit,IOS,11-02-2024
401529,Gautam Solanki,Chennai,Swiggy Instamart,Others,22-12-2025
401530,Hamsini Rajagopal,Kochi,Zepto,Android,30-04-2026
401531,Leena Rau,Kolkata,Blinkit,IOS,12-09-2024
401532,Nitesh Dhar,Chennai,Blinkit,IOS,09-02-2026
401533,Vritti Bora,Hyderabad,Swiggy Instamart,IOS,18-10-2025
401534,Odika Morar,Ahmedabad,Zepto,Android,06-11-2025
401535,Ranbir Narayan,Mumbai,Swiggy Instamart,IOS,27-03-2025
401536,Eta Narang,Lucknow,Big Basket,Android,04-12-2025
401537,Leena Mohanty,Mumbai,Swiggy Instamart,Android,30-12-2024
401538,Kalpit Kade,Lucknow,Zepto,IOS,23-04-2024
401539,Jhalak Oza,Hyderabad,Big Basket,Android,10-11-2024
401540,Devika Kumar,Lucknow,Blinkit,Android,01-04-2026
401541,Henry Lanka,Ahmedabad,Big Basket,IOS,25-03-2026
401542,Nicholas Deol,Chandigarh,Blinkit,Android,28-09-2023
401543,Sachi Ben,Chandigarh,Big Basket,IOS,26-05-2025
401544,Vedhika Saran,Jaipur,Zepto,Android,15-07-2025
401545,Anmol Sekhon,Hyderabad,Swiggy Instamart,IOS,20-06-2025
401546,Eesha Hora,Mumbai,Big Basket,IOS,26-05-2025
401547,Anvi Issac,Jaipur,Blinkit,IOS,05-02-2026
401548,Neelima Narayanan,Kolkata,Zepto,IOS,02-06-2026
401549,Chandresh Saha,Jaipur,Swiggy Instamart,IOS,10-03-2026
401550,Farhan Rau,Jaipur,Zepto,Android,24-07-2025
401551,Hitesh Bahl,Pune,Zepto,Android,09-03-2024
401552,Frado Pandit,Hyderabad,Big Basket,IOS,25-09-2025
401553,Ekaraj Bose,Pune,Swiggy Instamart,Android,04-09-2023
401554,Ekantika Prashad,Hyderabad,Blinkit,Android,04-03-2026
401555,Vedhika Nagi,Kolkata,Zepto,Android,01-06-2024
401556,Nikita Naik,Jaipur,Zepto,IOS,17-06-2024
401557,Daksh Sule,Lucknow,Zepto,Android,13-04-2024
401558,Nachiket Varma,Delhi,Zepto,IOS,28-11-2023
401559,Kritika Vyas,Lucknow,Big Basket,IOS,22-09-2024
401560,Upadhriti Baria,Bengaluru,Zepto,Android,12-10-2023
401561,Rajeshri Sibal,Chandigarh,Big Basket,IOS,27-11-2023
401562,Ekalinga Goyal,Mumbai,Blinkit,IOS,08-04-2025
401563,Ishaan Bassi,Pune,Big Basket,Others,14-04-2025
401564,Naksh Gala,Delhi,Big Basket,Others,28-09-2023
401565,Neelima Brar,Delhi,Zepto,IOS,30-06-2026
401566,Ayaan Pant,Delhi,Big Basket,IOS,06-07-2026
401567,David Ghose,Chennai,Blinkit,IOS,07-08-2025
401568,Upasna Rege,Lucknow,Zepto,IOS,03-11-2025
401569,Darpan Bandi,Kochi,Big Basket,IOS,13-02-2025
401570,Oviya Nigam,Jaipur,Big Basket,IOS,08-12-2024
401571,Daksh Ganesh,Chennai,Big Basket,Others,14-07-2025
401572,Onkar Soman,Ahmedabad,Zepto,IOS,12-07-2026
401573,Mason Arya,Lucknow,Zepto,IOS,25-11-2023
401574,Michael Bandi,Pune,Blinkit,Android,27-09-2023
401575,Azaan Zachariah,Bengaluru,Blinkit,IOS,20-07-2025
401576,Aarna Loyal,Hyderabad,Blinkit,IOS,04-08-2025
401577,Isaac Ratta,Ahmedabad,Swiggy Instamart,Android,26-01-2024
401578,Eta Bajaj,Chandigarh,Zepto,Others,21-08-2025
401579,William Deol,Jaipur,Big Basket,Android,15-07-2025
401580,Yasti Kota,Hyderabad,Zepto,Android,02-05-2026
401581,Utkarsh Barad,Jaipur,Blinkit,IOS,11-09-2025
401582,Guneet Rajagopal,New Delhi,Blinkit,Others,29-08-2024
401583,Warinder Bhatt,Kolkata,Blinkit,Others,01-05-2026
401584,Ishanvi Edwin,Lucknow,Big Basket,IOS,08-03-2024
401585,Victor Bansal,Jaipur,Swiggy Instamart,IOS,04-09-2025
401586,Urmi Kannan,Pune,Swiggy Instamart,Others,08-05-2024
401587,Vedhika Zacharia,Pune,Blinkit,Android,04-01-2025
401588,Oliver Ben,Jaipur,Blinkit,Android,02-08-2024
401589,Vasatika Gupta,Kolkata,Blinkit,Android,02-11-2024
401590,Ethan Edwin,Jaipur,Blinkit,Others,26-06-2025
401591,Keya Ganguly,Kochi,Blinkit,IOS,02-09-2024
401592,Baghyawati Contractor,Lucknow,Zepto,IOS,21-04-2026
401593,Lakshmi Chad,Hyderabad,Big Basket,IOS,16-01-2024
401594,Upadhriti Bath,Jaipur,Zepto,Android,18-01-2026
401595,Watika Lall,Ahmedabad,Blinkit,IOS,16-12-2023
401596,Dakshesh Gole,Kolkata,Blinkit,Android,07-05-2024
401597,Maya Srivastava,Hyderabad,Zepto,IOS,25-04-2024
401598,Shaurya Yohannan,Jaipur,Blinkit,Android,20-11-2025
401599,Lipika Arora,Kochi,Big Basket,Android,10-08-2024
401600,Radhika Srinivas,Ahmedabad,Big Basket,IOS,13-06-2026
401601,Bimala Bhakta,New Delhi,Zepto,IOS,03-10-2024
401602,Januja Bhardwaj,Delhi,Zepto,IOS,13-08-2026
401603,Rohan Balakrishnan,Kochi,Big Basket,Android,05-10-2025
401604,Reyansh Salvi,Bengaluru,Big Basket,IOS,17-06-2024
401605,Chasmum Bava,Hyderabad,Zepto,Android,01-10-2023
401606,Elijah Sankar,Ahmedabad,Swiggy Instamart,Android,07-11-2025
401607,Arya Yogi,Ahmedabad,Blinkit,Android,07-10-2025
401608,Advik Sabharwal,Hyderabad,Swiggy Instamart,IOS,28-01-2026
401609,Nicholas Bains,Kolkata,Swiggy Instamart,IOS,05-06-2026
401610,Maya Jain,Bengaluru,Swiggy Instamart,IOS,23-10-2023
401611,Fariq Som,Lucknow,Blinkit,Android,14-09-2023
401612,Wyatt Dube,Pune,Zepto,Android,27-02-2025
401613,Upkaar Bose,Kolkata,Blinkit,IOS,13-10-2025
401614,Megha Devan,Ahmedabad,Zepto,IOS,08-07-2025
401615,Farhan Korpal,Kolkata,Big Basket,Android,18-01-2024
401616,Osha Deshmukh,Kochi,Big Basket,IOS,14-10-2024
401617,Finn Chana,Ahmedabad,Zepto,IOS,04-09-2024
401618,Rayaan Merchant,Lucknow,Big Basket,Others,23-03-2024
401619,Jack Chana,Delhi,Zepto,Android,12-06-2026
401620,Robert Dhingra,Hyderabad,Swiggy Instamart,IOS,29-08-2023
401621,Parth Nayar,Ahmedabad,Zepto,Android,08-08-2025
401622,Ishanvi Apte,Ahmedabad,Big Basket,IOS,14-04-2024
401623,Wridesh Ratti,Kochi,Big Basket,IOS,06-11-2025
401624,Logan Biswas,Lucknow,Swiggy Instamart,IOS,06-10-2025
401625,Waida Ramesh,Hyderabad,Blinkit,Android,13-12-2024
401626,Radhika Munshi,Chandigarh,Zepto,Android,23-07-2026
401627,Aarini Magar,Bengaluru,Blinkit,IOS,31-03-2024
401628,Jyoti Chana,Ahmedabad,Swiggy Instamart,IOS,24-02-2026
401629,Damini Krish,Bengaluru,Swiggy Instamart,Others,23-04-2024
401630,Abha Edwin,Chennai,Zepto,IOS,09-03-2025
401631,Onkar Vyas,Delhi,Zepto,Android,28-09-2024
401632,Nidra Natt,Hyderabad,Zepto,Android,06-10-2023
401633,Vamakshi Srivastava,Kochi,Zepto,Android,04-10-2024
401634,Karan Dada,Kolkata,Swiggy Instamart,Android,11-03-2025
401635,Nathan Pau,Delhi,Swiggy Instamart,Android,19-02-2024
401636,Tara Mander,Kolkata,Swiggy Instamart,IOS,04-03-2024
401637,Fariq Bakshi,Jaipur,Zepto,Android,04-10-2025
401638,Eesha Ghose,Hyderabad,Swiggy Instamart,IOS,29-10-2023
401639,Parth Sen,Kolkata,Zepto,IOS,08-07-2024
401640,Chandani Sibal,Lucknow,Zepto,Others,03-09-2023
401641,Christopher Jain,Bengaluru,Zepto,Android,10-07-2025
401642,Caleb Vyas,Chandigarh,Big Basket,Android,27-03-2025
401643,Triya Oza,Kolkata,Zepto,Android,09-12-2023
401644,Rayaan Sagar,Kochi,Zepto,Android,16-02-2026
401645,Anmol Pillay,Hyderabad,Blinkit,IOS,15-03-2026
401646,Nikita Sarkar,Bengaluru,Big Basket,IOS,11-04-2025
401647,Ubika Mall,Lucknow,Blinkit,IOS,17-04-2024
401648,Harsh Anand,Lucknow,Zepto,Android,16-03-2026
401649,Praneel Mann,Lucknow,Zepto,Android,28-07-2025
401650,Yashawini Bora,Chennai,Zepto,Android,08-03-2024
401651,Reva Sane,Kolkata,Big Basket,Others,14-07-2024
401652,Harsh Pai,Pune,Swiggy Instamart,Android,07-02-2024
401653,Samuel Raman,Mumbai,Swiggy Instamart,Others,12-12-2023
401654,Aishani Joshi,Kochi,Zepto,Android,16-04-2026
401655,Tanveer Andra,Lucknow,Swiggy Instamart,IOS,04-12-2023
401656,Warhi Natt,Hyderabad,Blinkit,Others,25-11-2025
401657,Jasmit Chanda,Kolkata,Swiggy Instamart,Others,09-06-2024
401658,Warjas Mittal,Delhi,Zepto,Android,26-02-2024
401659,Jai Palan,Ahmedabad,Big Basket,IOS,26-09-2023
401660,Chavvi Bala,Bengaluru,Blinkit,Others,30-03-2026
401661,Nakul Ghose,Bengaluru,Swiggy Instamart,IOS,25-03-2026
401662,Warinder Koshy,Bengaluru,Zepto,Android,21-09-2023
401663,Aadhya Gaba,Chandigarh,Zepto,Android,29-03-2024
401664,Bimala Bajwa,Lucknow,Big Basket,IOS,21-01-2026
401665,Bhavika Balan,Mumbai,Blinkit,Android,13-12-2023
401666,Samesh Sahni,Ahmedabad,Zepto,IOS,15-10-2023
401667,Abhimanyu Deep,Chandigarh,Big Basket,IOS,22-01-2026
401668,Girish Sen,Chennai,Big Basket,IOS,25-08-2025
401669,William Dua,Delhi,Swiggy Instamart,IOS,02-08-2026
401670,Harinakshi Hegde,Bengaluru,Big Basket,IOS,25-08-2023
401671,Vedant Tripathi,Chennai,Blinkit,IOS,11-12-2025
401672,Dakshesh Saraf,Mumbai,Blinkit,IOS,18-08-2025
401673,Ronith Pau,Kolkata,Big Basket,IOS,14-12-2025
401674,Shaurya Vora,Kolkata,Zepto,Android,07-03-2026
401675,Ekani Saxena,Mumbai,Big Basket,Android,02-03-2026
401676,Triveni Chawla,Lucknow,Swiggy Instamart,Android,31-05-2026
401677,Kalpit Rau,Hyderabad,Blinkit,Others,13-08-2025
401678,Gavin Nori,Bengaluru,Blinkit,Android,14-04-2024
401679,Pushti Bobal,Kochi,Swiggy Instamart,IOS,04-02-2025
401680,Vritti Basu,Chandigarh,Big Basket,IOS,19-11-2025
401681,Oviya Muni,Chennai,Big Basket,Android,04-01-2025
401682,Onkar Kuruvilla,Lucknow,Zepto,IOS,08-02-2024
401683,Vrinda Samra,Mumbai,Big Basket,IOS,24-12-2023
401684,Jonathan Kant,Chandigarh,Big Basket,Android,07-09-2025
401685,Wakeeta Wable,Kolkata,Blinkit,Android,06-01-2024
401686,Saanvi Contractor,Mumbai,Swiggy Instamart,IOS,13-05-2024
401687,Rachana Raman,Chennai,Big Basket,IOS,17-03-2024
401688,Caleb Shan,Chandigarh,Big Basket,Android,12-03-2025
401689,Ranveer Munshi,Chandigarh,Big Basket,IOS,18-03-2025
401690,Jonathan Parikh,Lucknow,Zepto,IOS,04-03-2025
401691,Yuvraj Mitter,Chennai,Big Basket,IOS,31-05-2024
401692,Madhav Anand,Chandigarh,Zepto,IOS,03-09-2024
401693,Krisha Thakur,Jaipur,Swiggy Instamart,IOS,25-02-2025
401694,Jagvi Wable,Ahmedabad,Big Basket,IOS,17-10-2023
401695,Yug Ganesan,Kolkata,Big Basket,IOS,24-03-2026
401696,Vaishnavi Dalal,Bengaluru,Swiggy Instamart,Android,13-02-2026
401697,Meghana Magar,Delhi,Blinkit,Android,06-05-2026
401698,Kamala Bhasin,Chandigarh,Swiggy Instamart,Android,23-05-2026
401699,Reyansh Mani,Ahmedabad,Swiggy Instamart,Android,28-03-2024
401700,Priya Khatri,Chandigarh,Big Basket,Android,03-06-2025
401701,Qasim Nath,Mumbai,Big Basket,IOS,10-04-2026
401702,Tejas Chandran,Mumbai,Big Basket,Android,28-09-2023
401703,Niharika Kalla,Jaipur,Big Basket,Android,22-02-2025
401704,Zashil Lad,Pune,Big Basket,Android,21-10-2023
401705,Jeremiah Gopal,Chennai,Swiggy Instamart,IOS,02-12-2023
401706,Charita Bumb,Delhi,Swiggy Instamart,IOS,26-06-2025
401707,Kabir Mammen,Kochi,Zepto,Others,01-01-2025
401708,Aayush Talwar,Ahmedabad,Swiggy Instamart,Others,01-10-2025
401709,Henry Brahmbhatt,Bengaluru,Blinkit,Android,10-09-2023
401710,Kritika Roy,Jaipur,Zepto,IOS,20-03-2026
401711,Faras Ahuja,Chennai,Big Basket,Android,26-12-2025
401712,Samesh Bhasin,Mumbai,Zepto,Android,11-09-2025
401713,Samar Varghese,Chennai,Big Basket,Android,14-04-2025
401714,Gagan Ben,Bengaluru,Big Basket,IOS,28-06-2025
401715,Chatresh Deep,Kochi,Swiggy Instamart,Android,06-11-2023
401716,Tripti Master,Delhi,Swiggy Instamart,Android,20-07-2025
401717,Lucky Mittal,Lucknow,Blinkit,IOS,24-06-2024
401718,Ronith Badami,Pune,Zepto,Others,04-11-2024
401719,Maya Mall,Kochi,Swiggy Instamart,Android,27-10-2024
401720,Adya Sabharwal,Delhi,Zepto,Android,07-01-2024
401721,Bhavini Kumer,Ahmedabad,Blinkit,IOS,22-10-2024
401722,Alexander Radhakrishnan,Delhi,Big Basket,Android,29-09-2025
401723,Leena Shukla,Delhi,Big Basket,IOS,18-06-2026
401724,Nidra Acharya,Lucknow,Zepto,Android,01-04-2026
401725,Bahadurjit Zachariah,Kolkata,Blinkit,Others,09-02-2026
401726,Chandran Sen,Chennai,Blinkit,IOS,14-02-2025
401727,Zansi Goel,Kolkata,Big Basket,IOS,13-09-2023
401728,Rajata Sarraf,Mumbai,Blinkit,Others,22-11-2025
401729,Krisha Mand,Kochi,Big Basket,Android,27-01-2025
401730,Jasmit Pathak,Kolkata,Blinkit,IOS,16-07-2026
401731,Netra Palla,Kochi,Zepto,IOS,04-10-2023
401732,Darpan Viswanathan,Chandigarh,Blinkit,IOS,29-04-2024
401733,Yagnesh Mammen,Jaipur,Zepto,Others,27-01-2026
401734,Kalpit Sastry,Mumbai,Blinkit,IOS,12-09-2025
401735,Sai Kunda,Pune,Zepto,Android,20-03-2025
401736,Warda Amble,Chennai,Zepto,Android,01-07-2025
401737,Mitesh Dube,Bengaluru,Blinkit,IOS,06-07-2026
401738,Divya Butala,Chandigarh,Zepto,IOS,29-03-2026
401739,Faris Lata,Chandigarh,Big Basket,IOS,03-01-2026
401740,Januja Dubey,Ahmedabad,Blinkit,IOS,28-06-2024
401741,Balhaar Sibal,New Delhi,Zepto,Android,15-11-2023
401742,Amara Swamy,Chandigarh,Swiggy Instamart,IOS,15-12-2023
401743,Kashish Kanda,Hyderabad,Blinkit,IOS,04-10-2024
401744,Chaitaly Seth,Kolkata,Swiggy Instamart,Android,26-12-2025
401745,Jackson Manne,Ahmedabad,Swiggy Instamart,IOS,01-08-2025
401746,Jason Sagar,Ahmedabad,Swiggy Instamart,IOS,03-08-2024
401747,Yatan Kibe,Chennai,Blinkit,Android,21-04-2025
401748,Nathaniel Sur,Hyderabad,Blinkit,IOS,25-12-2025
401749,Jeevika Garde,Pune,Swiggy Instamart,Android,17-10-2025
401750,Prisha Sharaf,Kochi,Blinkit,Android,04-12-2023
401751,Zaitra Radhakrishnan,Lucknow,Blinkit,IOS,06-08-2025
401752,Ekbal Reddy,Ahmedabad,Blinkit,IOS,06-05-2025
401753,Meghana Bhagat,Lucknow,Zepto,IOS,08-08-2024
401754,Hema Vyas,Mumbai,Big Basket,Android,22-12-2024
401755,Joshua Dasgupta,Ahmedabad,Zepto,Android,04-10-2024
401756,Baghyawati Dayal,Hyderabad,Blinkit,Android,24-01-2024
401757,Nidra Barad,Pune,Blinkit,Android,24-08-2023
401758,Vrishti Walia,Chandigarh,Big Basket,Android,25-03-2025
401759,Ishanvi Sankar,Bengaluru,Swiggy Instamart,IOS,17-12-2025
401760,Isha Panchal,Delhi,Zepto,IOS,03-04-2024
401761,Agastya Gera,Jaipur,Big Basket,IOS,16-08-2026
401762,Nachiket Merchant,Hyderabad,Zepto,IOS,08-01-2026
401763,Yatin Savant,Ahmedabad,Swiggy Instamart,Android,17-06-2024
401764,Saksham Mammen,Kolkata,Swiggy Instamart,IOS,05-07-2025
401765,Anirudh Amble,Pune,Big Basket,Android,25-01-2026
401766,Yatan Pau,Pune,Zepto,IOS,29-09-2024
401767,Patrick Krish,Ahmedabad,Big Basket,Android,02-02-2024
401768,Vritti Jhaveri,Delhi,Swiggy Instamart,IOS,01-01-2024
401769,Manya Char,Lucknow,Swiggy Instamart,IOS,28-01-2025
401770,Ethan Mahajan,Chennai,Blinkit,Android,05-05-2026
401771,Avni Padmanabhan,Jaipur,Swiggy Instamart,IOS,05-02-2024
401772,Zarna Dash,Bengaluru,Zepto,IOS,17-08-2025
401773,Advik Raja,Jaipur,Big Basket,IOS,09-12-2025
401774,Jack Butala,Pune,Swiggy Instamart,IOS,18-02-2025
401775,Hemal Sastry,Ahmedabad,Swiggy Instamart,IOS,12-09-2024
401776,Balvan Dora,Ahmedabad,Swiggy Instamart,Android,31-03-2026
401777,Rohan Munshi,Jaipur,Zepto,IOS,07-07-2025
401778,Gauri Tak,Hyderabad,Zepto,IOS,20-03-2025
401779,Ekanta Dewan,Jaipur,Blinkit,Android,13-12-2024
401780,William Badal,Lucknow,Blinkit,IOS,21-09-2023
401781,Suhani Wason,Chennai,Zepto,IOS,28-01-2026
401782,Farhan Bala,Lucknow,Swiggy Instamart,IOS,04-07-2024
401783,Ayush Mand,Hyderabad,Big Basket,IOS,28-05-2026
401784,Harini Oommen,Jaipur,Swiggy Instamart,Others,04-12-2023
401785,Kamala Bhagat,Lucknow,Big Basket,Others,31-08-2023
401786,Chakrika Oommen,Jaipur,Big Basket,Android,15-06-2024
401787,Azaan Thakkar,Hyderabad,Swiggy Instamart,Android,27-07-2025
401788,Vedika Edwin,Jaipur,Zepto,IOS,10-03-2026
401789,Nicholas Choudhury,Chandigarh,Big Basket,IOS,14-10-2023
401790,Frado Kalla,Mumbai,Zepto,IOS,19-07-2025
401791,Vasana Sheth,Bengaluru,Zepto,Android,01-11-2024
401792,Tanay Karnik,Ahmedabad,Zepto,IOS,11-10-2024
401793,Girish Wable,Pune,Blinkit,IOS,28-03-2024
401794,Alexander Goswami,Lucknow,Zepto,IOS,26-09-2023
401795,Anika Mannan,Chennai,Big Basket,IOS,26-03-2025
401796,Chakradhar Ganesh,Kolkata,Big Basket,IOS,12-04-2026
401797,Anita Choudhary,Jaipur,Big Basket,Android,04-02-2025
401798,Dev Bera,Kochi,Zepto,Android,06-08-2025
401799,Jagdish Rajan,Ahmedabad,Big Basket,Android,09-07-2025
401800,Daksha Ahluwalia,Bengaluru,Big Basket,Android,09-09-2023
401801,Madhavi Sagar,Ahmedabad,Big Basket,Android,11-09-2023
401802,Bakhshi Memon,Lucknow,Blinkit,Android,27-12-2025
401803,Anika Lad,Pune,Zepto,Android,19-04-2024
401804,Manya Brahmbhatt,Bengaluru,Swiggy Instamart,Android,22-07-2024
401805,Nidra Jha,Jaipur,Swiggy Instamart,IOS,02-03-2026
401806,Chasmum Sani,Jaipur,Big Basket,Others,03-05-2025
401807,Vasudha Basu,Chennai,Swiggy Instamart,Android,01-02-2024
401808,Vasana Menon,Ahmedabad,Big Basket,IOS,01-10-2025
401809,Pranav Walia,Jaipur,Zepto,Android,19-01-2025
401810,Onkar Madan,Ahmedabad,Zepto,IOS,19-06-2024
401811,Nilima Sawhney,Kochi,Zepto,IOS,31-01-2025
401812,Diya Din,New Delhi,Blinkit,IOS,13-10-2025
401813,Devika Srinivasan,Jaipur,Swiggy Instamart,IOS,29-10-2024
401814,Henry Banerjee,Jaipur,Zepto,IOS,23-06-2024
401815,Charles Shukla,Mumbai,Zepto,Android,23-10-2025
401816,Qadim Ahuja,Jaipur,Zepto,IOS,15-01-2024
401817,Hardik Bobal,Hyderabad,Blinkit,Android,30-12-2024
401818,Charita Mallick,Hyderabad,Swiggy Instamart,IOS,15-01-2026
401819,Yauvani Memon,Ahmedabad,Swiggy Instamart,IOS,04-04-2026
401820,Ikbal Tripathi,Kochi,Swiggy Instamart,IOS,02-03-2024
401821,Anusha Kade,Jaipur,Zepto,IOS,01-01-2026
401822,Onkar Virk,Lucknow,Blinkit,Others,14-02-2024
401823,Samuel Buch,Chandigarh,Big Basket,Android,13-05-2026
401824,Wakeeta Ganguly,Mumbai,Swiggy Instamart,Android,13-06-2024
401825,Girindra Mallick,Chandigarh,Blinkit,IOS,11-12-2023
401826,Adya Chauhan,Kochi,Big Basket,Android,29-01-2025
401827,Champak Shanker,Bengaluru,Big Basket,Android,05-08-2026
401828,Hiral Raval,Hyderabad,Blinkit,Android,14-01-2024
401829,Yamini Prasad,Ahmedabad,Zepto,Others,03-07-2026
401830,Diya Dixit,Pune,Zepto,IOS,13-08-2025
401831,Pahal Virk,Chandigarh,Zepto,Android,24-03-2026
401832,Raksha Sha,Bengaluru,Swiggy Instamart,IOS,24-12-2024
401833,Aadi Lalla,Ahmedabad,Zepto,IOS,11-11-2023
401834,Abdul Aurora,Chandigarh,Big Basket,IOS,09-04-2026
401835,Harrison Chowdhury,Chandigarh,Zepto,Android,08-11-2025
401836,Rayaan Agate,Jaipur,Big Basket,Android,28-07-2025
401837,Gaurang Sunder,Chennai,Big Basket,IOS,15-07-2025
401838,Brijesh Doctor,Kochi,Swiggy Instamart,Others,24-09-2025
401839,Leena Pathak,Kochi,Blinkit,IOS,06-08-2025
401840,Frado Chopra,Ahmedabad,Blinkit,Android,28-03-2024
401841,Reva Shetty,Jaipur,Blinkit,IOS,11-07-2024
401842,Warinder Swaminathan,Jaipur,Zepto,IOS,03-07-2024
401843,Wahab Kapoor,Chennai,Zepto,Android,16-04-2026
401844,Urishilla Gala,Ahmedabad,Blinkit,Android,19-07-2026
401845,William Parekh,Chandigarh,Big Basket,Android,19-12-2025
401846,Utkarsh Wali,Bengaluru,Swiggy Instamart,Android,24-01-2024
401847,Turvi Palla,Chandigarh,Swiggy Instamart,Android,28-03-2024
401848,Atharv Saraf,Jaipur,Zepto,IOS,02-07-2024
401849,Arunima Bhatti,Lucknow,Swiggy Instamart,IOS,21-01-2026
401850,Wazir Bhasin,Pune,Big Basket,Others,13-05-2026
401851,Rajeshri Manne,Kochi,Blinkit,Android,26-09-2025
401852,Xavier Khalsa,Chandigarh,Zepto,IOS,28-06-2026
401853,Arya Shukla,Mumbai,Zepto,Android,08-07-2024
401854,Sanaya Toor,Chandigarh,Big Basket,IOS,26-09-2025
401855,Champak Luthra,Kochi,Zepto,IOS,21-05-2025
401856,Isaiah Toor,Chandigarh,Swiggy Instamart,IOS,08-04-2025
401857,Sachi Bath,Chandigarh,Swiggy Instamart,IOS,04-10-2026
401858,Vinaya Madan,Chennai,Big Basket,Android,24-09-2024
401859,Barkha Dar,Chandigarh,Blinkit,Android,09-04-2024
401860,Oeshi Rai,Pune,Big Basket,Others,04-06-2024
401861,Ayushman Kapoor,Kolkata,Blinkit,Android,07-11-2023
401862,Yuvraj Tara,Delhi,Zepto,IOS,18-04-2024
401863,Geetika Agrawal,Bengaluru,Zepto,IOS,06-07-2024
401864,Krishna Chander,Bengaluru,Swiggy Instamart,Android,14-03-2024
401865,Lopa Mammen,Lucknow,Zepto,Android,26-12-2025
401866,Vyanjana Menon,Lucknow,Swiggy Instamart,Others,26-03-2025
401867,Harrison Singh,Mumbai,Blinkit,Android,29-05-2024
401868,Vincent Kibe,Chandigarh,Zepto,Android,08-03-2026
401869,Unni Andra,Lucknow,Big Basket,Android,04-04-2026
401870,Reyansh Kala,Jaipur,Swiggy Instamart,IOS,22-08-2023
401871,Warda Bhatti,Chennai,Swiggy Instamart,Android,20-03-2024
401872,Amol Murty,Chennai,Zepto,Android,20-09-2024
401873,Mahika Bava,Kochi,Blinkit,Android,20-10-2024
401874,Chatura Bail,Ahmedabad,Zepto,Android,22-03-2025
401875,Max Issac,Kochi,Swiggy Instamart,IOS,01-05-2026
401876,Vanya Yohannan,Chennai,Zepto,Android,29-05-2024
401877,Tristan Radhakrishnan,Pune,Zepto,IOS,08-03-2024
401878,Jagdish Parmar,Mumbai,Blinkit,IOS,10-12-2025
401879,Vedhika Jaggi,Chandigarh,Blinkit,IOS,08-10-2023
401880,Ekani Dhar,Ncr,Blinkit,IOS,23-12-2025
401881,Anthony Kala,Lucknow,Swiggy Instamart,Android,27-01-2026
401882,Omkaar Pandey,Pune,Blinkit,Android,24-09-2023
401883,Timothy Dhingra,Delhi,Blinkit,Others,12-10-2025
401884,Diya Thaman,Delhi,Zepto,Android,12-11-2024
401885,Vyanjana Bedi,Delhi,Big Basket,IOS,31-07-2024
401886,Gagan Peri,Mumbai,Big Basket,IOS,16-05-2026
401887,Ayushman Chaudry,Chandigarh,Zepto,Others,08-03-2024
401888,Ojasvi Bhatia,Ahmedabad,Zepto,IOS,07-07-2025
401889,Ethan Ganesan,Jaipur,Big Basket,Android,23-09-2025
401890,Darsh Tank,Kolkata,Blinkit,Android,10-10-2024
401891,Kevin Rajagopalan,New Delhi,Blinkit,Android,11-11-2025
401892,Indira Pillai,Pune,Swiggy Instamart,Android,25-09-2023
401893,Farhan Sangha,Kolkata,Big Basket,IOS,13-04-2026
401894,Udyati Chatterjee,Bengaluru,Swiggy Instamart,Android,07-02-2024
401895,Chaitaly Rau,Delhi,Blinkit,Android,03-07-2024
401896,Urmi Magar,Chandigarh,Zepto,IOS,14-06-2024
401897,Lajita Deo,Hyderabad,Swiggy Instamart,Android,31-03-2024
401898,Yagnesh Parekh,New Delhi,Swiggy Instamart,IOS,17-02-2024
401899,Bishakha Kaur,Chennai,Swiggy Instamart,Android,28-10-2025
401900,Geetika Kant,Pune,Swiggy Instamart,Android,24-03-2026
401901,Udant Puri,Kochi,Zepto,IOS,16-01-2024
401902,Radha Suri,Chandigarh,Blinkit,IOS,20-10-2023
401903,Mekhala Sanghvi,Kolkata,Zepto,Others,24-02-2024
401904,Praneel Babu,Ahmedabad,Zepto,IOS,27-01-2024
401905,Manthan Yohannan,Hyderabad,Swiggy Instamart,IOS,17-08-2026
401906,Nicholas Sachdeva,Chennai,Zepto,Others,12-05-2024
401907,Bhavya Chaudhary,Ahmedabad,Swiggy Instamart,Android,11-12-2025
401908,Gagan Buch,Bengaluru,Swiggy Instamart,IOS,28-01-2024
401909,Ayush Goda,Kochi,Zepto,Android,13-07-2025
401910,Aarini Sampath,Hyderabad,Big Basket,Android,09-04-2024
401911,Gaurika Sarkar,Kolkata,Zepto,Android,20-07-2025
401912,Anusha Rao,Chennai,Swiggy Instamart,IOS,29-01-2024
401913,Hardik Tripathi,Ahmedabad,Big Basket,IOS,04-05-2026
401914,Vidhi Dhillon,Chennai,Swiggy Instamart,Android,11-12-2025
401915,Yuvraj Gola,Chennai,Swiggy Instamart,Android,26-06-2025
401916,Diya Taneja,Pune,Blinkit,IOS,08-05-2026
401917,Zayyan Raju,Delhi,Swiggy Instamart,IOS,18-03-2025
401918,Isha Mohan,Lucknow,Swiggy Instamart,Android,02-11-2023
401919,Brinda Dubey,Chandigarh,Blinkit,Android,20-11-2025
401920,Nihal Keer,Ahmedabad,Swiggy Instamart,Android,14-02-2025
401921,Bahadurjit Mann,Lucknow,Zepto,Others,20-08-2025
401922,Panini Chaudhry,Kochi,Big Basket,Android,23-12-2025
401923,Quincy Dora,Bengaluru,Swiggy Instamart,IOS,25-04-2024
401924,Harrison Handa,Pune,Big Basket,IOS,27-01-2026
401925,Harita Agrawal,Chennai,Zepto,Others,29-02-2024
401926,Daksha Basu,Lucknow,Big Basket,IOS,20-04-2025
401927,Unni Ganesan,Jaipur,Blinkit,Android,24-03-2026
401928,Chaman Modi,Bengaluru,Zepto,IOS,28-03-2024
401929,Amruta Goswami,Ahmedabad,Big Basket,IOS,03-02-2024
401930,Ekani Narula,Delhi,Blinkit,IOS,22-10-2024
401931,Nikita Suresh,Mumbai,Big Basket,Android,13-07-2024
401932,Ati Dewan,Lucknow,Big Basket,IOS,26-02-2024
401933,Chameli Tella,Hyderabad,Big Basket,Android,26-01-2026
401934,Upadhriti Lal,Pune,Blinkit,IOS,08-03-2025
401935,Gauri Kara,Bengaluru,Big Basket,IOS,03-02-2024
401936,Hritik Chana,Chennai,Big Basket,Others,21-01-2024
401937,Falguni Varughese,Kochi,Big Basket,Android,27-11-2025
401938,Jagvi Kala,Chennai,Blinkit,IOS,25-04-2024
401939,Harish Choudhry,Kolkata,Blinkit,IOS,24-09-2023
401940,Oviya Kumer,Jaipur,Zepto,Others,27-07-2026
401941,Darpan Nagarajan,Kochi,Blinkit,IOS,03-04-2025
401942,Qushi Zacharia,Lucknow,Swiggy Instamart,Others,18-05-2025
401943,Ayush Hegde,Chennai,Big Basket,Android,22-07-2026
401944,Aayush Lad,Kolkata,Big Basket,Android,09-12-2023
401945,Bhavini Pau,New Delhi,Blinkit,IOS,15-02-2026
401946,Hema Raman,Ncr,Swiggy Instamart,Android,20-02-2024
401947,Shravya Sarraf,Chandigarh,Swiggy Instamart,Android,04-02-2024
401948,Neel Ganguly,Bengaluru,Zepto,Android,15-11-2025
401949,Ira Tata,Pune,Blinkit,IOS,24-10-2023
401950,Kavya Mane,Kochi,Swiggy Instamart,Others,06-05-2025
401951,Rachit Kibe,Mumbai,Zepto,Android,05-09-2023
401952,Megha Kala,Bengaluru,Swiggy Instamart,Others,19-12-2024
401953,Anirudh Mahal,Delhi,Big Basket,IOS,04-04-2024
401954,Rachita Patel,Pune,Blinkit,IOS,06-04-2025
401955,Jhalak Dutt,Delhi,Swiggy Instamart,Android,02-11-2024
401956,Varsha Nadig,Kolkata,Swiggy Instamart,IOS,21-11-2023
401957,Reyansh Palla,Chennai,Zepto,Others,23-01-2025
401958,Karan Garde,Chennai,Swiggy Instamart,Android,07-02-2024
401959,Harish Aggarwal,Chennai,Big Basket,IOS,30-11-2025
401960,Widisha Chopra,Hyderabad,Swiggy Instamart,Android,28-01-2025
401961,Amol Murty,Ahmedabad,Big Basket,Android,22-02-2025
401962,Neel Ratta,Kolkata,Swiggy Instamart,Android,13-12-2023
401963,Krishna Mannan,Chennai,Swiggy Instamart,Android,31-01-2026
401964,Adya Korpal,Mumbai,Zepto,Others,02-03-2026
401965,Jeremiah Rastogi,Mumbai,Big Basket,Android,02-11-2023
401966,Girik Nagarajan,Pune,Big Basket,IOS,04-07-2026
401967,Gaurang Dube,Kolkata,Zepto,IOS,31-01-2024
401968,Garima Grover,Mumbai,Zepto,Android,03-02-2025
401969,Eta Mahal,Chandigarh,Blinkit,IOS,11-10-2023
401970,Kavya Ravi,Lucknow,Swiggy Instamart,Android,02-01-2024
401971,Girish Deep,Jaipur,Big Basket,Android,18-07-2025
401972,Zaid Chaudhari,Chandigarh,Swiggy Instamart,IOS,20-01-2026
401973,Akshay Dutta,Lucknow,Zepto,Android,16-12-2024
401974,Alexander Pingle,Jaipur,Zepto,IOS,17-10-2023
401975,Peter Jaggi,Mumbai,Blinkit,Android,08-07-2024
401976,Reyansh Bumb,Kochi,Blinkit,Android,21-04-2026
401977,Ojasvi Virk,Jaipur,Zepto,IOS,23-08-2025
401978,Yachana Srivastava,Delhi,Zepto,Others,09-09-2025
401979,Aryan Dhar,Jaipur,Big Basket,IOS,16-08-2024
401980,Anvi Atwal,Chennai,Blinkit,IOS,19-03-2026
401981,Fiyaz Ramakrishnan,Mumbai,Zepto,Android,24-05-2025
401982,Gagan Bhardwaj,Chennai,Blinkit,IOS,22-03-2025
401983,Sathvik Chaudhary,Ahmedabad,Swiggy Instamart,IOS,03-08-2025
401984,Charvi More,Kolkata,Blinkit,Android,13-05-2026
401985,Lipika Mahal,Delhi,Zepto,Others,29-12-2024
401986,Mason Kota,Jaipur,Zepto,Android,12-10-2024
401987,Aarini Badal,Jaipur,Zepto,IOS,24-04-2026
401988,Sanya Golla,Kolkata,Swiggy Instamart,Android,29-01-2024
401989,Chandran Chahal,Ahmedabad,Blinkit,IOS,09-03-2025
401990,Faraj Goel,New Delhi,Blinkit,IOS,14-05-2025
401991,Hredhaan Dayal,Hyderabad,Big Basket,IOS,27-04-2024
401992,Zayan Lanka,Bengaluru,Swiggy Instamart,Android,01-10-2023
401993,Gaurang Anne,Bengaluru,Big Basket,IOS,05-09-2024
401994,Yashica Uppal,Hyderabad,Blinkit,Android,30-09-2023
401995,Christopher Pau,Pune,Big Basket,IOS,06-01-2024
401996,Chameli Mukhopadhyay,Kochi,Blinkit,Others,31-01-2024
401997,Bakhshi Upadhyay,Kolkata,Zepto,IOS,05-05-2025
401998,Shivansh Bhasin,Mumbai,Swiggy Instamart,Android,29-10-2025
401999,Divya Dugar,Ahmedabad,Big Basket,IOS,23-09-2023
402000,Sathvik Seshadri,Hyderabad,Swiggy Instamart,IOS,15-07-2024
402001,Simon Nanda,Bengaluru,Swiggy Instamart,IOS,13-02-2026
402002,Karan Date,Ahmedabad,Zepto,IOS,31-10-2025
402003,Abhiram Buch,Kolkata,Swiggy Instamart,IOS,01-09-2023
402004,Abha Nigam,Lucknow,Zepto,Android,24-11-2025
402005,Brijesh Tak,Chennai,Swiggy Instamart,IOS,19-02-2026
402006,Qasim Shukla,Ahmedabad,Blinkit,Android,18-06-2026
402007,Ojas Sood,Hyderabad,Zepto,IOS,10-07-2024
402008,Adya Bail,Kochi,Swiggy Instamart,IOS,07-12-2023
402009,Pushti De,Jaipur,Zepto,Android,19-08-2024
402010,Chakradhar Kaul,Pune,Zepto,Android,19-07-2026
402011,Ekiya Dua,Pune,Blinkit,IOS,19-03-2026
402012,Lohit Sami,Kolkata,Blinkit,IOS,29-06-2026
402013,Geetika Baria,Bengaluru,Blinkit,Android,18-04-2024
402014,Aadhya Parekh,Lucknow,Zepto,Android,05-12-2023
402015,Nirja Krishnamurthy,Chennai,Zepto,Others,15-03-2024
402016,Zaid Goel,Pune,Blinkit,IOS,10-06-2025
402017,Ekanta Kumar,Bengaluru,Zepto,IOS,09-06-2025
402018,Chakradev Bali,Chennai,Big Basket,Android,26-05-2026
402019,Mason Mahal,Pune,Zepto,IOS,06-05-2025
402020,Shravya Singh,Chandigarh,Big Basket,IOS,17-10-2025
402021,Utkarsh Dora,Pune,Swiggy Instamart,Android,26-07-2026
402022,Wriddhish Jani,Chennai,Blinkit,IOS,07-09-2024
402023,Ganga Bhargava,Kolkata,Big Basket,Android,28-04-2026
402024,Tanish Gandhi,Lucknow,Zepto,Android,23-02-2024
402025,Harinakshi Balay,Kochi,Swiggy Instamart,Android,24-06-2026
402026,Turvi Chatterjee,Ahmedabad,Blinkit,Others,11-02-2026
402027,Anita Babu,Lucknow,Zepto,Android,31-03-2024
402028,Samar Sen,Kolkata,Big Basket,Android,14-06-2024
402029,Vihaan Mani,Pune,Big Basket,Others,14-07-2026
402030,Chaitaly Narayan,Ahmedabad,Blinkit,IOS,26-08-2025
402031,Christopher Kale,Chennai,Zepto,IOS,13-03-2024
402032,Harrison Raghavan,Lucknow,Zepto,Android,29-09-2024
402033,Lajita Som,Jaipur,Zepto,IOS,24-09-2024
402034,Kashish Behl,Delhi,Big Basket,IOS,20-09-2024
402035,Chakradhar Lala,Kolkata,Zepto,Others,20-08-2023
402036,Siya Randhawa,Delhi,Blinkit,Android,14-02-2024
402037,Omya Chaudhry,Bengaluru,Big Basket,IOS,28-08-2023
402038,Indali Bains,Hyderabad,Zepto,IOS,12-07-2025
402039,Raagini Chhabra,Kochi,Big Basket,IOS,03-10-2025
402040,Akshay Raval,Bengaluru,Big Basket,IOS,19-09-2025
402041,Faqid Khurana,Lucknow,Swiggy Instamart,IOS,20-10-2025
402042,Christopher Mangat,Mumbai,Blinkit,Android,02-09-2024
402043,Chakradev Chakraborty,Kolkata,Swiggy Instamart,Android,15-01-2025
402044,Amol Om,Bengaluru,Big Basket,Android,18-01-2025
402045,Eshana Misra,Pune,Swiggy Instamart,IOS,26-03-2026
402046,Chaitanya Shankar,Mumbai,Blinkit,IOS,14-02-2026
402047,Upma Seth,Pune,Zepto,Android,27-12-2025
402048,Fiyaz Reddy,Lucknow,Zepto,Android,17-01-2024
402049,Abha Sagar,Jaipur,Blinkit,Android,03-06-2024
402050,Kritika Nazareth,Jaipur,Blinkit,Others,05-09-2023
402051,Yatan Narayanan,Chennai,Big Basket,Android,12-11-2024
402052,Hritik Karnik,Kochi,Zepto,IOS,11-01-2025
402053,Ekanta Bhargava,Delhi,Zepto,Android,07-04-2026
402054,Advik Krish,Ahmedabad,Blinkit,Android,30-11-2024
402055,Eiravati Vig,Kolkata,Zepto,Android,24-11-2023
402056,Sai Tandon,Kochi,Blinkit,Android,24-06-2024
402057,Unnati Banik,Bengaluru,Swiggy Instamart,Android,21-12-2023
402058,Chandran Nagar,Kolkata,Swiggy Instamart,IOS,01-08-2025
402059,Tara Yadav,Mumbai,Blinkit,Android,14-03-2024
402060,Yash Walia,Kochi,Big Basket,IOS,21-11-2025
402061,Wazir Hegde,Jaipur,Big Basket,IOS,29-05-2024
402062,Manthan Balan,Jaipur,Big Basket,Android,20-02-2026
402063,Niharika Warrior,Ahmedabad,Big Basket,Android,01-08-2025
402064,Tamanna Gade,Bengaluru,Zepto,Android,23-11-2024
402065,Oscar Cheema,Pune,Swiggy Instamart,IOS,14-07-2024
402066,Agastya Ramakrishnan,Kolkata,Zepto,IOS,05-03-2024
402067,William Seth,Jaipur,Zepto,IOS,24-04-2026
402068,Yachana Bahl,Chennai,Swiggy Instamart,Others,07-03-2024
402069,Vedant Gopal,Chandigarh,Swiggy Instamart,Others,02-12-2023
402070,Lakshmi Saha,Pune,Swiggy Instamart,Others,30-08-2024
402071,Ekanta Doctor,Mumbai,Zepto,Android,20-06-2024
402072,Lopa Savant,Kochi,Zepto,Android,25-01-2025
402073,Mohini Dave,Kochi,Zepto,IOS,10-03-2024
402074,Anya Seshadri,Lucknow,Zepto,IOS,07-07-2026
402075,Chaaya Gour,Kochi,Big Basket,Android,03-01-2025
402076,Imaran Kashyap,Jaipur,Swiggy Instamart,Android,12-02-2025
402077,Yagnesh Gara,Kochi,Swiggy Instamart,Android,04-12-2025
402078,Aashi Bains,Pune,Swiggy Instamart,Android,11-03-2025
402079,Xavier Raj,Bengaluru,Swiggy Instamart,IOS,20-02-2024
402080,Omisha Sarin,Chennai,Big Basket,IOS,20-10-2023
402081,Ranveer Nair,Chennai,Blinkit,Android,23-07-2024
402082,Xavier Varughese,Mumbai,Big Basket,Android,13-10-2025
402083,Abdul Agate,Chandigarh,Big Basket,Others,06-07-2024
402084,Guneet Upadhyay,Chennai,Big Basket,Android,12-12-2024
402085,Neha Lad,Bengaluru,Swiggy Instamart,IOS,04-06-2025
402086,Vihaan Saini,Bengaluru,Blinkit,IOS,02-09-2025
402087,Indali Rau,Bengaluru,Blinkit,Android,08-03-2024
402088,Dalaja Pandit,Jaipur,Swiggy Instamart,IOS,29-05-2024
402089,Mekhala Chaudhary,Pune,Big Basket,IOS,05-10-2024
402090,Aashi Som,Chandigarh,Big Basket,Android,15-06-2024
402091,Wridesh Manda,Pune,Blinkit,Android,05-06-2025
402092,Naveen Sheth,Kolkata,Zepto,Others,08-09-2023
402093,Gayathri Narasimhan,Kolkata,Zepto,Android,29-09-2024
402094,Chameli Mahajan,Bengaluru,Swiggy Instamart,IOS,08-05-2025
402095,Geetika Chaudhry,Hyderabad,Big Basket,Android,10-10-2023
402096,Samesh Parsa,Ncr,Blinkit,Android,17-01-2025
402097,Chaitaly Sidhu,Jaipur,Swiggy Instamart,IOS,28-04-2025
402098,Daksha Mitra,Kochi,Blinkit,IOS,18-01-2026
402099,Orinder Gara,Mumbai,Blinkit,IOS,29-12-2024
402100,Reyansh Ravi,Chandigarh,Swiggy Instamart,IOS,21-11-2025
402101,Rachita Chaudry,Pune,Zepto,Android,07-03-2026
402102,Bhavini Sarna,Chennai,Swiggy Instamart,Android,19-12-2024
402103,Vedika Kala,Ahmedabad,Swiggy Instamart,Android,14-12-2025
402104,Harsh Kurian,Bengaluru,Blinkit,IOS,14-02-2026
402105,Neha Konda,Bengaluru,Big Basket,IOS,22-10-2023
402106,Ishanvi Date,Pune,Blinkit,Android,15-07-2024
402107,Vaishnavi Bora,Jaipur,Zepto,Android,05-02-2024
402108,Anusha Nanda,Mumbai,Big Basket,Android,07-01-2025
402109,Upasna Andra,Chandigarh,Blinkit,IOS,20-07-2026
402110,Vrinda Kakar,Ahmedabad,Swiggy Instamart,Android,25-01-2026
402111,Manya Barad,Chennai,Big Basket,IOS,28-02-2026
402112,Yashodhara Sunder,Delhi,Zepto,IOS,16-09-2023
402113,Aradhana Murty,Bengaluru,Blinkit,Android,18-04-2026
402114,Yachana Pradhan,Lucknow,Blinkit,Android,12-10-2023
402115,Ria Karpe,Chennai,Blinkit,Android,13-03-2024
402116,Harita Ghose,Bengaluru,Big Basket,IOS,30-10-2023
402117,Vasana Randhawa,Chandigarh,Swiggy Instamart,Android,31-08-2024
402118,Rishi Sodhi,Kolkata,Big Basket,Android,05-02-2026
402119,Neelima Borde,Jaipur,Swiggy Instamart,IOS,27-06-2026
402120,Vritti Chad,Kochi,Swiggy Instamart,Others,10-01-2025
402121,Oscar Sandhu,Lucknow,Blinkit,IOS,24-04-2026
402122,Chakradhar Khanna,Kochi,Big Basket,IOS,06-03-2026
402123,Anika Oommen,Mumbai,Big Basket,Android,16-02-2024
402124,Yahvi Lad,Mumbai,Big Basket,Android,03-03-2024
402125,Vinaya Bhalla,Kolkata,Blinkit,IOS,08-03-2025
402126,Harinakshi Sur,Chandigarh,Zepto,Android,08-01-2024
402127,Warjas Bandi,Kochi,Swiggy Instamart,Android,12-04-2025
402128,Chanchal Dara,Chandigarh,Blinkit,Android,30-10-2025
402129,Lajita Nair,Hyderabad,Swiggy Instamart,IOS,25-05-2025
402130,Rachana Garde,Ncr,Zepto,Others,28-04-2026
402131,Gaurang Sachar,Mumbai,Big Basket,Others,11-11-2023
402132,Raghav Nazareth,Hyderabad,Big Basket,Android,20-04-2025
402133,Chavvi Ganguly,Mumbai,Blinkit,Android,20-04-2025
402134,Aarav Kashyap,Ahmedabad,Blinkit,IOS,23-03-2025
402135,Gautami Vala,Kochi,Zepto,Android,03-04-2024
402136,Tristan Kashyap,Kochi,Blinkit,Android,13-04-2026
402137,Janaki Purohit,Mumbai,Big Basket,IOS,22-04-2025
402138,Yagnesh Dada,Chennai,Zepto,Android,01-10-2025
402139,Anvi Mahal,Mumbai,Zepto,Android,21-04-2026
402140,Ridhi Sahota,Kolkata,Big Basket,Android,17-05-2025
402141,Yahvi Lad,Kolkata,Swiggy Instamart,IOS,27-02-2025
402142,Nitesh Buch,Hyderabad,Big Basket,Android,01-11-2024
402143,Matthew Nayar,Pune,Zepto,Android,28-07-2024
402144,Meera Mani,Pune,Swiggy Instamart,IOS,07-10-2024
402145,Zaitra Mangat,Lucknow,Big Basket,IOS,24-07-2026
402146,Waida Bandi,Pune,Blinkit,Android,26-08-2025
402147,Edhitha Sawhney,Pune,Swiggy Instamart,Android,20-05-2024
402148,Warjas Varma,Kochi,Swiggy Instamart,IOS,13-06-2025
402149,Upasna Vora,Delhi,Zepto,IOS,08-01-2025
402150,Jatin Sarin,Bengaluru,Blinkit,Android,23-06-2025
402151,Aayush Kala,Hyderabad,Big Basket,Android,19-08-2025
402152,Xavier Sarma,Jaipur,Swiggy Instamart,IOS,13-01-2026
402153,Janaki Thakur,Mumbai,Zepto,IOS,29-07-2026
402154,Sai Solanki,Chennai,Big Basket,Android,31-07-2026
402155,Tara Shanker,Kolkata,Swiggy Instamart,Android,11-07-2024
402156,Umang Dutt,Jaipur,Zepto,IOS,30-04-2024
402157,Bishakha Chaudhry,Ahmedabad,Big Basket,IOS,17-02-2026
402158,Gaurangi Prashad,Delhi,Big Basket,Android,17-12-2023
402159,Avi Setty,Kochi,Big Basket,IOS,31-05-2024
402160,Logan Joshi,Bengaluru,Big Basket,IOS,05-04-2024
402161,Yatan Kapoor,Lucknow,Blinkit,Android,17-12-2024
402162,Ekani Sheth,Kochi,Blinkit,Android,23-12-2024
402163,Vedant Ghosh,Chennai,Blinkit,Android,28-05-2026
402164,Rachana Jaggi,Delhi,Big Basket,Android,15-02-2024
402165,Aarav Om,Lucknow,Blinkit,Android,29-09-2023
402166,Advika Naik,Hyderabad,Blinkit,Android,27-03-2025
402167,Ansh Sinha,Jaipur,Zepto,Android,15-10-2023
402168,Balhaar Choudhary,Bengaluru,Big Basket,Android,30-01-2025
402169,Megha Sastry,Lucknow,Big Basket,Others,30-08-2024
402170,Geetika Merchant,Chennai,Blinkit,IOS,23-08-2024
402171,Akshay Bala,Chandigarh,Swiggy Instamart,IOS,05-11-2024
402172,Arya Jhaveri,Bengaluru,Blinkit,Android,26-03-2024
402173,Vasudha Shenoy,Pune,Swiggy Instamart,IOS,23-10-2023
402174,Kai Suri,Ahmedabad,Swiggy Instamart,Android,14-09-2024
402175,Christopher Yadav,Bengaluru,Swiggy Instamart,IOS,01-09-2025
402176,Harinakshi Singhal,Mumbai,Swiggy Instamart,IOS,03-02-2025
402177,Turvi Biswas,Hyderabad,Swiggy Instamart,IOS,21-07-2024
402178,Zilmil Magar,Hyderabad,Big Basket,Android,08-10-2025
402179,Mohini Dube,Hyderabad,Blinkit,Android,31-05-2026
402180,Upma Chana,Pune,Big Basket,IOS,13-01-2026
402181,Nihal Sur,Kochi,Zepto,IOS,08-08-2026
402182,Laban Madan,Bengaluru,Big Basket,Android,02-10-2023
402183,Xiti Grover,Ahmedabad,Big Basket,Android,15-06-2026
402184,Ryan Lanka,Bengaluru,Blinkit,IOS,29-09-2023
402185,Brinda Naik,Mumbai,Swiggy Instamart,Android,06-10-2025
402186,Tanvi Sarkar,Bengaluru,Big Basket,IOS,23-01-2024
402187,Ishita Samra,Jaipur,Swiggy Instamart,Android,09-09-2023
402188,Fariq Khare,Mumbai,Zepto,IOS,17-06-2025
402189,Osha Chatterjee,Mumbai,Blinkit,IOS,22-09-2025
402190,Advik Sachar,Bengaluru,Zepto,IOS,07-08-2024
402191,Finn Bakshi,Lucknow,Big Basket,Others,02-01-2024
402192,Chakradev Saha,Kochi,Big Basket,IOS,15-06-2025
402193,Harita Choudhry,Bengaluru,Zepto,IOS,03-05-2025
402194,Aryan Gill,Pune,Swiggy Instamart,Others,19-11-2025
402195,Jason Madan,Delhi,Blinkit,Android,15-05-2024
402196,Ekani Dey,Delhi,Swiggy Instamart,Android,13-04-2026
402197,Urmi Pau,Lucknow,Zepto,Android,05-11-2023
402198,Qushi Narayanan,Hyderabad,Swiggy Instamart,Android,04-12-2024
402199,Chandresh Bhasin,Delhi,Zepto,IOS,05-07-2026
402200,Vaishnavi Sheth,Lucknow,Big Basket,Android,13-08-2024
402201,Forum Bhattacharyya,Bengaluru,Swiggy Instamart,IOS,23-09-2025
402202,Oni Trivedi,Ahmedabad,Blinkit,Others,23-04-2025
402203,Ucchal Oza,Chandigarh,Blinkit,Android,09-07-2026
402204,Bhavani Bhasin,Kolkata,Blinkit,Android,16-04-2026
402205,Robert Pillay,Kolkata,Swiggy Instamart,IOS,22-05-2026
402206,Bishakha Bedi,Lucknow,Swiggy Instamart,IOS,24-07-2026
402207,Eiravati Ganesh,Kochi,Blinkit,IOS,08-07-2025
402208,Ayushman Lata,Kochi,Swiggy Instamart,IOS,16-01-2026
402209,Sneha Sur,Bengaluru,Swiggy Instamart,Android,16-08-2024
402210,Wahab Halder,Kochi,Big Basket,Android,19-10-2023
402211,Aarav Mandal,Chandigarh,Big Basket,IOS,06-09-2024
402212,Ati Devi,Mumbai,Big Basket,IOS,28-11-2025
402213,Nimrat Dubey,Lucknow,Blinkit,IOS,23-12-2024
402214,Unnati Tank,Jaipur,Zepto,IOS,11-11-2025
402215,Anvi Pall,Jaipur,Zepto,Others,16-04-2025
402216,Reyansh Sinha,Hyderabad,Big Basket,IOS,09-01-2026
402217,Dhruv Uppal,Kolkata,Big Basket,IOS,01-01-2026
402218,Yahvi Bandi,Pune,Blinkit,Android,13-08-2024
402219,Bakhshi Lad,Lucknow,Swiggy Instamart,Android,07-02-2025
402220,Alka Dora,Delhi,Zepto,IOS,16-02-2025
402221,Xalak Narayanan,Kochi,Zepto,IOS,16-09-2023
402222,Ayush Kadakia,Mumbai,Blinkit,IOS,14-04-2025
402223,Nicholas Vora,Kolkata,Zepto,IOS,24-05-2026
402224,Jatin Hayre,Hyderabad,Swiggy Instamart,IOS,06-09-2023
402225,Advay Mammen,Bengaluru,Swiggy Instamart,IOS,22-07-2025
402226,Vansha Sinha,Jaipur,Blinkit,Android,01-08-2024
402227,Jai Ramachandran,Kochi,Zepto,IOS,10-05-2024
402228,Krishna Krishna,Jaipur,Zepto,Android,04-01-2024
402229,Vihaan Misra,Kolkata,Swiggy Instamart,Android,24-05-2024
402230,Bhanumati Prashad,Hyderabad,Blinkit,IOS,24-04-2024
402231,Onkar Sha,Chennai,Zepto,IOS,20-09-2023
402232,Yoshita Puri,Bengaluru,Blinkit,Android,26-09-2025
402233,Pranit Mukhopadhyay,Hyderabad,Big Basket,Android,18-12-2025
402234,Ladli Tank,Jaipur,Blinkit,Others,11-12-2024
402235,Nicholas Parmer,Delhi,Big Basket,IOS,02-06-2026
402236,Megha Narain,Lucknow,Blinkit,Android,22-10-2024
402237,Vasatika Baria,Delhi,Zepto,Android,11-08-2025
402238,Avni Lal,Hyderabad,Zepto,IOS,22-01-2025
402239,Manbir Bhakta,Hyderabad,Blinkit,IOS,30-09-2025
402240,Eta Sarkar,Pune,Swiggy Instamart,Android,18-09-2023
402241,Isaiah Handa,Pune,Big Basket,Android,05-11-2025
402242,Ridhi Suri,Chandigarh,Big Basket,Android,16-03-2025
402243,Gaurika Kohli,Bengaluru,Blinkit,IOS,12-01-2025
402244,Bakhshi Subramanian,Bengaluru,Big Basket,IOS,22-04-2024
402245,Fiyaz Sur,Bengaluru,Big Basket,IOS,23-11-2025
402246,Gavin Goyal,Chennai,Big Basket,Android,18-11-2024
402247,Shaurya Dua,Mumbai,Blinkit,Android,07-07-2026
402248,Hemal Dani,Ahmedabad,Zepto,IOS,12-02-2025
402249,Ekapad Rajagopalan,Lucknow,Big Basket,Android,28-06-2026
402250,Advaith Borah,Mumbai,Big Basket,IOS,21-08-2025
402251,Raghav Nagarajan,Pune,Zepto,Others,06-12-2023
402252,Qushi Sahni,Chennai,Swiggy Instamart,IOS,06-04-2025
402253,Abdul Mittal,Ahmedabad,Zepto,IOS,22-07-2025
402254,Ladli Sankar,Kochi,Big Basket,Others,29-05-2024
402255,Inaya Korpal,Mumbai,Big Basket,IOS,18-02-2024
402256,Tanveer Suri,Jaipur,Big Basket,Android,20-02-2025
402257,Zaitra Pandit,Ahmedabad,Swiggy Instamart,Android,24-06-2024
402258,Mitali Reddy,New Delhi,Big Basket,Android,18-10-2024
402259,Aahana Mody,Chennai,Zepto,Android,21-07-2025
402260,Eshana Mall,Pune,Big Basket,Android,14-03-2025
402261,Bahadurjit Sundaram,Kolkata,Swiggy Instamart,IOS,29-09-2023
402262,Balendra Sahni,Kolkata,Swiggy Instamart,Android,24-09-2025
402263,Jagat Minhas,Delhi,Blinkit,IOS,29-08-2025
402264,Yahvi Chhabra,Lucknow,Blinkit,Android,26-10-2023
402265,Jason Sharaf,Kochi,Blinkit,Android,05-09-2023
402266,Ekta Kota,Jaipur,Zepto,Android,13-01-2025
402267,Brinda Palla,Pune,Blinkit,IOS,02-08-2026
402268,Faras Jha,Chennai,Swiggy Instamart,Others,28-10-2023
402269,Amara Loyal,Mumbai,Big Basket,IOS,10-02-2024
402270,Odika Kurian,Jaipur,Big Basket,Android,20-08-2024
402271,Arin Bajwa,Kolkata,Zepto,Android,05-01-2026
402272,Yachana Varma,Lucknow,Zepto,Android,05-12-2023
402273,Zehaan Kumar,Jaipur,Zepto,Android,22-02-2024
402274,Pratyush Koshy,Hyderabad,Swiggy Instamart,IOS,06-06-2025
402275,Vedhika Dutta,Lucknow,Zepto,IOS,29-07-2025
402276,Tanmayi Chahal,Ahmedabad,Blinkit,IOS,19-04-2024
402277,Siddharth Chacko,Pune,Zepto,Android,02-11-2023
402278,Priya Kothari,Ahmedabad,Blinkit,Android,31-01-2026
402279,Sanaya Patil,Lucknow,Zepto,Android,09-08-2024
402280,Vrinda Tak,Lucknow,Swiggy Instamart,IOS,22-11-2025
402281,Arya Lal,Delhi,Blinkit,IOS,14-11-2024
402282,Neel Raju,Bengaluru,Swiggy Instamart,Android,29-11-2023
402283,Harish Jhaveri,Chennai,Big Basket,Android,21-05-2026
402284,Kai Mahal,Bengaluru,Blinkit,IOS,01-05-2025
402285,Tanvi Dora,Ahmedabad,Swiggy Instamart,IOS,09-04-2024
402286,Anthony Mangal,Chennai,Zepto,IOS,03-12-2024
402287,Madhavi Choudhary,Bengaluru,Zepto,Others,21-09-2024
402288,Tanish Sibal,Mumbai,Blinkit,Android,16-06-2026
402289,Girik Chakrabarti,Delhi,Big Basket,IOS,03-05-2024
402290,Oliver Raghavan,Kolkata,Big Basket,Android,04-03-2024
402291,Bina Dave,Bengaluru,Big Basket,IOS,02-03-2026
402292,Mason Memon,Pune,Big Basket,IOS,12-01-2025
402293,Wriddhish Sem,Kolkata,Blinkit,Android,16-07-2026
402294,Henry Mand,Kochi,Zepto,Others,09-10-2024
402295,Vanya Raju,Bengaluru,Zepto,Android,09-08-2024
402296,Gayathri Walia,Pune,Big Basket,IOS,13-06-2026
402297,Yash Merchant,Mumbai,Blinkit,IOS,23-06-2024
402298,Qasim Tailor,Bengaluru,Blinkit,Android,26-06-2024
402299,Rushil Chanda,Pune,Big Basket,IOS,15-11-2025
402300,Zilmil Munshi,Mumbai,Zepto,Others,21-05-2024
402301,Rudra Thaman,Ahmedabad,Zepto,IOS,18-12-2025
402302,Sarthak Rajan,Ahmedabad,Zepto,IOS,25-03-2025
402303,Harsh Apte,Mumbai,Big Basket,IOS,14-11-2025
402304,Gaurav Mody,Bengaluru,Zepto,IOS,07-05-2024
402305,Daniel Purohit,Kochi,Big Basket,Android,28-07-2024
402306,Lopa Kulkarni,Kolkata,Zepto,IOS,29-11-2025
402307,Balhaar Jha,Lucknow,Swiggy Instamart,Android,02-07-2025
402308,Aarnav Singh,Ahmedabad,Big Basket,Android,06-03-2025
402309,Nakul Sankar,Kolkata,Swiggy Instamart,Android,18-12-2024
402310,Aarav Grover,Bengaluru,Blinkit,IOS,20-02-2026
402311,Darpan Bhasin,Jaipur,Big Basket,IOS,30-05-2026
402312,Vansha Uppal,Ahmedabad,Swiggy Instamart,Android,08-04-2025
402313,Gautam Sachdev,Kolkata,Swiggy Instamart,IOS,06-11-2023
402314,Ekantika Magar,Jaipur,Blinkit,Android,26-09-2024
402315,Oviya Patel,Bengaluru,Zepto,Others,10-05-2025
402316,Vincent Shan,New Delhi,Zepto,IOS,14-01-2026
402317,Kabir Sem,Delhi,Blinkit,IOS,03-09-2024
402318,Naveen Chhabra,Jaipur,Blinkit,IOS,09-06-2026
402319,Andrew Raju,Kolkata,Swiggy Instamart,Android,08-03-2025
402320,Ucchal Khosla,Mumbai,Blinkit,IOS,06-06-2026
402321,Omkaar Chaudry,Bengaluru,Blinkit,IOS,07-08-2025
402322,Charvi Pathak,Kochi,Blinkit,Android,27-06-2025
402323,Falan De,Jaipur,Swiggy Instamart,Others,25-03-2026
402324,Eshana Yogi,Lucknow,Swiggy Instamart,IOS,03-11-2024
402325,Tanmayi Lal,Ncr,Blinkit,Android,22-11-2023
402326,Meghana Sarkar,Kolkata,Zepto,IOS,24-03-2025
402327,Balvan Chawla,Kochi,Big Basket,Others,11-04-2024
402328,Wridesh Basak,Lucknow,Swiggy Instamart,IOS,11-08-2024
402329,Brinda Krishnan,Hyderabad,Zepto,Android,26-08-2023
402330,Vyanjana Khurana,Delhi,Zepto,Android,09-12-2024
402331,Januja Ahuja,Mumbai,Blinkit,IOS,22-05-2025
402332,Pranav Narula,Kochi,Big Basket,Android,24-06-2025
402333,Mitesh Salvi,Pune,Big Basket,Android,06-08-2025
402334,Aarini Sankar,New Delhi,Big Basket,IOS,21-05-2026
402335,Azaan Solanki,Bengaluru,Blinkit,IOS,28-08-2024
402336,Ethan Hans,Chandigarh,Swiggy Instamart,IOS,23-06-2025
402337,Nachiket Mallick,Mumbai,Swiggy Instamart,IOS,17-06-2026
402338,Tripti Kala,Jaipur,Swiggy Instamart,Others,19-02-2026
402339,Janani Boase,Bengaluru,Swiggy Instamart,Others,14-06-2026
402340,Yug Pingle,Kolkata,Big Basket,Others,07-04-2025
402341,Saanvi Kade,Bengaluru,Blinkit,IOS,13-01-2024
402342,Gaurav Varughese,Kochi,Zepto,IOS,24-02-2026
402343,Hitesh Sibal,Delhi,Swiggy Instamart,IOS,28-11-2025
402344,Chandani Bedi,Kolkata,Zepto,Android,19-11-2025
402345,Abeer Menon,Jaipur,Swiggy Instamart,IOS,11-03-2025
402346,Timothy Zachariah,Chennai,Blinkit,Android,27-12-2025
402347,Bhavna Nazareth,Lucknow,Zepto,Android,05-01-2026
402348,Nandini Bhat,Chennai,Big Basket,Android,29-05-2025
402349,Harini Gola,Ahmedabad,Zepto,Others,02-09-2023
402350,Fariq Chaudhary,Kochi,Blinkit,IOS,03-01-2024
402351,Deepa Bhasin,Mumbai,Swiggy Instamart,Android,22-05-2024
402352,Yagnesh Varty,Pune,Swiggy Instamart,Android,17-01-2025
402353,Hemani Dhawan,Chennai,Zepto,Android,07-05-2024
402354,Jyoti Venkataraman,Kochi,Big Basket,Others,07-09-2024
402355,Max Sunder,Chennai,Big Basket,Android,24-08-2023
402356,Shivani Wadhwa,Kolkata,Big Basket,IOS,20-11-2024
402357,Warhi Pant,Kolkata,Blinkit,Android,25-10-2023
402358,Libni Sama,Chandigarh,Zepto,IOS,13-10-2024
402359,Faqid Khare,Kochi,Swiggy Instamart,IOS,18-12-2025
402360,Dakshesh Prabhakar,Hyderabad,Zepto,Android,07-08-2025
402361,Ekiya Brar,Lucknow,Swiggy Instamart,Others,29-05-2025
402362,Omaja De,Hyderabad,Zepto,IOS,08-03-2026
402363,Turvi Majumdar,Kochi,Swiggy Instamart,IOS,14-12-2025
402364,Teerth Chadha,Pune,Zepto,IOS,01-11-2025
402365,Tejas Basu,Lucknow,Swiggy Instamart,IOS,02-08-2025
402366,Ishaan Gara,Bengaluru,Blinkit,IOS,21-01-2025
402367,Lucky Gole,Chennai,Blinkit,Android,22-05-2026
402368,Yashasvi Sanghvi,Ahmedabad,Big Basket,IOS,23-01-2024
402369,Megha Gala,Kolkata,Zepto,IOS,28-10-2025
402370,Ayushman Narayanan,Kolkata,Blinkit,Android,05-12-2025
402371,Aarini Gera,Kolkata,Zepto,Android,13-11-2025
402372,Arin Shankar,Chennai,Big Basket,Android,07-05-2025
402373,Garima Mital,Kochi,Blinkit,IOS,30-06-2024
402374,Faras Dara,Pune,Zepto,Android,09-02-2026
402375,Tamanna Oza,Bengaluru,Zepto,Android,07-07-2025
402376,Pallavi Chaudry,Kolkata,Swiggy Instamart,Android,01-10-2024
402377,Dayamai Kota,Bengaluru,Blinkit,IOS,21-03-2026
402378,Yauvani Soman,Pune,Swiggy Instamart,Android,26-05-2024
402379,Avi Kunda,Chennai,Blinkit,IOS,30-12-2024
402380,Osha Reddy,Bengaluru,Zepto,Android,21-09-2023
402381,Mason Baral,Hyderabad,Big Basket,Android,27-10-2025
402382,Adweta Rajagopalan,Delhi,Big Basket,IOS,05-02-2025
402383,Aarna Kulkarni,Kolkata,Zepto,IOS,16-09-2023
402384,Yahvi Rajan,Bengaluru,Swiggy Instamart,Android,21-05-2024
402385,Faqid Edwin,Chennai,Swiggy Instamart,IOS,30-04-2025
402386,Ayaan Ramesh,Jaipur,Swiggy Instamart,Others,26-11-2023
402387,Ethan Khalsa,Kochi,Big Basket,Android,20-05-2025
402388,Ati Bedi,Pune,Big Basket,IOS,17-05-2026
402389,Lipika Vohra,Mumbai,Swiggy Instamart,IOS,17-04-2025
402390,Harinakshi Butala,Hyderabad,Zepto,IOS,22-04-2025
402391,Sudiksha Gill,Hyderabad,Swiggy Instamart,Android,17-02-2026
402392,Arunima Iyer,Delhi,Blinkit,Android,27-04-2025
402393,Frederick Keer,Mumbai,Zepto,IOS,01-08-2025
402394,Rajata Wable,Hyderabad,Zepto,Android,26-09-2024
402395,Quincy Krishnamurthy,Bengaluru,Swiggy Instamart,Android,08-05-2026
402396,Nakul Bawa,Ahmedabad,Swiggy Instamart,IOS,02-02-2025
402397,Sanya Baria,Chennai,Blinkit,IOS,30-10-2023
402398,Chameli Pau,Pune,Blinkit,IOS,23-03-2025
402399,Om Sandal,Mumbai,Swiggy Instamart,IOS,02-09-2025
402400,Gaurika Sur,Chandigarh,Blinkit,IOS,06-04-2024
402401,Aryan Divan,Kochi,Zepto,IOS,08-09-2025
402402,Odika Parikh,Ncr,Big Basket,Others,09-08-2025
402403,Janani Mangat,Pune,Blinkit,IOS,04-08-2026
402404,Yauvani Kalla,Jaipur,Blinkit,IOS,31-03-2026
402405,Yug Nigam,Jaipur,Big Basket,IOS,28-03-2026
402406,Nilima Badal,Hyderabad,Big Basket,Android,07-10-2024
402407,Ayushman Chowdhury,Mumbai,Blinkit,IOS,15-08-2024
402408,Hemang Date,Mumbai,Blinkit,IOS,16-06-2026
402409,Ekbal Kade,Bengaluru,Blinkit,Android,20-12-2024
402410,Kiaan Nagar,Chandigarh,Blinkit,Android,04-11-2023
402411,Matthew Manne,Bengaluru,Blinkit,Android,01-09-2025
402412,Kabir Wali,Mumbai,Zepto,IOS,17-12-2024
402413,Warhi Karan,Mumbai,Swiggy Instamart,IOS,27-01-2026
402414,Om Ghosh,Hyderabad,Swiggy Instamart,IOS,05-12-2025
402415,Maya Korpal,Jaipur,Blinkit,IOS,21-01-2025
402416,David Yadav,Jaipur,Blinkit,Android,12-03-2025
402417,Nirja Madan,Pune,Blinkit,Android,06-04-2024
402418,Tara Pal,Jaipur,Swiggy Instamart,Others,07-06-2024
402419,Banjeet Devi,Hyderabad,Zepto,Android,04-06-2025
402420,Wriddhish Khatri,Delhi,Zepto,Android,20-03-2026
402421,Omkaar Narain,Ahmedabad,Blinkit,IOS,21-12-2025
402422,Lakshit Saini,Delhi,Swiggy Instamart,IOS,07-10-2024
402423,Karan Munshi,Jaipur,Swiggy Instamart,IOS,30-11-2025
402424,Yauvani Krish,Ahmedabad,Zepto,Android,20-11-2024
402425,Onveer Reddy,Lucknow,Big Basket,Android,11-05-2024
402426,Kevin Varty,Pune,Blinkit,Android,06-02-2026
402427,Amaira Kata,Chennai,Zepto,Android,10-12-2025
402428,Samarth Bains,Mumbai,Zepto,IOS,18-06-2026
402429,Hritik Desai,Pune,Blinkit,IOS,12-09-2023
402430,Indali Bakshi,Lucknow,Blinkit,IOS,03-09-2024
402431,Lucky Johal,Jaipur,Blinkit,IOS,21-02-2026
402432,Vinaya Nadkarni,Kochi,Big Basket,IOS,17-01-2024
402433,Faqid Ghosh,Mumbai,Big Basket,Android,14-09-2025
402434,Jonathan Bobal,Chandigarh,Zepto,IOS,01-12-2024
402435,Zilmil Buch,Pune,Blinkit,Android,15-01-2025
402436,Wahab Kata,Chandigarh,Big Basket,IOS,17-12-2023
402437,Faras Suresh,Kolkata,Big Basket,Android,09-10-2024
402438,Yagnesh Vala,Mumbai,Big Basket,Android,08-01-2025
402439,Wriddhish Bhattacharyya,Chennai,Blinkit,IOS,04-07-2025
402440,Yashvi Ahluwalia,Pune,Zepto,IOS,29-09-2023
402441,Zilmil Viswanathan,Delhi,Blinkit,Android,18-12-2025
402442,Victor Basak,Delhi,Blinkit,Android,24-04-2025
402443,Aishani Balakrishnan,Chennai,Swiggy Instamart,IOS,21-10-2023
402444,Garima Deep,Kolkata,Zepto,IOS,26-11-2024
402445,Shaurya Bhatnagar,Delhi,Zepto,IOS,02-03-2024
402446,Nathan Sankaran,Lucknow,Swiggy Instamart,Android,26-09-2023
402447,Timothy Dubey,Bengaluru,Swiggy Instamart,IOS,16-10-2025
402448,Omisha Kota,Pune,Blinkit,Android,31-07-2026
402449,Anusha Merchant,Chandigarh,Swiggy Instamart,IOS,05-12-2025
402450,Upma Chandran,Ahmedabad,Big Basket,Android,22-04-2026
402451,Rudra Ramesh,Lucknow,Zepto,Android,29-01-2024
402452,Noah Sane,Delhi,Swiggy Instamart,IOS,31-07-2024
402453,Siya Dhar,Bengaluru,Blinkit,Others,10-07-2024
402454,Samuel Samra,Chennai,Blinkit,IOS,27-03-2024
402455,Wridesh Samra,Chennai,Big Basket,Android,13-05-2025
402456,Tanmayi Chatterjee,Chennai,Zepto,Android,23-08-2024
402457,Owen Tak,Pune,Swiggy Instamart,Android,07-05-2024
402458,Sara Goel,Bengaluru,Swiggy Instamart,Android,25-02-2026
402459,Om Pandya,Chandigarh,Swiggy Instamart,Android,27-11-2024
402460,Hitesh Gade,Kolkata,Blinkit,Android,13-02-2026
402461,Krishna Vala,Lucknow,Zepto,Android,20-06-2026
402462,Hredhaan Bava,Delhi,Zepto,IOS,18-02-2025
402463,Maanas Dutta,Mumbai,Big Basket,IOS,11-04-2025
402464,Rishi Sidhu,Delhi,Swiggy Instamart,IOS,20-08-2024
402465,Shaurya Nagy,Chandigarh,Swiggy Instamart,IOS,13-09-2023
402466,Faras Chana,Chandigarh,Zepto,Others,06-12-2025
402467,Teerth Mahajan,Ncr,Swiggy Instamart,IOS,04-01-2024
402468,Vyanjana Nayar,Jaipur,Zepto,Android,12-11-2023
402469,Daksha Kamdar,Bengaluru,Swiggy Instamart,Others,10-09-2023
402470,Laban Peri,Pune,Blinkit,Others,23-08-2024
402471,Dhruv Parikh,Jaipur,Swiggy Instamart,IOS,07-05-2024
402472,Parth Varma,Hyderabad,Swiggy Instamart,IOS,05-02-2024
402473,Chakradev More,Hyderabad,Blinkit,IOS,16-11-2025
402474,Yashoda Seth,Lucknow,Big Basket,IOS,22-07-2026
402475,Nachiket Zacharia,Ahmedabad,Zepto,Android,24-02-2025
402476,Nidhi Ghosh,Delhi,Swiggy Instamart,Android,03-12-2023
402477,Logan Kata,Mumbai,Swiggy Instamart,Android,02-03-2025
402478,Vaishnavi Seshadri,Ncr,Big Basket,Android,26-02-2026
402479,Mekhala Chahal,Bengaluru,Swiggy Instamart,IOS,10-11-2024
402480,Harrison Karan,Chandigarh,Swiggy Instamart,IOS,25-12-2023
402481,Arunima Ganguly,Chandigarh,Zepto,IOS,27-02-2024
402482,Anjali Bahri,Kochi,Swiggy Instamart,Android,20-09-2025
402483,Vaishnavi Pai,Ahmedabad,Zepto,IOS,06-02-2024
402484,Oni Chand,Chandigarh,Zepto,Android,26-02-2024
402485,Faras Sharma,Bengaluru,Swiggy Instamart,IOS,02-12-2024
402486,Eta Mammen,Pune,Zepto,IOS,14-12-2025
402487,Kalpit Balakrishnan,Hyderabad,Zepto,Others,23-04-2024
402488,Harish Ray,Mumbai,Zepto,IOS,11-11-2025
402489,Yashoda Singh,Kochi,Blinkit,Android,12-12-2024
402490,Vedhika Khurana,Lucknow,Zepto,Android,10-09-2024
402491,Nakul Varughese,Bengaluru,Zepto,Android,24-05-2025
402492,Gautami Vig,Jaipur,Zepto,Android,22-06-2025
402493,Bishakha Yogi,Delhi,Big Basket,Android,01-07-2024
402494,Shivani Mani,Delhi,Big Basket,Android,15-02-2026
402495,Victor Patil,Delhi,Zepto,IOS,27-03-2026
402496,Upma Ratti,Chennai,Zepto,Android,29-11-2023
402497,Vamakshi Sane,Chennai,Blinkit,IOS,06-02-2024
402498,Wridesh Keer,Lucknow,Swiggy Instamart,IOS,22-08-2024
402499,Kiaan Shah,Bengaluru,Blinkit,IOS,16-04-2026
402500,Nitesh Lala,Chennai,Zepto,IOS,01-12-2023
402501,Vinaya Chada,Kochi,Swiggy Instamart,Android,03-10-2025
402502,Vamakshi Nagarajan,Bengaluru,Zepto,Android,06-07-2026
402503,Shaurya Jayaraman,Jaipur,Big Basket,IOS,14-09-2023
402504,Gaurav Tailor,Pune,Zepto,IOS,21-01-2026
402505,Veda Sastry,Hyderabad,Swiggy Instamart,IOS,12-08-2026
402506,Aishani Bhatti,Jaipur,Swiggy Instamart,Android,31-01-2026
402507,Bahadurjit Banerjee,Lucknow,Zepto,Android,31-05-2024
402508,Megha Bedi,Chennai,Zepto,Others,13-10-2024
402509,Darsh Mannan,Chennai,Zepto,IOS,01-12-2023
402510,William Kala,Lucknow,Big Basket,IOS,16-08-2026
402511,Reva Bal,Pune,Swiggy Instamart,IOS,12-08-2024
402512,Naveen Verma,Mumbai,Blinkit,Android,20-01-2026
402513,Girindra Ratta,Kochi,Swiggy Instamart,IOS,15-08-2025
402514,Ryan Pant,Ahmedabad,Zepto,Android,26-08-2024
402515,Yochana Parikh,Kochi,Big Basket,Android,23-05-2024
402516,Anirudh Jayaraman,Chennai,Big Basket,Others,29-05-2026
402517,Mekhala Korpal,Jaipur,Blinkit,IOS,13-06-2025
402518,Rehaan Chokshi,Ahmedabad,Swiggy Instamart,Android,02-11-2024
402519,Oscar Sule,Ahmedabad,Swiggy Instamart,Android,04-05-2025
402520,Anmol Ram,Bengaluru,Zepto,IOS,05-10-2023
402521,Bakhshi Wali,Kochi,Swiggy Instamart,Android,07-07-2024
402522,Bhavya Basu,Lucknow,Zepto,Android,09-08-2024
402523,Jeremiah Sood,Lucknow,Swiggy Instamart,Android,01-12-2025
402524,Pallavi Patel,Chennai,Swiggy Instamart,IOS,07-10-2023
402525,Neha Kala,Chennai,Blinkit,Android,13-12-2023
402526,Zilmil Kunda,Hyderabad,Blinkit,IOS,29-04-2024
402527,Akshay Pant,Mumbai,Big Basket,Android,27-12-2024
402528,Wakeeta Saran,Bengaluru,Blinkit,IOS,24-07-2026
402529,Bakhshi Pathak,Ahmedabad,Big Basket,Android,30-07-2025
402530,Rishi Parsa,Lucknow,Zepto,Others,23-02-2024
402531,Gaurav Chawla,Chennai,Big Basket,Android,25-03-2024
402532,Aryan Dalal,Jaipur,Zepto,Android,06-06-2024
402533,Zansi Loyal,Mumbai,Big Basket,IOS,30-12-2024
402534,Edhitha Sha,Hyderabad,Swiggy Instamart,IOS,08-05-2024
402535,Tripti Dhillon,Mumbai,Big Basket,Android,16-01-2025
402536,Faqid Bala,Ahmedabad,Swiggy Instamart,IOS,08-02-2026
402537,Dipta Shukla,Pune,Big Basket,Android,16-12-2025
402538,Ryan Goswami,Lucknow,Swiggy Instamart,IOS,18-09-2025
402539,Omaja Bhatia,Jaipur,Big Basket,IOS,21-09-2023
402540,Shravya Sundaram,Mumbai,Swiggy Instamart,Android,13-06-2024
402541,Jhalak Rana,Jaipur,Swiggy Instamart,Android,14-03-2024
402542,Hemal Mishra,Chandigarh,Swiggy Instamart,Others,08-02-2024
402543,Bachittar Ramesh,Hyderabad,Swiggy Instamart,IOS,15-11-2025
402544,Advay Seth,Ahmedabad,Big Basket,Android,22-09-2023
402545,Anay Badami,Pune,Zepto,IOS,16-12-2025
402546,Dayamai Dugal,Chennai,Swiggy Instamart,IOS,19-09-2023
402547,Nilima Roy,Pune,Zepto,Android,15-04-2026
402548,Tanveer Ramaswamy,Kolkata,Blinkit,IOS,12-03-2025
402549,Rudra Sur,Ahmedabad,Big Basket,IOS,18-07-2025
402550,Damyanti Murthy,Chandigarh,Zepto,IOS,02-11-2025
402551,Triya Saran,Lucknow,Swiggy Instamart,IOS,24-06-2025
402552,Shaurya Golla,Chennai,Swiggy Instamart,Android,22-01-2026
402553,Nicholas Bobal,Jaipur,Zepto,IOS,02-01-2024
402554,Indira Chahal,Hyderabad,Swiggy Instamart,Android,06-12-2023
402555,Turvi Dani,Chandigarh,Zepto,Android,11-07-2025
402556,Ethan Thaker,Ahmedabad,Swiggy Instamart,Android,01-03-2025
402557,Meera Wagle,Pune,Blinkit,Android,14-03-2024
402558,Ganga Bakshi,Ahmedabad,Swiggy Instamart,IOS,20-10-2024
402559,Ira Kala,Mumbai,Blinkit,Android,30-05-2024
402560,Pushti Ghose,Bengaluru,Blinkit,IOS,12-08-2026
402561,Michael Raman,Jaipur,Swiggy Instamart,IOS,13-07-2026
402562,Gopal Walla,Chandigarh,Zepto,Android,22-03-2026
402563,Thomas Dada,Chandigarh,Blinkit,IOS,30-01-2025
402564,Forum Patel,Delhi,Zepto,Android,01-10-2024
402565,Lavanya Kalla,Hyderabad,Swiggy Instamart,IOS,15-12-2023
402566,Abha Sura,Kolkata,Blinkit,Android,03-02-2024
402567,Odika Majumdar,Hyderabad,Big Basket,Others,05-06-2025
402568,George Dar,Hyderabad,Blinkit,Android,23-07-2026
402569,Qarin Sibal,Jaipur,Zepto,IOS,08-02-2025
402570,Tanay Toor,Hyderabad,Big Basket,Android,07-12-2025
402571,Xiti Ghose,Bengaluru,Swiggy Instamart,Android,11-09-2024
402572,Aishani Sood,Kochi,Big Basket,Android,07-09-2024
402573,Darpan Modi,Pune,Swiggy Instamart,IOS,24-06-2026
402574,Liam Mitra,Lucknow,Big Basket,IOS,24-02-2024
402575,Hritik Chad,Chennai,Zepto,Android,30-12-2024
402576,Mitesh Halder,Kochi,Swiggy Instamart,Android,21-03-2024
402577,Chakrika Kadakia,Kochi,Big Basket,Android,06-01-2026
402578,Aayush Mahajan,Jaipur,Swiggy Instamart,Android,27-04-2025
402579,Vedika Chauhan,Chennai,Swiggy Instamart,IOS,09-01-2026
402580,Hemal Date,Jaipur,Blinkit,Others,13-11-2023
402581,Avni Walia,Kochi,Blinkit,IOS,23-05-2024
402582,Vedhika Zacharia,Hyderabad,Blinkit,Android,05-03-2024
402583,Varsha Sanghvi,Kolkata,Swiggy Instamart,Android,08-02-2026
402584,Balendra Sarkar,Chandigarh,Big Basket,IOS,12-12-2025
402585,Bhavna Munshi,Bengaluru,Big Basket,Android,16-10-2023
402586,Vasudha Venkataraman,Lucknow,Zepto,Android,04-08-2026
402587,Divya Kale,Lucknow,Zepto,Android,26-12-2024
402588,Brinda Lad,Chandigarh,Zepto,Android,25-02-2026
402589,Max Sharma,Chennai,Swiggy Instamart,Android,08-07-2025
402590,Niharika Pandey,Chennai,Zepto,IOS,14-03-2025
402591,Charles Choudhry,Jaipur,Blinkit,Android,23-08-2023
402592,Eiravati Bir,Pune,Big Basket,Others,02-12-2023
402593,Jagrati Merchant,Mumbai,Big Basket,Android,22-05-2024
402594,Kashvi Hans,Lucknow,Zepto,Android,25-10-2024
402595,Darsh Jaggi,Bengaluru,Blinkit,Android,08-02-2024
402596,Wakeeta Hari,Bengaluru,Swiggy Instamart,IOS,02-12-2025
402597,Nikita Chopra,Bengaluru,Blinkit,Others,14-12-2023
402598,Zashil Krishnamurthy,Hyderabad,Swiggy Instamart,Others,25-09-2023
402599,Oscar Din,Delhi,Big Basket,Others,28-05-2026
402600,Meghana Rout,Delhi,Big Basket,Android,10-07-2026
402601,Kabir Dara,Lucknow,Big Basket,Android,31-12-2025
402602,Shaurya Dutt,Hyderabad,Swiggy Instamart,IOS,10-05-2025
402603,Odika Memon,Chennai,Blinkit,Android,12-02-2025
402604,Nitara Goyal,Kochi,Swiggy Instamart,Android,14-04-2024
402605,Liam Subramanian,Chandigarh,Zepto,Android,07-02-2024
402606,Gavin Dani,Lucknow,Zepto,IOS,13-10-2025
402607,Divya Kashyap,Chennai,Zepto,IOS,21-08-2024
402608,Anya Bahri,Delhi,Zepto,IOS,11-11-2023
402609,Bhavya Prasad,Delhi,Blinkit,IOS,01-08-2024
402610,Sathvik Sahota,Pune,Blinkit,Android,25-02-2024
402611,Dayamai Chakraborty,Jaipur,Zepto,Android,22-10-2025
402612,Ishani Chada,Mumbai,Blinkit,Android,02-04-2026
402613,Jatin Sule,Kochi,Zepto,IOS,25-09-2023
402614,Riya Dada,Kochi,Blinkit,Android,17-10-2023
402615,Yash Raj,Ahmedabad,Swiggy Instamart,Android,09-03-2024
402616,Azad Ben,Bengaluru,Big Basket,Android,28-11-2023
402617,Kala Mody,Kochi,Zepto,Android,21-11-2023
402618,Daniel Oza,Lucknow,Swiggy Instamart,Android,26-05-2025
402619,Zilmil Krishna,Kolkata,Blinkit,Android,21-07-2024
402620,Anika Bawa,Chandigarh,Big Basket,Android,09-02-2024
402621,Gagan Guha,Bengaluru,Swiggy Instamart,Android,10-11-2024
402622,Vansha Mutti,Lucknow,Zepto,IOS,16-06-2026
402623,Yashvi Seth,Jaipur,Swiggy Instamart,Android,17-05-2026
402624,Leena Mukherjee,Chandigarh,Big Basket,Android,08-09-2023
402625,Naveen Mani,Hyderabad,Swiggy Instamart,IOS,30-01-2024
402626,Ubika Munshi,Pune,Swiggy Instamart,Others,03-05-2026
402627,Krishna Sundaram,Chennai,Zepto,Others,01-05-2026
402628,Chaaya Mitra,Hyderabad,Big Basket,IOS,02-10-2023
402629,Ati Vala,Delhi,Zepto,IOS,10-02-2026
402630,Lakshit Baral,Bengaluru,Blinkit,IOS,26-05-2025
402631,Vansha Goyal,Lucknow,Swiggy Instamart,Android,12-01-2024
402632,Chandani Yogi,Jaipur,Big Basket,Android,26-06-2026
402633,Brinda Goel,Kochi,Blinkit,Others,12-07-2026
402634,Advaith Singhal,Hyderabad,Swiggy Instamart,IOS,23-07-2026
402635,Aashi Mammen,Bengaluru,Blinkit,IOS,18-02-2026
402636,Ira Nair,Ahmedabad,Swiggy Instamart,IOS,13-12-2024
402637,Gunbir Vala,Mumbai,Big Basket,Android,11-04-2026
402638,Januja Gulati,Hyderabad,Big Basket,IOS,05-01-2025
402639,Pahal Vyas,Kolkata,Swiggy Instamart,Android,29-10-2023
402640,Kabir Soman,Chandigarh,Swiggy Instamart,IOS,24-04-2026
402641,Nikita Dewan,Lucknow,Swiggy Instamart,Android,20-11-2025
402642,Chaaya Palla,Ahmedabad,Swiggy Instamart,IOS,05-02-2025
402643,Gauri Mody,Kolkata,Zepto,Others,08-08-2026
402644,Michael Krishnamurthy,Mumbai,Blinkit,Others,14-11-2023
402645,Nidra Dayal,Mumbai,Zepto,IOS,10-02-2025
402646,Advik Rama,Kolkata,Big Basket,Android,25-05-2025
402647,Manya Nadkarni,Kolkata,Big Basket,Android,17-10-2023
402648,Jeevika Goyal,Chennai,Blinkit,IOS,16-06-2025
402649,Jeet Hora,Mumbai,Big Basket,Others,27-01-2025
402650,Ekbal Mane,Bengaluru,Zepto,Android,12-11-2025
402651,Kashish Chacko,Hyderabad,Big Basket,Others,15-06-2025
402652,Lipika Mittal,Hyderabad,Blinkit,Android,22-12-2024
402653,Dayita Ravi,Delhi,Blinkit,Android,07-11-2025
402654,Imaran Pau,New Delhi,Swiggy Instamart,Android,07-05-2024
402655,Jeremiah Bali,Chennai,Swiggy Instamart,Android,23-04-2025
402656,Zayan Shankar,Bengaluru,Swiggy Instamart,Android,29-05-2026
402657,Vaishnavi Oza,Lucknow,Zepto,IOS,20-06-2025
402658,Bina Buch,Pune,Blinkit,Android,25-03-2026
402659,Keya Anne,Chandigarh,Blinkit,Android,22-02-2024
402660,Ganga De,Mumbai,Zepto,IOS,17-07-2026
402661,Gaurav Kashyap,Delhi,Swiggy Instamart,Android,23-05-2025
402662,Qushi Sankar,Hyderabad,Blinkit,IOS,19-06-2024
402663,Abeer Korpal,Jaipur,Big Basket,IOS,23-06-2024
402664,Wyatt Hayre,Chandigarh,Zepto,IOS,16-09-2023
402665,Indira Lall,Kolkata,Swiggy Instamart,Android,20-02-2026
402666,Lekha Prabhakar,Chennai,Swiggy Instamart,Android,02-01-2025
402667,Chanchal Dua,Hyderabad,Swiggy Instamart,Android,03-05-2025
402668,Jairaj Oommen,Kochi,Blinkit,IOS,24-06-2026
402669,Radha Bail,Chennai,Zepto,IOS,02-12-2024
402670,Sarthak Swamy,Chennai,Swiggy Instamart,IOS,05-09-2023
402671,Timothy Varghese,Mumbai,Blinkit,Android,16-09-2025
402672,Dev Bir,Bengaluru,Zepto,IOS,19-06-2025
402673,Harinakshi Mammen,Chennai,Zepto,IOS,02-06-2026
402674,Amruta Handa,Delhi,Zepto,IOS,01-12-2023
402675,Hamsini Buch,Mumbai,Swiggy Instamart,IOS,21-02-2024
402676,Vasana Jha,Hyderabad,Zepto,IOS,08-12-2023
402677,Odika Goyal,Ahmedabad,Swiggy Instamart,Android,23-10-2024
402678,Harshil Dube,Pune,Swiggy Instamart,Android,15-06-2026
402679,Reyansh More,Hyderabad,Zepto,Android,26-10-2023
402680,Nicholas Lata,Pune,Swiggy Instamart,IOS,21-06-2026
402681,Advik Ramanathan,Bengaluru,Big Basket,IOS,14-11-2024
402682,Advika Warrior,Hyderabad,Swiggy Instamart,Android,25-06-2025
402683,Aadi Bhat,Jaipur,Swiggy Instamart,IOS,11-04-2024
402684,Mohammed Dave,Chandigarh,Swiggy Instamart,Android,22-12-2025
402685,Ranveer Lata,Hyderabad,Swiggy Instamart,IOS,26-10-2024
402686,Bina Iyer,Chandigarh,Zepto,Android,14-03-2025
402687,Bhavani Sarin,Mumbai,Big Basket,IOS,04-06-2025
402688,Faras Chana,Kochi,Swiggy Instamart,Android,30-07-2025
402689,Rayaan Morar,Bengaluru,Big Basket,Android,27-04-2024
402690,Nathaniel Borah,Delhi,Big Basket,IOS,06-05-2025
402691,Dalaja Sheth,Pune,Zepto,IOS,01-12-2025
402692,Zarna Virk,Kolkata,Big Basket,IOS,18-06-2025
402693,Vinaya Sethi,Chennai,Swiggy Instamart,IOS,14-08-2026
402694,Christopher Shanker,Ahmedabad,Blinkit,IOS,30-01-2026
402695,Madhavi Bal,Bengaluru,Blinkit,Android,01-11-2024
402696,Manan Vohra,Hyderabad,Big Basket,IOS,21-05-2026
402697,Shaurya Bose,Delhi,Swiggy Instamart,Android,12-02-2026
402698,Krishna Parmar,Kochi,Swiggy Instamart,Android,26-11-2024
402699,Siya Nanda,Kochi,Swiggy Instamart,Others,19-06-2025
402700,Ekapad Chauhan,Delhi,Big Basket,IOS,11-12-2024
402701,Ira Kumar,Ahmedabad,Big Basket,IOS,09-11-2024
402702,Anirudh Devan,Hyderabad,Zepto,Others,20-10-2023
402703,Hemangini Warrior,Lucknow,Big Basket,IOS,07-07-2024
402704,Ojasvi Lal,Chennai,Big Basket,Android,12-10-2023
402705,Kala Sankaran,Kochi,Swiggy Instamart,IOS,08-05-2024
402706,Ekbal Khosla,Chandigarh,Zepto,IOS,10-06-2025
402707,Azad Thakkar,Delhi,Big Basket,IOS,02-06-2024
402708,Priya Gupta,Hyderabad,Blinkit,IOS,20-07-2026
402709,Nirja Chana,Ahmedabad,Zepto,IOS,06-04-2026
402710,Saksham Arora,Kochi,Big Basket,Android,08-12-2024
402711,Triveni Verma,Lucknow,Blinkit,IOS,02-02-2026
402712,Nathan Dugar,Jaipur,Big Basket,Android,21-05-2025
402713,Deepa Kar,Kochi,Zepto,IOS,24-01-2024
402714,Krishna Chanda,Hyderabad,Zepto,Android,21-10-2025
402715,Kiaan Parikh,Lucknow,Big Basket,IOS,08-03-2024
402716,Matthew Chopra,Chandigarh,Blinkit,Android,25-11-2025
402717,Dalbir Kulkarni,Bengaluru,Zepto,Android,05-12-2025
402718,Bhavini Mistry,Bengaluru,Zepto,IOS,23-06-2025
402719,Azad Wali,Kochi,Big Basket,Android,23-03-2025
402720,Vrishti Gade,Chandigarh,Swiggy Instamart,Android,22-12-2025
402721,Prisha Gulati,Kochi,Big Basket,IOS,09-07-2026
402722,Jack Hayer,Chandigarh,Blinkit,Others,26-05-2024
402723,Netra Rattan,Mumbai,Zepto,Android,25-10-2025
402724,Fariq Manda,Jaipur,Swiggy Instamart,IOS,09-05-2026
402725,Madhav Sarin,Chandigarh,Swiggy Instamart,IOS,13-11-2023
402726,Dev Gour,Delhi,Zepto,IOS,22-10-2025
402727,Ekansh Sha,Chandigarh,Swiggy Instamart,IOS,15-03-2026
402728,Riya Narasimhan,Chennai,Big Basket,Android,14-04-2026
402729,Mohammed Maharaj,Lucknow,Swiggy Instamart,Android,12-07-2026
402730,Ansh Bath,Chandigarh,Blinkit,Android,18-01-2025
402731,Jeremiah Kant,Chennai,Swiggy Instamart,IOS,23-12-2025
402732,Yug Pandit,Chennai,Blinkit,IOS,25-10-2025
402733,Jagrati Sura,Lucknow,Swiggy Instamart,Android,04-04-2026
402734,Netra Dasgupta,Kochi,Swiggy Instamart,IOS,15-04-2024
402735,Oni Mann,Kolkata,Zepto,Android,19-06-2025
402736,Osha Basak,Pune,Swiggy Instamart,IOS,22-06-2024
402737,Janaki Bhargava,Ahmedabad,Blinkit,IOS,09-11-2024
402738,Wahab Sawhney,Kolkata,Swiggy Instamart,Android,01-07-2025
402739,Riya Master,Hyderabad,Swiggy Instamart,IOS,05-01-2024
402740,Vyanjana Talwar,Lucknow,Zepto,Android,24-08-2025
402741,Bishakha Kari,Ahmedabad,Zepto,IOS,28-03-2026
402742,Lila Sastry,Bengaluru,Swiggy Instamart,IOS,18-12-2024
402743,Samesh Thaker,Kolkata,Swiggy Instamart,Android,11-01-2026
402744,Ladli Parekh,Kolkata,Zepto,Android,08-09-2025
402745,Siya Sunder,Mumbai,Blinkit,Others,07-03-2026
402746,Banjeet Bhat,Ahmedabad,Blinkit,IOS,15-05-2026
402747,Dominic Bala,Chandigarh,Blinkit,IOS,01-06-2025
402748,Anamika Sinha,Kochi,Big Basket,IOS,27-08-2025
402749,Geetika Chaudhary,Ahmedabad,Big Basket,Android,14-01-2026
402750,Chandresh Koshy,Kochi,Swiggy Instamart,Android,29-06-2026
402751,Anthony Pillai,Bengaluru,Big Basket,Android,09-12-2023
402752,Hredhaan Din,Mumbai,Swiggy Instamart,Android,29-09-2024
402753,David Shah,Lucknow,Zepto,IOS,17-02-2025
402754,Anika Kakar,Chandigarh,Blinkit,Others,28-11-2024
402755,Pallavi Setty,Kochi,Swiggy Instamart,Android,18-07-2024
402756,Faras Balan,Bengaluru,Big Basket,Android,31-05-2026
402757,Ayush Sehgal,Hyderabad,Zepto,Android,03-10-2025
402758,Mason Choudhry,Kochi,Zepto,IOS,09-03-2024
402759,Jairaj Pathak,Lucknow,Big Basket,IOS,16-10-2024
402760,Nilima Bhagat,Kochi,Blinkit,IOS,11-08-2023
402761,Laban Pai,Ahmedabad,Big Basket,Others,19-06-2025
402762,Chaman Das,Hyderabad,Zepto,Android,19-06-2024
402763,Lajita Deshmukh,Hyderabad,Zepto,Android,09-12-2023
402764,Xavier Murty,Lucknow,Swiggy Instamart,Android,05-03-2025
402765,Saanvi Apte,Chandigarh,Swiggy Instamart,Android,12-11-2025
402766,Yutika Wali,Pune,Big Basket,Android,02-04-2025
402767,Isaiah Vohra,Hyderabad,Zepto,Others,12-05-2026
402768,Damyanti Padmanabhan,Jaipur,Blinkit,Android,16-08-2024
402769,Tamanna Taneja,Ahmedabad,Big Basket,IOS,21-07-2025
402770,Aarnav Wali,Lucknow,Big Basket,Android,05-08-2026
402771,Aashi Sawhney,Chandigarh,Swiggy Instamart,Android,15-01-2026
402772,Karan Shan,Bengaluru,Zepto,Android,09-05-2024
402773,Umang Khatri,Chandigarh,Zepto,Android,02-11-2023
402774,Kiaan Shah,Bengaluru,Swiggy Instamart,Android,22-09-2024
402775,Manan Shroff,Chennai,Swiggy Instamart,Android,05-11-2024
402776,Arin Viswanathan,Chennai,Zepto,IOS,02-03-2026
402777,Aarnav Dugar,Kochi,Swiggy Instamart,IOS,16-10-2025
402778,Sara Kalita,Lucknow,Big Basket,Android,06-03-2026
402779,Kamya Mohan,Ahmedabad,Zepto,Others,20-05-2026
402780,Hiral Khurana,Hyderabad,Blinkit,IOS,16-05-2026
402781,Chatura Sharma,Delhi,Blinkit,Android,27-02-2025
402782,Ekani Sant,Chandigarh,Big Basket,IOS,15-02-2025
402783,Vincent Sengupta,Mumbai,Swiggy Instamart,Android,23-09-2025
402784,Ranbir Mody,Delhi,Zepto,IOS,06-09-2023
402785,Nidra Handa,Ahmedabad,Big Basket,IOS,06-10-2024
402786,Bhavani Setty,Lucknow,Swiggy Instamart,IOS,10-03-2024
402787,Guneet Zacharia,Chennai,Swiggy Instamart,Android,08-10-2025
402788,Raksha Yadav,Chennai,Swiggy Instamart,IOS,12-07-2024
402789,Warda Master,Pune,Swiggy Instamart,IOS,27-04-2025
402790,Faras Chadha,Chennai,Zepto,Android,14-01-2024
402791,Matthew Sha,Pune,Swiggy Instamart,Others,08-02-2026
402792,Ira Borah,Mumbai,Swiggy Instamart,Android,08-07-2025
402793,Ridhi Panchal,Delhi,Big Basket,Others,24-02-2025
402794,Oeshi Taneja,Jaipur,Swiggy Instamart,Android,23-11-2023
402795,Abhiram Peri,Pune,Swiggy Instamart,Android,19-08-2025
402796,Jeremiah Chaudry,Pune,Big Basket,Android,24-09-2025
402797,Amruta Kashyap,Lucknow,Swiggy Instamart,IOS,08-09-2024
402798,Nidhi Minhas,Ahmedabad,Zepto,Android,31-08-2023
402799,Gautam Tata,Ahmedabad,Blinkit,Android,09-11-2024
402800,Diya Chahal,Ahmedabad,Big Basket,Others,19-04-2024
402801,Udyati Iyer,Chennai,Blinkit,Android,04-02-2025
402802,Vedant Sharma,Jaipur,Swiggy Instamart,Android,05-03-2024
402803,Nisha Sant,Lucknow,Big Basket,Android,23-03-2025
402804,Sanya Rout,Kolkata,Big Basket,IOS,16-04-2024
402805,Warinder Singh,Hyderabad,Zepto,IOS,10-12-2025
402806,Balendra Bhandari,Chandigarh,Zepto,IOS,01-08-2024
402807,Bhanumati Baria,Kochi,Zepto,IOS,20-07-2026
402808,Radha Manne,Bengaluru,Blinkit,IOS,10-05-2025
402809,Dayita Chaudry,Jaipur,Blinkit,Android,28-02-2026
402810,Yahvi Sarin,Hyderabad,Zepto,IOS,23-02-2026
402811,Gabriel Agate,Jaipur,Blinkit,Android,20-09-2023
402812,Henry Aurora,Kochi,Blinkit,Others,18-04-2025
402813,Ekalinga Kalita,Kochi,Blinkit,Android,16-11-2025
402814,Anmol Dhaliwal,Kolkata,Blinkit,IOS,19-07-2026
402815,Odika Hari,Jaipur,Big Basket,Android,31-08-2025
402816,Chatura Tak,Ahmedabad,Big Basket,Android,07-04-2025
402817,Reva Vyas,Ahmedabad,Big Basket,Android,04-05-2025
402818,Tarak Mukherjee,Delhi,Zepto,Android,13-02-2026
402819,Ekavir Doctor,Ahmedabad,Swiggy Instamart,Android,12-01-2024
402820,Lekha Sem,Lucknow,Big Basket,IOS,18-05-2026
402821,Zayyan Dani,Delhi,Blinkit,Others,14-05-2025
402822,Vrishti Garde,Bengaluru,Zepto,IOS,10-03-2025
402823,Aarnav Bahl,Chennai,Swiggy Instamart,IOS,09-11-2024
402824,Janani Nadkarni,Kolkata,Swiggy Instamart,IOS,26-12-2025
402825,Advika Bhakta,Mumbai,Blinkit,Others,21-06-2025
402826,Damini Behl,Delhi,Big Basket,IOS,29-10-2025
402827,Nakul More,Kochi,Big Basket,Android,23-12-2025
402828,Patrick Kala,Ncr,Blinkit,IOS,05-04-2025
402829,Pranit Chaudhuri,Chandigarh,Blinkit,Android,10-07-2024
402830,Yug Bhattacharyya,Mumbai,Big Basket,Android,15-12-2023
402831,Laksh Deol,Hyderabad,Swiggy Instamart,IOS,15-08-2025
402832,Gunbir Salvi,Pune,Zepto,Android,30-10-2025
402833,Anay Sekhon,Mumbai,Blinkit,Android,03-08-2025
402834,Ladli Nadig,Kolkata,Zepto,IOS,18-02-2025
402835,Guneet Kuruvilla,Lucknow,Swiggy Instamart,Android,05-11-2024
402836,Krishna Sundaram,Kochi,Swiggy Instamart,Others,18-09-2025
402837,Yamini Subramaniam,Kolkata,Swiggy Instamart,Others,22-07-2024
402838,Tanmayi Behl,Kochi,Blinkit,Android,16-03-2025
402839,Jeet Karnik,Pune,Swiggy Instamart,Android,28-01-2025
402840,Diya Nori,Jaipur,Blinkit,Android,01-03-2026
402841,Charita Bose,Jaipur,Big Basket,Android,05-02-2025
402842,Ekbal Goswami,Chandigarh,Blinkit,IOS,30-10-2025
402843,Netra Malhotra,Chandigarh,Big Basket,IOS,08-04-2026
402844,Jyoti Naik,Lucknow,Zepto,Android,08-06-2024
402845,Harinakshi Kashyap,Kochi,Big Basket,IOS,26-01-2025
402846,Christopher Kumar,Lucknow,Big Basket,Others,24-05-2025
402847,Omya Gulati,Kochi,Blinkit,Others,20-09-2024
402848,Raghav Sidhu,Chennai,Swiggy Instamart,IOS,30-10-2025
402849,Aadhya Varty,Bengaluru,Zepto,Android,09-02-2024
402850,Wazir Soni,Jaipur,Big Basket,Android,27-02-2026
402851,Ryan Andra,Chandigarh,Zepto,Android,06-08-2025
402852,Advika Desai,Kochi,Zepto,IOS,03-08-2026
402853,Mason Natarajan,Ahmedabad,Blinkit,IOS,05-07-2026
402854,Urishilla Narasimhan,Kochi,Zepto,IOS,30-09-2024
402855,Watika Choudhury,Kochi,Blinkit,Android,20-07-2024
402856,Charles Khosla,Bengaluru,Swiggy Instamart,Android,10-12-2023
402857,Siya Gopal,Kochi,Blinkit,Android,13-09-2025
402858,Tristan Mutti,Pune,Big Basket,IOS,20-02-2025
402859,Akshay Borde,Pune,Swiggy Instamart,IOS,06-11-2024
402860,Jeevika Kulkarni,Bengaluru,Swiggy Instamart,Android,02-07-2024
402861,Jeremiah Modi,Chennai,Blinkit,Android,06-06-2026
402862,Odika Edwin,Bengaluru,Zepto,IOS,02-06-2026
402863,Upadhriti Chaudhuri,Chennai,Big Basket,IOS,15-02-2025
402864,Brijesh Issac,Pune,Swiggy Instamart,IOS,24-12-2025
402865,Ridhi Chaudry,Ncr,Blinkit,IOS,28-08-2023
402866,Chaitanya Chaudhari,Lucknow,Zepto,Android,28-05-2025
402867,Ayushman Deo,Ahmedabad,Big Basket,IOS,26-07-2024
402868,Prisha Upadhyay,Chandigarh,Swiggy Instamart,IOS,24-09-2025
402869,Arin Tella,Kochi,Blinkit,IOS,23-09-2023
402870,Chandran Lal,Lucknow,Zepto,IOS,29-11-2023
402871,Nidra Kalita,Pune,Blinkit,IOS,23-05-2026
402872,Balveer Sahni,Lucknow,Swiggy Instamart,IOS,01-09-2023
402873,Jatin Chaudhuri,Jaipur,Zepto,IOS,04-07-2025
402874,Charita Sankar,Bengaluru,Swiggy Instamart,IOS,09-12-2023
402875,Daniel Lalla,Pune,Big Basket,Others,07-01-2025
402876,Panini Dyal,Bengaluru,Blinkit,IOS,26-04-2025
402877,Gopal Krishnamurthy,Kochi,Swiggy Instamart,Android,09-10-2023
402878,Yachana Dara,Pune,Zepto,Android,01-10-2024
402879,Reyansh Sampath,Delhi,Zepto,IOS,20-11-2023
402880,Qarin Deshmukh,Lucknow,Big Basket,Android,08-09-2025
402881,Ishwar Merchant,Kochi,Blinkit,Android,03-01-2025
402882,Ladli Samra,Kochi,Big Basket,Android,15-06-2024
402883,Jeet Natt,Hyderabad,Swiggy Instamart,Android,25-09-2024
402884,Ekansh Dugar,Kolkata,Blinkit,Android,14-03-2025
402885,Vasatika Verma,Kochi,Swiggy Instamart,IOS,02-07-2026
402886,Bakhshi Banik,Kochi,Big Basket,Android,27-12-2025
402887,Unni Srivastava,Ahmedabad,Zepto,Android,27-01-2025
402888,Kamya Boase,Kolkata,Big Basket,IOS,12-08-2025
402889,Patrick Banerjee,Chandigarh,Swiggy Instamart,Android,22-01-2026
402890,Nihal Nagar,Hyderabad,Zepto,IOS,04-10-2023
402891,Kalpit Memon,Chennai,Zepto,IOS,29-12-2023
402892,Leena Karpe,Pune,Blinkit,Android,11-08-2024
402893,Ronith Halder,Pune,Swiggy Instamart,IOS,19-05-2025
402894,Ridhi Chaudhary,Kochi,Big Basket,IOS,28-02-2025
402895,Hemangini Balay,Hyderabad,Swiggy Instamart,IOS,03-03-2024
402896,Amruta Brar,Delhi,Swiggy Instamart,IOS,10-09-2025
402897,Geetika Desai,Ncr,Blinkit,Android,16-02-2024
402898,Bishakha Chawla,Delhi,Big Basket,Android,02-07-2026
402899,Kai Narang,Delhi,Big Basket,IOS,15-05-2026
402900,Sanya Tata,Chandigarh,Blinkit,Android,02-09-2024
402901,Harinakshi Merchant,Kochi,Blinkit,IOS,03-04-2026
402902,Chatresh Venkatesh,Chennai,Blinkit,IOS,03-02-2026
402903,Bhavna Bansal,Delhi,Zepto,IOS,30-03-2026
402904,Yasti Banik,Jaipur,Big Basket,Android,04-01-2025
402905,Lakshit Master,Hyderabad,Blinkit,IOS,07-03-2024
402906,Manya Krishna,Bengaluru,Blinkit,IOS,07-03-2024
402907,Adya Atwal,Mumbai,Zepto,Others,02-08-2026
402908,Xavier Brahmbhatt,Kolkata,Blinkit,IOS,07-06-2025
402909,Urvashi Om,Kolkata,Blinkit,Android,21-01-2026
402910,Upma Gera,Ahmedabad,Blinkit,IOS,27-05-2026
402911,Rehaan Varty,Kochi,Swiggy Instamart,Android,23-11-2023
402912,Garima Nagi,Bengaluru,Swiggy Instamart,Android,19-08-2023
402913,Pahal Pillai,Ahmedabad,Swiggy Instamart,IOS,14-11-2024
402914,Chandresh Mahal,Hyderabad,Zepto,IOS,24-03-2026
402915,Faras Muni,Lucknow,Zepto,Android,31-08-2025
402916,Vihaan Korpal,Delhi,Blinkit,Android,23-09-2025
402917,Kai Varma,Kolkata,Zepto,IOS,30-04-2026
402918,Urishilla Peri,Kochi,Swiggy Instamart,Android,07-07-2025
402919,Bhavani Sha,Ahmedabad,Big Basket,Android,11-01-2026
402920,Sai Ramakrishnan,Pune,Blinkit,Android,26-05-2024
402921,Anirudh Sandhu,Mumbai,Big Basket,IOS,18-03-2026
402922,Maanas Randhawa,Bengaluru,Swiggy Instamart,Android,15-08-2025
402923,Vincent Dash,Jaipur,Zepto,Android,01-07-2024
402924,Chatura Ratti,Lucknow,Swiggy Instamart,Android,31-01-2024
402925,Mitesh Mahajan,Pune,Zepto,IOS,02-08-2026
402926,Ishanvi Chandra,Delhi,Big Basket,Android,25-09-2024
402927,Ria Edwin,Bengaluru,Big Basket,Others,08-05-2025
402928,Wahab Joshi,Ahmedabad,Big Basket,IOS,25-06-2025
402929,Bimala Ramanathan,Mumbai,Zepto,Android,04-05-2024
402930,Lila Chaudhry,Bengaluru,Big Basket,Android,11-01-2024
402931,Watika Khosla,Kochi,Zepto,Android,04-07-2025
402932,Kavya Seshadri,Lucknow,Big Basket,IOS,26-06-2024
402933,Manan Basu,Delhi,Big Basket,Android,03-12-2024
402934,Aadhya Arya,Kolkata,Big Basket,Android,14-12-2025
402935,Lakshmi Loke,Delhi,Zepto,Android,07-12-2024
402936,Udant Borah,Mumbai,Swiggy Instamart,Android,26-02-2026
402937,Ekapad Purohit,Ahmedabad,Big Basket,IOS,25-09-2024
402938,Utkarsh Parmer,Hyderabad,Swiggy Instamart,Others,24-01-2025
402939,Wridesh Saxena,Chennai,Swiggy Instamart,Android,23-06-2025
402940,Hemang Suresh,Mumbai,Swiggy Instamart,Android,15-09-2023
402941,Abdul Mutti,Chennai,Big Basket,Android,18-01-2025
402942,Bimala Ravi,Kolkata,Big Basket,Android,16-01-2024
402943,Urvi Contractor,Chennai,Swiggy Instamart,IOS,22-06-2024
402944,Zinal Bhatt,Chennai,Big Basket,IOS,01-10-2023
402945,Januja Hayre,Chandigarh,Blinkit,Others,01-02-2026
402946,Yagnesh Baral,Kolkata,Big Basket,Android,04-11-2023
402947,Darsh Ramakrishnan,Pune,Blinkit,IOS,13-06-2025
402948,Veer Shukla,Bengaluru,Zepto,Others,17-04-2024
402949,Kamala Singhal,Mumbai,Blinkit,Android,04-05-2025
402950,Falguni Kapur,Ahmedabad,Swiggy Instamart,Android,23-03-2026
402951,Guneet Sule,Hyderabad,Swiggy Instamart,Others,02-06-2025
402952,Gunbir Mane,Mumbai,Swiggy Instamart,IOS,19-10-2024
402953,Thomas Bail,Bengaluru,Big Basket,Others,13-09-2024
402954,Madhav Aggarwal,Hyderabad,Blinkit,IOS,26-02-2026
402955,Aradhana Jain,Bengaluru,Blinkit,IOS,18-05-2025
402956,Zayyan Som,Hyderabad,Big Basket,Android,05-06-2026
402957,Ladli Dhingra,Chandigarh,Zepto,IOS,25-08-2025
402958,Harshil Goyal,Delhi,Zepto,IOS,28-01-2026
402959,Anthony Krish,Lucknow,Zepto,IOS,03-03-2025
402960,Onveer Lanka,Chandigarh,Big Basket,Android,14-03-2024
402961,Ucchal Kuruvilla,Kochi,Swiggy Instamart,IOS,12-01-2026
402962,Caleb Lal,Jaipur,Zepto,Others,20-02-2026
402963,Samesh Mukhopadhyay,Hyderabad,Blinkit,Others,03-09-2023
402964,Chaitanya Trivedi,Lucknow,Swiggy Instamart,Android,09-01-2024
402965,Chaaya Bhatti,Bengaluru,Zepto,IOS,31-07-2024
402966,Yash Srinivasan,Kolkata,Blinkit,Others,13-12-2024
402967,Jhalak Mani,Mumbai,Big Basket,IOS,16-03-2024
402968,Urvi Patla,Pune,Swiggy Instamart,IOS,24-01-2025
402969,Udant Sachar,Hyderabad,Swiggy Instamart,Android,22-12-2025
402970,Dominic Toor,Mumbai,Swiggy Instamart,Android,21-03-2024
402971,Banjeet Sampath,Ahmedabad,Big Basket,Android,10-10-2023
402972,Chasmum Patla,Ahmedabad,Big Basket,Android,03-07-2026
402973,Wishi Barad,Hyderabad,Blinkit,Android,13-02-2026
402974,Pratyush Ramakrishnan,Delhi,Big Basket,IOS,10-12-2025
402975,Jai Vohra,Hyderabad,Zepto,IOS,27-10-2024
402976,Tripti Chaudhry,Lucknow,Swiggy Instamart,IOS,19-11-2023
402977,Shravya Morar,Chandigarh,Zepto,Android,23-06-2025
402978,Yadavi Gaba,Ahmedabad,Big Basket,Android,11-02-2026
402979,Radhika Kanda,Pune,Swiggy Instamart,Android,04-12-2023
402980,Ekani Dyal,Chennai,Big Basket,IOS,06-02-2025
402981,Dhruv Thakur,Bengaluru,Swiggy Instamart,IOS,29-06-2025
402982,Falguni Contractor,Chennai,Big Basket,IOS,05-05-2025
402983,Warinder Bhattacharyya,Jaipur,Zepto,IOS,03-07-2024
402984,Girish Pillai,Bengaluru,Big Basket,Android,16-05-2024
402985,Umang Nigam,Mumbai,Swiggy Instamart,Android,02-11-2023
402986,Timothy Seth,Jaipur,Big Basket,Android,21-02-2026
402987,Jack Bala,Hyderabad,Big Basket,Android,15-11-2023
402988,Lila Dyal,Jaipur,Blinkit,IOS,22-02-2026
402989,Upasna Sahota,Hyderabad,Swiggy Instamart,Others,28-09-2024
402990,Jonathan Mangat,Kolkata,Big Basket,Android,14-05-2026
402991,Nihal Nayar,Chennai,Big Basket,IOS,21-06-2025
402992,Akshay Jhaveri,Lucknow,Big Basket,Android,19-12-2023
402993,Matthew Padmanabhan,New Delhi,Zepto,IOS,30-07-2024
402994,Turvi Varghese,Bengaluru,Zepto,Others,09-11-2025
402995,Patrick Deol,Kochi,Blinkit,Android,05-09-2023
402996,Jonathan Thaman,Pune,Big Basket,IOS,19-01-2024
402997,Janani Choudhry,Hyderabad,Big Basket,Android,05-04-2024
402998,Timothy Banerjee,Jaipur,Swiggy Instamart,IOS,03-12-2025
402999,Zehaan Mani,Delhi,Swiggy Instamart,IOS,15-05-2024
403000,Lopa Brahmbhatt,Chennai,Big Basket,IOS,16-03-2025
403001,Vrinda Mallick,Kolkata,Swiggy Instamart,IOS,25-12-2025
403002,Anita Sankar,Jaipur,Big Basket,IOS,08-02-2024
403003,Jason Sabharwal,Jaipur,Blinkit,Android,30-07-2026
403004,Harish Dhillon,Chandigarh,Big Basket,IOS,05-01-2025
403005,Devika Dayal,Hyderabad,Swiggy Instamart,IOS,03-08-2025
403006,Yasti Borde,Kochi,Blinkit,IOS,13-04-2026
403007,Bimala Gokhale,Chandigarh,Blinkit,Others,12-05-2025
403008,Kamala Palla,Kolkata,Blinkit,Android,24-07-2026
403009,Gunbir D’Alia,Pune,Zepto,IOS,06-12-2025
403010,Rachita Vala,Kolkata,Zepto,IOS,27-01-2025
403011,Indrajit Sathe,Pune,Swiggy Instamart,Others,31-10-2024
403012,Tarak Sawhney,Jaipur,Blinkit,Android,15-06-2025
403013,Rishi Mishra,Jaipur,Blinkit,IOS,29-11-2025
403014,Aashi Narang,Hyderabad,Blinkit,IOS,21-09-2025
403015,Jeremiah Pillai,Kolkata,Blinkit,Android,22-09-2025
403016,Brijesh Rao,Chennai,Zepto,IOS,14-01-2026
403017,Ucchal Tandon,Chandigarh,Swiggy Instamart,Android,03-03-2025
403018,Indira Desai,Ahmedabad,Big Basket,Android,19-12-2024
403019,Andrew Wali,Ahmedabad,Swiggy Instamart,Android,29-07-2024
403020,Utkarsh Setty,Chennai,Swiggy Instamart,Android,01-03-2026
403021,Suhani Agrawal,Kolkata,Zepto,Android,02-02-2025
403022,Nidra Cherian,Delhi,Zepto,Android,15-09-2025
403023,Shaurya Sharaf,Kochi,Blinkit,Android,14-09-2024
403024,Girish Prakash,Kochi,Swiggy Instamart,IOS,30-03-2024
403025,Ati Bhardwaj,Kolkata,Big Basket,IOS,16-03-2024
403026,Gavin Kota,Mumbai,Big Basket,IOS,22-04-2024
403027,Mohammed Balay,Hyderabad,Blinkit,Android,22-11-2023
403028,Amrita Rout,Delhi,Zepto,IOS,30-08-2023
403029,Anika Natarajan,Bengaluru,Swiggy Instamart,IOS,31-07-2026
403030,Karan Chawla,Kolkata,Zepto,IOS,01-07-2025
403031,Dayita Venkataraman,Pune,Big Basket,IOS,03-03-2026
403032,Jason Krishna,Hyderabad,Big Basket,Android,24-05-2025
403033,Rajeshri Palan,Chandigarh,Zepto,IOS,30-09-2025
403034,Chaman Saran,Mumbai,Blinkit,IOS,23-08-2024
403035,Harsh Dani,Kochi,Zepto,Android,28-04-2026
403036,Arjun Hora,Hyderabad,Swiggy Instamart,Others,24-06-2026
403037,Diya Sarkar,Delhi,Big Basket,IOS,21-06-2026
403038,Lucky Kaur,Chennai,Blinkit,IOS,18-08-2025
403039,Chaitanya Ramaswamy,Ahmedabad,Swiggy Instamart,Android,08-12-2026
403040,Aachal Zacharia,Hyderabad,Swiggy Instamart,Android,16-07-2024
403041,Unnati Sabharwal,Chennai,Big Basket,Android,17-12-2025
403042,Gaurav Merchant,Chandigarh,Big Basket,Android,31-01-2026
403043,Urvi Varghese,Kolkata,Swiggy Instamart,IOS,22-10-2025
403044,Sachi Banerjee,Mumbai,Zepto,Others,05-08-2026
403045,Urvashi Zacharia,Chandigarh,Big Basket,Android,09-11-2023
403046,Jhalak Mishra,Jaipur,Blinkit,IOS,22-09-2025
403047,Yahvi Sehgal,Kochi,Big Basket,Android,13-06-2024
403048,Gautami Kale,Kolkata,Big Basket,Android,21-10-2025
403049,Kabir Bhatia,Ahmedabad,Swiggy Instamart,Android,05-08-2024
403050,Oliver Bath,Hyderabad,Swiggy Instamart,IOS,17-04-2025
403051,Ekani Bahri,Jaipur,Big Basket,IOS,23-11-2023
403052,Nachiket Trivedi,Kochi,Big Basket,Android,10-03-2025
403053,Ekanta Sarin,Jaipur,Zepto,IOS,22-09-2024
403054,Ekta Chhabra,Pune,Zepto,Android,09-05-2024
403055,Karan Deol,Chandigarh,Blinkit,Android,18-01-2025
403056,Umang Chokshi,Chandigarh,Swiggy Instamart,Android,18-07-2025
403057,Megha Reddy,Pune,Blinkit,IOS,06-04-2025
403058,Hitesh Pant,Delhi,Zepto,Android,22-04-2025
403059,Unni Ravi,Mumbai,Big Basket,Android,12-03-2024
403060,Urmi Dey,Lucknow,Blinkit,Others,22-09-2025
403061,Qasim Dara,Pune,Zepto,IOS,04-07-2026
403062,Geetika Garde,Lucknow,Zepto,Android,13-05-2026
403063,Lohit Varma,Bengaluru,Swiggy Instamart,IOS,17-12-2024
403064,Janya Mittal,Delhi,Big Basket,Android,05-07-2026
403065,Ekansh Kadakia,Jaipur,Zepto,Others,06-01-2024
403066,Dalaja Kala,Jaipur,Zepto,Android,22-05-2025
403067,Jalsa Anand,Kochi,Zepto,Android,24-06-2024
403068,Girindra Kapur,Hyderabad,Big Basket,IOS,15-11-2024
403069,Urvashi Comar,Pune,Big Basket,Android,11-12-2023
403070,Yamini Gopal,Chandigarh,Swiggy Instamart,IOS,14-09-2023
403071,Maanas Sundaram,Bengaluru,Big Basket,Android,11-07-2024
403072,Henry Prabhu,Bengaluru,Zepto,Android,10-06-2025
403073,Laksh Anand,Kochi,Swiggy Instamart,Android,26-02-2026
403074,Matthew Divan,Jaipur,Zepto,Android,21-12-2024
403075,Kamya Bandi,Lucknow,Blinkit,IOS,23-11-2024
403076,Jhalak Yohannan,Mumbai,Swiggy Instamart,IOS,18-07-2026
403077,Zaid Tata,Ahmedabad,Zepto,IOS,23-05-2025
403078,Yasti Dhar,Bengaluru,Big Basket,Android,15-09-2024
403079,Bishakha Singh,Hyderabad,Zepto,IOS,29-08-2023
403080,Eta Bhat,Bengaluru,Blinkit,IOS,17-09-2025
403081,Jai Ramaswamy,Jaipur,Swiggy Instamart,IOS,14-02-2026
403082,Peter Lal,Chandigarh,Swiggy Instamart,Android,28-11-2024
403083,Yasti Mukherjee,Ahmedabad,Zepto,Android,25-09-2024
403084,Faras Borra,Lucknow,Blinkit,Others,27-11-2025
403085,Neelima Bava,Pune,Zepto,IOS,08-07-2025
403086,Chandani Viswanathan,Pune,Big Basket,Others,02-07-2025
403087,Kashish Sathe,Lucknow,Zepto,IOS,13-01-2026
403088,Patrick Prasad,Lucknow,Zepto,IOS,21-04-2025
403089,Jagat Krishnan,Hyderabad,Zepto,Others,01-11-2025
403090,Advika Char,Delhi,Zepto,Android,02-10-2023
403091,Yash Aggarwal,Delhi,Swiggy Instamart,IOS,26-03-2026
403092,Barkha Sibal,Pune,Swiggy Instamart,Android,04-12-2023
403093,Dominic Gour,Jaipur,Blinkit,Others,29-02-2024
403094,Tanvi Raval,Chandigarh,Swiggy Instamart,Android,07-07-2025
403095,Amol Sachdev,Delhi,Swiggy Instamart,Android,13-12-2023
403096,Vidhi Johal,Jaipur,Zepto,Android,03-09-2023
403097,Xavier Sen,Ahmedabad,Swiggy Instamart,Android,26-06-2025
403098,Qasim Dhar,Jaipur,Swiggy Instamart,IOS,30-09-2023
403099,Mekhala Roy,Hyderabad,Swiggy Instamart,Android,23-03-2026
403100,Jeet Sibal,Mumbai,Blinkit,IOS,29-04-2026
403101,Victor Apte,Mumbai,Big Basket,IOS,01-05-2025
403102,Rohan Virk,Jaipur,Big Basket,Android,09-05-2024
403103,Anay Patel,Lucknow,Zepto,IOS,04-11-2024
403104,Oeshi Chandra,Hyderabad,Zepto,Android,04-11-2025
403105,Wazir Bose,Pune,Blinkit,Android,22-11-2024
403106,Bhavika Chatterjee,Jaipur,Zepto,IOS,16-06-2024
403107,Ekansh Bath,Chandigarh,Zepto,Android,17-10-2024
403108,Raagini Pant,Mumbai,Big Basket,Android,05-02-2025
403109,Udyati Mann,Hyderabad,Big Basket,IOS,27-05-2025
403110,Kalpit Shukla,Chennai,Swiggy Instamart,Android,18-12-2024
403111,Ayush Gandhi,Pune,Blinkit,IOS,14-03-2026
403112,Gaurang Som,Mumbai,Big Basket,Others,06-02-2024
403113,Guneet Kannan,Mumbai,Swiggy Instamart,IOS,25-06-2026
403114,Abhimanyu Bala,Delhi,Blinkit,Android,06-02-2025
403115,Harshil Borde,Hyderabad,Big Basket,IOS,08-07-2026
403116,Tara Oza,Chandigarh,Zepto,Android,14-08-2024
403117,Nathaniel Oza,Jaipur,Zepto,Others,17-11-2023
403118,Bimala Amble,Delhi,Blinkit,IOS,01-11-2023
403119,Ikbal Borra,Chandigarh,Swiggy Instamart,Android,30-07-2026
403120,Jeet Manne,Hyderabad,Big Basket,IOS,24-07-2024
403121,Udarsh Mishra,Kolkata,Big Basket,Android,24-04-2025
403122,Anusha Shanker,Bengaluru,Big Basket,Android,11-02-2025
403123,Jatin Sangha,Mumbai,Swiggy Instamart,Android,13-12-2025
403124,Watika Dara,Bengaluru,Swiggy Instamart,IOS,17-11-2025
403125,Anthony Merchant,Chennai,Blinkit,IOS,06-08-2024
403126,Dayita Bhat,Lucknow,Zepto,Android,27-11-2025
403127,Caleb Issac,Ahmedabad,Big Basket,Android,06-01-2025
403128,Ishanvi Patel,Chennai,Zepto,IOS,24-03-2024
403129,Netra Prabhu,Chandigarh,Blinkit,Android,21-10-2024
403130,Zayyan Chakraborty,Bengaluru,Big Basket,IOS,20-09-2023
403131,Sarthak Arora,Hyderabad,Blinkit,Android,20-03-2026
403132,Shivani More,Chennai,Big Basket,IOS,12-11-2024
403133,David Hans,Delhi,Zepto,Android,22-03-2026
403134,Ethan Chauhan,Chandigarh,Blinkit,IOS,06-10-2025
403135,Darsh Lata,Jaipur,Blinkit,IOS,14-12-2023
403136,Peter Sharma,Ahmedabad,Big Basket,IOS,07-12-2023
403137,Mohini Memon,Chandigarh,Zepto,Android,20-05-2026
403138,Kashvi Master,Delhi,Blinkit,Android,11-03-2026
403139,Garima Chaudhry,Jaipur,Blinkit,Android,28-02-2024
403140,Upma Varghese,Kolkata,Blinkit,IOS,06-11-2025
403141,Advaith Lal,New Delhi,Swiggy Instamart,Android,05-08-2026
403142,Ganga Ramesh,Delhi,Big Basket,IOS,12-04-2026
403143,Watika Koshy,Chandigarh,Big Basket,Android,10-06-2025
403144,Pranit Hora,Hyderabad,Swiggy Instamart,Android,04-07-2024
403145,Tanay Bhatti,Chennai,Blinkit,Android,14-01-2024
403146,Suhani Chaudhuri,Pune,Blinkit,IOS,02-01-2026
403147,Harini Chawla,Mumbai,Swiggy Instamart,Android,07-03-2025
403148,Radhika Vala,Mumbai,Swiggy Instamart,IOS,12-01-2026
403149,Ranveer Loyal,Pune,Zepto,IOS,15-12-2025
403150,Chanakya Aggarwal,Pune,Zepto,IOS,22-06-2024
403151,Tamanna Verma,Hyderabad,Swiggy Instamart,IOS,19-04-2024
403152,Anmol Butala,Delhi,Big Basket,Android,22-02-2025
403153,Manya Bhatia,Delhi,Zepto,Android,06-02-2026
403154,Neelima Parmer,Pune,Blinkit,Android,12-08-2024
403155,Jagdish Madan,Hyderabad,Big Basket,IOS,04-11-2023
403156,Abhiram Viswanathan,Ahmedabad,Swiggy Instamart,IOS,11-05-2024
403157,Onkar Minhas,Delhi,Big Basket,Android,07-08-2026
403158,Bhavna Johal,Ahmedabad,Blinkit,IOS,13-11-2025
403159,Vaishnavi Amble,Pune,Swiggy Instamart,IOS,05-06-2025
403160,Dayita Buch,Ahmedabad,Blinkit,Android,12-09-2025
403161,Anya Master,Lucknow,Zepto,IOS,18-07-2026
403162,Fariq Munshi,Ahmedabad,Blinkit,Android,31-03-2025
403163,Waida Tata,Ahmedabad,Swiggy Instamart,IOS,28-07-2025
403164,Unni Gandhi,Chennai,Blinkit,IOS,29-08-2024
403165,Nicholas Grewal,Kolkata,Zepto,Android,04-03-2025
403166,Finn Bawa,Kochi,Swiggy Instamart,IOS,25-04-2025
403167,Siya Pant,Lucknow,Blinkit,Android,14-08-2025
403168,Ranbir Oommen,Kochi,Big Basket,IOS,30-07-2024
403169,Owen Ghosh,Delhi,Zepto,Android,22-06-2024
403170,Vincent Sami,Kolkata,Swiggy Instamart,Android,24-07-2025
403171,Shaurya Mahajan,Chennai,Zepto,Android,05-05-2026
403172,Aarav Mohan,Kochi,Swiggy Instamart,Android,06-04-2025
403173,Neha Loyal,Ncr,Swiggy Instamart,IOS,24-04-2026
403174,Darika Ganesh,Kolkata,Zepto,Android,20-04-2026
403175,Nidra Chadha,Chandigarh,Swiggy Instamart,Android,07-03-2026
403176,Madhavi Dhingra,Hyderabad,Zepto,Others,02-04-2026
403177,Nirja Khanna,Pune,Blinkit,Android,10-10-2023
403178,Yachana Dada,Kochi,Zepto,Android,02-08-2026
403179,Yashawini Mandal,Mumbai,Swiggy Instamart,IOS,01-01-2025
403180,Udarsh Gade,Kolkata,Big Basket,Android,22-11-2025
403181,Dayita Behl,Chandigarh,Swiggy Instamart,IOS,10-02-2025
403182,Daniel Chakrabarti,Hyderabad,Blinkit,Android,25-06-2026
403183,Nikita Basu,Bengaluru,Swiggy Instamart,Android,13-03-2024
403184,Jalsa Merchant,Kochi,Zepto,Android,04-09-2025
403185,Rajeshri Madan,Jaipur,Swiggy Instamart,Android,17-04-2025
403186,Ekanta Ramaswamy,Ahmedabad,Big Basket,Others,02-09-2025
403187,Tejas Kumar,Chennai,Swiggy Instamart,IOS,22-11-2024
403188,Yashasvi Kothari,New Delhi,Swiggy Instamart,Others,25-06-2025
403189,Samarth Kulkarni,Jaipur,Big Basket,Android,26-03-2024
403190,Kavya Goswami,Mumbai,Swiggy Instamart,Android,08-09-2025
403191,Xalak Thaman,Chandigarh,Zepto,Android,29-01-2026
403192,Charita Nadkarni,Chandigarh,Blinkit,IOS,02-05-2024
403193,Ucchal Muni,Hyderabad,Swiggy Instamart,Others,23-06-2024
403194,Radhika Brahmbhatt,Lucknow,Blinkit,Android,29-06-2025
403195,Ojasvi Kala,Mumbai,Big Basket,IOS,18-01-2025
403196,Gavin Gade,Jaipur,Swiggy Instamart,IOS,16-07-2026
403197,Ayaan Toor,Kochi,Zepto,Android,13-10-2025
403198,Jeremiah Pall,Mumbai,Big Basket,Android,22-04-2025
403199,Yasti Mand,Mumbai,Big Basket,IOS,30-03-2025
403200,Chaitanya Gupta,Ahmedabad,Zepto,IOS,22-03-2024
403201,Neelima More,Kochi,Swiggy Instamart,Android,10-12-2024
403202,Balendra Dayal,Chennai,Blinkit,Android,05-03-2026
403203,Amruta Narula,Hyderabad,Zepto,Android,22-09-2025
403204,Radha Kant,Chennai,Swiggy Instamart,IOS,03-02-2025
403205,Darsh Pathak,Hyderabad,Big Basket,IOS,16-07-2026
403206,Bimala Nagar,Pune,Swiggy Instamart,Android,09-11-2025
403207,Chakrika Khosla,Chandigarh,Zepto,IOS,15-08-2024
403208,Vivaan Kohli,Kolkata,Swiggy Instamart,Android,08-11-2024
403209,Priya Baria,Pune,Big Basket,IOS,30-12-2023
403210,Ucchal Bassi,Chandigarh,Big Basket,IOS,27-05-2026
403211,Jacob Grewal,Chandigarh,Blinkit,IOS,06-04-2025
403212,Mason Bora,Lucknow,Big Basket,IOS,28-08-2025
403213,Nathan Karan,Bengaluru,Zepto,Android,29-04-2024
403214,Jeremiah Rau,Mumbai,Big Basket,Android,15-12-2025
403215,Ati Brar,Chennai,Zepto,IOS,30-08-2024
403216,Laksh Nazareth,Lucknow,Swiggy Instamart,Android,17-12-2025
403217,Vyanjana Guha,Chennai,Swiggy Instamart,Android,18-12-2025
403218,Aayush Khanna,Kolkata,Zepto,Others,21-04-2026
403219,Kamala Verma,Chandigarh,Zepto,Android,25-11-2023
403220,Bhavini Palla,Jaipur,Zepto,Android,25-03-2025
403221,Mitali Kapur,Ahmedabad,Zepto,Android,09-05-2025
403222,Baljiwan Bhavsar,Lucknow,Swiggy Instamart,Android,04-05-2026
403223,Pooja Sinha,Hyderabad,Blinkit,Android,10-05-2026
403224,Mekhala Murty,Kolkata,Zepto,IOS,26-02-2026
403225,Sanaya Bhakta,Chandigarh,Swiggy Instamart,Android,14-11-2025
403226,Anthony Dhaliwal,Lucknow,Blinkit,Android,12-01-2026
403227,Gabriel Raj,Delhi,Blinkit,Android,06-06-2024
403228,Amol Mukherjee,Kochi,Swiggy Instamart,Others,30-01-2025
403229,Ronith Koshy,Mumbai,Zepto,IOS,15-01-2026
403230,Aishani Seth,Kolkata,Swiggy Instamart,Android,13-01-2024
403231,Zayan Doshi,Kochi,Blinkit,Android,14-03-2024
403232,Hredhaan Ganesh,Lucknow,Swiggy Instamart,Android,08-03-2024
403233,Wyatt Swaminathan,Chennai,Zepto,IOS,26-05-2026
403234,Finn Dutt,Mumbai,Zepto,IOS,09-06-2026
403235,Ishwar Wadhwa,Kochi,Blinkit,Android,27-10-2024
403236,Dalaja Pandya,Bengaluru,Zepto,IOS,28-11-2025
403237,Ayush Ghosh,Ncr,Blinkit,IOS,19-05-2025
403238,Rachit Sangha,Chandigarh,Blinkit,IOS,21-08-2023
403239,Imaran Sachdev,Pune,Blinkit,Android,28-03-2026
403240,Vihaan Gera,Ahmedabad,Zepto,Android,02-02-2024
403241,Ayushman Mangal,Kochi,Blinkit,Others,27-11-2023
403242,Forum Bhatia,Jaipur,Swiggy Instamart,Android,04-03-2025
403243,Ranveer Krishna,Hyderabad,Swiggy Instamart,Android,21-07-2025
403244,Oni Tata,Chennai,Big Basket,IOS,20-06-2025
403245,Rushil Venkataraman,Chandigarh,Big Basket,Android,29-03-2026
403246,Kamya Chatterjee,Hyderabad,Blinkit,IOS,30-09-2025
403247,Nilima Sandal,Chandigarh,Swiggy Instamart,IOS,14-07-2025
403248,Dayita Narang,Chennai,Blinkit,IOS,19-04-2025
403249,Watika Amble,Lucknow,Zepto,Android,14-04-2024
403250,Shaurya Sastry,Pune,Big Basket,IOS,07-05-2024
403251,Falan Master,Jaipur,Zepto,IOS,25-08-2024
403252,Indrajit Kota,Jaipur,Blinkit,IOS,28-04-2026
403253,Maanav Sathe,Ahmedabad,Swiggy Instamart,Android,07-07-2025
403254,Krisha Purohit,Hyderabad,Big Basket,IOS,31-08-2025
403255,Gautami Sheth,Bengaluru,Blinkit,Android,29-07-2025
403256,Jagvi Divan,Hyderabad,Big Basket,Android,26-02-2024
403257,Udarsh Patla,Bengaluru,Big Basket,Android,25-10-2025
403258,Ubika Gaba,Hyderabad,Big Basket,Android,08-07-2026
403259,Inaya Palan,Kochi,Blinkit,IOS,12-06-2024
403260,Pranit Sandhu,Ahmedabad,Blinkit,IOS,22-02-2025
403261,Oscar Kannan,Jaipur,Blinkit,Android,30-01-2024
403262,Mitesh Krishnan,Chandigarh,Zepto,Android,01-12-2023
403263,Yadavi Agate,Jaipur,Swiggy Instamart,Android,10-03-2026
403264,Jagrati Doshi,Hyderabad,Swiggy Instamart,Android,10-06-2024
403265,Siya Mitra,Kochi,Swiggy Instamart,Android,16-03-2024
403266,Nimrat Khurana,Chennai,Swiggy Instamart,IOS,29-08-2023
403267,Charles Divan,Kolkata,Swiggy Instamart,IOS,30-04-2026
403268,Onveer Shan,Jaipur,Zepto,Android,10-10-2025
403269,Edhitha Pai,Kolkata,Zepto,Android,01-04-2026
403270,Sai Gaba,Kolkata,Zepto,IOS,16-02-2025
403271,Bina Dugar,Chennai,Swiggy Instamart,Others,29-06-2024
403272,Abeer Mallick,Chandigarh,Zepto,Android,05-01-2024
403273,Adweta Gala,Chandigarh,Blinkit,IOS,01-11-2023
403274,Aadhya Shanker,Chandigarh,Zepto,Android,16-01-2024
403275,Chakradhar Sridhar,Hyderabad,Zepto,IOS,13-02-2026
403276,Vaishnavi Mohanty,Hyderabad,Blinkit,Android,02-09-2023
403277,Dhriti Joshi,Chennai,Blinkit,IOS,26-09-2023
403278,Yamini Sant,Bengaluru,Swiggy Instamart,Android,02-11-2025
403279,Pavani Prasad,Jaipur,Swiggy Instamart,Android,04-02-2025
403280,Jacob Gill,Mumbai,Big Basket,Android,07-05-2025
403281,Mitesh Arya,Jaipur,Zepto,IOS,17-04-2024
403282,Azad Natarajan,Bengaluru,Blinkit,IOS,02-06-2025
403283,Adya Majumdar,Kochi,Zepto,Android,26-03-2024
403284,Victor Mallick,Delhi,Big Basket,Android,16-09-2023
403285,Manya Sama,Kolkata,Blinkit,Others,23-07-2025
403286,Oviya Mukherjee,Chennai,Zepto,IOS,19-04-2026
403287,Praneel Deshpande,Chandigarh,Blinkit,Android,07-07-2024
403288,Abdul Date,Lucknow,Zepto,IOS,20-12-2023
403289,Fiyaz Mand,Ahmedabad,Blinkit,IOS,08-08-2026
403290,Veda Mutti,Hyderabad,Blinkit,Android,07-02-2025
403291,Akshay Wali,Kochi,Big Basket,Android,17-08-2024
403292,Nathaniel Chaudry,Ahmedabad,Swiggy Instamart,IOS,09-11-2024
403293,Mason Sharma,Kolkata,Zepto,Android,05-06-2025
403294,Reyansh Mahal,Kolkata,Zepto,Android,07-12-2024
403295,Darsh Ramaswamy,Jaipur,Zepto,Android,17-05-2026
403296,Yauvani Batta,Mumbai,Blinkit,Android,25-11-2024
403297,Darpan Vora,Jaipur,Swiggy Instamart,Others,30-08-2024
403298,Jatin Wadhwa,Lucknow,Blinkit,Android,19-11-2024
403299,Nisha Yohannan,Jaipur,Blinkit,Android,08-05-2026
403300,Viraj Keer,Kolkata,Blinkit,Android,07-10-2025
403301,Janya Bhatti,Jaipur,Swiggy Instamart,Android,23-04-2025
403302,Suhani Merchant,Mumbai,Blinkit,IOS,04-07-2026
403303,Dev Kapadia,Chennai,Big Basket,Android,24-01-2024
403304,Eta Pillay,Delhi,Blinkit,IOS,25-03-2025
403305,Mugdha Nadkarni,Delhi,Blinkit,IOS,27-03-2026
403306,Rachita Nagy,Jaipur,Swiggy Instamart,IOS,29-08-2025
403307,Chavvi Raghavan,Pune,Swiggy Instamart,Android,03-07-2025
403308,Arin Mander,Hyderabad,Swiggy Instamart,IOS,18-04-2024
403309,Dominic Dhar,Kolkata,Swiggy Instamart,IOS,21-03-2024
403310,Bishakha Parsa,Ahmedabad,Zepto,Android,04-02-2025
403311,Azad Sur,Hyderabad,Blinkit,Android,08-11-2025
403312,Anusha Hans,Kochi,Big Basket,Android,17-02-2024
403313,Arjun Parmar,Delhi,Swiggy Instamart,Others,17-07-2026
403314,Ishita Chaudry,Ahmedabad,Blinkit,Android,30-06-2024
403315,Dalbir Sidhu,Jaipur,Zepto,IOS,24-01-2024
403316,Netra Pillay,Mumbai,Swiggy Instamart,IOS,16-07-2025
403317,Lopa Apte,Hyderabad,Swiggy Instamart,IOS,09-10-2025
403318,Ekansh Bava,Mumbai,Blinkit,Android,22-08-2024
403319,William Karpe,Bengaluru,Zepto,IOS,27-09-2024
403320,Abhiram Johal,Chandigarh,Zepto,IOS,23-02-2026
403321,Pranit Badal,Hyderabad,Swiggy Instamart,Android,13-02-2026
403322,Bhavani Mital,Jaipur,Blinkit,Android,26-09-2024
403323,Chakradhar Rajagopalan,Chennai,Big Basket,Android,27-12-2025
403324,Meera Sanghvi,Kochi,Zepto,Android,17-06-2024
403325,Jhalak Saha,Kochi,Swiggy Instamart,IOS,03-09-2025
403326,Warjas Kale,Bengaluru,Swiggy Instamart,Others,22-07-2024
403327,Triya Basu,Pune,Zepto,IOS,01-12-2025
403328,Neha Deshpande,Bengaluru,Blinkit,IOS,20-05-2026
403329,Varenya Dani,Kochi,Swiggy Instamart,Others,09-10-2023
403330,Rohan Bains,Chennai,Swiggy Instamart,Android,07-09-2023
403331,Tristan Dada,Ahmedabad,Zepto,IOS,04-10-2024
403332,Chaaya Jha,Ahmedabad,Big Basket,IOS,14-01-2026
403333,Max Narula,Mumbai,Zepto,IOS,26-01-2024
403334,Nidhi Sant,Delhi,Zepto,Others,14-11-2023
403335,Agastya Yadav,Lucknow,Big Basket,Android,29-08-2024
403336,Harita Madan,Hyderabad,Big Basket,Android,20-05-2026
403337,Advika Banerjee,Jaipur,Big Basket,IOS,15-03-2024
403338,Quincy Madan,New Delhi,Swiggy Instamart,Android,17-12-2024
403339,Vansha Balay,Kolkata,Blinkit,IOS,10-03-2024
403340,Tristan Dugar,Bengaluru,Zepto,Android,20-05-2024
403341,Abhiram Bath,Lucknow,Blinkit,Others,11-03-2025
403342,Atharv Deshpande,Hyderabad,Swiggy Instamart,Android,03-01-2025
403343,Dev Issac,Delhi,Big Basket,Others,18-09-2024
403344,Aachal Sur,Jaipur,Blinkit,Android,20-05-2024
403345,Netra Singhal,Kolkata,Swiggy Instamart,Android,22-01-2025
403346,Falguni Chakrabarti,Kolkata,Swiggy Instamart,IOS,19-05-2026
403347,Aarnav Dhar,Jaipur,Big Basket,IOS,14-01-2026
403348,Faraj Dua,Jaipur,Swiggy Instamart,Others,26-04-2026
403349,Yashodhara Bhat,Kolkata,Big Basket,Android,27-02-2025
403350,Samesh Prabhu,Lucknow,Swiggy Instamart,IOS,08-07-2026
403351,Nandini Sangha,Jaipur,Big Basket,Android,23-04-2024
403352,Jonathan Agate,Delhi,Zepto,Others,09-03-2026
403353,Anjali Iyer,Lucknow,Zepto,Android,31-10-2024
403354,Zansi Lal,Lucknow,Swiggy Instamart,Android,26-10-2025
403355,Pavani Mistry,Hyderabad,Big Basket,Others,14-01-2025
403356,Yashica Patel,Ahmedabad,Blinkit,Android,20-08-2024
403357,Gagan Borra,Pune,Big Basket,IOS,02-03-2026
403358,Maanav Khanna,Delhi,Blinkit,Android,15-09-2025
403359,Chavvi Bhandari,Hyderabad,Big Basket,Android,05-10-2023
403360,Yasti Memon,Chandigarh,Swiggy Instamart,Others,10-10-2023
403361,Aadhya Grover,Jaipur,Swiggy Instamart,IOS,03-01-2026
403362,Niharika Doctor,Delhi,Swiggy Instamart,Android,17-11-2023
403363,Tanvi Srinivas,Kochi,Zepto,IOS,28-08-2024
403364,Anmol Mistry,Chandigarh,Blinkit,Android,08-10-2025
403365,Isaac Narang,Mumbai,Swiggy Instamart,Android,02-09-2025
403366,Xiti Garde,Chennai,Swiggy Instamart,Android,19-05-2024
403367,Daksh Shroff,Chandigarh,Swiggy Instamart,IOS,16-04-2024
403368,Jonathan Solanki,Chennai,Blinkit,IOS,18-02-2025
403369,Chameli Narula,Delhi,Big Basket,IOS,21-02-2025
403370,Henry Kala,Lucknow,Swiggy Instamart,Android,23-07-2025
403371,Chameli Sekhon,Kochi,Zepto,Android,15-03-2024
403372,Orinder Khalsa,Lucknow,Swiggy Instamart,Android,03-04-2024
403373,Kiaan Raman,Chennai,Blinkit,IOS,28-07-2024
403374,Hemani Mandal,Mumbai,Blinkit,IOS,16-06-2024
403375,Vamakshi Krish,Lucknow,Swiggy Instamart,Others,12-07-2026
403376,Gaurang Suresh,Bengaluru,Swiggy Instamart,IOS,03-04-2025
403377,Advaith Lal,Pune,Big Basket,Android,27-04-2026
403378,Dominic Pradhan,Mumbai,Big Basket,Android,19-12-2025
403379,Viraj Ratta,Hyderabad,Zepto,Android,12-11-2024
403380,Jackson Kulkarni,Chandigarh,Swiggy Instamart,IOS,09-02-2025
403381,Nidhi Uppal,Bengaluru,Big Basket,Others,26-06-2025
403382,Vincent Sagar,Kolkata,Big Basket,Android,26-03-2024
403383,Jalsa Kumar,Jaipur,Blinkit,Android,07-02-2025
403384,Dayita Dash,Kochi,Swiggy Instamart,IOS,07-09-2025
403385,Edhitha Shanker,Lucknow,Big Basket,IOS,26-05-2026
403386,Xiti Hegde,Kolkata,Swiggy Instamart,IOS,20-01-2024
403387,Gagan Ravi,Chandigarh,Swiggy Instamart,IOS,09-12-2024
403388,Divya Nori,Bengaluru,Zepto,Android,27-04-2024
403389,Raghav Kaur,Bengaluru,Big Basket,IOS,25-10-2025
403390,Chavvi Yadav,Lucknow,Big Basket,Others,24-04-2025
403391,Damini Ranganathan,Ahmedabad,Blinkit,Others,31-05-2024
403392,Garima Patel,Delhi,Blinkit,IOS,15-08-2026
403393,Ekaja Memon,Hyderabad,Blinkit,IOS,09-09-2025
403394,Harita Parsa,Jaipur,Blinkit,IOS,17-09-2025
403395,Nakul Lata,Delhi,Swiggy Instamart,IOS,03-02-2025
403396,Shivani Saha,Chandigarh,Blinkit,IOS,29-07-2024
403397,Ijaya Mallick,Kolkata,Swiggy Instamart,Android,19-08-2025
403398,Saanvi Kant,Delhi,Swiggy Instamart,Android,14-07-2025
403399,Kalpit Dewan,New Delhi,Swiggy Instamart,Android,28-10-2025
403400,Jeet Rege,Chennai,Swiggy Instamart,IOS,26-08-2025
403401,Shravya Sridhar,Jaipur,Blinkit,Android,14-11-2023
403402,Gavin Sen,Hyderabad,Swiggy Instamart,IOS,01-09-2024
403403,Chakradev Mane,Chennai,Blinkit,IOS,15-04-2024
403404,Ekaraj Kamdar,Delhi,Swiggy Instamart,IOS,02-10-2024
403405,Chakradev Bala,Chennai,Swiggy Instamart,IOS,28-09-2024
403406,Oni Hayer,Pune,Zepto,Android,13-10-2025
403407,Forum Nigam,Delhi,Zepto,Android,03-08-2025
403408,Jackson Raghavan,Chennai,Zepto,Others,28-09-2025
403409,Champak Dewan,Kochi,Swiggy Instamart,Android,31-01-2026
403410,Upma Tata,Kolkata,Blinkit,IOS,11-11-2024
403411,Yasti Ahluwalia,Ahmedabad,Swiggy Instamart,Android,13-12-2024
403412,Waida Hegde,Delhi,Blinkit,Android,17-07-2024
403413,Panini Kalita,Kochi,Big Basket,IOS,07-02-2026
403414,Reyansh Babu,Chennai,Zepto,IOS,21-12-2025
403415,Eshana Patel,Kochi,Swiggy Instamart,Android,12-01-2025
403416,Arunima Modi,Chennai,Big Basket,IOS,21-08-2023
403417,Hamsini Saran,New Delhi,Zepto,Android,29-05-2026
403418,Oviya Palla,Ahmedabad,Swiggy Instamart,IOS,15-10-2023
403419,Yatan Arora,Kochi,Blinkit,Others,09-12-2024
403420,Yauvani Chacko,Mumbai,Swiggy Instamart,Android,24-06-2024
403421,Thomas Trivedi,Pune,Swiggy Instamart,IOS,25-08-2025
403422,Jairaj Hora,Delhi,Big Basket,IOS,17-06-2026
403423,Agastya Dara,Jaipur,Blinkit,IOS,02-10-2024
403424,Yamini Choudhury,Chennai,Zepto,Others,15-11-2024
403425,Avni Bose,Chandigarh,Swiggy Instamart,IOS,31-03-2024
403426,Kamya Sachar,Ahmedabad,Zepto,IOS,08-09-2023
403427,Utkarsh Samra,Kolkata,Swiggy Instamart,Others,10-05-2025
403428,Triya Majumdar,Kochi,Blinkit,Android,06-06-2024
403429,Yug Karnik,Kolkata,Big Basket,Android,13-01-2026
403430,Nachiket Zachariah,Jaipur,Zepto,IOS,18-11-2024
403431,Qadim Krish,Chennai,Zepto,IOS,19-02-2025
403432,Isaiah Sane,Delhi,Zepto,Android,13-01-2024
403433,Owen Bhavsar,New Delhi,Big Basket,Others,13-10-2023
403434,Harrison Sharma,Lucknow,Swiggy Instamart,Android,29-07-2024
403435,Geetika Venkatesh,Kolkata,Swiggy Instamart,IOS,14-07-2025
403436,Girindra Ray,Kochi,Blinkit,Others,12-11-2024
403437,Varsha Bhavsar,Ahmedabad,Big Basket,Android,31-08-2024
403438,Luke Bajwa,Mumbai,Swiggy Instamart,IOS,11-02-2025
403439,Hamsini Gandhi,Bengaluru,Zepto,Others,31-01-2024
403440,Karan Ravi,Lucknow,Swiggy Instamart,Android,07-05-2025
403441,Widisha Dube,Mumbai,Swiggy Instamart,Others,12-09-2024
403442,Jackson Mandal,Delhi,Swiggy Instamart,IOS,10-04-2025
403443,Gopal Madan,Chandigarh,Swiggy Instamart,IOS,22-01-2026
403444,Vidhi Dewan,Kochi,Big Basket,IOS,16-02-2025
403445,Vinaya Madan,Chandigarh,Swiggy Instamart,IOS,20-10-2024
403446,Parth Ben,Hyderabad,Big Basket,IOS,30-12-2024
403447,Ishanvi Kaur,Kochi,Big Basket,Android,15-08-2026
403448,Nandini Guha,Lucknow,Big Basket,Android,01-07-2026
403449,Samar Gulati,Bengaluru,Big Basket,IOS,20-09-2025
403450,Krish Srivastava,Hyderabad,Big Basket,IOS,25-07-2025
403451,Divya Doctor,Chandigarh,Swiggy Instamart,Android,18-06-2025
403452,Avi Ratti,Kochi,Big Basket,Others,26-09-2024
403453,Chatura Dugal,Ahmedabad,Big Basket,Android,20-03-2025
403454,Chandani Sandal,Chandigarh,Swiggy Instamart,Android,18-11-2024
403455,Chaitanya Shah,Kolkata,Swiggy Instamart,IOS,10-01-2024
403456,Hemang Balay,Hyderabad,Swiggy Instamart,Android,08-12-2024
403457,Yashvi Kala,Chandigarh,Blinkit,IOS,15-05-2026
403458,Pushti Vasa,Kolkata,Blinkit,Android,07-11-2025
403459,Arjun Karan,Lucknow,Big Basket,Others,11-11-2024
403460,Nathan Lal,Delhi,Swiggy Instamart,Android,09-10-2025
403461,Divya Sheth,Pune,Big Basket,Android,14-10-2024
403462,Amruta Basak,Chandigarh,Blinkit,Android,07-05-2025
403463,Mohini Andra,Hyderabad,Zepto,Android,22-12-2023
403464,Forum Kibe,Chennai,Swiggy Instamart,Android,04-05-2025
403465,Zehaan Dara,Mumbai,Blinkit,Android,11-03-2026
403466,Dalbir Konda,Kolkata,Big Basket,IOS,13-10-2024
403467,Ridhi Dara,Pune,Blinkit,Others,03-02-2026
403468,Vaishnavi Rastogi,Lucknow,Blinkit,Android,02-01-2024
403469,Nidhi Bhatti,Jaipur,Blinkit,Android,15-06-2025
403470,Amaira Sibal,Lucknow,Zepto,Android,17-12-2025
403471,Advay Modi,Kolkata,Blinkit,Android,02-01-2025
403472,Victor Sami,Ahmedabad,Big Basket,IOS,27-10-2023
403473,Mugdha Magar,Kolkata,Zepto,Android,02-06-2026
403474,Utkarsh Merchant,Bengaluru,Zepto,Android,05-06-2025
403475,Matthew Goel,Hyderabad,Swiggy Instamart,Others,23-01-2026
403476,Karan Khare,Kolkata,Zepto,Others,21-05-2026
403477,Viraj Gandhi,Ahmedabad,Big Basket,Android,01-10-2026
403478,Banjeet Loyal,Hyderabad,Swiggy Instamart,IOS,17-01-2026
403479,Bahadurjit Madan,Chandigarh,Zepto,IOS,25-03-2025
403480,Kamya Hora,Lucknow,Blinkit,Android,10-01-2024
403481,Varenya Gole,Kolkata,Zepto,IOS,20-11-2025
403482,Darsh Bawa,Bengaluru,Swiggy Instamart,IOS,08-11-2024
403483,Kevin Kamdar,Delhi,Zepto,IOS,22-06-2026
403484,Laban Pandey,Chandigarh,Zepto,IOS,22-01-2024
403485,Rayaan Natt,Pune,Blinkit,Android,17-07-2026
403486,Ekansh Viswanathan,Chennai,Big Basket,Others,10-01-2026
403487,Vedika Bassi,Pune,Swiggy Instamart,Others,10-12-2024
403488,Darika Kala,Kolkata,Zepto,IOS,27-06-2026
403489,Neelima Soni,Jaipur,Blinkit,Android,25-07-2026
403490,Falguni Bail,Jaipur,Big Basket,IOS,07-10-2024
403491,Hemal Borde,Jaipur,Blinkit,IOS,11-04-2026
403492,Lavanya Chada,Pune,Big Basket,IOS,05-07-2025
403493,Pallavi Garg,Kolkata,Blinkit,IOS,31-12-2025
403494,Omisha Nanda,Chennai,Big Basket,IOS,06-12-2023
403495,Hemang Krish,Kochi,Big Basket,Android,12-09-2024
403496,Wahab Ahuja,Mumbai,Big Basket,IOS,28-12-2023
403497,Gaurang Mani,Jaipur,Big Basket,Android,16-09-2025
403498,Jagat Samra,Lucknow,Blinkit,IOS,25-08-2023
403499,Ryan Dalal,Mumbai,Swiggy Instamart,Android,21-11-2023
403500,Januja Parsa,Kochi,Zepto,IOS,28-07-2024
403501,Advay Hayre,Delhi,Big Basket,Others,17-07-2025
403502,Ekalinga Thaker,Hyderabad,Blinkit,Android,12-04-2024
403503,Anya Ramakrishnan,Hyderabad,Blinkit,Android,09-04-2024
403504,Janya Suresh,Lucknow,Big Basket,IOS,20-04-2026
403505,Anamika Wali,Delhi,Zepto,IOS,18-05-2026
403506,Hiral Kar,Pune,Big Basket,IOS,17-08-2025
403507,Aarush Dasgupta,Pune,Swiggy Instamart,Android,02-07-2025
403508,Abhiram Shere,Hyderabad,Zepto,IOS,25-03-2024
403509,Charan Dass,Bengaluru,Zepto,Android,12-07-2026
403510,Chameli Sant,Kochi,Blinkit,IOS,15-03-2024
403511,Qushi Dutta,Lucknow,Zepto,IOS,01-12-2023
403512,Jonathan Rana,Bengaluru,Swiggy Instamart,Android,05-06-2025
403513,Isha Loke,Bengaluru,Swiggy Instamart,Others,26-09-2024
403514,Jason Sheth,Lucknow,Zepto,Android,11-07-2025
403515,Dhruv Chakraborty,Mumbai,Blinkit,IOS,15-09-2023
403516,Yagnesh De,Chandigarh,Big Basket,Android,19-06-2024
403517,Tamanna Narasimhan,Delhi,Swiggy Instamart,IOS,13-08-2026
403518,Krishna Peri,Chandigarh,Big Basket,Android,03-02-2025
403519,Aadhya Din,Delhi,Blinkit,Android,21-07-2025
403520,Janya Dhar,Hyderabad,Blinkit,IOS,23-09-2025
403521,Urishilla Bajaj,Kochi,Swiggy Instamart,Others,29-02-2024
403522,Dalbir Basu,Chandigarh,Big Basket,IOS,29-10-2023
403523,Megha Sankaran,Pune,Big Basket,IOS,10-01-2025
403524,Meera Krishnamurthy,Jaipur,Blinkit,Android,01-11-2023
403525,Lohit Badal,Pune,Blinkit,IOS,31-12-2024
403526,Faras Mander,Kolkata,Big Basket,Others,21-02-2024
403527,Shivansh Natarajan,Mumbai,Zepto,Others,24-05-2024
403528,Rudra Pathak,Hyderabad,Big Basket,IOS,04-02-2024
403529,Aarini Malhotra,Lucknow,Zepto,IOS,15-08-2025
403530,Arjun Jani,Pune,Swiggy Instamart,IOS,09-10-2024
403531,Keya Sabharwal,Ahmedabad,Big Basket,IOS,17-07-2026
403532,Bimala Srinivas,Pune,Swiggy Instamart,Android,30-01-2026
403533,Hardik Samra,Pune,Blinkit,Android,24-03-2026
403534,Baljiwan Balan,Mumbai,Big Basket,IOS,20-05-2025
403535,Lila Kant,Bengaluru,Swiggy Instamart,Android,28-11-2023
403536,Harshil Johal,New Delhi,Swiggy Instamart,IOS,03-09-2023
403537,Arunima Choudhary,Pune,Big Basket,Others,26-04-2024
403538,Yash Barad,Kolkata,Swiggy Instamart,IOS,06-12-2025
403539,Wahab Dalal,Pune,Zepto,Android,06-09-2024
403540,Jeevika Bora,Bengaluru,Blinkit,IOS,24-01-2026
403541,Rachita Bahl,Jaipur,Swiggy Instamart,IOS,15-06-2025
403542,Bhanumati Nayar,Delhi,Big Basket,IOS,01-09-2024
403543,Aayush Hans,Lucknow,Zepto,IOS,14-07-2026
403544,Warinder Dalal,Pune,Big Basket,IOS,03-07-2026
403545,Jeevika Gade,Jaipur,Big Basket,Android,22-05-2025
403546,Logan Wagle,New Delhi,Big Basket,IOS,28-07-2025
403547,Nikita Wable,Kochi,Zepto,IOS,30-10-2023
403548,Tristan Palla,Ahmedabad,Swiggy Instamart,Android,14-10-2024
403549,Keya Varkey,Kolkata,Zepto,Android,01-04-2024
403550,Tanay Mukherjee,Bengaluru,Zepto,Android,20-09-2023
403551,Jasmit Garde,Delhi,Big Basket,IOS,20-01-2026
403552,Saksham Choudhury,Chandigarh,Blinkit,Android,03-11-2023
403553,Aarini Virk,Bengaluru,Big Basket,Android,04-07-2024
403554,Luke Chowdhury,Pune,Big Basket,Others,05-11-2025
403555,Gaurav Mani,Lucknow,Big Basket,IOS,20-10-2025
403556,David Gala,Delhi,Big Basket,IOS,03-11-2024
403557,Harish Chad,Mumbai,Swiggy Instamart,Android,11-08-2025
403558,Omisha Muni,Lucknow,Blinkit,Android,14-04-2024
403559,Rishi Lall,Mumbai,Big Basket,Others,11-03-2026
403560,Aarna Deol,Mumbai,Zepto,IOS,11-07-2024
403561,Maanas Kuruvilla,Ahmedabad,Zepto,Android,22-06-2025
403562,Widisha Sem,Mumbai,Blinkit,Others,28-02-2026
403563,Neelima Agrawal,Kolkata,Big Basket,Android,23-07-2026
403564,Yuvraj Dhawan,Mumbai,Blinkit,Android,26-01-2024
403565,Tanmayi Nayar,Chennai,Big Basket,IOS,14-01-2024
403566,Abeer Hora,Jaipur,Zepto,Android,24-01-2024
403567,Harita Korpal,Hyderabad,Blinkit,Others,08-08-2024
403568,Samesh Vyas,Pune,Swiggy Instamart,Others,23-11-2024
403569,Lopa Karpe,Delhi,Blinkit,Android,19-11-2025
403570,Sneha Kumer,Hyderabad,Big Basket,IOS,25-07-2025
403571,Orinder Hayer,Chennai,Zepto,IOS,28-08-2024
403572,Lakshmi Saxena,Chandigarh,Zepto,Android,23-08-2025
403573,Advaith Sood,Chennai,Blinkit,IOS,26-01-2024
403574,Janya Mann,Kochi,Zepto,IOS,03-12-2024
403575,Harshil Ganesan,Bengaluru,Swiggy Instamart,Android,21-05-2026
403576,Eesha Kumer,Kolkata,Swiggy Instamart,Android,27-04-2026
403577,Urvi Lad,Ahmedabad,Big Basket,Android,24-01-2025
403578,Xiti Wagle,Kolkata,Swiggy Instamart,Android,02-08-2026
403579,Bachittar Contractor,Bengaluru,Blinkit,Android,31-03-2025
403580,Chaitanya Saran,Hyderabad,Swiggy Instamart,IOS,08-03-2024
403581,Advik Seshadri,Hyderabad,Swiggy Instamart,Others,15-02-2025
403582,Advik Kanda,Kolkata,Blinkit,Android,01-10-2025
403583,Vrinda Batra,Kochi,Zepto,IOS,03-04-2026
403584,Arin Saini,Kochi,Zepto,IOS,24-09-2024
403585,Avi Atwal,Lucknow,Blinkit,Android,09-06-2024
403586,Tamanna Bali,Chandigarh,Blinkit,Android,03-05-2024
403587,Yadavi Chopra,Pune,Zepto,IOS,21-08-2025
403588,Oni Kalita,Delhi,Big Basket,Others,19-05-2024
403589,Luke Sahni,Lucknow,Swiggy Instamart,IOS,24-01-2026
403590,Vasudha Kuruvilla,Delhi,Zepto,Android,01-05-2026
403591,Deepa Gandhi,Chandigarh,Zepto,Others,12-05-2026
403592,Hritik Hegde,Bengaluru,Blinkit,IOS,20-10-2024
403593,Dalbir Madan,Mumbai,Blinkit,IOS,23-09-2025
403594,Ekantika Goda,Ahmedabad,Zepto,Android,14-06-2025
403595,Chakradhar Panchal,Kolkata,Big Basket,IOS,03-12-2024
403596,Ranbir Dhaliwal,Hyderabad,Swiggy Instamart,Android,08-11-2024
403597,David Biswas,Ahmedabad,Blinkit,Android,05-06-2024
403598,Yasti Khosla,Ahmedabad,Blinkit,IOS,29-09-2023
403599,Warinder Mall,Ahmedabad,Blinkit,Android,29-07-2025
403600,Vasudha Ram,Delhi,Big Basket,IOS,29-11-2025
403601,Aarini Reddy,Kolkata,Blinkit,IOS,14-07-2025
403602,Udarsh Parekh,Chennai,Swiggy Instamart,IOS,10-03-2026
403603,Falan Balan,Kolkata,Zepto,Android,15-11-2024
403604,Manthan Bawa,Pune,Zepto,Android,15-10-2025
403605,Sarthak Bains,Bengaluru,Blinkit,Others,11-07-2025
403606,Tanmayi Gara,Mumbai,Blinkit,IOS,25-03-2024
403607,Lipika Mohan,Hyderabad,Big Basket,IOS,10-03-2026
403608,Gauri Bal,Chandigarh,Zepto,Android,14-10-2023
403609,Quincy Mohanty,Chennai,Big Basket,IOS,08-09-2024
403610,Advika Ravi,Kolkata,Swiggy Instamart,Android,09-03-2024
403611,Udarsh Narain,Chennai,Zepto,IOS,01-07-2025
403612,Pallavi Thaker,Bengaluru,Big Basket,IOS,24-09-2024
403613,Bakhshi Andra,Hyderabad,Big Basket,Android,11-08-2025
403614,Akshay Pradhan,Kochi,Zepto,IOS,28-07-2025
403615,Madhav Samra,Kochi,Big Basket,Android,13-12-2023
403616,Tejas Gala,Pune,Swiggy Instamart,Android,18-06-2025
403617,Harshil Patla,Hyderabad,Blinkit,Android,23-06-2025
403618,Vinaya Shanker,Jaipur,Blinkit,Android,16-05-2024
403619,Oliver Narula,Mumbai,Blinkit,IOS,21-06-2025
403620,Samar Badal,Kolkata,Big Basket,Android,23-04-2026
403621,Naveen Manne,Kochi,Swiggy Instamart,Android,11-03-2026
403622,Zayyan Parmer,Ahmedabad,Swiggy Instamart,Android,04-09-2025
403623,Saumya Bhagat,Jaipur,Swiggy Instamart,Android,30-01-2025
403624,Arya Pradhan,Pune,Blinkit,Android,30-11-2023
403625,Ishwar Warrior,Jaipur,Zepto,IOS,26-07-2026
403626,Oni Deo,Ahmedabad,Big Basket,Others,13-09-2025
403627,Ekansh Arya,Bengaluru,Zepto,Others,26-01-2025
403628,Anjali Pathak,Chandigarh,Swiggy Instamart,IOS,18-05-2026
403629,Brijesh Dora,Ahmedabad,Blinkit,IOS,17-07-2026
403630,Jatin Bora,Bengaluru,Big Basket,IOS,15-02-2024
403631,Bina Samra,Bengaluru,Zepto,IOS,21-05-2026
403632,Qasim Pandit,Delhi,Zepto,Android,27-12-2025
403633,Ekalinga Sodhi,New Delhi,Big Basket,Android,21-01-2025
403634,Maanav Padmanabhan,Kochi,Zepto,Others,09-11-2025
403635,Oscar Narasimhan,Kolkata,Zepto,IOS,11-09-2024
403636,Michael Char,Jaipur,Zepto,Android,26-10-2024
403637,Chatura Sani,Pune,Blinkit,Android,18-09-2023
403638,Avni Bhattacharyya,Hyderabad,Zepto,IOS,01-02-2024
403639,Ekbal Kala,Lucknow,Big Basket,IOS,19-07-2026
403640,Vincent Bhandari,Chennai,Zepto,IOS,01-07-2025
403641,Vedant Bhavsar,Pune,Swiggy Instamart,Others,26-08-2025
403642,Orinder Krishnan,Lucknow,Blinkit,Android,07-03-2026
403643,David Virk,Kochi,Swiggy Instamart,Android,09-01-2026
403644,Hemal Varkey,Delhi,Zepto,Android,03-07-2024
403645,Nidra Prabhakar,Delhi,Swiggy Instamart,Android,08-05-2024
403646,Praneel Golla,Jaipur,Swiggy Instamart,IOS,01-08-2026
403647,Zehaan Yogi,Ahmedabad,Zepto,IOS,25-11-2025
403648,Vyanjana Sengupta,Kolkata,Swiggy Instamart,Android,30-12-2025
403649,Anya Samra,Kolkata,Big Basket,Others,15-07-2026
403650,Vasudha Rajagopal,Lucknow,Blinkit,IOS,02-01-2026
403651,Yuvraj Dewan,Kolkata,Blinkit,Android,10-03-2025
403652,Rachita Krishnamurthy,Chandigarh,Swiggy Instamart,Android,30-10-2025
403653,Ridhi Luthra,Chennai,Big Basket,IOS,08-03-2024
403654,Vrinda Mangal,Kochi,Zepto,Android,12-03-2024
403655,Maya Mandal,Kolkata,Zepto,IOS,15-07-2026
403656,Urvashi Iyer,Kochi,Big Basket,IOS,24-08-2023
403657,Chandran Baral,Kolkata,Swiggy Instamart,Android,23-12-2023
403658,Azad Gopal,Lucknow,Swiggy Instamart,IOS,20-09-2023
403659,Jason Pai,Chandigarh,Big Basket,IOS,08-11-2023
403660,Lavanya Dasgupta,Lucknow,Blinkit,IOS,04-02-2026
403661,Manya Kar,Bengaluru,Zepto,IOS,24-10-2023
403662,Kala Khanna,Jaipur,Zepto,Android,11-09-2024
403663,Riya Reddy,Pune,Big Basket,Android,17-04-2025
403664,Xalak Swamy,Mumbai,Swiggy Instamart,Others,14-01-2026
403665,Ranveer Jani,Bengaluru,Swiggy Instamart,IOS,19-07-2026
403666,Tanay Chatterjee,Mumbai,Swiggy Instamart,Android,15-04-2024
403667,Parth Ravi,Lucknow,Big Basket,IOS,09-02-2026
403668,Wriddhish Karnik,Chandigarh,Blinkit,IOS,26-04-2025
403669,Fariq Bawa,Ahmedabad,Swiggy Instamart,Android,03-07-2025
403670,Chavvi Sethi,Chandigarh,Zepto,Android,28-12-2024
403671,Nathan Chaudhry,Chennai,Zepto,IOS,18-01-2024
403672,Jairaj Suresh,Chennai,Blinkit,Android,20-03-2025
403673,Jonathan Morar,Jaipur,Zepto,Android,10-03-2026
403674,Suhani Datta,Ahmedabad,Blinkit,IOS,07-03-2024
403675,Janani Sodhi,Chandigarh,Blinkit,IOS,21-12-2023
403676,Urvi Chauhan,Kolkata,Swiggy Instamart,IOS,29-12-2024
403677,Unni Koshy,Pune,Swiggy Instamart,Android,16-07-2026
403678,Rishi Yogi,Chennai,Zepto,Android,18-09-2024
403679,Timothy Soni,Pune,Zepto,Android,13-09-2024
403680,Utkarsh Kibe,Lucknow,Big Basket,IOS,11-07-2026
403681,Yashoda Khalsa,Ahmedabad,Big Basket,Others,01-05-2025
403682,Utkarsh Gade,Delhi,Blinkit,IOS,19-10-2023
403683,Sachi Bhasin,Chennai,Blinkit,Android,31-07-2024
403684,Anya Mand,Ahmedabad,Blinkit,IOS,07-01-2026
403685,Ikshita Brahmbhatt,Pune,Swiggy Instamart,IOS,16-01-2026
403686,Aishani Dora,Hyderabad,Blinkit,Android,12-05-2024
403687,Lohit Bhattacharyya,Ahmedabad,Blinkit,Android,28-12-2024
403688,Naksh Venkataraman,Pune,Zepto,Android,27-08-2025
403689,Naveen Walia,Chandigarh,Zepto,Android,03-02-2026
403690,Yoshita Raman,Chennai,Blinkit,Android,14-12-2023
403691,Tanveer Bakshi,Ahmedabad,Swiggy Instamart,Others,03-03-2026
403692,Yashoda Ahuja,Jaipur,Big Basket,IOS,16-05-2026
403693,Omya Seshadri,Ahmedabad,Swiggy Instamart,IOS,12-03-2026
403694,Xavier Mahajan,Lucknow,Swiggy Instamart,Android,17-06-2026
403695,Eiravati Raghavan,Mumbai,Zepto,Android,08-01-2025
403696,Henry Karan,Chandigarh,Big Basket,IOS,04-04-2026
403697,Parth Pillai,Ahmedabad,Blinkit,Android,02-03-2025
403698,Faris Lala,Kochi,Big Basket,IOS,17-10-2024
403699,Tanmayi Gokhale,Kochi,Swiggy Instamart,IOS,07-12-2024
403700,Samarth Mahal,Mumbai,Big Basket,IOS,21-10-2024
403701,Arin Nath,Bengaluru,Blinkit,IOS,18-06-2024
403702,Rudra Sinha,New Delhi,Zepto,IOS,30-12-2025
403703,Anthony Varma,Kochi,Zepto,IOS,26-06-2024
403704,Ishwar Memon,Mumbai,Blinkit,Android,10-07-2026
403705,Damyanti Madan,Jaipur,Zepto,IOS,19-01-2024
403706,Elijah Manne,Lucknow,Big Basket,Android,22-05-2025
403707,David Keer,Bengaluru,Blinkit,Android,20-09-2024
403708,Divya Sastry,Lucknow,Zepto,Android,28-04-2026
403709,Bachittar Naik,Mumbai,Swiggy Instamart,Android,31-03-2025
403710,Amrita Hora,Ahmedabad,Big Basket,Android,29-07-2026
403711,Priya Rattan,Chennai,Big Basket,Android,14-10-2025
403712,Yauvani Mohanty,Kochi,Big Basket,Android,11-12-2025
403713,Pallavi Chander,Chandigarh,Zepto,Android,31-07-2025
403714,Jalsa Dyal,Hyderabad,Blinkit,Android,01-01-2024
403715,Kai Aggarwal,Kolkata,Big Basket,Android,27-01-2025
403716,Yashoda Zacharia,Lucknow,Big Basket,IOS,11-07-2024
403717,Fitan Gala,Kochi,Big Basket,Android,15-07-2026
403718,Damini Chakraborty,Pune,Big Basket,Android,28-09-2025
403719,Nikita Natt,Kolkata,Zepto,IOS,14-12-2025
403720,Ganga Barad,Kolkata,Big Basket,IOS,25-05-2024
403721,Megha Deol,Kochi,Blinkit,Android,28-03-2025
403722,Aarna Prasad,Chennai,Big Basket,Android,25-11-2024
403723,Andrew Brahmbhatt,Chennai,Blinkit,Android,27-02-2024
403724,Tanveer Mistry,Lucknow,Big Basket,IOS,27-02-2025
403725,Faqid Konda,Jaipur,Swiggy Instamart,Android,21-02-2025
403726,Dipta Wable,Hyderabad,Swiggy Instamart,IOS,17-05-2024
403727,Krishna Sankaran,Hyderabad,Zepto,Android,07-12-2025
403728,Riya Pradhan,Hyderabad,Big Basket,Android,09-05-2025
403729,Mitesh Pau,Lucknow,Big Basket,IOS,21-05-2025
403730,Aarnav Thaman,Kolkata,Zepto,Android,09-06-2026
403731,Christopher Lanka,Pune,Swiggy Instamart,IOS,04-03-2024
403732,Yashawini Biswas,Kolkata,Big Basket,Android,17-02-2025
403733,Yashica Raj,Hyderabad,Zepto,IOS,21-12-2023
403734,Aadhya Chowdhury,Pune,Big Basket,Others,15-01-2024
403735,Nicholas Nair,Chandigarh,Blinkit,IOS,27-08-2023
403736,Nitesh Kara,Kochi,Blinkit,Android,07-05-2025
403737,Jacob Das,Pune,Blinkit,Android,06-06-2024
403738,Amrita Verma,Lucknow,Big Basket,IOS,08-09-2025
403739,Chandresh Nath,Delhi,Swiggy Instamart,Android,20-02-2026
403740,Chasmum Batta,Ahmedabad,Big Basket,IOS,03-04-2024
403741,David Ramaswamy,Mumbai,Zepto,IOS,06-06-2026
403742,Abdul Pillay,Kolkata,Big Basket,IOS,26-03-2026
403743,Niharika Ganguly,Bengaluru,Blinkit,IOS,10-04-2024
403744,Divya Mitra,Bengaluru,Big Basket,Android,02-01-2025
403745,Oliver Solanki,Ahmedabad,Zepto,Others,27-07-2026
403746,Nathan Karan,Bengaluru,Zepto,Android,11-09-2023
403747,Qadim Ghose,Lucknow,Zepto,IOS,05-11-2024
403748,Wishi Sami,Jaipur,Big Basket,IOS,17-04-2026
403749,George Kunda,Chandigarh,Swiggy Instamart,Android,02-11-2025
403750,Aryan Mukherjee,Ahmedabad,Blinkit,IOS,16-11-2025
403751,Logan Jaggi,Mumbai,Blinkit,Android,10-07-2025
403752,Qabil Ravel,Chandigarh,Blinkit,Android,19-09-2025
403753,Omaja Singh,Pune,Big Basket,Android,31-05-2024
403754,Upasna Devi,Chandigarh,Big Basket,Android,13-04-2025
403755,Girindra Garg,Kochi,Zepto,IOS,18-01-2025
403756,Maya Dave,Chandigarh,Big Basket,Android,06-06-2026
403757,Sanaya Patla,Chennai,Big Basket,IOS,11-12-2025
403758,Fiyaz Sampath,Lucknow,Zepto,IOS,10-08-2025
403759,Charita Nair,Kolkata,Zepto,IOS,04-02-2026
403760,Turvi Yogi,Ahmedabad,Blinkit,IOS,09-09-2023
403761,Mitali Ratti,Pune,Swiggy Instamart,Android,12-04-2024
403762,Ranveer Hora,Jaipur,Big Basket,Android,22-06-2024
403763,Advika Kapadia,Hyderabad,Zepto,Android,13-05-2024
403764,Bhavya Apte,Pune,Blinkit,Android,25-06-2024
403765,Nicholas Mallick,Ncr,Blinkit,Android,16-02-2026
403766,Jason Aggarwal,Hyderabad,Big Basket,IOS,12-10-2024
403767,Ucchal Jaggi,Mumbai,Swiggy Instamart,IOS,13-10-2025
403768,Urvi Balan,Mumbai,Swiggy Instamart,Android,21-08-2024
403769,Noah Bhavsar,Hyderabad,Blinkit,IOS,23-01-2025
403770,Yashodhara Agate,Jaipur,Swiggy Instamart,Android,03-07-2026
403771,Gaurika Mani,Hyderabad,Zepto,IOS,03-02-2025
403772,Samar Pau,Hyderabad,Zepto,IOS,27-05-2024
403773,Vivaan Puri,Kolkata,Zepto,Android,10-11-2025
403774,Upadhriti Bala,Mumbai,Zepto,IOS,08-02-2026
403775,Praneel Kamdar,Delhi,Swiggy Instamart,Others,31-10-2025
403776,Quincy Jayaraman,Ahmedabad,Big Basket,Android,16-03-2025
403777,Gavin Palan,Pune,Zepto,Android,03-11-2023
403778,Yochana Seshadri,Chandigarh,Zepto,Others,11-06-2024
403779,Ansh Pillay,Kolkata,Big Basket,Android,20-10-2023
403780,Damini Sharma,Lucknow,Blinkit,Android,28-11-2023
403781,Gagan Mann,Lucknow,Zepto,IOS,07-12-2024
403782,Yachana Pradhan,Bengaluru,Swiggy Instamart,Android,18-11-2025
403783,Gaurangi Bajwa,Chennai,Zepto,Android,03-04-2026
403784,Lajita Agrawal,Bengaluru,Swiggy Instamart,Others,28-04-2024
403785,Benjamin Dhar,Lucknow,Swiggy Instamart,Android,29-11-2023
403786,Abhimanyu Bahl,Chandigarh,Swiggy Instamart,Android,30-08-2023
403787,Eesha Samra,Lucknow,Zepto,Android,31-08-2023
403788,Keya Jha,Kolkata,Big Basket,Others,17-11-2025
403789,Yamini Sarma,Bengaluru,Blinkit,Android,06-12-2025
403790,Sneha Sridhar,Chennai,Blinkit,IOS,07-03-2024
403791,Pranav Contractor,Bengaluru,Big Basket,IOS,07-12-2023
403792,Matthew More,Hyderabad,Big Basket,Android,04-02-2026
403793,Jagat Swaminathan,Kochi,Blinkit,Android,03-05-2024
403794,Diya Verma,Hyderabad,Blinkit,IOS,06-06-2025
403795,Widisha Pai,Mumbai,Swiggy Instamart,IOS,14-04-2026
403796,Maanav Grewal,Kolkata,Swiggy Instamart,IOS,28-06-2024
403797,Gaurika Parekh,Pune,Big Basket,IOS,19-02-2026
403798,Ganga Varkey,New Delhi,Zepto,Android,13-01-2025
403799,Omya Goel,Ahmedabad,Blinkit,IOS,09-08-2026
403800,Krishna Kothari,Bengaluru,Blinkit,IOS,24-01-2026
403801,Peter Bora,Ahmedabad,Zepto,IOS,30-10-2024
403802,Abha Mishra,Lucknow,Big Basket,Android,21-02-2026
403803,David Buch,Delhi,Big Basket,Android,21-11-2024
403804,Ekalinga Bath,Lucknow,Zepto,IOS,23-05-2025
403805,Januja Bala,Jaipur,Swiggy Instamart,Android,04-12-2025
403806,Ijaya Panchal,Kolkata,Swiggy Instamart,IOS,23-03-2026
403807,Matthew Hora,Jaipur,Swiggy Instamart,Android,11-10-2025
403808,Yagnesh Sathe,Chandigarh,Swiggy Instamart,IOS,03-06-2025
403809,Qabil Sarin,Ahmedabad,Zepto,IOS,31-01-2024
403810,Yuvraj Sastry,Delhi,Big Basket,IOS,08-02-2024
403811,Aarini Lala,Delhi,Big Basket,IOS,20-12-2025
403812,Ridhi Kota,Ahmedabad,Blinkit,IOS,20-10-2024
403813,Yashoda Warrior,Pune,Zepto,IOS,13-02-2024
403814,Mahika Rajan,Bengaluru,Swiggy Instamart,Android,01-05-2026
403815,Manya Vasa,New Delhi,Blinkit,Android,23-07-2025
403816,Megha Rege,Hyderabad,Swiggy Instamart,IOS,10-07-2025
403817,Zaid Shukla,Chandigarh,Zepto,Android,19-09-2024
403818,Kalpit Comar,Jaipur,Big Basket,IOS,30-04-2024
403819,Gautam Bose,Jaipur,Big Basket,Others,04-09-2025
403820,Ira Kade,Ahmedabad,Blinkit,Android,26-12-2024
403821,Urvi Modi,Pune,Blinkit,Android,20-03-2025
403822,Jack Murty,Chandigarh,Zepto,IOS,07-07-2024
403823,Michael Jha,Jaipur,Big Basket,IOS,26-02-2024
403824,Dominic Choudhury,Bengaluru,Blinkit,IOS,03-10-2026
403825,Sara Balakrishnan,Hyderabad,Swiggy Instamart,IOS,09-09-2023
403826,Ikbal Thakur,Ahmedabad,Swiggy Instamart,IOS,07-07-2026
403827,Naksh Uppal,Jaipur,Big Basket,Android,22-04-2026
403828,Aashi Lad,Ahmedabad,Big Basket,Android,12-08-2025
403829,Anusha D’Alia,Delhi,Swiggy Instamart,IOS,24-06-2025
403830,Jhalak Nayak,Kochi,Zepto,IOS,29-03-2025
403831,Ladli Dube,Kochi,Swiggy Instamart,IOS,12-11-2023
403832,Nathan Mammen,Kolkata,Big Basket,IOS,16-05-2026
403833,Mitesh Puri,Kolkata,Blinkit,Android,31-12-2025
403834,Yash Krishna,Kolkata,Zepto,IOS,24-01-2025
403835,Odika Chopra,Pune,Zepto,IOS,28-09-2024
403836,Gopal Kohli,Lucknow,Big Basket,IOS,11-07-2024
403837,Jagvi Mall,Chennai,Blinkit,Android,12-02-2026
403838,Abha Rau,Jaipur,Blinkit,IOS,09-03-2025
403839,Indali Sood,Bengaluru,Zepto,Android,30-09-2024
403840,Deepa Patla,Delhi,Blinkit,Others,01-12-2023
403841,Fariq Parmar,Chandigarh,Blinkit,Others,15-10-2025
403842,Bhavini Lata,Jaipur,Swiggy Instamart,IOS,30-11-2024
403843,Chasmum Maharaj,Kochi,Zepto,IOS,09-05-2026
403844,Xavier Bedi,Pune,Big Basket,Android,06-04-2024
403845,Arya Kari,Hyderabad,Big Basket,Android,23-09-2023
403846,Maanav Boase,Mumbai,Zepto,IOS,14-03-2026
403847,Wakeeta Tiwari,Kolkata,Big Basket,IOS,20-07-2026
403848,Tejas Krishna,Delhi,Blinkit,IOS,26-11-2024
403849,Eta Yadav,Kolkata,Blinkit,IOS,09-06-2026
403850,Darsh Suresh,Bengaluru,Swiggy Instamart,Android,17-08-2024
403851,Sathvik Kuruvilla,Mumbai,Blinkit,Android,02-08-2026
403852,Amaira Merchant,Ahmedabad,Blinkit,Android,24-10-2023
403853,Siya Bumb,Kolkata,Swiggy Instamart,Android,08-07-2025
403854,Isaac Kala,Delhi,Swiggy Instamart,Android,13-01-2026
403855,Saksham Wagle,Lucknow,Zepto,IOS,07-03-2025
403856,Omya Manne,Lucknow,Big Basket,IOS,09-10-2025
403857,Yoshita Borde,Chennai,Big Basket,Android,20-01-2025
403858,Mohini Mander,Mumbai,Swiggy Instamart,Android,31-08-2025
403859,Yashawini Deo,Chandigarh,Blinkit,IOS,05-07-2024
403860,Tripti Dhaliwal,Chennai,Zepto,IOS,04-10-2023
403861,Eiravati Parikh,Ncr,Big Basket,Android,06-05-2025
403862,Xalak Talwar,Chennai,Swiggy Instamart,IOS,30-07-2026
403863,Zayan Bahl,Bengaluru,Big Basket,Android,19-07-2025
403864,Shaurya Kala,Chandigarh,Big Basket,IOS,24-04-2025
403865,Vihaan Tripathi,Delhi,Swiggy Instamart,Android,25-12-2025
403866,Tanish Bajwa,Bengaluru,Big Basket,Android,19-11-2025
403867,Alka Kashyap,Chandigarh,Zepto,Android,04-10-2025
403868,Anamika Contractor,Kochi,Zepto,IOS,17-12-2023
403869,Victor Mannan,Jaipur,Big Basket,IOS,24-03-2024
403870,Ekapad Narain,Chandigarh,Big Basket,IOS,21-05-2026
403871,Krishna Shanker,Jaipur,Blinkit,Android,02-05-2025
403872,Sai Rana,New Delhi,Blinkit,Others,24-01-2025
403873,Vyanjana Agarwal,Kochi,Blinkit,IOS,17-07-2024
403874,Divya Sarraf,Mumbai,Swiggy Instamart,IOS,07-03-2025
403875,Amol Khare,Kochi,Blinkit,Others,26-11-2025
403876,Maanav Mital,Jaipur,Blinkit,IOS,04-02-2025
403877,Ronith Prashad,Kochi,Zepto,Android,22-11-2024
403878,Ubika Tata,Bengaluru,Swiggy Instamart,Android,04-08-2025
403879,Upasna Mani,Mumbai,Blinkit,Android,03-05-2025
403880,Mugdha Gola,Kolkata,Big Basket,IOS,10-03-2025
403881,Simon Mane,Kochi,Zepto,Android,10-08-2026
403882,Caleb Ahluwalia,Mumbai,Zepto,Android,27-07-2024
403883,Anya Sachdev,Bengaluru,Zepto,Android,23-04-2026
403884,Amara Rajan,Hyderabad,Big Basket,IOS,22-11-2023
403885,Abeer Bajwa,Delhi,Zepto,Android,10-06-2025
403886,Mahika Hans,Kochi,Blinkit,IOS,25-10-2023
403887,Forum Sengupta,Kolkata,Big Basket,IOS,15-11-2023
403888,Tejas Natt,Delhi,Zepto,IOS,28-11-2025
403889,Hemangini Nair,Chandigarh,Zepto,IOS,21-07-2025
403890,Divya Mander,Lucknow,Zepto,Others,07-03-2026
403891,Jeet Desai,Kolkata,Blinkit,IOS,12-12-2023
403892,Hema Pradhan,Delhi,Swiggy Instamart,IOS,14-05-2026
403893,Mugdha Shah,Lucknow,Zepto,Android,08-03-2025
403894,Niharika Kohli,Chennai,Zepto,Android,30-04-2025
403895,Farhan Pandit,Mumbai,Blinkit,IOS,07-06-2026
403896,Ekansh Bhalla,Kolkata,Big Basket,IOS,06-02-2024
403897,Amara Padmanabhan,Mumbai,Big Basket,Android,02-05-2024
403898,Bhavya Upadhyay,Hyderabad,Big Basket,IOS,02-06-2026
403899,Darpan Keer,Chennai,Swiggy Instamart,Android,14-02-2024
403900,Yauvani Jaggi,Lucknow,Swiggy Instamart,IOS,17-07-2024
403901,Aditya Mittal,Bengaluru,Swiggy Instamart,Android,09-06-2026
403902,Vedhika Jani,Jaipur,Swiggy Instamart,Android,25-08-2025
403903,Darika Rattan,Kochi,Blinkit,Android,21-01-2024
403904,Nandini Viswanathan,Mumbai,Swiggy Instamart,Android,15-11-2025
403905,Lavanya Shanker,Delhi,Swiggy Instamart,Android,07-03-2024
403906,Jagvi Bala,Delhi,Zepto,IOS,01-12-2025
403907,Yashodhara Sahni,Chandigarh,Zepto,IOS,08-10-2023
403908,Shaurya Mukhopadhyay,Jaipur,Swiggy Instamart,Android,17-06-2026
403909,Samarth Narayanan,Kochi,Zepto,Android,12-05-2026
403910,Sanaya Tailor,Hyderabad,Big Basket,Others,24-11-2024
403911,Libni Sehgal,Mumbai,Big Basket,IOS,17-10-2023
403912,Yashoda Varma,Mumbai,Blinkit,Android,06-04-2026
403913,Aarush Sarna,Ahmedabad,Swiggy Instamart,IOS,09-03-2026
403914,Rishi Choudhry,Hyderabad,Blinkit,IOS,01-03-2025
403915,Abhiram Baral,Ahmedabad,Zepto,Others,28-01-2024
403916,Vanya Viswanathan,Kochi,Swiggy Instamart,Android,20-02-2026
403917,Xiti Kale,Kolkata,Big Basket,IOS,29-03-2024
403918,Praneel Muni,Chandigarh,Zepto,Android,16-03-2026
403919,Azad Din,Hyderabad,Blinkit,Android,15-07-2025
403920,Devansh Deo,Kolkata,Big Basket,IOS,20-09-2024
403921,Vincent Balasubramanian,Kochi,Blinkit,IOS,25-04-2026
403922,Ekantika Khosla,Lucknow,Big Basket,IOS,06-09-2026
403923,Chakrika Sabharwal,Lucknow,Zepto,Others,14-12-2023
403924,Balhaar Sagar,Chennai,Blinkit,Android,06-02-2024
403925,Aarav Gaba,Chennai,Zepto,Android,13-09-2023
403926,Turvi Behl,Chennai,Swiggy Instamart,IOS,01-09-2025
403927,Ansh Singhal,New Delhi,Swiggy Instamart,IOS,28-09-2025
403928,Gaurav Nagi,Chennai,Swiggy Instamart,IOS,05-09-2023
403929,Tarak Viswanathan,Bengaluru,Zepto,IOS,03-04-2024
403930,Yamini Khatri,Chennai,Blinkit,Others,27-11-2025
403931,Ronith Desai,Pune,Swiggy Instamart,IOS,15-06-2024
403932,Raagini Wason,Chennai,Big Basket,IOS,06-04-2025
403933,Siddharth Guha,Lucknow,Zepto,IOS,28-10-2023
403934,Max Murthy,Ahmedabad,Big Basket,Android,23-04-2026
403935,Pranit Reddy,Ahmedabad,Blinkit,Android,04-03-2026
403936,Elijah Mishra,Jaipur,Blinkit,Android,31-10-2023
403937,Hamsini Bir,Jaipur,Big Basket,Android,11-12-2025
403938,Dhriti Gole,Ahmedabad,Swiggy Instamart,IOS,08-09-2025
403939,Umang Guha,Ahmedabad,Swiggy Instamart,Android,02-01-2026
403940,Faqid Sarin,Kochi,Zepto,Android,03-05-2026
403941,Chavvi Varghese,Delhi,Zepto,Android,21-03-2026
403942,Urvashi Yogi,Lucknow,Swiggy Instamart,Android,01-09-2023
403943,Samar Dara,Pune,Zepto,IOS,24-12-2025
403944,Jacob Datta,Chennai,Swiggy Instamart,IOS,13-09-2024
403945,Anusha Batra,Hyderabad,Blinkit,IOS,20-12-2024
403946,Wishi Mahajan,Jaipur,Swiggy Instamart,IOS,04-10-2024
403947,Gayathri Parekh,Bengaluru,Swiggy Instamart,Android,28-04-2025
403948,Chandani Jani,Pune,Blinkit,IOS,01-12-2025
403949,Umang Date,Chandigarh,Big Basket,Android,12-04-2025
403950,Raagini Devi,Ahmedabad,Blinkit,Android,24-10-2025
403951,Hiral Sur,Chennai,Zepto,IOS,23-06-2025
403952,Indrajit Char,Delhi,Blinkit,Android,19-07-2026
403953,Liam Chand,Hyderabad,Blinkit,Android,15-03-2026
403954,Pooja Ahluwalia,Pune,Zepto,Android,17-02-2026
403955,Devika Dube,Ahmedabad,Big Basket,Android,27-08-2024
403956,Damini Roy,Mumbai,Swiggy Instamart,Android,02-11-2024
403957,Yasti Shah,Mumbai,Blinkit,IOS,05-03-2024
403958,Balhaar Bhatnagar,Mumbai,Zepto,IOS,02-02-2026
403959,Xiti Tandon,Chandigarh,Swiggy Instamart,IOS,01-06-2024
403960,Rachita Deol,Hyderabad,Big Basket,IOS,17-09-2023
403961,Eta Wable,Bengaluru,Swiggy Instamart,Android,21-06-2026
403962,Utkarsh Bath,Bengaluru,Zepto,Others,21-10-2023
403963,Mitesh Gandhi,Lucknow,Swiggy Instamart,IOS,21-05-2025
403964,Lopa Pandit,Bengaluru,Blinkit,IOS,09-06-2024
403965,Mohammed Luthra,Chennai,Swiggy Instamart,IOS,07-04-2024
403966,Kashvi Behl,Hyderabad,Zepto,Android,29-10-2023
403967,Lekha Venkatesh,Hyderabad,Blinkit,IOS,21-04-2026
403968,Vansha Yohannan,Delhi,Blinkit,IOS,04-07-2025
403969,Kabir Datta,Lucknow,Blinkit,IOS,20-11-2023
403970,Ishwar Gara,Ahmedabad,Big Basket,Android,25-09-2023
403971,Pahal Agrawal,Jaipur,Blinkit,IOS,06-10-2025
403972,Champak Dada,Chennai,Blinkit,IOS,31-12-2023
403973,Ranbir Nazareth,Pune,Blinkit,Android,21-07-2026
403974,Tristan Mitra,Chandigarh,Big Basket,IOS,22-08-2024
403975,Praneel Sarma,Chennai,Blinkit,IOS,13-12-2024
403976,Ayushman Sem,Mumbai,Zepto,Android,08-04-2024
403977,Veer Bahl,Kolkata,Blinkit,IOS,25-01-2025
403978,Vasudha Swaminathan,Bengaluru,Swiggy Instamart,IOS,16-10-2025
403979,Aarini Sunder,New Delhi,Blinkit,IOS,05-06-2024
403980,Aishani Sridhar,Chandigarh,Zepto,IOS,03-05-2026
403981,Luke Narasimhan,Chandigarh,Zepto,IOS,22-04-2026
403982,Laksh Karan,Kolkata,Big Basket,IOS,24-12-2024
403983,Aashi Sawhney,Chandigarh,Zepto,IOS,14-12-2024
403984,Madhav Verma,Jaipur,Swiggy Instamart,Android,04-02-2024
403985,Joshua Kala,Mumbai,Big Basket,IOS,30-06-2025
403986,Leela Sood,Kolkata,Zepto,IOS,29-04-2024
403987,Zayyan Pathak,Mumbai,Blinkit,IOS,02-02-2026
403988,Nicholas Dugal,Pune,Zepto,Android,03-02-2025
403989,Lila Banerjee,Lucknow,Big Basket,Android,07-01-2026
403990,Tanveer Setty,Chennai,Zepto,IOS,21-07-2025
403991,Faras Patel,Lucknow,Swiggy Instamart,IOS,26-08-2024
403992,Anthony Master,Lucknow,Zepto,Others,14-07-2025
403993,Advay Lad,Kolkata,Swiggy Instamart,IOS,19-01-2025
403994,Pushti Gara,Kochi,Zepto,Android,28-10-2023
403995,Tanmayi Iyer,Chandigarh,Big Basket,Android,01-03-2025
403996,Dipta Loyal,Chandigarh,Blinkit,IOS,10-07-2026
403997,Anusha Kara,Ahmedabad,Blinkit,IOS,29-12-2024
403998,Sanya Deo,Bengaluru,Zepto,IOS,21-09-2023
403999,Unnati Ganguly,Chandigarh,Blinkit,IOS,10-10-2023
404000,Zaitra Das,Kolkata,Zepto,IOS,25-03-2026
401531,Leena Rau,Kolkata,Blinkit,IOS,12-09-2024
403572,Lakshmi Saxena,Chandigarh,Zepto,Android,23-08-2025
403360,Yasti Memon,Chandigarh,Swiggy Instamart,Others,10-10-2023
400863,Ekantika Kohli,Bengaluru,Zepto,Android,12-10-2025
402332,Pranav Narula,Kochi,Big Basket,Android,24-06-2025
401620,Robert Dhingra,Hyderabad,Swiggy Instamart,IOS,29-08-2023
402096,Samesh Parsa,Ncr,Blinkit,Android,17-01-2025
400370,Anthony Zacharia,Bengaluru,Swiggy Instamart,IOS,26-08-2024
402564,Forum Patel,Delhi,Zepto,Android,01-10-2024
401020,Kabir Singh,Kochi,Blinkit,Others,01-03-2024
400781,Harini Toor,Chennai,Zepto,Android,28-08-2024
401913,Hardik Tripathi,Ahmedabad,Big Basket,IOS,04-05-2026
402553,Nicholas Bobal,Jaipur,Zepto,IOS,02-01-2024
402977,Shravya Morar,Chandigarh,Zepto,Android,23-06-2025
400403,Zarna Comar,Ahmedabad,Zepto,IOS,18-04-2026
403291,Akshay Wali,Kochi,Big Basket,Android,17-08-2024
402506,Aishani Bhatti,Jaipur,Swiggy Instamart,Android,31-01-2026
402297,Yash Merchant,Mumbai,Blinkit,IOS,23-06-2024
