order_item_id,order_id,product_id,quantity,item_price_inr,line_total_inr
900001,7013264,30826,7.0,643.23,4502.61
900002,7008377,30168,11.0,761.36,8374.96
900003,7012539,30735,4.0,436.72,1746.88
900004,7007755,31270,7.0,680.48,4763.36
900005,7011777,31125,7.0,235.5,1648.5
900006,7002759,30770,11.0,1185.03,13035.33
900007,7006124,31497,8.0,674.54,5396.32
900008,7012563,30090,6.0,695.25,4171.5
900009,7002907,30238,2.0,1069.22,2138.44
900010,7006171,31410,5.0,844.29,4221.45
900011,7014779,30678,9.0,587.37,5286.33
900012,7013311,31057,2.0,155.0,310.0
900013,7000967,30228,10.0,1135.89,11358.9
900014,7014600,30415,3.0,574.94,1724.82
900015,7006024,30050,3.0,442.51,1327.53
900016,7014283,30469,8.0,478.34,3826.72
900017,7006438,30023,12.0,287.6,3451.2
900018,7000065,31288,7.0,880.79,6165.53
900019,7011778,30607,7.0,516.35,3614.45
900020,7007825,30494,2.0,844.4,1688.8
900021,7001362,30578,7.0,1138.03,7966.21
900022,7013276,30690,11.0,803.43,8837.73
900023,7004749,31084,9.0,353.19,3178.71
900024,7008225,30263,11.0,1142.55,12568.05
900025,7001355,30367,6.0,460.03,2760.18
900026,7007121,30663,3.0,166.28,498.84
900027,7002544,30383,2.0,740.79,1481.58
900028,7010232,31497,5.0,606.36,3031.8
900029,7005843,30866,11.0,1019.69,11216.59
900030,7000090,30074,9.0,372.08,3348.72
900031,7002720,30422,4.0,953.22,3812.88
900032,7006508,30773,1.0,250.69,250.69
900033,7002018,30771,3.0,879.77,2639.31
900034,7005036,30747,9.0,1167.21,10504.89
900035,7014737,30059,4.0,884.15,3536.6
900036,7004765,30730,3.0,853.74,2561.22
900037,7002537,30876,10.0,280.89,2808.9
900038,7008155,30514,2.0,426.55,853.1
900039,7013275,30633,12.0,927.02,11124.24
900040,7008959,31062,12.0,993.33,11919.96
900041,7010252,30576,1.0,1043.76,1043.76
900042,7010701,30024,2.0,384.37,768.74
900043,7004812,31417,1.0,317.06,317.06
900044,7007825,30575,6.0,981.66,5889.96
900045,7002726,30113,12.0,808.46,9701.52
900046,7009155,30590,11.0,212.53,2337.83
900047,7004279,31181,2.0,835.68,1671.36
900048,7005970,30238,2.0,650.86,1301.72
900049,7009447,30802,8.0,356.92,2855.36
900050,7002041,30470,6.0,713.7,4282.2
900051,7008163,31490,10.0,126.74,1267.4
900052,7001768,30358,5.0,808.89,4044.45
900053,7010997,30692,1.0,459.21,459.21
900054,7007435,30089,4.0,498.79,1995.16
900055,7008209,30031,7.0,972.32,6806.24
900056,7000047,31333,9.0,560.12,5041.08
900057,7006734,30181,6.0,1190.23,7141.38
900058,7011774,30654,7.0,518.97,3632.79
900059,7007888,30817,7.0,522.64,3658.48
900060,7000256,31339,3.0,1120.2,3360.6
900061,7008946,30132,7.0,625.06,4375.42
900062,7012371,30459,6.0,549.79,3298.74
900063,7000291,31109,10.0,880.33,8803.3
900064,7006297,30039,7.0,252.78,1769.46
900065,7004962,30490,11.0,270.05,2970.55
900066,7007747,30371,1.0,221.6,221.6
900067,7009986,31493,5.0,343.79,1718.95
900068,7004487,30758,4.0,585.3,2341.2
900069,7010229,31099,5.0,360.55,1802.75
900070,7005498,30117,11.0,213.81,2351.91
900071,7006558,30446,2.0,304.57,609.14
900072,7011390,30778,10.0,187.91,1879.1
900073,7002115,30851,2.0,350.74,701.48
900074,7007919,31496,6.0,759.54,4557.24
900075,7013641,30188,11.0,705.76,7763.36
900076,7004984,30155,2.0,925.2,1850.4
900077,7003150,30743,2.0,531.9,1063.8
900078,7007700,31225,4.0,862.68,3450.72
900079,7009153,30021,5.0,90.78,453.9
900080,7012816,31021,1.0,22.91,22.91
900081,7009711,31421,11.0,532.29,5855.19
900082,7014523,30962,3.0,474.29,1422.87
900083,7000610,30121,5.0,1183.08,5915.4
900084,7000053,30851,5.0,757.06,3785.3
900085,7008190,31435,1.0,1117.0,1117.0
900086,7001420,30201,12.0,1090.41,13084.92
900087,7014733,30456,6.0,800.87,4805.22
900088,7000572,31116,3.0,90.38,271.14
900089,7007893,30972,4.0,278.28,1113.12
900090,7000014,31101,4.0,618.99,2475.96
900091,7008677,31023,11.0,203.51,2238.61
900092,7010732,31111,6.0,1065.44,6392.64
900093,7013091,30984,6.0,1166.16,6996.96
900094,7002749,30882,9.0,1177.68,10599.12
900095,7011086,31438,11.0,368.77,4056.47
900096,7000747,30229,1.0,371.94,371.94
900097,7000699,30691,2.0,1095.33,2190.66
900098,7001777,31490,2.0,551.73,1103.46
900099,7007982,30804,8.0,1009.91,8079.28
900100,7006944,30008,4.0,226.96,907.84
900101,7014386,30474,4.0,134.93,539.72
900102,7014859,30103,5.0,60.27,301.35
900103,7002765,31163,5.0,904.47,4522.35
900104,7000793,31172,6.0,821.52,4929.12
900105,7010848,30937,11.0,981.34,10794.74
900106,7009875,30189,9.0,731.81,6586.29
900107,7012394,31383,4.0,1118.23,4472.92
900108,7000971,30794,5.0,839.25,4196.25
900109,7012031,31267,12.0,572.38,6868.56
900110,7001270,31476,11.0,672.31,7395.41
900111,7008077,30799,10.0,220.83,2208.3
900112,7013388,30208,6.0,1086.84,6521.04
900113,7002079,31492,2.0,394.55,789.1
900114,7007759,30607,4.0,382.97,1531.88
900115,7008665,31097,6.0,216.07,1296.42
900116,7000653,31076,1.0,625.18,625.18
900117,7011603,30543,1.0,821.66,821.66
900118,7009662,30879,2.0,716.16,1432.32
900119,7008377,30260,2.0,101.22,202.44
900120,7000395,31491,4.0,431.61,1726.44
900121,7002529,31387,2.0,638.98,1277.96
900122,7011724,31140,6.0,948.99,5693.94
900123,7008038,30940,10.0,503.79,5037.9
900124,7009237,30391,5.0,847.48,4237.4
900125,7003717,31038,10.0,919.46,9194.6
900126,7013127,30015,7.0,728.12,5096.84
900127,7007036,30238,5.0,1055.84,5279.2
900128,7013677,30410,10.0,941.8,9418.0
900129,7013872,31493,2.0,466.08,932.16
900130,7002986,31181,1.0,125.7,125.7
900131,7012157,31038,11.0,147.86,1626.46
900132,7012131,30180,5.0,995.42,4977.1
900133,7002498,31085,8.0,905.95,7247.6
900134,7001447,30978,4.0,402.93,1611.72
900135,7001153,30577,4.0,961.48,3845.92
900136,7006805,30966,7.0,1112.14,7784.98
900137,7009737,30538,3.0,96.73,290.19
900138,7014391,30748,8.0,288.22,2305.76
900139,7002002,30516,3.0,265.53,796.59
900140,7005564,31063,1.0,565.94,565.94
900141,7010039,31373,2.0,1105.31,2210.62
900142,7014720,31147,12.0,11.15,133.8
900143,7000902,30038,10.0,1083.22,10832.2
900144,7008762,30993,2.0,828.44,1656.88
900145,7002079,30991,5.0,529.14,2645.7
900146,7000700,31123,1.0,1062.98,1062.98
900147,7010134,31436,10.0,591.27,5912.7
900148,7004095,31317,3.0,925.79,2777.37
900149,7009098,30172,9.0,71.34,642.06
900150,7010323,31477,4.0,961.15,3844.6
900151,7001347,30637,11.0,206.9,2275.9
900152,7006507,30168,11.0,940.22,10342.42
900153,7005537,31131,3.0,599.5,1798.5
900154,7009230,30207,3.0,959.97,2879.91
900155,7007689,31109,2.0,495.98,991.96
900156,7006341,31040,8.0,218.03,1744.24
900157,7008143,30975,7.0,79.69,557.83
900158,7008433,30120,1.0,756.55,756.55
900159,7001548,30218,4.0,1136.95,4547.8
900160,7005955,30484,1.0,78.66,78.66
900161,7004588,31053,10.0,486.09,4860.9
900162,7007513,30521,3.0,627.82,1883.46
900163,7010329,31463,2.0,321.15,642.3
900164,7009162,31293,8.0,118.53,948.24
900165,7008055,30999,5.0,955.28,4776.4
900166,7004153,30884,4.0,523.81,2095.24
900167,7006189,30961,1.0,262.14,262.14
900168,7005158,30408,8.0,1079.78,8638.24
900169,7014597,30954,9.0,522.42,4701.78
900170,7000684,30428,4.0,878.44,3513.76
900171,7006071,30456,3.0,507.73,1523.19
900172,7003955,30827,11.0,398.99,4388.89
900173,7007332,30845,1.0,441.08,441.08
900174,7011933,30582,4.0,608.46,2433.84
900175,7004173,31466,5.0,1171.14,5855.7
900176,7004503,30915,8.0,100.59,804.72
900177,7002094,30987,2.0,23.56,47.12
900178,7014177,30007,10.0,690.81,6908.1
900179,7003166,31296,8.0,501.83,4014.64
900180,7013490,30791,12.0,361.28,4335.42
900181,7011660,31275,11.0,834.07,9174.77
900182,7012848,30239,7.0,1027.32,7191.24
900183,7011063,31325,11.0,988.89,10877.79
900184,7010606,30107,2.0,708.88,1417.76
900185,7013875,30285,2.0,804.4,1608.8
900186,7010768,30502,9.0,944.27,8498.43
900187,7000104,31098,5.0,1139.95,5699.75
900188,7009470,30727,1.0,635.91,635.91
900189,7008936,30110,4.0,109.48,437.92
900190,7014954,30392,6.0,330.49,1982.94
900191,7004064,30346,1.0,632.55,632.55
900192,7012179,30797,5.0,267.96,1339.8
900193,7011268,30097,10.0,805.82,8058.2
900194,7003150,30596,11.0,260.19,2862.09
900195,7013344,31219,9.0,681.83,6136.47
900196,7004075,31287,12.0,1196.89,14362.68
900197,7012367,30767,11.0,355.83,3914.13
900198,7007492,30604,9.0,297.39,2676.51
900199,7002923,31249,12.0,595.4,7144.8
900200,7014206,30561,3.0,668.08,2004.22
900201,7006871,30321,1.0,497.47,497.47
900202,7003727,30943,4.0,782.89,3131.56
900203,7008965,31465,6.0,130.84,785.02
900204,7010265,30057,8.0,936.83,7494.64
900205,7001362,30778,8.0,767.22,6137.76
900206,7006144,30539,9.0,101.64,914.76
900207,7007515,31008,9.0,335.95,3023.55
900208,7007272,30660,11.0,1161.1,12772.1
900209,7001598,31406,1.0,23.4,23.4
900210,7007075,30781,7.0,598.31,4188.17
900211,7002702,31251,5.0,763.97,3819.85
900212,7005056,30885,11.0,493.03,5423.33
900213,7000774,31106,12.0,405.71,4868.52
900214,7010983,30097,8.0,118.58,948.67
900215,7003648,30914,12.0,507.02,6084.24
900216,7006269,30315,11.0,507.69,5584.59
900217,7012406,30263,7.0,440.6,3084.2
900218,7000219,30170,8.0,436.05,3488.4
900219,7008600,30354,7.0,159.87,1119.09
900220,7003895,30418,7.0,424.16,2969.12
900221,7014921,30581,7.0,167.25,1170.75
900222,7000572,31446,1.0,315.92,315.92
900223,7001555,31092,12.0,867.51,10410.12
900224,7008539,30747,5.0,735.74,3678.7
900225,7004168,30022,4.0,764.28,3057.12
900226,7008204,31218,6.0,71.09,426.54
900227,7000825,30628,9.0,595.34,5358.06
900228,7000806,30785,5.0,712.98,3564.9
900229,7000859,31115,2.0,429.18,858.36
900230,7002753,31269,3.0,191.67,575.01
900231,7001164,30248,7.0,936.87,6558.09
900232,7009473,30010,8.0,136.01,1088.08
900233,7011025,30933,4.0,269.93,1079.72
900234,7014224,30306,6.0,140.39,842.34
900235,7007410,30114,1.0,1156.87,1156.87
900236,7008007,30875,1.0,812.91,812.91
900237,7005827,30401,6.0,644.53,3867.18
900238,7005959,30510,7.0,396.81,2777.69
900239,7014996,30110,12.0,646.98,7763.76
900240,7002530,30620,5.0,908.71,4543.55
900241,7002236,30224,10.0,768.37,7683.7
900242,7000191,30951,3.0,121.41,364.23
900243,7002699,30733,1.0,263.38,263.38
900244,7008870,31144,2.0,561.38,1122.76
900245,7009414,30676,4.0,564.01,2256.04
900246,7009266,30445,8.0,1106.31,8850.48
900247,7005782,31091,11.0,572.85,6301.35
900248,7008411,30628,1.0,810.27,810.27
900249,7009026,30188,4.0,375.45,1501.8
900250,7011928,31323,5.0,1055.14,5275.7
900251,7005412,31338,12.0,110.37,1324.44
900252,7014117,30115,7.0,84.25,589.75
900253,7001646,30588,12.0,1126.52,13518.24
900254,7004819,30245,2.0,556.24,1112.48
900255,7009546,30186,1.0,496.38,496.38
900256,7003304,30323,12.0,675.28,8103.36
900257,7002694,30208,9.0,1188.96,10700.64
900258,7009705,30268,3.0,121.95,365.85
900259,7009076,30091,3.0,948.93,2846.79
900260,7010504,31235,9.0,733.19,6598.71
900261,7008977,30396,10.0,40.17,401.7
900262,7014052,31412,2.0,766.97,1533.94
900263,7002960,30916,4.0,82.37,329.48
900264,7002129,30111,12.0,1111.56,13338.72
900265,7008723,30350,10.0,231.97,2319.7
900266,7009156,30839,4.0,395.55,1582.2
900267,7013378,30230,5.0,1009.6,5048.0
900268,7014656,31362,5.0,761.67,3808.35
900269,7002927,31182,1.0,615.24,615.24
900270,7009536,31449,10.0,509.18,5091.8
900271,7005362,30552,3.0,319.05,957.15
900272,7002341,31338,2.0,904.6,1809.2
900273,7006384,31096,11.0,366.23,4028.53
900274,7001995,31068,6.0,316.84,1901.04
900275,7009606,30598,11.0,1039.13,11430.43
900276,7011355,30973,11.0,268.05,2948.55
900277,7001238,30125,9.0,392.06,3528.54
900278,7012917,30797,9.0,280.12,2521.08
900279,7011747,31302,1.0,837.27,837.27
900280,7007164,31306,3.0,667.5,2002.5
900281,7005830,30252,6.0,399.3,2395.8
900282,7000750,30836,9.0,1097.54,9877.86
900283,7013942,31133,4.0,618.84,2475.36
900284,7000269,30857,11.0,638.97,7028.67
900285,7003205,31190,4.0,299.44,1197.76
900286,7009792,31165,11.0,868.65,9555.15
900287,7001212,31009,1.0,267.0,267.0
900288,7000216,31296,1.0,328.85,328.85
900289,7010922,30172,9.0,250.2,2251.76
900290,7011841,31368,8.0,1112.83,8902.64
900291,7002954,31096,6.0,336.23,2017.38
900292,7010746,30227,8.0,762.1,6096.8
900293,7005508,31312,5.0,265.29,1326.45
900294,7013822,31444,11.0,167.36,1840.96
900295,7009563,30865,7.0,1088.38,7618.66
900296,7012995,31350,8.0,512.4,4099.2
900297,7000884,31114,4.0,120.43,481.72
900298,7002957,31445,7.0,1160.34,8122.38
900299,7005796,30538,3.0,797.34,2392.02
900300,7012584,30077,1.0,489.94,489.94
900301,7012828,30831,6.0,523.9,3143.4
900302,7012848,30233,10.0,324.32,3243.2
900303,7006966,30007,5.0,661.08,3305.42
900304,7004251,30212,6.0,1024.0,6144.0
900305,7011490,30966,9.0,883.61,7952.49
900306,7007486,30856,12.0,306.79,3681.48
900307,7011317,30816,2.0,730.9,1461.8
900308,7014481,30390,11.0,492.56,5418.22
900309,7000112,31013,6.0,525.12,3150.69
900310,7014351,31149,10.0,25.11,251.1
900311,7006670,30966,1.0,717.9,717.9
900312,7003208,30036,2.0,809.35,1618.7
900313,7012988,30644,3.0,557.13,1671.39
900314,7012526,31048,7.0,1066.96,7468.72
900315,7009834,30959,5.0,689.46,3447.3
900316,7013698,30604,4.0,65.91,263.64
900317,7003524,30577,1.0,542.43,542.43
900318,7014003,30745,10.0,557.96,5579.6
900319,7004959,31491,3.0,1091.19,3273.57
900320,7010275,31052,6.0,1096.01,6576.06
900321,7009091,30374,7.0,407.39,2851.73
900322,7014375,30381,5.0,1087.73,5438.65
900323,7012901,31005,10.0,482.3,4823.0
900324,7000010,30891,6.0,339.89,2039.34
900325,7011851,30769,11.0,921.76,10139.36
900326,7001758,31238,8.0,1078.4,8627.2
900327,7007617,30405,4.0,143.2,572.8
900328,7011779,31252,12.0,1046.21,12554.52
900329,7000983,31262,11.0,67.17,738.87
900330,7014395,30260,6.0,350.8,2104.8
900331,7003751,31320,3.0,946.3,2838.9
900332,7001926,30499,5.0,820.24,4101.2
900333,7012611,31162,8.0,873.98,6991.84
900334,7007892,30128,10.0,576.44,5764.4
900335,7001441,30549,1.0,823.5,823.5
900336,7001415,31429,9.0,597.67,5379.03
900337,7002646,30785,1.0,575.15,575.15
900338,7013945,30854,2.0,549.19,1098.38
900339,7009279,30901,9.0,1157.33,10415.97
900340,7012175,30313,4.0,857.33,3429.32
900341,7006559,30447,1.0,90.12,90.12
900342,7004199,30133,4.0,805.97,3223.88
900343,7014994,30044,8.0,792.13,6337.04
900344,7010485,30141,5.0,387.55,1937.75
900345,7002008,30723,11.0,29.65,326.15
900346,7003340,30022,5.0,616.52,3082.6
900347,7010282,30049,4.0,930.35,3721.4
900348,7002361,31170,3.0,561.98,1685.94
900349,7011541,31429,12.0,1090.23,13082.76
900350,7014734,30350,7.0,1095.93,7671.51
900351,7014531,30493,12.0,803.73,9644.76
900352,7004815,30500,9.0,1137.57,10238.13
900353,7010712,30200,4.0,344.73,1378.92
900354,7010085,30912,4.0,840.06,3360.24
900355,7006017,31101,12.0,112.93,1355.16
900356,7005090,30197,4.0,190.62,762.48
900357,7001123,31254,4.0,528.91,2115.64
900358,7014121,30046,1.0,309.25,309.25
900359,7004256,31175,10.0,217.43,2174.3
900360,7013803,30645,10.0,893.5,8935.0
900361,7013692,30742,2.0,1160.23,2320.46
900362,7004913,30063,4.0,697.35,2789.4
900363,7006524,30530,1.0,277.06,277.06
900364,7003052,31364,2.0,585.56,1171.12
900365,7014804,31101,5.0,494.72,2473.6
900366,7012205,30214,6.0,936.27,5617.62
900367,7004904,30425,2.0,886.06,1772.12
900368,7008148,30278,12.0,264.2,3170.4
900369,7002695,31213,7.0,531.61,3721.27
900370,7000576,30321,4.0,506.84,2027.36
900371,7001426,31104,9.0,522.44,4701.96
900372,7009577,31397,9.0,280.14,2521.26
900373,7007154,30397,8.0,897.28,7178.24
900374,7013456,31278,5.0,1104.7,5523.5
900375,7013042,30266,8.0,530.51,4244.08
900376,7012127,30233,10.0,188.09,1880.9
900377,7009492,30408,12.0,247.0,2964.0
900378,7006811,30214,3.0,126.74,380.22
900379,7006540,31118,8.0,958.61,7668.88
900380,7000772,30210,3.0,306.32,918.96
900381,7006752,30485,10.0,1182.95,11829.5
900382,7002184,31199,2.0,985.78,1971.56
900383,7000878,30020,1.0,451.61,451.61
900384,7012100,30359,10.0,612.32,6123.2
900385,7008864,31071,6.0,362.67,2176.02
900386,7006266,31225,11.0,1019.88,11218.68
900387,7012464,30146,9.0,640.41,5763.69
900388,7003329,30921,9.0,1011.28,9101.52
900389,7008818,30540,7.0,475.44,3328.08
900390,7005981,30119,9.0,821.29,7391.61
900391,7011289,31486,12.0,158.32,1899.84
900392,7007955,30453,6.0,450.35,2702.1
900393,7008351,30356,4.0,481.88,1927.53
900394,7012121,30935,10.0,497.24,4972.45
900395,7008054,30501,2.0,466.82,933.64
900396,7003190,30912,4.0,490.49,1961.96
900397,7013274,31096,10.0,737.68,7376.8
900398,7002899,30432,5.0,486.52,2432.6
900399,7002905,31430,9.0,686.87,6181.83
900400,7005693,30692,3.0,65.65,196.95
900401,7005172,30406,12.0,229.98,2759.75
900402,7011091,30704,8.0,101.66,813.28
900403,7003476,31068,6.0,742.71,4456.26
900404,7000626,31434,8.0,333.07,2664.56
900405,7014433,30446,4.0,519.78,2079.12
900406,7008300,31126,7.0,1158.07,8106.49
900407,7005763,30612,12.0,223.53,2682.36
900408,7011474,30884,10.0,133.52,1335.2
900409,7001583,31368,6.0,1018.65,6111.9
900410,7005219,30223,3.0,496.49,1489.47
900411,7002738,30909,8.0,414.9,3319.2
900412,7005713,30746,4.0,692.47,2769.88
900413,7013540,30692,10.0,586.79,5867.9
900414,7004967,30665,9.0,821.17,7390.53
900415,7003161,30880,8.0,642.43,5139.44
900416,7003866,30603,10.0,297.43,2974.3
900417,7003618,31272,8.0,416.74,3333.92
900418,7000362,30146,6.0,892.3,5353.8
900419,7011115,31432,8.0,654.92,5239.36
900420,7003433,30454,11.0,1084.16,11925.76
900421,7012525,31209,1.0,314.79,314.79
900422,7008465,30559,6.0,829.16,4974.96
900423,7008852,30599,6.0,837.9,5027.4
900424,7004404,30361,6.0,309.57,1857.42
900425,7001625,30780,6.0,148.69,892.14
900426,7009921,30351,3.0,995.46,2986.38
900427,7008019,31251,5.0,559.8,2799.0
900428,7014075,31094,6.0,1165.76,6994.56
900429,7005944,30493,2.0,436.78,873.56
900430,7001783,31436,12.0,458.98,5507.76
900431,7005054,31195,11.0,419.97,4619.67
900432,7009411,31057,9.0,373.4,3360.6
900433,7012283,30775,1.0,182.59,182.59
900434,7008450,31329,1.0,262.29,262.29
900435,7006558,31215,8.0,624.99,4999.92
900436,7013544,31005,5.0,396.78,1983.9
900437,7000669,30617,9.0,930.79,8377.11
900438,7000947,30293,1.0,549.98,549.98
900439,7001093,30762,6.0,609.91,3659.46
900440,7000306,31263,2.0,1019.16,2038.32
900441,7000760,30817,11.0,273.02,3003.22
900442,7010057,30111,5.0,922.62,4613.1
900443,7006834,31303,8.0,1125.55,9004.4
900444,7011976,30973,2.0,117.84,235.68
900445,7012919,30514,10.0,995.85,9958.5
900446,7006819,30249,10.0,120.42,1204.2
900447,7013763,30127,3.0,112.3,336.9
900448,7001775,31388,10.0,229.37,2293.7
900449,7012540,30884,10.0,613.27,6132.7
900450,7008276,30471,6.0,1027.27,6163.62
900451,7000183,30780,4.0,266.48,1065.92
900452,7007225,31458,6.0,611.33,3667.98
900453,7000161,31255,1.0,1055.58,1055.58
900454,7007406,30229,3.0,116.38,349.14
900455,7002934,31176,7.0,1070.89,7496.23
900456,7008527,31226,11.0,699.25,7691.75
900457,7006312,30911,3.0,41.7,125.1
900458,7014108,31275,10.0,1146.08,11460.8
900459,7006756,30948,11.0,327.61,3603.71
900460,7001448,30372,9.0,289.91,2609.19
900461,7008575,30658,12.0,80.85,970.2
900462,7005138,30042,8.0,187.01,1496.08
900463,7013417,31375,8.0,464.62,3716.96
900464,7002011,30091,7.0,1003.86,7027.02
900465,7007785,31161,9.0,25.49,229.41
900466,7008196,31176,2.0,680.05,1360.1
900467,7004997,30499,8.0,919.69,7357.52
900468,7006697,30828,10.0,1042.19,10421.9
900469,7000703,30649,7.0,229.25,1604.75
900470,7010387,30376,9.0,501.09,4509.81
900471,7010288,30831,7.0,110.62,774.34
900472,7001270,30601,2.0,1044.57,2089.14
900473,7005867,31278,10.0,352.84,3528.35
900474,7009877,30836,2.0,846.2,1692.4
900475,7004572,30490,2.0,931.12,1862.24
900476,7011179,30991,11.0,880.25,9682.75
900477,7014520,30963,9.0,274.59,2471.31
900478,7009003,30891,2.0,1048.87,2097.74
900479,7004565,30918,2.0,465.75,931.5
900480,7011840,30080,5.0,566.7,2833.5
900481,7006848,30573,6.0,346.29,2077.74
900482,7013691,30603,6.0,1117.93,6707.58
900483,7009191,30253,10.0,1109.87,11098.7
900484,7002587,30858,6.0,320.06,1920.36
900485,7005973,30120,10.0,914.73,9147.3
900486,7007667,30215,7.0,915.93,6411.51
900487,7007982,30783,8.0,264.73,2117.84
900488,7007104,30453,2.0,791.92,1583.84
900489,7010540,31291,8.0,722.89,5783.12
900490,7012577,31039,11.0,30.39,334.29
900491,7006115,30051,6.0,989.96,5939.76
900492,7009691,30903,7.0,589.3,4125.1
900493,7013612,31348,1.0,637.59,637.59
900494,7006289,30608,4.0,855.38,3421.52
900495,7002094,30739,7.0,824.75,5773.25
900496,7005299,31090,7.0,434.26,3039.82
900497,7009060,30469,7.0,149.03,1043.21
900498,7012346,30757,1.0,417.19,417.19
900499,7010673,30379,3.0,628.84,1886.52
900500,7000106,31402,4.0,1116.44,4465.76
900501,7007353,30444,6.0,1081.78,6490.68
900502,7007717,31080,5.0,1097.51,5487.55
900503,7005434,30267,4.0,504.91,2019.64
900504,7005112,30186,8.0,577.96,4623.68
900505,7003587,30418,8.0,424.16,3393.28
900506,7002369,31177,12.0,166.26,1995.07
900507,7010836,31005,9.0,565.59,5090.31
900508,7000155,30300,3.0,394.65,1183.95
900509,7006259,30808,10.0,202.99,2029.9
900510,7004882,31420,12.0,201.76,2421.12
900511,7007805,30672,7.0,616.36,4314.52
900512,7008757,31044,1.0,837.63,837.63
900513,7014655,30163,6.0,190.89,1145.34
900514,7012757,30183,4.0,1118.49,4473.96
900515,7014344,30280,2.0,511.23,1022.46
900516,7002445,31157,7.0,1144.0,8008.0
900517,7008869,30544,3.0,307.43,922.29
900518,7005358,31405,1.0,853.66,853.66
900519,7013135,31023,11.0,599.32,6592.52
900520,7001004,30485,10.0,23.39,233.9
900521,7012130,30790,3.0,1124.64,3373.92
900522,7007930,31170,8.0,714.6,5716.8
900523,7008905,31259,3.0,1194.05,3582.15
900524,7010226,30139,11.0,689.02,7579.22
900525,7003909,30288,7.0,587.14,4109.98
900526,7006405,30731,12.0,641.99,7703.88
900527,7010731,31242,11.0,973.31,10706.41
900528,7012031,31275,1.0,1186.12,1186.12
900529,7004406,30141,3.0,232.53,697.59
900530,7000460,30155,11.0,1168.86,12857.46
900531,7001617,30726,9.0,1188.88,10699.92
900532,7014652,31314,3.0,1105.69,3317.07
900533,7008466,31279,7.0,717.02,5019.14
900534,7000551,30192,7.0,822.21,5755.47
900535,7009504,30127,10.0,130.3,1303.0
900536,7005017,31034,6.0,939.64,5637.84
900537,7010791,30916,9.0,489.75,4407.75
900538,7002056,30821,9.0,818.66,7367.94
900539,7014446,30380,11.0,973.26,10705.86
900540,7013881,31462,3.0,453.3,1359.9
900541,7012650,30309,6.0,809.23,4855.38
900542,7001898,30649,10.0,896.29,8962.9
900543,7008162,31177,11.0,11.49,126.39
900544,7003826,30574,9.0,387.18,3484.62
900545,7012411,30701,4.0,942.27,3769.08
900546,7002605,30690,12.0,629.42,7553.04
900547,7010756,31047,7.0,781.48,5470.36
900548,7008974,30352,6.0,658.04,3948.24
900549,7013058,30067,10.0,260.81,2608.1
900550,7010532,31463,1.0,598.55,598.55
900551,7013880,30286,12.0,830.24,9962.88
900552,7014278,30538,4.0,908.03,3632.12
900553,7000524,31114,4.0,70.45,281.8
900554,7005555,31473,12.0,166.87,2002.42
900555,7002692,31304,7.0,808.97,5662.79
900556,7008924,31369,4.0,300.36,1201.44
900557,7002276,31112,12.0,622.77,7473.24
900558,7014376,31279,4.0,1064.06,4256.24
900559,7008505,31015,6.0,1143.76,6862.56
900560,7000246,30159,3.0,922.35,2767.05
900561,7008103,30446,8.0,325.31,2602.48
900562,7013183,30339,3.0,781.8,2345.4
900563,7012437,31360,8.0,1017.0,8136.0
900564,7011254,30990,4.0,157.22,628.88
900565,7008232,31040,12.0,215.05,2580.6
900566,7003973,31148,2.0,725.99,1451.98
900567,7001369,30167,12.0,898.68,10784.16
900568,7002357,31471,11.0,948.14,10429.54
900569,7001345,30002,12.0,643.74,7724.88
900570,7012344,30967,10.0,76.52,765.2
900571,7000223,30011,8.0,748.09,5984.72
900572,7006134,30788,12.0,575.88,6910.56
900573,7000032,30591,5.0,760.77,3803.85
900574,7005726,30486,9.0,106.71,960.39
900575,7014475,30617,12.0,434.19,5210.28
900576,7010113,30102,6.0,1071.62,6429.72
900577,7009222,31238,8.0,551.92,4415.36
900578,7013711,31256,10.0,1021.34,10213.4
900579,7012991,30128,7.0,282.2,1975.4
900580,7008188,30822,10.0,927.78,9277.8
900581,7012261,30165,12.0,479.21,5750.52
900582,7010711,30007,3.0,278.51,835.53
900583,7008168,31193,5.0,1028.8,5144.0
900584,7002035,31372,9.0,585.56,5270.04
900585,7001335,30992,10.0,145.56,1455.65
900586,7008274,30976,3.0,615.28,1845.84
900587,7000598,30425,1.0,600.37,600.37
900588,7000008,30532,1.0,1097.62,1097.62
900589,7002796,31117,12.0,590.75,7089.0
900590,7007428,30915,6.0,1163.99,6983.94
900591,7005323,30203,2.0,1097.32,2194.64
900592,7000852,31433,3.0,354.72,1064.16
900593,7008789,30906,8.0,211.08,1688.64
900594,7006942,31128,2.0,132.74,265.48
900595,7012915,30332,8.0,855.26,6842.08
900596,7003217,30013,8.0,116.16,929.28
900597,7004283,30439,5.0,15.29,76.45
900598,7004908,30948,6.0,407.51,2445.06
900599,7000084,31392,7.0,420.47,2943.29
900600,7012078,31263,7.0,497.14,3479.98
900601,7000412,31475,2.0,1008.86,2017.72
900602,7004475,31450,7.0,969.81,6788.67
900603,7007744,30701,5.0,1015.91,5079.55
900604,7011975,30683,6.0,63.52,381.12
900605,7010837,30770,3.0,567.13,1701.39
900606,7010674,31483,4.0,816.3,3265.2
900607,7003992,30231,5.0,706.09,3530.45
900608,7011946,30467,2.0,688.63,1377.26
900609,7012747,30520,7.0,231.35,1619.45
900610,7008124,30060,1.0,1035.47,1035.47
900611,7005003,30536,12.0,78.12,937.44
900612,7005672,30377,3.0,149.74,449.22
900613,7002205,30258,5.0,1049.97,5249.85
900614,7000922,30389,2.0,46.45,92.9
900615,7009623,30213,3.0,926.2,2778.6
900616,7003975,30958,2.0,272.49,544.98
900617,7005185,31480,9.0,654.34,5889.02
900618,7012819,30499,9.0,1115.81,10042.29
900619,7001369,31271,12.0,910.23,10922.76
900620,7005519,30099,5.0,518.66,2593.3
900621,7004865,31009,4.0,998.33,3993.32
900622,7014717,31225,7.0,1147.23,8030.61
900623,7009586,31025,8.0,657.72,5261.76
900624,7012573,31227,4.0,411.34,1645.36
900625,7012757,31393,9.0,813.4,7320.6
900626,7010685,30063,2.0,158.45,316.9
900627,7004508,31245,2.0,430.77,861.54
900628,7007720,31211,4.0,425.65,1702.6
900629,7010333,31145,5.0,974.18,4870.9
900630,7014372,30500,2.0,1180.36,2360.72
900631,7009612,30684,11.0,59.95,659.45
900632,7001358,30995,12.0,1046.57,12558.84
900633,7004286,31435,7.0,537.07,3759.49
900634,7001446,31133,10.0,317.6,3176.0
900635,7003022,31413,5.0,453.13,2265.65
900636,7010225,30254,12.0,297.63,3571.56
900637,7009999,30732,6.0,964.66,5787.96
900638,7005317,30655,5.0,577.31,2886.55
900639,7002168,30029,5.0,1038.96,5194.8
900640,7001617,30214,8.0,864.45,6915.6
900641,7014227,31269,12.0,652.54,7830.48
900642,7000189,30747,2.0,333.43,666.86
900643,7000013,30957,1.0,579.33,579.33
900644,7013418,30424,3.0,822.2,2466.6
900645,7005354,31483,8.0,1040.46,8323.68
900646,7009999,31424,7.0,459.29,3215.03
900647,7009951,31452,2.0,724.76,1449.52
900648,7008681,30306,9.0,183.77,1653.93
900649,7012929,30877,1.0,1080.86,1080.86
900650,7003229,30086,12.0,989.06,11868.72
900651,7010883,30088,5.0,198.15,990.75
900652,7013262,30643,5.0,693.32,3466.6
900653,7002335,30204,12.0,789.81,9477.72
900654,7000233,30187,9.0,782.31,7040.79
900655,7013098,30430,11.0,134.38,1478.18
900656,7009579,31424,5.0,354.39,1771.95
900657,7008148,30813,9.0,784.34,7059.06
900658,7011957,31226,4.0,1052.79,4211.16
900659,7004821,30509,12.0,125.57,1506.84
900660,7000115,31404,9.0,702.01,6318.09
900661,7003907,30334,2.0,557.13,1114.26
900662,7005019,30379,3.0,103.58,310.74
900663,7009327,31242,1.0,195.34,195.34
900664,7008158,30872,12.0,831.36,9976.32
900665,7000210,30808,8.0,1177.23,9417.84
900666,7008141,30797,2.0,999.16,1998.32
900667,7001067,30822,7.0,623.1,4361.7
900668,7005548,30040,4.0,492.15,1968.6
900669,7002680,31209,6.0,853.19,5119.14
900670,7013896,31275,5.0,86.44,432.2
900671,7001483,30761,5.0,1139.62,5698.1
900672,7008372,30009,9.0,271.11,2439.99
900673,7014499,30285,7.0,342.02,2394.14
900674,7001369,30864,12.0,342.06,4104.72
900675,7010255,31468,6.0,482.3,2893.79
900676,7009647,30253,4.0,1094.43,4377.72
900677,7011137,31489,1.0,963.84,963.84
900678,7005722,31479,2.0,242.56,485.12
900679,7008893,30887,1.0,558.15,558.15
900680,7002047,30541,12.0,1143.94,13727.28
900681,7005867,30642,12.0,752.1,9025.2
900682,7005746,31441,11.0,529.85,5828.35
900683,7010358,30914,4.0,818.16,3272.64
900684,7001259,31342,11.0,536.59,5902.49
900685,7001663,30075,9.0,798.6,7187.4
900686,7000024,30443,11.0,641.17,7052.87
900687,7014013,30833,1.0,592.9,592.9
900688,7013025,30982,8.0,242.09,1936.72
900689,7003796,31415,12.0,824.05,9888.6
900690,7012516,31321,4.0,276.45,1105.8
900691,7006097,31097,9.0,746.93,6722.37
900692,7013971,30988,10.0,869.86,8698.6
900693,7009240,31155,4.0,554.4,2217.6
900694,7009268,30255,10.0,110.86,1108.6
900695,7013496,31390,5.0,1027.82,5139.1
900696,7006582,30163,11.0,538.18,5919.98
900697,7001765,31168,5.0,413.02,2065.1
900698,7011153,30249,5.0,153.81,769.05
900699,7007498,30376,3.0,590.17,1770.51
900700,7000907,30591,1.0,230.17,230.17
900701,7013448,30873,1.0,181.48,181.48
900702,7003465,31439,5.0,38.34,191.7
900703,7007745,30828,10.0,960.17,9601.7
900704,7011710,30934,8.0,518.54,4148.32
900705,7011803,30229,10.0,345.24,3452.4
900706,7003564,30374,4.0,77.68,310.72
900707,7009139,30498,11.0,969.93,10669.23
900708,7008440,31060,9.0,141.43,1272.87
900709,7004926,30653,1.0,299.84,299.84
900710,7002816,30295,3.0,424.61,1273.83
900711,7014693,30577,10.0,967.06,9670.6
900712,7011416,31081,10.0,15.52,155.2
900713,7014768,30751,10.0,1100.58,11005.8
900714,7005237,30793,10.0,842.12,8421.2
900715,7004824,30202,1.0,1035.78,1035.78
900716,7012710,30562,12.0,288.63,3463.56
900717,7010981,30614,5.0,438.29,2191.45
900718,7003315,30992,6.0,101.63,609.78
900719,7003916,30601,2.0,1005.84,2011.68
900720,7004158,30674,10.0,551.21,5512.1
900721,7006969,30218,1.0,503.28,503.28
900722,7008352,30783,8.0,371.31,2970.48
900723,7003978,30461,7.0,819.91,5739.37
900724,7006056,30824,12.0,570.91,6850.92
900725,7006476,30976,3.0,538.33,1614.99
900726,7009877,30356,7.0,858.42,6008.94
900727,7004803,30734,1.0,267.68,267.68
900728,7004508,31354,6.0,917.08,5502.48
900729,7007852,30690,12.0,812.34,9748.08
900730,7010278,30949,6.0,708.11,4248.66
900731,7006549,30083,10.0,912.95,9129.5
900732,7012030,30923,7.0,796.38,5574.7
900733,7006555,30471,1.0,716.32,716.32
900734,7012564,31496,8.0,513.33,4106.64
900735,7009679,31480,1.0,284.09,284.09
900736,7013089,31278,11.0,336.38,3700.18
900737,7008422,30036,12.0,760.25,9123.0
900738,7009165,30948,9.0,164.84,1483.56
900739,7002499,30866,12.0,568.33,6819.96
900740,7012387,30120,10.0,813.32,8133.2
900741,7010540,30241,4.0,529.19,2116.76
900742,7001459,30056,8.0,783.32,6266.56
900743,7008213,30466,12.0,697.05,8364.6
900744,7002769,30538,12.0,830.25,9963.0
900745,7014500,30592,2.0,17.6,35.2
900746,7001041,30642,8.0,668.5,5348.0
900747,7005855,30036,12.0,711.68,8540.16
900748,7011313,31092,4.0,713.78,2855.12
900749,7013483,31005,8.0,56.36,450.88
900750,7004239,30194,12.0,63.79,765.48
900751,7011601,31490,9.0,1162.37,10461.33
900752,7003014,31371,5.0,63.51,317.55
900753,7012397,30213,6.0,386.95,2321.7
900754,7012198,30311,11.0,1030.15,11331.65
900755,7001336,30007,9.0,1038.63,9347.67
900756,7008713,31199,1.0,1127.76,1127.76
900757,7001479,30299,2.0,1070.53,2141.06
900758,7012407,31217,1.0,1071.88,1071.88
900759,7013628,31329,12.0,1032.89,12394.68
900760,7013112,30011,1.0,909.81,909.81
900761,7010416,31230,11.0,390.72,4297.92
900762,7012445,30602,2.0,726.91,1453.82
900763,7001201,31398,4.0,1133.48,4533.92
900764,7002463,30101,1.0,110.27,110.27
900765,7012123,30483,7.0,896.74,6277.18
900766,7013325,30552,11.0,460.75,5068.25
900767,7007412,30257,2.0,585.47,1170.94
900768,7009465,30578,6.0,779.77,4678.62
900769,7001077,30656,8.0,988.74,7909.92
900770,7004407,30098,7.0,17.12,119.84
900771,7005184,30666,3.0,610.11,1830.33
900772,7002847,30995,11.0,972.54,10697.94
900773,7002016,30250,6.0,823.42,4940.52
900774,7011368,30120,2.0,985.18,1970.36
900775,7002875,30401,10.0,579.24,5792.4
900776,7004492,30358,1.0,1088.87,1088.87
900777,7004019,31369,11.0,1106.01,12166.11
900778,7014870,30102,12.0,510.22,6122.64
900779,7004885,30522,7.0,934.94,6544.58
900780,7002442,30820,10.0,29.43,294.3
900781,7009512,30369,3.0,785.57,2356.71
900782,7013508,30158,9.0,589.67,5307.03
900783,7002961,30475,2.0,752.5,1505.0
900784,7007708,30175,5.0,745.64,3728.2
900785,7000178,31185,8.0,1087.92,8703.36
900786,7006118,30154,12.0,443.24,5318.88
900787,7010533,31208,9.0,359.23,3233.07
900788,7011403,30858,9.0,535.2,4816.8
900789,7004071,30105,8.0,445.22,3561.72
900790,7006013,30041,9.0,276.51,2488.59
900791,7003600,30957,12.0,1090.92,13091.04
900792,7014904,31045,12.0,93.28,1119.36
900793,7011390,31403,4.0,405.97,1623.88
900794,7001112,31057,10.0,1108.45,11084.5
900795,7000257,31228,9.0,1108.41,9975.69
900796,7014090,30465,8.0,618.35,4946.8
900797,7008269,30341,2.0,142.63,285.26
900798,7007356,30424,12.0,665.31,7983.72
900799,7010915,31334,11.0,963.48,10598.28
900800,7013555,30343,7.0,670.73,4695.11
900801,7006431,31107,10.0,53.33,533.3
900802,7002170,30964,7.0,84.01,588.04
900803,7009751,30234,11.0,1170.04,12870.44
900804,7005684,30776,3.0,783.87,2351.61
900805,7005061,31383,1.0,115.24,115.24
900806,7007223,30752,8.0,44.57,356.6
900807,7013953,30673,2.0,1084.09,2168.18
900808,7009429,30059,9.0,1047.47,9427.23
900809,7012846,30761,2.0,1062.15,2124.3
900810,7014422,30824,12.0,1111.72,13340.64
900811,7008146,30376,12.0,1141.7,13700.4
900812,7009427,30058,12.0,110.64,1327.68
900813,7012444,30390,1.0,79.71,79.71
900814,7009631,30900,6.0,232.48,1394.88
900815,7005147,31469,11.0,408.13,4489.43
900816,7010189,30562,6.0,20.72,124.32
900817,7014359,30101,2.0,870.46,1740.92
900818,7012213,30871,9.0,591.49,5323.41
900819,7005096,30603,2.0,148.47,296.94
900820,7007180,30071,8.0,124.4,995.2
900821,7009694,30992,3.0,165.84,497.52
900822,7004566,30812,1.0,700.81,700.81
900823,7011402,31064,11.0,475.05,5225.55
900824,7011654,31455,6.0,386.17,2317.02
900825,7002384,30570,4.0,1090.41,4361.64
900826,7013723,30470,8.0,388.86,3110.88
900827,7006011,30199,8.0,274.11,2192.89
900828,7001711,30166,11.0,361.85,3980.35
900829,7007642,31113,8.0,1096.96,8775.68
900830,7012472,30805,1.0,804.31,804.31
900831,7010903,31436,3.0,135.05,405.15
900832,7010643,30736,2.0,645.07,1290.14
900833,7002770,30711,2.0,742.17,1484.34
900834,7003262,30511,11.0,17.1,188.1
900835,7006968,31293,5.0,183.98,919.9
900836,7009549,31380,1.0,772.25,772.25
900837,7008121,31162,11.0,215.03,2365.33
900838,7009344,31120,7.0,1172.18,8205.26
900839,7014177,30521,3.0,994.59,2983.77
900840,7000603,31062,3.0,270.06,810.18
900841,7007152,30029,3.0,306.58,919.74
900842,7005292,30008,5.0,997.61,4988.05
900843,7007122,30493,10.0,1153.43,11534.3
900844,7000431,30986,6.0,817.78,4906.68
900845,7000960,30079,6.0,1072.72,6436.32
900846,7011198,30954,3.0,185.88,557.64
900847,7001191,31174,7.0,575.71,4029.97
900848,7006373,30359,2.0,116.36,232.72
900849,7007994,30956,10.0,854.97,8549.7
900850,7014600,30136,10.0,687.51,6875.1
900851,7004614,30295,12.0,1104.06,13248.72
900852,7001307,30720,1.0,179.54,179.54
900853,7002743,31161,8.0,895.23,7161.84
900854,7003954,30642,7.0,106.5,745.5
900855,7004327,30017,10.0,108.74,1087.39
900856,7011792,30192,9.0,545.64,4910.76
900857,7005285,30833,9.0,556.1,5004.9
900858,7012494,30110,11.0,360.36,3963.96
900859,7013119,30007,8.0,988.7,7909.6
900860,7007903,31259,1.0,648.64,648.64
900861,7006981,30282,7.0,627.54,4392.78
900862,7005189,30011,9.0,338.32,3044.88
900863,7007473,30531,12.0,332.56,3990.72
900864,7005507,31151,6.0,1149.3,6895.8
900865,7013631,31128,11.0,529.96,5829.56
900866,7003504,30207,9.0,794.83,7153.47
900867,7006705,30648,2.0,550.12,1100.24
900868,7009518,30287,1.0,893.74,893.74
900869,7009932,30463,1.0,978.71,978.71
900870,7005871,31261,10.0,370.22,3702.2
900871,7009413,31392,12.0,982.31,11787.72
900872,7008248,30110,5.0,146.33,731.63
900873,7013336,30434,9.0,257.87,2320.83
900874,7003201,30702,9.0,49.23,443.07
900875,7001294,30819,8.0,400.32,3202.56
900876,7005659,30678,7.0,831.76,5822.32
900877,7014952,30846,2.0,489.16,978.32
900878,7014944,30959,11.0,948.57,10434.27
900879,7000292,30356,2.0,1051.88,2103.76
900880,7002734,30415,1.0,1891.03,1891.03
900881,7010529,30671,4.0,554.54,2218.16
900882,7014214,30683,4.0,1003.05,4012.2
900883,7012149,31037,10.0,61.42,614.2
900884,7014998,30688,6.0,157.98,947.88
900885,7008526,30480,1.0,53.34,53.34
900886,7003958,30399,3.0,977.21,2931.63
900887,7007312,30262,2.0,465.54,931.08
900888,7000620,30014,4.0,703.92,2815.68
900889,7009108,30969,7.0,394.0,2758.0
900890,7011265,31148,8.0,190.81,1526.48
900891,7002166,31206,5.0,255.12,1275.62
900892,7013335,30041,1.0,977.31,977.31
900893,7014134,30451,9.0,945.62,8510.58
900894,7002805,30812,5.0,118.59,592.95
900895,7010166,31018,12.0,201.0,2412.0
900896,7004531,30809,9.0,537.69,4839.21
900897,7005008,31355,11.0,490.97,5400.67
900898,7012637,30816,5.0,789.4,3947.0
900899,7009848,30426,10.0,55.84,558.4
900900,7010234,30126,6.0,398.55,2391.3
900901,7003804,30829,9.0,1170.64,10535.76
900902,7007749,30849,2.0,77.05,154.1
900903,7007818,31133,4.0,277.48,1109.92
900904,7004744,31081,4.0,1170.7,4682.8
900905,7013514,31376,4.0,1142.96,4571.84
900906,7014677,30367,3.0,443.57,1330.71
900907,7008731,30084,3.0,189.63,568.89
900908,7012664,30177,1.0,696.45,696.45
900909,7002300,30644,1.0,1039.06,1039.06
900910,7006919,30517,4.0,656.2,2624.8
900911,7010964,30176,6.0,273.79,1642.74
900912,7005920,30966,10.0,496.06,4960.6
900913,7010401,30652,10.0,874.51,8745.1
900914,7012632,31407,5.0,712.3,3561.5
900915,7011484,31004,9.0,435.11,3915.99
900916,7005300,31378,12.0,408.06,4896.72
900917,7009318,30109,12.0,197.03,2364.36
900918,7004634,30065,1.0,652.71,652.71
900919,7009086,30542,10.0,54.38,543.8
900920,7008355,31143,1.0,115.92,115.92
900921,7011582,31241,11.0,405.78,4463.58
900922,7006538,30471,5.0,794.35,3971.75
900923,7002222,30366,12.0,401.97,4823.64
900924,7003758,31045,2.0,370.22,740.44
900925,7001228,30467,11.0,806.91,8876.01
900926,7005824,30914,5.0,1046.14,5230.7
900927,7011344,30175,4.0,57.9,231.6
900928,7008100,30279,6.0,777.5,4665.0
900929,7011915,30609,2.0,1042.36,2084.72
900930,7002013,30744,4.0,68.12,272.48
900931,7013626,30719,12.0,681.34,8176.08
900932,7014897,30385,6.0,254.91,1529.44
900933,7002018,30769,7.0,573.83,4016.81
900934,7009413,30066,7.0,1119.12,7833.84
900935,7011687,30744,7.0,486.07,3402.49
900936,7014961,30377,12.0,63.67,764.04
900937,7012889,31066,12.0,455.36,5464.32
900938,7011850,31045,10.0,787.81,7878.1
900939,7009917,30188,10.0,893.14,8931.4
900940,7009072,31133,4.0,296.63,1186.52
900941,7002366,30713,10.0,1130.77,11307.7
900942,7004789,31466,11.0,787.4,8661.4
900943,7007889,30878,12.0,695.73,8348.76
900944,7013032,31136,9.0,956.98,8612.82
900945,7006234,30757,2.0,854.14,1708.28
900946,7004696,30410,9.0,71.25,641.25
900947,7002735,30978,2.0,907.95,1815.9
900948,7008723,31137,9.0,24.27,218.43
900949,7008997,31199,4.0,441.62,1766.48
900950,7009085,30221,8.0,991.91,7935.28
900951,7010278,30803,9.0,802.06,7218.54
900952,7010752,30663,1.0,561.06,561.06
900953,7009616,30418,8.0,343.53,2748.24
900954,7003160,30209,10.0,1147.37,11473.7
900955,7008317,31120,4.0,21.02,84.08
900956,7012002,30696,8.0,63.84,510.72
900957,7007745,31241,2.0,747.42,1494.84
900958,7009307,30844,10.0,582.25,5822.5
900959,7003775,30151,9.0,121.47,1093.23
900960,7001609,31185,7.0,180.83,1265.81
900961,7009187,30114,7.0,912.85,6389.95
900962,7010364,30195,6.0,252.49,1514.94
900963,7010261,30823,3.0,594.81,1784.43
900964,7012088,30815,12.0,544.02,6528.24
900965,7000024,30883,11.0,1197.24,13169.64
900966,7004157,31123,4.0,284.95,1139.8
900967,7010729,30672,9.0,106.39,957.51
900968,7005084,30593,7.0,335.46,2348.22
900969,7003285,30882,2.0,1142.49,2284.98
900970,7014236,30282,4.0,687.51,2750.04
900971,7011270,30540,11.0,300.86,3309.46
900972,7010861,31381,9.0,981.74,8835.66
900973,7007253,30541,7.0,663.18,4642.26
900974,7003358,30645,10.0,390.97,3909.7
900975,7003773,30171,3.0,558.33,1674.99
900976,7010509,30601,1.0,291.85,291.85
900977,7009617,30614,5.0,616.86,3084.3
900978,7009067,30965,3.0,1049.95,3149.85
900979,7004638,30927,2.0,186.7,373.4
900980,7013770,30897,8.0,312.34,2498.72
900981,7009455,30102,8.0,143.49,1147.92
900982,7004137,30442,2.0,646.52,1293.04
900983,7002910,30731,5.0,1133.62,5668.1
900984,7013114,30243,2.0,126.35,252.7
900985,7003443,31201,3.0,1047.46,3142.38
900986,7005140,30803,11.0,482.05,5302.55
900987,7007920,30551,10.0,920.91,9209.1
900988,7004542,30248,4.0,1069.02,4276.08
900989,7005204,31407,8.0,529.8,4238.36
900990,7001232,31422,8.0,937.06,7496.48
900991,7010598,30527,3.0,503.98,1511.94
900992,7013851,30600,5.0,659.85,3299.25
900993,7014125,30269,1.0,130.96,130.96
900994,7014218,30745,10.0,877.62,8776.2
900995,7004186,30573,8.0,643.34,5146.72
900996,7010279,30795,3.0,404.78,1214.34
900997,7002309,31243,3.0,15.32,45.96
900998,7011132,31129,8.0,1167.17,9337.36
900999,7008770,30243,11.0,629.23,6921.53
901000,7006221,31249,3.0,97.43,292.29
901001,7010333,30026,7.0,1185.44,8298.08
901002,7008833,30218,9.0,500.99,4508.91
901003,7006226,30383,6.0,1033.56,6201.36
901004,7009207,30014,3.0,59.27,177.81
901005,7002419,31188,4.0,171.91,687.64
901006,7002746,30086,10.0,505.67,5056.7
901007,7005302,30492,11.0,962.35,10585.85
901008,7009070,30223,2.0,224.53,449.06
901009,7010367,30749,9.0,923.02,8307.18
901010,7011238,30252,3.0,773.93,2321.79
901011,7009529,30015,1.0,596.49,596.49
901012,7000141,30904,9.0,1080.49,9724.41
901013,7009667,30404,9.0,341.91,3077.19
901014,7002970,30119,10.0,227.66,2276.6
901015,7002190,31021,7.0,564.63,3952.41
901016,7009134,31468,7.0,1076.59,7536.13
901017,7008681,30667,2.0,559.87,1119.74
901018,7005952,30645,4.0,82.78,331.12
901019,7003889,31432,10.0,1158.28,11582.8
901020,7005792,31042,9.0,42.65,383.85
901021,7014472,30325,4.0,101.37,405.48
901022,7002013,31234,12.0,951.9,11422.8
901023,7006964,30817,12.0,395.81,4749.72
901024,7005678,30120,2.0,847.82,1695.64
901025,7004204,30009,4.0,314.69,1258.76
901026,7005956,31174,5.0,1060.61,5303.05
901027,7005965,31454,1.0,412.85,412.85
901028,7007375,30380,8.0,228.98,1831.84
901029,7001660,30746,5.0,136.73,683.65
901030,7001408,30856,8.0,1098.56,8788.48
901031,7011363,31111,5.0,387.57,1937.85
901032,7010669,30289,2.0,264.43,528.86
901033,7000835,30052,5.0,509.83,2549.15
901034,7010910,30749,4.0,605.96,2423.86
901035,7005319,31136,1.0,1138.48,1138.48
901036,7008678,30697,1.0,327.84,327.84
901037,7012876,30129,2.0,540.14,1080.28
901038,7002222,31367,4.0,697.16,2788.64
901039,7011180,31357,3.0,628.98,1886.94
901040,7013049,31279,11.0,903.68,9940.48
901041,7007320,30046,7.0,587.44,4112.08
901042,7007758,30087,11.0,480.89,5289.79
901043,7002933,30030,12.0,848.25,10179.0
901044,7003596,31294,11.0,809.7,8906.7
901045,7009131,30176,1.0,98.1,98.1
901046,7010911,30365,7.0,658.04,4606.28
901047,7002456,31259,9.0,35.03,315.27
901048,7008666,30326,6.0,715.03,4290.18
901049,7013117,30360,10.0,1177.5,11775.0
901050,7004731,31234,12.0,37.69,452.28
901051,7009274,31156,4.0,1060.74,4242.96
901052,7010083,30026,12.0,886.97,10643.64
901053,7007262,31059,7.0,457.7,3203.9
901054,7012344,31154,5.0,195.83,979.15
901055,7000360,30051,5.0,926.87,4634.35
901056,7010070,31022,5.0,61.69,308.47
901057,7001074,31089,5.0,898.29,4491.45
901058,7003158,30302,11.0,493.5,5428.5
901059,7001921,31192,8.0,387.84,3102.72
901060,7009130,30227,10.0,764.69,7646.9
901061,7011192,31178,7.0,560.88,3926.16
901062,7008311,30412,3.0,348.06,1044.18
901063,7012554,30607,4.0,245.45,981.8
901064,7010939,30927,7.0,680.87,4766.09
901065,7003281,31160,12.0,629.37,7552.44
901066,7012116,30933,1.0,1141.44,1141.44
901067,7000580,30571,12.0,585.64,7027.68
901068,7008482,30050,9.0,1133.07,10197.63
901069,7006952,31043,4.0,686.03,2744.12
901070,7000234,30123,5.0,1008.91,5044.55
901071,7007832,31082,10.0,1193.48,11934.8
901072,7012518,30837,4.0,227.85,911.4
901073,7007423,31013,1.0,22.67,22.67
901074,7011395,30250,4.0,179.68,718.72
901075,7011574,30701,5.0,950.38,4751.9
901076,7006774,31118,10.0,967.18,9671.8
901077,7014750,30514,1.0,398.69,398.69
901078,7009069,30841,6.0,23.74,142.44
901079,7001325,30101,11.0,431.13,4742.43
901080,7002827,30156,12.0,537.03,6444.36
901081,7003976,30721,12.0,165.46,1985.52
901082,7003303,30196,12.0,763.79,9165.48
901083,7008663,30100,8.0,1171.47,9371.76
901084,7011113,30692,12.0,1.52,18.23
901085,7011700,30627,11.0,43.1,474.1
901086,7010057,31328,2.0,137.73,275.46
901087,7002865,30540,1.0,533.19,533.19
901088,7014093,31324,11.0,617.29,6790.19
901089,7005655,31178,1.0,271.22,271.22
901090,7005449,30540,8.0,91.01,728.08
901091,7001894,31399,2.0,753.17,1506.34
901092,7005497,31282,10.0,334.36,3343.6
901093,7009334,30783,3.0,1046.55,3139.65
901094,7000727,31000,9.0,650.53,5854.77
901095,7000796,30687,4.0,173.29,693.16
901096,7002598,31323,2.0,1092.73,2185.46
901097,7000848,30743,7.0,764.56,5351.92
901098,7014633,31427,8.0,194.19,1553.52
901099,7011843,31167,12.0,104.99,1259.88
901100,7011799,31002,11.0,608.29,6691.19
901101,7003143,30748,6.0,318.89,1913.34
901102,7003842,30712,5.0,462.18,2310.9
901103,7011083,31335,5.0,1193.81,5969.05
901104,7004936,31228,9.0,205.88,1852.92
901105,7002201,30376,8.0,579.96,4639.68
901106,7013138,31091,8.0,351.81,2814.48
901107,7011902,30493,2.0,715.29,1430.58
901108,7002424,30755,3.0,516.11,1548.33
901109,7003737,30940,5.0,1132.12,5660.6
901110,7014555,30604,11.0,834.97,9184.67
901111,7014270,31481,12.0,499.52,5994.24
901112,7005854,31398,5.0,454.1,2270.5
901113,7004745,30209,3.0,1014.83,3044.49
901114,7005352,30099,2.0,1177.51,2355.02
901115,7003610,30195,3.0,1090.3,3270.9
901116,7008656,31189,8.0,178.92,1431.36
901117,7011918,30351,10.0,374.02,3740.2
901118,7003112,30949,2.0,467.29,934.58
901119,7003680,30865,11.0,917.48,10092.28
901120,7008691,30084,9.0,735.89,6623.01
901121,7000390,30430,2.0,1064.11,2128.22
901122,7013595,31122,6.0,1014.21,6085.26
901123,7012123,30435,2.0,545.27,1090.54
901124,7012267,30423,2.0,185.6,371.2
901125,7010856,30753,10.0,287.74,2877.4
901126,7010786,31293,8.0,1058.27,8466.16
901127,7008935,30431,10.0,944.28,9442.8
901128,7012938,30839,12.0,1163.47,13961.64
901129,7013906,30233,1.0,881.39,881.39
901130,7006279,30273,7.0,359.74,2518.18
901131,7001740,30204,8.0,1090.22,8721.76
901132,7011241,30345,9.0,475.43,4278.87
901133,7013489,30325,7.0,503.87,3527.09
901134,7000831,30222,5.0,826.8,4134.0
901135,7005438,31106,1.0,604.39,604.39
901136,7000466,30587,12.0,976.91,11722.92
901137,7012603,30208,8.0,948.19,7585.52
901138,7009643,30926,12.0,282.55,3390.6
901139,7003656,30009,1.0,374.86,374.86
901140,7007645,30188,1.0,51.98,51.98
901141,7004745,31153,10.0,23.19,231.9
901142,7003270,30086,1.0,539.17,539.17
901143,7007410,30964,5.0,320.17,1600.85
901144,7001905,30466,12.0,782.26,9387.12
901145,7004999,30487,10.0,270.77,2707.7
901146,7005583,31384,5.0,209.05,1045.25
901147,7009001,30748,2.0,790.66,1581.32
901148,7009509,30709,7.0,852.2,5965.4
901149,7001065,31496,3.0,861.28,2583.84
901150,7003008,30216,9.0,95.36,858.24
901151,7006807,30532,7.0,322.48,2257.36
901152,7007707,30968,2.0,607.93,1215.86
901153,7012053,30044,11.0,936.48,10301.28
901154,7002807,30534,7.0,1036.84,7257.88
901155,7009545,30730,6.0,1131.5,6789.0
901156,7009971,31203,12.0,21.36,256.32
901157,7011368,30403,6.0,984.68,5908.08
901158,7012531,30109,6.0,406.69,2440.14
901159,7010997,30998,12.0,65.84,790.08
901160,7003972,31171,12.0,231.37,2776.44
901161,7012784,31096,3.0,1121.77,3365.31
901162,7000381,30546,2.0,371.96,743.92
901163,7009940,30037,10.0,369.88,3698.8
901164,7001487,31195,12.0,97.81,1173.72
901165,7004015,31110,4.0,751.46,3005.86
901166,7011992,30591,6.0,107.62,645.72
901167,7014025,30174,4.0,501.84,2007.36
901168,7005314,30358,9.0,357.35,3216.15
901169,7010427,30278,3.0,994.5,2983.5
901170,7009927,31133,1.0,430.05,430.05
901171,7011478,31292,10.0,968.53,9685.3
901172,7005032,31098,8.0,759.04,6072.32
901173,7004422,30269,3.0,79.56,238.68
901174,7004626,31292,8.0,39.63,317.04
901175,7009250,31463,9.0,945.81,8512.29
901176,7009263,30892,1.0,47.44,47.44
901177,7013173,30787,12.0,598.66,7183.92
901178,7014662,30018,8.0,197.03,1576.24
901179,7013942,30689,12.0,1169.35,14032.2
901180,7003838,30567,4.0,905.81,3623.24
901181,7000537,31232,10.0,1026.73,10267.3
901182,7001470,30094,12.0,608.76,7305.12
901183,7006193,31302,4.0,202.25,809.0
901184,7002297,31174,7.0,827.9,5795.3
901185,7008608,31380,3.0,821.4,2464.2
901186,7009143,31091,3.0,54.16,162.48
901187,7010172,30759,6.0,887.87,5327.22
901188,7001384,30458,10.0,476.39,4763.9
901189,7007656,31401,7.0,427.57,2992.99
901190,7002042,31282,6.0,1123.01,6738.06
901191,7005483,30722,4.0,806.64,3226.56
901192,7007103,31153,5.0,1071.75,5358.75
901193,7002022,30741,12.0,1121.88,13462.56
901194,7013913,31148,9.0,1188.46,10696.14
901195,7008309,30276,3.0,958.46,2875.38
901196,7014529,31170,10.0,719.24,7192.4
901197,7010825,31079,10.0,928.76,9287.6
901198,7014481,31060,4.0,1062.69,4250.76
901199,7002158,30264,4.0,675.65,2702.6
901200,7006967,31123,10.0,932.61,9326.1
901201,7002831,31173,11.0,1011.19,11123.09
901202,7000639,31026,3.0,163.71,491.13
901203,7014753,31390,6.0,317.08,1902.48
901204,7009359,30365,12.0,895.17,10742.04
901205,7003620,30237,10.0,760.93,7609.3
901206,7004895,30540,1.0,184.72,184.72
901207,7012196,30800,10.0,116.32,1163.2
901208,7007024,30512,12.0,1103.08,13236.96
901209,7003027,30253,1.0,147.81,147.81
901210,7001655,30454,9.0,481.26,4331.34
901211,7002855,30400,7.0,870.14,6090.98
901212,7001987,31295,8.0,871.77,6974.16
901213,7014299,30076,7.0,866.24,6063.68
901214,7012217,31195,12.0,914.21,10970.52
901215,7011045,30527,12.0,766.77,9201.24
901216,7012643,31342,6.0,1106.57,6639.42
901217,7012138,30098,12.0,63.4,760.8
901218,7014760,30616,6.0,593.12,3558.72
901219,7002303,30050,2.0,26.07,52.14
901220,7014949,31050,4.0,913.25,3653.0
901221,7014117,30997,1.0,549.64,549.64
901222,7010110,31137,3.0,598.06,1794.18
901223,7004355,31146,8.0,160.11,1280.88
901224,7006928,31199,9.0,307.04,2763.36
901225,7012275,30871,9.0,578.46,5206.14
901226,7010346,30636,5.0,311.55,1557.75
901227,7004260,30660,7.0,52.1,364.67
901228,7009934,30227,4.0,412.95,1651.8
901229,7007234,30299,7.0,420.96,2946.72
901230,7012341,31223,8.0,537.52,4300.16
901231,7011685,30939,2.0,273.14,546.28
901232,7006889,30004,3.0,633.53,1900.59
901233,7004108,30490,4.0,346.48,1385.92
901234,7004098,31259,12.0,1164.25,13971.0
901235,7002297,30131,10.0,133.78,1337.8
901236,7014227,30831,6.0,1152.65,6915.9
901237,7008318,30500,7.0,365.34,2557.38
901238,7011135,31269,5.0,856.9,4284.5
901239,7001116,31256,4.0,508.24,2032.96
901240,7012250,31475,11.0,935.07,10285.77
901241,7014334,31387,12.0,1070.49,12845.88
901242,7013561,31126,12.0,504.82,6057.84
901243,7013158,30447,8.0,599.21,4793.68
901244,7014789,31154,6.0,896.12,5376.72
901245,7012958,31436,5.0,32.82,164.1
901246,7010458,30102,10.0,266.88,2668.8
901247,7012823,31459,3.0,978.17,2934.51
901248,7014141,30783,11.0,1145.64,12602.04
901249,7009949,31231,5.0,841.58,4207.9
901250,7002074,30291,4.0,814.16,3256.64
901251,7010449,30360,7.0,300.68,2104.76
901252,7011126,31230,11.0,173.88,1912.68
901253,7000998,31220,8.0,555.05,4440.4
901254,7001972,31329,10.0,619.12,6191.2
901255,7010577,31243,6.0,1029.07,6174.42
901256,7007814,30677,5.0,362.47,1812.35
901257,7009401,30174,12.0,401.68,4820.16
901258,7007282,31142,4.0,415.52,1662.08
901259,7002493,30948,6.0,525.3,3151.8
901260,7013290,30986,2.0,761.21,1522.42
901261,7012494,30788,6.0,470.32,2821.92
901262,7010116,31277,6.0,245.59,1473.54
901263,7000053,30852,10.0,387.04,3870.4
901264,7001626,30751,1.0,435.14,435.14
901265,7012301,31477,1.0,1041.99,1041.99
901266,7011033,30832,7.0,398.64,2790.48
901267,7004037,30582,1.0,775.06,775.06
901268,7010629,30945,2.0,775.78,1551.56
901269,7002193,30802,4.0,1003.3,4013.2
901270,7006969,30650,9.0,152.28,1370.52
901271,7009146,30804,2.0,280.79,561.58
901272,7011493,30244,4.0,798.19,3192.76
901273,7000498,31405,9.0,933.7,8403.3
901274,7005737,31228,5.0,1147.89,5739.45
901275,7005917,30746,5.0,96.82,484.1
901276,7011049,30791,11.0,143.18,1574.98
901277,7008296,30795,1.0,1055.75,1055.75
901278,7003060,31340,9.0,444.3,3998.7
901279,7013461,31028,3.0,319.17,957.51
901280,7001953,30143,8.0,229.4,1835.2
901281,7003246,30263,3.0,448.01,1344.03
901282,7008304,30140,10.0,654.79,6547.9
901283,7008397,30892,9.0,886.06,7974.54
901284,7012600,31081,4.0,1160.65,4642.6
901285,7001725,30442,10.0,627.08,6270.8
901286,7002610,30333,4.0,1039.85,4159.4
901287,7014183,30132,5.0,545.83,2729.15
901288,7010437,30020,3.0,691.56,2074.68
901289,7011000,31048,3.0,511.37,1534.11
901290,7012788,30458,3.0,10.94,32.82
901291,7012585,30113,9.0,898.38,8085.42
901292,7014629,30237,7.0,226.64,1586.48
901293,7004876,30532,10.0,854.09,8540.9
901294,7009048,30817,2.0,850.22,1700.44
901295,7010988,30401,9.0,248.68,2238.12
901296,7000423,31075,3.0,1044.3,3132.9
901297,7012257,30503,11.0,424.68,4671.48
901298,7005222,31295,4.0,531.66,2126.64
901299,7009471,31352,10.0,889.76,8897.6
901300,7007581,30174,9.0,1028.62,9257.58
901301,7002146,31362,11.0,1095.26,12047.86
901302,7006373,31292,6.0,1008.6,6051.6
901303,7005817,30568,7.0,773.71,5415.97
901304,7010250,31313,7.0,985.02,6895.14
901305,7003271,30824,2.0,1056.98,2113.96
901306,7010633,30779,2.0,368.23,736.46
901307,7008432,31458,8.0,556.01,4448.08
901308,7014003,30498,10.0,1005.52,10055.2
901309,7010562,30984,7.0,202.24,1415.68
901310,7009814,31452,5.0,134.3,671.5
901311,7014987,30678,3.0,671.96,2015.88
901312,7003065,30094,3.0,66.69,200.07
901313,7011980,30289,2.0,770.01,1540.02
901314,7002112,30246,1.0,53.32,53.32
901315,7005663,30352,11.0,998.8,10986.8
901316,7007962,30026,2.0,648.29,1296.58
901317,7001277,30050,6.0,596.9,3581.4
901318,7006424,31224,8.0,315.76,2526.08
901319,7013638,30776,1.0,66.88,66.88
901320,7012386,30689,11.0,920.0,10120.0
901321,7001210,30581,11.0,470.2,5172.2
901322,7013025,30238,9.0,535.29,4817.61
901323,7008400,31192,11.0,831.13,9142.43
901324,7008760,30151,6.0,814.63,4887.78
901325,7007116,30524,3.0,611.78,1835.34
901326,7014149,31027,10.0,1026.4,10264.0
901327,7012041,30380,11.0,849.13,9340.43
901328,7007777,30209,2.0,132.78,265.56
901329,7011949,30387,1.0,551.08,551.08
901330,7011089,30352,3.0,93.19,279.57
901331,7001696,31073,12.0,779.77,9357.24
901332,7005988,30547,7.0,567.4,3971.8
901333,7011809,31495,11.0,397.32,4370.52
901334,7003485,31087,7.0,95.32,667.24
901335,7014370,30230,2.0,603.98,1207.96
901336,7004619,31423,4.0,896.65,3586.6
901337,7008870,30051,12.0,243.83,2925.96
901338,7003883,30806,9.0,694.11,6246.99
901339,7004211,30428,3.0,836.3,2508.9
901340,7011656,30967,5.0,802.79,4013.95
901341,7005522,30904,9.0,54.31,488.79
901342,7002017,30844,9.0,1163.48,10471.32
901343,7011916,31001,7.0,375.91,2631.37
901344,7006282,30596,1.0,385.33,385.33
901345,7008820,31466,5.0,558.76,2793.8
901346,7011756,30417,2.0,708.33,1416.66
901347,7005192,30612,4.0,679.37,2717.48
901348,7002365,30849,3.0,1172.91,3518.73
901349,7007804,31052,1.0,841.81,841.81
901350,7009611,31134,8.0,575.92,4607.36
901351,7006256,30509,4.0,1062.65,4250.6
901352,7004372,30948,11.0,12.71,139.81
901353,7013058,30951,1.0,1131.82,1131.82
901354,7006655,30993,9.0,267.26,2405.34
901355,7006892,30696,10.0,390.11,3901.1
901356,7004181,30538,1.0,1071.0,1071.0
901357,7012632,30567,6.0,868.85,5213.1
901358,7002066,30114,4.0,254.73,1018.92
901359,7013600,31403,3.0,487.34,1462.02
901360,7005219,30982,9.0,736.7,6630.3
901361,7009006,30699,1.0,415.39,415.39
901362,7004452,30751,1.0,1195.78,1195.78
901363,7014473,30282,7.0,903.7,6325.9
901364,7004974,31305,6.0,1174.6,7047.6
901365,7002106,30674,4.0,75.68,302.72
901366,7010165,30283,9.0,414.39,3729.51
901367,7014936,30289,7.0,451.82,3162.75
901368,7001392,31200,10.0,233.91,2339.1
901369,7013604,31029,10.0,539.5,5395.0
901370,7012655,30304,9.0,413.33,3719.97
901371,7012830,30267,4.0,1067.47,4269.88
901372,7010330,30722,4.0,809.49,3237.96
901373,7004520,30268,7.0,783.01,5481.07
901374,7003521,30136,1.0,1041.65,1041.65
901375,7008597,30325,9.0,1045.15,9406.35
901376,7004969,30551,10.0,1162.63,11626.3
901377,7014461,31007,6.0,256.51,1539.06
901378,7009693,31104,8.0,804.78,6438.24
901379,7000284,31473,7.0,959.7,6717.9
901380,7010209,30501,12.0,574.53,6894.36
901381,7008022,31211,9.0,1196.42,10767.78
901382,7008855,31052,11.0,22.5,247.5
901383,7007706,31031,1.0,674.5,674.5
901384,7012369,31135,7.0,900.93,6306.51
901385,7013979,30167,9.0,701.24,6311.12
901386,7001586,30678,3.0,583.03,1749.09
901387,7006079,30928,9.0,447.72,4029.48
901388,7006430,30859,7.0,1156.35,8094.45
901389,7013274,31202,2.0,573.61,1147.22
901390,7009172,31120,2.0,458.46,916.92
901391,7009943,30793,1.0,26.41,26.41
901392,7009308,30152,9.0,1160.96,10448.64
901393,7010775,30352,10.0,188.43,1884.3
901394,7004662,30419,9.0,330.96,2978.64
901395,7008049,30167,3.0,1131.74,3395.22
901396,7002079,30979,1.0,311.73,311.73
901397,7008193,31294,8.0,58.04,464.32
901398,7012929,31001,5.0,155.92,779.6
901399,7005413,30810,5.0,949.56,4747.8
901400,7008689,30489,10.0,675.39,6753.9
901401,7003118,30270,9.0,902.82,8125.38
901402,7011760,31491,6.0,343.76,2062.56
901403,7011052,31361,5.0,830.78,4153.9
901404,7013903,30522,5.0,1075.97,5379.85
901405,7007026,30769,2.0,895.08,1790.16
901406,7006143,31382,10.0,932.56,9325.6
901407,7007544,30276,1.0,844.49,844.49
901408,7006405,31431,12.0,522.45,6269.4
901409,7004864,30256,12.0,662.42,7949.04
901410,7007528,31082,8.0,321.99,2575.92
901411,7002871,31074,9.0,1024.19,9217.71
901412,7013449,30976,8.0,365.62,2924.96
901413,7007176,30707,1.0,867.17,867.17
901414,7013822,30512,9.0,862.14,7759.26
901415,7013425,30513,11.0,38.18,419.98
901416,7007139,30058,10.0,1064.91,10649.1
901417,7006690,30194,2.0,750.04,1500.08
901418,7014992,30756,2.0,89.97,179.94
901419,7004116,30981,11.0,93.15,1024.65
901420,7007337,30016,6.0,726.69,4360.14
901421,7006803,30217,8.0,599.09,4792.72
901422,7003949,30338,2.0,237.13,474.26
901423,7013499,31405,1.0,566.91,566.91
901424,7007840,30686,8.0,439.97,3519.76
901425,7006848,31249,5.0,88.87,444.35
901426,7005530,30154,5.0,544.63,2723.15
901427,7000858,30588,8.0,1012.29,8098.32
901428,7005643,30752,5.0,239.22,1196.1
901429,7002935,30014,7.0,497.13,3479.91
901430,7002605,30154,8.0,745.32,5962.56
901431,7008327,30153,10.0,774.03,7740.3
901432,7006472,30661,5.0,394.04,1970.2
901433,7006928,30653,2.0,342.68,685.36
901434,7010243,30768,10.0,233.7,2337.0
901435,7010842,30515,6.0,269.98,1619.88
901436,7000322,30689,3.0,353.43,1060.29
901437,7013813,31202,4.0,615.7,2462.8
901438,7008171,30445,1.0,48.33,48.33
901439,7004975,31454,7.0,179.98,1259.86
901440,7006132,31221,8.0,185.69,1485.52
901441,7014954,30288,8.0,343.05,2744.4
901442,7010168,30009,10.0,397.05,3970.5
901443,7014626,31351,1.0,1194.18,1194.18
901444,7012910,30640,11.0,91.76,1009.36
901445,7002978,31113,2.0,104.0,208.0
901446,7005166,30666,3.0,161.72,485.16
901447,7014662,31351,11.0,710.04,7810.44
901448,7014844,30155,3.0,105.71,317.13
901449,7013987,30359,10.0,554.92,5549.2
901450,7000117,31436,12.0,144.17,1730.04
901451,7000008,30989,12.0,140.78,1689.36
901452,7004940,30047,11.0,659.17,7250.87
901453,7009885,30644,9.0,971.85,8746.65
901454,7001550,31137,8.0,810.44,6483.52
901455,7013429,30400,10.0,518.55,5185.5
901456,7011047,30577,7.0,460.38,3222.66
901457,7000597,31084,11.0,410.56,4516.16
901458,7008813,31469,12.0,174.45,2093.4
901459,7000451,30656,4.0,1134.86,4539.44
901460,7012246,30492,12.0,622.25,7467.0
901461,7014498,31109,5.0,715.75,3578.75
901462,7000233,30541,5.0,319.08,1595.4
901463,7003436,31163,6.0,980.21,5881.26
901464,7014741,30380,7.0,969.23,6784.61
901465,7002368,30153,11.0,458.07,5038.77
901466,7006619,30525,10.0,742.66,7426.6
901467,7001902,31435,11.0,204.4,2248.4
901468,7009071,31123,6.0,393.4,2360.4
901469,7010604,30578,2.0,510.7,1021.4
901470,7014218,31179,4.0,43.56,174.24
901471,7009391,30917,9.0,332.69,2994.21
901472,7011563,30156,11.0,276.23,3038.53
901473,7005665,31021,2.0,797.56,1595.12
901474,7002858,31115,8.0,140.05,1120.4
901475,7002393,30403,11.0,655.18,7206.98
901476,7009489,30658,4.0,572.26,2289.04
901477,7005777,30120,4.0,821.5,3286.0
901478,7006133,30583,8.0,444.24,3553.92
901479,7001332,31320,11.0,74.99,824.89
901480,7010230,30477,3.0,990.52,2971.56
901481,7004182,30347,12.0,829.0,9948.0
901482,7001373,31456,2.0,903.79,1807.58
901483,7010553,30714,2.0,899.41,1798.82
901484,7006682,31139,4.0,73.0,292.0
901485,7000370,30754,10.0,673.79,6737.9
901486,7011327,31126,1.0,674.1,674.1
901487,7003517,30821,2.0,55.42,110.84
901488,7004220,30651,8.0,947.37,7578.96
901489,7004061,31291,6.0,567.27,3403.62
901490,7003626,30908,3.0,324.41,973.23
901491,7007231,31378,10.0,116.5,1165.0
901492,7012248,30542,9.0,1139.94,10259.46
901493,7009337,31255,10.0,350.42,3504.2
901494,7001309,30825,1.0,683.99,683.99
901495,7007378,30700,8.0,231.24,1849.92
901496,7005914,30599,2.0,441.62,883.24
901497,7013100,31426,7.0,461.69,3231.81
901498,7011084,30526,9.0,138.13,1243.17
901499,7009455,30509,6.0,795.83,4774.98
901500,7012910,31250,4.0,1063.98,4255.92
901501,7009166,30277,11.0,1148.31,12631.41
901502,7005050,30913,9.0,1012.65,9113.85
901503,7013808,30389,3.0,423.56,1270.68
901504,7007501,31473,8.0,959.97,7679.76
901505,7012229,30065,1.0,395.85,395.85
901506,7001645,30596,1.0,917.39,917.39
901507,7009374,31157,3.0,153.12,459.36
901508,7010116,30386,8.0,273.36,2186.88
901509,7002681,30451,3.0,1024.12,3072.36
901510,7011517,30148,4.0,400.27,1601.08
901511,7000921,31335,6.0,60.61,363.66
901512,7012899,31353,5.0,903.75,4518.75
901513,7008886,30501,11.0,992.35,10915.85
901514,7013973,31085,11.0,933.43,10267.73
901515,7003399,30043,6.0,319.94,1919.64
901516,7008512,30283,8.0,128.8,1030.4
901517,7000621,30086,10.0,642.42,6424.2
901518,7003804,31252,5.0,855.0,4275.0
901519,7012114,30099,1.0,432.43,432.43
901520,7002725,30993,10.0,49.75,497.5
901521,7009423,30204,1.0,1001.23,1001.23
901522,7011791,30076,10.0,611.76,6117.6
901523,7002446,30080,2.0,665.05,1330.1
901524,7005294,30310,4.0,1085.24,4340.96
901525,7005981,30561,2.0,1172.91,2345.82
901526,7012841,30806,10.0,694.11,6941.1
901527,7009392,30912,5.0,1111.88,5559.4
901528,7003313,30441,8.0,361.17,2889.36
901529,7010765,30719,1.0,140.53,140.53
901530,7009593,30274,7.0,760.97,5326.79
901531,7002344,30237,12.0,95.37,1144.44
901532,7012739,30259,12.0,249.35,2992.2
901533,7009532,30558,6.0,1065.63,6393.78
901534,7009500,30174,6.0,280.76,1684.56
901535,7012672,30438,6.0,301.7,1810.2
901536,7001020,30723,9.0,427.0,3843.0
901537,7011576,30675,4.0,341.29,1365.16
901538,7007032,30623,12.0,27.98,335.76
901539,7004951,30654,8.0,27.06,216.48
901540,7006359,31252,10.0,54.55,545.5
901541,7010995,31150,8.0,860.57,6884.56
901542,7000110,30334,5.0,656.41,3282.05
901543,7013506,30761,9.0,136.83,1231.47
901544,7009653,31111,8.0,141.56,1132.48
901545,7002627,31129,6.0,569.96,3419.76
901546,7013878,30254,10.0,796.69,7966.9
901547,7012485,31112,5.0,136.84,684.2
901548,7006114,30344,7.0,501.31,3509.17
901549,7013151,30790,2.0,757.26,1514.52
901550,7002644,31250,4.0,367.01,1468.04
901551,7001876,30702,8.0,1140.75,9126.0
901552,7010303,31338,9.0,1014.88,9133.92
901553,7013035,31085,5.0,776.99,3884.95
901554,7010095,31074,2.0,746.2,1492.4
901555,7011968,31192,12.0,663.32,7959.84
901556,7011725,30646,5.0,547.83,2739.15
901557,7001612,30213,8.0,922.39,7379.12
901558,7011820,31265,12.0,708.46,8501.52
901559,7003080,30286,4.0,481.96,1927.84
901560,7013848,30208,12.0,35.33,423.96
901561,7013797,31453,11.0,1177.03,12947.33
901562,7012492,31442,4.0,724.57,2898.28
901563,7006391,30998,1.0,70.06,70.06
901564,7005070,31481,9.0,702.03,6318.27
901565,7008802,31025,5.0,443.96,2219.8
901566,7003583,31192,9.0,272.88,2455.92
901567,7013931,30979,4.0,920.09,3680.36
901568,7000073,30936,8.0,895.31,7162.48
901569,7004213,30214,11.0,575.68,6332.48
901570,7004459,30709,8.0,921.41,7371.28
901571,7002574,30032,1.0,1155.57,1155.57
901572,7001833,31124,11.0,193.82,2132.02
901573,7001681,30517,12.0,1179.55,14154.6
901574,7000284,31494,8.0,825.29,6602.32
901575,7010878,31344,2.0,1093.45,2186.9
901576,7010133,31381,4.0,336.0,1344.0
901577,7003666,30643,9.0,179.26,1613.34
901578,7000912,30637,3.0,522.2,1566.6
901579,7013560,31011,1.0,694.12,694.12
901580,7014110,30404,11.0,163.16,1794.76
901581,7011503,30543,5.0,52.96,264.8
901582,7010325,31266,6.0,1008.18,6049.08
901583,7004065,30088,3.0,852.67,2558.01
901584,7004778,30380,6.0,1192.66,7155.96
901585,7000429,30114,4.0,553.56,2214.24
901586,7003351,31092,2.0,493.71,987.42
901587,7011048,31105,6.0,360.97,2165.82
901588,7012247,31051,11.0,225.0,2475.0
901589,7001073,30257,6.0,492.39,2954.34
901590,7005542,30217,7.0,1053.95,7377.65
901591,7001518,30378,11.0,715.4,7869.4
901592,7008638,30393,2.0,656.27,1312.54
901593,7013754,31470,11.0,37.93,417.23
901594,7001150,31034,11.0,461.87,5080.57
901595,7002097,30207,4.0,584.34,2337.36
901596,7004300,30381,7.0,69.81,488.67
901597,7006798,30287,11.0,530.09,5830.99
901598,7014408,30915,4.0,34.96,139.84
901599,7014643,30571,10.0,680.83,6808.3
901600,7013554,30288,6.0,652.99,3917.94
901601,7010699,31433,7.0,753.16,5272.12
901602,7011458,30325,6.0,477.62,2865.72
901603,7005557,30551,1.0,2811.74,2811.74
901604,7000537,30849,6.0,1004.69,6028.14
901605,7011056,30242,9.0,181.4,1632.6
901606,7002176,30606,11.0,813.9,8952.9
901607,7011227,31047,12.0,173.68,2084.16
901608,7005075,31247,7.0,1029.66,7207.62
901609,7013088,30176,5.0,58.28,291.4
901610,7007518,30581,5.0,683.29,3416.45
901611,7000546,30316,1.0,762.24,762.24
901612,7009654,30056,2.0,1056.31,2112.62
901613,7013788,31398,5.0,788.9,3944.52
901614,7009444,30558,12.0,393.29,4719.48
901615,7011085,31064,6.0,471.4,2828.4
901616,7013121,30785,9.0,469.77,4227.93
901617,7007895,30071,2.0,775.87,1551.74
901618,7004553,30190,4.0,385.72,1542.88
901619,7006800,31049,3.0,913.9,2741.7
901620,7011489,30531,10.0,1061.55,10615.5
901621,7013947,31106,11.0,741.75,8159.25
901622,7008117,31457,10.0,220.69,2206.9
901623,7013626,30940,4.0,294.31,1177.24
901624,7014660,31186,10.0,1025.48,10254.8
901625,7014528,31035,6.0,473.27,2839.62
901626,7001256,30891,10.0,722.57,7225.7
901627,7001418,31182,8.0,574.72,4597.76
901628,7014367,31104,3.0,640.8,1922.4
901629,7012174,30106,6.0,181.65,1089.9
901630,7003511,30087,11.0,593.9,6532.9
901631,7005196,31206,1.0,806.13,806.13
901632,7010187,30835,10.0,753.37,7533.7
901633,7002535,30065,6.0,323.17,1939.02
901634,7000507,30442,11.0,127.5,1402.5
901635,7000219,30476,9.0,571.48,5143.32
901636,7003953,30875,7.0,1011.4,7079.8
901637,7010529,30587,2.0,623.96,1247.92
901638,7013751,30605,4.0,830.56,3322.24
901639,7010640,30207,9.0,495.81,4462.29
901640,7001243,31263,8.0,761.05,6088.4
901641,7013509,30162,1.0,349.68,349.68
901642,7013407,31011,7.0,185.71,1299.97
901643,7007916,31107,7.0,974.32,6820.24
901644,7000183,30967,10.0,574.95,5749.5
901645,7012958,30604,12.0,263.59,3163.08
901646,7001891,30431,8.0,119.81,958.48
901647,7013577,30657,4.0,939.62,3758.48
901648,7008489,31091,11.0,1013.24,11145.64
901649,7000511,31426,6.0,911.03,5466.18
901650,7002256,31054,8.0,449.07,3592.56
901651,7003407,31171,7.0,1055.82,7390.74
901652,7011484,31486,3.0,631.41,1894.23
901653,7000394,31411,8.0,560.99,4487.92
901654,7013408,30079,11.0,459.44,5053.84
901655,7005411,30855,10.0,205.4,2054.0
901656,7014092,30026,1.0,1000.2,1000.2
901657,7001124,30696,11.0,642.77,7070.47
901658,7002621,30922,8.0,747.49,5979.92
901659,7008100,31376,11.0,727.52,8002.72
901660,7005330,31111,4.0,130.25,521.0
901661,7014712,30527,11.0,719.3,7912.36
901662,7003094,31364,1.0,76.99,76.99
901663,7000657,31361,12.0,1016.91,12202.92
901664,7003946,30442,7.0,469.35,3285.45
901665,7001515,31390,10.0,944.21,9442.1
901666,7000063,30967,4.0,324.68,1298.72
901667,7004002,30321,2.0,41.73,83.46
901668,7011197,30003,6.0,837.5,5025.0
901669,7005221,30163,2.0,378.84,757.68
901670,7012311,30247,2.0,1135.4,2270.8
901671,7003781,31261,9.0,294.86,2653.74
901672,7002757,30560,10.0,1025.3,10253.0
901673,7011270,30406,6.0,1029.6,6177.6
901674,7013967,30226,4.0,437.42,1749.68
901675,7001590,31497,12.0,753.66,9043.92
901676,7013329,31098,3.0,372.76,1118.28
901677,7002316,30161,8.0,1051.14,8409.12
901678,7002712,30935,1.0,1126.73,1126.73
901679,7013986,31201,6.0,914.79,5488.74
901680,7009537,30651,9.0,1094.96,9854.64
901681,7007720,30026,6.0,536.58,3219.48
901682,7005072,30052,3.0,605.11,1815.33
901683,7000358,31088,9.0,610.73,5496.57
901684,7006615,30139,7.0,153.73,1076.11
901685,7012014,30235,7.0,310.2,2171.4
901686,7004442,30140,1.0,865.08,865.08
901687,7013566,30744,4.0,924.43,3697.72
901688,7009904,31155,1.0,129.52,129.52
901689,7011440,30383,9.0,291.84,2626.56
901690,7003237,30037,8.0,1192.36,9538.88
901691,7002541,30710,8.0,1137.14,9097.12
901692,7000673,30632,12.0,744.26,8931.12
901693,7012858,30540,11.0,47.45,521.95
901694,7009782,30371,1.0,66.32,66.32
901695,7011569,31264,1.0,579.63,579.63
901696,7002725,31229,3.0,336.71,1010.13
901697,7001577,31307,9.0,296.29,2666.61
901698,7009615,30585,10.0,121.15,1211.5
901699,7005066,30726,2.0,907.73,1815.46
901700,7002377,30666,7.0,389.04,2723.31
901701,7014028,31389,5.0,432.93,2164.65
901702,7013226,30772,3.0,471.7,1415.1
901703,7011451,30810,12.0,75.93,911.16
901704,7004663,31072,7.0,574.64,4022.48
901705,7009338,30071,9.0,331.04,2979.36
901706,7002184,30618,4.0,52.97,211.88
901707,7006924,31036,9.0,733.46,6601.14
901708,7014873,30817,3.0,1175.38,3526.14
901709,7009280,31272,11.0,277.99,3057.89
901710,7007313,31473,7.0,926.8,6487.6
901711,7009421,30894,11.0,1192.74,13120.14
901712,7011521,31356,1.0,767.71,767.71
901713,7012358,30392,12.0,290.98,3491.76
901714,7013501,31486,1.0,951.28,951.28
901715,7002597,30179,7.0,1098.32,7688.24
901716,7013741,31380,11.0,904.22,9946.42
901717,7002446,31358,5.0,62.28,311.4
901718,7000939,31173,11.0,1049.61,11545.71
901719,7011167,30419,6.0,182.62,1095.72
901720,7001788,30883,6.0,996.85,5981.1
901721,7003208,30766,7.0,960.35,6722.45
901722,7006187,30423,8.0,975.4,7803.2
901723,7004792,31270,11.0,89.76,987.36
901724,7011004,30142,7.0,413.53,2894.71
901725,7011297,30167,4.0,18.8,75.2
901726,7000377,30757,10.0,1071.19,10711.9
901727,7000207,30371,11.0,145.27,1597.97
901728,7003348,30741,8.0,550.67,4405.36
901729,7009487,31363,9.0,474.18,4267.62
901730,7001893,30524,4.0,777.69,3110.76
901731,7003971,30869,11.0,840.35,9243.85
901732,7001433,30083,12.0,369.68,4436.16
901733,7005251,30425,10.0,530.02,5300.2
901734,7012850,30567,12.0,738.71,8864.52
901735,7005676,30900,1.0,762.23,762.23
901736,7013351,30512,11.0,760.88,8369.68
901737,7007047,30776,9.0,887.73,7989.57
901738,7014814,30003,12.0,667.4,8008.8
901739,7009842,31088,10.0,1127.29,11272.9
901740,7009386,30558,5.0,496.56,2482.8
901741,7012906,30367,8.0,62.02,496.16
901742,7001305,31356,6.0,49.78,298.68
901743,7004097,31265,2.0,441.55,883.1
901744,7008490,30854,12.0,780.99,9371.88
901745,7001794,30945,2.0,719.98,1439.96
901746,7014964,30299,2.0,634.15,1268.3
901747,7006552,30429,3.0,1108.83,3326.49
901748,7012157,30306,4.0,1093.19,4372.76
901749,7004483,30314,2.0,815.39,1630.78
901750,7013311,30186,4.0,917.4,3669.6
901751,7005224,30767,11.0,1000.02,11000.22
901752,7003031,30644,10.0,357.66,3576.6
901753,7010325,30031,9.0,1056.79,9511.11
901754,7011368,31256,10.0,987.09,9870.9
901755,7014462,30021,11.0,268.74,2956.14
901756,7007263,30573,2.0,477.93,955.86
901757,7005716,31473,7.0,480.59,3364.13
901758,7005018,30767,4.0,15.57,62.28
901759,7010781,30665,7.0,70.7,494.9
901760,7005833,31282,2.0,129.05,258.1
901761,7004843,31285,2.0,908.77,1817.54
901762,7011423,30037,9.0,708.72,6378.48
901763,7002986,31292,6.0,367.94,2207.64
901764,7009447,30402,5.0,258.8,1294.0
901765,7001046,31020,10.0,582.16,5821.6
901766,7007716,30935,12.0,361.56,4338.72
901767,7000191,30376,12.0,302.21,3626.52
901768,7001184,30177,8.0,880.26,7042.08
901769,7013917,31104,8.0,37.49,299.92
901770,7014689,30757,9.0,70.22,631.98
901771,7007746,31322,1.0,407.66,407.66
901772,7011525,30398,3.0,936.95,2810.85
901773,7011493,30715,3.0,74.52,223.56
901774,7000846,31460,1.0,105.82,105.82
901775,7014631,31009,9.0,30.08,270.74
901776,7001716,30486,4.0,171.93,687.72
901777,7008798,31355,6.0,403.84,2423.04
901778,7002580,30487,11.0,260.36,2863.96
901779,7001916,30445,2.0,272.56,545.12
901780,7007626,30070,10.0,1165.54,11655.4
901781,7013286,30656,9.0,201.26,1811.34
901782,7012536,30932,8.0,734.64,5877.12
901783,7009378,31214,5.0,482.26,2411.3
901784,7001005,31485,5.0,245.17,1225.85
901785,7013120,31264,1.0,1146.09,1146.09
901786,7002094,30443,9.0,1063.99,9575.91
901787,7003513,30118,7.0,848.76,5941.32
901788,7008130,31480,9.0,1178.6,10607.4
901789,7001319,30966,11.0,325.59,3581.49
901790,7006609,30111,10.0,188.55,1885.5
901791,7009982,30984,7.0,217.6,1523.2
901792,7007233,30549,1.0,738.32,738.32
901793,7010576,30591,10.0,100.57,1005.7
901794,7006350,31236,8.0,454.01,3632.08
901795,7011642,30918,12.0,846.16,10153.92
901796,7002638,30745,2.0,793.81,1587.62
901797,7003523,30872,9.0,1013.0,9117.0
901798,7014873,31449,2.0,225.47,450.94
901799,7004059,30045,8.0,731.14,5849.12
901800,7005950,31436,11.0,128.99,1418.89
901801,7001280,30948,7.0,877.32,6141.24
901802,7012490,31485,11.0,282.15,3103.65
901803,7001461,30209,11.0,529.62,5825.82
901804,7014714,31485,8.0,1111.94,8895.52
901805,7008163,30828,10.0,460.26,4602.6
901806,7005035,30751,7.0,657.66,4603.66
901807,7012088,30473,11.0,1150.87,12659.57
901808,7014420,30205,1.0,1132.73,1132.73
901809,7006865,30201,11.0,592.94,6522.34
901810,7012878,30661,7.0,1194.09,8358.63
901811,7011908,31386,2.0,387.94,775.88
901812,7006553,30538,3.0,1028.91,3086.73
901813,7012549,31269,12.0,600.94,7211.28
901814,7004290,30271,2.0,397.84,795.68
901815,7009121,30334,6.0,351.06,2106.36
901816,7001567,30833,8.0,1075.9,8607.2
901817,7002385,31476,4.0,447.83,1791.32
901818,7000284,30733,5.0,767.84,3839.2
901819,7007461,30978,4.0,265.8,1063.2
901820,7012268,30148,12.0,67.65,811.8
901821,7012093,30739,11.0,455.31,5008.41
901822,7006464,30264,11.0,252.26,2774.86
901823,7011008,31273,5.0,755.03,3775.15
901824,7009051,30972,5.0,67.28,336.4
901825,7012166,30061,3.0,559.91,1679.73
901826,7005851,30132,11.0,478.56,5264.16
901827,7013675,30432,10.0,1070.11,10701.1
901828,7007053,30240,8.0,236.57,1892.53
901829,7006320,30996,7.0,315.79,2210.53
901830,7012909,31230,2.0,361.24,722.48
901831,7002437,30781,1.0,888.04,888.04
901832,7007827,30752,12.0,746.05,8952.6
901833,7001252,31158,5.0,910.51,4552.55
901834,7009231,30232,2.0,83.68,167.36
901835,7003744,30027,7.0,537.73,3764.11
901836,7002224,30584,4.0,855.87,3423.48
901837,7000008,30706,11.0,900.86,9909.46
901838,7008710,30188,8.0,436.9,3495.2
901839,7003403,30259,4.0,479.05,1916.2
901840,7011438,31307,8.0,324.29,2594.32
901841,7012256,30132,8.0,829.93,6639.44
901842,7010418,30514,11.0,191.57,2107.27
901843,7001785,30240,6.0,1117.45,6704.7
901844,7005095,30441,6.0,948.26,5689.56
901845,7014214,30822,8.0,118.06,944.48
901846,7010077,30247,11.0,1046.77,11514.47
901847,7011460,31259,5.0,273.16,1365.78
901848,7012372,30303,6.0,245.86,1475.16
901849,7003023,30958,4.0,766.5,3066.0
901850,7005338,31452,7.0,529.44,3706.08
901851,7000150,30498,6.0,65.26,391.56
901852,7005338,30226,8.0,452.61,3620.88
901853,7001416,31274,8.0,450.39,3603.12
901854,7002649,30192,8.0,249.99,1999.92
901855,7008592,30042,1.0,575.3,575.3
901856,7011887,31168,8.0,978.59,7828.72
901857,7009030,30163,2.0,707.79,1415.58
901858,7000549,31331,10.0,388.64,3886.4
901859,7000929,30253,5.0,856.39,4281.95
901860,7011523,31036,11.0,474.84,5223.24
901861,7005947,30658,4.0,965.92,3863.68
901862,7014412,30585,2.0,265.36,530.72
901863,7004309,30827,9.0,987.4,8886.6
901864,7004498,30950,6.0,143.0,858.0
901865,7000968,30805,4.0,455.5,1822.0
901866,7010410,31147,4.0,1147.81,4591.24
901867,7007149,31499,4.0,912.75,3651.0
901868,7012086,30178,8.0,112.0,895.98
901869,7005034,31453,8.0,152.03,1216.24
901870,7008507,31066,8.0,1192.18,9537.44
901871,7011791,30965,7.0,727.47,5092.29
901872,7005036,31179,6.0,763.14,4578.84
901873,7003684,31449,12.0,796.97,9563.64
901874,7009149,30460,4.0,235.26,941.04
901875,7000584,31268,12.0,245.32,2943.84
901876,7004102,30243,4.0,1188.43,4753.72
901877,7008265,30677,2.0,29.01,58.02
901878,7006368,30183,3.0,226.08,678.24
901879,7004223,30894,9.0,597.05,5373.45
901880,7003923,30898,8.0,195.56,1564.49
901881,7001663,30007,5.0,277.84,1389.2
901882,7012664,30605,4.0,919.34,3677.36
901883,7012804,31035,3.0,973.49,2920.47
901884,7012116,30992,6.0,357.35,2144.1
901885,7013228,30328,1.0,498.56,498.56
901886,7002650,31498,2.0,348.83,697.66
901887,7005218,31030,8.0,521.67,4173.36
901888,7014440,30333,10.0,120.39,1203.9
901889,7013267,30033,1.0,1027.18,1027.18
901890,7001873,30023,4.0,612.5,2450.0
901891,7010569,30533,4.0,1131.69,4526.76
901892,7011522,31126,11.0,504.82,5553.02
901893,7002970,30856,12.0,288.96,3467.52
901894,7011707,30111,4.0,294.4,1177.6
901895,7011677,30701,6.0,856.97,5141.82
901896,7006954,30282,6.0,396.13,2376.78
901897,7000182,30926,7.0,601.34,4209.38
901898,7014132,30605,4.0,1061.08,4244.32
901899,7000807,30570,7.0,316.4,2214.8
901900,7001088,30180,6.0,865.8,5194.8
901901,7012113,30383,8.0,1069.99,8559.92
901902,7006214,31157,11.0,411.36,4524.96
901903,7007385,30188,8.0,48.86,390.88
901904,7001844,30359,5.0,212.74,1063.7
901905,7012389,30628,6.0,614.38,3686.28
901906,7001658,30234,7.0,755.2,5286.4
901907,7002458,31302,11.0,1033.15,11364.65
901908,7005579,30581,9.0,120.37,1083.33
901909,7014331,30996,2.0,973.4,1946.8
901910,7005660,30867,4.0,855.32,3421.28
901911,7010228,30869,9.0,233.12,2098.08
901912,7007263,30917,3.0,849.03,2547.09
901913,7002082,31383,5.0,1020.15,5100.75
901914,7000174,31399,2.0,206.92,413.84
901915,7009711,31284,9.0,276.68,2490.12
901916,7000572,30791,7.0,194.25,1359.75
901917,7003485,30012,5.0,176.12,880.6
901918,7007281,30837,2.0,486.17,972.34
901919,7008479,30206,6.0,563.78,3382.68
901920,7001997,30036,3.0,713.74,2141.22
901921,7007120,31170,1.0,861.18,861.18
901922,7003228,30699,2.0,643.32,1286.64
901923,7009381,30904,12.0,27.52,330.24
901924,7003276,30828,11.0,435.67,4792.37
901925,7006882,30886,1.0,1193.96,1193.96
901926,7010229,31409,5.0,284.93,1424.65
901927,7000504,30693,9.0,635.37,5718.33
901928,7011185,30297,12.0,743.18,8918.16
901929,7007586,30229,11.0,458.76,5046.36
901930,7013283,30014,8.0,31.97,255.76
901931,7005706,30219,10.0,247.5,2475.0
901932,7014516,30181,11.0,622.24,6844.64
901933,7010423,30501,6.0,342.4,2054.4
901934,7014239,30659,11.0,901.64,9918.04
901935,7013613,30062,7.0,1070.17,7491.19
901936,7000549,31205,10.0,599.88,5998.8
901937,7004977,31399,11.0,389.54,4284.94
901938,7009729,31103,11.0,171.08,1881.88
901939,7002756,30513,12.0,639.92,7679.04
901940,7007315,31329,1.0,448.7,448.7
901941,7003061,30746,12.0,392.96,4715.52
901942,7010710,30720,7.0,290.96,2036.72
901943,7002510,30669,10.0,456.34,4563.4
901944,7002652,31375,3.0,530.31,1590.93
901945,7000030,30969,11.0,822.67,9049.37
901946,7003922,31361,3.0,588.5,1765.5
901947,7009093,30266,9.0,683.53,6151.77
901948,7008829,30384,7.0,849.9,5949.3
901949,7002559,30538,8.0,24.24,193.92
901950,7008484,30950,8.0,14.72,117.76
901951,7002654,31023,11.0,658.7,7245.7
901952,7009065,31333,7.0,363.78,2546.46
901953,7005840,30765,9.0,382.94,3446.46
901954,7007634,31020,6.0,938.09,5628.54
901955,7003674,31199,3.0,1136.58,3409.74
901956,7007065,31421,11.0,550.81,6058.91
901957,7003926,31225,3.0,463.2,1389.6
901958,7012211,30416,7.0,761.88,5333.16
901959,7009129,31468,3.0,229.98,689.94
901960,7004653,30568,2.0,208.77,417.54
901961,7007773,31318,10.0,248.31,2483.1
901962,7009266,31126,4.0,344.08,1376.32
901963,7000439,30760,4.0,673.22,2692.88
901964,7011730,30870,5.0,1015.92,5079.6
901965,7012528,30307,8.0,332.19,2657.52
901966,7013829,30824,6.0,966.38,5798.28
901967,7008446,30353,9.0,191.58,1724.22
901968,7008885,31244,6.0,1094.99,6569.94
901969,7009834,30531,10.0,209.07,2090.7
901970,7011997,31387,1.0,555.38,555.38
901971,7006256,31156,6.0,1137.25,6823.5
901972,7006500,30302,2.0,1014.61,2029.22
901973,7011430,31296,6.0,1040.73,6244.38
901974,7014055,31322,1.0,898.81,898.81
901975,7009624,31317,1.0,438.12,438.12
901976,7010742,31074,2.0,864.27,1728.54
901977,7000535,31352,2.0,267.92,535.84
901978,7006079,30947,11.0,583.32,6416.52
901979,7007454,30503,7.0,1063.13,7441.91
901980,7007401,31160,12.0,232.68,2792.16
901981,7008286,30735,8.0,170.11,1360.88
901982,7011040,30923,2.0,768.36,1536.72
901983,7001100,30556,6.0,85.22,511.32
901984,7013493,31458,12.0,444.89,5338.68
901985,7009917,31366,2.0,319.13,638.26
901986,7002905,31361,11.0,282.03,3102.33
901987,7005329,31481,3.0,105.6,316.8
901988,7007748,31278,1.0,770.74,770.74
901989,7002293,31088,1.0,258.79,258.79
901990,7002354,30673,7.0,486.58,3406.06
901991,7014226,30701,9.0,722.77,6504.93
901992,7012681,30477,2.0,1050.77,2101.54
901993,7013840,30565,6.0,164.49,986.94
901994,7003338,31043,1.0,805.44,805.44
901995,7010604,30650,7.0,991.82,6942.74
901996,7012932,30200,4.0,313.45,1253.8
901997,7006826,31307,11.0,182.43,2006.73
901998,7000805,30775,3.0,404.14,1212.42
901999,7004509,31146,12.0,1109.01,13308.12
902000,7014685,31153,3.0,611.56,1834.68
902001,7003427,30404,8.0,564.82,4518.56
902002,7003061,30633,4.0,621.87,2487.48
902003,7002661,30337,7.0,1078.03,7546.21
902004,7010596,30810,7.0,494.69,3462.83
902005,7009669,30757,2.0,197.68,395.36
902006,7007317,30936,9.0,93.2,838.8
902007,7011952,30551,5.0,1041.74,5208.7
902008,7002929,30873,6.0,904.19,5425.14
902009,7012958,31248,11.0,256.6,2822.6
902010,7003612,30584,5.0,102.65,513.25
902011,7001536,31180,11.0,326.67,3593.37
902012,7012584,30250,10.0,808.97,8089.7
902013,7008096,30134,10.0,129.61,1296.1
902014,7001677,30790,12.0,407.22,4886.64
902015,7003643,30583,2.0,873.97,1747.94
902016,7002165,30754,5.0,1164.62,5823.1
902017,7011828,30761,9.0,290.21,2611.89
902018,7011775,30640,4.0,995.51,3982.04
902019,7004071,30506,3.0,380.25,1140.75
902020,7002485,30798,11.0,1084.35,11927.85
902021,7005536,31281,7.0,92.2,645.4
902022,7007942,30727,4.0,887.25,3549.0
902023,7013872,30439,4.0,878.35,3513.4
902024,7009938,31034,8.0,561.8,4494.4
902025,7014757,30472,4.0,559.0,2236.01
902026,7002895,31173,1.0,185.22,185.22
902027,7013704,31431,7.0,83.59,585.16
902028,7010514,30980,5.0,56.22,281.1
902029,7003780,31341,11.0,129.42,1423.62
902030,7013157,31020,6.0,470.12,2820.72
902031,7014306,31412,1.0,308.04,308.04
902032,7013993,30826,8.0,95.74,765.92
902033,7009074,31073,4.0,41.93,167.72
902034,7009208,30452,10.0,1037.0,10370.0
902035,7012429,30710,5.0,336.16,1680.8
902036,7006945,30425,8.0,36.0,288.0
902037,7002302,30124,5.0,673.41,3367.05
902038,7005122,30923,3.0,1066.03,3198.09
902039,7014837,30343,2.0,819.56,1639.12
902040,7010864,30952,2.0,24.85,49.7
902041,7003418,30253,11.0,922.62,10148.82
902042,7003565,30357,9.0,720.04,6480.36
902043,7006141,30251,4.0,404.12,1616.48
902044,7010126,30646,1.0,798.95,798.95
902045,7009652,30641,4.0,232.06,928.24
902046,7012810,31358,3.0,202.84,608.52
902047,7011953,31350,11.0,214.26,2356.86
902048,7014404,30741,8.0,275.31,2202.48
902049,7000463,30734,4.0,413.41,1653.64
902050,7010431,30562,1.0,915.37,915.37
902051,7002720,31383,11.0,293.77,3231.47
902052,7009088,30002,1.0,643.74,643.74
902053,7005233,31478,4.0,605.55,2422.2
902054,7004003,30379,7.0,643.12,4501.84
902055,7008261,31251,2.0,1385.3,2770.59
902056,7014964,30338,4.0,607.22,2428.88
902057,7003344,30819,8.0,739.52,5916.16
902058,7009689,30972,4.0,95.46,381.84
902059,7003182,30996,5.0,134.27,671.35
902060,7001274,30033,5.0,557.8,2789.0
902061,7007948,30301,5.0,572.72,2863.6
902062,7003382,31218,5.0,261.47,1307.35
902063,7010292,30706,9.0,487.66,4388.94
902064,7002101,30921,8.0,877.58,7020.64
902065,7014060,30013,9.0,318.36,2865.24
902066,7008337,30311,8.0,715.44,5723.52
902067,7013683,31092,1.0,655.79,655.79
902068,7000025,30815,2.0,705.89,1411.78
902069,7011714,30625,11.0,789.37,8683.07
902070,7006724,31129,3.0,160.79,482.37
902071,7007278,31388,5.0,661.62,3308.1
902072,7007499,31177,9.0,1175.37,10578.33
902073,7005176,31298,9.0,423.02,3807.18
902074,7003835,31273,7.0,755.03,5285.21
902075,7011088,31498,7.0,205.63,1439.41
902076,7012212,30556,8.0,402.42,3219.36
902077,7010672,30626,6.0,671.32,4027.92
902078,7012805,31282,7.0,283.68,1985.76
902079,7012341,30708,6.0,296.28,1777.68
902080,7012671,31141,11.0,19.84,218.24
902081,7004673,31459,1.0,142.57,142.57
902082,7011958,30783,2.0,532.96,1065.92
902083,7011644,31190,7.0,108.25,757.75
902084,7002981,30297,7.0,645.19,4516.33
902085,7003195,31230,3.0,16.79,50.37
902086,7002459,30626,9.0,435.45,3919.05
902087,7004111,30772,3.0,458.31,1374.93
902088,7000858,30987,1.0,1173.19,1173.19
902089,7011779,30254,3.0,708.25,2124.75
902090,7002694,31392,6.0,185.72,1114.32
902091,7010927,30290,6.0,972.55,5835.3
902092,7007231,31247,7.0,1103.22,7722.54
902093,7006520,30457,9.0,157.92,1421.28
902094,7013592,30641,4.0,858.13,3432.52
902095,7009891,30965,7.0,1172.76,8209.32
902096,7007435,31175,6.0,675.91,4055.46
902097,7001453,30856,2.0,472.1,944.2
902098,7008090,30364,7.0,696.23,4873.61
902099,7002642,30287,12.0,66.89,802.65
902100,7013502,30986,9.0,416.18,3745.62
902101,7005426,30283,7.0,383.24,2682.68
902102,7000671,31367,1.0,542.43,542.43
902103,7002773,30329,7.0,90.5,633.5
902104,7001974,30883,8.0,544.33,4354.64
902105,7013647,31409,8.0,1186.08,9488.64
902106,7007468,30162,2.0,681.21,1362.42
902107,7007667,30331,7.0,184.07,1288.49
902108,7006171,30873,6.0,681.62,4089.72
902109,7008136,30670,11.0,132.93,1462.23
902110,7001326,30745,11.0,937.13,10308.43
902111,7008259,31094,4.0,312.88,1251.52
902112,7012878,30192,6.0,785.86,4715.16
902113,7011256,30754,12.0,855.47,10265.64
902114,7007146,30377,6.0,747.48,4484.88
902115,7005139,31148,4.0,325.53,1302.12
902116,7010387,31273,2.0,1048.08,2096.16
902117,7010145,31318,12.0,446.09,5353.08
902118,7006876,30662,12.0,115.15,1381.8
902119,7005791,31010,4.0,224.0,896.0
902120,7007910,30639,8.0,792.18,6337.44
902121,7010803,31204,1.0,833.76,833.76
902122,7003246,31416,2.0,569.66,1139.32
902123,7005041,31411,6.0,1061.37,6368.22
902124,7000813,31005,8.0,871.54,6972.32
902125,7009140,30700,3.0,810.64,2431.92
902126,7007236,31444,9.0,562.58,5063.18
902127,7002285,30218,12.0,520.73,6248.76
902128,7005003,30095,5.0,325.83,1629.15
902129,7000715,30726,3.0,221.04,663.12
902130,7005187,30113,5.0,1163.54,5817.7
902131,7014038,30785,2.0,426.31,852.62
902132,7003875,30095,8.0,863.6,6908.8
902133,7007650,31396,5.0,263.38,1316.9
902134,7012577,30416,8.0,58.28,466.24
902135,7014133,30427,1.0,135.04,135.04
902136,7009080,31394,5.0,568.95,2844.75
902137,7012010,30533,12.0,1132.88,13594.56
902138,7014502,30474,6.0,14.04,84.24
902139,7008775,31231,7.0,125.62,879.34
902140,7007123,30790,11.0,84.78,932.58
902141,7004402,31128,1.0,486.35,486.35
902142,7003125,30935,12.0,629.72,7556.64
902143,7013001,30642,7.0,263.46,1844.22
902144,7014839,30736,7.0,141.84,992.9
902145,7003541,30849,5.0,367.22,1836.12
902146,7003096,31176,2.0,399.78,799.56
902147,7010646,31458,11.0,102.51,1127.61
902148,7001510,31319,5.0,31.54,157.7
902149,7001906,31392,7.0,533.18,3732.26
902150,7001440,30023,7.0,71.33,499.31
902151,7014724,31470,11.0,76.99,846.94
902152,7008862,30495,9.0,913.25,8219.25
902153,7000199,30002,11.0,643.74,7081.14
902154,7008888,30957,5.0,829.61,4148.05
902155,7001320,30099,7.0,782.6,5478.2
902156,7002365,31259,11.0,25.15,276.65
902157,7003660,30151,5.0,726.57,3632.85
902158,7005793,30378,3.0,705.02,2115.06
902159,7005383,30875,12.0,1105.3,13263.6
902160,7000669,30632,1.0,143.81,143.81
902161,7014701,30862,6.0,78.29,469.74
902162,7009666,30393,5.0,121.42,607.1
902163,7006699,30056,5.0,76.85,384.25
902164,7000587,31366,9.0,796.82,7171.38
902165,7008104,31001,5.0,86.18,430.9
902166,7006106,31471,8.0,919.71,7357.68
902167,7006091,30473,12.0,587.77,7053.24
902168,7011938,30223,5.0,618.93,3094.65
902169,7008446,31389,6.0,260.02,1560.12
902170,7005918,30326,12.0,715.03,8580.36
902171,7009833,30607,4.0,791.21,3164.84
902172,7010820,30980,9.0,485.7,4371.3
902173,7010745,30396,10.0,1033.56,10335.6
902174,7008801,30860,4.0,859.27,3437.08
902175,7014583,30539,5.0,122.2,611.0
902176,7008957,30135,1.0,1105.32,1105.32
902177,7001396,30847,2.0,467.96,935.93
902178,7011585,31235,5.0,56.0,280.0
902179,7007574,30741,10.0,1074.81,10748.1
902180,7007269,31189,1.0,237.19,237.19
902181,7003644,31126,1.0,134.65,134.65
902182,7012286,31125,5.0,176.59,882.95
902183,7000315,30861,9.0,792.62,7133.58
902184,7001924,30621,4.0,211.32,845.28
902185,7012326,30517,10.0,303.13,3031.3
902186,7000132,30068,3.0,964.59,2893.77
902187,7000419,30701,4.0,781.19,3124.76
902188,7011978,30280,10.0,577.4,5774.0
902189,7010824,31440,6.0,1128.04,6768.24
902190,7011518,30928,2.0,449.34,898.68
902191,7001331,31386,2.0,1060.16,2120.32
902192,7007236,30413,5.0,618.98,3094.9
902193,7010985,31010,2.0,205.5,411.0
902194,7012854,31105,1.0,422.94,422.94
902195,7009173,30738,6.0,332.19,1993.14
902196,7007146,30941,6.0,786.2,4717.2
902197,7001927,31042,12.0,650.7,7808.4
902198,7000049,30095,5.0,881.83,4409.15
902199,7006144,30217,2.0,625.35,1250.7
902200,7012227,31037,5.0,151.17,755.85
902201,7013076,30702,4.0,696.56,2786.24
902202,7010817,30400,7.0,71.79,502.53
902203,7005152,30360,2.0,904.18,1808.36
902204,7010498,30008,2.0,385.59,771.18
902205,7014065,31348,5.0,1096.63,5483.15
902206,7007221,30093,3.0,663.0,1989.0
902207,7013271,30638,2.0,1180.27,2360.54
902208,7007381,31097,4.0,237.13,948.52
902209,7001420,30377,2.0,1147.9,2295.8
902210,7006464,31273,7.0,12.06,84.42
902211,7005969,31013,5.0,967.81,4839.05
902212,7012368,31178,3.0,792.76,2378.28
902213,7006771,30125,9.0,996.34,8967.06
902214,7011435,30163,5.0,24.42,122.1
902215,7002753,30227,6.0,811.63,4869.78
902216,7004288,30071,12.0,259.85,3118.2
902217,7002931,30758,11.0,350.41,3854.51
902218,7001587,31003,6.0,116.97,701.82
902219,7010020,30883,11.0,835.48,9190.28
902220,7005957,30348,2.0,981.77,1963.54
902221,7010315,30062,8.0,952.28,7618.24
902222,7009612,30651,8.0,528.6,4228.8
902223,7013455,30807,2.0,326.65,653.3
902224,7004627,30311,8.0,947.36,7578.88
902225,7013212,30860,10.0,279.12,2791.2
902226,7012380,30275,4.0,54.24,216.96
902227,7004920,31339,4.0,664.13,2656.52
902228,7004571,30839,5.0,839.3,4196.5
902229,7012370,30453,1.0,1156.2,1156.2
902230,7008391,30814,6.0,72.51,435.06
902231,7004563,30519,1.0,103.41,103.41
902232,7013675,31319,7.0,161.8,1132.6
902233,7009425,31354,11.0,852.65,9379.15
902234,7007229,30768,1.0,1031.24,1031.24
902235,7010046,30090,12.0,750.7,9008.4
902236,7008970,31377,3.0,922.37,2767.11
902237,7002156,30163,10.0,516.5,5165.0
902238,7012156,31430,11.0,1092.83,12021.13
902239,7007849,30390,12.0,836.34,10036.08
902240,7002838,31423,4.0,726.7,2906.8
902241,7007612,30758,10.0,413.31,4133.1
902242,7006856,30481,2.0,284.47,568.94
902243,7006961,30234,9.0,722.41,6501.69
902244,7008819,30883,3.0,355.59,1066.77
902245,7014751,31304,11.0,957.47,10532.17
902246,7002081,30963,4.0,500.97,2003.88
902247,7010527,30495,9.0,503.44,4530.96
902248,7011249,31479,3.0,279.61,838.83
902249,7004774,30709,4.0,1184.8,4739.2
902250,7000664,30757,2.0,369.79,739.58
902251,7010519,30488,6.0,1183.98,7103.88
902252,7010326,31219,2.0,504.12,1008.24
902253,7004613,30374,12.0,38.4,460.8
902254,7014492,30817,10.0,1179.18,11791.8
902255,7014557,30993,2.0,1182.2,2364.4
902256,7007537,31166,4.0,435.68,1742.72
902257,7005516,31112,11.0,616.82,6785.02
902258,7006856,31113,4.0,645.76,2583.04
902259,7012402,30557,9.0,359.51,3235.59
902260,7012017,30634,10.0,951.22,9512.2
902261,7003718,30403,2.0,335.26,670.52
902262,7009410,31471,1.0,595.93,595.93
902263,7014129,30168,3.0,1104.98,3314.94
902264,7010830,30991,8.0,1063.4,8507.2
902265,7005544,30275,12.0,383.57,4602.84
902266,7012312,30984,1.0,123.34,123.34
902267,7013502,31377,2.0,378.38,756.76
902268,7013624,30524,3.0,430.74,1292.22
902269,7012040,31200,4.0,1058.07,4232.28
902270,7014212,30220,5.0,604.22,3021.1
902271,7005431,31422,12.0,939.43,11273.16
902272,7014151,31260,8.0,403.94,3231.52
902273,7002005,30438,5.0,74.22,371.1
902274,7011628,30727,12.0,859.81,10317.72
902275,7003656,30298,9.0,414.49,3730.41
902276,7003728,30349,11.0,289.39,3183.29
902277,7014753,30198,12.0,354.25,4251.0
902278,7002715,30506,3.0,150.58,451.74
902279,7011462,30616,8.0,354.12,2832.96
902280,7009095,31455,2.0,558.85,1117.7
902281,7002993,30101,1.0,701.45,701.45
902282,7008172,31063,3.0,902.91,2708.73
902283,7003166,30274,8.0,909.06,7272.48
902284,7007890,30131,8.0,18.48,147.84
902285,7011505,30830,11.0,131.07,1441.77
902286,7008842,30778,8.0,417.76,3342.08
902287,7004245,30605,8.0,735.55,5884.4
902288,7014513,30300,4.0,419.81,1679.24
902289,7007935,30687,5.0,35.34,176.7
902290,7007002,30274,10.0,837.02,8370.2
902291,7006352,30018,10.0,599.84,5998.4
902292,7000222,31052,5.0,693.95,3469.75
902293,7011689,31113,12.0,257.8,3093.6
902294,7011465,30634,7.0,1166.69,8166.83
902295,7013429,30376,3.0,364.54,1093.62
902296,7005853,31389,11.0,47.91,527.01
902297,7001391,30689,3.0,608.79,1826.37
902298,7006382,30815,10.0,865.94,8659.4
902299,7013591,30323,11.0,608.81,6696.91
902300,8000003,30490,12.0,734.82,8817.84
902301,7010041,30703,6.0,345.24,2071.44
902302,7013481,30622,8.0,183.65,1469.17
902303,7014688,30112,2.0,586.41,1172.82
902304,7012487,31051,12.0,186.08,2232.96
902305,7005769,31207,5.0,187.2,936.0
902306,7013390,30651,10.0,720.71,7207.1
902307,7006798,31497,6.0,36.43,218.58
902308,7008917,30523,3.0,691.03,2073.09
902309,7014309,30970,9.0,1176.68,10590.12
902310,7014925,30182,4.0,1092.1,4368.4
902311,7014026,30867,1.0,653.03,653.03
902312,7010819,30094,8.0,774.48,6195.84
902313,7011699,31482,2.0,1158.09,2316.18
902314,7008324,30489,7.0,979.39,6855.73
902315,7011788,30848,1.0,1147.32,1147.32
902316,7000131,31296,8.0,711.79,5694.32
902317,7001695,31213,2.0,455.41,910.82
902318,7013837,30855,11.0,447.54,4922.94
902319,7013167,30593,8.0,536.04,4288.32
902320,7007735,31396,11.0,243.03,2673.33
902321,7005897,30418,1.0,156.5,156.5
902322,7003146,30070,8.0,1070.71,8565.68
902323,7008182,31061,5.0,874.8,4374.0
902324,7004399,30104,6.0,987.18,5923.08
902325,7011155,31314,5.0,1174.41,5872.05
902326,7001669,31181,9.0,968.56,8717.04
902327,7006318,30525,3.0,1118.08,3354.24
902328,7006534,30526,3.0,632.31,1896.93
902329,7000621,30900,11.0,600.05,6600.55
902330,7002888,31110,4.0,972.23,3888.92
902331,7003089,30064,1.0,1156.86,1156.86
902332,7013855,30820,1.0,437.57,437.57
902333,7014743,30179,8.0,810.69,6485.52
902334,7005885,30215,5.0,549.71,2748.55
902335,7014088,30520,5.0,38.8,194.0
902336,7005535,31212,7.0,832.91,5830.37
902337,7000251,30544,9.0,469.31,4223.79
902338,7007230,31164,7.0,767.64,5373.48
902339,7011100,31070,3.0,489.49,1468.47
902340,7002422,30875,1.0,106.1,106.1
902341,7009303,31168,2.0,159.26,318.52
902342,7013887,31086,2.0,583.92,1167.84
902343,7010739,30101,9.0,569.11,5121.99
902344,7002675,30389,12.0,1092.85,13114.2
902345,7001231,30082,8.0,223.73,1789.84
902346,7009531,30819,8.0,105.17,841.36
902347,7007127,31133,12.0,1056.87,12682.44
902348,7010775,31433,9.0,923.36,8310.24
902349,7008275,30394,5.0,932.67,4663.35
902350,7006656,30168,1.0,139.87,139.87
902351,7011843,31347,7.0,977.92,6845.44
902352,7003253,31010,5.0,1060.92,5304.6
902353,7004210,30869,10.0,10.89,108.9
902354,7000142,31273,3.0,972.65,2917.95
902355,7005613,30220,7.0,781.69,5471.83
902356,7000293,30958,11.0,283.74,3121.17
902357,7010877,30348,2.0,817.32,1634.65
902358,7008897,30660,10.0,250.28,2502.8
902359,7005870,30256,7.0,367.45,2572.13
902360,7003907,30866,4.0,788.0,3152.0
902361,7011121,31403,2.0,382.79,765.58
902362,7012599,30771,6.0,308.6,1851.6
902363,7009310,30665,7.0,1117.27,7820.89
902364,7004493,31083,4.0,456.66,1826.64
902365,7006847,31380,3.0,845.64,2536.92
902366,7010128,31211,1.0,71.49,71.49
902367,7000264,30077,2.0,825.99,1651.98
902368,7005783,30873,10.0,912.9,9129.0
902369,7008697,30454,5.0,560.28,2801.4
902370,7007229,31145,8.0,113.71,909.68
902371,7006008,30475,2.0,219.59,439.18
902372,7006119,30774,2.0,316.22,632.44
902373,7000282,31243,12.0,373.02,4476.24
902374,7002406,30831,10.0,114.36,1143.57
902375,7002395,30786,12.0,843.8,10125.6
902376,7004428,30370,12.0,967.24,11606.88
902377,7011130,31460,11.0,750.22,8252.42
902378,7014707,30129,12.0,297.48,3569.76
902379,7002008,30751,2.0,363.89,727.78
902380,7000449,30603,5.0,669.58,3347.9
902381,7000555,30526,9.0,263.83,2374.47
902382,7002784,31424,6.0,270.67,1624.02
902383,7000053,30234,3.0,605.92,1817.76
902384,7008342,30962,3.0,1146.85,3440.55
902385,7013791,31265,8.0,505.58,4044.64
902386,7006936,31461,6.0,127.22,763.32
902387,7014115,30787,7.0,1192.95,8350.65
902388,7004164,30427,10.0,679.82,6798.2
902389,7010198,31078,9.0,288.93,2600.37
902390,7008464,31173,6.0,1045.61,6273.66
902391,7002649,30732,10.0,665.38,6653.75
902392,7003889,31446,3.0,29.51,88.53
902393,7010356,31465,8.0,363.12,2904.96
902394,7012101,30110,12.0,757.99,9095.88
902395,7014045,30930,3.0,244.87,734.61
902396,7005848,30910,3.0,1196.48,3589.44
902397,7010357,30148,4.0,758.18,3032.72
902398,7002009,30196,11.0,628.42,6912.62
902399,7003404,31319,10.0,524.28,5242.8
902400,7004250,30628,8.0,1017.03,8136.24
902401,7003004,30565,1.0,25.27,25.27
902402,8000004,30001,2.0,868.87,1737.74
902403,7001473,30972,3.0,623.72,1871.16
902404,7005616,30555,5.0,731.43,3657.15
902405,7007586,31430,9.0,874.6,7871.4
902406,7006939,30646,4.0,626.4,2505.6
902407,7014274,30333,11.0,448.45,4932.95
902408,7014630,31132,8.0,178.11,1424.88
902409,7002292,30571,2.0,1177.43,2354.86
902410,7004846,30721,11.0,907.09,9977.99
902411,7011814,30800,6.0,525.35,3152.1
902412,7011542,30779,3.0,914.33,2742.99
902413,7014483,30036,1.0,365.76,365.76
902414,7009479,30839,7.0,339.39,2375.74
902415,7006598,30049,4.0,586.1,2344.4
902416,7005364,31147,10.0,1093.94,10939.4
902417,7009992,31010,4.0,525.44,2101.76
902418,7001398,30323,7.0,891.62,6241.34
902419,7009873,31063,2.0,849.07,1698.14
902420,7010390,30704,4.0,550.45,2201.8
902421,7013320,31253,3.0,507.7,1523.11
902422,7005153,30965,6.0,723.8,4342.8
902423,7014658,30100,10.0,400.79,4007.9
902424,7006603,31162,2.0,18.78,37.56
902425,7003508,31209,5.0,906.43,4532.15
902426,7000159,30056,3.0,512.57,1537.71
902427,7013977,30885,11.0,470.39,5174.29
902428,7008842,30774,6.0,934.61,5607.66
902429,7010020,30264,5.0,621.74,3108.7
902430,7006609,30677,3.0,694.34,2083.02
902431,7007670,31214,7.0,634.55,4441.85
902432,7000403,30359,3.0,1085.79,3257.37
902433,7008235,31077,1.0,121.31,121.31
902434,7007852,30750,9.0,1131.24,10181.16
902435,7014527,31168,9.0,537.82,4840.38
902436,7000776,30966,9.0,161.47,1453.23
902437,7013045,30643,5.0,170.21,851.05
902438,7005943,31419,2.0,747.66,1495.32
902439,7003718,31026,8.0,311.62,2492.96
902440,7011419,31190,7.0,353.67,2475.69
902441,7004440,30404,6.0,1048.65,6291.9
902442,7014275,30508,10.0,232.39,2323.9
902443,7010855,30021,9.0,827.68,7449.12
902444,7008947,30210,7.0,529.69,3707.83
902445,7008302,30139,3.0,614.96,1844.88
902446,7002204,31076,12.0,725.9,8710.74
902447,7014018,30522,2.0,389.83,779.66
902448,7003156,31024,12.0,1091.24,13094.88
902449,7000305,31311,1.0,496.65,496.65
902450,7008269,31028,8.0,622.11,4976.88
902451,7009440,30628,12.0,373.57,4482.84
902452,7011508,30478,10.0,654.14,6541.35
902453,7014496,30714,6.0,1080.37,6482.22
902454,7000916,30999,12.0,1043.28,12519.36
902455,7010295,30199,5.0,903.0,4515.0
902456,7000072,30875,6.0,401.73,2410.38
902457,7010532,30443,9.0,1092.59,9833.31
902458,7010321,30169,8.0,507.2,4057.6
902459,7010240,30779,10.0,1002.19,10021.9
902460,7001378,31238,3.0,31.78,95.34
902461,7013201,30362,12.0,1190.32,14283.84
902462,7009250,30599,11.0,859.36,9452.96
902463,7010304,30074,12.0,1096.59,13159.08
902464,7008342,30874,1.0,1168.47,1168.47
902465,7011354,30663,5.0,894.13,4470.65
902466,7001609,31473,6.0,1124.28,6745.68
902467,7001882,31315,2.0,757.63,1515.26
902468,7005197,30278,1.0,147.42,147.42
902469,7007208,31386,5.0,380.17,1900.85
902470,7004120,31488,10.0,138.57,1385.7
902471,7002853,30547,11.0,277.02,3047.22
902472,7008468,30462,7.0,382.53,2677.71
902473,7000791,31285,1.0,359.09,359.09
902474,7005368,31292,5.0,929.38,4646.9
902475,7000811,30936,12.0,471.36,5656.32
902476,7007405,31453,8.0,931.55,7452.4
902477,7000575,31197,5.0,1091.52,5457.6
902478,7009738,30203,12.0,221.66,2659.92
902479,7011880,30181,5.0,875.24,4376.2
902480,7014707,30012,3.0,1023.49,3070.47
902481,7014369,30821,11.0,378.08,4158.88
902482,7004707,30051,4.0,71.22,284.88
902483,7012856,31466,7.0,750.24,5251.68
902484,7010578,30130,10.0,712.88,7128.8
902485,7011953,30226,2.0,479.42,958.84
902486,7005640,30363,12.0,635.45,7625.4
902487,7014385,30881,2.0,456.71,913.42
902488,7004709,30569,3.0,1058.7,3176.1
902489,7000403,31392,4.0,438.61,1754.44
902490,7004370,30030,10.0,411.98,4119.8
902491,7012808,30552,3.0,1168.53,3505.59
902492,7005031,30584,2.0,1112.68,2225.36
902493,7011361,30724,10.0,230.25,2302.5
902494,7006102,30734,5.0,1096.07,5480.35
902495,7008670,31386,7.0,213.79,1496.53
902496,7005054,30392,9.0,337.87,3040.83
902497,7006349,31257,10.0,271.51,2715.14
902498,7000037,30929,8.0,250.82,2006.56
902499,7005188,31018,1.0,672.29,672.29
902500,7012354,30693,1.0,1047.41,1047.41
902501,7000854,30464,11.0,433.74,4771.14
902502,7013785,31009,3.0,922.2,2766.6
902503,7013644,30858,8.0,559.2,4473.6
902504,7013842,31104,9.0,359.1,3231.9
902505,7009232,30044,1.0,505.32,505.32
902506,7012660,30534,2.0,510.38,1020.76
902507,7008238,30531,11.0,709.88,7808.68
902508,7001456,31063,10.0,415.2,4152.0
902509,7006597,30614,12.0,220.08,2640.96
902510,7014441,31367,5.0,375.57,1877.85
902511,7011862,30769,5.0,517.6,2588.0
902512,7008154,30451,7.0,362.24,2535.68
902513,7009612,30248,10.0,848.41,8484.1
902514,7014664,31311,1.0,1154.59,1154.59
902515,7007583,31191,2.0,929.67,1859.34
902516,7008310,30124,3.0,732.38,2197.14
902517,7007977,31312,8.0,1006.62,8052.96
902518,7010103,30614,11.0,611.39,6725.29
902519,7000684,31264,7.0,795.58,5569.06
902520,7010048,30736,7.0,238.17,1667.19
902521,7001978,30430,10.0,1101.13,11011.3
902522,7010964,30445,11.0,654.91,7204.01
902523,7011244,31198,7.0,397.73,2784.11
902524,7004573,31255,12.0,108.18,1298.16
902525,7004318,30193,7.0,1021.86,7153.02
902526,7011928,31369,5.0,378.3,1891.5
902527,7014715,31294,1.0,235.21,235.21
902528,7004356,30132,8.0,153.48,1227.84
902529,7008756,30898,7.0,41.34,289.38
902530,7005248,30506,12.0,370.46,4445.52
902531,7003510,30749,12.0,392.99,4715.88
902532,7005963,30667,10.0,205.37,2053.7
902533,7005415,31156,9.0,132.31,1190.79
902534,7006930,30267,3.0,782.46,2347.38
902535,7000896,31131,6.0,76.88,461.28
902536,7013794,30392,10.0,1105.29,11052.9
902537,7006478,30026,8.0,652.23,5217.84
902538,7008884,31442,8.0,784.64,6277.12
902539,7000948,30332,10.0,12.33,123.34
902540,7003356,31492,8.0,656.5,5252.0
902541,7003338,31227,7.0,1034.19,7239.33
902542,7004797,30475,5.0,948.18,4740.9
902543,7006133,30912,6.0,262.34,1574.04
902544,7003053,30453,5.0,450.35,2251.75
902545,7002172,30893,6.0,206.02,1236.12
902546,7012712,31275,1.0,583.13,583.13
902547,7009359,31012,10.0,287.87,2878.7
902548,7009312,30898,3.0,967.26,2901.78
902549,7000062,31402,11.0,429.64,4726.04
902550,7012744,31287,6.0,664.92,3989.52
902551,7006275,30523,8.0,269.3,2154.4
902552,7008409,30144,3.0,1091.36,3274.08
902553,7007963,30154,11.0,904.17,9945.87
902554,7012162,30908,9.0,194.13,1747.17
902555,7006121,31348,8.0,179.59,1436.72
902556,7007875,31484,11.0,566.96,6236.56
902557,7011094,31086,6.0,495.73,2974.38
902558,7010895,30563,8.0,145.39,1163.12
902559,7005574,31453,11.0,274.99,3024.89
902560,7011865,30302,8.0,1122.8,8982.4
902561,7004734,31410,7.0,384.73,2693.11
902562,7006239,31273,4.0,640.35,2561.4
902563,7009402,30102,10.0,413.5,4135.0
902564,7004259,31093,9.0,803.66,7232.94
902565,7001574,30954,12.0,647.61,7771.32
902566,7010238,30622,8.0,54.4,435.2
902567,7011870,30023,6.0,1003.41,6020.46
902568,7008045,31381,6.0,990.3,5941.8
902569,7000343,30742,10.0,124.39,1243.9
902570,7004188,30256,8.0,167.66,1341.25
902571,7013581,30825,6.0,41.34,248.04
902572,7003326,30112,10.0,66.48,664.8
902573,7008393,31448,7.0,707.51,4952.57
902574,7008878,30631,10.0,376.89,3768.9
902575,7007971,30251,12.0,546.09,6553.08
902576,7007907,30043,9.0,280.59,2525.31
902577,7012113,31328,10.0,1156.38,11563.8
902578,7003769,31281,11.0,86.88,955.68
902579,7011563,30351,12.0,130.95,1571.4
902580,7000344,30501,3.0,998.7,2996.1
902581,7002522,30725,3.0,913.71,2741.13
902582,7001450,30399,2.0,476.03,952.06
902583,7008792,30497,4.0,1176.0,4704.0
902584,7014441,30540,4.0,625.0,2500.0
902585,7007817,30555,6.0,835.87,5015.22
902586,7005993,30281,10.0,748.24,7482.4
902587,7006828,30448,1.0,382.93,382.93
902588,7004406,31166,12.0,908.96,10907.52
902589,7003444,31278,5.0,635.28,3176.4
902590,7009883,30664,1.0,80.0,80.0
902591,7007193,31328,8.0,364.22,2913.76
902592,7008016,30631,1.0,803.65,803.65
902593,7001162,31308,1.0,507.42,507.42
902594,7012876,30725,7.0,750.0,5250.0
902595,7005419,30710,2.0,511.46,1022.92
902596,7010271,30591,10.0,446.54,4465.4
902597,7003871,31481,12.0,928.62,11143.44
902598,7004997,30747,11.0,462.45,5086.95
902599,7002232,30051,5.0,370.41,1852.05
902600,7002543,31499,2.0,669.07,1338.14
902601,7005622,30518,9.0,775.91,6983.19
902602,7000218,30560,11.0,798.89,8787.79
902603,7000764,30209,2.0,757.25,1514.5
902604,7008419,30715,4.0,1138.2,4552.8
902605,7014538,30987,1.0,1116.26,1116.26
902606,7013454,30862,1.0,748.49,748.49
902607,7014854,30865,12.0,1079.71,12956.52
902608,7007858,30762,12.0,1029.91,12358.92
902609,7013877,31324,1.0,144.96,144.96
902610,7010838,31005,7.0,265.93,1861.51
902611,7011818,30239,3.0,726.99,2180.97
902612,7002923,31286,11.0,452.98,4982.78
902613,7012548,30024,6.0,510.66,3063.96
902614,7001371,31048,11.0,733.01,8063.11
902615,7006089,30969,7.0,112.02,784.14
902616,7008206,30137,12.0,999.15,11989.8
902617,7000936,31125,11.0,71.75,789.25
902618,7001018,30842,6.0,557.98,3347.88
902619,7009246,30654,4.0,662.04,2648.16
902620,7006180,30110,10.0,1072.95,10729.5
902621,7008406,31254,12.0,59.1,709.2
902622,7009394,30305,4.0,181.93,727.72
902623,7012971,30216,2.0,870.97,1741.94
902624,7003359,31195,11.0,846.51,9311.61
902625,7000223,30534,9.0,1062.44,9561.96
902626,7010062,30253,7.0,962.41,6736.87
902627,7003309,30243,9.0,420.84,3787.56
902628,7002224,30354,9.0,407.87,3670.83
902629,7013750,30662,7.0,59.77,418.39
902630,7010355,30071,10.0,611.42,6114.2
902631,7014879,31241,3.0,702.84,2108.52
902632,7000058,30666,12.0,107.51,1290.12
902633,7002215,30992,4.0,843.19,3372.76
902634,7003129,31080,12.0,525.73,6308.76
902635,7013713,31225,7.0,450.21,3151.47
902636,7006519,31178,9.0,529.52,4765.68
902637,7010742,31429,11.0,1020.59,11226.49
902638,7000839,30816,7.0,1186.1,8302.7
902639,7013073,30037,1.0,553.39,553.39
902640,7007183,31132,7.0,341.55,2390.85
902641,7000576,31410,10.0,1066.26,10662.6
902642,7009283,31258,1.0,360.23,360.23
902643,7002124,31216,9.0,461.62,4154.58
902644,7008188,30770,3.0,795.37,2386.11
902645,7006458,30918,3.0,818.24,2454.72
902646,7004199,30094,6.0,437.21,2623.26
902647,7003383,30431,11.0,965.64,10622.04
902648,7014361,30394,11.0,510.64,5617.04
902649,7001653,30513,2.0,330.43,660.86
902650,7005995,30267,11.0,1067.71,11744.81
902651,7005218,30106,7.0,978.28,6847.96
902652,7012933,30258,12.0,444.67,5336.04
902653,7006829,31002,6.0,508.12,3048.72
902654,7007210,30854,11.0,333.41,3667.51
902655,7008733,30851,7.0,1063.42,7443.94
902656,7013690,30813,9.0,1180.81,10627.29
902657,7014090,30359,11.0,168.7,1855.7
902658,7007354,30413,12.0,561.9,6742.8
902659,7011154,31082,8.0,294.88,2359.04
902660,7004536,30402,7.0,975.46,6828.22
902661,7014144,30953,5.0,190.83,954.15
902662,7002281,30536,1.0,1129.44,1129.44
902663,7011400,30905,2.0,1117.16,2234.32
902664,7006603,31331,3.0,172.68,518.04
902665,7007969,31280,3.0,873.01,2619.03
902666,7002064,30552,2.0,857.46,1714.92
902667,7004926,30671,4.0,1054.53,4218.12
902668,7003812,30836,2.0,96.16,192.32
902669,7000250,31343,5.0,169.19,845.95
902670,7005046,30892,11.0,266.51,2931.61
902671,7004735,31296,10.0,458.16,4581.6
902672,7010708,30027,12.0,558.43,6701.16
902673,7006835,31456,12.0,1180.59,14167.08
902674,7000291,30689,11.0,868.54,9553.94
902675,7013736,30908,10.0,703.18,7031.8
902676,7003367,30329,10.0,726.85,7268.5
902677,7010223,30185,5.0,824.07,4120.35
902678,7001693,30079,1.0,459.44,459.44
902679,7011857,31414,12.0,64.44,773.28
902680,7001671,30737,3.0,906.08,2718.24
902681,7006375,30841,3.0,883.71,2651.13
902682,7006824,30081,6.0,1011.21,6067.26
902683,7013323,31268,5.0,390.84,1954.2
902684,7012181,30824,5.0,567.26,2836.3
902685,7010509,30445,5.0,168.15,840.75
902686,7000717,30072,4.0,19.74,78.96
902687,7002053,31114,1.0,562.09,562.09
902688,7012457,31124,5.0,1042.29,5211.45
902689,7002364,31093,5.0,889.33,4446.65
902690,7012331,30698,11.0,337.58,3713.38
902691,7006622,30780,8.0,359.79,2878.32
902692,7002834,30035,1.0,803.06,803.06
902693,7011496,30868,10.0,395.04,3950.4
902694,7010047,31025,12.0,85.98,1031.76
902695,7002780,31125,11.0,929.38,10223.18
902696,7003514,30944,8.0,700.16,5601.28
902697,7011903,30080,1.0,804.58,804.58
902698,7001944,30864,2.0,883.03,1766.06
902699,7010415,30247,6.0,604.2,3625.2
902700,7002120,30979,9.0,364.19,3277.71
902701,7008153,30195,3.0,1101.19,3303.57
902702,7003101,31455,7.0,628.29,4398.03
902703,7008847,31145,2.0,686.38,1372.76
902704,7002834,30146,6.0,347.07,2082.42
902705,7004206,30044,4.0,1103.59,4414.36
902706,7004119,31164,6.0,934.25,5605.5
902707,7006965,30776,10.0,1018.29,10182.9
902708,7001662,31209,5.0,277.26,1386.3
902709,7007580,30612,3.0,869.38,2608.14
902710,7005957,31198,6.0,193.97,1163.82
902711,7013757,30213,5.0,41.57,207.85
902712,7009077,30938,6.0,868.08,5208.48
902713,7002169,30832,10.0,810.43,8104.3
902714,7002030,30561,7.0,531.2,3718.4
902715,7006981,30117,9.0,406.47,3658.23
902716,7011702,31102,8.0,610.46,4883.68
902717,7001100,30684,6.0,907.85,5447.1
902718,7010704,30972,1.0,943.08,943.08
902719,7009812,30852,6.0,667.11,4002.66
902720,7012193,30700,7.0,1130.86,7916.02
902721,7013578,30266,7.0,696.05,4872.35
902722,7002500,30789,12.0,653.69,7844.28
902723,7014666,30475,1.0,766.05,766.05
902724,7014205,30350,1.0,303.21,303.21
902725,7014818,30926,7.0,442.94,3100.58
902726,7003105,30469,8.0,636.57,5092.56
902727,7006878,30085,11.0,267.68,2944.48
902728,7008984,31299,8.0,773.68,6189.44
902729,7005679,31485,7.0,288.77,2021.39
902730,7006919,31063,1.0,467.51,467.51
902731,7009389,30684,11.0,742.06,8162.66
902732,7006893,30978,12.0,1045.42,12545.04
902733,7009619,31250,1.0,230.2,230.2
902734,7009766,31397,2.0,244.94,489.88
902735,7006917,31260,11.0,82.15,903.65
902736,7012648,30554,5.0,272.41,1362.05
902737,7002291,30772,2.0,591.52,1183.04
902738,7008365,31456,6.0,537.5,3225.0
902739,7013445,30188,2.0,459.88,919.76
902740,7002451,30031,10.0,506.75,5067.5
902741,7010635,30800,8.0,981.1,7848.8
902742,7006581,31171,5.0,277.34,1386.7
902743,7014897,31433,4.0,165.89,663.56
902744,7004934,30925,10.0,408.6,4086.0
902745,7013375,30749,6.0,506.16,3036.96
902746,7005860,30831,3.0,712.34,2137.02
902747,7001845,30681,8.0,454.17,3633.36
902748,7002874,30627,6.0,971.46,5828.76
902749,7000313,30422,9.0,1114.35,10029.15
902750,7011322,31292,5.0,778.93,3894.65
902751,7000390,30158,10.0,124.95,1249.5
902752,7008946,31387,3.0,729.76,2189.28
902753,7013058,31354,6.0,871.05,5226.3
902754,7009104,30027,6.0,588.77,3532.62
902755,7012573,31120,11.0,1099.15,12090.65
902756,7002256,30833,8.0,1119.45,8955.6
902757,7004129,30366,11.0,582.47,6407.17
902758,7006530,30866,10.0,406.83,4068.3
902759,7014411,30638,4.0,982.5,3930.0
902760,7001659,30088,10.0,36.74,367.4
902761,7010702,31288,8.0,438.16,3505.28
902762,7008628,30914,11.0,1166.56,12832.16
902763,7009127,31047,11.0,284.73,3132.03
902764,7008051,30198,3.0,663.22,1989.66
902765,7001244,30328,7.0,1122.34,7856.38
902766,7004626,31013,9.0,194.04,1746.36
902767,7013254,31455,4.0,619.29,2477.16
902768,7001241,31214,5.0,484.72,2423.6
902769,7014576,30123,6.0,1175.78,7054.68
902770,7008736,30422,6.0,1141.05,6846.3
902771,7002993,30040,1.0,1036.98,1036.98
902772,7001759,31435,4.0,252.82,1011.28
902773,7002326,30514,1.0,564.5,564.5
902774,7011403,30647,3.0,607.19,1821.57
902775,7013015,31173,10.0,1159.7,11597.0
902776,7007694,30663,1.0,713.37,713.37
902777,7006346,30070,10.0,1088.15,10881.5
902778,7014349,30238,3.0,1037.58,3112.74
902779,7013454,30571,4.0,337.87,1351.48
902780,7004490,31173,1.0,377.99,377.99
902781,7003466,30681,10.0,272.01,2720.1
902782,7011574,30665,1.0,985.39,985.39
902783,7006350,30138,3.0,1141.58,3424.74
902784,7009742,31396,12.0,429.22,5150.64
902785,7013803,31042,6.0,442.92,2657.52
902786,7003223,31009,10.0,623.99,6239.9
902787,7001395,31322,4.0,1093.96,4375.84
902788,7007077,31359,5.0,707.45,3537.25
902789,7012757,30717,9.0,123.52,1111.68
902790,7002257,30789,12.0,631.7,7580.4
902791,7009209,31500,1.0,622.44,622.44
902792,7008260,30002,10.0,643.74,6437.4
902793,7012013,30766,9.0,57.5,517.5
902794,7013721,30656,5.0,287.53,1437.65
902795,7012979,31122,2.0,731.45,1462.9
902796,7012174,31199,9.0,311.62,2804.58
902797,7003841,30024,11.0,809.75,8907.25
902798,7004359,30716,10.0,1180.19,11801.9
902799,7002641,30348,3.0,792.1,2376.3
902800,7013496,30094,2.0,915.73,1831.46
902801,7009182,31225,3.0,884.61,2653.83
902802,7000869,30875,4.0,1155.48,4621.92
902803,7011792,30233,6.0,926.18,5557.08
902804,7013719,31072,1.0,342.05,342.05
902805,7003591,30889,2.0,631.53,1263.06
902806,7014171,30642,4.0,1174.27,4697.08
902807,7011241,31087,3.0,677.35,2032.05
902808,7002436,31188,3.0,41.62,124.86
902809,7014856,30679,10.0,495.09,4950.9
902810,7000937,30632,7.0,214.47,1501.29
902811,7010045,31110,11.0,991.78,10909.58
902812,7008935,30539,4.0,870.65,3482.6
902813,7003454,31467,3.0,750.85,2252.55
902814,7012177,30513,4.0,778.75,3115.0
902815,7013581,30955,10.0,822.56,8225.6
902816,7006850,30098,9.0,689.52,6205.68
902817,7001054,31401,8.0,1060.38,8483.04
902818,7000994,31435,5.0,916.46,4582.3
902819,7003604,30766,7.0,40.84,285.88
902820,7010831,30524,3.0,255.56,766.68
902821,7004560,31373,5.0,603.69,3018.45
902822,7001952,31033,3.0,841.47,2524.41
902823,7002972,30350,9.0,483.15,4348.35
902824,7014132,30227,10.0,461.19,4611.9
902825,7007130,30191,11.0,174.1,1915.1
902826,7007123,31447,4.0,644.37,2577.48
902827,7014411,30477,11.0,438.63,4824.93
902828,7007107,30934,3.0,872.95,2618.85
902829,7008907,30571,6.0,907.49,5444.94
902830,7008004,30362,8.0,168.28,1346.24
902831,7004906,30127,7.0,496.94,3478.58
902832,7010265,31372,10.0,862.04,8620.35
902833,7005385,30867,5.0,769.09,3845.45
902834,7006520,30216,8.0,628.06,5024.48
902835,7007210,30657,8.0,1046.95,8375.6
902836,7001616,30598,5.0,273.06,1365.3
902837,7003793,30358,12.0,1195.44,14345.28
902838,7000754,30587,11.0,1018.9,11207.9
902839,7011106,31486,9.0,859.38,7734.42
902840,7006735,31431,11.0,567.92,6247.12
902841,7012082,31234,10.0,48.56,485.6
902842,7007247,31057,5.0,106.48,532.4
902843,7008767,30944,10.0,811.09,8110.9
902844,7013799,31273,9.0,410.65,3695.85
902845,7008882,30107,2.0,467.01,934.02
902846,7012373,31026,5.0,315.51,1577.55
902847,7013163,31452,6.0,230.52,1383.12
902848,7012474,30253,2.0,790.06,1580.12
902849,7002611,30091,9.0,521.71,4695.43
902850,7012081,30977,6.0,52.54,315.24
902851,7000677,30661,3.0,806.45,2419.35
902852,7010910,30359,11.0,1148.3,12631.3
902853,7013669,31498,12.0,837.07,10044.84
902854,7011740,30981,9.0,383.54,3451.86
902855,7002562,30892,8.0,301.53,2412.24
902856,7008020,31017,9.0,316.51,2848.59
902857,7011306,30693,1.0,635.37,635.37
902858,7004183,30595,11.0,1031.67,11348.37
902859,7007631,31345,8.0,225.92,1807.36
902860,7011064,30937,2.0,189.59,379.18
902861,7009807,31083,3.0,652.47,1957.41
902862,7008067,30933,5.0,953.75,4768.75
902863,7014933,31393,6.0,894.27,5365.62
902864,7010298,30217,8.0,634.41,5075.28
902865,7008173,30634,11.0,36.77,404.47
902866,7005895,30503,2.0,718.73,1437.46
902867,7011903,30105,11.0,108.43,1192.71
902868,7007924,30355,9.0,306.64,2759.76
902869,7004700,30651,5.0,20.27,101.35
902870,7009579,30655,3.0,115.98,347.94
902871,7007209,30997,12.0,666.36,7996.32
902872,7010228,30809,2.0,462.39,924.78
902873,7006319,31043,10.0,641.91,6419.1
902874,7005814,30080,2.0,1056.73,2113.46
902875,7013271,30069,3.0,1176.89,3530.67
902876,7003417,31109,8.0,641.97,5135.76
902877,7007522,30055,7.0,262.77,1839.39
902878,7000163,30100,6.0,765.64,4593.84
902879,7010374,30792,5.0,217.4,1087.0
902880,7012929,30955,3.0,758.78,2276.34
902881,7008777,30145,9.0,303.78,2734.02
902882,7006165,30733,4.0,17.95,71.8
902883,7013569,31500,9.0,279.49,2515.41
902884,7004569,31137,8.0,1047.3,8378.4
902885,7002109,30516,12.0,133.94,1607.28
902886,7007334,31498,7.0,888.03,6216.21
902887,7012706,30201,3.0,1067.88,3203.64
902888,7007929,30831,9.0,613.55,5521.95
902889,7007615,30159,1.0,455.81,455.81
902890,7010169,31424,3.0,1062.1,3186.3
902891,7012454,30835,7.0,674.18,4719.26
902892,7004071,30959,5.0,445.61,2228.05
902893,7003083,31136,5.0,57.99,289.95
902894,7013681,31224,11.0,952.51,10477.61
902895,7012663,30751,11.0,211.84,2330.24
902896,7004572,31271,10.0,906.08,9060.8
902897,7003845,31063,2.0,134.88,269.76
902898,7000429,30379,11.0,749.61,8245.71
902899,7012105,30042,7.0,301.71,2111.97
902900,7008325,30024,10.0,529.44,5294.4
902901,7009340,30005,7.0,381.19,2668.33
902902,7011035,30051,10.0,1110.45,11104.5
902903,7008851,30889,5.0,980.38,4901.9
902904,7007665,30274,1.0,422.59,422.59
902905,7006157,30764,10.0,569.87,5698.7
902906,7008447,31381,6.0,753.42,4520.52
902907,7006733,30467,1.0,656.15,656.15
902908,7011687,31486,8.0,1007.78,8062.24
902909,7001018,31419,2.0,734.59,1469.18
902910,7010067,30153,11.0,34.28,377.08
902911,7003666,30834,9.0,379.5,3415.5
902912,7014042,30545,5.0,191.39,956.95
902913,7001671,30462,11.0,691.94,7611.34
902914,7003026,31319,11.0,661.6,7277.6
902915,7007143,30236,6.0,912.17,5473.02
902916,7004887,30905,8.0,214.81,1718.48
902917,7008724,31196,8.0,935.08,7480.64
902918,7008779,30294,10.0,1193.43,11934.3
902919,7010011,30684,1.0,298.49,298.49
902920,7006141,30245,12.0,403.37,4840.44
902921,7008549,30951,3.0,345.38,1036.14
902922,7012759,30389,1.0,221.31,221.31
902923,7010173,30338,10.0,748.08,7480.8
902924,7005640,30522,7.0,436.96,3058.72
902925,7003875,30236,8.0,1084.13,8673.04
902926,7011096,30193,6.0,724.89,4349.34
902927,7012594,30005,10.0,884.61,8846.1
902928,7003729,30178,11.0,235.16,2586.76
902929,7003404,30270,5.0,275.76,1378.8
902930,7006357,30029,2.0,809.52,1619.04
902931,7009317,30303,10.0,675.36,6753.6
902932,7000031,30212,2.0,23.32,46.64
902933,7010762,30866,12.0,347.61,4171.32
902934,7008281,30300,9.0,298.75,2688.75
902935,7009148,30445,3.0,928.22,2784.66
902936,7014717,30548,7.0,1193.25,8352.75
902937,7000332,30577,6.0,115.0,690.0
902938,7006438,31181,6.0,55.77,334.62
902939,7011259,30482,5.0,866.67,4333.35
902940,7001075,30012,12.0,1162.17,13946.04
902941,7013203,30127,12.0,832.73,9992.76
902942,7014696,31260,5.0,315.33,1576.65
902943,7003936,30440,12.0,1027.63,12331.56
902944,7006137,31167,7.0,895.65,6269.55
902945,7001189,31109,9.0,773.6,6962.4
902946,7009731,30040,9.0,823.21,7408.89
902947,7006891,30630,4.0,952.31,3809.24
902948,7007667,30969,4.0,949.97,3799.88
902949,7002578,30870,6.0,371.52,2229.12
902950,7001538,30466,12.0,1104.13,13249.56
902951,7006551,30547,10.0,454.77,4547.7
902952,7013795,30403,2.0,937.2,1874.4
902953,7000759,30897,2.0,997.56,1995.12
902954,7007900,31171,6.0,964.92,5789.52
902955,7003711,31291,2.0,586.17,1172.34
902956,7000653,30168,6.0,269.59,1617.54
902957,7006876,31364,9.0,1081.74,9735.66
902958,7011507,30952,6.0,1191.33,7147.98
902959,7008527,30745,1.0,890.62,890.62
902960,7001235,30523,8.0,719.28,5754.24
902961,7001592,31110,8.0,1078.18,8625.44
902962,7002094,30268,2.0,121.11,242.22
902963,7013808,30846,8.0,483.08,3864.64
902964,7008882,31194,12.0,249.11,2989.32
902965,7013152,30848,4.0,1013.08,4052.32
902966,7006569,31187,7.0,903.56,6324.92
902967,7000590,30197,12.0,554.01,6648.12
902968,7012908,30074,10.0,564.49,5644.9
902969,7008616,30683,9.0,869.09,7821.81
902970,7007764,30899,8.0,155.4,1243.2
902971,7013143,30878,12.0,940.25,11283.0
902972,7002593,30811,8.0,809.33,6474.64
902973,7007823,30250,3.0,941.65,2824.95
902974,7012372,30139,4.0,940.61,3762.44
902975,7004075,30179,3.0,281.78,845.34
902976,7005481,31370,6.0,531.28,3187.68
902977,7007859,30382,11.0,105.03,1155.33
902978,7003922,31452,7.0,147.27,1030.89
902979,7010173,30296,6.0,409.92,2459.52
902980,7003662,31054,7.0,1173.31,8213.17
902981,7011162,30724,12.0,1195.38,14344.56
902982,7003687,30099,10.0,613.93,6139.3
902983,7000137,30042,7.0,483.17,3382.19
902984,7000024,30024,9.0,1183.48,10651.32
902985,7000077,30893,10.0,449.93,4499.3
902986,7007026,31299,11.0,872.82,9601.02
902987,7008669,30968,12.0,229.96,2759.52
902988,7010612,31169,10.0,933.2,9332.0
902989,7010748,31280,4.0,962.22,3848.88
902990,7001132,30988,5.0,153.89,769.45
902991,7010268,31297,1.0,489.81,489.81
902992,7001199,30424,6.0,1132.05,6792.3
902993,7000501,30376,3.0,645.55,1936.65
902994,7006669,30603,12.0,822.05,9864.6
902995,7000226,31371,12.0,739.58,8874.96
902996,7000028,30318,6.0,275.6,1653.6
902997,7009452,31010,6.0,912.53,5475.18
902998,7005192,30481,5.0,895.04,4475.2
902999,7011387,30874,5.0,259.56,1297.8
903000,7008771,30537,8.0,903.03,7224.24
903001,7004310,31183,2.0,20.0,40.0
903002,7004618,30485,10.0,515.69,5156.9
903003,7005452,30288,6.0,1138.5,6831.0
903004,7011480,31295,8.0,1022.06,8176.48
903005,7004271,30230,9.0,510.75,4596.75
903006,7003616,30741,8.0,446.39,3571.12
903007,7005744,31123,9.0,917.68,8259.12
903008,7011036,31266,9.0,991.23,8921.07
903009,7011094,30988,8.0,59.94,479.52
903010,7008031,30838,1.0,557.41,557.41
903011,7002224,31465,2.0,580.59,1161.18
903012,7007535,30731,1.0,583.75,583.75
903013,7006904,31465,5.0,623.81,3119.05
903014,7008684,30011,5.0,1184.02,5920.1
903015,7005801,30221,4.0,635.02,2540.08
903016,7010673,30343,2.0,1067.33,2134.66
903017,7001481,30935,2.0,148.84,297.68
903018,7013342,31226,11.0,323.16,3554.76
903019,7007094,30169,7.0,576.15,4033.05
903020,7010019,30347,8.0,1193.79,9550.32
903021,7012474,30949,11.0,371.88,4090.68
903022,7004449,30438,12.0,85.77,1029.24
903023,7004530,30286,6.0,612.29,3673.74
903024,7011969,31079,12.0,681.74,8180.88
903025,7007006,30546,12.0,43.51,522.15
903026,7003119,30943,3.0,907.85,2723.55
903027,7011354,30920,3.0,1029.03,3087.09
903028,7004666,30837,5.0,684.01,3420.05
903029,7007235,30087,3.0,127.79,383.37
903030,7014785,30213,1.0,2661.05,2661.05
903031,7010947,31119,4.0,1036.53,4146.12
903032,7007179,31091,2.0,522.92,1045.84
903033,7005281,30067,9.0,799.23,7193.07
903034,7012810,30978,4.0,284.13,1136.52
903035,7004043,31175,8.0,931.81,7454.48
903036,7002655,31320,3.0,838.19,2514.57
903037,7012405,31089,4.0,545.68,2182.72
903038,7005827,30228,4.0,784.23,3136.92
903039,7011181,30916,6.0,360.05,2160.3
903040,7007657,30098,6.0,217.88,1307.28
903041,7008443,30734,10.0,1145.56,11455.6
903042,7005979,30892,5.0,85.19,425.95
903043,7001230,30921,10.0,406.7,4067.0
903044,7008831,30010,5.0,440.26,2201.3
903045,7005720,30085,9.0,514.51,4630.59
903046,7004272,31441,6.0,733.84,4403.07
903047,7001390,31469,8.0,743.68,5949.44
903048,7013971,30679,7.0,171.11,1197.77
903049,7003458,31321,8.0,292.8,2342.4
903050,7014172,30086,10.0,1068.52,10685.2
903051,7000353,30349,2.0,628.45,1256.91
903052,7010792,30913,12.0,1132.64,13591.68
903053,7009546,31196,6.0,508.06,3048.36
903054,7006687,30491,7.0,327.23,2290.61
903055,7008243,31286,7.0,434.29,3040.03
903056,7001907,31314,8.0,702.44,5619.52
903057,7006278,30198,1.0,185.71,185.71
903058,7006012,30055,6.0,1127.39,6764.34
903059,7007579,30621,6.0,844.34,5066.04
903060,7003053,31417,11.0,209.16,2300.76
903061,7001691,30871,1.0,680.44,680.44
903062,7012195,30535,6.0,855.92,5135.52
903063,7003042,30961,2.0,944.07,1888.14
903064,7002220,31233,6.0,205.57,1233.42
903065,7001041,30848,12.0,125.94,1511.28
903066,7010152,30284,4.0,836.63,3346.52
903067,7003838,30583,11.0,748.67,8235.37
903068,7009377,30482,12.0,912.18,10946.16
903069,7010617,30472,6.0,142.15,852.9
903070,7002536,30502,9.0,1091.3,9821.7
903071,7001764,31045,2.0,340.51,681.02
903072,7003005,30457,5.0,400.2,2001.0
903073,7011553,30657,5.0,563.23,2816.15
903074,7014834,31428,5.0,37.09,185.45
903075,7014277,31062,1.0,182.1,182.1
903076,7004618,31084,9.0,273.55,2461.95
903077,7013582,30677,12.0,550.83,6609.96
903078,7005701,31181,12.0,976.54,11718.48
903079,7002670,30244,5.0,371.17,1855.85
903080,7000065,30279,12.0,216.91,2602.92
903081,7008291,30554,7.0,720.06,5040.42
903082,7014102,31374,8.0,1098.79,8790.32
903083,7004593,30637,11.0,988.55,10874.05
903084,7013202,31169,4.0,977.01,3908.04
903085,7001464,30209,7.0,841.44,5890.08
903086,7001188,30046,9.0,529.07,4761.63
903087,7011802,30331,11.0,92.01,1012.11
903088,7009263,30579,5.0,586.56,2932.8
903089,7002366,31103,3.0,304.2,912.6
903090,7012968,30957,1.0,453.94,453.94
903091,7008549,30716,5.0,363.57,1817.85
903092,7001508,31129,2.0,755.69,1511.38
903093,7004804,31293,11.0,561.83,6180.13
903094,7001102,30844,9.0,91.29,821.61
903095,7004868,30842,1.0,1182.8,1182.8
903096,7013663,30591,5.0,1012.96,5064.8
903097,7014573,30622,4.0,293.33,1173.32
903098,7013645,30508,7.0,947.41,6631.87
903099,7009372,30560,12.0,627.92,7535.04
903100,7012775,30853,6.0,242.71,1456.26
903101,7014441,30970,8.0,221.87,1774.96
903102,7004509,30696,3.0,1197.91,3593.73
903103,7013873,30305,11.0,1024.25,11266.75
903104,7007220,30633,10.0,225.02,2250.2
903105,7005667,30235,10.0,213.02,2130.2
903106,7008264,30448,2.0,131.35,262.7
903107,7007474,30052,2.0,329.74,659.48
903108,7010577,30299,3.0,736.95,2210.85
903109,7011163,31432,4.0,798.77,3195.08
903110,7010143,31312,7.0,81.17,568.19
903111,7007822,31473,2.0,1070.97,2141.94
903112,7004177,31339,4.0,1166.59,4666.36
903113,7011287,30780,5.0,194.69,973.46
903114,7011615,30755,11.0,1069.66,11766.26
903115,7010166,30016,4.0,445.27,1781.08
903116,7007094,30684,10.0,579.46,5794.6
903117,7008221,30511,10.0,1080.51,10805.1
903118,7000642,30004,9.0,773.32,6959.88
903119,7014213,30618,3.0,1141.56,3424.68
903120,7004721,31199,5.0,309.37,1546.85
903121,7013947,30712,2.0,114.41,228.82
903122,7009967,30618,9.0,1044.77,9402.93
903123,7001636,31254,4.0,41.31,165.24
903124,7003635,31263,9.0,547.32,4925.88
903125,7012043,30305,1.0,549.23,549.23
903126,7010647,31407,12.0,296.6,3559.2
903127,7009238,30666,7.0,888.42,6218.94
903128,7010446,30707,10.0,253.71,2537.14
903129,7005827,30477,8.0,472.14,3777.12
903130,7012516,30800,12.0,1074.59,12895.08
903131,7009428,30341,11.0,1158.97,12748.67
903132,7009420,30969,3.0,626.06,1878.18
903133,7009669,30501,3.0,336.05,1008.15
903134,7005559,30943,6.0,97.07,582.45
903135,7001352,30619,3.0,1006.04,3018.12
903136,7002371,30863,2.0,547.05,1094.1
903137,7011030,30965,9.0,662.83,5965.47
903138,7009131,30173,10.0,1195.9,11959.0
903139,7014655,31173,4.0,316.93,1267.72
903140,7014064,31385,10.0,732.03,7320.3
903141,7013420,31336,2.0,809.15,1618.3
903142,7011400,30978,6.0,646.42,3878.52
903143,7003280,30589,3.0,496.03,1488.09
903144,7002582,30702,9.0,249.92,2249.28
903145,7007640,30312,5.0,1061.48,5307.4
903146,7010093,31252,4.0,1184.06,4736.24
903147,7002398,30433,8.0,944.63,7557.04
903148,7012311,30316,5.0,387.95,1939.75
903149,7013361,31390,5.0,498.39,2491.95
903150,7012220,30609,8.0,957.69,7661.52
903151,7014915,30743,3.0,1062.55,3187.65
903152,7001866,30211,4.0,842.66,3370.64
903153,7002148,30207,6.0,808.28,4849.68
903154,7010764,30454,6.0,189.34,1136.04
903155,7001250,30084,8.0,414.82,3318.56
903156,7012410,30789,3.0,553.38,1660.14
903157,7009470,31430,4.0,524.7,2098.8
903158,7007003,30152,9.0,1048.54,9436.86
903159,7008260,31404,9.0,552.22,4969.98
903160,7011537,31208,6.0,288.06,1728.36
903161,7010481,30641,5.0,762.0,3810.0
903162,7011714,30006,2.0,1151.9,2303.8
903163,7004971,30907,4.0,969.22,3876.88
903164,7003981,30753,11.0,56.3,619.32
903165,7012503,31248,3.0,654.19,1962.57
903166,7011234,31244,7.0,183.75,1286.25
903167,7010274,30361,6.0,79.12,474.72
903168,7012224,30328,8.0,768.82,6150.56
903169,7012771,30879,11.0,740.3,8143.3
903170,7004949,30070,12.0,332.28,3987.36
903171,7004036,30490,7.0,524.59,3672.13
903172,7004923,31204,5.0,956.02,4780.1
903173,7003167,30793,8.0,114.02,912.16
903174,7006839,30396,3.0,190.15,570.45
903175,7010612,30983,12.0,623.68,7484.16
903176,7014368,30284,12.0,942.75,11313.0
903177,7004528,30930,5.0,604.21,3021.05
903178,7010689,31468,2.0,172.26,344.52
903179,7011875,30611,7.0,548.26,3837.82
903180,7003632,30536,10.0,586.99,5869.9
903181,7003705,30195,10.0,747.51,7475.1
903182,7001423,30468,1.0,384.19,384.19
903183,7004146,30799,11.0,918.04,10098.44
903184,7000848,30120,7.0,622.52,4357.64
903185,7012636,30107,7.0,643.91,4507.37
903186,7002408,30474,1.0,183.02,183.02
903187,7001856,30402,6.0,197.08,1182.48
903188,7006484,30410,7.0,1178.43,8249.01
903189,7008285,31234,9.0,359.77,3237.93
903190,7007237,30602,4.0,287.53,1150.12
903191,7013599,30014,6.0,42.83,256.97
903192,7008917,30729,2.0,754.21,1508.42
903193,7000778,30054,7.0,1066.7,7466.9
903194,7012188,30968,6.0,344.96,2069.76
903195,7012251,30556,7.0,64.3,450.1
903196,7003763,30764,12.0,197.53,2370.36
903197,7002923,30774,2.0,515.99,1031.98
903198,7006326,31069,8.0,1026.5,8212.0
903199,7000202,30724,3.0,717.79,2153.37
903200,7007360,30469,4.0,290.29,1161.16
903201,7008232,31367,2.0,569.25,1138.5
903202,7014735,31090,3.0,142.46,427.38
903203,7005355,30345,6.0,377.77,2266.62
903204,7011214,30507,3.0,837.21,2511.63
903205,7011584,31299,4.0,496.09,1984.36
903206,7001997,31194,6.0,1099.79,6598.74
903207,7000025,31407,3.0,529.8,1589.39
903208,7008962,30139,11.0,1000.88,11009.68
903209,7007857,30373,7.0,434.71,3042.97
903210,7000517,30736,9.0,602.81,5425.29
903211,7002757,30427,5.0,469.54,2347.7
903212,7013212,30751,8.0,820.27,6562.16
903213,7002500,30582,1.0,1119.93,1119.93
903214,7000104,30399,7.0,539.54,3776.78
903215,7010874,31175,1.0,698.69,698.69
903216,7003389,30814,11.0,962.71,10589.81
903217,7013721,31402,6.0,1131.4,6788.4
903218,7004932,31256,2.0,989.07,1978.14
903219,7008441,30142,7.0,363.34,2543.38
903220,7004996,31237,10.0,376.89,3768.9
903221,7010782,31437,1.0,731.06,731.06
903222,7004262,30621,9.0,441.4,3972.6
903223,7005961,30975,5.0,468.66,2343.3
903224,7012140,30037,10.0,1086.83,10868.3
903225,7012362,30707,8.0,473.27,3786.16
903226,7004763,30789,12.0,1031.62,12379.44
903227,7000474,31338,1.0,270.04,270.04
903228,7003632,30227,2.0,243.29,486.58
903229,7012721,30090,6.0,507.45,3044.7
903230,7012201,31419,12.0,903.74,10844.88
903231,7012824,30091,3.0,538.66,1615.98
903232,7006822,30821,7.0,169.21,1184.47
903233,7013114,30046,11.0,1010.55,11116.05
903234,7010436,30039,9.0,12.52,112.68
903235,7014265,31396,8.0,960.85,7686.8
903236,7003484,31431,3.0,567.92,1703.76
903237,7012061,30564,12.0,103.67,1244.04
903238,7002201,30128,6.0,247.23,1483.38
903239,7009608,30016,5.0,1067.75,5338.75
903240,7008565,30098,5.0,143.83,719.15
903241,7000375,30702,4.0,1032.97,4131.88
903242,7006065,30395,3.0,528.56,1585.68
903243,7000196,31343,7.0,385.98,2701.86
903244,7009899,30763,9.0,554.23,4988.07
903245,7006769,30143,9.0,679.28,6113.52
903246,7005319,30617,7.0,294.62,2062.34
903247,7010285,30608,3.0,921.5,2764.5
903248,7005572,30918,5.0,752.39,3761.95
903249,7000291,30654,7.0,164.89,1154.23
903250,7006472,30880,5.0,63.82,319.1
903251,7008682,31387,11.0,320.08,3520.88
903252,7006006,31158,2.0,566.82,1133.64
903253,7007643,31238,10.0,1107.23,11072.3
903254,7009087,31435,9.0,749.32,6743.88
903255,7004972,30317,11.0,379.17,4170.87
903256,7006991,30609,1.0,429.78,429.78
903257,7013351,31147,11.0,796.89,8765.79
903258,7012367,30195,11.0,667.99,7347.89
903259,7014711,30274,6.0,247.93,1487.58
903260,7005902,30623,5.0,131.24,656.2
903261,7008035,30938,8.0,192.55,1540.43
903262,7000173,31348,4.0,180.09,720.36
903263,7004649,30175,4.0,567.75,2271.0
903264,7004571,30915,4.0,603.62,2414.48
903265,7012136,30028,10.0,566.4,5664.0
903266,7006222,31341,6.0,451.72,2710.32
903267,7011543,30363,2.0,1135.17,2270.34
903268,7012552,30339,5.0,1178.49,5892.45
903269,7010940,31422,8.0,84.35,674.8
903270,7012382,30132,8.0,639.85,5118.8
903271,7002262,31498,10.0,590.85,5908.5
903272,7006615,31164,2.0,1177.16,2354.32
903273,7002824,30803,4.0,421.12,1684.48
903274,7006812,31196,9.0,291.93,2627.37
903275,7006097,30638,8.0,378.57,3028.56
903276,7004697,30476,9.0,518.65,4667.85
903277,7002544,30965,12.0,619.34,7432.08
903278,7014907,30555,10.0,394.32,3943.2
903279,7008809,30444,10.0,18.23,182.3
903280,7003494,30091,2.0,567.34,1134.68
903281,7001202,31116,8.0,10.61,84.88
903282,7001998,30555,1.0,262.58,262.58
903283,7010458,30208,11.0,749.64,8246.04
903284,7001544,30669,6.0,1154.05,6924.3
903285,7006105,30803,6.0,1119.87,6719.22
903286,7008135,31381,7.0,1161.77,8132.39
903287,7007436,30329,3.0,967.64,2902.92
903288,7011939,31163,11.0,1181.8,12999.8
903289,7004282,30238,12.0,464.32,5571.84
903290,7002847,30149,1.0,978.04,978.04
903291,7007125,30552,10.0,1192.45,11924.5
903292,7013616,30060,5.0,497.33,2486.65
903293,7001440,30276,9.0,503.13,4528.17
903294,7007781,31027,10.0,1151.48,11514.8
903295,7002611,30681,5.0,285.46,1427.3
903296,7009533,30009,10.0,1192.79,11927.9
903297,7009067,30974,8.0,814.23,6513.84
903298,7012670,30054,3.0,952.78,2858.34
903299,7014406,30409,3.0,407.75,1223.25
903300,7005802,31420,9.0,385.49,3469.41
903301,7014570,31194,2.0,559.76,1119.52
903302,7007861,30642,10.0,418.0,4180.0
903303,7009822,30930,5.0,253.44,1267.2
903304,7009488,30109,1.0,397.63,397.63
903305,7009695,31246,12.0,164.61,1975.32
903306,7012505,30813,6.0,692.35,4154.1
903307,7011021,30963,4.0,833.91,3335.64
903308,7005243,31463,4.0,537.79,2151.16
903309,7012842,31495,1.0,447.0,447.0
903310,7004042,30094,9.0,1093.06,9837.54
903311,7007047,31102,12.0,62.78,753.36
903312,7009632,30796,4.0,562.9,2251.6
903313,7014375,31281,6.0,1175.12,7050.72
903314,7001649,31388,8.0,698.76,5590.08
903315,7006127,30872,8.0,840.53,6724.24
903316,7009998,31121,5.0,51.32,256.6
903317,7012402,30773,10.0,496.63,4966.3
903318,7009187,31271,8.0,775.52,6204.16
903319,7009644,30040,4.0,71.93,287.72
903320,7006230,30385,12.0,118.57,1422.84
903321,7014107,30595,11.0,539.73,5937.03
903322,7007963,31156,1.0,149.81,149.81
903323,7001257,30797,5.0,382.46,1912.3
903324,7012210,30341,8.0,1166.21,9329.68
903325,7006755,30237,12.0,916.56,10998.72
903326,7009258,30036,7.0,1157.85,8104.95
903327,7001223,31410,9.0,935.07,8415.63
903328,7013065,30560,6.0,701.31,4207.86
903329,7002640,30833,4.0,1040.47,4161.88
903330,7006897,30270,12.0,480.91,5770.92
903331,7013135,30518,9.0,673.24,6059.16
903332,7010271,30687,6.0,473.72,2842.32
903333,7010009,30785,2.0,698.16,1396.32
903334,7006149,30435,5.0,458.18,2290.9
903335,7011801,30316,8.0,843.7,6749.6
903336,7003059,30779,8.0,38.07,304.59
903337,7006666,30914,10.0,1178.98,11789.8
903338,7004448,31299,11.0,889.22,9781.42
903339,7001056,30054,6.0,1005.73,6034.38
903340,7000199,31223,9.0,510.32,4592.88
903341,7005905,30054,4.0,173.82,695.28
903342,7006278,30558,1.0,1042.37,1042.37
903343,7006355,30429,3.0,771.68,2315.04
903344,7003646,30386,4.0,923.67,3694.68
903345,7003531,30086,11.0,724.61,7970.71
903346,7001877,31393,12.0,167.17,2006.04
903347,7000051,31407,8.0,1063.48,8507.84
903348,7009035,30646,4.0,217.62,870.47
903349,7005255,30888,10.0,543.97,5439.7
903350,7012028,30155,4.0,847.3,3389.2
903351,7009293,30482,1.0,775.22,775.22
903352,7006433,30749,7.0,927.42,6491.94
903353,7013767,31308,2.0,771.77,1543.54
903354,7006540,30244,9.0,824.47,7420.23
903355,7010841,30879,1.0,230.8,230.8
903356,7008997,31115,12.0,456.18,5474.16
903357,7001121,31015,7.0,116.53,815.71
903358,7004101,30821,2.0,932.23,1864.46
903359,7001034,30871,9.0,929.42,8364.78
903360,7005651,30932,11.0,644.72,7091.92
903361,7002902,30753,7.0,66.61,466.27
903362,7005527,30928,1.0,903.73,903.73
903363,7010019,31185,6.0,197.08,1182.48
903364,7011093,30278,6.0,179.11,1074.66
903365,7004037,31332,5.0,27.95,139.75
903366,7013011,31455,11.0,951.27,10463.97
903367,7005943,30647,9.0,668.38,6015.42
903368,7000987,30495,8.0,27.73,221.84
903369,7005358,31261,11.0,358.02,3938.22
903370,7000396,30385,4.0,521.51,2086.04
903371,7009218,30355,10.0,615.15,6151.5
903372,7013430,30142,5.0,972.8,4864.0
903373,7004847,30885,5.0,689.59,3447.95
903374,7002346,30856,3.0,216.67,650.01
903375,7013363,30898,1.0,957.21,957.21
903376,7012758,30098,7.0,258.96,1812.72
903377,7010077,31408,5.0,1066.9,5334.5
903378,7011528,30478,3.0,1077.35,3232.05
903379,7013464,30281,4.0,630.94,2523.76
903380,7009547,31006,3.0,423.96,1271.88
903381,7010526,30349,10.0,1108.76,11087.6
903382,7004720,30830,7.0,329.12,2303.84
903383,7005246,30270,4.0,247.94,991.76
903384,7011386,30720,12.0,85.13,1021.56
903385,7011339,31476,3.0,250.61,751.83
903386,7011033,30435,11.0,458.18,5039.98
903387,7012570,30727,5.0,355.1,1775.5
903388,7004427,31237,12.0,484.79,5817.48
903389,7002284,30765,6.0,371.23,2227.38
903390,7010926,31421,9.0,1128.65,10157.85
903391,7009026,31233,2.0,223.06,446.12
903392,7007272,30074,11.0,762.05,8382.55
903393,7004888,30268,12.0,518.46,6221.52
903394,7001614,30884,6.0,516.26,3097.56
903395,7006817,30723,9.0,1184.48,10660.32
903396,7012662,30414,10.0,950.33,9503.3
903397,7012462,30720,1.0,554.43,554.43
903398,7012222,30556,8.0,368.91,2951.28
903399,7001945,30647,4.0,834.66,3338.64
903400,7013925,30018,3.0,809.15,2427.45
903401,7009434,30357,11.0,44.1,485.1
903402,7014287,30173,3.0,809.27,2427.81
903403,7005542,30488,4.0,310.49,1241.96
903404,7006915,31202,3.0,860.54,2581.62
903405,7008801,30497,8.0,103.76,830.08
903406,7004751,31101,8.0,103.93,831.44
903407,7013211,30478,3.0,807.07,2421.21
903408,7009438,30456,4.0,815.43,3261.72
903409,7004933,30104,11.0,96.25,1058.75
903410,7003025,30008,4.0,248.12,992.48
903411,7000699,30290,9.0,1025.67,9231.03
903412,7003796,30838,9.0,920.51,8284.59
903413,7008473,31357,1.0,688.84,688.84
903414,7005585,30560,6.0,1148.51,6891.06
903415,7001801,30532,10.0,174.32,1743.2
903416,7009692,31155,5.0,153.41,767.05
903417,7009266,30515,2.0,1165.04,2330.08
903418,7007987,30221,9.0,563.33,5069.92
903419,7007380,31071,3.0,54.27,162.81
903420,7011670,30226,5.0,294.87,1474.35
903421,7012283,30975,8.0,149.14,1193.08
903422,7007351,30783,11.0,1194.17,13135.87
903423,7014124,30200,4.0,1035.64,4142.56
903424,7000222,30310,7.0,882.77,6179.39
903425,7002363,30646,8.0,542.77,4342.16
903426,7009228,30243,5.0,156.18,780.9
903427,7009264,31303,1.0,568.64,568.64
903428,7008909,30826,5.0,170.37,851.85
903429,7007999,30495,7.0,969.04,6783.28
903430,7011849,30184,12.0,956.79,11481.48
903431,7002681,30881,6.0,456.71,2740.26
903432,7001710,30972,6.0,669.87,4019.22
903433,7010129,30507,1.0,470.87,470.87
903434,7002118,30993,2.0,679.41,1358.82
903435,7011537,30112,12.0,480.92,5771.04
903436,7006751,31224,9.0,899.93,8099.37
903437,7008032,30246,9.0,426.85,3841.65
903438,7004654,30328,1.0,1119.52,1119.52
903439,7012201,30869,9.0,787.33,7085.97
903440,7004527,30631,3.0,385.84,1157.52
903441,7004281,30830,2.0,55.9,111.8
903442,7009110,30672,12.0,836.04,10032.48
903443,7003576,31448,11.0,29.16,320.76
903444,7000895,30755,1.0,463.85,463.85
903445,7010012,30381,3.0,1014.98,3044.94
903446,7009745,30487,9.0,904.4,8139.6
903447,7007261,31121,1.0,268.18,268.18
903448,7014633,30665,7.0,689.28,4824.96
903449,7010920,31152,10.0,633.2,6332.0
903450,7007613,30457,1.0,266.28,266.28
903451,7011941,30689,10.0,292.7,2927.0
903452,7014861,30915,3.0,484.55,1453.65
903453,7001049,30195,6.0,197.53,1185.18
903454,7009343,30761,2.0,858.31,1716.62
903455,7003615,30085,4.0,1126.86,4507.44
903456,7008556,30811,6.0,941.53,5649.18
903457,7007064,31242,7.0,678.41,4748.87
903458,7005230,31349,1.0,277.36,277.36
903459,7001859,30759,9.0,162.1,1458.9
903460,7012881,30990,3.0,39.25,117.75
903461,7013786,30839,4.0,531.36,2125.44
903462,7005426,30319,5.0,668.47,3342.35
903463,7011137,31029,9.0,607.9,5471.1
903464,7013030,30496,2.0,61.32,122.64
903465,7013785,31464,4.0,381.82,1527.28
903466,7000238,30236,4.0,186.0,744.0
903467,7007641,31191,2.0,1189.52,2379.04
903468,7009543,30485,8.0,708.63,5669.04
903469,7014706,30413,4.0,1166.47,4665.88
903470,7013156,30905,10.0,420.57,4205.7
903471,7014168,30263,6.0,445.39,2672.34
903472,7005044,30642,8.0,620.34,4962.72
903473,7005312,30904,9.0,885.41,7968.69
903474,7004372,30093,8.0,640.99,5127.92
903475,7005433,30724,2.0,624.71,1249.42
903476,7012271,30128,9.0,1159.79,10438.11
903477,7011625,31134,6.0,1031.01,6186.06
903478,7013808,30751,9.0,886.35,7977.15
903479,7000317,31182,5.0,1128.65,5643.25
903480,7013527,31353,11.0,791.59,8707.49
903481,7013859,30459,3.0,728.67,2186.01
903482,7008326,30952,2.0,517.41,1034.82
903483,7011383,31074,2.0,822.41,1644.82
903484,7003319,31336,7.0,1006.83,7047.81
903485,7006964,30098,5.0,397.99,1989.95
903486,7014558,30735,9.0,189.58,1706.22
903487,7014354,30523,7.0,121.39,849.73
903488,7007175,30100,11.0,1063.32,11696.52
903489,7005837,30779,9.0,25.69,231.21
903490,7006062,31493,9.0,576.06,5184.54
903491,7001391,31314,6.0,160.49,962.94
903492,7006500,30442,11.0,417.88,4596.68
903493,7011437,31243,7.0,428.06,2996.43
903494,7013098,31194,1.0,1137.18,1137.18
903495,7010772,31044,1.0,121.84,121.84
903496,7004072,31144,1.0,107.69,107.69
903497,7014692,30802,11.0,1118.33,12301.63
903498,7008716,30019,9.0,628.03,5652.27
903499,7006051,30159,3.0,765.26,2295.78
903500,7002338,31500,7.0,1114.71,7802.97
903501,7001172,30819,7.0,419.31,2935.17
903502,7009634,30350,8.0,804.62,6436.96
903503,7008100,30710,6.0,141.2,847.2
903504,7002529,31052,4.0,947.99,3791.96
903505,7008199,30667,1.0,856.28,856.28
903506,7002979,31338,8.0,690.87,5526.96
903507,7009578,30220,12.0,53.77,645.24
903508,7005508,31292,4.0,206.6,826.4
903509,7003427,31019,1.0,1130.91,1130.91
903510,7006125,31164,1.0,407.59,407.59
903511,7008273,30198,5.0,319.94,1599.7
903512,7005701,30486,9.0,610.25,5492.25
903513,7011470,30859,4.0,89.66,358.64
903514,7001305,31152,7.0,633.2,4432.4
903515,7000009,30667,3.0,383.32,1149.96
903516,7000590,31238,12.0,476.44,5717.28
903517,7007877,31100,12.0,13.46,161.52
903518,7009529,30221,12.0,1089.77,13077.24
903519,7011203,30629,2.0,336.63,673.26
903520,7006805,31347,11.0,501.12,5512.32
903521,7010879,31280,4.0,261.86,1047.44
903522,7012423,30597,4.0,1136.24,4544.96
903523,7002569,31496,2.0,642.35,1284.7
903524,7001699,30031,1.0,95.4,95.4
903525,7005942,31244,11.0,915.88,10074.68
903526,7013438,31327,9.0,680.36,6123.24
903527,7013861,30201,6.0,838.81,5032.86
903528,7010948,30116,5.0,683.99,3419.95
903529,7009255,30314,2.0,221.04,442.08
903530,7001358,30583,1.0,498.97,498.97
903531,7004357,30905,2.0,107.0,214.0
903532,7012565,31363,5.0,958.84,4794.2
903533,7012129,30538,10.0,228.68,2286.8
903534,7004741,30031,3.0,233.4,700.2
903535,7004539,30551,12.0,490.8,5889.6
903536,7007303,30940,11.0,171.62,1887.82
903537,7010283,30100,11.0,676.56,7442.16
903538,7013432,30825,12.0,712.59,8551.08
903539,7004887,31477,12.0,357.82,4293.84
903540,7000033,31168,4.0,346.58,1386.32
903541,7007075,30152,10.0,1184.19,11841.9
903542,7014088,30433,12.0,599.86,7198.32
903543,7013722,30904,10.0,279.63,2796.3
903544,7014026,30827,2.0,698.55,1397.1
903545,7003653,30327,5.0,901.94,4509.7
903546,7010428,31088,6.0,899.66,5397.96
903547,7014912,30819,8.0,336.97,2695.76
903548,7013001,31083,2.0,604.3,1208.59
903549,7011322,30938,6.0,1015.42,6092.52
903550,7001458,31425,10.0,835.13,8351.3
903551,7002585,30597,5.0,162.88,814.4
903552,7007221,30994,12.0,528.82,6345.84
903553,7014069,30593,5.0,1022.37,5111.85
903554,7008359,30484,12.0,299.28,3591.36
903555,7002718,30797,9.0,390.83,3517.47
903556,7000356,31392,4.0,757.46,3029.84
903557,7010658,30144,10.0,351.98,3519.8
903558,7003440,31035,5.0,156.2,781.0
903559,7013743,30631,1.0,72.08,72.08
903560,7005756,31209,3.0,315.26,945.78
903561,7012660,31035,4.0,543.82,2175.28
903562,7013185,31384,5.0,461.17,2305.85
903563,7000649,30409,6.0,1043.51,6261.06
903564,7010414,31484,9.0,599.14,5392.26
903565,7010362,30912,6.0,975.48,5852.88
903566,7010068,30225,8.0,955.23,7641.84
903567,7011039,31490,5.0,1090.68,5453.4
903568,7009206,31295,11.0,993.27,10925.97
903569,7007059,30982,5.0,35.65,178.25
903570,7007595,31082,4.0,548.22,2192.88
903571,7004256,31343,1.0,112.09,112.09
903572,7002299,30933,6.0,1074.77,6448.62
903573,7014424,30583,8.0,334.25,2674.0
903574,7013277,30956,5.0,124.6,623.0
903575,7013547,30445,3.0,1028.07,3084.21
903576,7008971,31173,9.0,311.09,2799.81
903577,7007350,30551,7.0,818.8,5731.6
903578,7001264,30933,10.0,910.9,9109.0
903579,7012477,30766,4.0,1186.8,4747.2
903580,7005195,31367,6.0,762.44,4574.64
903581,7011081,30415,7.0,171.4,1199.8
903582,7009880,30812,10.0,1027.01,10270.1
903583,7001983,30833,8.0,182.82,1462.56
903584,7004573,30326,10.0,771.98,7719.8
903585,7001999,31409,5.0,1160.28,5801.4
903586,7004208,30742,1.0,1508.44,1508.44
903587,7009307,30909,7.0,580.3,4062.1
903588,7007261,30194,5.0,715.52,3577.6
903589,7005982,30806,6.0,673.5,4041.0
903590,7009297,31273,3.0,1079.21,3237.63
903591,7004655,30621,6.0,298.99,1793.94
903592,7002391,31407,2.0,746.16,1492.32
903593,7001882,30655,6.0,769.21,4615.26
903594,7011014,30063,2.0,218.36,436.72
903595,7014980,31297,6.0,547.73,3286.38
903596,7004996,31232,4.0,703.36,2813.44
903597,7006230,30088,11.0,464.52,5109.72
903598,7011564,30693,10.0,588.19,5881.9
903599,7002841,30158,12.0,1102.95,13235.4
903600,7000338,30328,4.0,998.59,3994.36
903601,7011572,30374,9.0,1144.55,10300.95
903602,7004376,30875,2.0,253.4,506.8
903603,7006526,30956,12.0,635.78,7629.36
903604,7007255,30234,1.0,1178.67,1178.67
903605,7007694,30063,4.0,596.82,2387.28
903606,7000987,31014,6.0,788.56,4731.36
903607,7006160,30432,5.0,1025.64,5128.2
903608,7008535,30686,9.0,1175.73,10581.57
903609,7003899,31096,12.0,144.72,1736.64
903610,7013942,30823,10.0,544.46,5444.6
903611,7010204,31313,1.0,1084.16,1084.16
903612,7014733,30549,6.0,890.7,5344.2
903613,7012053,31118,6.0,1175.76,7054.56
903614,7013723,31208,12.0,15.7,188.4
903615,7001963,30391,9.0,479.32,4313.88
903616,7012466,31067,10.0,128.27,1282.7
903617,7006299,31354,4.0,1069.13,4276.52
903618,7004281,31210,10.0,172.23,1722.3
903619,7008538,30414,11.0,840.26,9242.86
903620,7002582,30422,1.0,771.74,771.74
903621,7011192,30939,9.0,334.35,3009.15
903622,7008914,31013,6.0,362.47,2174.82
903623,7011408,30609,3.0,230.96,692.88
903624,7012726,30776,3.0,721.29,2163.87
903625,7013665,30267,7.0,506.1,3542.7
903626,7003029,30787,4.0,64.87,259.48
903627,7012617,30582,7.0,206.4,1444.8
903628,7002437,30217,11.0,631.23,6943.53
903629,7013108,31469,5.0,257.85,1289.25
903630,7001623,30342,12.0,580.22,6962.64
903631,7009418,30014,1.0,1083.21,1083.21
903632,7000654,30295,10.0,1054.55,10545.5
903633,7014867,31301,11.0,856.19,9418.09
903634,7002828,30267,8.0,664.02,5312.16
903635,7004228,30334,6.0,770.6,4623.6
903636,7002473,30618,9.0,63.69,573.21
903637,7007667,30599,4.0,1111.33,4445.32
903638,7008067,31384,3.0,163.39,490.17
903639,7002323,31220,3.0,737.15,2211.45
903640,7000733,30755,5.0,361.71,1808.55
903641,7003550,31109,8.0,67.92,543.36
903642,7008603,30567,4.0,772.69,3090.76
903643,7001765,31362,10.0,668.03,6680.3
903644,7004598,30811,11.0,421.73,4639.03
903645,7005949,30714,4.0,931.9,3727.6
903646,7006325,30705,11.0,199.84,2198.24
903647,7010082,30529,12.0,989.66,11875.92
903648,7011539,31011,6.0,890.05,5340.3
903649,7006263,30839,11.0,797.75,8775.25
903650,7003043,30427,4.0,347.24,1388.96
903651,7006548,30422,11.0,311.07,3421.77
903652,7012793,30745,6.0,1198.66,7191.96
903653,7013561,30174,11.0,809.53,8904.83
903654,7014410,31041,1.0,492.76,492.76
903655,7006740,31094,7.0,769.48,5386.36
903656,7012723,30899,8.0,711.92,5695.36
903657,7003986,30607,9.0,1164.43,10479.87
903658,7013282,30054,7.0,1045.04,7315.28
903659,7012059,31481,3.0,494.78,1484.34
903660,7005651,30094,8.0,48.64,389.12
903661,7007948,30737,8.0,342.14,2737.12
903662,7014799,31155,4.0,170.52,682.08
903663,7003957,30996,5.0,439.91,2199.55
903664,7012369,30786,3.0,473.83,1421.49
903665,7005444,30942,9.0,152.28,1370.52
903666,7007744,30268,1.0,526.31,526.31
903667,7004388,31350,9.0,587.39,5286.51
903668,7009548,31022,9.0,241.86,2176.74
903669,7005188,30002,5.0,1183.14,5915.7
903670,7004459,31239,3.0,488.76,1466.28
903671,7012745,30255,3.0,362.59,1087.77
903672,7012899,30938,6.0,507.41,3044.46
903673,7007738,30959,5.0,888.3,4441.5
903674,7000650,30533,9.0,690.71,6216.39
903675,7000454,31322,10.0,211.04,2110.4
903676,7010134,31338,8.0,888.89,7111.12
903677,7014657,30629,9.0,386.13,3475.17
903678,7009969,31432,2.0,1169.31,2338.62
903679,7006093,30426,9.0,588.39,5295.51
903680,7007469,30697,12.0,15.7,188.4
903681,7006936,31210,1.0,752.75,752.75
903682,7009662,30130,12.0,1008.09,12097.08
903683,7001254,31242,12.0,167.2,2006.4
903684,7010662,30119,2.0,207.36,414.72
903685,7000609,30132,4.0,496.45,1985.8
903686,7007291,30953,9.0,140.22,1261.97
903687,7008085,30992,11.0,1139.61,12535.71
903688,7000591,31227,4.0,216.53,866.12
903689,7012420,30480,9.0,506.11,4554.99
903690,7004255,30588,11.0,331.82,3650.02
903691,7001565,31167,10.0,285.92,2859.2
903692,7005766,30805,3.0,394.55,1183.65
903693,7012542,30202,2.0,675.51,1351.02
903694,7007417,31361,7.0,640.43,4483.01
903695,7008088,30572,8.0,870.69,6965.52
903696,7012809,30313,12.0,1074.41,12892.92
903697,7001656,30418,9.0,154.9,1394.1
903698,7012055,31142,7.0,756.56,5295.92
903699,7013224,30149,4.0,411.95,1647.8
903700,7005952,31018,4.0,932.94,3731.76
903701,7007754,31358,12.0,1178.92,14147.04
903702,7014956,30785,9.0,256.08,2304.72
903703,7006790,30452,1.0,24.39,24.39
903704,7002391,31037,10.0,867.63,8676.3
903705,7013565,31047,11.0,502.9,5531.9
903706,7014261,30380,4.0,378.68,1514.72
903707,7002456,30542,10.0,1152.71,11527.1
903708,7005394,30383,4.0,450.69,1802.76
903709,7013580,31053,2.0,123.18,246.36
903710,7009873,30224,9.0,621.16,5590.44
903711,7009207,31260,1.0,518.77,518.77
903712,7006320,31030,11.0,521.67,5738.37
903713,7006990,30843,1.0,276.39,276.39
903714,7010498,30182,2.0,805.36,1610.72
903715,7006889,31074,2.0,623.82,1247.64
903716,7012106,30341,1.0,576.95,576.95
903717,7011332,30162,3.0,1101.93,3305.79
903718,7010341,30294,5.0,291.87,1459.35
903719,7011656,31267,6.0,276.76,1660.56
903720,7012033,30350,1.0,722.88,722.88
903721,7012172,31095,1.0,245.81,245.81
903722,7011944,30404,9.0,763.37,6870.33
903723,7005375,30242,6.0,952.06,5712.36
903724,7003708,30227,8.0,150.4,1203.2
903725,7005354,30629,12.0,1137.71,13652.52
903726,7006210,30285,11.0,119.79,1317.69
903727,7011160,31079,9.0,1001.29,9011.61
903728,7005321,30893,3.0,584.5,1753.5
903729,7003278,30577,3.0,700.39,2101.17
903730,7009312,30026,6.0,494.62,2967.72
903731,7006070,30452,1.0,987.27,987.27
903732,7006020,31060,1.0,302.41,302.41
903733,7011068,30427,9.0,214.33,1928.97
903734,7009864,31435,8.0,1124.8,8998.4
903735,7008535,30031,9.0,619.35,5574.15
903736,7013765,30713,10.0,112.63,1126.3
903737,7005160,30758,8.0,1160.77,9286.16
903738,7010379,30069,5.0,623.54,3117.7
903739,7010574,31267,3.0,272.1,816.3
903740,7009253,31352,2.0,514.88,1029.76
903741,7001651,30262,7.0,962.31,6736.17
903742,7012713,30446,9.0,1122.76,10104.84
903743,7012346,31339,2.0,213.66,427.32
903744,7002603,30001,7.0,508.62,3560.34
903745,7006420,30991,8.0,712.62,5701.0
903746,7002867,31050,2.0,487.83,975.66
903747,7000837,31037,6.0,239.76,1438.56
903748,7001929,30976,5.0,1104.87,5524.35
903749,7003092,30924,3.0,134.86,404.58
903750,7007790,30083,10.0,929.88,9298.8
903751,7009113,30889,10.0,429.25,4292.5
903752,7009778,30327,2.0,1036.86,2073.72
903753,7010316,31065,8.0,894.99,7159.92
903754,7008483,30926,1.0,296.6,296.6
903755,7011937,30001,5.0,1142.92,5714.6
903756,7004290,30911,6.0,1135.79,6814.74
903757,7000903,30856,12.0,1180.06,14160.72
903758,7002006,30293,8.0,41.67,333.36
903759,7008948,30438,1.0,159.4,159.4
903760,7012015,31221,1.0,663.34,663.34
903761,7011448,30667,3.0,985.59,2956.77
903762,7005330,30914,10.0,1179.45,11794.5
903763,7007544,30021,9.0,925.39,8328.51
903764,7009839,30373,5.0,1015.49,5077.45
903765,7011732,30006,4.0,221.57,886.28
903766,7011059,30430,2.0,1164.42,2328.84
903767,7010007,31055,11.0,251.53,2766.83
903768,7010572,31348,3.0,734.75,2204.25
903769,7008000,30584,11.0,863.34,9496.74
903770,7006287,31264,7.0,243.69,1705.83
903771,7008744,30077,4.0,244.12,976.48
903772,7001665,30190,4.0,385.35,1541.4
903773,7011553,31137,6.0,1137.06,6822.36
903774,7008122,30690,2.0,378.67,757.34
903775,7014774,30228,9.0,262.79,2365.11
903776,7006156,31382,10.0,910.25,9102.5
903777,7013635,31003,3.0,754.87,2264.61
903778,7013671,30668,2.0,668.02,1336.04
903779,7013293,31029,10.0,152.82,1528.2
903780,7014676,31302,8.0,1135.44,9083.52
903781,7006435,31127,3.0,514.11,1542.33
903782,7005424,31282,8.0,51.69,413.52
903783,7004031,30779,10.0,738.12,7381.2
903784,7005175,30728,7.0,700.3,4902.1
903785,7001599,30980,8.0,16.48,131.84
903786,7014643,31487,1.0,706.25,706.25
903787,7011756,31346,1.0,785.57,785.57
903788,7013408,30972,6.0,445.43,2672.58
903789,7013953,30245,6.0,970.79,5824.74
903790,7002243,31301,3.0,16.57,49.71
903791,7004823,30709,6.0,80.37,482.22
903792,7001835,30378,1.0,997.6,997.6
903793,7013734,30672,8.0,119.46,955.68
903794,7004575,31342,4.0,483.68,1934.72
903795,7013333,30320,2.0,873.27,1746.54
903796,7013461,30960,5.0,449.96,2249.8
903797,7007595,31253,10.0,107.23,1072.3
903798,7004089,30204,3.0,500.27,1500.81
903799,7003710,31217,7.0,800.25,5601.75
903800,7007249,31459,6.0,708.09,4248.54
903801,7013443,30401,1.0,183.28,183.28
903802,7001220,30569,12.0,279.47,3353.64
903803,7010062,30294,10.0,861.85,8618.5
903804,7001013,30578,10.0,765.12,7651.2
903805,7006928,30556,8.0,864.48,6915.84
903806,7006784,31427,3.0,754.0,2262.0
903807,7004268,30481,9.0,1164.94,10484.46
903808,7005907,30901,2.0,613.87,1227.74
903809,7006579,30866,2.0,272.67,545.34
903810,7008083,30390,2.0,1027.42,2054.84
903811,7008847,31265,9.0,56.69,510.21
903812,7010916,30504,10.0,113.29,1132.9
903813,7007524,31048,1.0,1148.28,1148.28
903814,7005257,30448,9.0,72.77,654.93
903815,7011687,30339,9.0,155.23,1397.07
903816,7005614,31308,2.0,1037.64,2075.28
903817,7006584,31251,8.0,863.98,6911.84
903818,7004397,31432,4.0,335.59,1342.36
903819,7014950,30085,10.0,527.61,5276.1
903820,7011888,30081,2.0,420.09,840.18
903821,7001846,31285,9.0,833.13,7498.17
903822,7007878,30873,9.0,828.48,7456.32
903823,7012849,30504,3.0,417.89,1253.67
903824,7009927,30919,11.0,21.41,235.51
903825,7007563,30184,6.0,590.99,3545.94
903826,7003789,30761,11.0,343.61,3779.71
903827,7008323,30129,7.0,1139.89,7979.23
903828,7011376,30446,9.0,517.47,4657.23
903829,7003904,30801,4.0,626.67,2506.68
903830,7004763,30932,3.0,1055.24,3165.72
903831,7014826,31492,1.0,609.14,609.14
903832,7009751,30734,10.0,47.16,471.6
903833,7001329,31338,2.0,710.29,1420.58
903834,7004189,30407,3.0,163.05,489.15
903835,7001516,30794,8.0,320.57,2564.56
903836,7007980,30864,7.0,73.29,513.03
903837,7009918,30074,5.0,900.92,4504.6
903838,7007214,30201,3.0,415.23,1245.69
903839,7002344,31266,12.0,899.82,10797.84
903840,7002117,30682,9.0,343.85,3094.65
903841,7007986,30005,3.0,547.06,1641.18
903842,7008886,30237,8.0,902.12,7216.96
903843,7002196,30278,6.0,347.07,2082.42
903844,7003388,30915,3.0,606.34,1819.02
903845,7005413,31462,10.0,1138.9,11389.0
903846,7006561,30232,3.0,1022.3,3066.9
903847,7010360,31258,3.0,827.82,2483.46
903848,7005498,31191,9.0,932.24,8390.16
903849,7001848,30053,11.0,492.76,5420.36
903850,7012344,30521,2.0,573.72,1147.44
903851,7010002,30811,8.0,637.13,5097.04
903852,7004712,30237,7.0,593.97,4157.79
903853,7001977,30011,4.0,732.11,2928.45
903854,7014600,31358,8.0,964.45,7715.6
903855,7012980,31467,2.0,428.75,857.5
903856,7011859,30855,2.0,424.76,849.52
903857,7007486,30766,1.0,435.82,435.82
903858,7011446,31285,9.0,663.44,5970.96
903859,7012797,30512,1.0,735.69,735.69
903860,7008517,30434,12.0,595.3,7143.6
903861,7012338,31188,3.0,137.13,411.39
903862,7010590,31346,12.0,648.84,7786.14
903863,7014344,30868,6.0,1069.41,6416.46
903864,7013605,30057,10.0,460.93,4609.3
903865,7001026,30540,7.0,70.59,494.13
903866,7012450,30246,2.0,975.56,1951.12
903867,7003265,31273,1.0,1175.42,1175.42
903868,7014735,30654,6.0,72.31,433.86
903869,7000523,30326,3.0,616.78,1850.34
903870,7006999,30410,7.0,782.45,5477.15
903871,7000439,30823,3.0,668.2,2004.6
903872,7009331,30402,4.0,66.03,264.12
903873,7014008,30789,7.0,223.71,1565.97
903874,7007438,31307,6.0,226.95,1361.7
903875,7012743,31300,1.0,882.64,882.64
903876,7000427,31167,11.0,456.7,5023.7
903877,7010049,31058,4.0,958.78,3835.12
903878,7002350,30125,8.0,136.0,1088.0
903879,7000081,30498,6.0,913.51,5481.06
903880,7002566,30662,10.0,1124.72,11247.2
903881,7009653,31126,7.0,711.74,4982.18
903882,7005335,31029,3.0,1175.66,3526.98
903883,7011386,31456,2.0,396.83,793.66
903884,7009280,31212,4.0,577.17,2308.68
903885,7010825,30418,7.0,793.23,5552.61
903886,7001591,30147,8.0,843.2,6745.6
903887,7000931,30655,5.0,697.01,3485.05
903888,7003692,30629,12.0,1137.99,13655.88
903889,7012556,30208,2.0,674.58,1349.16
903890,7005982,30875,1.0,350.52,350.52
903891,7000094,31378,10.0,256.78,2567.8
903892,7000872,30211,8.0,418.82,3350.56
903893,7004206,30811,5.0,213.62,1068.1
903894,7010237,30913,7.0,19.27,134.89
903895,7009301,30427,12.0,126.2,1514.4
903896,7001239,31211,2.0,1016.64,2033.28
903897,7011661,31419,9.0,414.57,3731.13
903898,7008416,30462,10.0,56.59,565.9
903899,7012162,30484,6.0,80.16,480.96
903900,7002992,31032,1.0,760.56,760.56
903901,7005858,31177,10.0,1085.04,10850.4
903902,7005601,30515,8.0,90.78,726.22
903903,7013174,30598,8.0,849.39,6795.12
903904,7009628,30914,5.0,901.9,4509.5
903905,7004642,30372,12.0,647.5,7770.0
903906,7013786,30360,10.0,403.32,4033.2
903907,7000282,31436,7.0,341.59,2391.13
903908,7006962,31250,2.0,1027.4,2054.8
903909,7011379,30923,12.0,878.3,10539.6
903910,7011205,30089,10.0,242.22,2422.2
903911,7007246,31382,3.0,706.61,2119.83
903912,7007374,30021,3.0,486.44,1459.32
903913,7013289,31299,11.0,778.44,8562.84
903914,7009715,31100,7.0,317.15,2220.02
903915,7008732,31206,2.0,338.3,676.6
903916,7004374,30350,11.0,598.24,6580.7
903917,7014433,31205,6.0,1051.01,6306.06
903918,7009669,30612,3.0,547.38,1642.14
903919,7003215,30365,12.0,948.46,11381.52
903920,7013711,30221,10.0,888.68,8886.8
903921,7001814,30156,12.0,892.38,10708.56
903922,7002100,31410,12.0,304.21,3650.52
903923,7005653,31205,2.0,43.52,87.04
903924,7014710,30391,9.0,479.32,4313.88
903925,7005269,30493,2.0,1088.33,2176.66
903926,7003823,31282,4.0,375.95,1503.8
903927,7006637,30381,10.0,221.43,2214.3
903928,7008641,30742,4.0,40.56,162.24
903929,7003014,30947,12.0,852.89,10234.68
903930,7006659,30973,7.0,176.17,1233.19
903931,7009733,30748,11.0,560.88,6169.68
903932,7009682,31252,8.0,636.45,5091.6
903933,7007818,30472,5.0,1142.56,5712.8
903934,7013367,31069,12.0,670.31,8043.72
903935,7007931,30779,1.0,461.65,461.65
903936,7012910,30754,3.0,443.87,1331.61
903937,7011107,30254,9.0,1127.08,10143.72
903938,7005768,31456,3.0,225.49,676.47
903939,7002850,31139,9.0,298.96,2690.64
903940,7012369,31066,7.0,715.78,5010.46
903941,7007290,31114,4.0,692.24,2768.96
903942,7013057,30937,12.0,698.63,8383.56
903943,7003312,30957,4.0,1156.72,4626.88
903944,7005385,30383,2.0,260.76,521.52
903945,7006928,31068,6.0,719.51,4317.06
903946,7005792,31332,7.0,843.02,5901.14
903947,7001233,31097,3.0,429.69,1289.07
903948,7008851,30517,8.0,38.17,305.36
903949,7000841,30687,3.0,657.31,1971.93
903950,7012861,31447,8.0,430.84,3446.72
903951,7002614,31429,12.0,369.05,4428.6
903952,7002798,30462,3.0,666.66,1999.98
903953,7000612,30047,3.0,856.99,2570.97
903954,7006851,30953,6.0,738.15,4428.9
903955,7007829,30850,12.0,352.3,4227.6
903956,7012716,31197,11.0,392.5,4317.5
903957,7001443,31398,2.0,1148.29,2296.58
903958,7005167,30542,11.0,1094.62,12040.82
903959,7006625,30766,4.0,884.02,3536.08
903960,7010296,30649,2.0,295.15,590.3
903961,7001511,30362,2.0,99.71,199.42
903962,7003761,30698,2.0,443.72,887.45
903963,7013901,30910,5.0,241.67,1208.35
903964,7004706,30957,7.0,1130.71,7914.97
903965,7001897,30094,1.0,672.52,672.52
903966,7006468,30927,9.0,873.24,7859.16
903967,7008140,30703,8.0,1133.8,9070.4
903968,7008556,30754,4.0,1057.2,4228.8
903969,7005676,30908,9.0,187.03,1683.27
903970,7000470,31407,12.0,665.33,7983.96
903971,7002102,30550,6.0,497.85,2987.1
903972,7007715,31449,8.0,756.36,6050.84
903973,7000590,30767,8.0,608.94,4871.52
903974,7004270,30325,11.0,858.66,9445.26
903975,7011492,30733,4.0,669.1,2676.4
903976,7008845,30993,7.0,628.57,4399.99
903977,7014022,31283,1.0,321.99,321.99
903978,7012169,30025,8.0,776.27,6210.16
903979,7003490,30322,9.0,542.48,4882.32
903980,7005307,30223,12.0,981.71,11780.52
903981,7001726,31334,6.0,997.35,5984.1
903982,7000407,31324,1.0,1083.63,1083.63
903983,7000992,31158,9.0,323.16,2908.44
903984,7006780,31004,5.0,1104.79,5523.95
903985,7012117,31093,6.0,136.73,820.38
903986,7008769,30005,12.0,1050.84,12610.08
903987,7005630,30516,12.0,1127.75,13533.0
903988,7013607,31249,8.0,738.32,5906.56
903989,7006293,31080,2.0,1185.81,2371.62
903990,7014056,30967,6.0,359.57,2157.42
903991,7008100,31066,1.0,1041.91,1041.91
903992,7003260,30844,8.0,998.05,7984.4
903993,7013259,30160,7.0,322.96,2260.72
903994,7004934,30203,10.0,981.0,9810.0
903995,7004827,30204,4.0,993.39,3973.56
903996,7010465,30607,4.0,582.52,2330.08
903997,7011264,31495,4.0,216.97,867.88
903998,7005104,30371,3.0,740.47,2221.41
903999,7005893,31268,4.0,1067.25,4269.0
904000,7000372,30255,6.0,573.87,3443.22
904001,7011828,31365,2.0,299.85,599.7
904002,7001165,30798,2.0,963.24,1926.48
904003,7001627,31146,9.0,925.13,8326.17
904004,7002299,30474,7.0,1118.71,7830.97
904005,7004230,30129,2.0,341.11,682.22
904006,7013575,30213,2.0,335.06,670.12
904007,7014857,30147,11.0,632.43,6956.73
904008,7007559,30050,10.0,39.48,394.8
904009,7004737,30229,9.0,848.93,7640.37
904010,7008768,30451,3.0,1115.06,3345.18
904011,7003327,31471,5.0,1151.88,5759.4
904012,7003016,31429,8.0,793.97,6351.76
904013,7004802,30604,7.0,1136.32,7954.24
904014,7008296,30758,1.0,715.82,715.82
904015,7002243,31058,8.0,226.48,1811.84
904016,7010192,31035,2.0,1003.17,2006.34
904017,7008859,30749,4.0,220.4,881.6
904018,7001261,30195,10.0,569.37,5693.7
904019,7003281,30001,2.0,892.37,1784.74
904020,7011837,31369,8.0,945.69,7565.52
904021,7003929,31363,1.0,713.08,713.08
904022,7007203,31354,1.0,703.02,703.02
904023,7014742,30130,8.0,1080.76,8646.08
904024,7013200,30878,10.0,924.52,9245.2
904025,7005867,31277,12.0,222.35,2668.2
904026,7001460,30244,7.0,985.4,6897.8
904027,7009122,30883,4.0,845.98,3383.9
904028,7014575,30307,1.0,677.42,677.42
904029,7000436,31154,11.0,557.19,6129.09
904030,7013064,30258,6.0,97.36,584.16
904031,7010478,31329,12.0,358.01,4296.12
904032,7001933,31212,9.0,1107.43,9966.87
904033,7010627,30326,1.0,885.85,885.85
904034,7012507,30253,9.0,1048.01,9432.09
904035,7011994,30231,7.0,745.89,5221.23
904036,7009066,30028,9.0,127.93,1151.33
904037,7001143,31472,5.0,704.55,3522.75
904038,7009659,30176,4.0,1053.91,4215.64
904039,7004066,30588,2.0,914.88,1829.76
904040,7004143,30353,11.0,190.96,2100.56
904041,7002781,31292,5.0,1115.0,5575.0
904042,7006281,30100,1.0,894.42,894.42
904043,7002157,31202,9.0,789.68,7107.12
904044,7010743,31381,8.0,886.3,7090.4
904045,7002867,30557,9.0,398.63,3587.67
904046,7004856,31007,3.0,706.97,2120.91
904047,7011545,30884,5.0,978.84,4894.2
904048,7000135,31367,2.0,536.96,1073.92
904049,7010304,30541,4.0,539.71,2158.82
904050,7001911,31247,2.0,646.62,1293.24
904051,7001926,30281,4.0,937.99,3751.96
904052,7010336,30983,8.0,836.15,6689.2
904053,7014957,30853,4.0,962.42,3849.68
904054,7003055,31269,2.0,416.52,833.04
904055,7004863,30793,7.0,714.45,5001.15
904056,7002811,30526,1.0,972.71,972.71
904057,7005019,30191,8.0,802.0,6416.0
904058,7010364,31015,11.0,341.64,3758.04
904059,7004076,30037,7.0,819.9,5739.3
904060,7014123,30757,10.0,275.23,2752.3
904061,7011839,31211,3.0,615.7,1847.1
904062,7010396,30757,6.0,448.65,2691.9
904063,7008940,30378,8.0,393.17,3145.36
904064,7013485,30372,12.0,516.77,6201.24
904065,7014225,30130,9.0,1175.94,10583.46
904066,7000002,30988,8.0,107.48,859.84
904067,7001945,31410,4.0,1029.08,4116.32
904068,7005333,30419,1.0,396.81,396.81
904069,7002894,30799,2.0,951.54,1903.08
904070,7003940,30040,2.0,679.22,1358.44
904071,7004475,30576,7.0,704.2,4929.4
904072,7011436,30892,11.0,229.01,2519.11
904073,7012788,31064,1.0,198.57,198.57
904074,7006617,30626,3.0,477.2,1431.6
904075,7011650,30299,8.0,131.13,1049.04
904076,7004583,31144,10.0,721.71,7217.1
904077,7011959,30736,11.0,66.24,728.64
904078,7000778,30124,2.0,842.64,1685.28
904079,7006270,31257,6.0,1120.8,6724.8
904080,7011636,30124,1.0,1155.56,1155.56
904081,7003740,30795,3.0,393.83,1181.49
904082,7012184,30257,9.0,977.6,8798.4
904083,7008252,30551,3.0,1123.65,3370.95
904084,7012264,31373,6.0,955.85,5735.1
904085,7009319,30680,2.0,905.61,1811.22
904086,7007137,30456,11.0,51.07,561.77
904087,7011926,30192,9.0,1134.24,10208.16
904088,7007148,30007,6.0,1178.9,7073.4
904089,7003411,30420,5.0,1118.75,5593.75
904090,7009403,30960,7.0,310.86,2176.02
904091,7013483,30278,1.0,376.78,376.78
904092,7008718,30389,6.0,921.37,5528.22
904093,7003835,31456,7.0,539.28,3774.96
904094,7009097,31127,11.0,441.41,4855.51
904095,7000090,30247,7.0,883.2,6182.4
904096,7010432,31244,5.0,330.08,1650.4
904097,7008490,30788,12.0,467.66,5611.92
904098,7005108,30121,8.0,87.27,698.16
904099,7010536,30343,4.0,692.86,2771.44
904100,7001314,30744,11.0,132.06,1452.66
904101,7004331,30766,5.0,887.18,4435.9
904102,7001976,31194,3.0,112.8,338.4
904103,7010288,31239,4.0,376.25,1505.0
904104,7009444,30277,10.0,127.01,1270.1
904105,7003706,30773,1.0,674.32,674.32
904106,7000922,30442,5.0,698.96,3494.8
904107,7009350,30915,11.0,694.64,7641.04
904108,7007012,31445,7.0,1081.88,7573.16
904109,7004201,30856,6.0,969.04,5814.24
904110,7008912,31154,6.0,1092.09,6552.54
904111,7009261,30804,7.0,204.27,1429.89
904112,7008290,30395,9.0,126.33,1136.97
904113,7012216,30684,7.0,695.94,4871.58
904114,7009477,30855,8.0,394.32,3154.56
904115,7005715,30783,2.0,759.14,1518.28
904116,7013897,30145,9.0,465.43,4188.87
904117,7004144,31462,8.0,400.18,3201.44
904118,7004209,30612,9.0,878.2,7903.8
904119,7004597,30831,4.0,241.12,964.48
904120,7007424,30795,4.0,412.53,1650.12
904121,7014206,31216,7.0,552.49,3867.43
904122,7012875,31145,1.0,695.2,695.2
904123,7003029,30338,12.0,594.67,7136.04
904124,7009466,30255,8.0,247.3,1978.4
904125,7008091,30678,6.0,856.32,5137.92
904126,7001999,30412,10.0,415.65,4156.5
904127,7001759,31490,5.0,124.44,622.2
904128,7000593,30795,4.0,103.22,412.88
904129,7012040,30997,9.0,257.74,2319.66
904130,7013501,31072,4.0,359.61,1438.44
904131,7009557,30161,5.0,693.96,3469.8
904132,7014375,30105,10.0,64.74,647.4
904133,7000906,31466,6.0,782.11,4692.66
904134,7006901,31422,6.0,711.89,4271.34
904135,7013866,30749,4.0,187.14,748.56
904136,7014138,30584,1.0,459.89,459.89
904137,7011035,30682,2.0,225.39,450.78
904138,7005262,31236,9.0,78.1,702.87
904139,7009133,30462,6.0,616.56,3699.36
904140,7012304,31030,3.0,859.07,2577.21
904141,7009315,31030,7.0,86.9,608.3
904142,7006815,31292,7.0,358.53,2509.71
904143,7006317,30910,12.0,304.73,3656.76
904144,7011990,30105,8.0,264.39,2115.12
904145,7004687,30995,5.0,173.83,869.15
904146,7012571,31469,11.0,199.21,2191.31
904147,7011399,31003,9.0,290.25,2612.28
904148,7010251,31386,4.0,403.25,1613.0
904149,7007336,30947,4.0,1146.33,4585.32
904150,7010840,31401,1.0,738.31,738.31
904151,7005380,31270,7.0,1029.65,7207.55
904152,7008618,30356,9.0,152.44,1371.96
904153,7008691,30055,8.0,963.33,7706.64
904154,7012098,30741,1.0,498.53,498.53
904155,7004732,30469,6.0,1153.51,6921.06
904156,7003196,31303,3.0,737.43,2212.29
904157,7005072,30383,5.0,603.46,3017.3
904158,7013427,31000,11.0,779.29,8572.19
904159,7002043,30005,11.0,860.9,9469.9
904160,7003911,30110,7.0,801.84,5612.88
904161,7000806,30306,8.0,471.08,3768.64
904162,7008150,30906,1.0,711.47,711.47
904163,7007163,30040,12.0,894.59,10735.08
904164,7009071,31356,9.0,42.35,381.15
904165,7004563,31014,3.0,1190.05,3570.15
904166,7013499,30022,7.0,250.97,1756.79
904167,7006592,31496,1.0,896.42,896.42
904168,7008054,31325,2.0,1008.11,2016.22
904169,7004842,30859,11.0,534.84,5883.24
904170,7006936,30240,4.0,924.32,3697.28
904171,7012653,31247,12.0,204.53,2454.36
904172,7013451,31247,2.0,367.11,734.22
904173,7000508,31154,9.0,672.13,6049.17
904174,7003955,31098,9.0,828.15,7453.35
904175,7004613,30016,2.0,852.49,1704.98
904176,7009871,31031,9.0,1064.81,9583.29
904177,7003486,30645,8.0,54.74,437.92
904178,7002072,30244,9.0,436.93,3932.37
904179,7012954,30096,4.0,731.52,2926.08
904180,7007871,30790,12.0,467.48,5609.76
904181,7002318,31073,12.0,1066.09,12793.08
904182,7012043,31001,3.0,483.96,1451.88
904183,7009375,30297,8.0,1049.13,8393.04
904184,7002181,31375,6.0,382.98,2297.88
904185,7009098,30424,5.0,170.14,850.7
904186,7000751,31017,2.0,49.11,98.22
904187,7010919,31375,7.0,1026.83,7187.81
904188,7004755,30642,12.0,256.65,3079.83
904189,7001140,31223,12.0,205.82,2469.84
904190,7005788,31030,5.0,618.4,3092.0
904191,7010167,30265,11.0,185.3,2038.3
904192,7009330,30131,1.0,385.78,385.78
904193,7013899,31135,11.0,362.39,3986.29
904194,7012052,30269,2.0,38.68,77.36
904195,7008491,31176,9.0,759.77,6837.93
904196,7000252,30607,1.0,805.43,805.43
904197,7002651,31437,9.0,309.59,2786.31
904198,7006805,30054,9.0,1032.64,9293.76
904199,7014411,30338,7.0,635.95,4451.65
904200,7005483,31348,8.0,1016.82,8134.56
904201,7008907,31005,11.0,482.3,5305.3
904202,7006246,30047,3.0,168.75,506.25
904203,7007152,30746,8.0,977.03,7816.24
904204,7003374,31124,3.0,1113.38,3340.14
904205,7005407,30213,6.0,623.0,3738.0
904206,7001564,31062,8.0,845.72,6765.76
904207,7001098,31195,9.0,216.23,1946.07
904208,7014770,31142,1.0,1031.02,1031.02
904209,7005876,31025,5.0,1015.67,5078.35
904210,7007586,30039,5.0,240.97,1204.85
904211,7006937,31183,8.0,717.78,5742.24
904212,7007024,30754,9.0,976.06,8784.54
904213,7002810,30343,9.0,1075.77,9681.93
904214,7003718,31027,10.0,260.19,2601.9
904215,7008834,31452,6.0,1149.97,6899.82
904216,7005903,30294,8.0,506.58,4052.64
904217,7003272,31471,10.0,667.54,6675.45
904218,7000807,30270,12.0,350.84,4210.08
904219,7009230,31497,1.0,109.33,109.33
904220,7013695,30325,1.0,620.75,620.75
904221,7013787,30748,2.0,994.52,1989.04
904222,7009120,30192,5.0,702.38,3511.9
904223,7009263,30612,8.0,221.87,1774.96
904224,7002435,30836,8.0,217.2,1737.6
904225,7003674,30515,3.0,410.06,1230.16
904226,7012028,30454,10.0,421.05,4210.5
904227,7011817,30650,5.0,623.02,3115.1
904228,7014908,30197,3.0,967.46,2902.38
904229,7001843,31031,3.0,223.34,670.02
904230,7001836,30820,3.0,207.83,623.49
904231,7008747,30183,10.0,1157.12,11571.2
904232,7009649,31468,12.0,36.55,438.6
904233,7010388,30660,9.0,427.04,3843.36
904234,7000839,31136,11.0,648.22,7130.42
904235,7010875,30745,10.0,813.6,8136.0
904236,7005258,31335,10.0,814.77,8147.7
904237,7006283,30601,5.0,312.0,1560.0
904238,7012416,30339,3.0,47.64,142.92
904239,7012390,30397,6.0,486.53,2919.18
904240,7008526,30583,11.0,847.34,9320.74
904241,7012655,30540,1.0,966.83,966.83
904242,7001140,30328,4.0,224.25,897.0
904243,7012562,31336,8.0,190.36,1522.88
904244,7012701,31325,2.0,99.96,199.92
904245,7001381,31361,7.0,168.91,1182.37
904246,7009925,30141,4.0,621.44,2485.76
904247,7010208,31094,11.0,346.57,3812.27
904248,7011889,30129,8.0,316.45,2531.6
904249,7007876,31385,10.0,885.87,8858.7
904250,7007914,30827,10.0,512.23,5122.3
904251,7008663,31117,4.0,553.35,2213.4
904252,7010811,30878,9.0,646.32,5816.88
904253,7006830,31332,8.0,412.28,3298.24
904254,7005986,31227,5.0,634.63,3173.15
904255,7007294,30221,8.0,430.53,3444.24
904256,7009051,31013,11.0,566.29,6229.14
904257,7009667,30206,1.0,1065.89,1065.89
904258,7007254,30654,9.0,471.72,4245.48
904259,7006229,30595,12.0,411.6,4939.2
904260,7008702,30439,12.0,655.59,7867.08
904261,7005685,30379,9.0,42.81,385.29
904262,7014883,30919,1.0,458.97,458.97
904263,7012577,30864,3.0,685.31,2055.93
904264,7005751,30177,10.0,575.09,5750.9
904265,7009786,31481,9.0,1188.89,10700.01
904266,7007215,30501,11.0,971.81,10689.91
904267,7003668,30323,11.0,184.02,2024.22
904268,7014946,30894,10.0,199.24,1992.4
904269,7008611,30832,11.0,453.59,4989.49
904270,7002193,30839,2.0,710.51,1421.02
904271,7014800,30163,1.0,516.5,516.5
904272,7001913,30949,7.0,470.27,3291.88
904273,7008888,30120,4.0,48.17,192.68
904274,7006549,31026,6.0,442.7,2656.2
904275,7005480,30847,7.0,801.48,5610.36
904276,7009286,30823,9.0,867.97,7811.73
904277,7005564,31087,2.0,1199.23,2398.46
904278,7009876,30511,12.0,610.42,7325.04
904279,7008484,30574,12.0,166.44,1997.28
904280,7001245,30217,10.0,244.55,2445.5
904281,7009002,31003,8.0,789.26,6314.08
904282,7010909,31149,6.0,881.71,5290.26
904283,7001318,31333,12.0,982.79,11793.48
904284,7008890,30453,10.0,252.3,2523.0
904285,7002308,31348,4.0,493.73,1974.92
904286,7014741,31403,8.0,1126.74,9013.92
904287,7008341,30137,5.0,489.89,2449.45
904288,7011352,30588,7.0,994.21,6959.47
904289,7001027,30246,4.0,334.47,1337.88
904290,7002863,31325,5.0,703.62,3518.1
904291,7001131,31136,8.0,65.09,520.72
904292,7009111,31371,11.0,62.63,688.93
904293,7000879,30717,5.0,463.16,2315.8
904294,7001429,31304,4.0,791.48,3165.92
904295,7011600,30740,1.0,1044.51,1044.51
904296,7000491,31373,1.0,355.7,355.7
904297,7002071,30940,10.0,258.59,2585.9
904298,7004358,30618,8.0,353.02,2824.16
904299,7004540,30166,4.0,1190.77,4763.08
904300,7007533,30510,8.0,730.97,5847.76
904301,7006211,30228,2.0,420.13,840.26
904302,7009589,30386,2.0,1098.11,2196.22
904303,7005923,31071,11.0,568.47,6253.17
904304,7006068,30499,3.0,905.67,2717.01
904305,7003822,31292,7.0,45.68,319.76
904306,7000664,30203,6.0,901.81,5410.86
904307,7011218,31067,1.0,905.87,905.87
904308,7003669,30954,3.0,1126.85,3380.55
904309,7003634,30805,5.0,283.53,1417.65
904310,7006704,30647,4.0,1163.58,4654.32
904311,7004240,30211,5.0,252.62,1263.1
904312,7004709,31211,2.0,1177.18,2354.36
904313,7007134,30222,2.0,899.66,1799.32
904314,7009539,30142,10.0,552.57,5525.7
904315,7009063,31487,5.0,348.18,1740.9
904316,7000620,31089,10.0,916.49,9164.9
904317,7010804,31419,1.0,444.27,444.27
904318,7008140,30038,11.0,482.2,5304.2
904319,7012966,31291,1.0,233.56,233.56
904320,7001196,31434,9.0,821.34,7392.06
904321,7000027,31067,10.0,850.79,8507.9
904322,7000508,30075,1.0,642.93,642.93
904323,7011913,31024,5.0,293.09,1465.45
904324,7001192,30484,3.0,907.08,2721.24
904325,7007083,30366,10.0,759.04,7590.4
904326,7012722,30878,6.0,597.32,3583.92
904327,7002857,31101,4.0,929.31,3717.24
904328,7000374,31199,12.0,1018.9,12226.8
904329,7014771,31130,4.0,75.25,301.0
904330,7005943,30389,3.0,700.5,2101.5
904331,7012455,31390,9.0,853.39,7680.51
904332,7009429,31418,6.0,405.59,2433.54
904333,7003203,30457,11.0,757.78,8335.58
904334,7008229,30353,3.0,623.97,1871.91
904335,7005236,30646,10.0,960.15,9601.5
904336,7009814,30048,10.0,209.19,2091.9
904337,7004738,30851,6.0,876.43,5258.58
904338,7010205,30147,3.0,251.22,753.66
904339,7000232,31295,8.0,599.57,4796.56
904340,7000927,30258,7.0,108.53,759.71
904341,7011118,30665,12.0,363.49,4361.88
904342,7011104,30124,5.0,612.75,3063.75
904343,7013185,30362,1.0,792.42,792.42
904344,7013530,30018,11.0,915.24,10067.64
904345,7010019,30495,2.0,234.23,468.46
904346,7014469,31402,4.0,1035.38,4141.52
904347,7001963,31377,6.0,576.82,3460.92
904348,7011662,30379,8.0,462.95,3703.6
904349,7001129,30182,8.0,1080.33,8642.64
904350,7007618,30651,5.0,1085.61,5428.05
904351,7014425,30634,6.0,1180.01,7080.06
904352,7009524,30626,11.0,1068.04,11748.44
904353,7006886,30908,2.0,1194.94,2389.88
904354,7011734,31005,2.0,399.01,798.02
904355,7010904,30643,11.0,1016.04,11176.44
904356,7013790,30125,12.0,445.37,5344.44
904357,7010967,30328,5.0,942.26,4711.3
904358,7004327,31488,6.0,234.19,1405.14
904359,7008989,30283,9.0,251.52,2263.68
904360,7011762,30713,12.0,234.13,2809.56
904361,7006321,31187,4.0,859.92,3439.68
904362,7007206,30223,11.0,90.23,992.53
904363,7011102,31329,2.0,177.99,355.98
904364,7000665,30452,2.0,825.96,1651.92
904365,7013526,30394,12.0,1173.0,14076.0
904366,7001204,31072,1.0,547.71,547.71
904367,7007322,31434,10.0,789.34,7893.4
904368,7000703,30592,3.0,106.54,319.62
904369,7001842,30866,2.0,915.47,1830.94
904370,7004300,31234,3.0,808.76,2426.28
904371,7000073,31185,6.0,524.74,3148.44
904372,7008759,30441,6.0,895.6,5373.6
904373,7004123,30624,10.0,987.03,9870.3
904374,7000094,31413,12.0,716.6,8599.2
904375,7001957,30713,4.0,246.22,984.86
904376,7013780,31312,8.0,247.78,1982.24
904377,7001389,30872,4.0,859.23,3436.92
904378,7003211,30501,6.0,437.7,2626.2
904379,7001186,30132,7.0,386.94,2708.58
904380,7011522,30635,5.0,852.19,4260.95
904381,7008250,31216,10.0,473.04,4730.4
904382,7001555,31425,3.0,681.29,2043.87
904383,7010965,30009,11.0,191.35,2104.85
904384,7010908,30975,4.0,699.75,2799.0
904385,7006476,31287,3.0,88.54,265.62
904386,7003376,31375,1.0,1161.46,1161.46
904387,7003191,31118,12.0,288.34,3460.08
904388,7014086,31469,9.0,165.49,1489.41
904389,7012689,30424,11.0,1066.84,11735.24
904390,7007318,30598,4.0,1191.31,4765.24
904391,7004997,30092,10.0,334.73,3347.3
904392,7013839,30331,9.0,115.35,1038.15
904393,7010226,30817,8.0,492.22,3937.76
904394,7006262,30092,8.0,949.41,7595.28
904395,7012913,30056,6.0,60.45,362.7
904396,7004882,30494,3.0,485.17,1455.51
904397,7009077,31314,1.0,292.88,292.88
904398,7013270,30224,2.0,712.15,1424.3
904399,7009030,31154,5.0,120.55,602.75
904400,7004160,30092,1.0,827.32,827.32
904401,7010757,31086,12.0,272.9,3274.8
904402,7006520,30383,4.0,688.75,2755.0
904403,7006700,30286,9.0,298.06,2682.54
904404,7004898,30968,1.0,16.62,16.62
904405,7006422,31480,4.0,568.99,2275.96
904406,7000330,30394,12.0,144.9,1738.8
904407,7006277,30326,12.0,1179.64,14155.68
904408,7008712,31097,8.0,1098.83,8790.64
904409,7005267,30259,7.0,457.06,3199.42
904410,7009029,30321,8.0,1010.49,8083.92
904411,7004540,30093,1.0,679.0,679.0
904412,7013156,30129,6.0,1080.92,6485.52
904413,7000646,30129,9.0,990.28,8912.52
904414,7012895,30386,8.0,55.07,440.56
904415,7006256,30026,6.0,664.69,3988.14
904416,7001089,30566,6.0,1147.63,6885.78
904417,7011071,31356,2.0,1165.63,2331.26
904418,7011281,30589,10.0,115.5,1155.0
904419,7014031,30040,10.0,342.4,3424.0
904420,7008568,30636,2.0,40.06,80.12
904421,7009256,30599,8.0,552.81,4422.48
904422,7014931,30349,7.0,735.35,5147.45
904423,7008603,30844,5.0,684.54,3422.7
904424,7001670,31351,6.0,118.29,709.74
904425,7005633,31025,7.0,34.37,240.59
904426,7009072,31352,5.0,993.12,4965.6
904427,7001231,31280,9.0,579.77,5217.93
904428,7006979,30555,1.0,1008.64,1008.64
904429,7013721,30902,1.0,465.97,465.97
904430,7014611,30804,8.0,62.63,501.04
904431,7012540,31139,12.0,782.39,9388.68
904432,7010066,30647,10.0,473.66,4736.6
904433,7004695,30503,5.0,164.16,820.8
904434,7000785,31072,9.0,66.6,599.4
904435,7014251,31241,1.0,35.12,35.12
904436,7013164,30351,5.0,435.68,2178.4
904437,7014531,30432,5.0,1170.6,5853.0
904438,7003188,31104,5.0,495.86,2479.3
904439,7012356,30018,9.0,363.69,3273.21
904440,7005256,31456,4.0,377.02,1508.08
904441,7012309,30907,7.0,373.24,2612.68
904442,7006430,30660,10.0,739.66,7396.6
904443,7004916,31481,3.0,977.9,2933.7
904444,7007350,30971,1.0,278.84,278.84
904445,7013876,30028,3.0,246.99,740.97
904446,7012969,31095,4.0,572.76,2291.04
904447,7008783,30715,4.0,651.89,2607.56
904448,7006693,30323,10.0,663.56,6635.6
904449,7007680,30413,9.0,377.95,3401.55
904450,7008497,31387,1.0,555.38,555.38
904451,7003008,30574,8.0,822.67,6581.36
904452,7007808,30819,8.0,731.17,5849.36
904453,7001004,31050,4.0,1133.94,4535.76
904454,7003312,30939,7.0,977.33,6841.31
904455,7012229,31317,5.0,1148.95,5744.75
904456,7007797,30762,3.0,775.77,2327.31
904457,7000879,30263,10.0,1180.4,11804.0
904458,7014026,31224,4.0,1037.02,4148.08
904459,7014968,30676,8.0,725.67,5805.36
904460,7005697,30849,3.0,558.19,1674.57
904461,7004586,30237,3.0,25.78,77.34
904462,7010466,30167,7.0,1002.36,7016.52
904463,7011096,30615,7.0,779.71,5457.97
904464,7000779,31319,9.0,299.25,2693.25
904465,7012652,30395,12.0,455.29,5463.48
904466,7004311,30499,9.0,713.49,6421.41
904467,7010254,30096,8.0,392.53,3140.24
904468,7012467,30837,11.0,926.68,10193.48
904469,7009198,31283,10.0,428.98,4289.8
904470,7009301,30043,10.0,166.32,1663.2
904471,7009574,30891,2.0,479.17,958.34
904472,7005315,30250,2.0,677.54,1355.08
904473,7014027,30406,10.0,74.74,747.4
904474,7004809,30716,12.0,968.01,11616.12
904475,7001099,30046,1.0,335.81,335.81
904476,7007622,30335,8.0,521.22,4169.76
904477,7007120,30924,5.0,822.1,4110.5
904478,7008328,30602,4.0,1057.1,4228.4
904479,7004483,30398,11.0,622.23,6844.53
904480,7002347,30150,2.0,1123.12,2246.24
904481,7000642,30476,9.0,118.73,1068.57
904482,7000574,31023,2.0,604.61,1209.22
904483,7000267,30443,2.0,1118.89,2237.78
904484,7007494,31325,3.0,482.02,1446.06
904485,7006655,31129,6.0,1121.38,6728.28
904486,7012263,31381,4.0,739.43,2957.72
904487,7008128,30389,12.0,253.55,3042.6
904488,7000828,30691,11.0,881.66,9698.26
904489,7013628,30951,1.0,533.28,533.28
904490,7009178,30708,1.0,367.87,367.87
904491,7014294,30990,3.0,434.75,1304.25
904492,7010158,30580,4.0,711.0,2844.0
904493,7014109,31083,1.0,556.12,556.12
904494,7011332,30489,9.0,863.34,7770.06
904495,7001096,30600,7.0,657.58,4603.06
904496,7000310,30695,4.0,238.32,953.28
904497,7008530,30526,9.0,802.15,7219.35
904498,7013009,30247,2.0,1643.84,3287.69
904499,7013453,30873,1.0,543.54,543.54
904500,7003936,30999,8.0,250.1,2000.8
904501,7009056,30293,5.0,1069.63,5348.15
904502,7001545,30589,12.0,885.03,10620.36
904503,7001351,30574,10.0,485.64,4856.4
904504,7004353,31373,12.0,639.49,7673.88
904505,7003574,30369,4.0,950.16,3800.64
904506,7007784,31152,1.0,138.44,138.44
904507,7004127,30337,5.0,674.3,3371.5
904508,7004617,30008,11.0,1109.39,12203.29
904509,7001907,31274,7.0,544.5,3811.5
904510,7008923,30062,11.0,1129.13,12420.43
904511,7014056,31380,12.0,939.12,11269.44
904512,7013520,30112,12.0,201.65,2419.8
904513,7002536,31400,4.0,456.57,1826.28
904514,7008624,31070,6.0,454.47,2726.82
904515,7004436,30763,3.0,1011.63,3034.89
904516,7002608,30465,12.0,1183.86,14206.32
904517,7009309,31443,7.0,612.44,4287.08
904518,7006582,30197,8.0,554.01,4432.08
904519,7007628,30641,4.0,106.58,426.32
904520,7011702,31353,2.0,384.83,769.66
904521,7009069,30620,12.0,614.22,7370.64
904522,7012580,30297,4.0,14.41,57.64
904523,7004069,30037,4.0,799.24,3196.96
904524,7005903,31359,9.0,536.99,4832.91
904525,7013976,31182,3.0,23.36,70.08
904526,7009782,31500,5.0,102.35,511.75
904527,7014138,30295,4.0,747.81,2991.24
904528,7004960,31049,1.0,962.5,962.5
904529,7006045,30498,12.0,493.15,5917.8
904530,7001792,30567,9.0,786.3,7076.7
904531,7006158,30189,12.0,79.97,959.64
904532,7001096,30317,10.0,1058.77,10587.7
904533,7011971,31199,3.0,587.87,1763.61
904534,7000106,31007,11.0,92.18,1013.98
904535,7007533,30087,12.0,220.13,2641.56
904536,7011386,30612,12.0,640.24,7682.88
904537,7008903,30210,12.0,134.88,1618.56
904538,7009694,31493,5.0,598.21,2991.05
904539,7009168,31021,8.0,605.63,4845.04
904540,7013287,31136,10.0,172.75,1727.5
904541,7010577,30412,6.0,404.23,2425.38
904542,7009158,30410,12.0,628.77,7545.24
904543,7006932,30307,10.0,853.67,8536.7
904544,7002316,30116,1.0,216.39,216.39
904545,7009860,31058,12.0,33.91,406.92
904546,7001305,31124,8.0,578.08,4624.64
904547,7002167,30769,3.0,1180.31,3540.93
904548,7010280,30124,8.0,776.22,6209.76
904549,7010977,30880,6.0,1195.69,7174.14
904550,7012999,30286,10.0,1161.13,11611.3
904551,7010750,31269,6.0,631.68,3790.08
904552,7014520,31240,6.0,1145.21,6871.26
904553,7010134,30924,4.0,747.45,2989.8
904554,7003604,30946,8.0,829.86,6638.88
904555,7002210,30736,8.0,622.83,4982.64
904556,7008799,30547,2.0,989.92,1979.84
904557,7014693,30148,7.0,258.44,1809.08
904558,7001194,30516,11.0,32.85,361.35
904559,7010176,30106,5.0,425.92,2129.58
904560,7006801,31406,2.0,296.17,592.34
904561,7004446,30732,9.0,357.46,3217.14
904562,7001809,31050,6.0,654.45,3926.7
904563,7003184,30827,3.0,118.91,356.73
904564,7001079,30633,10.0,179.02,1790.2
904565,7013441,31206,9.0,1039.47,9355.23
904566,7001598,31460,9.0,256.91,2312.19
904567,7000025,30126,8.0,50.09,400.72
904568,7005992,30751,6.0,480.14,2880.83
904569,7012196,31306,5.0,423.22,2116.1
904570,7014455,30374,1.0,1036.04,1036.04
904571,7014236,30052,1.0,1193.16,1193.16
904572,7012603,30823,6.0,654.19,3925.14
904573,7010727,31437,7.0,320.84,2245.88
904574,7014586,30966,6.0,341.6,2049.6
904575,7007736,30899,7.0,587.72,4114.04
904576,7002797,30952,12.0,186.46,2237.52
904577,7004264,30464,6.0,615.84,3695.04
904578,7014553,30204,5.0,993.07,4965.35
904579,7014944,30316,12.0,795.68,9548.16
904580,7001287,30556,12.0,406.45,4877.4
904581,7014609,31499,9.0,669.07,6021.63
904582,7002856,30148,12.0,287.94,3455.28
904583,7001158,30496,11.0,161.48,1776.28
904584,7010678,30997,4.0,524.0,2096.0
904585,7007442,30448,9.0,141.39,1272.49
904586,7000726,31447,4.0,440.42,1761.66
904587,7001106,31358,7.0,746.45,5225.15
904588,7001539,30130,7.0,219.67,1537.69
904589,7013811,30534,12.0,70.43,845.16
904590,7006072,31243,4.0,52.86,211.44
904591,7008162,30712,10.0,884.78,8847.8
904592,7003535,31259,5.0,568.6,2843.0
904593,7004797,31172,9.0,595.05,5355.45
904594,7008212,31047,6.0,858.32,5149.92
904595,7002926,30420,12.0,168.14,2017.68
904596,7003810,31273,1.0,755.03,755.03
904597,7007905,30736,10.0,1058.53,10585.3
904598,7008435,30816,5.0,177.67,888.35
904599,7012091,31108,12.0,308.16,3697.92
904600,7005752,31307,8.0,935.82,7486.56
904601,7010809,31417,9.0,677.48,6097.32
904602,7005874,31339,3.0,250.91,752.73
904603,7011785,30220,12.0,636.65,7639.8
904604,7008216,31277,4.0,779.25,3117.0
904605,7005953,30268,1.0,604.99,604.99
904606,7001503,31012,12.0,54.5,654.0
904607,7013564,31401,10.0,633.42,6334.2
904608,7014385,31108,11.0,685.68,7542.48
904609,7002523,30919,3.0,369.44,1108.32
904610,7002760,31386,7.0,266.99,1868.93
904611,7003664,31162,4.0,894.65,3578.6
904612,7012073,30500,7.0,260.58,1824.06
904613,7012095,30772,1.0,340.56,340.56
904614,7005426,31201,6.0,829.76,4978.56
904615,7005755,31120,6.0,1004.96,6029.76
904616,7014707,31247,3.0,1084.51,3253.53
904617,7003456,30629,6.0,1023.79,6142.74
904618,7011700,31329,3.0,460.38,1381.14
904619,7004095,30070,10.0,988.22,9882.2
904620,7014465,30856,3.0,1031.88,3095.64
904621,7001582,30411,2.0,1163.44,2326.88
904622,7001817,31223,7.0,265.32,1857.24
904623,7008645,30794,7.0,867.27,6070.89
904624,7003226,31481,11.0,1146.48,12611.28
904625,7004048,30349,10.0,1129.05,11290.5
904626,7000023,30787,11.0,432.08,4752.88
904627,7011823,30637,7.0,646.08,4522.56
904628,7003616,30976,11.0,563.61,6199.71
904629,7007667,30160,1.0,212.31,212.31
904630,7000895,31306,5.0,428.59,2142.95
904631,7006148,30007,9.0,364.87,3283.83
904632,7009671,31031,1.0,1132.07,1132.07
904633,7004877,30003,7.0,541.18,3788.26
904634,7004719,31124,12.0,173.82,2085.84
904635,7000180,31145,12.0,1029.59,12355.08
904636,7013062,31483,2.0,1035.85,2071.7
904637,7013705,31438,9.0,899.6,8096.4
904638,7001482,31195,3.0,952.17,2856.51
904639,7007372,31442,3.0,1019.49,3058.47
904640,7000945,30234,10.0,1002.51,10025.1
904641,7012297,30158,12.0,360.52,4326.24
904642,7010905,30187,12.0,1176.22,14114.64
904643,7004037,31267,1.0,21.38,21.38
904644,7013816,30808,5.0,1198.84,5994.2
904645,7006179,30114,4.0,1053.89,4215.56
904646,7002569,30748,3.0,809.23,2427.69
904647,7014739,30523,8.0,1016.87,8134.96
904648,7005481,30812,7.0,412.39,2886.73
904649,7014182,31266,10.0,1093.83,10938.3
904650,7001841,30406,3.0,1152.67,3458.01
904651,7013138,30018,11.0,1189.16,13080.76
904652,7014202,31288,12.0,335.18,4022.16
904653,7002249,30661,7.0,767.33,5371.31
904654,7013333,31367,8.0,1138.77,9110.16
904655,7000288,30896,6.0,1198.23,7189.38
904656,7009850,31073,3.0,301.09,903.27
904657,7007545,30578,12.0,1128.3,13539.6
904658,7013515,30350,7.0,612.11,4284.77
904659,7009044,30502,2.0,954.15,1908.3
904660,7008900,30845,10.0,843.77,8437.7
904661,7000368,30642,11.0,752.25,8274.75
904662,7014493,30402,4.0,647.59,2590.36
904663,7009682,30904,6.0,591.07,3546.42
904664,7006040,30008,11.0,205.11,2256.21
904665,7009967,31350,6.0,962.86,5777.16
904666,7005509,31203,4.0,651.91,2607.64
904667,7001070,30219,5.0,228.52,1142.6
904668,7003142,30056,7.0,1029.57,7206.99
904669,7011524,31281,7.0,17.56,122.92
904670,7014183,30099,3.0,233.13,699.39
904671,7007508,30183,9.0,1085.59,9770.31
904672,7012476,31495,12.0,1104.76,13257.12
904673,7006715,30399,1.0,629.21,629.21
904674,7011162,30556,12.0,798.5,9582.0
904675,7008891,30680,12.0,114.05,1368.6
904676,7011665,31484,10.0,241.73,2417.3
904677,7002495,30490,2.0,1032.85,2065.7
904678,7002645,31101,11.0,166.05,1826.55
904679,7008006,30038,2.0,241.16,482.32
904680,7013098,30838,11.0,1079.07,11869.77
904681,7010388,31069,5.0,200.62,1003.1
904682,7007143,30835,6.0,133.54,801.24
904683,7011281,31079,10.0,1088.32,10883.2
904684,7009969,30037,10.0,1158.57,11585.7
904685,7013838,30526,2.0,1082.72,2165.44
904686,7000038,30725,11.0,295.66,3252.26
904687,7010112,30167,5.0,294.23,1471.15
904688,7010365,30232,3.0,804.21,2412.63
904689,7011249,30863,4.0,433.81,1735.24
904690,7011800,31147,3.0,217.95,653.85
904691,7001804,31053,6.0,558.69,3352.14
904692,7013324,31293,5.0,423.59,2117.95
904693,7007443,30807,3.0,1048.44,3145.32
904694,7006044,30570,2.0,500.19,1000.38
904695,7000956,31271,4.0,762.83,3051.32
904696,7011425,31375,8.0,724.91,5799.28
904697,7004948,30688,5.0,169.26,846.3
904698,7000697,31030,5.0,988.63,4943.15
904699,7005572,31408,3.0,472.56,1417.68
904700,7002116,30149,6.0,952.71,5716.26
904701,7009435,31036,5.0,350.02,1750.1
904702,7002553,30738,10.0,1064.12,10641.2
904703,7001999,30419,9.0,370.19,3331.71
904704,7012656,30177,3.0,354.22,1062.66
904705,7004206,30050,7.0,470.85,3295.95
904706,7003519,31156,10.0,731.87,7318.7
904707,7013165,30415,12.0,1193.21,14318.52
904708,7011504,30455,4.0,510.2,2040.8
904709,7003369,30470,7.0,16.97,118.79
904710,7002540,31235,8.0,943.62,7548.96
904711,7013507,31166,5.0,290.85,1454.25
904712,7003696,30834,1.0,710.6,710.6
904713,7005169,31015,11.0,1169.78,12867.58
904714,7000393,30450,10.0,846.94,8469.4
904715,7005794,31483,2.0,507.72,1015.44
904716,7000752,31392,10.0,761.98,7619.8
904717,7011603,31107,11.0,275.49,3030.39
904718,7005661,31387,4.0,1067.09,4268.36
904719,7010920,30860,11.0,887.39,9761.29
904720,7007120,30209,12.0,293.16,3517.92
904721,7008208,30184,7.0,74.14,518.98
904722,7003762,31380,1.0,353.07,353.07
904723,7009461,31425,8.0,340.56,2724.48
904724,7013824,31318,1.0,793.2,793.2
904725,7012221,30319,10.0,346.63,3466.3
904726,7005962,31215,1.0,557.11,557.11
904727,7004743,31054,2.0,1040.95,2081.9
904728,7010909,30598,7.0,427.65,2993.55
904729,7009397,30910,4.0,783.8,3135.2
904730,7000559,31313,8.0,271.21,2169.68
904731,7002818,30993,10.0,1096.62,10966.2
904732,7009534,30806,9.0,400.58,3605.22
904733,7008910,30034,1.0,440.83,440.83
904734,7004305,31178,9.0,728.12,6553.08
904735,7002433,30739,12.0,117.87,1414.44
904736,7008053,30854,8.0,263.23,2105.84
904737,7013137,31291,9.0,456.58,4109.22
904738,7007121,30159,12.0,1000.5,12006.0
904739,7010391,31023,1.0,22.46,22.46
904740,7001756,30758,7.0,778.64,5450.48
904741,7003321,31423,9.0,808.07,7272.63
904742,7006926,30645,5.0,836.19,4180.95
904743,7005365,30762,2.0,356.77,713.54
904744,7011148,30495,7.0,820.48,5743.36
904745,7010158,31103,7.0,606.74,4247.18
904746,7009020,30220,7.0,600.58,4204.06
904747,7007952,30279,5.0,265.18,1325.9
904748,7012719,30176,1.0,839.3,839.3
904749,7003383,30899,7.0,164.37,1150.59
904750,7005218,30936,12.0,1092.5,13110.0
904751,7010059,30055,6.0,91.88,551.28
904752,7002575,31472,4.0,1108.87,4435.48
904753,7010374,31035,11.0,697.32,7670.52
904754,7008323,30122,12.0,175.02,2100.24
904755,7014434,30708,3.0,544.32,1632.96
904756,7013783,30954,4.0,312.32,1249.28
904757,7004986,31361,12.0,148.23,1778.76
904758,7001488,30296,3.0,986.7,2960.1
904759,7009486,30996,8.0,239.48,1915.84
904760,7014121,31142,3.0,260.27,780.81
904761,7012038,31393,6.0,560.36,3362.16
904762,7008413,31277,4.0,236.94,947.76
904763,7005816,30413,6.0,427.07,2562.42
904764,7003005,31081,9.0,996.21,8965.89
904765,7011497,30521,8.0,385.85,3086.8
904766,7003058,30569,6.0,1190.27,7141.62
904767,7014728,30806,2.0,372.2,744.4
904768,7013354,30426,8.0,618.28,4946.24
904769,7012346,30574,3.0,809.0,2427.0
904770,7005500,30841,10.0,309.74,3097.4
904771,7003196,30043,7.0,399.53,2796.71
904772,7009175,30242,11.0,614.92,6764.12
904773,7005916,30142,10.0,20.65,206.5
904774,7013511,31151,5.0,54.16,270.8
904775,7012545,30374,7.0,1194.14,8358.98
904776,7011358,30238,3.0,937.08,2811.24
904777,7013468,30305,6.0,149.32,895.92
904778,7002110,31117,7.0,510.9,3576.3
904779,7005811,31109,8.0,800.43,6403.44
904780,7007133,30169,9.0,138.18,1243.62
904781,7001472,30954,3.0,582.61,1747.83
904782,7008427,30594,12.0,503.05,6036.6
904783,7003046,31254,4.0,769.62,3078.48
904784,7009083,31430,8.0,273.0,2184.0
904785,7003873,31368,3.0,907.08,2721.24
904786,7004495,30983,10.0,970.91,9709.1
904787,7008887,30372,6.0,581.52,3489.12
904788,7010268,30042,5.0,529.99,2649.95
904789,7011661,31396,5.0,123.34,616.7
904790,7008183,31303,7.0,226.73,1587.11
904791,7001402,30161,8.0,413.34,3306.72
904792,7014419,30027,10.0,906.32,9063.2
904793,7010853,30905,4.0,490.32,1961.28
904794,7013705,31337,2.0,121.08,242.16
904795,7005956,30088,11.0,995.48,10950.28
904796,7010778,30152,1.0,967.89,967.89
904797,7012297,31462,3.0,158.83,476.49
904798,7004666,30425,11.0,873.75,9611.25
904799,7003596,30849,7.0,476.77,3337.39
904800,7003533,30802,9.0,1047.85,9430.65
904801,7005099,30258,12.0,11.64,139.68
904802,7005566,30810,2.0,13.83,27.66
904803,7004704,30450,12.0,224.39,2692.68
904804,7013109,30246,2.0,729.12,1458.24
904805,7010404,30193,4.0,1147.11,4588.44
904806,7003890,30425,1.0,865.59,865.59
904807,7012012,30898,7.0,1188.4,8318.8
904808,7007766,31114,3.0,237.04,711.12
904809,7010303,31434,1.0,575.97,575.97
904810,7003810,31012,9.0,855.19,7696.71
904811,7005629,30908,6.0,158.56,951.36
904812,7008951,30326,12.0,105.14,1261.67
904813,7014649,31449,2.0,756.36,1512.71
904814,7000804,31164,6.0,874.19,5245.14
904815,7005010,30466,12.0,206.29,2475.48
904816,7006479,30623,12.0,1119.02,13428.24
904817,7008753,30215,9.0,782.24,7040.16
904818,7009486,30532,9.0,447.53,4027.77
904819,7012531,30403,10.0,21.66,216.6
904820,7001067,30343,9.0,238.64,2147.76
904821,7002874,30031,4.0,961.89,3847.56
904822,7005595,30968,6.0,912.85,5477.1
904823,7009854,30583,12.0,842.34,10108.08
904824,7010831,30369,10.0,635.97,6359.7
904825,7010452,30608,5.0,1064.89,5324.45
904826,7004357,31254,9.0,367.16,3304.44
904827,7006995,30971,11.0,1038.17,11419.87
904828,7011050,30345,12.0,466.21,5594.52
904829,7008826,30603,6.0,612.19,3673.14
904830,7013967,30724,9.0,562.31,5060.79
904831,7009054,30341,11.0,890.7,9797.7
904832,7014603,30727,5.0,760.64,3803.2
904833,7008196,30607,4.0,173.92,695.68
904834,7004485,30063,5.0,764.94,3824.7
904835,7012371,30628,4.0,1052.12,4208.48
904836,7008697,30831,8.0,191.58,1532.64
904837,7004416,30411,12.0,149.14,1789.68
904838,7007165,31177,7.0,1142.77,7999.39
904839,7003968,30587,1.0,674.03,674.03
904840,7005498,30885,12.0,615.61,7387.32
904841,7012108,31218,8.0,757.48,6059.84
904842,7008404,30520,12.0,1092.74,13112.88
904843,7003223,31299,2.0,950.79,1901.58
904844,7001428,31207,10.0,553.55,5535.5
904845,7007613,30807,9.0,118.67,1068.0
904846,7009647,30196,9.0,885.39,7968.51
904847,7014298,30351,10.0,93.39,933.86
904848,7012729,30798,2.0,680.24,1360.48
904849,7008501,30859,5.0,813.61,4068.05
904850,7000380,30411,8.0,501.91,4015.28
904851,7009269,31200,5.0,247.51,1237.55
904852,7001976,31142,3.0,213.8,641.4
904853,7008560,31471,5.0,1143.45,5717.25
904854,7008640,31076,10.0,902.18,9021.8
904855,7005114,30397,12.0,203.0,2436.0
904856,7011306,30446,12.0,770.68,9248.16
904857,7013246,31297,7.0,976.17,6833.19
904858,7004970,31244,2.0,1013.98,2027.96
904859,7004669,31295,3.0,732.43,2197.29
904860,7008023,30351,9.0,329.15,2962.35
904861,7001865,30984,6.0,685.35,4112.1
904862,7009660,31035,10.0,1171.53,11715.3
904863,7009707,31048,10.0,310.53,3105.3
904864,7007503,30177,4.0,188.08,752.32
904865,7006721,31241,6.0,645.62,3873.72
904866,7003026,31157,12.0,978.06,11736.72
904867,7004357,31440,2.0,1115.46,2230.92
904868,7010293,31417,4.0,495.98,1983.92
904869,7012631,30179,12.0,19.8,237.6
904870,7001947,30765,10.0,970.65,9706.5
904871,7006281,31380,8.0,603.26,4826.08
904872,7014128,30575,11.0,425.43,4679.73
904873,7000256,31264,2.0,1180.32,2360.64
904874,7009957,31036,12.0,504.62,6055.44
904875,7013643,30803,1.0,511.15,511.15
904876,7008317,30373,3.0,478.94,1436.82
904877,7001769,30689,7.0,48.98,342.84
904878,7014282,30646,7.0,994.64,6962.48
904879,7008513,30270,9.0,795.14,7156.26
904880,7003960,30632,10.0,683.02,6830.2
904881,7004787,31124,2.0,781.56,1563.12
904882,7013021,30635,5.0,1057.37,5286.85
904883,7008264,30954,1.0,435.13,435.13
904884,7008324,30606,2.0,485.03,970.06
904885,7010424,31020,4.0,983.83,3935.32
904886,7010645,30664,7.0,469.84,3288.88
904887,7011660,30177,7.0,898.44,6289.08
904888,7011192,30824,8.0,277.35,2218.8
904889,7009079,30087,2.0,406.99,813.98
904890,7013283,30694,6.0,678.54,4071.24
904891,7007037,30192,3.0,1071.52,3214.56
904892,7010318,30948,11.0,246.93,2716.23
904893,7014614,31342,3.0,1050.2,3150.6
904894,7002263,30051,9.0,1000.0,9000.0
904895,7012184,30444,11.0,184.14,2025.54
904896,7010565,30281,12.0,943.73,11324.76
904897,7014714,31157,12.0,940.66,11287.92
904898,7000286,30193,8.0,396.45,3171.6
904899,7009097,31022,9.0,56.19,505.71
904900,7001613,30513,4.0,436.61,1746.44
904901,7005059,30158,8.0,114.61,916.88
904902,7008119,30425,5.0,1034.54,5172.7
904903,7000586,30837,12.0,472.72,5672.64
904904,7010019,30236,8.0,770.44,6163.52
904905,7003290,31055,7.0,1099.13,7693.91
904906,7004384,30645,7.0,222.97,1560.79
904907,7010735,30265,3.0,1128.19,3384.57
904908,7010910,30157,2.0,822.6,1645.2
904909,7004649,30084,9.0,77.6,698.4
904910,7000221,30858,6.0,46.91,281.46
904911,7005407,30654,3.0,698.83,2096.49
904912,7004277,31497,5.0,479.49,2397.45
904913,7010428,31434,12.0,773.69,9284.28
904914,7007018,30206,12.0,613.29,7359.48
904915,7007081,30655,4.0,808.07,3232.28
904916,7011999,30253,2.0,54.45,108.9
904917,7014327,31011,7.0,769.93,5389.51
904918,7005304,30436,12.0,564.98,6779.76
904919,7002684,31376,2.0,810.56,1621.12
904920,7010141,30862,1.0,782.87,782.87
904921,7007890,31155,6.0,311.61,1869.66
904922,7013578,30005,12.0,361.19,4334.28
904923,7011993,30661,2.0,971.9,1943.8
904924,7009017,31387,1.0,50.27,50.27
904925,7007974,30380,8.0,431.15,3449.2
904926,7000026,30135,3.0,273.55,820.65
904927,7002556,30084,11.0,900.02,9900.22
904928,7001398,31338,7.0,562.44,3937.08
904929,7000741,30092,3.0,1136.64,3409.92
904930,7013577,30163,8.0,516.5,4132.0
904931,7006546,30730,12.0,429.19,5150.28
904932,7011549,31021,4.0,998.77,3995.08
904933,7012902,30966,7.0,513.94,3597.58
904934,7000580,30717,12.0,1127.02,13524.24
904935,7004231,30645,8.0,147.53,1180.24
904936,7005123,30201,4.0,852.42,3409.68
904937,7003593,31135,12.0,74.6,895.2
904938,7005904,30918,9.0,239.88,2158.92
904939,7002289,31321,3.0,954.04,2862.12
904940,7013208,30256,12.0,1117.53,13410.36
904941,7003867,31441,4.0,482.8,1931.2
904942,7002628,30691,3.0,803.8,2411.4
904943,7012098,30880,3.0,709.45,2128.35
904944,7010306,31012,11.0,724.43,7968.73
904945,7008049,31127,7.0,806.96,5648.72
904946,7003640,31078,6.0,283.75,1702.5
904947,7002840,31047,5.0,58.47,292.35
904948,7001925,30271,5.0,357.94,1789.7
904949,7009296,30030,6.0,338.87,2033.22
904950,7004296,31123,7.0,612.4,4286.8
904951,7014635,30891,12.0,914.74,10976.88
904952,7014506,31366,4.0,1170.26,4681.04
904953,7003964,30083,5.0,574.52,2872.6
904954,7007343,30035,9.0,1031.92,9287.28
904955,7012007,30291,4.0,791.9,3167.6
904956,7013154,30839,7.0,437.69,3063.83
904957,7013216,30619,1.0,886.89,886.89
904958,7006700,30122,5.0,458.61,2293.05
904959,7002709,30815,2.0,197.23,394.46
904960,7001430,30596,1.0,1161.12,1161.12
904961,7002994,31217,10.0,1159.83,11598.3
904962,7013403,30933,3.0,1150.31,3450.93
904963,7006211,31249,6.0,423.11,2538.66
904964,7005594,30729,6.0,902.61,5415.66
904965,7002377,30870,12.0,244.45,2933.4
904966,7000321,30008,11.0,817.46,8992.06
904967,7011712,30227,6.0,265.73,1594.38
904968,7014543,30008,7.0,564.61,3952.27
904969,7006241,30733,1.0,756.78,756.78
904970,7005910,31004,4.0,419.45,1677.8
904971,7014977,30420,7.0,547.89,3835.23
904972,7002841,30047,5.0,649.92,3249.6
904973,7014903,30582,10.0,914.77,9147.7
904974,7013852,30818,10.0,461.19,4611.9
904975,7000003,30862,10.0,262.45,2624.5
904976,7005332,30844,10.0,586.42,5864.2
904977,7001657,30906,1.0,346.92,346.92
904978,7002540,31385,3.0,899.94,2699.82
904979,7011243,30345,11.0,581.71,6398.81
904980,7000182,30581,5.0,211.82,1059.1
904981,7014667,30373,6.0,601.2,3607.2
904982,7002195,30277,6.0,1168.08,7008.48
904983,7008532,30721,11.0,276.72,3043.88
904984,7006254,30803,10.0,206.04,2060.4
904985,7004470,30327,6.0,905.68,5434.08
904986,7014223,30802,3.0,339.25,1017.75
904987,7008783,30755,7.0,369.9,2589.3
904988,7012332,31425,8.0,146.18,1169.44
904989,7011608,30996,3.0,204.89,614.67
904990,7006494,30309,7.0,690.89,4836.23
904991,7014924,31419,1.0,857.01,857.01
904992,7009661,31151,11.0,1186.29,13049.19
904993,7000091,30140,3.0,387.23,1161.69
904994,7012302,31384,9.0,113.73,1023.57
904995,7011300,31467,3.0,675.93,2027.79
904996,7009030,30673,5.0,709.77,3548.85
904997,7007060,30132,2.0,36.48,72.96
904998,7014620,30490,8.0,802.69,6421.52
904999,7000931,30137,1.0,1095.83,1095.83
905000,7011998,30564,8.0,749.91,5999.28
905001,7014493,30168,7.0,1043.78,7306.46
905002,7012177,31123,9.0,1121.81,10096.29
905003,7010390,30753,2.0,411.51,823.02
905004,7009904,31213,6.0,641.83,3850.98
905005,7005021,30120,6.0,308.18,1849.08
905006,7008774,31274,12.0,93.03,1116.36
905007,7011628,31243,11.0,53.9,592.9
905008,7014457,31333,2.0,341.45,682.9
905009,7000108,30823,1.0,787.14,787.14
905010,7011177,30022,10.0,658.88,6588.75
905011,7001637,30341,1.0,432.95,432.95
905012,7013697,30936,3.0,37.48,112.44
905013,7013245,31438,7.0,158.13,1106.94
905014,7001358,30532,6.0,377.91,2267.46
905015,7013581,30909,9.0,822.96,7406.64
905016,7001523,31235,4.0,186.56,746.25
905017,7014567,30981,11.0,412.53,4537.83
905018,7013965,30457,9.0,977.23,8795.07
905019,7014973,31155,6.0,261.2,1567.2
905020,7000133,31289,3.0,468.85,1406.55
905021,7014201,30324,1.0,327.66,327.66
905022,7001807,30422,11.0,71.18,782.98
905023,7005909,30730,5.0,286.62,1433.1
905024,7011740,30402,10.0,875.66,8756.6
905025,7014287,30357,9.0,934.78,8413.02
905026,7006010,30941,9.0,1106.9,9962.1
905027,7013880,30227,12.0,819.44,9833.28
905028,7009690,30159,4.0,1089.26,4357.04
905029,7007357,30894,5.0,470.41,2352.05
905030,7000732,30789,10.0,877.88,8778.8
905031,7000023,31405,5.0,852.38,4261.9
905032,7008364,31072,10.0,235.91,2359.1
905033,7007757,30821,5.0,718.27,3591.35
905034,7006841,30245,12.0,403.63,4843.56
905035,7008866,30816,3.0,1189.18,3567.54
905036,7009204,30354,8.0,507.0,4056.0
905037,7001817,31338,11.0,323.61,3559.71
905038,7001334,30099,12.0,477.76,5733.12
905039,7013448,30227,1.0,762.1,762.1
905040,7002079,30450,8.0,696.15,5569.2
905041,7010749,30549,1.0,226.55,226.55
905042,7013025,30716,10.0,1088.64,10886.4
905043,7009395,31349,11.0,635.72,6992.92
905044,7010167,30629,2.0,546.71,1093.42
905045,7010192,30964,10.0,532.73,5327.3
905046,7001694,30791,9.0,919.72,8277.48
905047,7002961,31287,5.0,687.63,3438.15
905048,7007984,30892,4.0,52.22,208.88
905049,7001630,30166,12.0,1167.52,14010.24
905050,7003226,31021,3.0,649.59,1948.77
905051,7010795,30206,11.0,119.6,1315.6
905052,7007678,30263,7.0,108.89,762.23
905053,7007522,31268,5.0,1194.21,5971.05
905054,7003389,30478,5.0,740.19,3700.95
905055,7011101,30714,2.0,963.04,1926.08
905056,7007936,30728,10.0,497.31,4973.1
905057,7014644,31209,4.0,905.09,3620.36
905058,7002042,31204,7.0,103.24,722.68
905059,7014758,30187,1.0,876.43,876.43
905060,7005260,31450,4.0,1049.91,4199.64
905061,7011640,30689,9.0,1063.89,9575.01
905062,7014306,31242,5.0,613.83,3069.15
905063,7002286,30801,12.0,559.76,6717.12
905064,7007940,30325,8.0,510.97,4087.76
905065,7006939,31212,1.0,637.87,637.87
905066,7000592,31273,7.0,875.62,6129.34
905067,7003793,31125,10.0,888.96,8889.6
905068,7007452,30685,5.0,90.49,452.45
905069,7010266,30754,2.0,107.91,215.82
905070,7004671,30910,7.0,919.99,6439.93
905071,7012243,30556,8.0,411.9,3295.2
905072,7002017,30417,1.0,1064.37,1064.37
905073,7011502,30972,3.0,361.07,1083.21
905074,7007502,31191,11.0,733.73,8071.03
905075,7007529,30279,1.0,240.66,240.66
905076,7013167,31174,3.0,441.16,1323.48
905077,7012676,30260,2.0,568.96,1137.92
905078,7013140,30852,12.0,893.2,10718.4
905079,7009632,30223,7.0,397.85,2784.95
905080,7010438,30117,8.0,979.46,7835.68
905081,7008945,30403,9.0,438.61,3947.49
905082,7014105,30834,3.0,420.69,1262.07
905083,7006301,30893,1.0,448.6,448.6
905084,7005164,30160,4.0,220.76,883.04
905085,7002258,30929,4.0,257.99,1031.96
905086,7006561,30669,3.0,412.27,1236.81
905087,7012149,30585,7.0,536.42,3754.94
905088,7006714,30570,7.0,340.23,2381.61
905089,7011717,31225,8.0,670.12,5360.96
905090,7005910,30211,10.0,475.6,4756.0
905091,7005824,30164,11.0,670.96,7380.56
905092,7004575,30699,9.0,961.14,8650.26
905093,7009612,30131,11.0,881.55,9697.05
905094,7013178,30108,2.0,322.87,645.74
905095,7001711,30438,10.0,858.43,8584.3
905096,7012665,31094,7.0,64.77,453.39
905097,7011741,31248,5.0,351.98,1759.9
905098,7009005,30176,1.0,942.36,942.36
905099,7000500,30527,11.0,487.89,5366.79
905100,7005868,31180,9.0,127.18,1144.62
905101,7014646,30864,2.0,837.14,1674.28
905102,7009140,30664,4.0,1178.68,4714.72
905103,7011554,30046,12.0,1025.99,12311.88
905104,7010278,30943,2.0,364.98,729.96
905105,7011167,31251,6.0,59.41,356.46
905106,7010922,31386,7.0,44.1,308.7
905107,7003228,31276,4.0,423.12,1692.48
905108,7008021,30457,1.0,1163.79,1163.79
905109,7001294,30408,7.0,434.01,3038.07
905110,7007564,31380,12.0,42.37,508.44
905111,7008499,31089,8.0,787.0,6296.0
905112,7003412,30471,2.0,206.81,413.62
905113,7009259,30528,1.0,880.66,880.66
905114,7012685,31226,3.0,761.32,2283.96
905115,7009883,30666,12.0,859.73,10316.76
905116,7013038,31125,1.0,584.94,584.94
905117,7013172,31114,10.0,419.88,4198.8
905118,7006322,30353,10.0,739.1,7391.0
905119,7010580,30782,8.0,29.65,237.2
905120,7006597,30027,6.0,961.06,5766.36
905121,7003042,30068,10.0,518.0,5180.0
905122,7002925,30634,12.0,786.22,9434.64
905123,7013870,30884,8.0,1133.99,9071.92
905124,7010685,31105,1.0,942.22,942.22
905125,7014932,30207,10.0,368.52,3685.2
905126,7010937,31211,5.0,188.17,940.85
905127,7011049,30086,7.0,567.25,3970.75
905128,7010522,31332,3.0,995.12,2985.36
905129,7001588,31461,3.0,378.92,1136.76
905130,7000125,30044,1.0,1106.0,1106.0
905131,7009116,30638,9.0,874.07,7866.63
905132,7008844,30438,4.0,688.11,2752.44
905133,7008429,30546,8.0,282.11,2256.91
905134,7008116,30712,5.0,462.18,2310.9
905135,7005424,30657,11.0,832.62,9158.82
905136,7012490,30154,9.0,1191.85,10726.65
905137,7013999,30652,7.0,206.6,1446.2
905138,7004819,31363,12.0,280.67,3368.04
905139,7007891,30466,5.0,202.56,1012.8
905140,7001584,30994,11.0,12.83,141.13
905141,7012477,31337,11.0,458.21,5040.31
905142,7008017,30891,3.0,212.73,638.19
905143,7004640,30860,7.0,884.43,6191.01
905144,7013581,30928,5.0,1184.43,5922.15
905145,7013545,30992,8.0,1191.76,9534.08
905146,7009316,30538,8.0,361.38,2891.04
905147,7009230,30667,12.0,867.54,10410.48
905148,7006857,30100,6.0,676.56,4059.36
905149,7009357,30004,11.0,771.48,8486.28
905150,7012496,30087,8.0,321.75,2574.01
905151,7006293,31402,10.0,510.37,5103.7
905152,7008370,30355,12.0,815.69,9788.28
905153,7009628,30823,3.0,181.59,544.77
905154,7000194,30439,3.0,217.19,651.57
905155,7007583,30421,10.0,323.14,3231.4
905156,7002697,30397,12.0,503.55,6042.6
905157,7011334,30573,9.0,427.62,3848.58
905158,7007190,30977,11.0,630.0,6930.0
905159,7004683,31495,8.0,799.21,6393.68
905160,7014322,30149,9.0,480.48,4324.32
905161,7000494,31452,5.0,342.07,1710.35
905162,7003077,31318,8.0,673.39,5387.12
905163,7001171,30029,7.0,758.02,5306.14
905164,7010991,30756,11.0,484.11,5325.21
905165,7001388,30913,11.0,229.94,2529.33
905166,7005922,31480,9.0,316.34,2847.06
905167,7014958,31087,9.0,91.98,827.82
905168,7007809,31134,3.0,524.01,1572.03
905169,7014474,31358,8.0,1174.37,9394.96
905170,7014660,30142,5.0,404.69,2023.45
905171,7003192,30466,8.0,435.58,3484.64
905172,7004854,31303,4.0,317.16,1268.64
905173,7011210,30681,9.0,1044.6,9401.4
905174,7007936,31212,4.0,1086.09,4344.36
905175,7011802,30933,6.0,684.97,4109.82
905176,7005062,30908,3.0,121.67,365.01
905177,7004203,30487,3.0,476.6,1429.8
905178,7005687,31422,6.0,155.81,934.86
905179,7006566,31061,3.0,44.57,133.71
905180,7013419,31074,5.0,417.04,2085.2
905181,7010002,30325,5.0,581.21,2906.05
905182,7000670,31398,3.0,1098.79,3296.37
905183,7004895,31450,2.0,199.41,398.82
905184,7011949,30539,8.0,898.09,7184.72
905185,7012425,30207,7.0,499.56,3496.92
905186,7001298,30878,1.0,606.41,606.41
905187,7001315,31455,3.0,325.13,975.39
905188,7005240,31274,4.0,572.4,2289.6
905189,7010592,30363,9.0,51.28,461.55
905190,7007516,31261,5.0,440.52,2202.6
905191,7000687,31443,6.0,1159.84,6959.04
905192,7004241,30717,10.0,738.15,7381.5
905193,7011224,31464,11.0,181.05,1991.55
905194,7007938,30917,9.0,278.53,2506.77
905195,7007483,30173,8.0,617.05,4936.4
905196,7013604,30228,10.0,404.26,4042.6
905197,7008847,30897,12.0,656.2,7874.4
905198,7014373,30021,1.0,556.49,556.49
905199,7003844,30562,12.0,903.9,10846.8
905200,7004397,30758,8.0,323.0,2584.0
905201,7000793,30150,10.0,669.47,6694.7
905202,7000015,31235,1.0,321.86,321.86
905203,7003576,30084,9.0,171.56,1544.04
905204,7003569,30845,11.0,1057.6,11633.6
905205,7012142,30757,10.0,121.23,1212.3
905206,7002539,31335,1.0,1075.35,1075.35
905207,7013518,30808,8.0,450.92,3607.36
905208,7010508,31143,6.0,1081.52,6489.12
905209,7014755,30394,9.0,143.72,1293.48
905210,7001811,30489,5.0,977.46,4887.3
905211,7003244,30635,4.0,882.71,3530.84
905212,7013151,30442,12.0,476.2,5714.4
905213,7007987,31037,8.0,943.52,7548.16
905214,7014281,30350,8.0,702.54,5620.32
905215,7013064,31386,8.0,403.25,3226.0
905216,7010868,31481,7.0,388.14,2716.98
905217,7009782,31352,7.0,514.32,3600.24
905218,7002044,30826,12.0,498.83,5985.96
905219,7001269,30054,2.0,571.32,1142.64
905220,7003153,30618,9.0,763.15,6868.35
905221,7003907,30943,3.0,805.05,2415.15
905222,7001568,30171,2.0,880.21,1760.42
905223,7013930,31330,2.0,545.0,1090.0
905224,7014680,31158,4.0,851.4,3405.6
905225,7005615,30598,5.0,150.6,753.0
905226,7001341,30017,3.0,204.2,612.6
905227,7003767,30008,3.0,350.02,1050.06
905228,7009124,30015,1.0,1010.93,1010.93
905229,7004023,30407,1.0,616.69,616.69
905230,7014972,30994,5.0,280.86,1404.3
905231,7008028,31313,10.0,445.01,4450.1
905232,7006364,30674,4.0,1107.43,4429.72
905233,7011646,31455,9.0,228.03,2052.27
905234,7006354,30021,2.0,1079.26,2158.52
905235,7014026,30916,6.0,321.7,1930.2
905236,7007091,31021,12.0,175.33,2103.96
905237,7006098,31118,4.0,797.94,3191.76
905238,7003831,30129,8.0,427.61,3420.88
905239,7010293,31132,8.0,76.18,609.44
905240,7007648,30032,6.0,1005.6,6033.6
905241,7007815,30913,2.0,346.09,692.18
905242,7008761,30790,2.0,94.03,188.06
905243,7010046,30295,2.0,741.2,1482.4
905244,7009657,30207,8.0,1155.64,9245.12
905245,7014403,30057,8.0,561.26,4490.08
905246,7002620,30226,11.0,180.04,1980.44
905247,7000660,30412,4.0,298.2,1192.8
905248,7002858,31336,7.0,898.03,6286.21
905249,7006687,30523,6.0,998.76,5992.56
905250,7005528,31376,7.0,765.6,5359.2
905251,7004806,31165,5.0,1094.78,5473.9
905252,7011137,30211,4.0,984.35,3937.4
905253,7012842,30863,3.0,670.94,2012.82
905254,7010735,30337,8.0,649.9,5199.24
905255,7000087,30998,3.0,438.6,1315.8
905256,7007768,30558,5.0,1012.29,5061.45
905257,7008501,30401,1.0,983.86,983.86
905258,7007826,30718,8.0,58.97,471.76
905259,7009149,30880,9.0,1059.25,9533.25
905260,7008173,31472,8.0,745.63,5965.04
905261,7006284,30176,12.0,650.08,7800.96
905262,7013457,30624,7.0,54.66,382.62
905263,7002446,30719,10.0,856.14,8561.4
905264,7009214,30883,1.0,22.28,22.28
905265,7006130,30361,10.0,405.01,4050.1
905266,7007307,30506,4.0,437.38,1749.52
905267,7012258,31453,5.0,703.22,3516.1
905268,7005251,30775,3.0,485.1,1455.3
905269,7005193,30011,11.0,399.78,4397.58
905270,7003527,30881,1.0,31.83,31.83
905271,7014983,31009,9.0,544.54,4900.86
905272,7011723,30498,11.0,625.79,6883.69
905273,7012226,31482,10.0,543.54,5435.4
905274,7009109,30007,8.0,203.44,1627.52
905275,7012532,31471,7.0,553.55,3874.85
905276,7011320,30632,8.0,1071.88,8575.04
905277,7000306,31240,3.0,328.59,985.77
905278,7013249,31061,10.0,1086.44,10864.4
905279,7011706,30472,3.0,524.4,1573.2
905280,7002976,30105,3.0,652.37,1957.11
905281,7014943,30688,6.0,99.33,595.98
905282,7008211,30771,11.0,572.18,6293.98
905283,7013845,30478,8.0,454.54,3636.32
905284,7007201,31301,6.0,664.08,3984.48
905285,7001278,31360,11.0,310.38,3414.18
905286,7008105,30676,11.0,636.27,6998.97
905287,7012985,31157,9.0,218.79,1969.11
905288,7013883,30320,8.0,451.87,3614.96
905289,7002009,30549,5.0,428.8,2144.0
905290,7008502,31261,1.0,598.34,598.34
905291,7007539,30593,9.0,577.27,5195.43
905292,7013728,31415,8.0,133.55,1068.4
905293,7007632,30495,6.0,1028.45,6170.7
905294,7003088,31126,11.0,1010.87,11119.57
905295,7007753,30256,11.0,642.82,7071.02
905296,7011705,30430,11.0,1005.51,11060.61
905297,7003508,30471,8.0,1062.08,8496.64
905298,7005720,30840,3.0,606.74,1820.22
905299,7014944,30499,4.0,1017.03,4068.12
905300,7004042,31382,6.0,420.39,2522.34
905301,7000631,30915,1.0,971.9,971.9
905302,7004896,30889,8.0,106.39,851.12
905303,7013987,30990,5.0,522.87,2614.35
905304,7010751,30090,5.0,734.08,3670.4
905305,7007664,31493,5.0,265.08,1325.4
905306,7001453,30309,6.0,918.18,5509.08
905307,7006054,31399,8.0,137.26,1098.08
905308,7008054,31244,9.0,549.4,4944.6
905309,7005389,30675,10.0,196.3,1963.0
905310,7014296,30713,8.0,258.3,2066.4
905311,7010704,30784,1.0,384.72,384.72
905312,7004722,30664,9.0,1121.1,10089.9
905313,7008229,31258,9.0,362.65,3263.85
905314,7006709,31190,10.0,959.75,9597.5
905315,7007965,31488,9.0,1171.51,10543.59
905316,7002760,31338,12.0,486.22,5834.64
905317,7011982,30103,9.0,714.54,6430.86
905318,7009483,31086,5.0,742.13,3710.65
905319,7002624,30081,3.0,1153.43,3460.29
905320,7005769,31244,11.0,445.65,4902.15
905321,7008031,30169,4.0,337.72,1350.88
905322,7008163,30371,4.0,868.28,3473.12
905323,7007323,31073,10.0,1180.63,11806.3
905324,7001096,30208,3.0,998.06,2994.18
905325,7004528,30134,6.0,534.26,3205.56
905326,7008537,30379,5.0,443.44,2217.2
905327,7006415,31156,11.0,961.88,10580.68
905328,7003828,31056,11.0,148.99,1638.89
905329,7013048,31186,2.0,129.07,258.14
905330,7008613,31013,5.0,883.37,4416.85
905331,7004615,30319,11.0,527.96,5807.56
905332,7010718,30448,7.0,717.05,5019.35
905333,7014459,30919,7.0,402.4,2816.8
905334,7005722,30738,6.0,156.4,938.4
905335,7008698,30783,6.0,382.97,2297.82
905336,7014651,30912,11.0,794.22,8736.42
905337,7011301,30229,9.0,1040.25,9362.25
905338,7012273,30147,4.0,767.94,3071.76
905339,7007674,30202,7.0,380.13,2660.91
905340,7004877,30501,11.0,585.52,6440.72
905341,7013222,30145,8.0,385.25,3082.0
905342,7003247,30391,9.0,357.34,3216.06
905343,7003162,30800,9.0,233.23,2099.07
905344,7004249,30669,3.0,453.69,1361.07
905345,7007084,30536,7.0,943.72,6606.04
905346,7013523,30379,11.0,628.84,6917.24
905347,7007877,30335,1.0,1317.78,1317.78
905348,7006301,30281,9.0,160.54,1444.86
905349,7003818,30429,5.0,306.75,1533.75
905350,7012588,31003,1.0,417.04,417.04
905351,7007734,30811,11.0,1117.69,12294.59
905352,7006432,30412,5.0,274.84,1374.2
905353,7003550,30470,2.0,987.91,1975.82
905354,7010153,31380,6.0,96.79,580.74
905355,7006816,30518,3.0,303.99,911.97
905356,7012275,30990,10.0,1021.54,10215.4
905357,7012173,30037,8.0,1109.44,8875.52
905358,7000491,30726,10.0,941.55,9415.5
905359,7005262,31337,7.0,72.11,504.77
905360,7004224,31201,3.0,477.08,1431.24
905361,7009082,30683,9.0,473.21,4258.89
905362,7008082,30046,8.0,449.8,3598.4
905363,7011276,30933,7.0,959.68,6717.76
905364,7001139,30549,5.0,190.86,954.3
905365,7011206,30596,1.0,59.49,59.49
905366,7014151,30013,3.0,533.9,1601.7
905367,7014073,30531,3.0,907.91,2723.73
905368,7003999,30349,7.0,181.32,1269.24
905369,7007023,31460,7.0,449.17,3144.19
905370,7003097,31024,1.0,452.48,452.48
905371,7003740,30468,3.0,1118.09,3354.27
905372,7007562,31388,3.0,599.07,1797.21
905373,7013397,30551,5.0,387.83,1939.15
905374,7004310,30068,2.0,218.86,437.72
905375,7006576,30137,5.0,1015.15,5075.75
905376,7008416,30871,11.0,507.12,5578.32
905377,7001955,30939,9.0,111.75,1005.77
905378,7011234,31240,7.0,117.9,825.3
905379,7000497,30736,7.0,719.61,5037.27
905380,7014817,31474,10.0,92.97,929.72
905381,7010269,30488,5.0,72.58,362.9
905382,7001724,30971,6.0,346.03,2076.18
905383,7001957,30151,6.0,275.23,1651.38
905384,7009071,31349,3.0,743.34,2230.02
905385,7008804,30445,10.0,571.71,5717.1
905386,7012600,31079,4.0,433.36,1733.44
905387,7005901,30218,3.0,365.96,1097.88
905388,7005255,31145,11.0,794.65,8741.15
905389,7011352,30781,5.0,603.58,3017.92
905390,7007485,31049,1.0,618.57,618.57
905391,7003508,30703,8.0,469.86,3758.88
905392,7006600,31304,4.0,534.79,2139.16
905393,7005684,30861,9.0,1090.93,9818.37
905394,7003714,30984,1.0,875.61,875.61
905395,7001884,31475,4.0,358.36,1433.44
905396,7003220,31417,7.0,322.45,2257.15
905397,7009569,30675,9.0,156.04,1404.36
905398,7003479,31094,3.0,326.66,979.98
905399,7011992,31409,9.0,456.26,4106.34
905400,7009624,30125,8.0,131.45,1051.6
905401,7003689,30323,10.0,289.17,2891.7
905402,7003776,31446,8.0,858.57,6868.56
905403,7005475,31386,3.0,1014.12,3042.36
905404,7001702,31346,11.0,400.62,4406.82
905405,7005584,30898,4.0,756.98,3027.92
905406,7007332,30040,8.0,219.86,1758.88
905407,7014510,30532,5.0,682.61,3413.05
905408,7014722,31200,11.0,497.13,5468.43
905409,7004317,31319,5.0,90.68,453.4
905410,7009016,31282,6.0,877.05,5262.3
905411,7012234,31236,5.0,970.01,4850.05
905412,7006420,31095,1.0,1012.35,1012.35
905413,7003867,31462,10.0,838.09,8380.9
905414,7011000,31263,2.0,643.15,1286.3
905415,7011245,31468,11.0,489.25,5381.75
905416,7008131,30890,12.0,1194.73,14336.76
905417,7005038,30594,1.0,379.81,379.81
905418,7010966,30259,8.0,1152.93,9223.44
905419,7002948,30308,3.0,250.55,751.65
905420,7013022,30457,12.0,627.62,7531.44
905421,7010619,31389,10.0,744.33,7443.3
905422,7012335,30239,12.0,433.99,5207.88
905423,7007050,31256,12.0,1073.28,12879.36
905424,7014331,30121,11.0,197.04,2167.44
905425,7008122,31274,5.0,1112.55,5562.75
905426,7014212,31371,2.0,180.7,361.4
905427,7006004,30629,3.0,435.68,1307.04
905428,7010114,30021,7.0,149.18,1044.26
905429,7007726,31258,6.0,677.18,4063.08
905430,7011596,30137,6.0,540.46,3242.76
905431,7008259,30731,1.0,845.12,845.12
905432,7007632,30681,8.0,78.84,630.72
905433,7005176,30711,6.0,934.13,5604.78
905434,7011221,30881,5.0,96.51,482.55
905435,7001376,31195,9.0,1125.06,10125.54
905436,7005869,30679,5.0,12.91,64.55
905437,7013088,31056,8.0,319.04,2552.32
905438,7008292,31260,10.0,945.98,9459.8
905439,7013884,30744,3.0,881.21,2643.63
905440,7008612,31180,10.0,306.71,3067.1
905441,7005899,30408,8.0,709.63,5677.04
905442,7006671,30246,10.0,178.34,1783.4
905443,7005500,30734,6.0,41.92,251.52
905444,7002033,30740,11.0,520.34,5723.74
905445,7006520,30206,2.0,704.72,1409.44
905446,7012978,30171,8.0,846.91,6775.28
905447,7011365,31085,1.0,517.92,517.92
905448,7011854,30753,6.0,664.97,3989.82
905449,7001573,30736,10.0,602.55,6025.5
905450,7001877,30088,12.0,633.48,7601.76
905451,7011929,30396,3.0,300.89,902.67
905452,7010008,30382,11.0,1182.2,13004.2
905453,7013812,31221,9.0,740.0,6660.0
905454,7012582,30646,9.0,716.7,6450.3
905455,7006966,30350,11.0,83.47,918.17
905456,7009510,31448,10.0,858.84,8588.4
905457,7011118,30094,3.0,238.48,715.44
905458,7003814,31208,5.0,328.51,1642.55
905459,7014115,30003,11.0,1071.88,11790.68
905460,7005709,30005,9.0,80.97,728.73
905461,7006229,30067,5.0,670.32,3351.6
905462,7000110,30651,9.0,1091.68,9825.12
905463,7002428,30527,2.0,843.87,1687.74
905464,7001705,30452,2.0,340.67,681.34
905465,7007504,30034,8.0,616.82,4934.56
905466,7007220,30825,7.0,197.19,1380.33
905467,7010754,31141,9.0,886.78,7981.02
905468,7007939,30552,11.0,825.18,9076.98
905469,7014554,30751,3.0,794.42,2383.26
905470,7013858,30912,5.0,299.48,1497.4
905471,7008794,31377,1.0,210.49,210.49
905472,7014945,30378,6.0,63.99,383.94
905473,7014190,30904,4.0,726.11,2904.44
905474,7011055,31142,9.0,800.6,7205.4
905475,7007201,30388,7.0,1055.22,7386.54
905476,7013879,30452,6.0,815.93,4895.58
905477,7001246,30324,9.0,914.52,8230.68
905478,7010541,30213,2.0,1099.88,2199.76
905479,7005009,31408,6.0,973.14,5838.84
905480,7005179,30103,8.0,1003.2,8025.6
905481,7009663,30051,2.0,700.17,1400.34
905482,7009325,31159,10.0,406.79,4067.9
905483,7010220,31467,9.0,451.56,4064.04
905484,7007392,31014,10.0,27.27,272.7
905485,7004417,30174,1.0,451.88,451.88
905486,7005906,30989,12.0,710.73,8528.76
905487,7009999,30176,3.0,1173.51,3520.53
905488,7002682,30125,12.0,445.5,5346.0
905489,7011279,30354,11.0,995.88,10954.68
905490,7014001,30998,5.0,713.32,3566.6
905491,7011972,31036,2.0,1083.46,2166.92
905492,7014956,31309,8.0,889.5,7116.0
905493,7007035,30977,12.0,747.6,8971.2
905494,7010309,30127,5.0,869.79,4348.95
905495,7000554,30597,5.0,670.6,3353.0
905496,7001979,30486,4.0,757.92,3031.68
905497,7004712,30988,12.0,781.51,9378.12
905498,7004641,30447,5.0,1175.61,5878.05
905499,7003569,31280,10.0,1126.23,11262.3
905500,7011578,30929,12.0,698.9,8386.8
905501,7007988,30901,8.0,696.13,5569.04
905502,7011638,31328,2.0,963.71,1927.42
905503,7013544,30553,7.0,667.53,4672.71
905504,7001556,30939,7.0,534.86,3744.02
905505,7001108,30531,10.0,1026.62,10266.2
905506,7001103,30385,11.0,951.59,10467.49
905507,7008355,30241,12.0,314.24,3770.88
905508,7009917,30508,3.0,417.44,1252.32
905509,7004716,30227,11.0,1008.55,11094.05
905510,7011312,31371,10.0,125.5,1255.0
905511,7010388,30563,1.0,733.87,733.87
905512,7013433,31228,9.0,860.15,7741.35
905513,7014664,31500,1.0,592.48,592.48
905514,7010239,31409,1.0,683.05,683.05
905515,7008138,30270,2.0,962.4,1924.8
905516,7004111,30329,4.0,779.48,3117.92
905517,7013014,30650,2.0,817.43,1634.86
905518,7007572,30871,7.0,575.77,4030.39
905519,7013261,30179,10.0,274.19,2741.9
905520,7011945,30655,11.0,168.11,1849.21
905521,7007633,31311,8.0,561.08,4488.64
905522,7013015,31452,7.0,867.17,6070.19
905523,7007602,30418,2.0,1353.41,2706.82
905524,7004264,30008,2.0,19.18,38.36
905525,7005630,30914,4.0,704.88,2819.52
905526,7009450,30595,9.0,294.78,2653.02
905527,7000621,30693,5.0,1049.12,5245.6
905528,7007541,30160,12.0,672.44,8069.28
905529,7009357,30879,11.0,56.9,625.9
905530,7005441,31346,11.0,59.41,653.51
905531,7011987,31218,3.0,1154.18,3462.54
905532,7011924,31451,5.0,995.02,4975.1
905533,7007889,30220,1.0,142.06,142.06
905534,7001410,30096,5.0,487.19,2435.96
905535,7002101,31301,7.0,96.34,674.38
905536,7004330,31248,6.0,197.76,1186.56
905537,7012366,31364,8.0,964.61,7716.88
905538,7001229,30146,8.0,717.1,5736.8
905539,7002202,30122,8.0,740.78,5926.24
905540,7009087,30732,11.0,671.3,7384.3
905541,7005682,30005,3.0,678.16,2034.48
905542,7006880,30224,10.0,191.96,1919.6
905543,7005339,30989,11.0,897.0,9867.0
905544,7001904,30122,12.0,776.45,9317.4
905545,7003967,30708,4.0,1062.82,4251.28
905546,7005474,30931,1.0,161.77,161.77
905547,7009660,30212,5.0,1024.71,5123.55
905548,7005561,30972,11.0,1042.59,11468.49
905549,7008681,30332,8.0,529.89,4239.12
905550,7005418,30428,7.0,204.89,1434.23
905551,7001393,30463,11.0,685.79,7543.69
905552,7012924,30741,5.0,33.1,165.5
905553,7009002,31358,10.0,184.42,1844.2
905554,7013689,30800,5.0,1170.67,5853.35
905555,7002799,30398,11.0,1167.21,12839.31
905556,7010399,31098,10.0,908.46,9084.6
905557,7007455,31164,11.0,1168.91,12858.01
905558,7007635,30218,1.0,75.02,75.02
905559,7005396,30825,9.0,427.89,3851.01
905560,7010379,30838,3.0,577.07,1731.21
905561,7012842,30954,2.0,140.55,281.1
905562,7003519,30135,12.0,86.22,1034.64
905563,7002369,30137,11.0,31.33,344.63
905564,7011830,31321,4.0,101.62,406.48
905565,7004860,30144,1.0,993.57,993.57
905566,7011454,31124,8.0,872.74,6981.92
905567,7003713,31016,8.0,38.12,304.96
905568,7007754,30381,9.0,781.79,7036.11
905569,7014090,30666,9.0,174.39,1569.51
905570,7006321,30388,8.0,1111.17,8889.36
905571,7013136,30238,11.0,332.88,3661.68
905572,7010734,30789,2.0,750.86,1501.72
905573,7000198,31369,12.0,984.86,11818.32
905574,7005091,31133,11.0,39.17,430.84
905575,7008389,31421,12.0,247.04,2964.48
905576,7014174,30879,5.0,768.58,3842.9
905577,7002197,30147,8.0,112.76,902.08
905578,7012861,30099,3.0,518.66,1555.98
905579,7002718,31247,6.0,737.12,4422.72
905580,7000817,30428,11.0,421.29,4634.19
905581,7001309,31193,10.0,975.74,9757.4
905582,7006156,30644,10.0,711.77,7117.7
905583,7013257,30148,4.0,726.18,2904.72
905584,7014549,31069,9.0,1154.0,10386.0
905585,7014491,31295,11.0,1132.44,12456.84
905586,7006538,30142,1.0,340.32,340.32
905587,7001798,31150,12.0,372.66,4471.92
905588,7009389,30316,7.0,224.93,1574.51
905589,7012083,30436,3.0,1009.03,3027.09
905590,7007189,31146,12.0,222.99,2675.88
905591,7008549,30725,1.0,813.66,813.66
905592,7000950,31160,7.0,730.75,5115.25
905593,7011272,31297,10.0,1088.0,10880.0
905594,7003343,31136,6.0,439.61,2637.66
905595,7007675,31159,6.0,106.02,636.12
905596,7002545,30652,12.0,1149.78,13797.36
905597,7007566,31410,5.0,1174.47,5872.35
905598,7007182,30207,2.0,909.11,1818.22
905599,7010103,31069,9.0,14.81,133.29
905600,7005591,30982,4.0,484.14,1936.56
905601,7001432,30296,6.0,627.8,3766.8
905602,7001205,30262,12.0,309.14,3709.68
905603,7009713,31465,11.0,481.07,5291.77
905604,7007512,31294,5.0,262.05,1310.25
905605,7002509,30807,12.0,1046.02,12552.24
905606,7013164,30420,8.0,409.82,3278.56
905607,7005785,30839,11.0,98.53,1083.83
905608,7009869,30084,10.0,713.28,7132.8
905609,7003337,31316,3.0,385.87,1157.61
905610,7014829,31300,6.0,1098.26,6589.56
905611,7000147,30238,5.0,819.65,4098.25
905612,7013181,30299,7.0,262.78,1839.46
905613,7009164,30513,12.0,641.47,7697.64
905614,7006854,30551,2.0,44.85,89.7
905615,7004086,30171,7.0,933.44,6534.08
905616,7012419,31334,1.0,512.32,512.32
905617,7004459,30329,3.0,304.43,913.29
905618,7011416,30060,7.0,1193.16,8352.12
905619,7012973,31386,8.0,827.65,6621.2
905620,7004745,30315,3.0,1184.1,3552.3
905621,7004245,30109,1.0,397.63,397.63
905622,7007907,31395,1.0,642.71,642.71
905623,7009864,30462,5.0,96.26,481.3
905624,7001552,31156,6.0,643.01,3858.06
905625,7013774,31128,5.0,326.15,1630.75
905626,7013608,30613,6.0,428.54,2571.24
905627,7012229,30889,2.0,472.31,944.62
905628,7011394,30614,12.0,988.12,11857.44
905629,7000269,30802,1.0,945.76,945.76
905630,7004421,30213,1.0,604.57,604.57
905631,7004542,30136,4.0,723.35,2893.4
905632,7004834,30511,1.0,393.79,393.79
905633,7007316,30302,6.0,739.52,4437.12
905634,7013436,31199,6.0,611.16,3666.96
905635,7002428,31030,1.0,1188.96,1188.96
905636,7011073,30874,4.0,145.02,580.08
905637,7014671,30707,8.0,406.18,3249.46
905638,7010348,30571,9.0,1144.52,10300.68
905639,7002108,31325,5.0,1072.39,5361.95
905640,7012947,30724,11.0,930.01,10230.11
905641,7001483,30563,2.0,1019.3,2038.6
905642,7014625,30041,1.0,625.8,625.8
905643,7006610,30491,6.0,159.43,956.58
905644,7009814,30523,5.0,798.4,3992.0
905645,7007363,30907,2.0,1116.71,2233.42
905646,7014888,30148,2.0,857.22,1714.44
905647,7013757,31033,5.0,425.48,2127.4
905648,7001448,30778,6.0,495.9,2975.4
905649,7008939,30562,9.0,501.82,4516.38
905650,7002514,30306,2.0,239.79,479.58
905651,7011460,30971,1.0,401.31,401.31
905652,7010563,30554,7.0,762.31,5336.17
905653,7001386,31113,4.0,945.71,3782.84
905654,7002774,31278,10.0,194.37,1943.7
905655,7012164,30102,5.0,488.64,2443.2
905656,7007931,30543,11.0,1129.39,12423.29
905657,7008844,30099,8.0,917.87,7342.96
905658,7014794,30702,5.0,127.9,639.5
905659,7000989,30945,5.0,1189.19,5945.95
905660,7001920,30652,11.0,55.9,614.9
905661,7000983,31090,7.0,706.81,4947.67
905662,7003686,31224,7.0,667.46,4672.22
905663,7007462,30215,2.0,582.84,1165.68
905664,7014523,31434,6.0,1152.66,6915.96
905665,7008000,30213,6.0,571.58,3429.48
905666,7003630,30996,11.0,1109.64,12206.04
905667,7011205,30623,8.0,617.39,4939.12
905668,7008828,30729,5.0,923.82,4619.1
905669,7004945,30067,1.0,1018.65,1018.65
905670,7006526,30231,6.0,997.47,5984.82
905671,7009374,30831,10.0,125.19,1251.9
905672,7002324,30507,2.0,575.99,1151.98
905673,7014406,30792,9.0,428.3,3854.7
905674,7006268,31303,10.0,457.09,4570.9
905675,7006393,31448,8.0,243.54,1948.32
905676,7008780,30297,9.0,917.19,8254.71
905677,7013313,30129,11.0,351.31,3864.41
905678,7001169,30079,4.0,1131.11,4524.44
905679,7012121,31270,7.0,953.42,6673.94
905680,7013855,30665,6.0,1087.61,6525.66
905681,7011925,30745,7.0,319.52,2236.64
905682,7011156,30016,5.0,524.57,2622.85
905683,7012942,31315,4.0,685.36,2741.44
905684,7002776,30330,12.0,381.42,4577.04
905685,7013573,30646,4.0,1094.36,4377.44
905686,7003733,30817,1.0,412.3,412.3
905687,7003401,30665,6.0,29.73,178.38
905688,7014999,30535,6.0,491.95,2951.7
905689,7012956,30642,1.0,164.86,164.86
905690,7014609,31281,3.0,320.22,960.66
905691,7012224,31335,6.0,189.99,1139.94
905692,7014975,30173,6.0,50.49,302.94
905693,7002802,31115,6.0,322.16,1932.96
905694,7001675,31355,1.0,391.89,391.89
905695,7011118,31268,11.0,693.84,7632.24
905696,7000155,31489,2.0,786.08,1572.16
905697,7003385,30189,7.0,495.44,3468.08
905698,7002708,31154,4.0,453.21,1812.84
905699,7008666,30364,7.0,103.11,721.77
905700,7011126,30796,8.0,369.91,2959.28
905701,7005602,30687,9.0,530.97,4778.73
905702,7005546,30175,12.0,879.3,10551.6
905703,7001100,31242,9.0,362.5,3262.5
905704,7010543,30048,3.0,505.63,1516.89
905705,7000280,31263,3.0,1100.66,3301.98
905706,7008113,30280,10.0,511.23,5112.3
905707,7008711,30555,8.0,328.53,2628.24
905708,7011936,30590,8.0,361.37,2890.96
905709,7003943,30754,2.0,910.25,1820.5
905710,7000270,30206,4.0,237.37,949.48
905711,7013317,30203,5.0,823.13,4115.65
905712,7002460,30730,4.0,1126.32,4505.28
905713,7013060,30803,2.0,965.15,1930.3
905714,7009909,31303,3.0,685.46,2056.38
905715,7007369,30281,6.0,379.89,2279.34
905716,7000500,30207,1.0,798.6,798.6
905717,7006833,30233,11.0,264.29,2907.19
905718,7002191,30601,1.0,958.37,958.37
905719,7004012,30186,2.0,117.93,235.86
905720,7011247,30485,11.0,1103.66,12140.26
905721,7014186,30352,7.0,855.28,5986.96
905722,7002006,31120,7.0,589.25,4124.75
905723,7011939,30218,1.0,319.48,319.48
905724,7004838,30354,4.0,363.84,1455.36
905725,7012846,31229,1.0,414.94,414.94
905726,7012811,31363,10.0,796.77,7967.7
905727,7008868,30308,4.0,276.06,1104.24
905728,7013743,30313,11.0,453.13,4984.43
905729,7008072,30859,5.0,878.74,4393.7
905730,7013549,30927,4.0,1044.89,4179.56
905731,7011291,31211,9.0,622.26,5600.34
905732,7007763,31320,7.0,550.71,3854.97
905733,7014146,31372,2.0,1068.98,2137.96
905734,7008009,31450,4.0,672.93,2691.72
905735,7009342,30213,6.0,34.83,208.98
905736,7000916,30050,10.0,550.66,5506.6
905737,7006890,31255,5.0,144.95,724.73
905738,7003701,31489,11.0,880.04,9680.44
905739,7010265,30992,6.0,386.87,2321.22
905740,7001528,30731,2.0,906.29,1812.58
905741,7010159,31291,6.0,436.87,2621.22
905742,7004035,31086,10.0,35.0,350.0
905743,7009143,31316,2.0,494.68,989.36
905744,7007200,30178,5.0,55.6,278.0
905745,7003552,31210,1.0,431.92,431.92
905746,7000492,31218,3.0,863.06,2589.18
905747,7009894,30660,12.0,587.82,7053.84
905748,7008866,30414,1.0,33.01,33.01
905749,7003770,30189,11.0,628.54,6913.94
905750,7007931,30425,3.0,154.35,463.05
905751,7004137,31486,2.0,595.76,1191.52
905752,7000046,30361,5.0,200.96,1004.8
905753,7014170,30562,11.0,71.2,783.2
905754,7005954,30608,2.0,843.21,1686.42
905755,7002822,31077,10.0,725.1,7251.0
905756,7007554,30675,1.0,1140.49,1140.49
905757,7008424,30100,10.0,427.86,4278.6
905758,7003887,30988,5.0,998.5,4992.5
905759,7014242,31043,5.0,596.84,2984.2
905760,7003110,30382,1.0,974.94,974.94
905761,7014012,30806,10.0,1110.93,11109.3
905762,7012661,31336,5.0,788.18,3940.92
905763,7011120,30568,11.0,387.92,4267.12
905764,7003023,30192,6.0,636.88,3821.28
905765,7012397,31307,9.0,743.81,6694.29
905766,7007955,30911,3.0,478.62,1435.86
905767,7001387,30195,8.0,274.75,2198.0
905768,7006699,30991,11.0,661.03,7271.33
905769,7002231,30291,4.0,1084.37,4337.48
905770,7005511,30051,9.0,845.69,7611.21
905771,7013827,30843,12.0,221.4,2656.8
905772,7007432,30837,1.0,615.21,615.21
905773,7006049,30674,6.0,211.03,1266.18
905774,7005979,30294,9.0,916.47,8248.23
905775,7003464,31136,3.0,429.88,1289.64
905776,7010784,30415,8.0,957.0,7656.0
905777,7011928,30978,12.0,593.36,7120.32
905778,7013410,31392,6.0,611.66,3669.96
905779,7005759,30119,10.0,71.94,719.4
905780,7004557,30092,1.0,995.83,995.83
905781,7007422,30774,5.0,903.36,4516.8
905782,7008340,30702,1.0,1014.78,1014.78
905783,7010273,30083,1.0,115.8,115.8
905784,7000030,30406,8.0,240.12,1920.96
905785,7011901,30776,10.0,88.01,880.1
905786,7007838,30626,4.0,825.5,3302.0
905787,7012689,31465,8.0,859.74,6877.92
905788,7007635,30563,5.0,975.61,4878.05
905789,7013682,31226,4.0,627.55,2510.2
905790,7013190,30817,9.0,522.64,4703.76
905791,7004343,31297,8.0,79.77,638.16
905792,7001176,30052,8.0,689.59,5516.72
905793,7013069,30814,10.0,596.04,5960.4
905794,7000438,30526,5.0,570.31,2851.55
905795,7001265,30130,7.0,1096.11,7672.77
905796,7002619,31063,3.0,341.48,1024.44
905797,7010454,30721,8.0,79.83,638.64
905798,7005332,30091,7.0,303.77,2126.39
905799,7003608,30041,3.0,861.87,2585.61
905800,7004798,30382,11.0,695.42,7649.62
905801,7000150,30743,4.0,1089.19,4356.76
905802,7000839,31106,11.0,604.39,6648.29
905803,7011987,30469,4.0,450.32,1801.28
905804,7012307,30802,9.0,885.66,7970.94
905805,7012688,31490,3.0,849.78,2549.34
905806,7006558,31371,1.0,565.12,565.12
905807,7002999,30163,8.0,836.25,6690.0
905808,7002132,31430,7.0,525.42,3677.94
905809,7002937,30295,12.0,157.44,1889.28
905810,7013985,30856,11.0,446.81,4914.91
905811,7014743,30626,5.0,1080.5,5402.5
905812,7010983,30399,2.0,697.47,1394.94
905813,7007805,30664,10.0,529.85,5298.5
905814,7002769,30436,7.0,181.18,1268.26
905815,7007053,31197,1.0,482.12,482.12
905816,7008650,30214,3.0,299.85,899.55
905817,7014422,30359,3.0,629.18,1887.54
905818,7010914,31030,5.0,521.67,2608.35
905819,7008494,30640,2.0,360.36,720.72
905820,7009160,30389,5.0,1079.36,5396.8
905821,7002620,30134,6.0,148.09,888.54
905822,7008166,30062,3.0,637.5,1912.5
905823,7005997,30973,7.0,399.89,2799.23
905824,7007590,30221,2.0,491.63,983.26
905825,7000202,31201,1.0,872.37,872.37
905826,7012189,31189,9.0,758.79,6829.11
905827,7001361,30951,11.0,296.92,3266.12
905828,7013779,31436,2.0,919.83,1839.66
905829,7007278,31362,12.0,528.52,6342.24
905830,7004967,30807,9.0,257.06,2313.54
905831,7007372,31353,3.0,698.85,2096.55
905832,7013847,31241,7.0,739.15,5174.05
905833,7011433,30600,8.0,675.57,5404.56
905834,7014594,31033,3.0,764.56,2293.68
905835,7000083,30719,2.0,270.57,541.14
905836,7011615,30249,7.0,185.84,1300.88
905837,7000317,30177,11.0,922.44,10146.84
905838,7001706,31271,9.0,810.91,7298.19
905839,7001931,30516,7.0,344.53,2411.71
905840,7002516,30936,1.0,512.73,512.73
905841,7012654,31083,12.0,681.98,8183.76
905842,7001872,31449,1.0,760.5,760.5
905843,7013215,31350,12.0,262.4,3148.74
905844,7000640,30985,2.0,821.42,1642.84
905845,7004267,31063,10.0,370.65,3706.5
905846,7010449,31274,4.0,159.83,639.32
905847,7011023,30017,7.0,906.15,6343.05
905848,7003452,30933,9.0,686.06,6174.54
905849,7014416,31364,8.0,816.78,6534.24
905850,7001118,30005,1.0,1013.64,1013.64
905851,7007929,31220,10.0,737.15,7371.5
905852,7004141,31174,11.0,233.98,2573.78
905853,7014055,30555,11.0,452.66,4979.26
905854,7002892,30078,9.0,633.87,5704.83
905855,7003381,31331,1.0,516.33,516.33
905856,7008528,30061,11.0,1008.11,11089.21
905857,7007175,30382,7.0,513.79,3596.53
905858,7004667,30908,6.0,169.05,1014.31
905859,7006387,31421,11.0,874.57,9620.27
905860,7012601,31431,1.0,960.33,960.33
905861,7000837,30330,3.0,930.31,2790.93
905862,7012773,30074,11.0,429.79,4727.69
905863,7002825,31264,2.0,164.42,328.84
905864,7010973,30900,2.0,472.65,945.3
905865,7002843,30505,9.0,309.99,2789.91
905866,7004361,30132,8.0,48.0,383.98
905867,7012409,31056,11.0,828.3,9111.3
905868,7004317,31167,4.0,332.12,1328.48
905869,7014016,30860,1.0,996.93,996.93
905870,7006490,30377,9.0,806.2,7255.8
905871,7010656,30839,10.0,765.95,7659.5
905872,7007597,31076,3.0,629.46,1888.38
905873,7003915,30029,5.0,1076.53,5382.65
905874,7010026,30284,7.0,1115.14,7805.98
905875,7001114,31362,6.0,1068.09,6408.54
905876,7005770,31183,7.0,211.54,1480.78
905877,7001304,30542,10.0,654.67,6546.7
905878,7012044,31235,11.0,968.83,10657.13
905879,7004107,30230,7.0,146.69,1026.83
905880,7007312,30983,11.0,379.92,4179.12
905881,7000324,30376,9.0,722.3,6500.7
905882,7008599,31359,2.0,800.34,1600.68
905883,7011439,30456,1.0,777.07,777.07
905884,7013942,30354,9.0,1197.13,10774.17
905885,7013108,30480,5.0,661.01,3305.05
905886,7012190,30271,2.0,705.2,1410.4
905887,7000751,30552,5.0,236.21,1181.05
905888,7003508,30439,4.0,623.34,2493.36
905889,7006252,30124,6.0,780.95,4685.7
905890,7012267,30964,10.0,869.73,8697.3
905891,7005653,30158,5.0,33.75,168.75
905892,7008557,31077,3.0,204.64,613.93
905893,7010703,30186,9.0,229.94,2069.46
905894,7012933,30613,11.0,484.4,5328.4
905895,7002428,30356,10.0,586.04,5860.4
905896,7002957,30186,12.0,336.84,4042.08
905897,7009571,31259,9.0,1186.57,10679.13
905898,7002429,30493,3.0,436.8,1310.4
905899,7010267,30202,11.0,127.91,1407.01
905900,7004335,31270,1.0,888.84,888.84
905901,7007874,30628,6.0,690.03,4140.18
905902,7008887,30908,9.0,628.35,5655.15
905903,7005191,31407,1.0,533.63,533.63
905904,7002017,30069,8.0,843.02,6744.16
905905,7011548,30757,7.0,160.47,1123.29
905906,7014196,30318,11.0,433.1,4764.1
905907,7002250,31072,1.0,574.64,574.64
905908,7012429,30400,11.0,729.01,8019.11
905909,7001191,30101,4.0,432.66,1730.64
905910,7012956,31011,3.0,762.42,2287.26
905911,7012068,30635,8.0,455.02,3640.16
905912,7008443,30860,7.0,1099.74,7698.18
905913,7008124,30354,9.0,976.08,8784.72
905914,7014586,30841,12.0,594.17,7130.04
905915,7006224,30291,11.0,1023.77,11261.47
905916,7004360,31247,8.0,227.38,1819.04
905917,7010866,30706,6.0,102.16,612.96
905918,7002625,31333,12.0,255.91,3070.92
905919,7012095,30763,12.0,158.94,1907.28
905920,7010858,30354,5.0,627.66,3138.32
905921,7001193,30072,2.0,637.98,1275.96
905922,7003413,31272,12.0,1033.73,12404.76
905923,7012925,30956,5.0,995.6,4978.0
905924,7003241,30340,7.0,752.71,5268.97
905925,7001160,30898,9.0,252.51,2272.59
905926,7004230,30736,7.0,773.77,5416.39
905927,7008982,30214,11.0,402.59,4428.49
905928,7003237,30154,9.0,616.99,5552.91
905929,7010296,30581,4.0,1198.24,4792.96
905930,7004162,30715,5.0,504.54,2522.7
905931,7013702,30212,6.0,863.68,5182.08
905932,7005241,30464,3.0,398.65,1195.95
905933,7002980,30146,10.0,869.54,8695.4
905934,7014591,31305,2.0,260.74,521.48
905935,7011582,31480,3.0,92.14,276.42
905936,7003606,31373,4.0,100.44,401.76
905937,7004233,30255,1.0,307.13,307.13
905938,7009413,30917,3.0,759.18,2277.54
905939,7012426,30143,6.0,368.43,2210.58
905940,7014613,31407,7.0,376.6,2636.2
905941,7013991,31240,11.0,317.39,3491.29
905942,7009035,31255,4.0,548.03,2192.12
905943,7003655,30489,12.0,120.49,1445.88
905944,7012661,30048,9.0,1144.95,10304.55
905945,7007853,30140,8.0,794.1,6352.8
905946,7000213,31412,1.0,901.23,901.23
905947,7001224,31040,8.0,10.68,85.44
905948,7012853,30833,2.0,487.9,975.8
905949,7007137,30725,1.0,875.49,875.49
905950,7014986,30749,9.0,705.77,6351.93
905951,7012134,30302,6.0,252.03,1512.18
905952,7005496,30455,8.0,182.52,1460.16
905953,7012513,30587,5.0,1103.0,5515.0
905954,7014674,31297,3.0,221.49,664.47
905955,7011693,31088,9.0,123.12,1108.08
905956,7007049,30667,6.0,206.73,1240.38
905957,7014220,30266,2.0,1043.81,2087.62
905958,7006294,31242,10.0,699.02,6990.2
905959,7003565,30818,9.0,532.72,4794.48
905960,7010959,30531,3.0,562.48,1687.44
905961,7001415,31202,3.0,281.74,845.22
905962,7000620,30134,12.0,184.29,2211.48
905963,7009439,30407,7.0,386.59,2706.13
905964,7014542,31460,7.0,1081.46,7570.22
905965,7010630,30629,10.0,78.5,785.0
905966,7007911,30780,6.0,356.04,2136.24
905967,7005699,30332,9.0,521.94,4697.46
905968,7008914,30272,8.0,317.91,2543.28
905969,7005547,30307,8.0,98.39,787.12
905970,7014863,30152,7.0,759.91,5319.37
905971,7008542,31276,4.0,828.62,3314.48
905972,7003830,30295,7.0,316.66,2216.62
905973,7012454,31069,4.0,562.41,2249.64
905974,7007752,30600,1.0,339.79,339.79
905975,7009734,31240,1.0,232.28,232.28
905976,7003803,30922,9.0,236.93,2132.37
905977,7007701,31011,7.0,528.54,3699.78
905978,7012880,30515,2.0,340.49,680.98
905979,7011760,30649,11.0,431.6,4747.6
905980,7012425,30396,11.0,611.08,6721.88
905981,7002108,30480,8.0,276.27,2210.16
905982,7007085,31408,8.0,568.87,4550.96
905983,7014833,31291,12.0,567.27,6807.24
905984,7012898,31395,9.0,354.9,3194.1
905985,7006123,30514,5.0,477.11,2385.55
905986,7011135,31310,8.0,200.54,1604.32
905987,7004982,30930,8.0,1048.9,8391.2
905988,7005046,30275,4.0,183.33,733.32
905989,7013259,30333,9.0,370.16,3331.44
905990,7000955,30596,4.0,894.06,3576.24
905991,7001809,30593,7.0,1070.86,7496.02
905992,7008558,30089,9.0,329.6,2966.4
905993,7005933,31322,11.0,385.87,4244.57
905994,7012642,30200,8.0,944.27,7554.16
905995,7011361,30752,3.0,771.47,2314.41
905996,7004471,31141,2.0,777.17,1554.34
905997,7004500,30019,10.0,562.88,5628.8
905998,7012667,30321,11.0,699.07,7689.77
905999,7011398,30884,8.0,166.36,1330.88
906000,7007126,30542,9.0,496.48,4468.32
906001,7009161,30745,10.0,343.22,3432.2
906002,7012064,30872,10.0,1137.89,11378.9
906003,7007344,30378,12.0,58.64,703.68
906004,7008784,30976,7.0,228.48,1599.36
906005,7013843,30951,2.0,681.55,1363.1
906006,7006201,30986,2.0,98.64,197.28
906007,7002224,30400,7.0,776.75,5437.25
906008,7001866,30753,8.0,701.86,5614.88
906009,8000005,30466,12.0,541.63,6499.56
906010,7002133,30905,3.0,202.19,606.57
906011,7004511,30992,1.0,314.04,314.04
906012,7001048,31487,9.0,656.52,5908.68
906013,7005059,30576,7.0,19.96,139.72
906014,7008945,30123,6.0,73.88,443.28
906015,7007894,30088,10.0,973.86,9738.6
906016,7011291,30915,9.0,517.11,4653.99
906017,7009056,31091,9.0,759.04,6831.36
906018,7007060,30927,2.0,276.59,553.18
906019,7005197,31360,8.0,999.61,7996.88
906020,7002034,30460,12.0,1167.45,14009.4
906021,7013301,30472,3.0,865.58,2596.74
906022,7008004,30208,5.0,162.41,812.05
906023,7009438,30986,10.0,604.09,6040.9
906024,7012209,30592,8.0,1111.2,8889.6
906025,7012891,30844,8.0,784.15,6273.2
906026,7007572,30931,4.0,384.59,1538.36
906027,7011878,31449,5.0,87.66,438.3
906028,7002231,30862,11.0,360.38,3964.18
906029,7000015,31217,3.0,996.45,2989.35
906030,7010329,30100,4.0,144.9,579.6
906031,7006292,31099,2.0,925.96,1851.92
906032,7001200,30285,6.0,259.41,1556.46
906033,7013140,30838,2.0,1060.87,2121.74
906034,7012205,30834,4.0,1053.05,4212.2
906035,7006481,31489,7.0,322.77,2259.39
906036,7001297,30420,2.0,1000.02,2000.04
906037,7009518,30234,2.0,1027.01,2054.02
906038,7002959,31000,12.0,32.08,384.96
906039,7001330,30676,8.0,417.12,3336.96
906040,7012628,31107,10.0,670.34,6703.4
906041,7009082,30453,11.0,450.35,4953.85
906042,7005467,30338,11.0,144.58,1590.38
906043,7011252,30650,2.0,725.6,1451.2
906044,7010333,31429,6.0,420.24,2521.44
906045,7000202,30345,1.0,702.08,702.08
906046,7002351,31069,7.0,786.56,5505.92
906047,7012468,30923,7.0,322.46,2257.22
906048,7003090,30699,5.0,905.78,4528.9
906049,7007827,31296,1.0,833.61,833.61
906050,7006966,30330,4.0,1046.96,4187.84
906051,7003455,31094,5.0,47.91,239.55
906052,7006140,31137,7.0,905.07,6335.49
906053,7010531,30358,6.0,32.92,197.52
906054,7014293,30101,11.0,451.43,4965.73
906055,7008393,30721,5.0,643.96,3219.8
906056,7001732,30696,3.0,1151.97,3455.91
906057,7002208,30573,1.0,648.53,648.53
906058,7008480,30701,10.0,26.28,262.8
906059,7005319,30887,1.0,253.8,253.8
906060,7011276,30198,4.0,35.11,140.44
906061,7012426,30182,1.0,461.66,461.66
906062,7009356,30559,1.0,382.02,382.02
906063,7004553,30412,2.0,325.45,650.9
906064,7009852,31345,8.0,274.6,2196.8
906065,7009973,30816,2.0,415.77,831.54
906066,7014397,31453,8.0,292.77,2342.16
906067,7010900,31212,5.0,637.87,3189.35
906068,7014964,30892,12.0,589.49,7073.88
906069,7000594,30973,12.0,573.15,6877.8
906070,7004128,30569,12.0,1125.7,13508.4
906071,7002077,31145,11.0,1172.32,12895.52
906072,7002657,30514,9.0,153.73,1383.57
906073,7009597,30666,2.0,18.1,36.2
906074,7005374,30065,11.0,175.11,1926.17
906075,7009864,31332,3.0,268.42,805.26
906076,7004192,30253,9.0,599.12,5392.08
906077,7014892,30066,12.0,535.25,6423.0
906078,7001151,30414,6.0,918.15,5508.9
906079,7007158,30289,11.0,1105.7,12162.7
906080,7006416,30632,2.0,927.4,1854.8
906081,7007480,31274,6.0,392.92,2357.52
906082,7000681,30294,11.0,938.56,10324.16
906083,7007329,30902,8.0,1188.18,9505.44
906084,7008815,30702,3.0,341.61,1024.83
906085,7010482,30620,11.0,317.88,3496.68
906086,7006789,30840,10.0,717.19,7171.9
906087,7013622,31392,2.0,237.5,475.0
906088,7003916,30236,6.0,446.72,2680.32
906089,7010770,31184,3.0,436.5,1309.5
906090,7010798,30167,7.0,684.84,4793.88
906091,7004714,31434,3.0,701.59,2104.77
906092,7002320,31134,1.0,516.0,516.0
906093,7001419,30191,2.0,1146.97,2293.94
906094,7014711,31484,5.0,376.4,1882.0
906095,7011646,30998,6.0,42.05,252.3
906096,7013811,30388,6.0,1014.67,6088.02
906097,7000456,30150,3.0,390.02,1170.06
906098,7007640,30937,6.0,978.98,5873.88
906099,7002141,31451,4.0,175.68,702.72
906100,7001137,30732,6.0,1152.4,6914.4
906101,7003836,31357,6.0,819.49,4916.94
906102,7001541,30014,10.0,571.64,5716.4
906103,7009610,31168,3.0,680.42,2041.26
906104,7010395,30295,6.0,1176.1,7056.6
906105,7009395,31209,11.0,847.66,9324.26
906106,7011181,30288,4.0,938.44,3753.76
906107,7009615,30953,5.0,1171.46,5857.3
906108,7001243,31291,8.0,592.62,4740.96
906109,7006898,31118,7.0,655.21,4586.47
906110,7009789,30421,3.0,1051.79,3155.37
906111,7009555,30876,7.0,376.29,2634.03
906112,7012216,31021,8.0,1029.18,8233.44
906113,7005191,31337,2.0,752.0,1504.0
906114,7004553,30855,10.0,246.7,2467.0
906115,7000469,30493,4.0,294.63,1178.52
906116,7002078,30809,5.0,667.03,3335.15
906117,7001921,30465,3.0,979.93,2939.79
906118,7007276,30886,10.0,616.89,6168.9
906119,7001477,30368,7.0,371.78,2602.46
906120,7007191,30420,9.0,1028.56,9257.04
906121,7008475,31035,5.0,524.54,2622.7
906122,7013537,31250,12.0,1109.13,13309.56
906123,7011169,30066,4.0,111.31,445.24
906124,7006705,30971,9.0,680.04,6120.36
906125,7009516,30076,7.0,611.76,4282.32
906126,7000669,30400,11.0,792.49,8717.39
906127,7012591,30802,10.0,110.87,1108.7
906128,7007865,30253,12.0,1111.83,13341.96
906129,7004358,30105,12.0,492.82,5913.84
906130,7013203,30961,7.0,46.04,322.28
906131,7013786,31475,12.0,617.02,7404.24
906132,7009543,30739,2.0,1062.37,2124.74
906133,7009006,30786,6.0,902.78,5416.68
906134,7007497,30384,1.0,677.12,677.12
906135,7008705,30950,2.0,583.13,1166.26
906136,7006252,31238,6.0,169.18,1015.08
906137,7002812,30824,8.0,1064.12,8512.96
906138,7003659,30337,12.0,355.07,4260.84
906139,7010183,31171,12.0,866.66,10399.92
906140,7004369,30027,1.0,625.71,625.71
906141,7006071,30225,6.0,869.47,5216.82
906142,7007477,31027,1.0,688.09,688.09
906143,7000650,30186,4.0,451.66,1806.64
906144,7009241,30315,6.0,310.78,1864.68
906145,7002395,30741,2.0,1070.9,2141.8
906146,7002611,31043,2.0,986.35,1972.7
906147,7002997,30065,7.0,401.28,2808.96
906148,7013651,30052,11.0,211.44,2325.84
906149,7002096,30714,1.0,390.64,390.64
906150,7011056,30679,7.0,662.23,4635.61
906151,7003966,31495,5.0,825.51,4127.55
906152,7007781,30451,11.0,775.12,8526.32
906153,7013306,30033,4.0,521.19,2084.76
906154,7004087,30675,5.0,551.57,2757.85
906155,7000988,30036,10.0,143.52,1435.2
906156,7007405,30695,12.0,596.45,7157.4
906157,7011552,30666,7.0,193.45,1354.15
906158,7009269,31314,5.0,992.01,4960.05
906159,7013869,31267,3.0,218.56,655.68
906160,7008957,30127,11.0,176.81,1944.91
906161,7014931,30681,10.0,40.69,406.9
906162,7013833,31184,10.0,944.56,9445.6
906163,7011281,30618,7.0,213.14,1491.98
906164,7012553,30629,9.0,586.17,5275.53
906165,7001089,30057,12.0,785.76,9429.12
906166,7010748,30599,8.0,760.1,6080.8
906167,7010696,30572,6.0,976.32,5857.92
906168,7003466,30565,6.0,667.86,4007.16
906169,7013126,31003,1.0,836.62,836.62
906170,7003484,30687,6.0,599.45,3596.7
906171,7014086,30875,1.0,491.89,491.89
906172,7002033,30700,8.0,512.94,4103.56
906173,7001403,30663,1.0,272.75,272.75
906174,7004013,30801,6.0,1183.31,7099.86
906175,7005004,30596,5.0,709.59,3547.95
906176,7003241,30363,2.0,205.81,411.62
906177,7014664,31104,8.0,530.65,4245.2
906178,7006171,30114,4.0,520.19,2080.76
906179,7011713,31194,10.0,1165.2,11652.0
906180,7010140,31310,12.0,256.62,3079.44
906181,7014089,31132,5.0,757.3,3786.5
906182,7005316,31442,8.0,584.82,4678.56
906183,7007301,30192,8.0,833.06,6664.48
906184,7001694,30095,2.0,214.85,429.7
906185,7004622,31499,3.0,669.07,2007.21
906186,7001066,30845,1.0,925.42,925.42
906187,7002660,30846,1.0,483.08,483.08
906188,7014081,31434,10.0,828.83,8288.3
906189,7002724,30743,10.0,881.53,8815.25
906190,7011208,30163,11.0,34.76,382.34
906191,7002480,30964,3.0,715.04,2145.12
906192,7010298,30126,8.0,593.67,4749.36
906193,7004397,31341,12.0,264.99,3179.88
906194,7007310,30469,2.0,985.99,1971.98
906195,7003112,30492,11.0,515.47,5670.17
906196,7006391,31183,5.0,257.39,1286.95
906197,7007373,31308,9.0,541.19,4870.71
906198,7006155,30455,5.0,112.59,562.95
906199,7001717,30870,6.0,851.18,5107.08
906200,7003203,30519,11.0,1022.01,11242.11
906201,7010317,30850,10.0,1140.87,11408.7
906202,7002826,31277,12.0,1021.64,12259.68
906203,7012886,30472,1.0,286.69,286.69
906204,7011683,30696,6.0,1135.4,6812.4
906205,7001741,30154,10.0,195.23,1952.3
906206,7013452,31403,9.0,356.62,3209.58
906207,7005353,30814,6.0,40.96,245.76
906208,7005909,31473,9.0,982.38,8841.42
906209,7010878,31411,4.0,742.08,2968.34
906210,7001047,30660,10.0,850.85,8508.5
906211,7011083,30722,9.0,972.01,8748.09
906212,7009467,31028,6.0,85.92,515.52
906213,7010077,31344,8.0,820.67,6565.36
906214,7001488,30554,9.0,741.18,6670.66
906215,7005143,30396,9.0,903.45,8131.05
906216,7001993,31048,8.0,457.99,3663.92
906217,7010290,31291,7.0,726.92,5088.44
906218,7011908,30616,10.0,586.82,5868.2
906219,7007202,31432,7.0,923.42,6463.94
906220,7001183,30663,12.0,38.21,458.52
906221,7008103,30021,5.0,1014.98,5074.9
906222,7008254,31336,1.0,767.22,767.22
906223,7004866,30575,2.0,244.02,488.04
906224,7007238,30444,7.0,716.42,5014.94
906225,7000454,30303,6.0,516.78,3100.68
906226,7007996,30232,5.0,1090.74,5453.7
906227,7008497,30099,9.0,861.85,7756.65
906228,7007838,30868,5.0,426.1,2130.5
906229,7002308,31393,7.0,804.33,5630.31
906230,7010932,31177,4.0,637.13,2548.52
906231,7001123,31244,1.0,136.49,136.49
906232,7005586,30902,8.0,538.72,4309.76
906233,7009848,30580,1.0,447.36,447.36
906234,7007079,30622,12.0,1170.05,14040.6
906235,7009833,30240,7.0,801.3,5609.1
906236,7002942,31426,5.0,567.52,2837.6
906237,7004383,30184,1.0,281.38,281.38
906238,7009171,31007,2.0,1114.8,2229.6
906239,7006849,31218,7.0,646.16,4523.12
906240,7011855,31318,12.0,837.38,10048.56
906241,7007638,30479,5.0,813.64,4068.2
906242,7013039,30949,12.0,491.98,5903.76
906243,7002591,30982,3.0,276.96,830.88
906244,7004440,30896,6.0,17.25,103.5
906245,7004722,30762,1.0,100.58,100.58
906246,7007121,31363,3.0,515.87,1547.61
906247,7003480,31458,6.0,584.47,3506.82
906248,7011373,31008,12.0,924.86,11098.32
906249,7002292,30100,1.0,100.45,100.45
906250,7002471,31416,7.0,471.09,3297.63
906251,7001736,31018,4.0,1182.92,4731.68
906252,7005476,30049,11.0,421.84,4640.24
906253,7009961,30302,3.0,852.89,2558.67
906254,7004256,31441,2.0,1199.81,2399.62
906255,7002957,31282,8.0,183.02,1464.16
906256,7013021,31140,3.0,696.79,2090.37
906257,7005009,31143,9.0,452.12,4069.08
906258,7005923,30153,4.0,483.01,1932.04
906259,7007218,30702,12.0,1008.24,12098.88
906260,7003396,31170,2.0,640.37,1280.74
906261,7012254,31320,4.0,670.02,2680.08
906262,7013578,30619,7.0,95.79,670.53
906263,7006318,31385,12.0,1107.0,13284.0
906264,7012258,30404,5.0,1123.58,5617.9
906265,7002924,30099,5.0,460.01,2300.05
906266,7001446,30117,1.0,974.63,974.63
906267,7004168,30936,5.0,522.72,2613.6
906268,7007940,31443,5.0,1065.29,5326.45
906269,7002124,30490,7.0,713.31,4993.17
906270,7008434,31106,12.0,1081.42,12977.04
906271,7001615,30072,8.0,45.36,362.88
906272,7002769,30177,11.0,75.07,825.77
906273,7001273,30143,2.0,1054.91,2109.82
906274,7014212,30465,6.0,915.84,5495.04
906275,7005838,30481,12.0,587.48,7049.76
906276,7001511,30824,7.0,710.3,4972.1
906277,7006692,31237,4.0,197.04,788.16
906278,7013069,31215,7.0,739.82,5178.74
906279,7012957,31251,11.0,636.21,6998.31
906280,7007680,30023,6.0,710.03,4260.18
906281,7014052,30474,10.0,200.23,2002.3
906282,7003876,30177,4.0,350.78,1403.12
906283,7003208,31056,12.0,473.27,5679.24
906284,7003445,30175,3.0,1116.09,3348.27
906285,7013930,30009,9.0,243.68,2193.12
906286,7014411,30850,1.0,229.61,229.61
906287,7014301,31498,7.0,305.9,2141.3
906288,7001159,31122,2.0,895.53,1791.06
906289,7002744,30311,3.0,1177.8,3533.4
906290,7003027,30635,4.0,1128.59,4514.36
906291,7014362,30364,4.0,69.6,278.4
906292,7010553,31128,5.0,238.79,1193.95
906293,7012377,30789,3.0,262.73,788.19
906294,7004562,30695,12.0,1113.89,13366.68
906295,7014052,30991,5.0,730.28,3651.4
906296,7000559,30305,5.0,1009.38,5046.9
906297,7003776,30341,11.0,338.83,3727.13
906298,7012981,31296,4.0,293.54,1174.16
906299,7010985,31341,4.0,440.32,1761.28
906300,7009391,30104,12.0,30.02,360.24
906301,7004809,30457,6.0,47.79,286.74
906302,7001243,30237,5.0,754.94,3774.72
906303,7012679,30199,8.0,445.31,3562.48
906304,7003137,31257,11.0,727.11,7998.21
906305,7013772,31323,3.0,362.11,1086.33
906306,7007238,31329,8.0,1026.72,8213.76
906307,7000105,30698,4.0,1092.42,4369.68
906308,7001082,30134,2.0,100.29,200.58
906309,7014159,30213,5.0,668.12,3340.6
906310,7014643,30105,12.0,397.61,4771.32
906311,7005078,30548,8.0,625.86,5006.92
906312,7001077,31475,2.0,64.68,129.36
906313,7007004,30701,1.0,455.61,455.61
906314,7004281,30658,2.0,47.19,94.38
906315,7008156,30374,4.0,974.25,3897.0
906316,7010703,31393,8.0,289.1,2312.8
906317,7012109,30076,9.0,321.07,2889.63
906318,7003655,31122,6.0,60.82,364.92
906319,7011374,30657,3.0,476.37,1429.11
906320,7000775,30305,5.0,1048.38,5241.9
906321,7009368,30994,9.0,126.85,1141.65
906322,7007840,31472,10.0,1034.95,10349.5
906323,7006052,31140,5.0,548.57,2742.85
906324,7003658,31012,4.0,903.32,3613.28
906325,7002011,30918,5.0,951.77,4758.85
906326,7007717,31308,4.0,616.24,2464.96
906327,7009507,30181,5.0,716.74,3583.7
906328,7008473,30827,1.0,487.78,487.78
906329,7006148,30588,2.0,382.87,765.74
906330,7008686,30343,10.0,117.27,1172.7
906331,7002635,31255,5.0,125.05,625.25
906332,7005336,30677,2.0,106.37,212.74
906333,7011588,30837,4.0,815.73,3262.92
906334,7001087,31435,7.0,99.7,697.9
906335,7013023,30357,7.0,113.27,792.89
906336,7004636,30794,4.0,886.15,3544.6
906337,7005473,30945,6.0,499.06,2994.36
906338,7010723,30446,4.0,962.94,3851.76
906339,7007752,30319,9.0,52.66,473.94
906340,7005105,31222,2.0,875.61,1751.22
906341,7010702,30793,12.0,681.58,8178.96
906342,7007291,30872,1.0,213.41,213.41
906343,7012755,30044,10.0,448.4,4484.0
906344,7009825,31198,4.0,608.75,2435.0
906345,7010073,30448,3.0,887.55,2662.65
906346,7000308,30448,7.0,915.35,6407.45
906347,7014681,30025,5.0,662.48,3312.4
906348,7014997,31385,1.0,1189.0,1189.0
906349,7009459,30892,9.0,313.58,2822.22
906350,7001618,30836,5.0,61.52,307.6
906351,7004284,30522,4.0,925.74,3702.96
906352,7012638,30571,12.0,43.68,524.16
906353,7003864,31174,6.0,707.91,4247.46
906354,7004912,30880,9.0,237.67,2139.03
906355,7014219,31379,12.0,844.4,10132.8
906356,7012741,30834,7.0,967.25,6770.75
906357,7007996,30901,11.0,722.76,7950.36
906358,7009063,30145,10.0,876.6,8766.0
906359,7003705,31300,7.0,694.96,4864.72
906360,7013956,30559,7.0,209.87,1469.09
906361,7002292,30796,2.0,1114.76,2229.52
906362,7008137,31149,3.0,231.62,694.86
906363,7012085,30618,4.0,825.68,3302.72
906364,7010546,30597,4.0,808.3,3233.2
906365,7013306,31115,9.0,616.49,5548.41
906366,7005084,30030,3.0,710.98,2132.94
906367,7005665,30390,6.0,1123.37,6740.22
906368,7013541,31368,5.0,580.79,2903.95
906369,7001888,31143,7.0,98.64,690.48
906370,7010428,30287,11.0,429.96,4729.56
906371,7006683,30086,7.0,750.32,5252.24
906372,7014234,30581,8.0,1111.73,8893.84
906373,7001790,30754,7.0,927.37,6491.59
906374,7010452,30194,8.0,13.44,107.52
906375,7014975,31329,11.0,692.9,7621.9
906376,7011066,30675,7.0,1040.79,7285.53
906377,7010951,31122,11.0,144.62,1590.82
906378,7000235,31207,5.0,768.36,3841.8
906379,7008575,31326,12.0,354.68,4256.16
906380,7012876,31348,3.0,277.16,831.48
906381,7002346,30923,3.0,883.14,2649.42
906382,7008601,31044,6.0,692.83,4156.98
906383,7008634,30197,5.0,277.92,1389.6
906384,7010577,30972,7.0,746.77,5227.39
906385,7001433,30198,2.0,453.56,907.12
906386,7004374,31091,3.0,495.01,1485.03
906387,7011511,30183,12.0,1143.0,13716.0
906388,7007446,30019,3.0,222.78,668.34
906389,7013555,30463,6.0,150.58,903.48
906390,7004688,30174,7.0,1046.37,7324.59
906391,7010221,31106,5.0,858.78,4293.9
906392,7013535,31280,8.0,711.86,5694.88
906393,7010165,30573,6.0,260.9,1565.4
906394,7002434,31117,6.0,477.63,2865.78
906395,7012798,31325,7.0,592.27,4145.89
906396,7009110,31143,9.0,280.55,2524.95
906397,7007873,30467,10.0,367.64,3676.4
906398,7003194,31103,12.0,1172.36,14068.32
906399,7014496,31207,6.0,299.02,1794.12
906400,7013208,31291,9.0,531.09,4779.81
906401,7009726,30824,8.0,539.63,4317.04
906402,7013392,30014,3.0,1167.56,3502.68
906403,7011157,30299,12.0,204.24,2450.88
906404,7006419,30536,10.0,388.96,3889.6
906405,7014128,30888,11.0,132.15,1453.65
906406,7006316,30172,12.0,68.2,818.4
906407,7007010,30352,7.0,922.62,6458.34
906408,7007343,30929,3.0,838.04,2514.12
906409,7010079,30888,3.0,681.69,2045.07
906410,7008252,30055,6.0,850.48,5102.88
906411,7003152,30694,11.0,923.61,10159.71
906412,7008401,30155,1.0,1054.73,1054.73
906413,7008976,31424,7.0,1142.16,7995.12
906414,7003189,31011,4.0,925.79,3703.16
906415,7003719,31086,7.0,480.96,3366.72
906416,7013101,31036,5.0,736.52,3682.6
906417,7005884,30633,4.0,26.02,104.07
906418,7000410,30603,3.0,1129.61,3388.83
906419,7008365,31190,8.0,1139.38,9115.04
906420,7005741,30327,9.0,1005.11,9045.99
906421,7008015,31083,9.0,263.14,2368.26
906422,7007120,30215,2.0,729.0,1458.0
906423,7013299,30942,7.0,731.3,5119.1
906424,7008133,30365,2.0,726.94,1453.88
906425,7011017,30972,8.0,1119.81,8958.48
906426,7014851,31305,4.0,168.93,675.72
906427,7003930,30154,10.0,458.77,4587.7
906428,7013952,31090,2.0,685.95,1371.9
906429,7005013,31055,11.0,105.65,1162.15
906430,7007789,31364,10.0,1039.3,10393.0
906431,7006625,31309,10.0,1106.0,11060.0
906432,7005585,30886,2.0,587.45,1174.9
906433,7011377,31072,2.0,128.58,257.16
906434,7002725,30763,1.0,278.55,278.55
906435,7005001,31268,12.0,968.43,11621.16
906436,7011046,31221,8.0,442.51,3540.08
906437,7005896,30712,4.0,154.96,619.84
906438,7002035,30764,2.0,1061.44,2122.88
906439,7005524,30872,5.0,831.36,4156.8
906440,7002256,30122,11.0,1034.9,11383.9
906441,7009480,30267,2.0,41.63,83.26
906442,7003875,30986,2.0,87.68,175.36
906443,7009209,31348,8.0,569.49,4555.92
906444,7013446,31322,10.0,176.13,1761.3
906445,7006987,31039,4.0,891.83,3567.32
906446,7013510,31049,5.0,676.51,3382.55
906447,7002568,30895,11.0,649.18,7140.98
906448,7007692,31046,2.0,142.03,284.06
906449,7007098,30785,5.0,707.09,3535.45
906450,7003915,30642,9.0,1159.51,10435.59
906451,7014173,31150,1.0,557.08,557.08
906452,7009339,30160,1.0,132.13,132.13
906453,7014989,30696,10.0,94.87,948.7
906454,7010199,30594,8.0,772.16,6177.28
906455,7014197,31036,5.0,320.08,1600.4
906456,7004048,31315,3.0,37.15,111.45
906457,7004008,30754,12.0,279.78,3357.36
906458,7014912,30046,2.0,589.55,1179.1
906459,7010849,30412,5.0,222.72,1113.6
906460,7014295,30450,5.0,929.5,4647.5
906461,7009119,31172,9.0,877.9,7901.1
906462,7013970,30205,3.0,321.82,965.46
906463,7002484,30684,3.0,82.67,248.01
906464,7000380,30778,12.0,1132.8,13593.6
906465,7007376,31469,8.0,314.54,2516.32
906466,7006852,30571,8.0,151.07,1208.56
906467,7011297,31390,1.0,396.98,396.98
906468,7000892,30588,7.0,817.23,5720.61
906469,7010106,31491,4.0,331.3,1325.2
906470,7006373,30277,3.0,182.43,547.29
906471,7009840,31438,6.0,822.04,4932.24
906472,7008313,30531,4.0,1175.44,4701.76
906473,7009948,30726,7.0,474.1,3318.7
906474,7004213,30169,6.0,942.11,5652.66
906475,7000128,30294,6.0,68.11,408.66
906476,7011860,30418,6.0,349.08,2094.48
906477,7004276,30751,7.0,38.41,268.87
906478,7001020,30574,6.0,858.19,5149.14
906479,7010007,30272,11.0,413.6,4549.6
906480,7012699,31201,8.0,730.78,5846.24
906481,7011131,31308,4.0,225.5,902.0
906482,7013264,30377,9.0,381.41,3432.69
906483,7011983,30971,5.0,429.74,2148.7
906484,7013785,30408,11.0,735.66,8092.26
906485,7010405,31404,6.0,612.68,3676.08
906486,7010552,30028,11.0,1182.89,13011.79
906487,7008165,31176,9.0,340.26,3062.34
906488,7003352,30473,2.0,526.27,1052.54
906489,7013764,30109,5.0,91.52,457.6
906490,7009182,30719,1.0,404.87,404.87
906491,7004019,31131,2.0,1183.26,2366.52
906492,7007198,31034,9.0,751.02,6759.18
906493,7011900,31396,9.0,353.08,3177.71
906494,7009373,30601,3.0,762.36,2287.1
906495,7010335,30551,11.0,818.8,9006.8
906496,7012582,30577,3.0,1179.32,3537.96
906497,7008284,30146,5.0,292.83,1464.15
906498,7007669,30906,10.0,520.83,5208.3
906499,7002614,30375,4.0,633.89,2535.56
906500,7007822,30745,2.0,109.05,218.1
906501,7000343,30917,8.0,35.05,280.4
906502,7000372,30776,9.0,1127.67,10149.03
906503,7003811,30673,4.0,873.29,3493.16
906504,7001310,31441,3.0,931.71,2795.13
906505,7009684,30149,7.0,1180.73,8265.11
906506,7007768,30878,9.0,671.03,6039.22
906507,7006365,30689,11.0,687.75,7565.25
906508,7013561,31413,11.0,413.3,4546.3
906509,7011250,30460,8.0,514.04,4112.32
906510,7010377,31186,6.0,574.1,3444.6
906511,7014017,30568,11.0,414.2,4556.2
906512,7006630,31382,4.0,823.67,3294.68
906513,7014414,30732,4.0,1012.8,4051.2
906514,7003214,30047,9.0,464.51,4180.59
906515,7007674,31464,11.0,551.2,6063.2
906516,7013045,30921,4.0,55.82,223.28
906517,7012810,30296,8.0,1150.23,9201.84
906518,7012213,30203,3.0,574.33,1722.99
906519,7007170,30293,3.0,947.65,2842.95
906520,7006278,31298,10.0,248.02,2480.2
906521,7004402,30228,7.0,481.03,3367.21
906522,7001513,31471,9.0,74.02,666.18
906523,7004258,30483,9.0,1079.89,9719.01
906524,7005869,30893,4.0,701.78,2807.12
906525,7013075,31463,12.0,525.66,6307.92
906526,7006472,30176,12.0,824.47,9893.64
906527,7014197,30008,1.0,1097.82,1097.82
906528,7002508,31412,5.0,685.76,3428.8
906529,7010959,31254,7.0,550.01,3850.07
906530,7013281,30260,5.0,561.66,2808.3
906531,7013593,30441,7.0,1117.58,7823.06
906532,7005630,31281,10.0,178.76,1787.6
906533,7013619,31247,5.0,175.94,879.7
906534,7000198,31462,5.0,607.72,3038.6
906535,7005947,30306,9.0,1092.18,9829.62
906536,7008102,30672,4.0,149.58,598.34
906537,7014767,30609,10.0,814.88,8148.8
906538,7011360,30226,9.0,1045.55,9409.95
906539,7006692,30321,1.0,596.09,596.09
906540,7005333,31217,7.0,781.52,5470.64
906541,7002645,30743,5.0,50.06,250.3
906542,7002547,31102,7.0,263.68,1845.76
906543,7014311,30678,5.0,1039.41,5197.05
906544,7009413,30922,5.0,531.47,2657.35
906545,7007781,30489,5.0,688.04,3440.2
906546,7013908,31488,5.0,809.48,4047.4
906547,7010414,30350,1.0,418.59,418.59
906548,7003257,30765,7.0,1157.2,8100.4
906549,7014867,31147,6.0,889.43,5336.58
906550,7003052,31443,6.0,205.92,1235.52
906551,7011806,30706,8.0,259.44,2075.52
906552,7006375,31370,1.0,93.26,93.26
906553,7003373,30574,5.0,515.73,2578.65
906554,7013247,30829,5.0,1113.21,5566.05
906555,7008322,30704,2.0,455.37,910.74
906556,7014091,31458,9.0,335.44,3018.96
906557,7003999,30497,5.0,42.28,211.4
906558,7009652,30932,8.0,1199.57,9596.56
906559,7003342,30360,1.0,318.97,318.97
906560,7012525,30228,6.0,58.5,350.99
906561,7003073,30870,4.0,539.03,2156.12
906562,7001739,30501,5.0,613.62,3068.1
906563,7011109,31432,7.0,531.07,3717.49
906564,7003441,30636,3.0,748.16,2244.48
906565,7007637,31222,7.0,772.4,5406.8
906566,7001739,30157,5.0,60.05,300.25
906567,7000587,30859,2.0,902.91,1805.82
906568,7014648,30797,1.0,829.86,829.86
906569,7005724,31492,4.0,1147.64,4590.56
906570,7005298,30511,9.0,1182.62,10643.58
906571,7009460,30506,11.0,75.1,826.1
906572,7009001,31422,9.0,406.36,3657.24
906573,7005429,31473,8.0,960.24,7681.92
906574,7011997,30643,11.0,735.61,8091.71
906575,7005945,30804,4.0,569.55,2278.2
906576,7011235,30252,7.0,273.39,1913.73
906577,7003070,30167,7.0,72.67,508.69
906578,7001183,31284,3.0,984.01,2952.03
906579,7003575,30465,7.0,205.86,1441.02
906580,7014553,30167,5.0,566.98,2834.9
906581,7007197,31472,7.0,38.27,267.89
906582,7005765,30928,4.0,589.1,2356.4
906583,7000837,30578,2.0,917.92,1835.84
906584,7002953,30007,4.0,497.57,1990.28
906585,7008405,31135,4.0,328.87,1315.48
906586,7009024,30045,4.0,774.58,3098.32
906587,7000939,30100,1.0,807.7,807.7
906588,7012182,31326,12.0,41.55,498.6
906589,7004286,30130,9.0,242.25,2180.25
906590,7011794,30833,5.0,1053.66,5268.3
906591,7012610,30611,12.0,571.35,6856.2
906592,7006390,30029,12.0,436.86,5242.32
906593,7013875,30440,4.0,164.81,659.24
906594,7003209,30704,1.0,422.41,422.41
906595,7005462,30037,12.0,809.57,9714.84
906596,7005456,30242,10.0,562.46,5624.6
906597,7010898,31010,3.0,47.07,141.21
906598,7009720,31425,2.0,201.85,403.7
906599,7001776,30009,3.0,1108.76,3326.28
906600,7005182,31161,9.0,486.04,4374.36
906601,7007073,31297,7.0,585.67,4099.69
906602,7012998,31420,6.0,417.34,2504.04
906603,7002723,30241,7.0,106.96,748.72
906604,7002756,30584,3.0,544.4,1633.2
906605,7011270,30469,10.0,541.33,5413.3
906606,7006974,30954,2.0,158.17,316.34
906607,7007605,30784,3.0,923.56,2770.68
906608,7003566,30325,10.0,658.83,6588.3
906609,7013535,30332,12.0,474.97,5699.64
906610,7013890,31200,1.0,388.68,388.68
906611,7007676,30606,2.0,668.86,1337.72
906612,7006049,30508,6.0,1088.06,6528.36
906613,7008031,30356,3.0,855.41,2566.23
906614,7011637,30325,1.0,488.85,488.85
906615,7004038,30797,10.0,107.63,1076.3
906616,7001292,31409,1.0,1167.09,1167.09
906617,7010397,30704,2.0,532.33,1064.66
906618,7012824,31206,4.0,969.17,3876.68
906619,7006366,31292,6.0,541.19,3247.14
906620,7002197,30610,7.0,574.38,4020.66
906621,7010878,30971,2.0,295.15,590.3
906622,7012826,30195,3.0,667.99,2003.97
906623,7007755,30781,12.0,772.95,9275.4
906624,7002865,31243,1.0,682.64,682.64
906625,7006711,30414,8.0,142.27,1138.16
906626,7005687,31323,8.0,355.03,2840.24
906627,7000476,30270,12.0,952.72,11432.64
906628,7003036,30730,7.0,231.96,1623.72
906629,7008077,30109,4.0,1038.59,4154.36
906630,7013520,30862,11.0,528.53,5813.83
906631,7006837,31099,3.0,492.28,1476.84
906632,7006893,30015,8.0,752.58,6020.64
906633,7010955,31222,2.0,544.77,1089.54
906634,7013785,30677,8.0,888.04,7104.32
906635,7006067,30914,7.0,415.06,2905.42
906636,7013154,31179,9.0,550.02,4950.18
906637,7012107,30066,7.0,719.72,5038.04
906638,7011054,31070,3.0,765.75,2297.25
906639,7000481,31385,8.0,553.73,4429.84
906640,7013743,30716,12.0,684.71,8216.52
906641,7006409,31152,6.0,493.72,2962.32
906642,7014271,30599,11.0,62.62,688.82
906643,7000648,31452,11.0,292.93,3222.23
906644,7003519,30837,10.0,725.96,7259.6
906645,7005522,30665,9.0,47.31,425.79
906646,7014660,31132,1.0,460.6,460.6
906647,7004316,31051,8.0,669.54,5356.32
906648,7000107,31348,5.0,765.81,3829.05
906649,7012401,30342,1.0,347.1,347.1
906650,7007847,30682,10.0,1172.31,11723.1
906651,7012217,30015,9.0,310.36,2793.24
906652,7009848,31108,5.0,672.95,3364.75
906653,7011579,30227,10.0,322.75,3227.54
906654,7014234,30178,6.0,377.26,2263.56
906655,7007560,30061,1.0,53.02,53.02
906656,7013886,30404,10.0,149.79,1497.9
906657,7002894,31256,5.0,548.54,2742.7
906658,7006965,30008,10.0,1157.97,11579.7
906659,7007806,30490,12.0,1126.48,13517.76
906660,7012597,30873,12.0,164.74,1976.93
906661,7002255,31344,7.0,592.3,4146.1
906662,7012430,30438,6.0,38.26,229.56
906663,7013019,30869,6.0,497.25,2983.5
906664,7006946,30564,5.0,932.36,4661.8
906665,7010610,30300,7.0,1054.92,7384.44
906666,7014965,31268,2.0,1191.8,2383.6
906667,7007161,30595,12.0,480.85,5770.2
906668,7005303,30477,10.0,446.68,4466.8
906669,7010336,30280,6.0,1000.92,6005.52
906670,7000469,31104,5.0,991.88,4959.4
906671,7014832,30454,4.0,1100.69,4402.76
906672,7000157,30704,12.0,1037.48,12449.76
906673,7005289,31211,5.0,79.31,396.55
906674,7010501,30978,4.0,1185.85,4743.4
906675,7009449,30447,12.0,1191.23,14294.76
906676,7009448,30461,9.0,233.01,2097.09
906677,7007661,30262,3.0,58.07,174.21
906678,7006647,30232,4.0,787.34,3149.36
906679,7014929,30872,9.0,498.08,4482.72
906680,7003782,30255,7.0,39.85,278.95
906681,7007399,31153,12.0,349.77,4197.24
906682,7012170,30063,9.0,448.64,4037.76
906683,7000202,30709,1.0,255.98,255.98
906684,7001081,30343,5.0,1053.23,5266.15
906685,7001969,30057,10.0,707.29,7072.9
906686,7013879,30919,6.0,444.48,2666.88
906687,7013120,30171,9.0,801.86,7216.74
906688,7004960,30665,12.0,703.48,8441.76
906689,7004903,30844,1.0,1079.36,1079.36
906690,7013746,30836,4.0,116.45,465.8
906691,7000440,30162,12.0,275.77,3309.24
906692,7001975,30311,9.0,1101.99,9917.91
906693,7012460,30517,6.0,481.06,2886.36
906694,7013817,31232,8.0,31.17,249.36
906695,7011008,30001,12.0,765.1,9181.2
906696,7011569,30540,4.0,273.74,1094.96
906697,7011520,30277,9.0,71.89,647.01
906698,7002700,30926,1.0,257.03,257.03
906699,7003155,30751,3.0,152.49,457.47
906700,7003612,30281,3.0,970.58,2911.74
906701,7013331,31191,4.0,415.46,1661.84
906702,7006498,30231,4.0,407.14,1628.56
906703,7012566,31373,7.0,572.79,4009.53
906704,7010523,30799,1.0,956.48,956.48
906705,7004437,30889,6.0,44.3,265.8
906706,7007198,30968,7.0,714.95,5004.65
906707,7011463,30986,6.0,1124.88,6749.28
906708,7003435,30453,10.0,930.58,9305.8
906709,7007516,30966,2.0,613.01,1226.02
906710,7006727,30783,3.0,514.75,1544.25
906711,7005963,31327,11.0,682.97,7512.67
906712,7013272,31182,12.0,645.0,7740.06
906713,7006999,31351,12.0,517.01,6204.12
906714,7008349,30614,7.0,273.25,1912.75
906715,7009480,30672,7.0,330.0,2310.0
906716,7013623,30702,2.0,1099.44,2198.88
906717,7000993,30769,10.0,477.78,4777.8
906718,7011255,31242,4.0,813.72,3254.88
906719,7011584,31151,4.0,555.52,2222.08
906720,7007700,30664,3.0,326.73,980.19
906721,7007373,30801,7.0,492.85,3449.95
906722,7012002,30878,3.0,125.33,375.99
906723,7010378,31408,10.0,585.86,5858.6
906724,7005808,31494,2.0,731.86,1463.72
906725,7003976,30397,6.0,286.59,1719.54
906726,7005951,30429,9.0,69.52,625.68
906727,7012664,31388,6.0,62.91,377.46
906728,7007890,30506,3.0,682.35,2047.05
906729,7013411,31428,3.0,168.71,506.13
906730,7013140,30056,12.0,679.66,8155.92
906731,7000109,30128,2.0,146.58,293.16
906732,7014324,31385,8.0,1050.79,8406.32
906733,7011799,30993,8.0,744.18,5953.44
906734,7006547,31120,7.0,1123.2,7862.4
906735,7008898,30686,10.0,1197.55,11975.5
906736,7011871,30676,10.0,400.75,4007.5
906737,7013925,30066,4.0,572.57,2290.28
906738,7009441,30269,8.0,18.84,150.72
906739,7009316,30273,4.0,312.64,1250.58
906740,7004893,30047,8.0,693.72,5549.76
906741,7000082,30928,8.0,1084.81,8678.48
906742,7007959,30349,1.0,1088.65,1088.65
906743,7008559,30650,10.0,218.76,2187.6
906744,7011699,30049,10.0,1013.88,10138.8
906745,7004338,30315,9.0,797.28,7175.52
906746,7008482,30470,7.0,404.13,2828.91
906747,7006904,31019,3.0,1047.25,3141.75
906748,7004909,30121,6.0,992.82,5956.92
906749,7010153,30602,1.0,1049.73,1049.73
906750,7006215,30244,10.0,1189.81,11898.1
906751,7005412,31069,5.0,494.59,2472.95
906752,7002132,30875,3.0,1101.49,3304.47
906753,7010974,30300,8.0,1098.2,8785.6
906754,7007414,30155,3.0,27.38,82.14
906755,7001236,30712,10.0,141.07,1410.7
906756,7005776,30623,5.0,317.43,1587.15
906757,7000454,30836,4.0,781.37,3125.48
906758,7011054,31249,1.0,601.72,601.72
906759,7002549,31076,5.0,1039.18,5195.9
906760,7011355,30894,12.0,496.87,5962.44
906761,7000029,30037,3.0,376.56,1129.68
906762,7003738,30640,6.0,635.17,3811.02
906763,7008034,31214,1.0,742.23,742.23
906764,7008755,30483,5.0,1157.74,5788.7
906765,7010962,30085,12.0,113.81,1365.72
906766,7002407,30515,2.0,414.42,828.84
906767,7007089,30527,6.0,936.44,5618.64
906768,7011108,31132,8.0,1091.14,8729.12
906769,7013674,31278,7.0,458.25,3207.75
906770,7010499,30686,8.0,436.16,3489.28
906771,7007225,30166,6.0,553.59,3321.54
906772,7005944,30265,11.0,815.5,8970.5
906773,7000059,31054,11.0,1030.12,11331.32
906774,7012536,31048,8.0,396.63,3173.04
906775,7002527,30600,11.0,388.88,4277.68
906776,7001900,30883,3.0,929.74,2789.22
906777,7006837,30830,12.0,246.93,2963.16
906778,7014652,30114,9.0,987.11,8883.99
906779,7006658,30736,1.0,48.53,48.53
906780,7012220,30179,4.0,236.9,947.6
906781,7006420,30996,8.0,841.65,6733.2
906782,7009416,30542,5.0,399.96,1999.8
906783,7012828,31204,12.0,321.98,3863.76
906784,7014207,30149,10.0,402.92,4029.2
906785,7000996,30748,2.0,1077.2,2154.4
906786,7001485,30893,9.0,818.25,7364.25
906787,7001433,30920,11.0,761.83,8380.13
906788,7001503,30241,6.0,410.61,2463.66
906789,7000215,31015,1.0,636.3,636.3
906790,7000419,30709,4.0,938.98,3755.92
906791,7010806,31275,1.0,570.38,570.38
906792,7009165,31216,8.0,657.91,5263.28
906793,7010533,30386,9.0,280.16,2521.44
906794,7014029,30480,1.0,905.02,905.02
906795,7000150,30579,4.0,836.23,3344.92
906796,7008567,30687,12.0,601.69,7220.28
906797,7013119,30514,4.0,1172.05,4688.2
906798,7006809,30717,9.0,912.25,8210.25
906799,7004536,31005,4.0,115.41,461.64
906800,7012338,30417,9.0,396.93,3572.37
906801,7013779,31491,9.0,640.77,5766.93
906802,7008318,30161,4.0,693.96,2775.84
906803,7007808,30538,6.0,834.39,5006.34
906804,7003134,31103,6.0,757.85,4547.1
906805,7014043,30486,4.0,1103.92,4415.68
906806,7010611,31142,11.0,1061.45,11675.95
906807,7007466,30233,8.0,186.36,1490.88
906808,7014836,30093,4.0,228.34,913.36
906809,7004228,30418,6.0,597.92,3587.52
906810,7002552,30670,2.0,562.85,1125.7
906811,7006506,30736,6.0,420.72,2524.32
906812,7002098,30702,6.0,895.28,5371.68
906813,7006559,30722,4.0,730.9,2923.6
906814,7003489,31071,8.0,415.5,3324.0
906815,7010544,31203,6.0,883.88,5303.28
906816,7013466,30786,12.0,240.31,2883.72
906817,7003681,30708,11.0,340.94,3750.34
906818,7011665,30085,6.0,286.06,1716.36
906819,7012663,31082,12.0,1190.47,14285.64
906820,7004334,30184,3.0,695.76,2087.28
906821,7004744,31367,1.0,288.68,288.68
906822,7009385,30766,3.0,955.88,2867.64
906823,7004378,30429,12.0,34.06,408.72
906824,7008950,30849,9.0,989.83,8908.47
906825,7008097,31125,12.0,410.22,4922.64
906826,7010797,30845,11.0,873.51,9608.61
906827,7010358,30766,4.0,894.96,3579.84
906828,7012231,30395,2.0,927.55,1855.1
906829,7006600,30800,8.0,921.51,7372.08
906830,7000286,30042,1.0,726.47,726.47
906831,7013640,30691,12.0,425.52,5106.24
906832,7003342,30926,2.0,252.0,504.0
906833,7006051,30272,12.0,445.16,5341.92
906834,7002502,30898,6.0,472.36,2834.16
906835,7009004,31260,9.0,1081.04,9729.36
906836,7012524,31441,3.0,994.49,2983.47
906837,7011762,30258,2.0,992.07,1984.14
906838,7014720,30182,10.0,416.45,4164.5
906839,7001140,30590,7.0,534.89,3744.23
906840,7009756,30607,10.0,717.73,7177.3
906841,7009813,31415,2.0,1670.88,3341.75
906842,7004823,31431,5.0,328.79,1643.95
906843,7008794,30404,5.0,1150.21,5751.05
906844,7005864,30974,1.0,168.9,168.9
906845,7002571,30051,2.0,755.23,1510.46
906846,7011331,30664,10.0,833.38,8333.8
906847,7005875,30130,11.0,241.61,2657.71
906848,7009421,30247,11.0,1017.82,11196.02
906849,7009696,30739,2.0,829.83,1659.66
906850,7001456,30251,6.0,476.76,2860.56
906851,7004744,30336,7.0,335.95,2351.65
906852,7001386,30690,9.0,632.35,5691.15
906853,7001701,30265,6.0,536.98,3221.88
906854,7011009,30177,3.0,983.13,2949.39
906855,7010939,30245,3.0,483.38,1450.12
906856,7000755,30751,10.0,346.65,3466.5
906857,7007883,30609,3.0,74.47,223.41
906858,7007140,31063,11.0,83.73,921.03
906859,7005810,30197,11.0,77.0,847.0
906860,7001474,30914,10.0,1056.0,10560.0
906861,7006517,30932,4.0,504.73,2018.92
906862,7011610,31244,11.0,497.21,5469.31
906863,7010039,30252,10.0,176.44,1764.4
906864,7013947,30500,7.0,1142.09,7994.63
906865,7009963,30481,8.0,1184.61,9476.88
906866,7007047,30171,11.0,836.12,9197.32
906867,7005305,31225,4.0,659.03,2636.12
906868,7011890,30524,10.0,803.52,8035.2
906869,7013707,30610,10.0,574.38,5743.8
906870,7011664,30810,6.0,422.95,2537.7
906871,7001009,30631,5.0,716.06,3580.3
906872,7000101,30469,9.0,336.86,3031.74
906873,7002749,31152,8.0,947.45,7579.6
906874,7001626,30737,12.0,578.21,6938.52
906875,7008278,31478,3.0,723.49,2170.47
906876,7002523,30237,11.0,921.48,10136.28
906877,7010443,31353,1.0,1011.54,1011.54
906878,7000801,30518,9.0,163.94,1475.47
906879,7001107,30930,2.0,767.15,1534.3
906880,7006545,31355,5.0,481.17,2405.85
906881,7010126,31161,3.0,367.27,1101.81
906882,7005997,30135,8.0,488.44,3907.52
906883,7009191,30875,10.0,314.72,3147.2
906884,7001337,30276,1.0,3142.09,3142.09
906885,7009482,31448,9.0,33.38,300.45
906886,7014119,30481,2.0,321.94,643.88
906887,7012781,30220,12.0,1072.59,12871.08
906888,7004119,31233,10.0,1021.61,10216.1
906889,7002197,31405,4.0,454.6,1818.4
906890,7000562,30904,2.0,791.93,1583.86
906891,7012666,31247,3.0,320.66,961.98
906892,7002674,31451,10.0,964.63,9646.3
906893,7010660,31208,10.0,518.44,5184.4
906894,7000361,30759,4.0,679.95,2719.8
906895,7011445,30960,9.0,258.69,2328.21
906896,7011755,30306,7.0,255.83,1790.81
906897,7012977,30565,8.0,57.04,456.32
906898,7000135,31020,7.0,710.21,4971.47
906899,7010118,30424,10.0,665.31,6653.1
906900,7008233,31067,9.0,726.77,6540.93
906901,7014391,30956,7.0,1079.99,7559.93
906902,7006562,30953,1.0,219.72,219.72
906903,7000426,30424,10.0,464.11,4641.1
906904,7000459,30700,5.0,338.42,1692.09
906905,7012333,30343,2.0,476.84,953.68
906906,7001782,31470,11.0,911.38,10025.18
906907,7009188,30445,9.0,264.44,2379.96
906908,7000323,30499,1.0,391.78,391.78
906909,7009183,31415,11.0,954.11,10495.21
906910,7006405,30908,7.0,593.07,4151.49
906911,7002126,31322,8.0,263.13,2105.04
906912,7006625,31109,4.0,43.73,174.92
906913,7009627,30907,10.0,153.27,1532.7
906914,7014823,30759,9.0,951.06,8559.54
906915,7011756,31307,4.0,418.24,1672.96
906916,7006722,31319,1.0,1136.91,1136.91
906917,7012411,30710,10.0,1030.56,10305.6
906918,7013484,31381,7.0,344.93,2414.51
906919,7001005,30712,2.0,978.26,1956.52
906920,7009532,31222,8.0,446.36,3570.88
906921,7010474,31079,9.0,271.71,2445.36
906922,7011029,30911,1.0,1034.16,1034.16
906923,7003705,30984,2.0,672.3,1344.6
906924,7011772,30873,10.0,264.84,2648.4
906925,7008141,30906,4.0,611.02,2444.08
906926,7003852,30899,2.0,145.74,291.48
906927,7000511,30209,3.0,603.8,1811.4
906928,7002110,31418,5.0,1036.77,5183.85
906929,7003330,31151,1.0,615.78,615.78
906930,7000690,30374,6.0,197.19,1183.14
906931,7014040,30308,8.0,786.76,6294.08
906932,7008673,30079,12.0,67.07,804.84
906933,7001531,30058,3.0,158.5,475.5
906934,7008707,30242,7.0,785.57,5498.99
906935,7008815,30714,5.0,624.55,3122.75
906936,7007122,30092,9.0,614.89,5534.01
906937,7008960,31336,6.0,339.68,2038.08
906938,7011939,30896,7.0,1112.77,7789.39
906939,7006227,30462,7.0,361.88,2533.16
906940,7001671,30195,8.0,176.76,1414.08
906941,7004599,31138,6.0,411.56,2469.36
906942,7000452,31377,6.0,803.81,4822.86
906943,7013977,30878,1.0,733.33,733.33
906944,7011039,30771,3.0,714.43,2143.29
906945,7011391,31448,6.0,559.12,3354.72
906946,7012266,30010,2.0,1100.21,2200.42
906947,7004690,31204,7.0,551.46,3860.22
906948,7003784,30371,4.0,552.48,2209.92
906949,7011191,31101,10.0,961.95,9619.5
906950,7012145,31321,6.0,887.87,5327.22
906951,7009555,31026,3.0,308.67,926.01
906952,7008109,31109,12.0,670.58,8046.96
906953,7014506,30033,9.0,991.5,8923.5
906954,7008159,31251,3.0,974.46,2923.38
906955,7005171,30740,10.0,1012.48,10124.8
906956,7003103,30670,5.0,425.93,2129.65
906957,7013594,30675,10.0,266.03,2660.3
906958,7004746,30864,11.0,191.28,2104.08
906959,7009266,31048,4.0,787.46,3149.84
906960,7002672,30418,6.0,659.8,3958.8
906961,7012068,30202,3.0,194.92,584.76
906962,7000317,30656,5.0,117.69,588.45
906963,7007707,30120,11.0,961.74,10579.14
906964,7011791,31332,1.0,79.91,79.91
906965,7005357,30948,5.0,964.9,4824.5
906966,7014498,30190,10.0,764.17,7641.7
906967,7004556,30162,8.0,414.87,3318.96
906968,7011891,31194,6.0,475.23,2851.38
906969,7002713,30898,7.0,761.04,5327.28
906970,7003021,31344,7.0,511.65,3581.55
906971,7004284,30505,1.0,1048.7,1048.7
906972,7011626,30413,6.0,60.39,362.34
906973,7006729,30422,7.0,112.55,787.85
906974,7011885,30648,5.0,550.12,2750.6
906975,7001835,30264,12.0,946.66,11359.92
906976,7013853,30292,6.0,565.56,3393.36
906977,7000718,31223,11.0,912.88,10041.68
906978,7003623,31039,3.0,612.05,1836.15
906979,7014979,31264,4.0,739.7,2958.8
906980,7003297,30873,12.0,897.8,10773.6
906981,7004151,30352,11.0,1162.22,12784.42
906982,7006831,30720,1.0,350.92,350.92
906983,7012727,31387,8.0,290.93,2327.44
906984,7014058,30383,6.0,821.27,4927.62
906985,7014401,31281,2.0,699.13,1398.26
906986,7011551,30013,7.0,1180.33,8262.31
906987,7014753,31096,10.0,685.65,6856.5
906988,7013164,31350,4.0,480.25,1921.0
906989,7003847,30496,2.0,100.35,200.7
906990,7013687,30395,1.0,939.03,939.03
906991,7012305,30536,11.0,1120.59,12326.49
906992,7013717,30856,9.0,1180.06,10620.54
906993,7004451,30527,11.0,671.84,7390.24
906994,7008331,31008,9.0,1093.19,9838.71
906995,7006553,31328,6.0,899.62,5397.72
906996,7003725,30754,10.0,927.05,9270.5
906997,7011750,31008,9.0,756.71,6810.39
906998,7006100,31333,10.0,977.59,9775.9
906999,7008391,31129,1.0,705.27,705.27
907000,7003508,31279,8.0,1021.92,8175.36
907001,7001431,30724,8.0,519.78,4158.24
907002,7007943,31495,7.0,1183.92,8287.44
907003,7011019,30819,3.0,16.92,50.76
907004,7006042,30929,5.0,368.94,1844.7
907005,7003962,30984,10.0,780.85,7808.5
907006,7003958,31256,6.0,552.18,3313.08
907007,7005486,30373,3.0,994.48,2983.44
907008,7000508,31113,11.0,83.47,918.17
907009,7006583,30529,11.0,658.2,7240.2
907010,7014318,31179,6.0,82.59,495.54
907011,7002611,31445,3.0,985.73,2957.19
907012,7008506,30419,2.0,1109.44,2218.88
907013,7001130,30062,6.0,691.47,4148.82
907014,7007323,30732,10.0,572.51,5725.1
907015,7000902,31131,3.0,412.45,1237.35
907016,7000180,30195,2.0,652.91,1305.82
907017,7002033,30428,11.0,661.07,7271.77
907018,7007969,30203,10.0,200.78,2007.8
907019,7006063,31212,11.0,783.02,8613.22
907020,7013773,30150,8.0,422.26,3378.08
907021,7006949,30266,11.0,504.35,5547.85
907022,7004854,31044,9.0,742.38,6681.42
907023,7011289,30930,11.0,818.38,9002.18
907024,7008725,30489,12.0,81.67,980.04
907025,7013772,31416,4.0,975.94,3903.76
907026,7007988,30679,11.0,445.38,4899.18
907027,7014086,30456,7.0,1078.37,7548.59
907028,7012978,30106,6.0,984.7,5908.2
907029,7013018,30160,1.0,689.28,689.28
907030,7000623,30146,1.0,1050.86,1050.86
907031,7010105,30734,11.0,597.13,6568.43
907032,7001416,30648,4.0,126.82,507.28
907033,7007908,30809,1.0,715.54,715.54
907034,7013319,30744,8.0,1014.19,8113.52
907035,7008936,31066,5.0,345.94,1729.7
907036,7006226,31326,6.0,16.39,98.34
907037,7005762,30402,6.0,96.7,580.2
907038,7007850,31330,1.0,392.17,392.17
907039,7004977,30095,8.0,90.6,724.8
907040,7010099,30475,8.0,201.61,1612.88
907041,7014243,30745,10.0,723.93,7239.3
907042,7011821,30897,8.0,658.27,5266.16
907043,7004872,30419,11.0,177.71,1954.81
907044,7001609,30771,9.0,1145.6,10310.4
907045,7001608,30955,4.0,27.09,108.36
907046,7000657,30822,7.0,836.47,5855.29
907047,7003648,31099,11.0,492.28,5415.08
907048,7010655,31313,7.0,1169.56,8186.92
907049,7011211,30070,1.0,1174.02,1174.02
907050,7009135,30950,7.0,908.78,6361.46
907051,7006653,30910,3.0,1050.54,3151.62
907052,7002061,30403,7.0,767.72,5374.04
907053,7008090,30441,9.0,917.43,8256.87
907054,7011256,31286,5.0,803.28,4016.4
907055,7002075,31066,8.0,737.18,5897.44
907056,7005096,30980,1.0,431.58,431.58
907057,7012323,30264,3.0,1039.53,3118.59
907058,7008725,30673,11.0,1147.82,12626.02
907059,7001564,30432,1.0,618.05,618.05
907060,7003097,30216,6.0,628.06,3768.36
907061,7001821,30260,12.0,1183.85,14206.2
907062,7002262,31440,5.0,316.27,1581.35
907063,7013600,31272,6.0,178.3,1069.8
907064,7000083,30392,1.0,424.56,424.56
907065,7013333,31201,4.0,322.4,1289.6
907066,7004899,30844,8.0,484.8,3878.4
907067,7006753,30025,1.0,419.46,419.46
907068,7011857,31034,3.0,252.35,757.05
907069,7005634,31046,5.0,1165.32,5826.6
907070,7003697,30283,11.0,290.38,3194.18
907071,7008143,31072,1.0,1183.45,1183.45
907072,7001496,30955,12.0,20.05,240.6
907073,7002006,30914,10.0,1110.27,11102.7
907074,7000257,31159,4.0,1077.28,4309.12
907075,7010104,30067,12.0,733.96,8807.52
907076,7008511,30188,9.0,314.0,2826.0
907077,7009806,31391,6.0,103.34,620.04
907078,7008162,31373,9.0,1115.93,10043.37
907079,7007728,31068,2.0,916.35,1832.7
907080,7004745,31171,9.0,113.08,1017.72
907081,7005126,30136,12.0,121.83,1461.96
907082,7007081,30346,7.0,322.45,2257.15
907083,7001915,30945,12.0,594.39,7132.68
907084,7007466,30858,1.0,501.45,501.45
907085,7002244,31345,3.0,796.21,2388.63
907086,7011031,30341,3.0,125.56,376.68
907087,7001993,30727,1.0,63.25,63.25
907088,7014687,30387,9.0,1111.13,10000.17
907089,7003030,31381,12.0,942.06,11304.72
907090,7011109,31219,2.0,681.83,1363.66
907091,7005554,30017,4.0,878.4,3513.6
907092,7000695,30092,1.0,1149.12,1149.12
907093,7009266,31176,5.0,97.89,489.45
907094,7002448,30428,1.0,502.16,502.16
907095,7010491,30642,6.0,20.26,121.56
907096,7010176,30565,1.0,258.15,258.15
907097,7012463,30826,5.0,231.06,1155.3
907098,7011769,30101,7.0,444.56,3111.92
907099,7011203,30971,9.0,429.74,3867.66
907100,7013555,31497,8.0,203.14,1625.12
907101,7003442,30312,8.0,44.64,357.12
907102,7014425,31251,3.0,800.95,2402.85
907103,7005394,30957,2.0,588.06,1176.12
907104,7003025,30584,5.0,530.58,2652.9
907105,7006044,31345,12.0,191.69,2300.28
907106,7011115,30011,12.0,1089.98,13079.76
907107,7009511,30993,2.0,1142.87,2285.74
907108,7001580,30743,11.0,1175.65,12932.15
907109,7010822,31427,9.0,434.95,3914.55
907110,7010021,30366,8.0,194.52,1556.16
907111,7002067,30355,6.0,615.15,3690.9
907112,7005533,31235,3.0,23.41,70.23
907113,7014201,30240,10.0,886.52,8865.2
907114,7006900,30961,2.0,530.87,1061.74
907115,7010908,31380,4.0,421.95,1687.8
907116,7001892,31008,9.0,597.29,5375.61
907117,7006914,30048,2.0,594.89,1189.78
907118,7011546,31500,10.0,674.01,6740.1
907119,7012928,30164,1.0,623.78,623.78
907120,7003094,30186,10.0,836.7,8367.0
907121,7008107,30314,3.0,1169.6,3508.8
907122,7010027,30046,9.0,958.36,8625.24
907123,7010187,31460,3.0,443.11,1329.33
907124,7013535,30557,10.0,930.3,9303.0
907125,7011511,30822,11.0,16.11,177.21
907126,7013114,31437,9.0,292.66,2633.94
907127,7010300,31294,10.0,355.79,3557.9
907128,7006436,30027,9.0,1119.59,10076.31
907129,7003468,31178,8.0,172.9,1383.2
907130,7013588,30420,7.0,953.77,6676.39
907131,7014831,31382,11.0,997.07,10967.77
907132,7000477,30464,6.0,1124.06,6744.36
907133,7004027,30023,9.0,419.29,3773.61
907134,7004467,30030,10.0,359.86,3598.6
907135,7013261,31132,4.0,97.37,389.48
907136,7014269,31443,11.0,121.79,1339.69
907137,7012124,30225,9.0,1086.1,9774.9
907138,7011723,31059,6.0,304.44,1826.64
907139,7007172,31498,12.0,709.78,8517.36
907140,7011763,31410,5.0,317.15,1585.75
907141,7006922,30909,8.0,166.71,1333.68
907142,7009237,30145,4.0,1149.53,4598.12
907143,7001058,30655,5.0,871.7,4358.5
907144,7011934,30098,12.0,765.34,9184.08
907145,7000404,30926,12.0,469.34,5632.08
907146,7002573,31196,9.0,1159.02,10431.18
907147,7002344,31373,12.0,1035.68,12428.16
907148,7014361,30553,12.0,1032.47,12389.64
907149,7009531,30219,2.0,757.65,1515.3
907150,7008357,30487,2.0,589.94,1179.88
907151,7003189,30465,1.0,152.58,152.58
907152,7014678,31330,12.0,938.64,11263.68
907153,7014385,30871,5.0,326.02,1630.1
907154,7001538,30925,1.0,393.9,393.9
907155,7014434,31475,5.0,1062.01,5310.05
907156,7007545,30294,3.0,736.13,2208.39
907157,7007415,30583,3.0,835.99,2507.97
907158,7012596,30699,5.0,867.95,4339.75
907159,7010468,30861,10.0,968.71,9687.1
907160,7008418,30309,11.0,1040.68,11447.48
907161,7002788,31260,7.0,1153.42,8073.94
907162,7003449,31479,8.0,801.69,6413.52
907163,7008658,30425,3.0,891.75,2675.25
907164,7010946,31459,5.0,202.96,1014.8
907165,7008650,30155,1.0,151.92,151.92
907166,7005580,31486,10.0,482.91,4829.1
907167,7003535,30975,7.0,293.27,2052.89
907168,7005622,30822,12.0,1069.94,12839.28
907169,7006130,30657,3.0,1179.32,3537.96
907170,7001347,30577,9.0,477.91,4301.19
907171,7014037,30373,8.0,605.06,4840.48
907172,7014029,30856,3.0,853.44,2560.32
907173,7011174,31221,1.0,40.13,40.13
907174,7000372,31356,11.0,401.12,4412.32
907175,7006814,31191,11.0,548.56,6034.16
907176,7002068,30795,5.0,691.23,3456.15
907177,7003028,30706,5.0,976.13,4880.65
907178,7014250,30038,6.0,416.97,2501.82
907179,7014766,30818,12.0,154.39,1852.68
907180,7006218,30310,8.0,347.61,2780.88
907181,7014942,31269,8.0,677.14,5417.12
907182,7007702,31492,9.0,79.74,717.67
907183,7004235,31184,3.0,124.88,374.64
907184,7010623,31224,11.0,1137.64,12514.04
907185,7003593,31143,4.0,1031.76,4127.04
907186,7010050,31160,7.0,890.52,6233.64
907187,7000256,30926,1.0,591.65,591.65
907188,7009397,30423,1.0,1093.01,1093.01
907189,7002307,31313,4.0,70.24,280.96
907190,7014600,31345,2.0,23.09,46.18
907191,7009138,30372,11.0,947.41,10421.51
907192,7013390,30910,10.0,727.8,7278.0
907193,7007658,30855,9.0,488.8,4399.2
907194,7011674,30698,3.0,859.43,2578.3
907195,7012257,30672,3.0,614.57,1843.71
907196,7008744,30816,2.0,55.96,111.92
907197,7000254,30474,10.0,114.64,1146.4
907198,7011808,30662,4.0,711.47,2845.88
907199,7007410,31236,9.0,232.56,2093.04
907200,7003172,30276,7.0,443.91,3107.37
907201,7000437,30627,12.0,700.92,8411.04
907202,7005514,30130,3.0,712.88,2138.64
907203,7011046,30743,9.0,351.46,3163.14
907204,7001312,30762,7.0,1019.73,7138.11
907205,7012607,31369,5.0,52.05,260.25
907206,7006773,30565,12.0,287.23,3446.76
907207,7009238,31365,6.0,914.32,5485.92
907208,7013639,30416,6.0,53.05,318.3
907209,7014686,31457,10.0,867.62,8676.2
907210,7006806,30449,12.0,602.87,7234.44
907211,7006658,31097,2.0,1116.77,2233.54
907212,7000803,31300,4.0,108.47,433.88
907213,7010937,30700,9.0,816.06,7344.54
907214,7002470,31100,3.0,163.44,490.32
907215,7014900,31436,7.0,291.51,2040.57
907216,7004641,31103,6.0,552.36,3314.16
907217,7006067,31368,3.0,920.37,2761.11
907218,7005710,31416,3.0,1141.76,3425.28
907219,7000283,30943,6.0,193.92,1163.52
907220,7007059,31021,3.0,1061.7,3185.1
907221,7004432,30149,3.0,594.72,1784.16
907222,7004364,30913,8.0,1132.41,9059.28
907223,7014525,30707,3.0,215.98,647.94
907224,7014035,30268,11.0,351.75,3869.25
907225,7001083,30908,10.0,781.13,7811.3
907226,7012627,30327,5.0,901.94,4509.7
907227,7014930,30404,5.0,953.98,4769.9
907228,7003329,31037,5.0,472.68,2363.4
907229,7006859,31215,5.0,631.57,3157.85
907230,7012887,30367,4.0,319.62,1278.5
907231,7012114,31108,8.0,1002.87,8022.96
907232,7009628,31118,3.0,1059.32,3177.96
907233,7010052,30402,2.0,650.58,1301.16
907234,7006462,30874,10.0,722.24,7222.4
907235,7000132,30596,10.0,675.68,6756.8
907236,7011315,30524,6.0,890.47,5342.82
907237,7008850,31014,8.0,1137.38,9099.04
907238,7009135,30537,1.0,301.49,301.49
907239,7009445,30895,5.0,790.27,3951.35
907240,7011546,31371,8.0,587.09,4696.72
907241,7010338,31480,6.0,128.19,769.14
907242,7007702,30310,7.0,94.04,658.3
907243,7004299,30560,8.0,998.69,7989.52
907244,7005778,31063,6.0,952.22,5713.32
907245,7010698,31261,1.0,806.43,806.43
907246,7009372,30219,8.0,639.48,5115.84
907247,7001986,30654,2.0,958.8,1917.6
907248,7006194,30652,9.0,315.14,2836.26
907249,7013062,30796,4.0,1067.67,4270.68
907250,7000434,30583,8.0,266.71,2133.68
907251,7001151,31084,5.0,816.77,4083.85
907252,7012712,30178,10.0,472.18,4721.8
907253,7008236,31345,8.0,666.56,5332.48
907254,7003296,31354,4.0,250.86,1003.44
907255,7000016,31309,10.0,459.09,4590.9
907256,7002676,30373,12.0,233.31,2799.72
907257,7008673,30290,4.0,594.27,2377.08
907258,7002764,30516,6.0,187.28,1123.68
907259,7009349,31145,3.0,933.06,2799.18
907260,7001897,30632,7.0,838.92,5872.44
907261,7009228,30650,11.0,1139.1,12530.1
907262,7013446,30051,9.0,829.63,7466.67
907263,7000790,30520,11.0,652.51,7177.61
907264,7011279,31316,12.0,697.24,8366.88
907265,7011855,30035,10.0,614.82,6148.2
907266,7009747,30599,11.0,913.92,10053.12
907267,7001380,31296,3.0,991.37,2974.11
907268,7013293,31197,4.0,87.89,351.56
907269,7008243,30034,1.0,1021.02,1021.02
907270,7010328,30703,3.0,173.83,521.49
907271,7007914,30135,6.0,931.83,5590.98
907272,7003278,30516,1.0,308.16,308.16
907273,7014581,31405,9.0,153.82,1384.38
907274,7010698,31250,10.0,126.45,1264.5
907275,7008704,30785,8.0,1042.72,8341.76
907276,7008071,30189,10.0,846.76,8467.6
907277,7013658,30756,3.0,308.69,926.07
907278,7011747,30503,10.0,165.67,1656.7
907279,7012901,30905,4.0,129.11,516.44
907280,7013314,31073,11.0,973.0,10703.0
907281,7009004,30135,7.0,456.99,3198.93
907282,7005602,31485,8.0,957.28,7658.24
907283,7014589,30715,3.0,741.72,2225.16
907284,7003702,31066,8.0,946.48,7571.84
907285,7003052,31184,9.0,217.24,1955.16
907286,7013569,30640,2.0,454.47,908.94
907287,7002198,30611,7.0,832.05,5824.35
907288,7009162,31438,12.0,1072.4,12868.8
907289,7012908,30540,10.0,534.46,5344.6
907290,7003815,30457,6.0,1178.0,7068.0
907291,7012874,31335,3.0,685.87,2057.61
907292,7010228,30815,9.0,623.49,5611.41
907293,7006652,30957,9.0,738.97,6650.73
907294,7011447,31252,6.0,422.96,2537.76
907295,7006647,30781,2.0,608.86,1217.72
907296,7009920,30558,1.0,623.79,623.79
907297,7009405,31335,2.0,1136.16,2272.32
907298,7000991,30773,9.0,940.88,8467.92
907299,7000035,30964,9.0,617.51,5557.59
907300,7002925,31417,9.0,421.05,3789.45
907301,7002394,30505,3.0,66.36,199.08
907302,7014535,31107,5.0,613.62,3068.1
907303,7002423,31203,10.0,431.99,4319.9
907304,7010324,30929,4.0,115.85,463.4
907305,7014011,31296,9.0,438.05,3942.45
907306,7004967,31120,11.0,507.77,5585.47
907307,7002648,30024,9.0,340.18,3061.62
907308,7004820,30486,5.0,488.81,2444.05
907309,7004371,30632,9.0,78.11,702.99
907310,7005589,30043,7.0,1101.67,7711.69
907311,7014914,30077,5.0,518.99,2594.95
907312,7011411,30588,3.0,327.7,983.1
907313,7008794,31002,6.0,558.2,3349.23
907314,7011933,30262,10.0,365.93,3659.3
907315,7012280,30073,12.0,783.41,9400.92
907316,7002424,30920,2.0,304.83,609.66
907317,7004751,30631,12.0,803.1,9637.2
907318,7007958,30972,7.0,230.06,1610.42
907319,7003307,30170,8.0,168.58,1348.64
907320,7002762,30655,9.0,1016.3,9146.7
907321,7002389,30937,2.0,928.92,1857.84
907322,7010055,31183,1.0,861.36,861.36
907323,7009832,31077,8.0,78.94,631.52
907324,7007272,30669,12.0,663.48,7961.76
907325,7003398,30420,11.0,13.09,143.99
907326,7001629,30017,5.0,91.1,455.5
907327,7012894,31040,3.0,602.66,1807.98
907328,7004295,31162,4.0,654.83,2619.32
907329,7007676,30777,12.0,1042.9,12514.8
907330,7008798,30780,8.0,623.06,4984.48
907331,7009046,30320,1.0,181.06,181.06
907332,7014884,31060,4.0,297.04,1188.16
907333,7008181,30177,2.0,170.54,341.08
907334,7005176,30003,12.0,541.99,6503.88
907335,7011257,30405,12.0,677.66,8131.92
907336,7014831,30716,2.0,694.64,1389.28
907337,7004002,30450,4.0,1039.98,4159.92
907338,7002488,30056,7.0,1090.06,7630.42
907339,7009134,31306,5.0,826.47,4132.35
907340,7010992,30885,8.0,904.95,7239.6
907341,7013295,31249,7.0,31.27,218.89
907342,7012182,30805,8.0,116.65,933.2
907343,7008322,30684,7.0,176.98,1238.87
907344,7001396,31043,2.0,453.13,906.26
907345,7000830,31106,10.0,183.95,1839.5
907346,7009931,30759,3.0,608.19,1824.57
907347,7008674,30829,10.0,377.96,3779.6
907348,7012307,31263,7.0,630.54,4413.78
907349,7002281,30982,12.0,882.87,10594.44
907350,7006068,31340,9.0,768.39,6915.51
907351,7006606,31160,3.0,244.83,734.49
907352,7006606,30267,1.0,925.49,925.49
907353,7008579,30980,8.0,543.59,4348.72
907354,7000269,31082,11.0,999.65,10996.15
907355,7013461,30410,7.0,166.3,1164.1
907356,7013148,30833,11.0,719.75,7917.25
907357,7010291,30328,1.0,791.85,791.85
907358,7003904,30802,6.0,650.85,3905.1
907359,7001957,30126,5.0,1090.43,5452.15
907360,7002542,31237,9.0,107.91,971.2
907361,7013248,30042,12.0,275.08,3300.96
907362,7013267,31303,11.0,1141.51,12556.61
907363,7005237,31050,7.0,662.59,4638.13
907364,7011131,30427,4.0,378.73,1514.92
907365,7009014,30379,12.0,628.84,7546.08
907366,7008485,30107,10.0,736.85,7368.5
907367,7009172,30363,11.0,97.03,1067.33
907368,7012260,30746,7.0,1136.48,7955.36
907369,7005794,30470,6.0,927.26,5563.56
907370,7000905,30621,7.0,641.71,4491.97
907371,7008993,30262,9.0,267.04,2403.36
907372,7010659,30571,7.0,78.84,551.88
907373,7008513,31416,6.0,1036.12,6216.72
907374,7014136,31055,9.0,848.9,7640.1
907375,7010375,31488,1.0,446.97,446.97
907376,7013774,30877,7.0,815.07,5705.49
907377,7008822,30799,7.0,682.99,4780.93
907378,7011727,30760,2.0,416.7,833.4
907379,7009596,31329,11.0,305.15,3356.65
907380,7008666,31131,12.0,409.36,4912.32
907381,7003110,30185,8.0,421.54,3372.32
907382,7001079,31472,6.0,1196.75,7180.5
907383,7009467,30284,6.0,804.64,4827.84
907384,7002510,31177,7.0,588.52,4119.64
907385,7004046,31403,5.0,945.84,4729.2
907386,7003731,30920,11.0,1139.75,12537.25
907387,7010903,31417,8.0,120.03,960.24
907388,7013451,30287,3.0,296.99,890.97
907389,7004223,31383,12.0,1003.74,12044.88
907390,7002097,31128,9.0,106.03,954.23
907391,7007874,30782,9.0,437.58,3938.22
907392,7013732,30193,7.0,956.87,6698.09
907393,7002743,31034,1.0,420.07,420.07
907394,7009828,30515,4.0,150.24,600.96
907395,7012826,30027,2.0,1151.55,2303.1
907396,7005950,30729,6.0,900.26,5401.56
907397,7007492,30418,6.0,520.01,3120.06
907398,7002630,30271,2.0,306.01,612.02
907399,7000211,30122,12.0,166.02,1992.24
907400,7009572,30845,5.0,948.26,4741.3
907401,7014338,31191,1.0,301.04,301.04
907402,7004731,30624,5.0,614.82,3074.1
907403,7011582,30145,11.0,604.55,6650.05
907404,7009220,31029,1.0,99.48,99.48
907405,7001802,30609,8.0,341.21,2729.68
907406,7012188,30055,6.0,850.48,5102.88
907407,7014093,30591,2.0,308.42,616.84
907408,7007761,30428,10.0,827.22,8272.2
907409,7004881,30113,7.0,833.04,5831.28
907410,7006809,31408,6.0,631.22,3787.32
907411,7012456,30538,5.0,659.94,3299.68
907412,7003234,30485,4.0,631.69,2526.76
907413,7014567,31460,7.0,257.63,1803.41
907414,7012216,30274,4.0,514.08,2056.32
907415,7007352,30846,3.0,243.86,731.58
907416,7003208,31375,2.0,1048.0,2096.0
907417,7005885,31295,4.0,758.34,3033.36
907418,7003500,31354,4.0,936.01,3744.04
907419,7005872,31053,8.0,1142.32,9138.56
907420,7006254,30408,1.0,855.94,855.94
907421,7014404,31396,10.0,666.17,6661.7
907422,7013024,30812,11.0,678.22,7460.42
907423,7006543,30008,8.0,53.75,430.01
907424,7007690,30631,1.0,1113.33,1113.33
907425,7006480,30567,10.0,197.39,1973.9
907426,7005879,31144,5.0,362.09,1810.45
907427,7010816,30343,9.0,360.88,3247.92
907428,7002321,30076,5.0,599.95,2999.75
907429,7003804,31204,7.0,263.08,1841.56
907430,7006699,30881,6.0,167.07,1002.42
907431,7010833,30324,2.0,817.7,1635.4
907432,7007805,30227,9.0,764.04,6876.36
907433,7014091,30326,8.0,30.4,243.2
907434,7005238,31381,3.0,21.89,65.67
907435,7005518,31313,10.0,1159.61,11596.1
907436,7013237,30134,5.0,950.22,4751.1
907437,7004515,30674,5.0,10.47,52.35
907438,7008998,30710,7.0,262.47,1837.29
907439,7007520,31178,11.0,594.74,6542.14
907440,7012009,30907,3.0,188.27,564.81
907441,7002482,30446,3.0,33.84,101.52
907442,7002082,31354,9.0,1173.75,10563.75
907443,7010192,30277,8.0,71.37,570.96
907444,7000879,30162,5.0,1143.9,5719.5
907445,7010125,30205,10.0,820.33,8203.3
907446,7013349,30205,10.0,1177.44,11774.4
907447,7009925,30390,8.0,787.85,6302.8
907448,7008952,30594,10.0,18.8,188.0
907449,7007879,30937,1.0,220.48,220.48
907450,7002687,31247,4.0,65.02,260.08
907451,7008080,30680,6.0,973.69,5842.14
907452,7013294,30058,9.0,1071.18,9640.62
907453,7004943,30697,5.0,895.01,4475.05
907454,7004796,30217,8.0,1159.21,9273.68
907455,7006745,30867,1.0,304.85,304.85
907456,7007068,31341,2.0,642.83,1285.66
907457,7002000,31497,7.0,1070.31,7492.17
907458,7001320,31285,9.0,568.96,5120.64
907459,7007288,30094,4.0,520.3,2081.2
907460,7012161,30986,12.0,736.36,8836.32
907461,7011296,30645,5.0,219.48,1097.4
907462,7009746,30996,1.0,62.57,62.57
907463,7001891,31072,5.0,699.53,3497.65
907464,7002859,30956,7.0,135.7,949.9
907465,7008866,30559,9.0,504.36,4539.24
907466,7013983,30362,11.0,1173.74,12911.14
907467,7011363,31105,6.0,407.03,2442.18
907468,7012623,30230,5.0,664.8,3324.0
907469,7004584,31271,4.0,562.92,2251.68
907470,7007247,30457,4.0,825.79,3303.16
907471,7008740,31407,8.0,525.96,4207.68
907472,7005577,30980,10.0,297.45,2974.5
907473,7012225,30160,4.0,777.01,3108.04
907474,7007959,30747,10.0,129.63,1296.32
907475,7008782,30075,7.0,1104.22,7729.54
907476,7014639,30999,11.0,613.42,6747.62
907477,7002000,30688,9.0,996.18,8965.62
907478,7007478,31198,10.0,585.02,5850.2
907479,7002545,30317,4.0,579.96,2319.84
907480,7011987,30954,7.0,509.34,3565.38
907481,7012530,30833,2.0,822.51,1645.02
907482,7003043,30489,5.0,688.04,3440.2
907483,7012961,30874,12.0,916.47,10997.64
907484,7009423,30250,4.0,336.8,1347.2
907485,7012759,31350,7.0,696.28,4873.96
907486,7006148,31174,9.0,857.15,7714.35
907487,7003176,30487,11.0,1103.19,12135.09
907488,7006537,30622,6.0,112.83,676.98
907489,7004676,31218,4.0,418.89,1675.56
907490,7006293,31001,3.0,480.25,1440.75
907491,7012846,30548,11.0,924.93,10174.23
907492,7006930,31060,7.0,1051.74,7362.18
907493,7001583,31186,5.0,1046.32,5231.6
907494,7010089,31495,3.0,409.37,1228.11
907495,7011269,31426,7.0,378.36,2648.52
907496,7005565,30846,10.0,360.18,3601.8
907497,7011889,30305,2.0,871.61,1743.22
907498,7007418,30368,5.0,983.51,4917.55
907499,7000244,30647,6.0,759.33,4555.98
907500,7007704,31065,1.0,448.62,448.62
907501,7013746,30137,7.0,533.93,3737.51
907502,7001560,31074,8.0,807.8,6462.4
907503,7008693,31396,10.0,684.02,6840.2
907504,7003990,30906,5.0,70.99,354.95
907505,7011256,30514,10.0,308.86,3088.6
907506,7001316,31003,12.0,854.99,10259.88
907507,7001984,31186,1.0,423.44,423.44
907508,7003709,30788,1.0,989.42,989.42
907509,7010817,30214,12.0,835.45,10025.4
907510,7012760,30904,12.0,303.12,3637.44
907511,7014047,30971,7.0,470.28,3291.96
907512,7014108,30929,10.0,264.46,2644.6
907513,7010669,31091,11.0,647.45,7121.95
907514,7011336,31296,2.0,742.71,1485.42
907515,7006053,30944,8.0,837.61,6700.88
907516,7006472,30953,9.0,249.4,2244.6
907517,7011847,30859,2.0,851.56,1703.12
907518,7005075,31001,6.0,81.18,487.08
907519,7010655,30267,4.0,116.3,465.2
907520,7000226,31372,10.0,921.81,9218.1
907521,7012965,30342,2.0,707.5,1415.0
907522,7014231,30048,1.0,83.6,83.6
907523,7005531,30686,5.0,922.59,4612.95
907524,7001701,30148,9.0,386.78,3481.02
907525,7007627,31297,11.0,52.13,573.43
907526,7004926,31478,7.0,337.86,2365.02
907527,7001253,30304,5.0,368.31,1841.55
907528,7004654,30936,1.0,205.1,205.1
907529,7011113,31036,4.0,447.26,1789.04
907530,7003903,30816,11.0,1138.85,12527.35
907531,7008909,30096,5.0,267.12,1335.6
907532,7008362,31104,4.0,894.04,3576.16
907533,7000481,30784,5.0,176.15,880.75
907534,7007486,30856,6.0,320.47,1922.82
907535,7013345,30512,3.0,745.63,2236.89
907536,7007988,30387,12.0,892.42,10709.04
907537,7006709,31455,3.0,213.26,639.78
907538,7002328,30509,2.0,981.67,1963.34
907539,7008199,31011,11.0,624.07,6864.72
907540,7010114,30202,3.0,607.44,1822.32
907541,7000142,31281,10.0,658.44,6584.4
907542,7002257,30794,4.0,590.7,2362.8
907543,7002259,30293,8.0,1084.39,8675.12
907544,7005277,30548,10.0,89.32,893.2
907545,7004696,31112,11.0,590.45,6494.95
907546,7000738,30943,10.0,1129.07,11290.7
907547,7004609,31161,4.0,615.8,2463.2
907548,7004235,30191,6.0,174.1,1044.6
907549,7000573,31419,5.0,1003.42,5017.1
907550,7009411,30539,10.0,108.01,1080.1
907551,7014325,31190,1.0,85.35,85.35
907552,7013746,30461,8.0,362.9,2903.2
907553,7003453,30862,7.0,868.95,6082.65
907554,7012596,30178,10.0,71.48,714.8
907555,7006226,30551,3.0,820.66,2461.98
907556,7007808,31454,5.0,1090.09,5450.45
907557,7011543,30529,11.0,1115.09,12265.99
907558,7006317,30286,4.0,1153.83,4615.32
907559,7004922,30192,4.0,283.5,1134.0
907560,7004880,30879,5.0,76.07,380.35
907561,7008162,31051,2.0,546.67,1093.34
907562,7011137,31125,10.0,719.07,7190.7
907563,7014841,31142,9.0,654.57,5891.13
907564,7008841,31286,3.0,406.43,1219.29
907565,7010902,30872,3.0,930.71,2792.13
907566,7006938,30517,11.0,96.62,1062.83
907567,7000693,31213,12.0,1010.97,12131.64
907568,7003601,31499,6.0,239.99,1439.94
907569,7011697,31363,3.0,812.67,2438.01
907570,7013869,30528,9.0,629.55,5665.95
907571,7002395,31292,4.0,785.98,3143.94
907572,7000313,30166,10.0,559.53,5595.3
907573,7006153,31462,4.0,141.17,564.68
907574,7009834,30488,5.0,341.3,1706.5
907575,7010286,30943,1.0,1105.5,1105.5
907576,7004967,30744,7.0,1165.38,8157.66
907577,7006498,30931,12.0,944.13,11329.56
907578,7011424,30560,9.0,853.59,7682.31
907579,7008333,30956,2.0,156.82,313.64
907580,7010978,31416,11.0,660.2,7262.2
907581,7008863,30045,6.0,263.01,1578.06
907582,7006076,30959,5.0,54.92,274.6
907583,7002652,30185,11.0,50.1,551.1
907584,7005112,30662,10.0,1155.24,11552.4
907585,7007290,31352,1.0,183.63,183.63
907586,7001445,30960,5.0,651.6,3258.0
907587,7012684,31184,8.0,538.86,4310.88
907588,7004060,30603,5.0,243.29,1216.45
907589,7003259,30160,8.0,763.69,6109.52
907590,7005470,30597,3.0,480.49,1441.47
907591,7013965,30514,6.0,81.7,490.2
907592,7012758,31319,11.0,1031.51,11346.61
907593,7011130,30421,4.0,492.53,1970.12
907594,7007414,31095,5.0,787.44,3937.2
907595,7003412,31198,2.0,174.18,348.36
907596,7002647,30282,6.0,80.61,483.66
907597,7010195,30799,6.0,556.98,3341.89
907598,7001852,30587,5.0,575.04,2875.2
907599,7012553,30406,10.0,251.59,2515.9
907600,7003836,30496,10.0,722.58,7225.8
907601,7005375,30207,6.0,1032.96,6197.76
907602,7007114,31311,2.0,474.77,949.54
907603,7011120,31355,9.0,237.66,2138.94
907604,7004368,30981,12.0,216.11,2593.32
907605,7001742,30440,3.0,584.06,1752.18
907606,7010040,30764,3.0,1011.13,3033.39
907607,7010552,31375,10.0,497.46,4974.65
907608,7009943,30074,2.0,429.51,859.02
907609,7008125,31277,8.0,1102.8,8822.4
907610,7002928,30964,10.0,769.31,7693.1
907611,7008150,30650,5.0,1108.58,5542.9
907612,7010375,30103,5.0,832.87,4164.35
907613,7002998,30725,5.0,282.57,1412.85
907614,7013601,30376,11.0,686.28,7549.08
907615,7001214,30143,8.0,729.46,5835.68
907616,7003735,30517,7.0,317.96,2225.72
907617,7002566,31394,12.0,461.27,5535.24
907618,7002538,31468,6.0,489.25,2935.5
907619,7003256,31075,5.0,825.99,4129.95
907620,7009626,31186,5.0,260.94,1304.7
907621,7001761,30315,8.0,467.69,3741.52
907622,7009760,31184,9.0,879.58,7916.22
907623,7003871,31260,5.0,269.73,1348.65
907624,7009577,30908,9.0,691.02,6219.18
907625,7013423,30750,6.0,412.06,2472.36
907626,7008784,31493,7.0,972.59,6808.13
907627,7003457,30867,4.0,256.92,1027.68
907628,7002044,30089,5.0,781.64,3908.2
907629,7004017,31049,6.0,389.58,2337.48
907630,7006460,30998,9.0,1192.73,10734.57
907631,7011263,30447,4.0,651.63,2606.52
907632,7013341,30674,10.0,258.59,2585.9
907633,7008084,31146,7.0,233.81,1636.67
907634,7006453,30358,9.0,927.33,8345.97
907635,7001841,30954,5.0,721.8,3609.0
907636,7003065,30455,3.0,920.8,2762.4
907637,7006469,30242,7.0,281.14,1967.98
907638,7006405,31427,12.0,796.62,9559.44
907639,7012791,30858,3.0,77.16,231.48
907640,7009028,31251,5.0,311.64,1558.2
907641,7008999,30376,5.0,1071.22,5356.1
907642,7012170,30979,10.0,795.79,7957.9
907643,7008438,30974,11.0,85.77,943.47
907644,7000426,31372,7.0,862.04,6034.25
907645,7003545,30426,7.0,729.73,5108.11
907646,7008212,30377,8.0,872.13,6977.04
907647,7005140,30523,9.0,676.34,6087.06
907648,7010717,30951,11.0,850.41,9354.51
907649,7001834,31478,5.0,18.98,94.9
907650,7013845,30257,11.0,137.77,1515.47
907651,7008297,30409,2.0,807.36,1614.72
907652,7002814,31027,7.0,528.59,3700.13
907653,7006797,30519,11.0,707.8,7785.8
907654,7000941,30533,2.0,800.87,1601.74
907655,7010385,31370,9.0,1094.22,9847.98
907656,7013447,30623,8.0,193.91,1551.28
907657,7014780,31410,11.0,1180.36,12983.96
907658,7000037,31129,10.0,1109.86,11098.6
907659,7013028,31126,8.0,497.09,3976.72
907660,7003455,31144,8.0,882.31,7058.48
907661,7006497,30023,4.0,1065.22,4260.88
907662,7012306,31175,10.0,307.12,3071.2
907663,7010606,30564,3.0,402.76,1208.28
907664,7006376,30934,11.0,227.82,2506.02
907665,7006626,31475,12.0,151.82,1821.84
907666,7005591,30967,1.0,394.3,394.3
907667,7011621,31260,11.0,923.89,10162.79
907668,7013398,31286,8.0,61.25,490.0
907669,7004544,30400,10.0,326.21,3262.1
907670,7009663,31176,1.0,209.65,209.65
907671,7007362,31132,2.0,1198.29,2396.58
907672,7012039,30064,6.0,1078.67,6472.02
907673,7011955,30042,8.0,1175.73,9405.84
907674,7004861,31024,12.0,977.29,11727.48
907675,7004322,31229,3.0,779.15,2337.45
907676,7001471,31355,11.0,548.3,6031.3
907677,7000366,30344,7.0,28.29,198.03
907678,7005490,30707,9.0,784.13,7057.17
907679,7008357,31146,6.0,382.0,2292.0
907680,7013353,30065,6.0,38.08,228.48
907681,7012860,30453,11.0,179.7,1976.7
907682,7013684,30811,6.0,573.57,3441.42
907683,7013549,31199,6.0,1068.52,6411.12
907684,7012740,30052,12.0,239.88,2878.56
907685,7011835,30996,6.0,40.21,241.26
907686,7007688,30634,8.0,554.95,4439.6
907687,7001234,30406,12.0,897.43,10769.16
907688,7002113,30959,4.0,122.65,490.6
907689,7012109,31195,2.0,647.02,1294.04
907690,7003181,30184,2.0,849.48,1698.96
907691,7007382,31145,2.0,274.58,549.16
907692,7004590,31413,5.0,1134.2,5671.0
907693,7010399,30734,3.0,413.41,1240.23
907694,7002519,31157,1.0,41.52,41.52
907695,7000645,31343,8.0,950.83,7606.64
907696,7010188,30670,11.0,900.93,9910.23
907697,7006474,30444,6.0,444.46,2666.76
907698,7011557,31245,9.0,962.11,8658.99
907699,7012188,30606,7.0,952.49,6667.43
907700,7008595,31435,4.0,933.83,3735.32
907701,7000626,31132,8.0,886.37,7090.96
907702,7014343,30597,10.0,434.45,4344.5
907703,7011529,30210,9.0,534.42,4809.78
907704,7004054,31370,11.0,1076.48,11841.28
907705,7013906,30767,6.0,273.41,1640.46
907706,7008549,30367,4.0,115.4,461.6
907707,7012000,31292,10.0,73.12,731.2
907708,7011829,31296,7.0,770.12,5390.84
907709,7011124,30716,11.0,1058.01,11638.11
907710,7013299,31135,7.0,1025.47,7178.29
907711,7013639,30536,8.0,931.1,7448.8
907712,7006951,31327,10.0,145.75,1457.5
907713,7006658,30282,8.0,909.68,7277.44
907714,7002614,30475,11.0,849.17,9340.87
907715,7003037,30365,7.0,1137.66,7963.62
907716,7011075,31441,7.0,291.78,2042.46
907717,7009411,30157,8.0,883.24,7065.92
907718,7003931,30219,9.0,991.55,8923.95
907719,7012875,31025,1.0,24.59,24.59
907720,7013839,30247,6.0,726.78,4360.68
907721,7004206,31310,1.0,205.27,205.27
907722,7004311,31234,11.0,557.74,6135.14
907723,7001329,30770,12.0,555.54,6666.48
907724,7007910,31440,5.0,982.42,4912.1
907725,7010814,31436,4.0,36.84,147.36
907726,7007569,30470,7.0,145.75,1020.25
907727,7010335,30181,8.0,80.57,644.56
907728,7005705,30081,9.0,295.54,2659.84
907729,7006327,30317,8.0,812.7,6501.6
907730,7008916,31352,1.0,514.88,514.88
907731,7002167,30002,2.0,1021.51,2043.02
907732,7009921,30494,2.0,127.3,254.6
907733,7011391,30306,9.0,779.95,7019.55
907734,7002847,31067,1.0,851.8,851.8
907735,7006832,30602,6.0,657.94,3947.64
907736,7000452,31153,12.0,219.11,2629.32
907737,7012103,30251,6.0,989.28,5935.68
907738,7011084,30975,12.0,560.13,6721.56
907739,7013130,30287,12.0,307.18,3686.16
907740,7002855,30331,3.0,935.58,2806.74
907741,7008493,30234,2.0,1039.81,2079.62
907742,7010977,30757,7.0,432.92,3030.44
907743,7007329,30103,1.0,688.44,688.44
907744,7002105,30201,12.0,1109.74,13316.88
907745,7007966,30127,6.0,646.37,3878.22
907746,7006125,31093,12.0,787.18,9446.16
907747,7009264,30364,12.0,909.11,10909.32
907748,7001300,30384,4.0,372.31,1489.24
907749,7010646,31125,2.0,155.27,310.54
907750,7008697,30641,5.0,335.98,1679.9
907751,7008863,30427,8.0,469.54,3756.32
907752,7006255,30136,9.0,628.02,5652.18
907753,7004070,30551,10.0,199.66,1996.6
907754,7001512,30773,10.0,1094.73,10947.3
907755,7004001,30847,7.0,981.26,6868.82
907756,7004961,30075,7.0,1129.82,7908.74
907757,7008555,30437,9.0,315.8,2842.2
907758,7006958,31432,2.0,118.03,236.06
907759,7014562,30890,8.0,949.37,7594.96
907760,7009729,30462,10.0,348.46,3484.6
907761,7008742,30103,1.0,262.99,262.99
907762,7009821,31003,6.0,998.87,5993.22
907763,7013049,30775,2.0,338.48,676.97
907764,7014587,31294,6.0,365.55,2193.3
907765,7000034,30424,3.0,992.93,2978.79
907766,7004065,30684,4.0,579.46,2317.84
907767,7001448,30213,7.0,589.35,4125.45
907768,7007501,30059,8.0,131.11,1048.88
907769,7000925,30389,8.0,430.53,3444.24
907770,7007029,30208,2.0,497.76,995.52
907771,7008926,30840,2.0,979.17,1958.34
907772,7013709,30895,10.0,128.15,1281.5
907773,7004290,30032,12.0,1128.82,13545.84
907774,7004128,30130,6.0,586.99,3521.94
907775,7014522,30507,1.0,198.51,198.51
907776,7014853,31338,11.0,945.31,10398.41
907777,7007353,30335,6.0,649.37,3896.22
907778,7010507,30820,2.0,938.84,1877.68
907779,7010423,30841,11.0,606.06,6666.66
907780,7013809,30423,12.0,376.48,4517.76
907781,7006091,30164,12.0,886.46,10637.52
907782,7000111,30873,11.0,57.37,631.07
907783,7010825,30830,5.0,560.92,2804.6
907784,7007213,30259,6.0,665.35,3992.1
907785,7007427,30756,2.0,454.48,908.96
907786,7014797,30394,11.0,160.98,1770.78
907787,7014006,30497,6.0,884.87,5309.22
907788,7006369,30339,3.0,811.24,2433.72
907789,7006526,30583,4.0,786.38,3145.52
907790,7006076,31334,10.0,389.01,3890.1
907791,7004869,31233,4.0,1134.08,4536.32
907792,7003095,30918,11.0,1199.6,13195.6
907793,7008485,31351,1.0,78.81,78.81
907794,7009190,30569,8.0,44.79,358.32
907795,7002010,30957,12.0,328.82,3945.84
907796,7011368,31384,11.0,965.98,10625.78
907797,7004089,31410,1.0,913.03,913.03
907798,7008127,30123,12.0,293.22,3518.64
907799,7005466,30151,2.0,1021.13,2042.26
907800,7011931,30079,5.0,171.79,858.95
907801,7006372,30560,12.0,773.26,9279.12
907802,7003186,31499,8.0,633.62,5068.96
907803,7009486,30837,10.0,349.17,3491.7
907804,7006002,30331,5.0,257.69,1288.44
907805,7004772,31143,5.0,725.76,3628.8
907806,7013578,31176,4.0,379.03,1516.12
907807,7011274,30232,1.0,693.56,693.56
907808,7001991,30917,11.0,566.84,6235.24
907809,7010107,30248,4.0,856.7,3426.8
907810,7001165,30921,10.0,1106.13,11061.3
907811,7010048,30857,8.0,1091.78,8734.24
907812,7003763,30951,4.0,217.78,871.12
907813,7007992,30756,5.0,48.71,243.55
907814,7006632,30227,4.0,1001.5,4006.0
907815,7002538,30323,12.0,463.25,5559.0
907816,7006580,31140,12.0,890.65,10687.8
907817,7004870,31290,8.0,1143.69,9149.52
907818,7002061,30823,1.0,276.54,276.54
907819,7007159,30478,6.0,372.16,2232.99
907820,7001244,30587,4.0,207.68,830.72
907821,7000824,31451,7.0,968.32,6778.24
907822,7012712,30009,6.0,1034.23,6205.38
907823,7002687,30394,2.0,898.68,1797.35
907824,7005759,31313,1.0,758.31,758.31
907825,7005310,30321,9.0,408.55,3676.95
907826,7010201,31397,11.0,755.78,8313.58
907827,7006319,30671,3.0,280.31,840.93
907828,7001330,30248,4.0,26.04,104.16
907829,7000091,30675,2.0,1169.21,2338.42
907830,7005075,30662,6.0,501.38,3008.28
907831,7006505,31303,12.0,256.25,3075.0
907832,7012652,30838,12.0,1033.91,12406.92
907833,7003999,30974,10.0,919.14,9191.4
907834,7001140,30621,5.0,756.4,3782.0
907835,7000346,31403,10.0,1110.97,11109.7
907836,7003368,31318,11.0,599.97,6599.67
907837,7008413,30785,5.0,442.85,2214.25
907838,7013630,31214,10.0,783.09,7830.9
907839,7011117,30369,6.0,147.28,883.68
907840,7004190,30721,11.0,292.75,3220.25
907841,7004875,30414,10.0,1191.73,11917.3
907842,7001853,30403,11.0,480.67,5287.37
907843,7008551,30465,10.0,370.63,3706.3
907844,7006021,31031,4.0,1002.13,4008.52
907845,7003644,31015,8.0,807.99,6463.92
907846,7011394,31070,9.0,801.59,7214.31
907847,7008839,30147,6.0,816.3,4897.8
907848,7005793,30002,11.0,170.53,1875.83
907849,7006186,30721,7.0,66.94,468.58
907850,7014187,30041,9.0,432.32,3890.88
907851,7009439,30406,7.0,516.12,3612.84
907852,7010935,30073,5.0,434.97,2174.85
907853,7005254,31281,5.0,751.73,3758.65
907854,7002535,30797,11.0,1063.49,11698.39
907855,7010802,30395,11.0,806.84,8875.24
907856,7011182,31334,11.0,63.45,697.95
907857,7014173,31485,4.0,550.04,2200.16
907858,7002915,31071,3.0,789.55,2368.65
907859,7003324,30227,11.0,538.38,5922.18
907860,7008038,31254,9.0,749.33,6743.97
907861,7007896,31016,11.0,303.97,3343.67
907862,7002085,31005,1.0,696.2,696.2
907863,7002656,30228,7.0,362.19,2535.33
907864,7004320,30821,10.0,957.69,9576.9
907865,7013224,30596,6.0,1013.96,6083.76
907866,7006892,31412,4.0,628.0,2512.0
907867,7001462,30845,1.0,251.69,251.69
907868,7003505,31253,4.0,482.68,1930.72
907869,7010226,30347,4.0,916.2,3664.8
907870,7014143,31315,5.0,987.83,4939.15
907871,7013619,30380,11.0,956.47,10521.17
907872,7006837,30448,4.0,695.96,2783.84
907873,7005124,31478,12.0,863.61,10363.32
907874,7000480,31037,2.0,417.21,834.42
907875,7010989,30778,6.0,257.56,1545.36
907876,7011127,30276,6.0,1185.46,7112.76
907877,7011054,30553,10.0,53.34,533.4
907878,7004076,31467,4.0,345.92,1383.68
907879,7011857,31366,11.0,844.55,9290.05
907880,7007106,30355,7.0,764.1,5348.7
907881,7006999,30535,3.0,387.78,1163.34
907882,7013312,30716,6.0,674.78,4048.68
907883,7001704,30030,1.0,917.93,917.93
907884,7002435,30269,4.0,969.93,3879.72
907885,7005961,30472,8.0,810.3,6482.4
907886,7011465,30547,12.0,376.1,4513.2
907887,7004175,31494,8.0,176.44,1411.52
907888,7003419,30255,11.0,874.27,9616.97
907889,7001704,30332,11.0,367.81,4045.91
907890,7005632,30199,2.0,556.25,1112.5
907891,7004558,30178,5.0,1018.74,5093.7
907892,7014242,30541,10.0,85.16,851.6
907893,7010397,30462,1.0,763.87,763.87
907894,7014705,30318,12.0,823.77,9885.24
907895,7002614,30945,12.0,30.71,368.52
907896,7007969,30052,8.0,585.71,4685.68
907897,7006159,30728,7.0,815.5,5708.5
907898,7010736,30667,8.0,438.76,3510.08
907899,7012452,30778,2.0,31.22,62.44
907900,7014286,31015,11.0,1013.48,11148.28
907901,7010567,30871,5.0,707.67,3538.33
907902,7010602,31098,9.0,845.82,7612.38
907903,7013244,31268,9.0,1015.23,9137.07
907904,7014790,30361,3.0,755.11,2265.33
907905,7014559,30135,6.0,348.61,2091.66
907906,7006625,30969,2.0,640.81,1281.62
907907,7009014,30208,1.0,354.98,354.98
907908,7003381,30256,11.0,546.98,6016.78
907909,7010751,30078,6.0,405.07,2430.42
907910,7011292,30133,12.0,806.96,9683.52
907911,7002357,30353,8.0,497.44,3979.52
907912,7011119,30951,5.0,779.87,3899.35
907913,7012233,30429,8.0,166.67,1333.36
907914,7000366,30225,11.0,1019.29,11212.19
907915,7010966,30903,10.0,615.03,6150.3
907916,7000562,31169,7.0,36.94,258.58
907917,7011909,30212,11.0,492.62,5418.82
907918,7006479,30297,7.0,666.2,4663.4
907919,7000546,30546,11.0,685.5,7540.5
907920,7006352,31469,4.0,882.95,3531.8
907921,7009763,30578,10.0,388.26,3882.6
907922,7002659,31180,5.0,767.08,3835.4
907923,7007484,30727,4.0,695.67,2782.68
907924,7014581,30524,8.0,871.09,6968.72
907925,7000015,31425,9.0,1013.92,9125.28
907926,7003688,30285,4.0,413.14,1652.56
907927,7007853,30555,12.0,469.75,5637.0
907928,7006672,31441,6.0,100.34,602.04
907929,7010832,31406,9.0,387.42,3486.78
907930,7003315,30503,8.0,549.26,4394.08
907931,7004524,30857,3.0,119.5,358.5
907932,7010945,30797,12.0,527.55,6330.6
907933,7012027,30185,11.0,398.39,4382.29
907934,7011102,31340,2.0,1029.92,2059.84
907935,7012457,30325,7.0,845.62,5919.34
907936,7006924,30723,4.0,389.16,1556.64
907937,7008522,30773,7.0,638.42,4468.9
907938,7010726,31392,2.0,611.66,1223.32
907939,7012942,30964,1.0,333.21,333.21
907940,7000765,31316,6.0,472.36,2834.16
907941,7012151,30160,8.0,1076.43,8611.44
907942,7003540,31422,1.0,812.75,812.75
907943,7009445,30332,12.0,225.44,2705.28
907944,7013013,30770,11.0,83.33,916.63
907945,7003245,30530,8.0,457.71,3661.68
907946,7002739,31278,7.0,355.44,2488.08
907947,7001075,30027,2.0,537.71,1075.42
907948,7005775,31376,4.0,1046.84,4187.36
907949,7009258,30680,2.0,1170.83,2341.66
907950,7014678,31424,9.0,1086.85,9781.65
907951,7007189,30577,9.0,758.4,6825.6
907952,7006103,30200,6.0,623.98,3743.88
907953,7013894,30731,1.0,1170.74,1170.74
907954,7005607,31068,9.0,965.12,8686.08
907955,7006077,30572,4.0,360.46,1441.84
907956,7006479,30722,2.0,897.12,1794.24
907957,7013879,31069,4.0,15.95,63.8
907958,7006631,30682,6.0,745.82,4474.92
907959,7009870,31058,8.0,873.41,6987.28
907960,7003011,30206,2.0,322.32,644.64
907961,7010416,30275,1.0,503.31,503.31
907962,7009747,30293,3.0,1013.16,3039.48
907963,7009021,30972,10.0,1174.82,11748.2
907964,7001513,30982,1.0,340.74,340.74
907965,7001600,31131,6.0,964.92,5789.52
907966,7010790,30366,12.0,896.12,10753.44
907967,7010059,30892,12.0,783.94,9407.28
907968,7005135,30456,10.0,286.05,2860.5
907969,7010000,30918,4.0,305.61,1222.44
907970,7005441,31274,1.0,1147.22,1147.22
907971,7009484,30981,9.0,469.34,4224.06
907972,7003054,31364,11.0,666.54,7331.94
907973,7002567,31194,4.0,562.82,2251.28
907974,7011908,30997,9.0,1030.46,9274.14
907975,7005235,30151,5.0,1095.83,5479.15
907976,7000662,30153,4.0,391.71,1566.84
907977,7010129,30571,7.0,161.63,1131.41
907978,7009172,31401,12.0,1012.15,12145.8
907979,7005774,30086,5.0,893.36,4466.8
907980,7011868,31117,2.0,92.48,184.96
907981,7002762,31483,11.0,94.28,1037.08
907982,7007731,30493,2.0,12.66,25.32
907983,7005151,30785,12.0,213.34,2560.08
907984,7003828,30849,9.0,49.45,445.05
907985,7001212,31214,4.0,657.0,2628.0
907986,7014818,30545,6.0,152.87,917.22
907987,7013033,31386,2.0,743.82,1487.64
907988,7005665,30435,6.0,286.38,1718.28
907989,7005078,30532,11.0,695.11,7646.21
907990,7002402,30571,1.0,1109.73,1109.73
907991,7004726,31079,5.0,212.53,1062.65
907992,7013206,30875,8.0,333.37,2666.96
907993,7005184,30297,6.0,954.78,5728.68
907994,7002726,31056,11.0,904.14,9945.54
907995,7009625,30478,5.0,247.03,1235.15
907996,7012150,31486,8.0,987.41,7899.28
907997,7010227,30288,2.0,518.95,1037.9
907998,7013548,31401,7.0,364.47,2551.29
907999,7006405,30437,11.0,406.58,4472.38
908000,7010741,30945,9.0,78.57,707.13
908001,7013406,30909,1.0,560.45,560.45
908002,7012747,30845,2.0,1170.35,2340.7
908003,7007774,30349,7.0,521.56,3650.92
908004,7003049,30405,6.0,57.91,347.46
908005,7003350,31174,10.0,861.12,8611.2
908006,7001351,31475,3.0,729.18,2187.54
908007,7000192,31269,3.0,736.36,2209.08
908008,7004762,31415,6.0,386.6,2319.6
908009,7006284,31173,6.0,736.58,4419.48
908010,7011366,30475,1.0,875.53,875.53
908011,7003424,30900,11.0,1023.43,11257.73
908012,7002901,30904,4.0,208.32,833.28
908013,7011572,30443,5.0,801.2,4006.0
908014,7002141,31439,5.0,86.51,432.56
908015,7006095,30052,5.0,1194.0,5970.0
908016,7003798,30406,3.0,596.33,1788.99
908017,7007106,31457,7.0,498.84,3491.88
908018,7001257,31255,10.0,606.94,6069.4
908019,7007120,30218,10.0,503.28,5032.8
908020,7012221,30805,5.0,934.37,4671.85
908021,7013061,31111,10.0,343.4,3434.0
908022,7002567,30336,6.0,635.58,3813.48
908023,7011808,30424,2.0,19.93,39.86
908024,7012320,30116,6.0,1159.93,6959.58
908025,7011304,30280,6.0,461.08,2766.48
908026,7009287,31003,12.0,1020.76,12249.12
908027,7005355,31033,7.0,215.87,1511.09
908028,7012237,30522,4.0,857.34,3429.36
908029,7009834,31442,6.0,724.57,4347.42
908030,7008305,31204,7.0,158.17,1107.19
908031,7007385,30303,3.0,146.48,439.44
908032,7004141,30791,1.0,199.29,199.29
908033,7003189,31482,12.0,136.84,1642.08
908034,7004433,30709,12.0,1132.07,13584.84
908035,7010178,31382,12.0,218.59,2623.03
908036,7009191,30854,12.0,250.78,3009.36
908037,7003441,30481,11.0,547.46,6022.06
908038,7013736,30255,9.0,136.82,1231.38
908039,7004841,31146,3.0,823.77,2471.31
908040,7014733,31148,1.0,624.2,624.2
908041,7006547,30347,11.0,73.44,807.84
908042,7006418,31289,4.0,402.74,1610.96
908043,7011349,30366,6.0,35.81,214.86
908044,7005787,31032,7.0,677.66,4743.62
908045,7014742,31283,7.0,851.72,5962.04
908046,7014951,30983,1.0,100.49,100.49
908047,7006983,31260,7.0,898.03,6286.21
908048,7007445,31148,7.0,990.76,6935.32
908049,7009549,31205,3.0,130.1,390.3
908050,7012251,30670,6.0,364.04,2184.24
908051,7007669,30603,6.0,803.61,4821.66
908052,7012736,30764,3.0,249.31,747.93
908053,7006573,30285,3.0,878.8,2636.4
908054,7012217,31373,6.0,585.94,3515.64
908055,7006936,31302,8.0,1137.9,9103.2
908056,7007561,31272,6.0,1004.73,6028.38
908057,7000417,30826,5.0,54.26,271.3
908058,7007531,30898,6.0,660.12,3960.72
908059,7012109,31026,11.0,1127.05,12397.55
908060,7006986,30495,2.0,785.98,1571.96
908061,7012847,30350,10.0,450.33,4503.3
908062,7012707,30169,8.0,260.2,2081.6
908063,7010157,30765,7.0,812.81,5689.67
908064,7014469,30101,4.0,681.5,2726.0
908065,7008718,30541,9.0,694.88,6253.92
908066,7009893,30879,11.0,703.92,7743.17
908067,7011659,31422,4.0,322.31,1289.24
908068,7006718,31223,4.0,1158.55,4634.2
908069,7002137,30999,4.0,684.21,2736.84
908070,7009923,31275,1.0,517.3,517.3
908071,7013635,31472,11.0,1059.01,11649.11
908072,7001415,30134,5.0,96.86,484.3
908073,7011907,30479,12.0,161.53,1938.36
908074,7008891,31016,10.0,176.89,1768.89
908075,7008943,31476,1.0,413.5,413.5
908076,7006845,31309,6.0,186.57,1119.42
908077,7013388,31340,2.0,638.75,1277.5
908078,7006693,30526,3.0,738.37,2215.11
908079,7002845,30283,4.0,646.94,2587.76
908080,7005525,30486,8.0,613.3,4906.4
908081,7014423,31242,1.0,908.19,908.19
908082,7000029,30186,10.0,230.54,2305.4
908083,7000205,30351,11.0,669.44,7363.84
908084,7000320,30786,8.0,1001.95,8015.6
908085,7013378,30753,3.0,420.05,1260.15
908086,7013668,30079,12.0,472.36,5668.32
908087,7012566,31385,2.0,1145.63,2291.26
908088,7008502,31461,12.0,718.18,8618.16
908089,7008091,30650,3.0,365.29,1095.87
908090,7014827,30353,3.0,425.19,1275.57
908091,7010095,31489,5.0,932.35,4661.75
908092,7010014,30460,4.0,794.59,3178.36
908093,7012024,31305,11.0,209.1,2300.1
908094,7006617,30291,3.0,791.9,2375.7
908095,7006150,30270,9.0,1120.76,10086.84
908096,7005247,30867,9.0,501.34,4512.06
908097,7007555,30076,5.0,1154.11,5770.55
908098,7009369,30038,2.0,573.96,1147.92
908099,7002803,30386,9.0,154.38,1389.42
908100,7007902,30141,3.0,1140.76,3422.28
908101,7007265,31458,5.0,203.57,1017.85
908102,7012053,30775,5.0,272.83,1364.15
908103,7004300,31188,5.0,115.6,578.0
908104,7002938,30530,5.0,250.63,1253.15
908105,7007932,31162,1.0,160.18,160.18
908106,7003824,30017,11.0,508.77,5596.47
908107,7014058,30766,8.0,21.42,171.36
908108,7006948,30466,8.0,1015.97,8127.76
908109,7001633,30402,8.0,37.3,298.4
908110,7003854,31268,9.0,25.06,225.54
908111,7002135,30547,5.0,50.39,251.95
908112,7003758,30759,9.0,160.62,1445.58
908113,7000330,30839,1.0,22.55,22.55
908114,7005929,30194,10.0,110.15,1101.46
908115,7011806,30935,5.0,535.86,2679.3
908116,7002938,30593,4.0,680.88,2723.52
908117,7002763,31463,12.0,124.9,1498.8
908118,7004040,30523,7.0,742.3,5196.1
908119,7001281,30698,5.0,846.8,4234.0
908120,7001113,30317,6.0,684.84,4109.04
908121,7000532,30409,1.0,937.63,937.63
908122,7001352,30285,1.0,936.74,936.74
908123,7014182,31039,5.0,932.71,4663.55
908124,7012338,30785,3.0,157.78,473.34
908125,7001028,31403,11.0,1152.82,12681.02
908126,7009363,30507,12.0,1198.46,14381.52
908127,7014941,31446,7.0,750.46,5253.22
908128,7010667,31178,9.0,312.44,2811.96
908129,7006967,31243,7.0,951.96,6663.72
908130,7009547,30091,3.0,263.65,790.95
908131,7007710,31143,4.0,182.96,731.84
908132,7013356,30514,3.0,620.87,1862.61
908133,7010256,31097,1.0,10.29,10.29
908134,7000314,30044,4.0,1070.83,4283.32
908135,7000949,30626,5.0,950.69,4753.45
908136,7006307,30392,11.0,292.79,3220.7
908137,7006605,30297,3.0,1120.08,3360.24
908138,7010210,30537,6.0,441.65,2649.9
908139,7013756,30247,2.0,383.66,767.32
908140,7005129,30187,11.0,912.64,10039.04
908141,7004106,30024,7.0,204.15,1429.05
908142,7006796,31116,12.0,231.28,2775.36
908143,7004463,30727,5.0,326.95,1634.75
908144,7012380,31407,8.0,258.49,2067.92
908145,7002482,30049,3.0,600.83,1802.49
908146,7005482,31492,10.0,902.5,9025.0
908147,7001432,30711,9.0,789.22,7102.98
908148,7009648,30369,12.0,1006.65,12079.8
908149,7005868,30849,5.0,1168.65,5843.25
908150,7000583,31054,7.0,1106.48,7745.36
908151,7011395,30797,12.0,55.14,661.68
908152,7013939,30558,12.0,1001.88,12022.56
908153,7012658,31469,12.0,1173.8,14085.6
908154,7011998,30166,12.0,424.47,5093.64
908155,7008626,30397,10.0,450.42,4504.15
908156,7003573,30051,11.0,229.99,2529.89
908157,7003408,30058,8.0,664.17,5313.36
908158,7002712,30935,2.0,1128.14,2256.28
908159,7008722,31089,4.0,816.69,3266.76
908160,7011361,30919,1.0,930.53,930.53
908161,7005963,30150,3.0,955.63,2866.89
908162,7000072,30425,11.0,556.54,6121.94
908163,7002411,30139,8.0,390.41,3123.28
908164,7005637,31220,12.0,1084.45,13013.4
908165,7004614,31020,6.0,1099.74,6598.44
908166,7004083,30959,8.0,536.26,4290.12
908167,7012733,30026,2.0,1038.75,2077.5
908168,7001753,31117,3.0,193.07,579.21
908169,7008679,31125,8.0,178.34,1426.72
908170,7011454,31197,8.0,674.37,5394.96
908171,7005834,31198,11.0,368.9,4057.9
908172,7001974,30316,2.0,875.39,1750.78
908173,7014800,30050,1.0,421.95,421.95
908174,7009772,31221,7.0,15.53,108.71
908175,7003500,31307,5.0,202.85,1014.25
908176,7008496,30589,5.0,640.8,3204.0
908177,7010115,31019,4.0,577.58,2310.32
908178,7000124,30319,12.0,811.6,9739.2
908179,7006832,30535,2.0,299.71,599.42
908180,7013107,30123,9.0,593.28,5339.52
908181,7000275,31329,10.0,50.42,504.2
908182,7002725,30802,11.0,318.45,3502.95
908183,7009075,31219,9.0,1137.35,10236.15
908184,7014419,31288,8.0,681.9,5455.2
908185,7009584,30844,8.0,66.92,535.36
908186,7002870,31048,11.0,508.91,5598.01
908187,7014238,31443,1.0,678.52,678.52
908188,7001619,30548,1.0,118.6,118.6
908189,7014684,30644,3.0,733.19,2199.57
908190,7001503,30994,1.0,510.73,510.73
908191,7014608,30247,1.0,1187.67,1187.67
908192,7013615,31276,8.0,93.33,746.64
908193,7012997,30374,11.0,1047.84,11526.24
908194,7012501,31468,12.0,169.85,2038.2
908195,7000564,30644,4.0,424.63,1698.52
908196,7008734,30362,5.0,472.59,2362.95
908197,7007976,31177,12.0,126.85,1522.2
908198,7000399,30655,10.0,173.58,1735.8
908199,7007653,31391,5.0,752.18,3760.9
908200,7014063,30016,4.0,423.78,1695.12
908201,7003016,31015,11.0,605.41,6659.51
908202,7000648,30567,4.0,50.48,201.92
908203,7008845,31108,9.0,74.35,669.15
908204,7008302,30360,12.0,1001.23,12014.76
908205,7013270,30634,12.0,232.63,2791.56
908206,7014024,30111,12.0,353.05,4236.6
908207,7003275,30806,9.0,1156.35,10407.15
908208,7012322,30995,5.0,107.08,535.4
908209,7013227,30104,9.0,69.74,627.66
908210,7005874,30447,6.0,64.33,385.98
908211,7013223,30019,9.0,346.18,3115.62
908212,7003585,30253,1.0,395.01,395.01
908213,7004045,31282,2.0,503.38,1006.76
908214,7001281,30197,4.0,63.67,254.68
908215,7007106,30557,6.0,933.16,5598.96
908216,7012569,30239,9.0,703.81,6334.29
908217,7014453,30898,4.0,629.49,2517.96
908218,7008479,30706,6.0,367.87,2207.22
908219,7004031,30434,10.0,1039.61,10396.1
908220,7009970,30029,3.0,39.62,118.86
908221,7001368,31016,11.0,653.34,7186.74
908222,7009439,30768,5.0,638.24,3191.2
908223,7007574,30109,9.0,29.49,265.41
908224,7001045,31231,4.0,982.54,3930.16
908225,7001077,31233,12.0,303.31,3639.72
908226,7014068,31212,11.0,234.12,2575.32
908227,7009918,30539,1.0,1142.03,1142.03
908228,7006859,30251,5.0,747.08,3735.4
908229,7012112,30167,7.0,717.63,5023.41
908230,7011370,30317,11.0,1011.71,11128.81
908231,7012883,30940,10.0,1065.12,10651.2
908232,7007459,30582,10.0,172.21,1722.1
908233,7000180,30651,3.0,547.81,1643.43
908234,7009741,30564,8.0,481.94,3855.52
908235,7011742,31358,9.0,559.75,5037.75
908236,7004460,30202,7.0,314.66,2202.62
908237,7013910,31160,12.0,257.82,3093.84
908238,7010021,30613,7.0,410.81,2875.67
908239,7010404,30753,6.0,791.58,4749.48
908240,7013286,30005,1.0,44.09,44.09
908241,7001744,31344,11.0,357.64,3934.04
908242,7002803,31016,10.0,834.09,8340.9
908243,7011909,30322,7.0,526.41,3684.87
908244,7006270,30218,4.0,698.87,2795.48
908245,7008107,30778,6.0,10.31,61.86
908246,7011776,31052,1.0,880.69,880.69
908247,7002152,31335,11.0,877.2,9649.2
908248,7006528,31487,4.0,156.04,624.16
908249,7007647,30141,9.0,628.07,5652.63
908250,7009256,30073,2.0,1009.65,2019.3
908251,7001414,30666,8.0,47.04,376.32
908252,7013972,30314,1.0,475.39,475.39
908253,7005779,30411,2.0,852.15,1704.3
908254,7001170,31084,7.0,454.74,3183.18
908255,7005582,31196,1.0,590.42,590.42
908256,7004474,31114,10.0,58.25,582.5
908257,7001778,30259,5.0,893.78,4468.9
908258,7000829,30656,4.0,147.39,589.56
908259,7013227,30840,6.0,90.83,544.98
908260,7000634,30984,4.0,700.91,2803.64
908261,7008276,30095,12.0,584.15,7009.8
908262,7008925,30830,10.0,156.3,1563.0
908263,7013055,31148,11.0,461.16,5072.76
908264,7013362,31369,6.0,62.13,372.78
908265,7005031,30927,12.0,578.2,6938.4
908266,7007906,30298,8.0,609.22,4873.76
908267,7013573,30085,3.0,883.13,2649.39
908268,7008234,31269,7.0,1121.65,7851.55
908269,7003688,30283,8.0,846.24,6769.92
908270,7000361,30851,3.0,175.14,525.42
908271,7011134,30540,1.0,117.41,117.41
908272,7011569,30069,11.0,78.02,858.22
908273,7003936,30167,4.0,1117.17,4468.68
908274,7003087,30991,7.0,837.53,5862.71
908275,7005276,31029,5.0,127.15,635.75
908276,7002212,30685,12.0,68.39,820.68
908277,7011637,30087,2.0,768.28,1536.56
908278,7009000,30927,11.0,193.46,2128.06
908279,7010946,31169,7.0,516.71,3616.97
908280,7001038,30271,6.0,818.89,4913.34
908281,7011910,30374,5.0,381.14,1905.7
908282,7014636,30770,12.0,802.82,9633.84
908283,7010233,30313,6.0,867.55,5205.3
908284,7013071,30863,12.0,984.17,11810.04
908285,7002718,30643,1.0,885.68,885.68
908286,7013747,31146,6.0,472.02,2832.12
908287,7007832,30516,9.0,750.85,6757.65
908288,7001787,30143,7.0,320.66,2244.62
908289,7002417,31271,12.0,660.65,7927.8
908290,7000008,31106,1.0,939.34,939.34
908291,7013371,30016,3.0,683.32,2049.96
908292,7012943,30917,1.0,1028.59,1028.59
908293,7012375,30152,4.0,540.04,2160.16
908294,7010207,31347,12.0,779.48,9353.76
908295,7005627,30001,5.0,136.56,682.8
908296,7004033,30098,9.0,953.25,8579.25
908297,7001180,30286,12.0,326.7,3920.4
908298,7010318,30762,1.0,899.55,899.55
908299,7014815,31102,10.0,325.47,3254.7
908300,7011824,30485,10.0,531.87,5318.7
908301,7000628,30440,7.0,556.51,3895.57
908302,7005792,31490,12.0,672.43,8069.16
908303,7002421,30742,5.0,898.07,4490.35
908304,7000564,30520,5.0,853.26,4266.3
908305,7006549,31286,4.0,129.58,518.32
908306,7011377,30750,2.0,804.84,1609.68
908307,7009290,30726,3.0,157.57,472.71
908308,7003673,31392,10.0,892.77,8927.7
908309,7012990,30750,3.0,581.05,1743.15
908310,7000258,30275,12.0,150.15,1801.8
908311,7006273,30667,11.0,439.89,4838.79
908312,7002814,31425,11.0,432.29,4755.19
908313,7002890,31144,5.0,540.39,2701.95
908314,7010669,30843,4.0,112.96,451.84
908315,7009084,30178,5.0,740.67,3703.35
908316,7000782,30792,10.0,1063.81,10638.1
908317,7000939,30574,12.0,176.63,2119.56
908318,7002645,30792,5.0,611.92,3059.6
908319,7011618,30074,4.0,581.07,2324.28
908320,7002095,30404,12.0,694.2,8330.4
908321,7005010,31380,4.0,603.26,2413.04
908322,7006478,30151,7.0,622.11,4354.77
908323,7009757,30479,12.0,1074.74,12896.88
908324,7012921,31166,11.0,593.9,6532.9
908325,7006624,30030,7.0,181.97,1273.79
908326,7004086,31436,12.0,718.06,8616.72
908327,7006865,30122,11.0,1172.13,12893.43
908328,7014196,31087,10.0,968.87,9688.7
908329,7006863,30591,7.0,89.75,628.25
908330,7009252,30068,2.0,1048.12,2096.24
908331,7007515,30520,7.0,706.68,4946.76
908332,7011851,30163,4.0,481.89,1927.56
908333,7010900,30212,12.0,349.25,4191.0
908334,7011728,30797,11.0,994.95,10944.45
908335,7002627,30153,9.0,899.02,8091.18
908336,7008896,30840,9.0,224.36,2019.24
908337,7008389,31082,11.0,271.66,2988.26
908338,7008291,30649,3.0,571.54,1714.62
908339,7008801,30210,4.0,572.45,2289.8
908340,7008783,30698,2.0,180.11,360.22
908341,7002356,31183,12.0,933.87,11206.44
908342,7002804,30453,12.0,324.51,3894.12
908343,7003490,31174,10.0,839.82,8398.2
908344,7014507,31381,8.0,305.78,2446.23
908345,7012657,30139,1.0,498.91,498.91
908346,7010803,31250,9.0,957.82,8620.38
908347,7004503,31369,5.0,174.57,872.85
908348,7011511,31349,7.0,120.33,842.31
908349,7007615,31183,4.0,1092.49,4369.96
908350,7005520,30728,8.0,349.14,2793.12
908351,7004945,30337,12.0,964.52,11574.24
908352,7008914,30086,5.0,781.29,3906.45
908353,7001874,31151,8.0,882.86,7062.88
908354,7011239,30478,7.0,773.33,5413.31
908355,7009350,30904,8.0,17.86,142.88
908356,7007282,30839,4.0,205.99,823.96
908357,7009265,30247,11.0,325.88,3584.68
908358,7002985,31455,7.0,40.1,280.7
908359,7000561,30634,8.0,666.49,5331.92
908360,7001680,30024,5.0,1050.26,5251.3
908361,7008007,30387,10.0,145.1,1451.0
908362,7002922,30553,4.0,400.54,1602.16
908363,7005470,30902,9.0,781.16,7030.44
908364,7006458,30297,4.0,437.05,1748.2
908365,7012916,30543,8.0,765.0,6120.0
908366,7009001,30600,9.0,167.48,1507.32
908367,7007597,30385,4.0,58.69,234.76
908368,7003946,30176,8.0,23.71,189.68
908369,7005060,31330,6.0,331.15,1986.9
908370,7011346,30255,10.0,1096.31,10963.1
908371,7006126,31227,6.0,764.11,4584.66
908372,7011476,30554,6.0,699.41,4196.46
908373,7010337,30197,2.0,631.77,1263.54
908374,7000940,31118,6.0,47.29,283.74
908375,7001190,30011,2.0,1121.62,2243.24
908376,7007775,30401,5.0,813.86,4069.3
908377,7005926,31109,3.0,574.55,1723.65
908378,7005451,30349,11.0,256.48,2821.28
908379,7004588,30816,4.0,1176.15,4704.6
908380,7003822,30851,2.0,1176.33,2352.66
908381,7005083,31070,1.0,394.07,394.07
908382,7002903,30056,9.0,891.89,8027.01
908383,7010498,31463,6.0,123.62,741.75
908384,7005382,30049,11.0,983.17,10814.87
908385,7013083,30261,10.0,196.9,1969.0
908386,7011950,30970,12.0,935.77,11229.24
908387,7004889,30890,9.0,211.2,1900.8
908388,7002215,30321,1.0,343.22,343.22
908389,7010627,31210,2.0,87.57,175.14
908390,7010377,30970,12.0,307.8,3693.6
908391,7002707,31266,10.0,544.9,5449.0
908392,7000569,31420,8.0,1016.18,8129.44
908393,7010791,30770,7.0,436.38,3054.66
908394,7006682,30039,1.0,29.84,29.84
908395,7004706,31374,9.0,77.92,701.28
908396,7006703,30732,7.0,813.14,5691.98
908397,7005078,31398,1.0,902.03,902.03
908398,7012639,30894,3.0,43.14,129.42
908399,7013542,30200,12.0,409.94,4919.28
908400,7001691,30979,1.0,617.07,617.07
908401,7009298,30828,9.0,676.74,6090.66
908402,7002311,31066,7.0,314.08,2198.56
908403,7000575,31295,12.0,213.52,2562.24
908404,7001372,31141,10.0,707.45,7074.5
908405,7005622,30699,10.0,365.14,3651.4
908406,7007833,31029,10.0,1078.34,10783.4
908407,7002610,30340,12.0,100.31,1203.72
908408,7003327,30480,10.0,374.9,3749.0
908409,7005539,31356,3.0,774.51,2323.53
908410,7003758,30454,8.0,1197.66,9581.28
908411,7009271,30558,5.0,274.54,1372.7
908412,7014645,31399,10.0,415.55,4155.5
908413,7005780,30829,11.0,544.21,5986.31
908414,7014580,30851,11.0,717.42,7891.62
908415,7004916,30015,7.0,1026.46,7185.22
908416,7007064,30351,12.0,503.01,6036.12
908417,7007943,30167,4.0,701.24,2804.94
908418,7011639,30869,4.0,334.09,1336.36
908419,7009661,30317,3.0,258.54,775.62
908420,7000096,30425,11.0,406.73,4474.03
908421,7013238,30370,6.0,294.4,1766.4
908422,7010913,30578,5.0,896.36,4481.8
908423,7002055,30570,4.0,369.95,1479.8
908424,7011632,31281,8.0,421.89,3375.12
908425,7007096,31001,11.0,844.67,9291.37
908426,7013790,31209,7.0,494.49,3461.43
908427,7002389,30760,2.0,304.06,608.12
908428,7004306,31288,9.0,652.98,5876.82
908429,7000399,31407,7.0,655.02,4585.14
908430,7011687,30853,11.0,740.55,8146.05
908431,7009513,30202,10.0,964.36,9643.6
908432,7006586,30015,11.0,760.33,8363.63
908433,7001847,31333,12.0,444.37,5332.44
908434,7003916,30008,3.0,473.56,1420.68
908435,7012383,30108,9.0,899.23,8093.07
908436,7008288,30909,11.0,1198.96,13188.56
908437,7004689,30855,5.0,406.97,2034.85
908438,7010780,31460,9.0,533.46,4801.14
908439,7007408,31097,1.0,379.22,379.22
908440,7008580,31161,1.0,739.82,739.82
908441,7013944,31263,1.0,219.12,219.12
908442,7014495,30807,12.0,908.33,10899.96
908443,7004636,31095,11.0,80.74,888.14
908444,7001137,30709,2.0,554.54,1109.08
908445,7001796,30165,3.0,604.24,1812.72
908446,7008052,31143,5.0,1184.31,5921.55
908447,7008213,30924,9.0,747.45,6727.05
908448,7009515,31344,6.0,144.23,865.38
908449,7007899,31357,4.0,943.02,3772.08
908450,7005421,30081,6.0,1163.14,6978.84
908451,7009396,30804,3.0,737.88,2213.64
908452,7007017,30364,2.0,19.0,38.0
908453,7001965,31276,3.0,263.29,789.87
908454,7002382,30707,7.0,854.08,5978.56
908455,7010230,30758,7.0,279.63,1957.41
908456,7012741,31075,9.0,1199.6,10796.4
908457,7008979,31170,8.0,667.01,5336.08
908458,7012215,30456,3.0,860.64,2581.92
908459,7003882,30174,5.0,101.38,506.9
908460,7006120,31303,11.0,281.57,3097.27
908461,7004050,30725,5.0,459.24,2296.2
908462,7008805,30896,11.0,159.96,1759.56
908463,7002372,30887,3.0,331.33,993.99
908464,7001507,30974,2.0,709.32,1418.64
908465,7003185,30540,12.0,364.61,4375.32
908466,7001384,31270,3.0,203.32,609.96
908467,7006329,30075,7.0,953.94,6677.58
908468,7012880,30214,11.0,292.72,3219.92
908469,7000224,30140,2.0,885.63,1771.26
908470,7008969,30694,12.0,123.67,1484.04
908471,7002040,31400,2.0,456.57,913.14
908472,7003963,30124,6.0,749.93,4499.58
908473,7002767,30236,5.0,885.93,4429.65
908474,7000316,30314,2.0,430.56,861.12
908475,7011844,30408,8.0,270.23,2161.84
908476,7008465,30919,2.0,897.94,1795.88
908477,7004702,30843,7.0,694.87,4864.09
908478,7004672,30953,4.0,580.24,2320.96
908479,7002883,31118,9.0,21.68,195.12
908480,7012548,30728,9.0,1195.5,10759.5
908481,7002592,31283,8.0,1022.16,8177.28
908482,7001684,30525,12.0,257.02,3084.24
908483,7006444,31176,1.0,3411.1,3411.1
908484,7010987,31465,9.0,834.94,7514.46
908485,7009174,31065,3.0,127.88,383.64
908486,7012481,30419,6.0,1168.3,7009.8
908487,7002379,30699,6.0,345.76,2074.56
908488,7006752,30266,11.0,1022.73,11250.03
908489,7012959,30115,6.0,1183.65,7101.9
908490,7012926,31221,7.0,843.01,5901.07
908491,7012743,30511,11.0,419.21,4611.31
908492,7002982,30560,11.0,882.12,9703.32
908493,7007890,30622,6.0,296.27,1777.62
908494,7008126,31144,3.0,412.71,1238.13
908495,7001095,30609,10.0,766.53,7665.3
908496,7013156,30118,6.0,1059.08,6354.48
908497,7011730,30962,4.0,440.45,1761.8
908498,7005585,30457,4.0,643.47,2573.88
908499,7013482,31067,11.0,1165.55,12821.05
908500,7007998,30092,4.0,1126.16,4504.64
908501,7005356,30230,10.0,835.15,8351.5
908502,7007335,31342,2.0,1153.41,2306.82
908503,7001006,30662,11.0,508.14,5589.54
908504,7004882,31233,11.0,629.19,6921.09
908505,7006258,30914,4.0,253.82,1015.28
908506,7012156,30147,10.0,780.49,7804.9
908507,7004270,31018,9.0,429.54,3865.86
908508,7009709,30347,3.0,829.0,2487.0
908509,7007653,30371,6.0,460.09,2760.54
908510,7011791,31405,2.0,257.54,515.08
908511,7005440,31496,5.0,382.27,1911.35
908512,7014632,30066,1.0,154.01,154.01
908513,7000149,30976,1.0,65.93,65.93
908514,7013837,30656,6.0,863.48,5180.88
908515,7009706,31152,8.0,1174.0,9392.0
908516,7003997,30777,7.0,208.97,1462.79
908517,7001480,30825,12.0,1191.4,14296.8
908518,7013267,30227,7.0,268.31,1878.17
908519,7014493,31181,5.0,704.59,3522.95
908520,7013162,30369,5.0,1042.3,5211.5
908521,7003312,31264,1.0,359.56,359.56
908522,7002328,31019,8.0,1035.87,8286.96
908523,7001983,30583,10.0,861.66,8616.6
908524,7001762,30119,1.0,867.85,867.85
908525,7007443,30220,6.0,980.65,5883.9
908526,7005243,30547,1.0,941.8,941.8
908527,7011191,30313,2.0,908.11,1816.22
908528,7011196,31496,7.0,563.31,3943.17
908529,7008182,30514,12.0,724.86,8698.32
908530,7004879,30529,2.0,172.58,345.16
908531,7008142,31305,12.0,769.01,9228.12
908532,7009309,30766,11.0,313.66,3450.26
908533,7014408,30059,3.0,249.31,747.93
908534,7013782,30353,2.0,125.61,251.22
908535,7011144,31329,4.0,445.36,1781.44
908536,7010110,30004,7.0,868.94,6082.58
908537,7007899,31169,3.0,255.97,767.91
908538,7004267,31487,2.0,940.82,1881.64
908539,7009963,31208,6.0,346.54,2079.24
908540,7008992,30288,11.0,68.29,751.19
908541,7011727,30833,8.0,770.06,6160.48
908542,7012934,30378,1.0,839.54,839.54
908543,7013975,30109,3.0,496.79,1490.37
908544,7007694,30876,3.0,10.52,31.56
908545,7003570,30956,6.0,357.81,2146.86
908546,7014255,31248,12.0,427.8,5133.6
908547,7000531,30454,11.0,603.68,6640.48
908548,7012299,30978,2.0,321.92,643.84
908549,7014780,30019,9.0,932.8,8395.2
908550,7013917,30883,12.0,1063.57,12762.84
908551,7008094,31226,12.0,578.55,6942.6
908552,7003166,30818,8.0,127.72,1021.76
908553,7002970,30644,10.0,114.95,1149.5
908554,7010185,30497,7.0,894.17,6259.19
908555,7004083,30802,2.0,859.81,1719.62
908556,7003010,31398,10.0,772.38,7723.8
908557,7005809,30726,6.0,295.54,1773.24
908558,7001187,30997,5.0,143.91,719.55
908559,7012630,30664,11.0,453.98,4993.78
908560,7007838,30265,11.0,364.39,4008.29
908561,7002466,31263,8.0,1006.32,8050.56
908562,7003647,30866,8.0,490.47,3923.76
908563,7001076,30021,12.0,539.65,6475.8
908564,7007876,31112,9.0,235.17,2116.53
908565,7013503,30549,11.0,902.64,9929.04
908566,7009611,31273,8.0,76.97,615.76
908567,7002045,31157,4.0,1036.43,4145.72
908568,7012396,31216,7.0,57.33,401.31
908569,7005891,31339,11.0,693.24,7625.64
908570,7009042,31320,4.0,371.66,1486.64
908571,7007937,30245,9.0,816.16,7345.44
908572,7006325,30881,11.0,1178.31,12961.41
908573,7008212,30866,8.0,544.72,4357.72
908574,7012189,31045,11.0,399.93,4399.23
908575,7001302,30234,2.0,570.32,1140.64
908576,7007240,30018,11.0,67.42,741.62
908577,7002480,31273,6.0,270.81,1624.86
908578,7009018,30656,6.0,1148.31,6889.86
908579,7003071,30711,9.0,853.51,7681.59
908580,7000032,30970,8.0,224.53,1796.24
908581,7010460,30074,1.0,1003.2,1003.2
908582,7012131,30013,7.0,255.55,1788.85
908583,7013486,30910,8.0,1103.4,8827.2
908584,7000641,31374,7.0,1144.45,8011.15
908585,7004260,31210,5.0,241.87,1209.35
908586,7004528,30639,2.0,804.61,1609.22
908587,7011214,30797,2.0,725.91,1451.82
908588,7007313,30539,8.0,169.44,1355.52
908589,7011322,30927,6.0,845.86,5075.16
908590,7004387,30284,3.0,1096.77,3290.31
908591,7005405,30950,4.0,1053.58,4214.32
908592,7007846,31103,4.0,1171.3,4685.2
908593,7004538,30750,8.0,650.28,5202.24
908594,7010047,31004,4.0,49.67,198.68
908595,7001975,31137,9.0,1051.83,9466.47
908596,7012059,31336,4.0,1027.55,4110.2
908597,7000876,30670,5.0,579.18,2895.9
908598,7006789,30886,5.0,225.75,1128.75
908599,7009671,31361,4.0,1048.45,4193.8
908600,7004560,31146,9.0,663.38,5970.42
908601,7001269,30668,1.0,1021.13,1021.13
908602,7000935,31407,8.0,246.73,1973.84
908603,7005107,30516,1.0,846.78,846.78
908604,7012346,30162,6.0,378.82,2272.92
908605,7006923,31105,11.0,472.03,5192.33
908606,7001940,31379,3.0,118.8,356.4
908607,7009650,31229,2.0,819.64,1639.28
908608,7008406,30261,12.0,1162.73,13952.76
908609,7009159,30955,6.0,101.0,606.0
908610,7003952,31075,5.0,694.94,3474.7
908611,7001308,30963,1.0,392.91,392.91
908612,7000123,31181,8.0,869.7,6957.6
908613,7005677,30353,7.0,983.72,6886.04
908614,7005404,30924,11.0,300.22,3302.42
908615,7007290,31094,10.0,1042.11,10421.1
908616,7004193,30196,9.0,440.88,3967.92
908617,7002095,30411,1.0,730.34,730.34
908618,7009922,31316,2.0,867.64,1735.28
908619,7010330,30648,6.0,726.15,4356.9
908620,7003025,30600,2.0,751.3,1502.6
908621,7010212,30573,6.0,525.68,3154.08
908622,7014635,30296,12.0,468.36,5620.32
908623,7013309,30213,2.0,847.56,1695.12
908624,7010330,30219,5.0,763.88,3819.4
908625,7006886,30165,3.0,455.97,1367.91
908626,7004548,30133,12.0,84.6,1015.2
908627,7000709,30472,10.0,809.98,8099.8
908628,7003275,31470,11.0,1095.49,12050.39
908629,7009893,30719,4.0,988.66,3954.64
908630,7013310,31448,7.0,1172.26,8205.82
908631,7005429,30580,6.0,874.45,5246.7
908632,7008310,30229,5.0,1050.03,5250.15
908633,7007359,30692,1.0,632.55,632.55
908634,7001397,31325,12.0,1102.03,13224.36
908635,7012337,31236,3.0,267.18,801.54
908636,7014172,30074,12.0,603.6,7243.2
908637,7006029,31043,5.0,72.64,363.19
908638,7003344,30796,11.0,1177.72,12954.92
908639,7006051,30884,8.0,776.46,6211.68
908640,7012174,30133,6.0,450.1,2700.6
908641,7011089,31204,6.0,301.3,1807.8
908642,7003663,30024,9.0,1086.92,9782.28
908643,7002216,30609,2.0,451.08,902.16
908644,7012697,30829,8.0,408.19,3265.52
908645,7001779,31305,11.0,1126.36,12389.96
908646,7008377,30434,4.0,1027.06,4108.24
908647,7014579,31006,12.0,829.19,9950.28
908648,7009584,30570,5.0,391.84,1959.2
908649,7005618,30809,11.0,258.49,2843.39
908650,7002395,30348,6.0,209.07,1254.42
908651,7008319,30654,1.0,490.01,490.01
908652,7001986,30429,4.0,147.62,590.48
908653,7012151,30202,7.0,352.51,2467.57
908654,7009098,30369,6.0,541.07,3246.42
908655,7013279,31222,6.0,77.71,466.26
908656,7003982,31343,2.0,511.12,1022.24
908657,7004094,30295,6.0,1055.07,6330.42
908658,7003700,30519,11.0,741.96,8161.56
908659,7006241,30080,6.0,1033.16,6198.96
908660,7008509,31487,8.0,677.39,5419.12
908661,7000184,31101,11.0,1195.16,13146.76
908662,7000623,31251,12.0,559.8,6717.6
908663,7006340,30253,8.0,382.58,3060.64
908664,7009243,30226,4.0,102.14,408.56
908665,7005334,30474,4.0,477.4,1909.62
908666,7008923,30602,1.0,736.2,736.2
908667,7012612,31448,7.0,458.68,3210.76
908668,7009092,30491,1.0,659.45,659.45
908669,7004803,30784,9.0,166.8,1501.16
908670,7003877,30237,6.0,892.92,5357.52
908671,7003338,31406,5.0,1036.83,5184.15
908672,7013182,30699,4.0,643.32,2573.28
908673,7004874,31495,11.0,730.2,8032.2
908674,7014319,30370,12.0,1088.37,13060.44
908675,7005539,31370,7.0,220.89,1546.23
908676,7008809,30175,1.0,865.89,865.89
908677,7005797,30602,7.0,1032.86,7230.02
908678,7001554,30543,11.0,336.08,3696.88
908679,7000540,30942,11.0,395.05,4345.55
908680,7007365,31374,10.0,1103.0,11030.0
908681,7003662,31480,7.0,739.68,5177.76
908682,7014213,30806,7.0,254.62,1782.34
908683,7000570,30916,3.0,136.85,410.55
908684,7014025,31223,11.0,209.32,2302.52
908685,7003256,31491,5.0,393.3,1966.5
908686,7000606,30194,10.0,874.08,8740.8
908687,7010834,30920,11.0,352.49,3877.39
908688,7001780,30920,2.0,644.89,1289.78
908689,7006747,30154,10.0,339.03,3390.33
908690,7012465,30522,6.0,956.07,5736.42
908691,7000752,30891,7.0,209.08,1463.56
908692,7003841,30659,6.0,603.65,3621.9
908693,7001436,31072,9.0,797.67,7179.03
908694,7013936,30689,4.0,15.19,60.76
908695,7010951,30895,5.0,704.58,3522.9
908696,7013281,31205,8.0,604.8,4838.4
908697,7001148,31220,11.0,507.0,5577.0
908698,7004062,30957,5.0,1193.12,5965.6
908699,7001443,30775,1.0,941.94,941.94
908700,7008780,31035,11.0,259.36,2852.96
908701,7007381,30400,6.0,885.16,5310.96
908702,7008358,30126,8.0,741.3,5930.4
908703,7009624,30053,11.0,1016.24,11178.64
908704,7006326,31020,9.0,282.1,2538.9
908705,7003609,30982,5.0,1184.09,5920.45
908706,7008523,30541,6.0,616.94,3701.64
908707,7013342,31487,9.0,1114.42,10029.78
908708,7011694,30825,6.0,150.06,900.36
908709,7010223,30361,9.0,529.79,4768.11
908710,7005450,31134,11.0,50.79,558.7
908711,7010708,30586,6.0,204.69,1228.14
908712,7008058,31209,12.0,905.15,10861.8
908713,7002449,30330,3.0,425.21,1275.63
908714,7009409,31396,1.0,134.34,134.34
908715,7009300,31040,4.0,467.53,1870.12
908716,7004903,30065,5.0,125.86,629.29
908717,7011179,30070,12.0,192.06,2304.72
908718,7000668,30811,9.0,338.86,3049.74
908719,7006710,30721,1.0,11.11,11.11
908720,7005738,31209,5.0,311.1,1555.5
908721,7008447,30097,12.0,491.15,5893.8
908722,7008302,30291,9.0,696.37,6267.33
908723,7011203,31264,2.0,828.73,1657.46
908724,7005890,30761,9.0,584.86,5263.74
908725,7012971,31020,6.0,564.93,3389.58
908726,7004829,30805,8.0,359.89,2879.12
908727,7005004,30955,5.0,304.67,1523.35
908728,7008730,30028,2.0,625.71,1251.42
908729,7009894,31065,12.0,489.65,5875.8
908730,7011816,31264,2.0,829.44,1658.88
908731,7004018,30634,11.0,767.89,8446.79
908732,7011741,30638,12.0,454.92,5459.04
908733,7003496,31307,9.0,415.09,3735.81
908734,7010220,30490,12.0,61.8,741.6
908735,7000944,31192,5.0,773.81,3869.05
908736,7001051,30976,7.0,1012.12,7084.84
908737,7007031,30898,12.0,183.23,2198.76
908738,7002720,30434,4.0,913.4,3653.6
908739,7013412,30341,4.0,82.97,331.88
908740,7011273,31057,12.0,202.39,2428.68
908741,7007900,30777,12.0,1052.27,12627.24
908742,7007814,30794,1.0,942.48,942.48
908743,7001475,30562,9.0,62.65,563.85
908744,7011151,30796,1.0,652.03,652.03
908745,7007309,30456,10.0,177.05,1770.5
908746,7001624,31123,3.0,190.63,571.89
908747,7011944,30849,3.0,409.34,1228.02
908748,7013452,30812,9.0,944.27,8498.43
908749,7010918,31235,4.0,244.05,976.2
908750,7000846,30033,10.0,87.08,870.8
908751,7011852,30897,1.0,123.32,123.32
908752,7009122,30604,6.0,580.27,3481.62
908753,7014686,30110,7.0,814.5,5701.5
908754,7008607,30197,11.0,514.09,5654.99
908755,7009036,30090,1.0,933.41,933.41
908756,7006376,30864,1.0,574.79,574.79
908757,7000880,31037,12.0,174.26,2091.11
908758,7014717,30898,4.0,550.1,2200.4
908759,7008333,31032,5.0,505.49,2527.45
908760,7008272,30590,9.0,1060.68,9546.12
908761,7013862,30730,2.0,997.85,1995.7
908762,7007391,30100,8.0,676.56,5412.48
908763,7013319,30506,7.0,508.44,3559.08
908764,7012806,31332,10.0,1007.03,10070.3
908765,7002725,30851,12.0,336.04,4032.48
908766,7012633,30652,5.0,285.68,1428.4
908767,7001984,30087,4.0,378.9,1515.6
908768,7004749,30027,2.0,625.71,1251.42
908769,7008415,31096,4.0,530.26,2121.04
908770,7010565,30224,5.0,666.55,3332.75
908771,7004780,31155,12.0,1012.08,12144.96
908772,7005345,30230,6.0,1136.63,6819.78
908773,7006939,30361,6.0,214.12,1284.72
908774,7002649,30335,8.0,59.53,476.24
908775,7007754,30664,9.0,1069.91,9629.19
908776,7000597,31223,12.0,550.07,6600.84
908777,7013220,30898,8.0,382.02,3056.16
908778,7012228,31114,6.0,1188.11,7128.66
908779,7008882,30774,5.0,302.36,1511.8
908780,7003399,31488,9.0,627.42,5646.78
908781,7013598,31070,3.0,477.68,1433.04
908782,7000469,31008,1.0,170.43,170.43
908783,7000824,30847,1.0,1186.57,1186.57
908784,7009894,30936,11.0,618.47,6803.17
908785,7010132,31257,11.0,969.37,10663.07
908786,7014443,31130,7.0,519.11,3633.77
908787,7010712,30693,5.0,631.96,3159.8
908788,7009263,30612,5.0,453.47,2267.35
908789,7008057,31490,7.0,551.93,3863.51
908790,7003927,30033,4.0,849.09,3396.36
908791,7012576,30998,9.0,841.38,7572.42
908792,7000704,31039,11.0,1013.26,11145.86
908793,7000330,31437,5.0,146.28,731.4
908794,7013676,30328,8.0,93.32,746.56
908795,7009341,30961,1.0,28.44,28.44
908796,7012348,31168,2.0,314.65,629.3
908797,7003158,30292,9.0,789.7,7107.3
908798,7000688,30034,10.0,982.14,9821.4
908799,7013426,31179,8.0,929.08,7432.64
908800,7001154,30632,10.0,749.91,7499.1
908801,7005576,30861,2.0,1049.35,2098.7
908802,7012784,30788,8.0,305.24,2441.92
908803,7013162,30974,12.0,1096.17,13154.04
908804,7006973,31123,5.0,212.1,1060.5
908805,7003751,31184,8.0,1050.93,8407.44
908806,7012081,30105,3.0,513.01,1539.03
908807,7009464,30476,4.0,571.48,2285.92
908808,7011582,30305,7.0,891.58,6241.06
908809,7007819,31184,5.0,323.1,1615.5
908810,7002515,31221,1.0,299.58,299.58
908811,7014331,30342,1.0,931.52,931.52
908812,7012081,30636,4.0,318.92,1275.68
908813,7001890,30765,8.0,618.77,4950.16
908814,7004088,30408,3.0,998.4,2995.2
908815,7011484,30049,8.0,765.59,6124.72
908816,7002287,30930,4.0,186.51,746.04
908817,7000279,31428,3.0,853.89,2561.67
908818,7006040,31073,8.0,844.82,6758.56
908819,7008268,30804,10.0,176.06,1760.6
908820,7002487,30221,1.0,16.13,16.13
908821,7012885,30672,6.0,350.73,2104.38
908822,7010888,31238,5.0,193.57,967.85
908823,7006570,30508,7.0,100.83,705.81
908824,7010489,30891,5.0,479.17,2395.85
908825,7014475,30583,6.0,366.45,2198.7
908826,7006611,30109,2.0,517.73,1035.46
908827,7003375,31373,10.0,585.94,5859.4
908828,7003607,30446,7.0,775.01,5425.07
908829,7005462,31297,3.0,945.82,2837.46
908830,7005701,30671,4.0,205.21,820.84
908831,7009604,30232,1.0,966.02,966.02
908832,7003882,30073,4.0,1067.2,4268.8
908833,7008658,31324,10.0,1155.67,11556.7
908834,7002675,30747,2.0,158.36,316.72
908835,7012839,31328,6.0,589.93,3539.58
908836,7002270,31094,9.0,364.22,3277.98
908837,7008405,30066,7.0,613.8,4296.6
908838,7012108,30006,12.0,1134.73,13616.76
908839,7001369,31120,4.0,1023.52,4094.08
908840,7004155,30146,11.0,822.65,9049.15
908841,7007579,30337,10.0,625.51,6255.1
908842,7006264,31372,3.0,294.14,882.42
908843,7010022,31262,1.0,2612.8,2612.8
908844,7006692,30460,12.0,175.81,2109.72
908845,7010751,30027,5.0,382.81,1914.05
908846,7002739,31293,9.0,645.0,5805.0
908847,7000885,30140,8.0,702.94,5623.52
908848,7013456,31115,5.0,689.02,3445.1
908849,7014400,30386,5.0,384.89,1924.45
908850,7014489,30042,2.0,614.64,1229.28
908851,7010878,31252,5.0,226.8,1134.0
908852,7002124,30254,9.0,88.15,793.35
908853,7012699,30395,2.0,806.84,1613.68
908854,7003561,30275,9.0,944.68,8502.12
908855,7002507,30848,2.0,798.12,1596.24
908856,7001578,30765,10.0,184.85,1848.5
908857,7005259,31457,4.0,256.28,1025.12
908858,7013467,31237,8.0,168.77,1350.16
908859,7009017,30554,8.0,1023.24,8185.92
908860,7000510,30031,12.0,479.71,5756.52
908861,7003220,30123,10.0,783.46,7834.6
908862,7009958,30821,4.0,1098.88,4395.52
908863,7010138,30945,9.0,942.77,8484.93
908864,7012854,31023,8.0,45.89,367.12
908865,7012492,30145,5.0,704.63,3523.15
908866,7011917,30655,8.0,143.61,1148.88
908867,7014604,30606,12.0,263.02,3156.24
908868,7013237,30707,3.0,771.42,2314.26
908869,7010762,30867,2.0,625.95,1251.9
908870,7000915,30855,11.0,904.9,9953.9
908871,7004173,31289,4.0,562.49,2249.96
908872,7000562,31382,12.0,286.38,3436.56
908873,7012628,30670,10.0,1023.11,10231.1
908874,7004020,30571,11.0,15.01,165.11
908875,7007891,31469,4.0,1114.19,4456.76
908876,7014670,31320,6.0,179.31,1075.86
908877,7009052,30093,4.0,1103.66,4414.64
908878,7010255,30477,2.0,175.81,351.62
908879,7014590,31117,9.0,572.76,5154.84
908880,7009605,30863,7.0,1190.83,8335.81
908881,7014656,31411,5.0,720.08,3600.4
908882,7011177,31315,8.0,410.65,3285.2
908883,7007207,30675,2.0,164.66,329.32
908884,7011738,30072,4.0,155.94,623.76
908885,7008373,30763,11.0,900.34,9903.74
908886,7000898,30732,1.0,580.8,580.8
908887,7003412,30898,2.0,181.59,363.18
908888,7008556,31275,12.0,884.24,10610.88
908889,7005928,30673,1.0,706.54,706.54
908890,7005475,30088,8.0,125.28,1002.24
908891,7005642,30851,6.0,1033.66,6201.96
908892,7000173,30398,12.0,915.52,10986.24
908893,7006625,30069,5.0,821.31,4106.55
908894,7006871,30364,9.0,876.56,7889.04
908895,7001043,31238,11.0,751.94,8271.34
908896,7011451,30706,1.0,601.81,601.81
908897,7014112,31487,6.0,382.42,2294.52
908898,7003286,31215,12.0,309.45,3713.4
908899,7006834,31082,3.0,468.77,1406.31
908900,7002358,30200,5.0,503.11,2515.55
908901,7000763,31391,4.0,288.24,1152.96
908902,7006319,30054,4.0,729.09,2916.36
908903,7003129,30505,1.0,629.82,629.82
908904,7006285,30681,8.0,176.51,1412.08
908905,7014949,31487,10.0,938.17,9381.7
908906,7014155,31292,6.0,951.97,5711.82
908907,7002528,31043,1.0,773.05,773.05
908908,7012906,30136,4.0,704.85,2819.4
908909,7007991,30829,5.0,1102.63,5513.15
908910,7012361,30359,3.0,951.97,2855.91
908911,7007293,30619,8.0,138.94,1111.52
908912,7003436,30737,8.0,578.21,4625.68
908913,7003598,30779,2.0,683.56,1367.12
908914,7003788,30026,3.0,321.88,965.64
908915,7007379,30706,11.0,405.38,4459.18
908916,7006944,30416,3.0,820.91,2462.73
908917,7013792,30457,10.0,676.23,6762.3
908918,7003884,30897,1.0,464.14,464.14
908919,7000449,31077,3.0,874.99,2624.97
908920,7000823,30926,5.0,348.26,1741.3
908921,7007232,30028,4.0,1152.91,4611.64
908922,7013076,31053,2.0,954.47,1908.94
908923,7008158,30348,2.0,1100.75,2201.5
908924,7004169,30840,2.0,809.73,1619.46
908925,7000017,30923,8.0,199.05,1592.4
908926,7002142,30315,4.0,198.28,793.12
908927,7003847,30386,8.0,935.8,7486.4
908928,7000457,30249,11.0,202.45,2226.95
908929,7010405,31069,6.0,1104.76,6628.56
908930,7008698,31379,7.0,776.78,5437.46
908931,7012410,30428,9.0,610.66,5495.94
908932,7007233,31060,11.0,891.21,9803.31
908933,7002098,30049,7.0,1040.5,7283.5
908934,7014553,31000,12.0,355.31,4263.72
908935,7000114,31317,8.0,974.43,7795.44
908936,7001576,31154,10.0,1093.86,10938.6
908937,7013441,30781,11.0,390.59,4296.49
908938,7004470,30044,5.0,304.85,1524.25
908939,7001788,30416,4.0,772.79,3091.16
908940,7007472,31411,12.0,888.75,10665.0
908941,7007005,31123,11.0,137.11,1508.21
908942,7009751,30747,11.0,461.05,5071.55
908943,7005044,31492,3.0,410.29,1230.87
908944,7002167,31036,11.0,234.2,2576.2
908945,7013927,31466,1.0,513.0,513.0
908946,7010700,30147,8.0,1179.22,9433.76
908947,7012527,30864,5.0,840.1,4200.5
908948,7004264,30547,12.0,548.92,6587.1
908949,7008630,30109,5.0,464.32,2321.6
908950,7006874,30345,7.0,452.83,3169.81
908951,7003057,30579,11.0,609.51,6704.61
908952,7011293,30346,5.0,441.28,2206.4
908953,7010213,31124,5.0,579.55,2897.75
908954,7002763,30593,11.0,990.05,10890.55
908955,7003652,31169,12.0,1138.65,13663.8
908956,7003403,30674,6.0,168.81,1012.86
908957,7011385,31230,8.0,1162.67,9301.36
908958,7003131,30030,7.0,748.07,5236.49
908959,7010746,30175,6.0,567.75,3406.5
908960,7003296,31363,9.0,934.17,8407.53
908961,7001518,30649,6.0,687.74,4126.44
908962,7000812,31061,4.0,397.72,1590.88
908963,7014585,30938,12.0,227.53,2730.33
908964,7011816,31258,2.0,1055.46,2110.92
908965,7000828,30120,4.0,20.1,80.4
908966,7006550,30525,9.0,178.82,1609.38
908967,7000953,30643,12.0,541.07,6492.84
908968,7006629,31293,3.0,403.78,1211.34
908969,7003556,30790,8.0,194.45,1555.6
908970,7012345,30726,8.0,622.79,4982.32
908971,7007648,30157,6.0,1081.99,6491.94
908972,7013471,31212,1.0,620.28,620.28
908973,7013585,30426,12.0,663.32,7959.84
908974,7008560,30113,3.0,698.74,2096.22
908975,7013092,31278,7.0,350.23,2451.61
908976,7005602,31070,3.0,489.49,1468.47
908977,7011697,30657,10.0,453.37,4533.7
908978,7013113,30946,4.0,807.54,3230.16
908979,7010217,31398,4.0,128.22,512.88
908980,7010382,30739,5.0,262.8,1314.0
908981,7013023,30464,7.0,766.56,5365.92
908982,7012355,30582,1.0,209.18,209.18
908983,7009606,30048,8.0,997.45,7979.6
908984,7002144,30942,6.0,791.05,4746.3
908985,7008299,30514,4.0,379.37,1517.48
908986,7001365,31357,2.0,291.55,583.1
908987,7001698,30738,8.0,880.88,7047.04
908988,7001480,31435,8.0,720.59,5764.72
908989,7003548,30088,6.0,957.08,5742.48
908990,7001401,31212,3.0,53.88,161.64
908991,7001836,30466,9.0,1191.34,10722.06
908992,7000315,30727,4.0,623.44,2493.76
908993,7014050,30370,9.0,1061.03,9549.27
908994,7000658,30305,2.0,981.67,1963.34
908995,7009105,30444,7.0,28.69,200.83
908996,7010684,31287,11.0,221.98,2441.78
908997,7012374,30997,7.0,172.51,1207.57
908998,7013872,30047,7.0,559.36,3915.52
908999,7007576,30106,9.0,713.03,6417.27
909000,7004264,30562,7.0,504.2,3529.4
909001,7013894,31180,8.0,562.34,4498.72
909002,7006780,31058,1.0,840.93,840.93
909003,7010868,30452,7.0,760.0,5320.0
909004,7005567,30845,2.0,1057.77,2115.54
909005,7014794,30979,7.0,536.21,3753.47
909006,7005312,30107,11.0,12.15,133.65
909007,7000148,30460,2.0,771.08,1542.16
909008,7001910,30469,8.0,65.38,523.04
909009,7013772,30733,8.0,519.36,4154.88
909010,7012887,31049,5.0,123.94,619.7
909011,7010650,30201,2.0,795.09,1590.18
909012,7013863,30076,5.0,769.56,3847.8
909013,7001304,31399,8.0,624.58,4996.64
909014,7009559,31472,11.0,1101.54,12116.94
909015,7005470,31179,5.0,945.68,4728.4
909016,7001407,30656,1.0,654.12,654.12
909017,7009058,30907,8.0,573.12,4584.96
909018,7003670,30822,7.0,1136.09,7952.63
909019,7002969,30030,6.0,748.07,4488.42
909020,7003681,30792,1.0,1002.54,1002.54
909021,7009257,30478,5.0,298.05,1490.25
909022,7009874,30368,10.0,808.07,8080.7
909023,7002726,31477,10.0,1186.38,11863.8
909024,7014959,31438,9.0,47.75,429.75
909025,7014031,31245,2.0,1133.2,2266.4
909026,7006001,30823,3.0,411.72,1235.16
909027,7011053,30402,11.0,240.12,2641.32
909028,7001204,31430,10.0,74.86,748.6
909029,7010887,31028,4.0,275.28,1101.12
909030,7012728,30766,11.0,765.35,8418.85
909031,7011983,30318,10.0,514.87,5148.7
909032,7007647,30637,7.0,829.13,5803.91
909033,7006023,30300,4.0,22.1,88.4
909034,7002117,30152,9.0,105.87,952.83
909035,7000855,30611,9.0,1121.64,10094.76
909036,7008077,31039,12.0,708.5,8502.0
909037,7003597,30186,4.0,392.91,1571.64
909038,7001061,31477,1.0,43.97,43.97
909039,7008832,30366,5.0,620.62,3103.12
909040,7004969,31135,4.0,694.08,2776.32
909041,7013782,30657,12.0,712.08,8544.96
909042,7012636,30872,7.0,774.99,5424.93
909043,7010081,30905,2.0,214.53,429.06
909044,7013554,31065,4.0,327.49,1309.96
909045,7004421,30862,6.0,1039.75,6238.5
909046,7009893,30696,1.0,843.88,843.88
909047,7004780,30421,2.0,157.53,315.06
909048,7008762,31450,1.0,691.18,691.18
909049,7007729,31187,4.0,863.85,3455.4
909050,7012239,30390,4.0,416.47,1665.88
909051,7000193,30642,10.0,392.58,3925.8
909052,7004715,30076,8.0,903.9,7231.2
909053,7012198,30987,11.0,708.57,7794.27
909054,7012207,30790,6.0,399.01,2394.06
909055,7002401,30835,9.0,1188.59,10697.31
909056,7004919,31246,2.0,286.38,572.76
909057,7006917,31414,4.0,143.36,573.44
909058,7012472,31256,1.0,1178.13,1178.13
909059,7013495,31366,10.0,400.53,4005.3
909060,7010335,30719,7.0,186.2,1303.4
909061,7010532,30224,10.0,332.08,3320.8
909062,7005482,30634,8.0,116.46,931.68
909063,7005749,31127,9.0,154.6,1391.4
909064,7007994,31441,11.0,17.92,197.12
909065,7010093,30597,10.0,531.2,5312.0
909066,7004887,31110,4.0,530.7,2122.8
909067,7011450,31226,3.0,632.65,1897.95
909068,7006982,30751,11.0,688.28,7571.08
909069,7011075,30355,2.0,552.53,1105.06
909070,7013932,30174,1.0,263.24,263.24
909071,7008889,30739,1.0,736.48,736.48
909072,7007646,30231,3.0,235.72,707.16
909073,7001045,31423,8.0,1182.45,9459.6
909074,7003274,31385,6.0,588.48,3530.88
909075,7002387,31296,8.0,1188.12,9504.96
909076,7012354,30243,1.0,1087.66,1087.66
909077,7000698,30897,8.0,832.96,6663.68
909078,7007641,30899,10.0,1187.58,11875.8
909079,7003312,31296,6.0,990.69,5944.14
909080,7008973,30366,7.0,932.79,6529.53
909081,7013852,31492,1.0,287.92,287.92
909082,7000243,30349,6.0,748.39,4490.34
909083,7008095,30440,12.0,551.71,6620.52
909084,7008595,30048,10.0,80.15,801.5
909085,7004515,30565,8.0,310.55,2484.4
909086,7011409,31442,7.0,188.76,1321.32
909087,7001929,30449,4.0,152.83,611.32
909088,7013451,30972,11.0,793.4,8727.4
909089,7009651,31220,12.0,1023.37,12280.44
909090,7005527,30144,9.0,807.35,7266.15
909091,7014597,30136,9.0,112.85,1015.65
909092,7005744,30923,7.0,923.19,6462.33
909093,7007761,30467,7.0,578.93,4052.51
909094,7014632,30639,8.0,859.17,6873.36
909095,7012004,30671,3.0,705.82,2117.46
909096,7003799,30241,12.0,664.98,7979.76
909097,7014400,31058,5.0,838.31,4191.55
909098,7000694,30668,8.0,471.28,3770.24
909099,7014476,31499,3.0,344.88,1034.64
909100,7005403,30014,10.0,954.28,9542.8
909101,7007769,30243,9.0,102.57,923.1
909102,7007381,30723,9.0,796.68,7170.12
909103,7000812,30931,11.0,14.05,154.55
909104,7009528,31282,11.0,191.33,2104.63
909105,7000783,31035,12.0,414.72,4976.64
909106,7007487,30879,2.0,691.69,1383.38
909107,7005910,31298,10.0,1186.21,11862.1
909108,7003323,30150,7.0,271.28,1898.96
909109,7006574,30981,11.0,795.49,8750.39
909110,7003840,30683,6.0,284.43,1706.58
909111,7007319,30645,3.0,82.97,248.91
909112,7001349,30024,10.0,856.37,8563.7
909113,7012064,30161,1.0,631.7,631.7
909114,7004101,31158,7.0,703.93,4927.51
909115,7007306,31163,4.0,411.91,1647.64
909116,7012094,30299,3.0,1002.35,3007.05
909117,7010110,30780,7.0,71.95,503.65
909118,7009755,30185,3.0,1062.55,3187.65
909119,7013198,31235,2.0,709.05,1418.1
909120,7000690,31020,2.0,641.21,1282.42
909121,7011717,30143,9.0,450.37,4053.33
909122,7014902,31275,10.0,67.46,674.6
909123,7002452,30864,7.0,583.18,4082.26
909124,7008460,30600,8.0,873.11,6984.88
909125,7014536,30045,6.0,1094.18,6565.08
909126,7013422,31131,7.0,692.82,4849.74
909127,7014963,31151,4.0,129.62,518.48
909128,7000414,31056,11.0,36.74,404.14
909129,7013123,30354,4.0,20.11,80.44
909130,7010541,30238,1.0,926.28,926.28
909131,7005924,31283,10.0,550.59,5505.9
909132,7014050,30491,9.0,1029.07,9261.63
909133,7006273,30773,4.0,227.62,910.48
909134,7005909,31023,9.0,291.0,2619.0
909135,7009172,31062,3.0,481.8,1445.4
909136,7002061,30963,4.0,377.97,1511.88
909137,7003356,30621,12.0,939.4,11272.8
909138,7004641,30997,2.0,985.97,1971.94
909139,7005923,30832,12.0,438.99,5267.88
909140,7005119,31385,8.0,256.14,2049.12
909141,7009073,31276,3.0,647.48,1942.44
909142,7014065,31260,10.0,196.02,1960.2
909143,7002826,30690,7.0,452.33,3166.31
909144,7005053,30278,10.0,1118.15,11181.5
909145,7000582,30578,2.0,569.8,1139.6
909146,7004336,30832,1.0,452.67,452.67
909147,7008885,30675,1.0,164.38,164.38
909148,7013583,30880,4.0,749.38,2997.52
909149,7001573,31284,8.0,231.62,1852.96
909150,7001001,30640,9.0,1155.53,10399.77
909151,7003292,30954,12.0,209.62,2515.44
909152,7009399,30221,8.0,377.4,3019.2
909153,7000504,30432,9.0,159.43,1434.87
909154,7002661,30607,3.0,52.15,156.45
909155,7000205,31208,6.0,636.35,3818.1
909156,7012471,30502,1.0,248.68,248.68
909157,7011849,31100,5.0,481.72,2408.6
909158,7009140,30526,11.0,889.0,9779.0
909159,7005855,30104,7.0,585.94,4101.58
909160,7004129,30374,6.0,1045.57,6273.42
909161,7011299,30969,1.0,39.48,39.48
909162,7002323,31218,11.0,157.65,1734.15
909163,7005820,30346,4.0,497.91,1991.64
909164,7001544,30217,3.0,628.29,1884.87
909165,7010784,30950,6.0,354.19,2125.14
909166,7011849,30306,9.0,793.67,7143.03
909167,7005430,30141,2.0,417.52,835.04
909168,7004827,30672,10.0,367.16,3671.6
909169,7004897,30277,2.0,258.47,516.94
909170,7004684,30193,5.0,826.62,4133.1
909171,7003307,31222,9.0,1067.86,9610.74
909172,7010585,30973,9.0,337.11,3033.99
909173,7004563,30531,4.0,1190.08,4760.32
909174,7000145,31482,3.0,718.99,2156.97
909175,7006428,31243,5.0,249.79,1248.95
909176,7009296,30226,4.0,342.74,1370.96
909177,7003934,30645,6.0,605.22,3631.32
909178,7000436,30871,10.0,302.26,3022.6
909179,7012749,30613,9.0,759.78,6838.02
909180,7003335,30659,4.0,888.5,3554.0
909181,7012818,30943,12.0,1008.58,12102.96
909182,7001465,30139,10.0,81.75,817.49
909183,7012756,30530,10.0,681.94,6819.4
909184,7003116,30451,8.0,921.95,7375.6
909185,7004810,31135,7.0,197.53,1382.7
909186,7006421,31449,10.0,900.54,9005.4
909187,7006644,30613,6.0,801.35,4808.1
909188,7003480,31486,12.0,636.09,7633.08
909189,7006525,31032,8.0,441.13,3529.04
909190,7005252,30183,12.0,62.96,755.52
909191,7012284,31228,4.0,938.31,3753.24
909192,7014484,30291,3.0,791.9,2375.7
909193,7012543,30381,7.0,21.96,153.72
909194,7003458,31161,3.0,226.31,678.93
909195,7008935,31443,2.0,703.95,1407.9
909196,7006214,30129,1.0,204.1,204.1
909197,7006167,30703,11.0,763.2,8395.2
909198,7004767,30509,11.0,912.73,10040.03
909199,7003278,30583,5.0,72.17,360.85
909200,7011119,31130,9.0,547.89,4931.01
909201,7007730,30297,3.0,533.31,1599.93
909202,7010817,30456,5.0,325.92,1629.6
909203,7005017,30656,2.0,356.53,713.06
909204,7005222,30031,2.0,952.09,1904.18
909205,7004858,30561,9.0,197.0,1773.0
909206,7011686,30668,9.0,717.3,6455.7
909207,7010781,30383,4.0,923.61,3694.44
909208,7012962,30348,9.0,26.88,241.92
909209,7009278,30637,12.0,744.93,8939.16
909210,7014410,30879,5.0,812.88,4064.4
909211,7003230,30003,5.0,542.8,2714.0
909212,7003588,31375,1.0,462.79,462.79
909213,7002913,30104,8.0,381.77,3054.16
909214,7009133,30491,12.0,382.99,4595.88
909215,7008119,31388,1.0,414.97,414.97
909216,7002130,30438,7.0,904.49,6331.43
909217,7007099,30873,2.0,514.36,1028.72
909218,7000764,30695,7.0,260.62,1824.34
909219,7013206,30379,12.0,492.33,5907.96
909220,7005581,30596,10.0,725.2,7252.0
909221,7000207,30257,7.0,794.47,5561.29
909222,7007604,31079,3.0,285.31,855.93
909223,7011295,30433,1.0,777.06,777.06
909224,7006887,30100,12.0,916.99,11003.88
909225,7012066,31056,10.0,909.56,9095.6
909226,7009472,30894,1.0,468.47,468.47
909227,7013805,31344,12.0,96.46,1157.52
909228,7005593,30659,6.0,1155.92,6935.52
909229,7010884,30306,10.0,425.06,4250.6
909230,7004182,30427,11.0,509.8,5607.8
909231,7006961,30925,6.0,996.86,5981.16
909232,7002984,30755,1.0,2054.88,2054.88
909233,7008435,30294,10.0,59.91,599.1
909234,7007400,30625,7.0,1022.03,7154.21
909235,7009008,30549,4.0,158.81,635.24
909236,7009883,30698,9.0,390.79,3517.11
909237,7008223,30738,11.0,659.4,7253.4
909238,7008284,31326,9.0,271.47,2443.23
909239,7006421,30489,9.0,1007.45,9067.05
909240,7009529,30599,5.0,163.78,818.9
909241,7013381,30386,6.0,707.92,4247.52
909242,7010753,31256,2.0,1172.35,2344.7
909243,7012570,30280,11.0,1181.48,12996.28
909244,7010418,30711,2.0,1193.34,2386.68
909245,7001049,30599,3.0,55.78,167.34
909246,7014749,30510,3.0,50.78,152.34
909247,7011718,31136,4.0,63.52,254.08
909248,7012110,31173,2.0,898.09,1796.18
909249,7004289,30608,6.0,395.61,2373.66
909250,7006402,31126,4.0,398.13,1592.52
909251,7002286,30824,4.0,358.57,1434.28
909252,7011341,30906,7.0,837.79,5864.53
909253,7005069,31454,12.0,1121.05,13452.6
909254,7001691,30210,4.0,721.55,2886.2
909255,7005501,30372,10.0,514.61,5146.1
909256,7003696,30139,12.0,396.26,4755.12
909257,7002384,30615,2.0,521.17,1042.34
909258,7000485,30554,2.0,74.88,149.76
909259,7000753,30520,11.0,661.25,7273.75
909260,7007734,31199,8.0,546.9,4375.2
909261,7009208,31209,9.0,639.94,5759.46
909262,7008541,30781,4.0,267.96,1071.84
909263,7006336,31070,10.0,1180.04,11800.4
909264,7008975,31204,7.0,1194.7,8362.9
909265,7008733,30744,4.0,1149.96,4599.84
909266,7006427,30457,8.0,646.19,5169.52
909267,7005473,30583,8.0,398.18,3185.44
909268,7010193,30863,12.0,282.65,3391.8
909269,7003760,31476,6.0,1065.9,6395.4
909270,7012549,30667,2.0,917.14,1834.28
909271,7010600,31285,7.0,615.18,4306.26
909272,7004452,30899,2.0,1091.22,2182.44
909273,7013314,31367,10.0,443.05,4430.5
909274,7003169,31136,10.0,462.28,4622.8
909275,7008198,31410,3.0,48.21,144.63
909276,7011647,31375,9.0,924.68,8322.12
909277,7012126,31455,10.0,101.82,1018.2
909278,7007899,31044,10.0,754.18,7541.8
909279,7009450,30109,6.0,388.57,2331.42
909280,7008533,31209,7.0,265.73,1860.11
909281,7009686,31117,7.0,557.83,3904.81
909282,7008394,30382,7.0,103.65,725.55
909283,7002657,30731,7.0,906.39,6344.73
909284,7008273,30536,10.0,124.75,1247.5
909285,7004589,30792,3.0,870.8,2612.4
909286,7013986,30004,2.0,505.17,1010.34
909287,7001877,30488,1.0,553.36,553.36
909288,7010287,30727,2.0,1154.0,2308.0
909289,7014924,31006,12.0,1164.15,13969.8
909290,7002719,30599,7.0,239.28,1674.96
909291,7009057,30831,8.0,387.04,3096.32
909292,7000870,30267,7.0,1085.63,7599.41
909293,7004952,30428,4.0,1105.87,4423.48
909294,7004364,31477,6.0,358.42,2150.52
909295,7006693,31388,2.0,809.16,1618.32
909296,7010341,30629,5.0,1086.32,5431.6
909297,7006474,31262,10.0,659.22,6592.2
909298,7005898,31003,4.0,295.96,1183.84
909299,7004128,30772,6.0,382.01,2292.06
909300,7004826,31269,4.0,1074.11,4296.44
909301,7011872,31230,6.0,262.24,1573.44
909302,7013503,30899,2.0,119.13,238.26
909303,7001685,30201,8.0,74.78,598.24
909304,7002985,30238,4.0,1042.32,4169.28
909305,7006751,30441,1.0,39.17,39.17
909306,7014518,31464,7.0,1090.47,7633.29
909307,7004242,30116,3.0,274.61,823.83
909308,7013869,30567,3.0,439.33,1317.99
909309,7006248,30059,9.0,165.78,1492.02
909310,7000760,30630,1.0,563.05,563.05
909311,7006732,31419,4.0,773.21,3092.84
909312,7009780,31169,12.0,438.39,5260.68
909313,7002033,31330,7.0,103.32,723.24
909314,7011190,30141,9.0,806.79,7261.11
909315,7001948,30756,7.0,640.35,4482.45
909316,7002189,30684,11.0,1099.41,12093.51
909317,7013443,30860,6.0,761.93,4571.58
909318,7009774,31046,12.0,1034.57,12414.84
909319,7008115,30191,7.0,226.4,1584.8
909320,7014271,30268,6.0,165.91,995.46
909321,7000865,31284,3.0,1026.1,3078.3
909322,7000314,30708,10.0,1096.21,10962.1
909323,7002729,30301,2.0,418.9,837.8
909324,7014379,30983,6.0,863.31,5179.86
909325,7002145,31404,9.0,1005.96,9053.64
909326,7003790,30316,5.0,84.37,421.85
909327,7006848,30636,10.0,476.11,4761.1
909328,7013754,31109,1.0,1145.15,1145.15
909329,7010268,30787,3.0,316.7,950.1
909330,7007565,31132,10.0,42.39,423.9
909331,7003802,30071,4.0,922.66,3690.64
909332,7010297,30561,3.0,276.8,830.4
909333,7005879,30765,12.0,890.47,10685.64
909334,7000264,30910,1.0,110.37,110.37
909335,7009000,30220,4.0,1157.0,4628.0
909336,7004831,30778,8.0,19.97,159.76
909337,7009135,31111,9.0,684.65,6161.85
909338,7011559,31439,3.0,1054.49,3163.47
909339,7008908,30958,8.0,297.96,2383.68
909340,7007926,30718,3.0,755.38,2266.14
909341,7014958,30471,1.0,1070.15,1070.15
909342,7014984,30920,7.0,854.12,5978.84
909343,7014871,30509,9.0,445.58,4010.22
909344,7007004,31165,8.0,846.76,6774.08
909345,7002378,30128,11.0,1093.14,12024.54
909346,7008580,30305,1.0,615.91,615.91
909347,7008595,31182,10.0,449.13,4491.3
909348,7007387,31076,2.0,719.7,1439.4
909349,7008200,30931,9.0,515.11,4635.99
909350,7003899,31297,3.0,456.3,1368.9
909351,7006178,31274,7.0,175.05,1225.35
909352,7010394,30306,7.0,544.58,3812.06
909353,7011131,31413,5.0,100.12,500.6
909354,7011189,30541,3.0,823.92,2471.76
909355,7013130,30145,8.0,967.29,7738.32
909356,7011061,31274,7.0,991.66,6941.62
909357,7005160,30476,12.0,739.09,8869.08
909358,7008673,30629,4.0,162.4,649.6
909359,7004337,30502,1.0,152.7,152.7
909360,7008636,30825,3.0,584.32,1752.97
909361,7000940,30554,6.0,43.28,259.68
909362,7010020,30573,3.0,116.13,348.39
909363,7000507,31006,8.0,115.39,923.12
909364,7012164,30625,10.0,442.84,4428.4
909365,7011736,30983,12.0,552.39,6628.68
909366,7007757,31252,7.0,404.91,2834.37
909367,7002829,30402,2.0,955.16,1910.32
909368,7013703,30022,4.0,765.65,3062.6
909369,7002470,31311,10.0,218.48,2184.8
909370,7008436,30851,10.0,24.37,243.7
909371,7003869,30888,10.0,205.63,2056.3
909372,7005480,31386,1.0,202.5,202.5
909373,7010783,30653,10.0,459.99,4599.9
909374,7014740,30995,8.0,635.13,5081.04
909375,7005063,30091,11.0,730.38,8034.18
909376,7007115,30991,12.0,350.05,4200.6
909377,7014045,31336,1.0,851.52,851.52
909378,7007582,31153,1.0,2976.83,2976.83
909379,7013479,31441,7.0,996.47,6975.29
909380,7008290,31412,8.0,365.56,2924.48
909381,7014525,31376,9.0,476.35,4287.15
909382,7000926,31211,3.0,823.94,2471.81
909383,7005990,30351,9.0,538.58,4847.22
909384,7002088,30178,11.0,635.32,6988.52
909385,7014517,30581,9.0,797.62,7178.58
909386,7012563,30962,11.0,291.07,3201.77
909387,7000351,30613,5.0,335.6,1678.0
909388,7011634,31060,12.0,476.07,5712.84
909389,7012242,30216,3.0,316.73,950.19
909390,7006629,31287,1.0,687.63,687.63
909391,7005132,30981,12.0,407.58,4890.96
909392,7004798,30082,7.0,152.12,1064.84
909393,7007921,30313,9.0,512.1,4608.9
909394,7006762,30744,12.0,1105.15,13261.8
909395,7004126,30183,6.0,171.79,1030.74
909396,7006783,31430,7.0,336.25,2353.75
909397,7005272,30651,5.0,1087.08,5435.4
909398,7005891,30020,10.0,788.47,7884.7
909399,7013108,30369,12.0,730.73,8768.76
909400,7011816,30140,4.0,778.34,3113.36
909401,7001914,30880,1.0,767.52,767.52
909402,7000969,30836,2.0,1030.11,2060.22
909403,7003030,30595,9.0,192.58,1733.22
909404,7003444,30060,1.0,1003.28,1003.28
909405,7006540,30098,4.0,708.89,2835.56
909406,7006362,30173,2.0,617.05,1234.1
909407,7007239,30284,7.0,971.35,6799.45
909408,7000225,31473,10.0,177.07,1770.67
909409,7009737,31006,2.0,375.57,751.14
909410,7003034,30112,4.0,726.91,2907.64
909411,7004413,30340,2.0,588.59,1177.18
909412,7014866,31366,12.0,335.93,4031.16
909413,7001994,30796,1.0,446.9,446.9
909414,7006052,30619,10.0,879.38,8793.85
909415,7012797,30896,10.0,936.66,9366.6
909416,7000400,30613,2.0,1053.27,2106.54
909417,7014091,30704,1.0,1094.66,1094.66
909418,7003741,30051,12.0,1027.53,12330.36
909419,7001287,31222,2.0,843.7,1687.4
909420,7003378,30675,11.0,181.76,1999.36
909421,7006267,31407,9.0,922.41,8301.69
909422,7009309,30335,10.0,1192.07,11920.7
909423,7002129,31129,10.0,654.84,6548.4
909424,7002987,30742,5.0,1199.01,5995.05
909425,7012478,31298,2.0,756.88,1513.76
909426,7010664,30316,12.0,686.88,8242.56
909427,7008900,30348,5.0,137.17,685.85
909428,7004525,30701,1.0,1114.31,1114.31
909429,7002959,31043,11.0,452.71,4979.81
909430,7001047,30550,5.0,759.16,3795.8
909431,7005220,31007,8.0,1007.02,8056.16
909432,7008486,31060,4.0,758.53,3034.12
909433,7002470,31128,9.0,1062.9,9566.1
909434,7004580,31064,8.0,301.84,2414.72
909435,7011396,30989,12.0,822.68,9872.16
909436,7014142,30273,5.0,594.15,2970.75
909437,7008913,30301,10.0,816.98,8169.8
909438,7003413,30784,10.0,1140.58,11405.8
909439,7003847,30094,9.0,99.0,891.0
909440,7007540,31057,6.0,417.83,2506.98
909441,7003764,31498,3.0,176.75,530.25
909442,7001275,30990,3.0,341.49,1024.47
909443,7001833,30981,4.0,582.47,2329.88
909444,7007581,30717,8.0,1069.08,8552.64
909445,7006092,31260,12.0,503.45,6041.4
909446,7006927,31490,9.0,147.08,1323.73
909447,7007228,30842,10.0,108.41,1084.1
909448,7004998,31315,11.0,303.71,3340.81
909449,7013672,30030,1.0,748.07,748.07
909450,7002132,31060,7.0,451.8,3162.6
909451,7005680,31058,5.0,840.07,4200.35
909452,7013403,30861,6.0,547.0,3282.0
909453,7013023,30427,3.0,345.38,1036.14
909454,7012383,31369,9.0,471.73,4245.57
909455,7005551,30013,11.0,331.34,3644.74
909456,7005267,30866,10.0,426.13,4261.3
909457,7013596,31372,5.0,90.19,450.95
909458,7014090,30520,9.0,523.61,4712.49
909459,7008182,30345,3.0,625.62,1876.86
909460,7012713,30715,7.0,533.37,3733.59
909461,7009700,30083,11.0,1198.62,13184.82
909462,7010286,30658,2.0,13.78,27.56
909463,7014712,30041,12.0,470.69,5648.28
909464,7008122,30171,1.0,216.48,216.48
909465,7004455,31140,10.0,876.36,8763.6
909466,7011384,30871,7.0,217.22,1520.54
909467,7002132,31127,7.0,698.31,4888.17
909468,7012860,30905,10.0,937.88,9378.8
909469,7005604,30655,4.0,695.54,2782.16
909470,7005318,30760,3.0,253.92,761.76
909471,7001838,30735,6.0,1180.92,7085.52
909472,7013984,31039,6.0,468.87,2813.22
909473,7010552,31115,7.0,456.18,3193.26
909474,7012762,30682,12.0,24.05,288.6
909475,7007539,31448,4.0,530.86,2123.44
909476,7002026,30898,4.0,756.94,3027.76
909477,7004178,30524,12.0,148.98,1787.76
909478,7007391,30438,5.0,179.97,899.85
909479,7008626,30477,11.0,785.24,8637.64
909480,7008246,30642,7.0,808.34,5658.38
909481,7013273,31007,7.0,946.58,6626.06
909482,7014409,31075,9.0,541.52,4873.68
909483,7013627,31383,4.0,1194.7,4778.8
909484,7000850,30709,8.0,678.72,5429.76
909485,7012604,30178,1.0,1090.68,1090.68
909486,7000647,30577,11.0,930.93,10240.23
909487,7013320,31474,8.0,198.74,1589.92
909488,7002632,31065,2.0,847.99,1695.98
909489,7009611,31060,7.0,935.18,6546.26
909490,7009126,30569,1.0,263.32,263.32
909491,7005294,30312,6.0,562.27,3373.62
909492,7004106,30115,10.0,844.81,8448.1
909493,7010698,31040,11.0,744.19,8186.09
909494,7012678,30594,12.0,339.87,4078.44
909495,7005046,31326,5.0,1026.34,5131.7
909496,7011846,30180,12.0,203.4,2440.8
909497,7009753,30762,11.0,258.42,2842.62
909498,7005760,31097,2.0,1053.02,2106.04
909499,7008073,30010,2.0,525.48,1050.96
909500,7008787,31215,1.0,642.74,642.74
909501,7012438,30132,12.0,1165.23,13982.76
909502,7002879,31191,12.0,896.48,10757.76
909503,7002285,30068,5.0,905.46,4527.3
909504,7001016,30746,12.0,1092.51,13110.12
909505,7005883,30931,3.0,1050.42,3151.26
909506,7014469,31351,10.0,1138.2,11382.0
909507,7012072,31443,1.0,922.47,922.47
909508,7002443,30568,6.0,190.45,1142.7
909509,7014161,30843,3.0,471.95,1415.85
909510,7011916,30246,5.0,810.41,4052.05
909511,7001632,30351,9.0,139.42,1254.78
909512,7011361,31457,5.0,421.81,2109.05
909513,7010012,31130,10.0,1124.28,11242.8
909514,7009703,30114,4.0,330.28,1321.12
909515,7011750,31214,12.0,68.24,818.88
909516,7010860,30014,7.0,793.99,5557.93
909517,7003861,30345,8.0,872.25,6978.0
909518,7001619,31217,10.0,1012.74,10127.4
909519,7007072,30672,5.0,539.05,2695.25
909520,7013943,31112,2.0,1190.78,2381.56
909521,7001106,30134,8.0,436.26,3490.08
909522,7011455,31454,2.0,464.65,929.3
909523,7001481,30291,11.0,838.23,9220.53
909524,7003788,31025,5.0,634.93,3174.65
909525,7000908,30987,11.0,111.18,1222.98
909526,7007525,30461,4.0,386.88,1547.52
909527,7004094,31062,3.0,659.3,1977.9
909528,7001124,30773,12.0,817.83,9813.96
909529,7009602,30404,8.0,1056.07,8448.56
909530,7004961,30715,7.0,652.2,4565.4
909531,7011153,31496,11.0,927.49,10202.39
909532,7004312,30985,11.0,1190.5,13095.5
909533,7007606,31163,1.0,370.78,370.78
909534,7014009,31013,2.0,872.98,1745.96
909535,7008214,30408,6.0,939.51,5637.06
909536,7010391,30323,11.0,420.37,4624.07
909537,7003123,30264,4.0,324.8,1299.2
909538,7012691,31365,8.0,377.09,3016.72
909539,7005143,30624,11.0,76.62,842.82
909540,7009068,30685,9.0,182.5,1642.5
909541,7008199,31103,11.0,62.65,689.15
909542,7004359,30134,1.0,913.99,913.99
909543,7005781,30754,3.0,147.63,442.89
909544,7003797,30280,4.0,677.86,2711.43
909545,7004734,30227,9.0,762.1,6858.9
909546,7003658,31068,4.0,395.11,1580.44
909547,7014488,31455,12.0,994.58,11934.96
909548,7008499,30475,8.0,35.43,283.44
909549,7012086,30849,10.0,112.18,1121.8
909550,7011425,30597,3.0,258.17,774.51
909551,7008696,30930,7.0,475.51,3328.55
909552,7006798,30467,8.0,375.81,3006.48
909553,7007023,30245,5.0,310.84,1554.2
909554,7002305,30793,9.0,1095.32,9857.88
909555,7003739,31175,12.0,70.55,846.6
909556,7000806,30169,1.0,1134.18,1134.18
909557,7011663,30674,12.0,82.02,984.24
909558,7002463,30870,7.0,1079.48,7556.36
909559,7012698,30916,6.0,561.63,3369.78
909560,7006921,31144,2.0,481.85,963.7
909561,7011837,31158,1.0,51.3,51.3
909562,7000891,31468,9.0,1124.47,10120.23
909563,7005404,30361,5.0,59.99,299.95
909564,7004866,30457,12.0,615.38,7384.56
909565,7005127,31154,6.0,396.21,2377.26
909566,7003928,30574,5.0,364.94,1824.7
909567,7011688,30246,5.0,487.74,2438.7
909568,7000587,30475,8.0,586.1,4688.8
909569,7002642,31439,1.0,87.49,87.49
909570,7014420,31472,3.0,1068.31,3204.93
909571,7006638,30135,11.0,465.37,5119.07
909572,7012449,30490,6.0,760.31,4561.86
909573,7000473,31106,4.0,332.68,1330.72
909574,7000755,30074,2.0,352.3,704.6
909575,7010513,31187,5.0,919.8,4599.0
909576,7000521,30504,3.0,787.78,2363.34
909577,7010432,31380,4.0,152.29,609.16
909578,7011707,30886,6.0,178.32,1069.92
909579,7007521,30894,12.0,567.82,6813.84
909580,7013982,30687,4.0,423.82,1695.28
909581,7003012,30416,1.0,1106.68,1106.68
909582,7005280,30499,12.0,764.24,9170.94
909583,7004592,30241,3.0,139.11,417.33
909584,7009959,30802,9.0,835.91,7523.19
909585,7011815,30297,11.0,115.35,1268.85
909586,7001943,31053,6.0,796.51,4779.06
909587,7003299,30130,12.0,351.29,4215.48
909588,7006099,30197,8.0,760.41,6083.28
909589,7011148,30347,2.0,608.36,1216.72
909590,7004016,30773,10.0,48.84,488.4
909591,7008177,30651,4.0,1037.14,4148.56
909592,7007368,30484,2.0,947.19,1894.38
909593,7006107,31484,11.0,338.62,3724.82
909594,7012680,30268,9.0,633.91,5705.19
909595,7010993,30988,5.0,1146.13,5730.65
909596,7006021,30002,12.0,944.96,11339.52
909597,7004733,30789,6.0,406.48,2438.88
909598,7011378,31239,2.0,340.19,680.38
909599,7011367,31362,7.0,325.64,2279.48
909600,7003151,30887,9.0,861.84,7756.56
909601,7001533,30039,4.0,686.75,2747.0
909602,7011496,30070,3.0,1091.23,3273.69
909603,7007762,31446,2.0,260.39,520.78
909604,7011173,30904,12.0,123.84,1486.08
909605,7013976,30010,8.0,873.29,6986.32
909606,7005201,30157,5.0,419.21,2096.05
909607,7014857,31140,3.0,822.22,2466.66
909608,7001554,30625,9.0,1000.37,9003.33
909609,7007502,30805,5.0,107.78,538.9
909610,7008200,31299,12.0,539.12,6469.44
909611,7007209,30607,12.0,95.09,1141.08
909612,7007128,31401,8.0,462.41,3699.28
909613,7009786,31206,3.0,183.59,550.77
909614,7013229,31308,4.0,270.89,1083.56
909615,7014602,30339,1.0,831.36,831.36
909616,7013849,30444,12.0,341.57,4098.84
909617,7012901,30213,10.0,1084.06,10840.6
909618,7010714,30195,9.0,857.98,7721.82
909619,7014308,30938,10.0,24.33,243.3
909620,7002966,30668,6.0,607.14,3642.84
909621,7006936,30784,3.0,747.57,2242.71
909622,7008096,30441,4.0,49.83,199.32
909623,7006326,30256,6.0,1063.89,6383.34
909624,7000239,31061,4.0,215.02,860.08
909625,7000255,30760,10.0,341.6,3416.0
909626,7011787,30190,4.0,624.98,2499.92
909627,7006696,30300,12.0,902.09,10825.08
909628,7000856,30487,2.0,92.42,184.84
909629,7001935,30084,12.0,832.04,9984.48
909630,7003867,30345,3.0,1160.82,3482.46
909631,7006669,31267,4.0,98.79,395.16
909632,7000641,30274,11.0,794.76,8742.36
909633,7001054,30592,5.0,927.78,4638.9
909634,7006204,30279,1.0,686.95,686.95
909635,7004652,30200,12.0,483.63,5803.56
909636,7005244,30855,12.0,737.73,8852.76
909637,7002551,31190,12.0,871.99,10463.88
909638,7004677,31312,7.0,793.36,5553.52
909639,7002076,30877,5.0,521.86,2609.3
909640,7009366,30991,5.0,94.93,474.67
909641,7012030,30255,11.0,720.59,7926.49
909642,7000072,31336,4.0,436.87,1747.48
909643,7010164,30111,6.0,1032.2,6193.2
909644,7011641,30622,12.0,142.47,1709.64
909645,7012355,31366,11.0,665.95,7325.45
909646,7007858,31211,3.0,1064.86,3194.58
909647,7009823,30294,2.0,801.32,1602.64
909648,7000933,30703,11.0,1023.26,11255.86
909649,7001935,30108,11.0,96.31,1059.41
909650,7010061,30208,9.0,956.95,8612.55
909651,7006471,30313,11.0,489.64,5386.04
909652,7010636,30929,11.0,803.06,8833.66
909653,7003222,30782,7.0,437.58,3063.06
909654,7014878,30494,11.0,1071.1,11782.1
909655,7011224,30740,5.0,365.38,1826.9
909656,7009413,31217,2.0,44.21,88.42
909657,7008346,31008,4.0,147.69,590.76
909658,7003192,31161,1.0,1158.7,1158.7
909659,7007234,31094,6.0,162.23,973.38
909660,7005087,30618,9.0,1036.03,9324.27
909661,7003962,31491,4.0,1089.31,4357.24
909662,7000513,30969,10.0,1161.88,11618.8
909663,7014595,30604,3.0,79.9,239.7
909664,7009585,30355,2.0,366.11,732.22
909665,7000395,30218,8.0,503.28,4026.24
909666,7005543,31191,7.0,1108.7,7760.9
909667,7013597,31203,9.0,89.8,808.2
909668,7000748,31353,11.0,651.24,7163.64
909669,7002273,31431,7.0,163.84,1146.88
909670,7007698,30826,3.0,219.97,659.91
909671,7002746,31137,11.0,521.3,5734.3
909672,7012245,30669,3.0,1034.4,3103.2
909673,7012834,30917,1.0,537.93,537.93
909674,7001530,30312,9.0,783.73,7053.57
909675,7003823,30895,7.0,618.8,4331.6
909676,7000003,30357,11.0,78.75,866.22
909677,7002580,30006,2.0,459.1,918.2
909678,7001025,31141,4.0,12.67,50.68
909679,7000760,30329,7.0,1132.84,7929.88
909680,7013042,30339,10.0,1183.1,11831.0
909681,7010328,31268,4.0,971.23,3884.92
909682,7003927,30984,6.0,904.27,5425.62
909683,7008864,31177,5.0,170.11,850.55
909684,7005492,30837,5.0,1166.54,5832.7
909685,7009888,31389,11.0,630.76,6938.36
909686,7013224,31443,4.0,340.89,1363.56
909687,7005897,30792,4.0,711.14,2844.56
909688,7013808,31147,9.0,489.55,4405.95
909689,7005533,30984,3.0,422.1,1266.3
909690,7014970,30992,11.0,217.9,2396.9
909691,7000634,30830,3.0,926.57,2779.71
909692,7000746,30453,5.0,1102.9,5514.5
909693,7005955,30695,11.0,38.48,423.28
909694,7003647,30914,1.0,1003.68,1003.68
909695,7004162,30313,9.0,238.72,2148.48
909696,7001787,30763,8.0,945.79,7566.32
909697,7004719,30559,10.0,155.04,1550.4
909698,7003875,31242,6.0,323.46,1940.76
909699,7010295,30828,11.0,784.49,8629.39
909700,7013499,31333,12.0,893.25,10719.0
909701,7007344,30117,8.0,407.05,3256.4
909702,7012985,30512,1.0,68.94,68.94
909703,7014732,31184,3.0,774.91,2324.73
909704,7001504,30383,6.0,921.39,5528.34
909705,7004055,31499,11.0,943.8,10381.8
909706,7006969,30489,8.0,783.52,6268.16
909707,7014808,31048,12.0,1178.76,14145.12
909708,7014621,31298,5.0,275.63,1378.15
909709,7005652,30410,5.0,779.86,3899.3
909710,7013560,31111,2.0,334.69,669.38
909711,7007878,30065,10.0,191.34,1913.4
909712,7011464,30573,10.0,11.71,117.1
909713,7001693,30031,3.0,493.17,1479.51
909714,7011431,30590,6.0,1156.19,6937.14
909715,7004988,31124,6.0,283.81,1702.86
909716,7009420,30549,5.0,946.65,4733.25
909717,7008023,30339,11.0,944.36,10387.96
909718,7014628,31001,9.0,1140.75,10266.75
909719,7005713,30278,6.0,396.8,2380.8
909720,7008826,30814,8.0,724.51,5796.08
909721,7009195,31328,3.0,1105.56,3316.68
909722,7002145,31399,4.0,898.15,3592.6
909723,7009762,30531,10.0,1135.18,11351.8
909724,7002487,30181,9.0,648.85,5839.65
909725,7003301,31433,4.0,1151.82,4607.28
909726,7001588,31026,11.0,319.4,3513.4
909727,7001113,30719,11.0,575.47,6330.17
909728,7008436,31017,5.0,1147.88,5739.4
909729,7001741,31113,8.0,29.84,238.72
909730,7008600,31222,10.0,252.59,2525.9
909731,7011346,31377,4.0,931.23,3724.92
909732,7011271,30808,5.0,1016.32,5081.6
909733,7014183,30860,12.0,1066.0,12792.0
909734,7005522,30990,1.0,1196.68,1196.68
909735,7002453,30102,8.0,1170.49,9363.92
909736,7008421,31404,5.0,552.22,2761.1
909737,7007738,31045,4.0,95.13,380.52
909738,7009826,30576,5.0,781.28,3906.4
909739,7001479,30644,7.0,643.76,4506.32
909740,7003976,30321,5.0,915.28,4576.4
909741,7014228,31347,5.0,901.19,4505.95
909742,7009786,30353,9.0,934.98,8414.82
909743,7008919,30538,5.0,222.84,1114.2
909744,7006297,30480,11.0,142.21,1564.31
909745,7003266,30075,8.0,103.91,831.28
909746,7000995,31452,3.0,1059.84,3179.52
909747,7012635,31083,1.0,547.45,547.45
909748,7008316,31377,10.0,576.82,5768.2
909749,7011267,30700,8.0,328.98,2631.84
909750,7005907,30810,5.0,297.27,1486.33
909751,7007817,31415,4.0,162.32,649.28
909752,7013422,30560,3.0,288.5,865.5
909753,7007676,30459,7.0,318.45,2229.15
909754,7009217,30709,2.0,869.83,1739.66
909755,7003997,30272,10.0,627.69,6276.9
909756,7012368,30847,4.0,341.08,1364.32
909757,7007494,30629,11.0,24.14,265.51
909758,7000951,30729,10.0,898.51,8985.1
909759,7010704,31385,7.0,194.38,1360.66
909760,7011408,31185,12.0,1096.71,13160.52
909761,7007567,30198,7.0,684.99,4794.93
909762,7001931,30741,1.0,825.82,825.82
909763,7014799,30926,9.0,885.78,7972.02
909764,7011265,31325,8.0,96.76,774.08
909765,7006034,30019,10.0,216.83,2168.3
909766,7007415,30559,3.0,672.12,2016.36
909767,7014171,30258,2.0,290.48,580.96
909768,7002242,30253,5.0,544.7,2723.5
909769,7013645,31187,1.0,256.66,256.66
909770,7004916,30469,1.0,188.14,188.14
909771,7005163,31100,12.0,1096.29,13155.48
909772,7002835,31087,12.0,895.36,10744.32
909773,7003721,30976,2.0,84.07,168.14
909774,7003184,30181,8.0,500.29,4002.32
909775,7012014,31434,6.0,644.7,3868.2
909776,7011631,30762,11.0,320.13,3521.43
909777,7009048,31074,11.0,858.28,9441.08
909778,7000133,31429,4.0,214.76,859.04
909779,7001891,31076,8.0,725.9,5807.16
909780,7013361,30218,12.0,544.02,6528.24
909781,7005441,30681,4.0,568.97,2275.88
909782,7008853,31078,7.0,28.74,201.18
909783,7003701,30104,3.0,1031.86,3095.58
909784,7005371,30234,4.0,549.11,2196.44
909785,7014261,30173,12.0,390.2,4682.4
909786,7006476,30358,6.0,95.76,574.57
909787,7009033,30999,5.0,945.85,4729.25
909788,7010642,30846,3.0,1142.43,3427.29
909789,7008407,30728,4.0,393.76,1575.04
909790,7005824,30338,3.0,199.12,597.36
909791,7013035,31432,1.0,17.83,17.83
909792,7001173,30174,12.0,498.59,5983.08
909793,7007320,31057,8.0,916.33,7330.64
909794,7007176,30325,1.0,875.09,875.09
909795,7013604,30443,1.0,935.02,935.02
909796,7014873,30390,4.0,681.02,2724.08
909797,7013761,31336,1.0,841.29,841.29
909798,7001371,30159,8.0,772.22,6177.76
909799,7000105,31460,3.0,736.0,2208.0
909800,7004048,30178,12.0,1062.38,12748.56
909801,7007041,30619,10.0,871.88,8718.8
909802,7003299,31247,5.0,933.66,4668.3
909803,7012814,31079,4.0,329.06,1316.24
909804,7001126,31297,5.0,256.03,1280.15
909805,7014484,30601,6.0,762.36,4574.19
909806,7008721,30497,1.0,787.97,787.97
909807,7004511,30437,11.0,759.68,8356.48
909808,7004406,30642,6.0,927.54,5565.24
909809,7005683,30245,1.0,874.32,874.32
909810,7010711,30302,4.0,518.68,2074.72
909811,7007743,31454,8.0,913.78,7310.24
909812,7011642,31091,4.0,907.72,3630.88
909813,7009939,30767,6.0,943.35,5660.1
909814,7003754,30063,12.0,493.69,5924.28
909815,7006139,30717,10.0,1157.28,11572.8
909816,7000070,30714,1.0,1189.8,1189.8
909817,7009268,31188,12.0,375.33,4503.96
909818,7009842,30728,5.0,881.23,4406.15
909819,7006619,30759,6.0,651.73,3910.38
909820,7011949,30870,6.0,1061.62,6369.72
909821,7013110,30367,5.0,668.93,3344.65
909822,7004916,31312,1.0,732.47,732.47
909823,7010962,30445,7.0,382.62,2678.34
909824,7005769,30611,9.0,766.76,6900.84
909825,7010046,30853,8.0,71.91,575.28
909826,7007774,30954,1.0,463.84,463.84
909827,7009589,30424,2.0,1116.19,2232.38
909828,7012860,30277,8.0,587.42,4699.36
909829,7009977,30905,8.0,420.57,3364.56
909830,7009194,30729,7.0,71.23,498.61
909831,7009949,31189,5.0,352.98,1764.9
909832,7001457,30032,7.0,1158.08,8106.56
909833,7012250,31290,2.0,913.99,1827.98
909834,7011992,30513,2.0,612.41,1224.82
909835,7004227,31146,7.0,129.44,906.08
909836,7002023,30736,3.0,1132.15,3396.45
909837,7003405,30404,4.0,499.72,1998.88
909838,7007845,30188,4.0,275.97,1103.88
909839,7000496,30399,1.0,354.12,354.12
909840,7005925,30243,1.0,203.9,203.9
909841,7011635,30388,12.0,493.25,5919.0
909842,7010964,31393,4.0,449.83,1799.32
909843,7013725,30732,8.0,659.45,5275.6
909844,7007354,30777,7.0,602.35,4216.45
909845,7012901,31064,10.0,819.37,8193.7
909846,7011188,30222,1.0,883.65,883.65
909847,7007581,30913,4.0,152.27,609.08
909848,7003175,30326,1.0,765.51,765.51
909849,7007193,30948,8.0,555.66,4445.28
909850,7002156,30833,2.0,364.65,729.3
909851,7012878,30647,9.0,413.36,3720.24
909852,7001181,30702,11.0,455.76,5013.36
909853,7010409,31055,12.0,868.36,10420.32
909854,7006211,31000,1.0,182.61,182.61
909855,7013693,30402,9.0,1199.25,10793.25
909856,7008433,30017,12.0,485.71,5828.52
909857,7009281,30416,11.0,592.71,6519.81
909858,7003346,31137,11.0,999.7,10996.7
909859,7014562,30967,8.0,932.99,7463.92
909860,7010737,30263,7.0,212.0,1484.0
909861,7008020,30926,4.0,899.47,3597.88
909862,7000514,30906,2.0,736.98,1473.96
909863,7002504,31340,12.0,833.95,10007.4
909864,7008228,31338,4.0,550.92,2203.68
909865,7007706,30588,11.0,96.49,1061.39
909866,7005624,30861,12.0,624.56,7494.72
909867,7001848,30020,12.0,691.56,8298.72
909868,7004191,30856,8.0,458.48,3667.84
909869,7004535,31090,5.0,226.4,1132.0
909870,7013150,30013,6.0,357.33,2143.98
909871,7007175,30408,6.0,709.63,4257.78
909872,7003821,30293,4.0,334.6,1338.4
909873,7014313,30865,10.0,310.71,3107.1
909874,7006421,30299,11.0,1014.54,11159.94
909875,7007538,31365,12.0,173.93,2087.11
909876,7013303,30322,5.0,1090.76,5453.8
909877,7001741,30061,5.0,1173.67,5868.35
909878,7009379,30165,5.0,396.55,1982.75
909879,7007673,31475,2.0,441.12,882.24
909880,7000982,30641,1.0,856.75,856.75
909881,7001682,30793,10.0,848.1,8481.0
909882,7005919,30477,11.0,651.41,7165.51
909883,7011471,31064,4.0,735.42,2941.68
909884,7006573,31007,5.0,523.23,2616.15
909885,7009052,30463,7.0,406.53,2845.71
909886,7006950,30214,5.0,768.22,3841.1
909887,7007906,30201,11.0,167.64,1844.04
909888,7005985,31178,2.0,1165.27,2330.54
909889,7002498,30406,6.0,814.61,4887.66
909890,7007073,31482,3.0,257.62,772.86
909891,7013344,30678,4.0,42.53,170.12
909892,7005161,30073,3.0,792.45,2377.35
909893,7011168,30440,11.0,83.22,915.42
909894,7000892,30216,10.0,143.25,1432.5
909895,7008020,30260,7.0,35.43,248.01
909896,7014618,31335,1.0,196.58,196.58
909897,7005583,30180,6.0,568.08,3408.48
909898,7008277,31310,12.0,116.45,1397.4
909899,7014967,30100,3.0,492.68,1478.04
909900,7009067,31154,3.0,557.19,1671.57
909901,7004567,30348,10.0,1124.24,11242.4
909902,7011344,30907,5.0,1102.9,5514.5
909903,7014958,30114,11.0,920.1,10121.1
909904,7010709,30641,3.0,803.89,2411.67
909905,7014234,30911,7.0,935.26,6546.82
909906,7006911,30101,3.0,1125.09,3375.27
909907,7006792,30966,7.0,121.62,851.34
909908,7006961,31295,4.0,599.57,2398.28
909909,7008834,30465,3.0,617.11,1851.33
909910,7012433,31196,2.0,589.53,1179.06
909911,7008383,31379,2.0,715.55,1431.1
909912,7007213,30409,9.0,1145.64,10310.76
909913,7003192,30886,3.0,58.44,175.32
909914,7000451,30586,9.0,1168.64,10517.76
909915,7003767,30595,3.0,950.6,2851.8
909916,7010354,31338,8.0,583.33,4666.64
909917,7008411,30262,12.0,731.61,8779.32
909918,7014634,30477,6.0,902.79,5416.74
909919,7008026,31330,7.0,141.08,987.56
909920,7012248,30997,3.0,695.38,2086.14
909921,7007929,30172,11.0,476.73,5244.03
909922,7005742,30965,12.0,146.29,1755.48
909923,7007054,30353,10.0,0.18,1.79
909924,7000328,30947,2.0,870.07,1740.14
909925,7012401,30383,11.0,906.4,9970.4
909926,7012376,30364,1.0,452.87,452.87
909927,7005535,30770,3.0,1149.89,3449.67
909928,7005663,30585,3.0,473.69,1421.07
909929,7006696,30902,7.0,826.48,5785.36
909930,7007410,31085,7.0,178.82,1251.74
909931,7013806,30215,9.0,781.61,7034.49
909932,7002787,30110,7.0,964.61,6752.27
909933,7008131,31361,7.0,938.96,6572.72
909934,7001976,31381,7.0,25.94,181.55
909935,7009212,30196,3.0,957.28,2871.84
909936,7001579,31471,5.0,1107.57,5537.85
909937,7010263,31203,8.0,172.26,1378.08
909938,7006956,30978,11.0,654.88,7203.68
909939,7012581,31478,3.0,593.51,1780.52
909940,7012132,31428,4.0,712.01,2848.04
909941,7001522,30918,2.0,1097.27,2194.54
909942,7009782,31130,12.0,732.4,8788.8
909943,7014752,30328,10.0,1071.7,10717.0
909944,7006486,30176,2.0,625.96,1251.92
909945,7008860,30764,1.0,119.22,119.22
909946,7006634,31444,9.0,1167.48,10507.32
909947,7007588,31280,7.0,73.04,511.28
909948,7004084,31194,7.0,463.95,3247.65
909949,7011125,30680,11.0,675.49,7430.39
909950,7006004,30896,6.0,622.53,3735.18
909951,7013464,30421,10.0,647.5,6475.0
909952,7009286,30322,8.0,612.38,4899.04
909953,7012918,30249,2.0,860.06,1720.12
909954,7004886,30464,9.0,223.79,2014.11
909955,7006166,31032,11.0,1014.97,11164.67
909956,7002513,30232,5.0,870.35,4351.75
909957,7012352,30766,4.0,93.71,374.84
909958,7007709,31265,6.0,77.73,466.38
909959,7002953,30625,12.0,888.89,10666.68
909960,7004237,31475,7.0,729.18,5104.26
909961,7000828,30388,3.0,414.97,1244.91
909962,7008543,30553,12.0,986.17,11834.04
909963,7007966,31316,3.0,470.81,1412.43
909964,7008462,31217,3.0,261.74,785.22
909965,7003973,31455,6.0,568.53,3411.15
909966,7000642,30351,1.0,1185.69,1185.69
909967,7012238,31293,1.0,26.63,26.63
909968,7011347,31001,5.0,892.01,4460.05
909969,7009084,30129,4.0,998.63,3994.52
909970,7014628,30346,12.0,1129.23,13550.76
909971,7014014,30479,8.0,745.56,5964.48
909972,7001106,30201,11.0,217.31,2390.41
909973,7012902,30533,8.0,148.02,1184.16
909974,7014397,31299,4.0,249.47,997.88
909975,7012125,31088,10.0,720.76,7207.6
909976,7010283,30728,4.0,417.11,1668.44
909977,7008116,31498,3.0,246.17,738.51
909978,7000004,31317,12.0,410.94,4931.28
909979,7006346,30501,3.0,635.42,1906.26
909980,7010730,30550,6.0,939.28,5635.68
909981,7002952,30192,10.0,201.64,2016.4
909982,7008321,30521,6.0,869.33,5215.98
909983,7005469,30395,12.0,927.43,11129.16
909984,7010207,31182,8.0,727.54,5820.32
909985,7011252,30492,7.0,21.66,151.62
909986,7002346,30297,5.0,340.64,1703.2
909987,7003372,31286,12.0,78.43,941.16
909988,7007492,30352,5.0,303.47,1517.35
909989,7000339,30238,12.0,1129.35,13552.2
909990,7006219,31331,12.0,15.61,187.32
909991,7011363,30635,10.0,427.99,4279.9
909992,7010092,30907,8.0,573.12,4584.96
909993,7014770,30761,1.0,638.91,638.91
909994,7008096,31234,9.0,1132.95,10196.55
909995,7002182,31083,4.0,1162.3,4649.2
909996,7006382,31106,3.0,630.43,1891.29
909997,7014249,31218,6.0,433.75,2602.5
909998,7008787,30762,6.0,337.82,2026.92
909999,7012829,31188,1.0,423.51,423.51
910000,7006764,31133,10.0,107.45,1074.5
910001,7009530,31073,3.0,485.46,1456.38
910002,7014660,31069,11.0,939.42,10333.62
910003,7014120,30670,6.0,942.18,5653.08
910004,7008055,31418,3.0,281.67,845.01
910005,7007572,30640,7.0,1034.92,7244.44
910006,7003374,30316,4.0,916.23,3664.92
910007,7010691,30212,11.0,722.32,7945.52
910008,7010224,30592,3.0,237.92,713.76
910009,7005703,30807,11.0,581.01,6391.11
910010,7014295,30512,10.0,567.41,5674.1
910011,7010799,30038,3.0,313.37,940.11
910012,7001893,30425,6.0,632.12,3792.72
910013,7014791,30346,11.0,40.7,447.7
910014,7005779,30200,1.0,675.52,675.52
910015,7009065,30620,9.0,560.07,5040.63
910016,7002454,31218,3.0,360.91,1082.73
910017,7012162,30761,3.0,523.11,1569.33
910018,7006328,30531,4.0,983.58,3934.32
910019,7000608,30078,12.0,75.52,906.24
910020,7001365,30778,1.0,968.35,968.35
910021,7010007,31282,6.0,508.45,3050.7
910022,7005518,30972,8.0,182.72,1461.76
910023,7008287,30344,2.0,930.5,1861.0
910024,7005434,30282,5.0,630.47,3152.35
910025,7010288,30869,3.0,799.23,2397.69
910026,7002246,30964,3.0,1054.9,3164.7
910027,7007846,30693,7.0,1004.5,7031.5
910028,7002942,31109,7.0,451.17,3158.19
910029,7014370,31327,1.0,118.56,118.56
910030,7014716,30075,5.0,625.68,3128.4
910031,7010398,31500,4.0,725.76,2903.04
910032,7013102,31240,7.0,1017.25,7120.75
910033,7014954,31487,2.0,58.51,117.02
910034,7008113,31066,9.0,229.45,2065.05
910035,7008258,30059,2.0,715.58,1431.15
910036,7004180,30039,10.0,384.45,3844.5
910037,7009956,30895,4.0,885.9,3543.6
910038,7002070,30943,5.0,992.47,4962.35
910039,7012988,31441,8.0,600.26,4802.08
910040,7008978,30020,9.0,178.54,1606.86
910041,7009672,30943,2.0,668.92,1337.84
910042,7003741,30469,12.0,980.58,11766.96
910043,7012855,31362,6.0,169.07,1014.42
910044,7001042,30465,3.0,143.1,429.3
910045,7012154,30357,6.0,523.12,3138.72
910046,7011897,30418,3.0,1115.04,3345.12
910047,7008030,30417,7.0,757.7,5303.9
910048,7009804,30989,9.0,702.48,6322.32
910049,7014586,31440,12.0,864.12,10369.44
910050,7007368,30699,4.0,423.16,1692.64
910051,7008161,31290,5.0,677.21,3386.05
910052,7002355,30088,6.0,356.54,2139.24
910053,7008843,31196,3.0,263.7,791.1
910054,7012822,30861,4.0,372.52,1490.08
910055,7011498,31219,5.0,1065.06,5325.3
910056,7006272,30585,10.0,25.1,251.0
910057,7006960,30988,10.0,838.91,8389.1
910058,7003369,30988,1.0,261.89,261.89
910059,7000497,30902,3.0,1031.84,3095.52
910060,7000510,30758,3.0,100.46,301.38
910061,7007259,31073,12.0,593.52,7122.24
910062,7005857,31394,6.0,776.23,4657.38
910063,7007333,30339,1.0,320.32,320.32
910064,7003155,30780,4.0,777.04,3108.16
910065,7011227,31298,12.0,13.35,160.2
910066,7014893,30504,11.0,181.61,1997.71
910067,7001435,30940,3.0,1114.54,3343.62
910068,7003261,30744,2.0,756.55,1513.1
910069,7014899,30384,6.0,898.03,5388.18
910070,7011753,30440,1.0,554.11,554.11
910071,7009411,30486,8.0,946.77,7574.16
910072,7012943,30660,12.0,958.09,11497.08
910073,7014080,30702,8.0,1018.13,8145.04
910074,7005390,31360,8.0,93.77,750.16
910075,7010166,30872,12.0,994.83,11937.96
910076,7012126,30886,1.0,969.75,969.75
910077,7004309,31209,9.0,421.87,3796.83
910078,7012993,30578,3.0,1045.33,3135.99
910079,7007963,30863,11.0,324.38,3568.18
910080,7009128,31061,4.0,253.08,1012.32
910081,7014534,30637,3.0,1028.4,3085.2
910082,7013227,30859,6.0,725.08,4350.51
910083,7003448,30854,5.0,1184.32,5921.6
910084,7010538,30617,1.0,1072.65,1072.65
910085,7002500,31481,10.0,499.52,4995.2
910086,7009542,30343,8.0,821.03,6568.24
910087,7008095,30917,5.0,786.85,3934.25
910088,7012389,30625,8.0,897.68,7181.44
910089,7013973,30503,6.0,256.06,1536.36
910090,7008397,31489,3.0,156.69,470.07
910091,7012804,31447,10.0,1073.99,10739.9
910092,7001597,30666,8.0,962.85,7702.8
910093,7009047,31380,3.0,1028.28,3084.84
910094,7003577,30466,4.0,135.76,543.04
910095,7002029,30225,3.0,1140.13,3420.39
910096,7001880,31495,9.0,1178.21,10603.89
910097,7010907,30142,5.0,899.24,4496.2
910098,7003309,30203,1.0,803.75,803.75
910099,7001194,30086,2.0,150.49,300.98
910100,7000715,30092,11.0,1061.72,11678.92
910101,7005001,30069,3.0,23.55,70.65
910102,7010125,31101,7.0,826.73,5787.11
910103,7008816,31131,12.0,1180.55,14166.6
910104,7011093,30932,3.0,46.97,140.91
910105,7001928,30627,6.0,56.12,336.72
910106,7014051,30079,10.0,10.84,108.4
910107,7009459,30592,6.0,89.0,534.0
910108,7004211,30691,2.0,206.09,412.18
910109,7006736,30551,5.0,1153.77,5768.85
910110,7008851,30277,9.0,1174.45,10570.05
910111,7014083,31314,9.0,710.4,6393.6
910112,7001953,31377,10.0,776.91,7769.1
910113,7011423,30551,6.0,560.67,3364.02
910114,7009198,30565,10.0,1010.82,10108.2
910115,7014738,30065,3.0,824.1,2472.3
910116,7006421,31435,5.0,705.15,3525.75
910117,7011872,30575,12.0,291.56,3498.72
910118,7008181,31353,1.0,898.05,898.05
910119,7006901,31256,5.0,1044.51,5222.55
910120,7005880,30492,3.0,951.27,2853.81
910121,7001476,30094,3.0,319.86,959.58
910122,7000058,31148,9.0,258.75,2328.75
910123,7012972,31305,12.0,219.38,2632.56
910124,7002033,30690,4.0,652.08,2608.32
910125,7007814,31435,5.0,119.01,595.05
910126,7011721,30347,6.0,943.86,5663.16
910127,7004939,30908,3.0,378.65,1135.95
910128,7001140,30572,9.0,133.93,1205.37
910129,7001142,30356,9.0,999.63,8996.67
910130,7012674,31145,8.0,591.43,4731.44
910131,7000070,31148,2.0,126.05,252.1
910132,7013112,31105,3.0,804.6,2413.8
910133,7002424,30113,11.0,60.83,669.13
910134,7006661,30702,4.0,863.13,3452.52
910135,7006574,31284,12.0,183.03,2196.36
910136,7002824,30540,3.0,395.65,1186.95
910137,7005151,31232,3.0,210.26,630.78
910138,7009588,30069,6.0,98.86,593.16
910139,7001753,31041,6.0,373.01,2238.06
910140,7003825,31395,2.0,1136.01,2272.02
910141,7010324,30646,1.0,639.09,639.09
910142,7011989,30614,6.0,1001.86,6011.16
910143,7002176,30750,5.0,694.6,3473.0
910144,7011142,30291,8.0,1194.36,9554.88
910145,7006236,30238,5.0,684.92,3424.6
910146,7011809,30921,7.0,269.27,1884.89
910147,7002094,30727,9.0,535.58,4820.22
910148,7012506,30180,5.0,161.87,809.35
910149,7002195,31408,11.0,179.47,1974.17
910150,7011317,31013,1.0,770.1,770.1
910151,7005831,30613,7.0,1135.14,7945.98
910152,7003216,30591,1.0,102.19,102.19
910153,7004602,30441,3.0,1043.19,3129.57
910154,7007454,30938,3.0,1138.24,3414.72
910155,7000619,31158,3.0,822.55,2467.65
910156,7010382,31454,8.0,824.93,6599.44
910157,7013381,30378,4.0,603.24,2412.96
910158,7014877,31276,3.0,891.91,2675.73
910159,7012605,30694,12.0,253.25,3039.0
910160,7010370,31061,10.0,57.55,575.5
910161,7006797,30189,1.0,95.29,95.29
910162,7001378,30343,4.0,180.05,720.2
910163,7009537,31020,12.0,321.52,3858.24
910164,7008835,31388,12.0,454.5,5454.0
910165,7005195,30941,11.0,299.59,3295.49
910166,7014115,30219,11.0,969.21,10661.31
910167,7013504,31093,2.0,783.89,1567.78
910168,7008426,30114,6.0,102.0,612.0
910169,7004798,30560,6.0,1094.37,6566.22
910170,7014379,30318,9.0,942.35,8481.15
910171,7014805,30265,5.0,229.54,1147.7
910172,7012937,31223,1.0,203.95,203.95
910173,7013186,31094,1.0,66.06,66.06
910174,7012254,30121,10.0,284.89,2848.9
910175,7000452,30427,12.0,469.54,5634.48
910176,7011054,31357,2.0,214.91,429.82
910177,7006386,30713,3.0,160.61,481.83
910178,7008823,30132,9.0,671.02,6039.18
910179,7009577,30515,8.0,820.46,6563.68
910180,7002474,31158,2.0,33.25,66.5
910181,7003449,30674,4.0,426.91,1707.64
910182,7004828,30978,5.0,399.98,1999.9
910183,7010219,30377,2.0,1189.67,2379.34
910184,7005816,31072,1.0,627.43,627.43
910185,7011883,31399,8.0,719.13,5753.04
910186,7014913,30180,11.0,881.24,9693.64
910187,7008446,30518,12.0,157.84,1894.08
910188,7014844,30127,4.0,428.77,1715.08
910189,7012369,31334,10.0,645.29,6452.9
910190,7012309,30027,9.0,652.98,5876.82
910191,7014266,31147,11.0,234.67,2581.37
910192,7003229,30773,12.0,884.27,10611.24
910193,7002146,30857,8.0,752.8,6022.4
910194,7009844,30077,3.0,996.69,2990.07
910195,7004781,31317,10.0,489.07,4890.7
910196,7004904,30313,2.0,453.73,907.46
910197,7000319,31313,3.0,1124.72,3374.16
910198,7013148,30370,1.0,570.24,570.24
910199,7010772,31237,7.0,1023.04,7161.28
910200,7010214,30158,12.0,512.61,6151.32
910201,7002255,30639,4.0,901.26,3605.04
910202,7008237,31043,4.0,751.73,3006.92
910203,7010905,31044,5.0,801.67,4008.35
910204,7011814,31057,11.0,449.91,4949.01
910205,7014413,30912,3.0,931.32,2793.96
910206,7004039,31312,3.0,300.22,900.67
910207,7013181,31040,10.0,110.16,1101.6
910208,7004913,31160,2.0,249.26,498.52
910209,7000985,31124,9.0,1135.91,10223.19
910210,7014702,30613,6.0,378.46,2270.76
910211,7005536,30482,8.0,1097.51,8780.08
910212,7010780,31009,7.0,658.54,4609.75
910213,7001770,31235,5.0,410.57,2052.85
910214,7014478,31135,7.0,58.76,411.32
910215,7013971,30555,8.0,1077.27,8618.16
910216,7010021,30081,3.0,1017.26,3051.78
910217,7006414,30603,10.0,924.68,9246.8
910218,7004210,31484,7.0,1186.43,8305.01
910219,7012698,30215,1.0,1152.06,1152.06
910220,7005137,31108,10.0,985.33,9853.3
910221,7007733,30408,11.0,1035.4,11389.4
910222,7003890,30357,9.0,702.66,6323.94
910223,7011856,30284,4.0,104.41,417.64
910224,7000793,30796,8.0,1003.74,8029.92
910225,7005936,30355,11.0,1059.28,11652.08
910226,7001307,30938,9.0,559.0,5031.0
910227,7014777,30479,9.0,329.21,2962.89
910228,7006345,31286,9.0,378.57,3407.13
910229,7004430,30205,8.0,890.77,7126.16
910230,7006390,30597,3.0,1118.39,3355.17
910231,7003504,30835,3.0,1150.86,3452.58
910232,7013509,30976,1.0,439.41,439.41
910233,7007598,30927,11.0,1118.0,12298.0
910234,7005617,30796,1.0,1152.95,1152.95
910235,7005759,30044,7.0,84.68,592.76
910236,7004233,31122,9.0,861.33,7751.97
910237,7009630,30371,3.0,652.67,1958.01
910238,7013934,30793,7.0,757.63,5303.41
910239,7003958,30034,4.0,720.21,2880.84
910240,7009510,30249,3.0,987.27,2961.81
910241,7009634,31018,10.0,766.18,7661.8
910242,7001452,30040,7.0,85.08,595.56
910243,7007385,30765,12.0,919.41,11032.92
910244,7004336,30714,11.0,277.79,3055.69
910245,7014951,30577,3.0,41.92,125.76
910246,7009729,30375,10.0,148.87,1488.7
910247,7003015,31054,5.0,68.09,340.45
910248,7014284,30629,6.0,601.24,3607.44
910249,7011633,30024,8.0,566.34,4530.72
910250,7002834,30938,12.0,530.18,6362.16
910251,7011126,30312,6.0,562.27,3373.62
910252,7005813,31007,7.0,212.84,1489.88
910253,7009352,30407,4.0,1046.89,4187.56
910254,7001000,30885,9.0,622.97,5606.73
910255,7013818,30211,5.0,536.58,2682.89
910256,7007720,30806,6.0,393.77,2362.62
910257,7005323,30513,2.0,350.11,700.22
910258,7003727,31297,3.0,135.0,405.0
910259,7005116,31244,12.0,1179.21,14150.52
910260,7007147,30355,12.0,759.27,9111.24
910261,7007296,30429,1.0,912.1,912.1
910262,7003424,30573,10.0,525.68,5256.8
910263,7010482,31001,5.0,271.57,1357.85
910264,7000597,31089,3.0,115.53,346.59
910265,7007634,30900,5.0,432.76,2163.8
910266,7003814,31078,3.0,1179.29,3537.87
910267,7011765,30410,6.0,275.27,1651.62
910268,7009662,31333,2.0,1163.42,2326.84
910269,7009848,31357,12.0,854.18,10250.16
910270,7007036,31108,4.0,887.47,3549.88
910271,7012373,31012,2.0,265.01,530.02
910272,7012072,30053,3.0,856.77,2570.31
910273,7011335,30050,3.0,538.93,1616.79
910274,7001092,31169,6.0,943.35,5660.1
910275,7012869,30371,8.0,491.07,3928.56
910276,7004527,31057,7.0,481.99,3373.93
910277,7006869,31360,1.0,298.21,298.21
910278,7011465,31079,10.0,759.29,7592.9
910279,7002972,30805,3.0,332.15,996.45
910280,7014128,30931,12.0,492.52,5910.24
910281,7012728,31393,8.0,807.24,6457.92
910282,7008929,31438,11.0,1117.96,12297.56
910283,7004473,30074,1.0,270.26,270.26
910284,7012729,30310,6.0,434.21,2605.26
910285,7002925,31438,12.0,804.97,9659.64
910286,7009857,30795,11.0,974.98,10724.78
910287,7005865,30547,7.0,530.45,3713.15
910288,7008498,30285,7.0,613.48,4294.36
910289,7014722,31163,11.0,884.0,9724.0
910290,7007521,31288,3.0,1095.54,3286.62
910291,7008595,31091,7.0,853.18,5972.26
910292,7002558,30735,7.0,90.78,635.46
910293,7005857,30976,5.0,390.44,1952.2
910294,7011789,30228,12.0,481.03,5772.36
910295,7010460,31412,4.0,676.25,2705.0
910296,7006957,31429,3.0,503.67,1511.01
910297,7003086,30694,12.0,528.36,6340.32
910298,7003355,30208,6.0,706.11,4236.66
910299,7014910,30674,2.0,281.38,562.76
910300,7012481,31404,12.0,552.22,6626.64
910301,7007933,30254,12.0,909.4,10912.8
910302,7003460,31320,9.0,1059.1,9531.9
910303,7014779,31463,5.0,491.08,2455.4
910304,7003873,30176,3.0,838.3,2514.9
910305,7007821,30140,2.0,187.42,374.84
910306,7010335,30315,10.0,1064.41,10644.1
910307,7007019,30160,8.0,145.11,1160.87
910308,7002918,30229,11.0,705.72,7762.92
910309,7011620,30155,11.0,394.99,4344.89
910310,7009356,31066,1.0,1194.57,1194.57
910311,7000175,30497,4.0,250.18,1000.72
910312,7004577,31208,1.0,423.95,423.95
910313,7006170,30351,10.0,85.72,857.2
910314,7005655,30276,4.0,73.61,294.44
910315,7008199,31243,6.0,967.72,5806.32
910316,7009279,31416,4.0,446.05,1784.2
910317,7007008,30262,5.0,205.22,1026.1
910318,7008080,30807,6.0,991.34,5948.04
910319,7003743,30185,2.0,48.4,96.8
910320,7013727,31187,12.0,182.8,2193.6
910321,7004250,31496,12.0,742.43,8909.16
910322,7010466,30990,3.0,88.69,266.07
910323,7013518,30586,8.0,645.17,5161.36
910324,7013434,31334,1.0,335.49,335.49
910325,7005532,30723,8.0,522.17,4177.36
910326,7013862,31482,8.0,554.53,4436.24
910327,7008478,31433,11.0,964.07,10604.77
910328,7009312,30013,8.0,105.31,842.48
910329,7003546,30635,4.0,1148.57,4594.28
910330,7003306,31212,10.0,108.55,1085.5
910331,7005063,30343,3.0,911.22,2733.66
910332,7000944,31216,3.0,1157.6,3472.8
910333,7001843,30259,10.0,339.94,3399.4
910334,7010566,30535,5.0,234.21,1171.05
910335,7011343,30679,6.0,391.17,2347.02
910336,7006482,31455,2.0,1101.2,2202.4
910337,7009470,30290,4.0,416.0,1664.0
910338,7003490,30025,3.0,107.68,323.04
910339,7007935,31402,9.0,32.77,294.93
910340,7013802,31476,10.0,284.2,2841.98
910341,7004293,31301,10.0,618.47,6184.7
910342,7006964,30380,11.0,463.1,5094.1
910343,7006168,31185,7.0,992.86,6950.02
910344,7005731,31477,7.0,981.03,6867.21
910345,7004359,30520,3.0,382.57,1147.71
910346,7006441,30085,11.0,522.72,5749.92
910347,7012625,31061,3.0,875.96,2627.88
910348,7004692,30242,9.0,330.63,2975.67
910349,7005844,30184,5.0,973.67,4868.35
910350,7001010,30757,1.0,942.22,942.22
910351,7008647,30260,10.0,554.36,5543.6
910352,7000014,30330,1.0,116.26,116.26
910353,7000903,30975,8.0,568.34,4546.72
910354,7002500,31101,6.0,271.96,1631.76
910355,7008489,30791,10.0,54.8,548.0
910356,7011107,30156,11.0,159.68,1756.48
910357,7007406,31182,11.0,756.15,8317.65
910358,7014647,31231,2.0,1082.43,2164.86
910359,7007088,31371,3.0,293.44,880.32
910360,7006947,30610,11.0,1012.47,11137.17
910361,7003862,30869,4.0,909.73,3638.92
910362,7009635,30891,10.0,696.45,6964.5
910363,7014922,30830,7.0,1102.37,7716.59
910364,7002277,30968,10.0,717.84,7178.4
910365,7006407,30434,7.0,316.11,2212.77
910366,7001394,31014,3.0,674.36,2023.08
910367,7003800,30214,12.0,991.92,11903.04
910368,7013707,30336,10.0,180.91,1809.1
910369,7012435,30494,11.0,394.68,4341.48
910370,7001132,31002,3.0,195.43,586.29
910371,7007816,30169,8.0,257.91,2063.28
910372,7003534,30401,4.0,858.38,3433.52
910373,7009317,30714,10.0,726.96,7269.6
910374,7001735,30427,6.0,877.27,5263.62
910375,7002475,30105,6.0,36.82,220.92
910376,7004670,30132,8.0,50.46,403.68
910377,7002543,30257,5.0,914.28,4571.4
910378,7009942,31316,8.0,268.02,2144.16
910379,7008080,30530,8.0,455.45,3643.6
910380,7000047,31154,8.0,554.46,4435.68
910381,7001539,30033,7.0,158.93,1112.51
910382,7012059,30680,12.0,1100.38,13204.56
910383,7011979,31229,11.0,611.42,6725.62
910384,7000514,30293,10.0,716.34,7163.4
910385,7003974,30937,4.0,17.89,71.56
910386,7001260,30694,2.0,968.89,1937.78
910387,7005834,30765,10.0,305.57,3055.7
910388,7003526,30192,8.0,1141.59,9132.72
910389,7009221,30299,3.0,313.83,941.49
910390,7003241,31319,2.0,728.07,1456.14
910391,7010711,30201,10.0,940.38,9403.8
910392,7007507,30118,10.0,238.51,2385.1
910393,7004510,30001,10.0,553.66,5536.6
910394,7001797,30566,10.0,440.14,4401.4
910395,7013026,31160,1.0,54.9,54.9
910396,7005143,30785,5.0,737.0,3685.0
910397,7012392,30213,11.0,599.85,6598.35
910398,7008540,30996,7.0,540.65,3784.55
910399,7010157,31396,6.0,797.75,4786.5
910400,7012783,30514,11.0,37.24,409.64
910401,7004881,31481,6.0,965.37,5792.22
910402,7009234,31006,10.0,149.86,1498.6
910403,7014320,31156,7.0,807.91,5655.37
910404,7001525,30731,2.0,381.69,763.38
910405,7011112,31103,10.0,610.5,6105.0
910406,7005210,31143,9.0,141.72,1275.48
910407,7004676,30703,12.0,716.37,8596.44
910408,7000379,30383,4.0,973.13,3892.52
910409,7013859,30853,4.0,236.37,945.48
910410,7008901,30471,11.0,1105.71,12162.81
910411,7013467,30020,3.0,555.89,1667.67
910412,7000427,31279,7.0,516.08,3612.56
910413,7004462,31263,6.0,580.55,3483.3
910414,7001325,31061,1.0,509.36,509.36
910415,7013327,31337,12.0,458.21,5498.52
910416,7010246,31236,9.0,577.63,5198.67
910417,7002296,31053,9.0,865.94,7793.46
910418,7005514,30794,5.0,105.38,526.9
910419,7014801,31115,8.0,1064.43,8515.44
910420,7000051,31286,10.0,1086.73,10867.3
910421,7003340,30581,10.0,900.3,9003.0
910422,7008722,30155,7.0,205.07,1435.49
910423,7013643,30491,1.0,448.89,448.89
910424,7005749,30470,1.0,914.55,914.55
910425,7006088,30170,2.0,1032.78,2065.56
910426,7005755,31313,6.0,1029.9,6179.4
910427,7004675,30463,12.0,454.03,5448.36
910428,7000595,30411,3.0,35.68,107.04
910429,7001705,30269,5.0,719.64,3598.2
910430,7001250,30212,1.0,47.47,47.47
910431,7010401,30872,1.0,80.25,80.25
910432,7010152,30844,11.0,748.22,8230.42
910433,7007121,30338,5.0,1106.79,5533.95
910434,7012314,30946,4.0,756.49,3025.96
910435,7005867,30498,8.0,400.36,3202.88
910436,7012693,30086,2.0,503.83,1007.66
910437,7012051,30041,7.0,330.48,2313.36
910438,7011009,30526,1.0,300.69,300.69
910439,7005234,31298,10.0,482.27,4822.7
910440,7014454,30597,5.0,270.0,1350.0
910441,7001731,31051,2.0,267.19,534.38
910442,7008387,30518,2.0,772.16,1544.32
910443,7012108,30041,4.0,1046.47,4185.88
910444,7002436,31415,9.0,111.92,1007.28
910445,7001900,30301,2.0,674.71,1349.42
910446,7008314,30629,1.0,830.94,830.94
910447,7011186,30899,7.0,67.42,471.94
910448,7005182,30886,12.0,1105.88,13270.56
910449,7000146,30763,2.0,24.28,48.56
910450,7003538,30030,2.0,866.56,1733.12
910451,7008316,31305,6.0,156.62,939.72
910452,7007654,31052,7.0,813.65,5695.55
910453,7010763,31133,10.0,156.7,1567.0
910454,7013429,30690,5.0,220.16,1100.8
910455,7003319,30897,2.0,583.13,1166.26
910456,7000008,30761,1.0,211.98,211.98
910457,7004865,31117,7.0,251.46,1760.22
910458,7009390,31177,7.0,1190.42,8332.94
910459,7007128,31112,11.0,987.58,10863.38
910460,7003896,31374,12.0,1065.74,12788.88
910461,7012194,30253,8.0,261.04,2088.32
910462,7009213,31284,2.0,619.08,1238.16
910463,7007232,30224,9.0,241.1,2169.9
910464,7009865,30454,7.0,524.09,3668.63
910465,7002798,31325,1.0,490.51,490.51
910466,7006089,31383,5.0,57.28,286.4
910467,7005059,31369,4.0,471.41,1885.64
910468,7003735,31221,7.0,44.36,310.52
910469,7008876,31025,4.0,301.33,1205.32
910470,7010838,30323,12.0,483.63,5803.56
910471,7004218,30549,4.0,863.63,3454.52
910472,7009040,30457,12.0,66.65,799.8
910473,7003616,30474,3.0,1016.46,3049.38
910474,7007137,30201,3.0,747.31,2241.93
910475,7002457,30597,5.0,765.07,3825.35
910476,7004631,30387,2.0,10.79,21.58
910477,7009858,30011,3.0,834.73,2504.19
910478,7012466,30274,5.0,1123.87,5619.35
910479,7009289,30728,12.0,1089.01,13068.12
910480,7001454,31273,12.0,465.76,5589.12
910481,7014510,30707,11.0,728.74,8016.14
910482,7012630,30818,5.0,395.43,1977.15
910483,7010131,30066,7.0,419.05,2933.35
910484,7011796,30348,1.0,863.66,863.66
910485,7010876,30836,12.0,469.72,5636.64
910486,7011693,31482,6.0,549.04,3294.21
910487,7004034,30392,8.0,478.92,3831.36
910488,7010188,30401,12.0,811.25,9735.0
910489,7004017,30510,4.0,123.46,493.84
910490,7009820,30290,10.0,862.48,8624.8
910491,7000294,30262,6.0,203.28,1219.68
910492,7009962,31467,2.0,1041.22,2082.44
910493,7000072,30804,11.0,500.7,5507.7
910494,7010859,31166,10.0,576.68,5766.8
910495,7010381,30217,5.0,110.37,551.85
910496,7002814,31108,5.0,343.71,1718.55
910497,7000266,30948,6.0,970.74,5824.44
910498,7008200,30667,11.0,245.24,2697.64
910499,7012369,30472,9.0,923.7,8313.3
910500,7011452,30288,5.0,920.53,4602.65
910501,7003722,30117,3.0,633.92,1901.76
910502,7008963,30051,8.0,1084.5,8676.0
910503,7002117,30122,1.0,975.15,975.15
910504,7009171,30701,6.0,284.44,1706.64
910505,7010373,31050,6.0,119.54,717.24
910506,7010813,30463,4.0,76.24,304.96
910507,7006737,30754,11.0,982.5,10807.5
910508,7011054,30837,5.0,1165.02,5825.1
910509,7002564,30466,5.0,622.38,3111.9
910510,7002076,30665,9.0,990.02,8910.18
910511,7010768,30969,5.0,824.96,4124.8
910512,7012447,30851,5.0,439.8,2199.0
910513,7010249,31398,7.0,663.05,4641.35
910514,7009488,30494,9.0,387.76,3489.84
910515,7004585,30462,9.0,229.11,2061.99
910516,7002942,30665,2.0,911.77,1823.54
910517,7013176,30288,3.0,716.47,2149.41
910518,7010878,30512,7.0,760.88,5326.16
910519,7009948,30412,2.0,1153.83,2307.66
910520,7013676,30093,10.0,1069.26,10692.6
910521,7012898,30701,10.0,87.74,877.4
910522,7007028,30845,3.0,1050.98,3152.94
910523,7004258,31338,10.0,1078.61,10786.1
910524,7006552,31052,1.0,477.6,477.6
910525,7013352,30914,6.0,713.98,4283.88
910526,7012707,31017,11.0,561.25,6173.75
910527,7013850,30721,4.0,984.83,3939.32
910528,7012266,31295,9.0,328.98,2960.82
910529,7000176,30166,9.0,35.47,319.23
910530,7001815,31197,3.0,1023.22,3069.66
910531,7010399,31356,7.0,105.04,735.28
910532,7005512,30200,7.0,742.37,5196.59
910533,7008383,31300,9.0,273.74,2463.66
910534,7003683,30422,5.0,58.7,293.5
910535,7006106,30228,12.0,892.27,10707.24
910536,7006243,31481,3.0,882.36,2647.08
910537,7004093,31373,3.0,985.14,2955.42
910538,7014162,30506,10.0,784.08,7840.8
910539,7001796,31147,3.0,729.51,2188.53
910540,7003904,30068,9.0,460.71,4146.39
910541,7013281,31336,2.0,1003.17,2006.34
910542,7003111,30274,12.0,1158.11,13897.32
910543,7011277,30680,3.0,1036.32,3108.96
910544,7001590,30197,1.0,539.3,539.3
910545,7005824,31242,12.0,450.28,5403.36
910546,7013037,30547,1.0,113.2,113.2
910547,7012406,30850,1.0,963.99,963.99
910548,7011246,30048,9.0,1027.15,9244.35
910549,7002395,31159,2.0,781.17,1562.34
910550,7012163,31348,6.0,983.48,5900.88
910551,7000045,30584,5.0,351.67,1758.35
910552,7000688,30811,1.0,809.33,809.33
910553,7014666,30631,8.0,146.49,1171.92
910554,7006580,30175,9.0,112.65,1013.85
910555,7006030,30984,1.0,1070.67,1070.67
910556,7010361,30852,8.0,712.71,5701.68
910557,7006500,30189,9.0,573.36,5160.24
910558,7000809,30469,8.0,961.32,7690.56
910559,7005831,30358,4.0,956.75,3827.0
910560,7009719,31242,3.0,1102.72,3308.16
910561,7001305,30287,2.0,363.43,726.86
910562,7009380,30723,9.0,561.48,5053.32
910563,7007979,31143,9.0,828.44,7455.96
910564,7006949,31126,6.0,17.86,107.16
910565,7006720,30310,7.0,31.97,223.79
910566,7012485,31234,6.0,643.83,3862.98
910567,7012345,30972,5.0,1188.58,5942.9
910568,7004949,31351,2.0,501.59,1003.18
910569,7006661,30603,12.0,494.71,5936.52
910570,7009007,30365,1.0,298.62,298.62
910571,7004689,30700,1.0,712.03,712.03
910572,7014600,30324,8.0,721.79,5774.32
910573,7008769,30310,1.0,1020.42,1020.42
910574,7007870,31067,2.0,199.99,399.98
910575,7013833,31306,4.0,855.23,3420.92
910576,7011506,30203,9.0,303.51,2731.59
910577,7011240,30813,10.0,453.09,4530.9
910578,7009122,30646,2.0,716.7,1433.4
910579,7012639,31260,9.0,873.32,7859.88
910580,7000174,30242,8.0,798.55,6388.4
910581,7002989,30943,11.0,579.95,6379.45
910582,7009730,31219,3.0,358.54,1075.62
910583,7011700,31264,5.0,954.09,4770.45
910584,7004769,30372,3.0,66.16,198.48
910585,7007950,31246,7.0,713.32,4993.24
910586,7007638,30439,11.0,1071.59,11787.49
910587,7009014,31131,11.0,383.44,4217.84
910588,7014059,30106,6.0,1007.88,6047.28
910589,7005457,30771,4.0,533.4,2133.6
910590,7011496,30445,11.0,208.41,2292.51
910591,7004891,30907,8.0,11.2,89.6
910592,7014386,30117,8.0,906.43,7251.44
910593,7002695,31381,6.0,840.62,5043.72
910594,7010751,30909,4.0,60.6,242.4
910595,7001677,30715,5.0,860.86,4304.3
910596,7004910,30156,1.0,491.86,491.86
910597,7008228,30596,3.0,1183.04,3549.12
910598,7014443,30285,7.0,613.48,4294.36
910599,7013812,30528,3.0,123.54,370.62
910600,7010995,31003,4.0,90.0,360.0
910601,7014795,31027,9.0,958.78,8629.02
910602,7003729,31272,1.0,1157.52,1157.52
910603,7014425,30645,8.0,232.35,1858.8
910604,7003421,30826,4.0,967.94,3871.76
910605,7012538,30042,3.0,485.58,1456.74
910606,7001451,31431,8.0,1137.88,9103.04
910607,7000148,31071,6.0,611.02,3666.12
910608,7005752,31439,12.0,515.32,6183.84
910609,7007350,30592,10.0,396.65,3966.5
910610,7014086,30415,2.0,1138.58,2277.16
910611,7013469,31474,7.0,1187.34,8311.38
910612,7005762,30394,8.0,510.64,4085.12
910613,7004555,30438,7.0,225.26,1576.82
910614,7000817,30847,4.0,344.29,1377.16
910615,7013819,30379,8.0,833.73,6669.84
910616,7009845,30438,9.0,1117.35,10056.15
910617,7013652,31241,8.0,876.86,7014.88
910618,7013233,30216,7.0,945.33,6617.31
910619,7012257,30883,9.0,856.47,7708.23
910620,7014130,30099,6.0,247.49,1484.94
910621,7001758,30407,6.0,1129.17,6775.02
910622,7009983,30461,9.0,1012.87,9115.83
910623,7003238,30048,6.0,15.73,94.38
910624,7005755,30623,9.0,785.57,7070.13
910625,7007871,30305,10.0,39.59,395.9
910626,7002389,30304,3.0,535.18,1605.54
910627,7013816,30014,12.0,996.25,11955.0
910628,7012158,30433,6.0,646.3,3877.8
910629,7008459,30488,4.0,429.37,1717.48
910630,7007117,30130,10.0,802.98,8029.8
910631,7009196,30661,7.0,948.9,6642.3
910632,7005600,31139,11.0,410.72,4517.92
910633,7013444,30798,8.0,881.41,7051.28
910634,7001266,30288,1.0,503.81,503.81
910635,7009041,30454,5.0,267.36,1336.8
910636,7012079,31467,10.0,53.31,533.14
910637,7004076,30288,6.0,694.25,4165.5
910638,7000414,31267,11.0,286.8,3154.8
910639,7006009,31397,12.0,112.92,1355.04
910640,7011588,31261,5.0,357.72,1788.6
910641,7008350,31043,9.0,104.03,936.27
910642,7013660,30362,4.0,665.89,2663.56
910643,7009344,31028,4.0,715.92,2863.68
910644,7007027,30732,12.0,732.31,8787.72
910645,7003879,31241,5.0,1083.31,5416.55
910646,7007048,30568,9.0,363.95,3275.55
910647,7001600,30214,12.0,57.51,690.12
910648,7008858,30683,7.0,490.85,3435.95
910649,7008105,31260,2.0,322.51,645.02
910650,7002695,30009,2.0,766.79,1533.58
910651,7011342,30964,7.0,93.65,655.55
910652,7008376,31039,5.0,413.01,2065.05
910653,7011397,31404,8.0,862.79,6902.32
910654,7009003,30509,2.0,1155.08,2310.16
910655,7004095,30493,8.0,356.29,2850.32
910656,7009861,30990,10.0,898.2,8982.0
910657,7008638,31027,6.0,1036.18,6217.08
910658,7004855,30189,5.0,360.3,1801.5
910659,7013435,30183,10.0,517.16,5171.6
910660,7001952,30019,3.0,806.11,2418.33
910661,7014670,30557,1.0,956.89,956.89
910662,7009202,31377,12.0,564.21,6770.52
910663,7012740,31261,12.0,506.45,6077.4
910664,7009598,30586,11.0,407.76,4485.36
910665,7014664,30949,6.0,149.05,894.3
910666,7012687,30981,3.0,421.08,1263.24
910667,7005364,31120,9.0,934.53,8410.77
910668,7013707,31405,8.0,444.61,3556.88
910669,7008295,30623,5.0,1154.01,5770.05
910670,7004352,31064,9.0,679.21,6112.89
910671,7003388,31192,6.0,628.85,3773.1
910672,7002706,30993,2.0,643.27,1286.54
910673,7009819,31002,9.0,885.05,7965.45
910674,7004674,31496,11.0,642.35,7065.85
910675,7002030,31471,3.0,684.02,2052.06
910676,7000659,30192,5.0,497.35,2486.77
910677,7013486,30968,2.0,835.92,1671.84
910678,7007870,31246,12.0,504.68,6056.16
910679,7001369,30372,7.0,543.54,3804.78
910680,7001652,30365,11.0,301.29,3314.19
910681,7012922,30380,12.0,628.01,7536.12
910682,7004693,30826,12.0,506.74,6080.88
910683,7002131,30434,3.0,968.58,2905.74
910684,7011912,31164,9.0,1196.62,10769.58
910685,7012286,30674,9.0,73.31,659.79
910686,7008547,31079,11.0,932.87,10261.57
910687,7008548,30599,3.0,1128.65,3385.95
910688,7000965,30612,9.0,316.52,2848.68
910689,7005444,30888,12.0,1018.24,12218.88
910690,7007952,30699,7.0,269.96,1889.72
910691,7010661,30302,1.0,59.33,59.33
910692,7000955,31427,10.0,892.37,8923.7
910693,7006884,30399,11.0,432.32,4755.52
910694,7008526,30267,1.0,500.07,500.07
910695,7010488,30936,7.0,606.07,4242.49
910696,7000543,30594,8.0,1007.92,8063.36
910697,7007351,30390,7.0,830.26,5811.82
910698,7012773,31256,12.0,883.57,10602.84
910699,7001059,31447,7.0,449.99,3149.93
910700,7007607,30932,3.0,262.33,786.99
910701,7007483,30070,9.0,219.79,1978.11
910702,7008309,30453,11.0,167.99,1847.89
910703,7010336,30318,11.0,769.75,8467.25
910704,7014016,30629,1.0,1095.64,1095.64
910705,7012652,30404,1.0,1072.68,1072.68
910706,7010231,30657,7.0,927.93,6495.51
910707,7002694,30542,11.0,710.94,7820.34
910708,7009111,30102,11.0,1034.54,11379.94
910709,7000470,31489,8.0,934.66,7477.28
910710,7007579,30876,10.0,79.11,791.1
910711,7001999,30530,8.0,229.14,1833.12
910712,7012717,30079,10.0,683.34,6833.4
910713,7012171,30125,7.0,280.43,1963.0
910714,7008046,30502,4.0,754.11,3016.44
910715,7004041,31237,3.0,409.49,1228.47
910716,7008493,31337,6.0,1178.91,7073.46
910717,7000975,31151,10.0,546.07,5460.7
910718,7000666,31068,7.0,123.26,862.82
910719,7014641,30192,10.0,957.65,9576.5
910720,7005801,31135,9.0,806.24,7256.16
910721,7013633,31479,7.0,76.68,536.76
910722,7008095,30719,11.0,1146.94,12616.34
910723,7012287,31351,1.0,440.57,440.57
910724,7012751,31464,10.0,436.77,4367.7
910725,7003174,31099,2.0,154.01,308.02
910726,7011394,31322,1.0,954.44,954.44
910727,7006494,30230,11.0,250.51,2755.61
910728,7009389,30759,9.0,372.99,3356.91
910729,7010555,30311,1.0,487.2,487.2
910730,7006212,31204,10.0,167.42,1674.2
910731,7002636,30233,7.0,665.82,4660.74
910732,7002196,31017,1.0,1197.04,1197.04
910733,7006295,31006,7.0,681.12,4767.84
910734,7006083,30221,12.0,844.86,10138.32
910735,7006668,30755,1.0,368.81,368.81
910736,7001833,30768,5.0,1155.83,5779.15
910737,7001560,30143,5.0,922.04,4610.2
910738,7011910,31331,12.0,640.71,7688.52
910739,7012058,31484,4.0,483.02,1932.08
910740,7009685,31060,12.0,1090.57,13086.84
910741,7001809,31299,12.0,193.12,2317.44
910742,7009746,30018,4.0,210.74,842.96
910743,7008852,30232,9.0,222.12,1999.08
910744,7013321,30196,5.0,20.77,103.85
910745,7003781,30242,5.0,787.94,3939.7
910746,7006982,30395,12.0,249.87,2998.44
910747,7002637,30104,7.0,264.06,1848.42
910748,7000342,30102,3.0,694.71,2084.14
910749,7010598,30312,1.0,502.81,502.81
910750,7011628,30595,2.0,448.91,897.82
910751,7011623,31474,10.0,69.0,690.0
910752,7000848,31339,8.0,678.68,5429.48
910753,7014381,30696,3.0,376.87,1130.61
910754,7012633,30815,12.0,116.65,1399.8
910755,7004760,31009,5.0,1106.97,5534.85
910756,7013176,30298,6.0,1189.2,7135.2
910757,7008713,30330,10.0,483.42,4834.2
910758,7012044,30990,4.0,522.87,2091.48
910759,7012342,31338,7.0,1001.46,7010.22
910760,7007587,31008,1.0,1098.83,1098.83
910761,7013756,30573,2.0,531.11,1062.22
910762,7004239,30045,2.0,598.88,1197.76
910763,7004911,30134,2.0,1091.61,2183.22
910764,7013955,30019,4.0,891.94,3567.76
910765,7012508,30634,10.0,864.6,8646.0
910766,7003808,30187,9.0,804.21,7237.89
910767,7000806,31190,3.0,922.58,2767.74
910768,7004954,30253,6.0,146.98,881.88
910769,7001202,30906,6.0,565.15,3390.9
910770,7001342,30348,5.0,131.81,659.05
910771,7009664,30251,5.0,403.4,2017.0
910772,7011517,30251,4.0,442.74,1770.96
910773,7012295,30304,2.0,1148.8,2297.6
910774,7008644,30197,3.0,554.01,1662.03
910775,7011585,30016,7.0,85.96,601.72
910776,7007924,30816,5.0,925.58,4627.9
910777,7013259,31269,2.0,695.2,1390.4
910778,7009769,30819,3.0,940.05,2820.15
910779,7009913,30532,9.0,115.28,1037.52
910780,7010108,30754,1.0,562.59,562.59
910781,7009834,30690,9.0,1066.65,9599.85
910782,7014216,30401,1.0,888.59,888.59
910783,7010145,31150,11.0,827.69,9104.59
910784,7003932,30245,9.0,828.12,7453.08
910785,7002546,30221,4.0,128.73,514.92
910786,7006595,30563,12.0,998.14,11977.68
910787,7006817,30060,6.0,833.67,5002.02
910788,7014699,30106,12.0,812.38,9748.56
910789,7003024,30046,6.0,366.52,2199.13
910790,7009380,30234,7.0,694.57,4861.99
910791,7013750,30682,3.0,1126.49,3379.47
910792,7007103,30879,12.0,647.61,7771.32
910793,7003345,30508,9.0,243.76,2193.84
910794,7010104,30968,9.0,346.64,3119.76
910795,7008968,30864,2.0,975.1,1950.2
910796,7000169,31020,11.0,860.33,9463.63
910797,7009257,31295,1.0,328.48,328.48
910798,7004868,30023,11.0,1022.71,11249.81
910799,7003159,30928,8.0,141.03,1128.24
910800,7003061,30223,10.0,101.14,1011.4
910801,7006372,31470,8.0,1001.41,8011.28
910802,7006540,30580,5.0,344.83,1724.15
910803,7002376,31177,3.0,841.71,2525.13
910804,7010805,31039,2.0,1195.26,2390.52
910805,7000473,30595,11.0,417.81,4595.91
910806,7012789,30330,3.0,984.03,2952.09
910807,7009158,30214,11.0,305.96,3365.56
910808,7008597,30465,8.0,86.59,692.72
910809,7009345,31049,3.0,1039.28,3117.84
910810,7002925,30052,2.0,485.7,971.4
910811,7002682,30423,3.0,340.06,1020.18
910812,7000287,30307,3.0,520.2,1560.6
910813,7010237,30548,2.0,592.37,1184.74
910814,7004372,31342,8.0,66.88,535.04
910815,7010169,31202,11.0,626.02,6886.22
910816,7001723,31193,5.0,539.26,2696.3
910817,7006558,30184,1.0,541.09,541.09
910818,7013706,30565,2.0,607.32,1214.64
910819,7004688,30911,6.0,1062.54,6375.24
910820,7009484,30467,12.0,609.91,7318.92
910821,7011966,30716,11.0,530.5,5835.5
910822,7005352,31264,4.0,711.82,2847.28
910823,7006570,30287,11.0,993.91,10933.01
910824,7000347,30738,4.0,842.91,3371.64
910825,7011809,30886,8.0,1110.62,8884.96
910826,7008362,30078,12.0,1125.13,13501.56
910827,7002002,31198,8.0,140.61,1124.88
910828,7014137,30638,5.0,627.18,3135.9
910829,7013069,31165,10.0,844.63,8446.3
910830,7013361,30690,1.0,307.58,307.58
910831,7002072,30430,11.0,898.0,9878.0
910832,7005928,30074,6.0,772.56,4635.36
910833,7013169,31286,8.0,330.44,2643.52
910834,7005365,30650,4.0,339.98,1359.92
910835,7001124,30207,7.0,974.33,6820.31
910836,7000464,30945,10.0,561.3,5613.0
910837,7013534,31149,10.0,1034.27,10342.7
910838,7008664,30881,11.0,667.51,7342.61
910839,7007420,30855,10.0,555.85,5558.5
910840,7004859,30289,5.0,647.59,3237.95
910841,7002624,30271,10.0,1098.1,10981.0
910842,7006701,30621,10.0,805.32,8053.2
910843,7007478,31285,7.0,1092.06,7644.42
910844,7010525,30606,6.0,1082.19,6493.14
910845,7013343,31402,11.0,27.71,304.81
910846,7007646,31435,5.0,400.14,2000.7
910847,7006916,31045,3.0,871.47,2614.41
910848,7011066,30289,7.0,647.59,4533.13
910849,7005852,30230,1.0,235.27,235.27
910850,7000816,30002,3.0,218.88,656.63
910851,7004216,31302,11.0,843.87,9282.57
910852,7010304,30130,8.0,74.05,592.4
910853,7011763,30318,1.0,514.03,514.03
910854,7000353,31353,4.0,1147.72,4590.88
910855,7007637,30989,7.0,1080.27,7561.89
910856,7001077,30832,10.0,677.11,6771.1
910857,7005660,30644,8.0,1190.45,9523.6
910858,7006950,30562,3.0,676.78,2030.34
910859,7009616,30417,10.0,44.7,447.0
910860,7007962,31213,12.0,1077.08,12924.96
910861,7013739,30587,2.0,1083.59,2167.18
910862,7001071,30419,4.0,1139.05,4556.2
910863,7006670,30547,9.0,297.66,2678.94
910864,7006132,30780,5.0,987.02,4935.1
910865,7001923,31097,7.0,908.75,6361.25
910866,7008383,30018,8.0,816.04,6528.32
910867,7014244,30315,1.0,350.77,350.77
910868,7000584,30769,7.0,878.96,6152.72
910869,7003436,30363,10.0,793.7,7937.0
910870,7012263,30926,9.0,959.81,8638.29
910871,7014972,30751,8.0,47.99,383.92
910872,7002557,30593,12.0,1188.02,14256.24
910873,7008956,30782,9.0,729.36,6564.24
910874,7008935,30807,2.0,130.46,260.92
910875,7004593,31325,10.0,429.43,4294.3
910876,7000976,30175,1.0,959.04,959.04
910877,7010189,30838,3.0,595.8,1787.4
910878,7001455,31496,2.0,100.64,201.28
910879,7009543,31499,3.0,424.76,1274.28
910880,7011339,31341,11.0,166.12,1827.32
910881,7011266,30185,10.0,476.46,4764.6
910882,7005486,31012,3.0,1024.62,3073.86
910883,7014436,30199,3.0,511.1,1533.3
910884,7009373,30611,10.0,464.27,4642.7
910885,7014752,31482,5.0,549.04,2745.18
910886,7006202,30411,2.0,36.37,72.74
910887,7003439,30875,9.0,217.46,1957.14
910888,7003516,30210,6.0,206.44,1238.64
910889,7004642,30316,3.0,1019.18,3057.54
910890,7008266,30672,12.0,317.23,3806.76
910891,7008116,31062,9.0,916.49,8248.41
910892,7014126,31262,11.0,274.95,3024.45
910893,7000319,30105,7.0,1135.28,7946.96
910894,7014870,31224,3.0,296.48,889.44
910895,7002206,30691,7.0,741.51,5190.57
910896,7009966,30472,4.0,682.19,2728.76
910897,7005779,30310,1.0,718.4,718.4
910898,7009664,30707,5.0,556.25,2781.25
910899,7006571,31100,3.0,1148.89,3446.67
910900,7007404,30747,6.0,413.8,2482.8
910901,7002125,30917,7.0,485.13,3395.91
910902,7011801,30589,2.0,771.78,1543.56
910903,7003238,30914,6.0,619.6,3717.6
910904,7007417,30621,9.0,641.71,5775.39
910905,7011802,30039,3.0,169.88,509.64
910906,7007691,31245,9.0,947.76,8529.84
910907,7000132,30901,8.0,871.54,6972.32
910908,7000537,30147,12.0,548.86,6586.32
910909,7005008,31147,8.0,56.95,455.6
910910,7008366,30067,6.0,468.42,2810.52
910911,7013001,30709,11.0,292.94,3222.34
910912,7004580,31091,10.0,1178.65,11786.5
910913,7004571,30161,4.0,1011.92,4047.68
910914,7001123,30565,12.0,450.7,5408.4
910915,7005890,31209,6.0,377.77,2266.62
910916,7002095,30064,1.0,275.29,275.29
910917,7014261,30377,4.0,946.04,3784.16
910918,7012799,30306,11.0,749.82,8248.02
910919,7004420,30091,2.0,294.21,588.42
910920,7007963,30509,7.0,915.0,6405.0
910921,7006009,30604,4.0,27.92,111.68
910922,7001987,31482,1.0,665.69,665.69
910923,7005817,31057,7.0,93.74,656.18
910924,7012208,31292,2.0,579.36,1158.72
910925,7006328,30263,2.0,267.29,534.58
910926,7007186,31182,3.0,723.53,2170.59
910927,7000649,30715,11.0,394.9,4343.9
910928,7002695,30817,9.0,687.78,6190.02
910929,7004506,30528,5.0,667.24,3336.2
910930,7011261,30382,1.0,371.05,371.05
910931,7013000,30836,4.0,505.22,2020.88
910932,7005601,30962,2.0,284.02,568.04
910933,7006356,30283,10.0,621.29,6212.9
910934,7009285,30031,10.0,927.8,9278.0
910935,7009703,31150,5.0,312.35,1561.75
910936,7011982,30864,3.0,1070.52,3211.56
910937,7002833,30212,2.0,532.36,1064.72
910938,7001889,30788,4.0,788.31,3153.24
910939,7005481,30498,1.0,606.07,606.07
910940,7001579,30783,9.0,540.87,4867.83
910941,7005403,30670,3.0,417.91,1253.73
910942,7007143,30768,6.0,1110.82,6664.92
910943,7009150,30241,6.0,229.97,1379.82
910944,7010392,30403,3.0,1130.86,3392.58
910945,7001141,30567,7.0,1189.62,8327.34
910946,7008880,30720,9.0,330.0,2970.0
910947,7007170,30817,8.0,477.45,3819.6
910948,7003534,31192,10.0,875.63,8756.3
910949,7009313,30243,7.0,1142.79,7999.53
910950,7008183,31203,2.0,431.99,863.98
910951,7008068,30663,11.0,157.32,1730.52
910952,7000689,31010,10.0,876.11,8761.1
910953,7010572,30483,11.0,1118.71,12305.81
910954,7002844,30726,5.0,549.24,2746.2
910955,7010411,31469,3.0,704.91,2114.73
910956,7011001,30683,1.0,433.62,433.62
910957,7008563,31201,11.0,487.1,5358.1
910958,7014279,30843,9.0,251.98,2267.82
910959,7005233,30395,9.0,1102.63,9923.67
910960,7004935,30995,12.0,1135.95,13631.4
910961,7011681,31190,2.0,255.71,511.42
910962,7012407,30482,1.0,1053.1,1053.1
910963,7001458,31323,1.0,1053.14,1053.14
910964,7011802,30543,12.0,982.07,11784.84
910965,7004399,31426,1.0,746.47,746.47
910966,7005792,31234,11.0,643.83,7082.13
910967,7009849,30115,11.0,389.92,4289.12
910968,7000927,31217,7.0,416.45,2915.15
910969,7007918,30998,6.0,529.18,3175.08
910970,7010870,31470,7.0,668.38,4678.66
910971,7005773,31194,4.0,971.05,3884.2
910972,7007031,30912,11.0,483.29,5316.19
910973,7005494,31327,8.0,1093.71,8749.68
910974,7009918,30730,1.0,308.51,308.51
910975,7014445,30753,12.0,1102.88,13234.56
910976,7000935,31488,12.0,431.08,5172.96
910977,7007953,31168,10.0,381.29,3812.9
910978,7003499,30225,4.0,833.24,3332.96
910979,7009211,30646,12.0,716.7,8600.4
910980,7010575,30544,2.0,124.21,248.42
910981,7013444,31226,5.0,1123.22,5616.1
910982,7008492,31067,11.0,226.31,2489.41
910983,7014350,30454,11.0,560.28,6163.08
910984,7002722,30287,3.0,860.54,2581.62
910985,7011995,30036,1.0,291.59,291.59
910986,7011822,30732,4.0,438.22,1752.88
910987,7001240,30755,9.0,1128.56,10157.04
910988,7009076,30588,11.0,527.36,5800.96
910989,7006085,30731,3.0,450.69,1352.07
910990,7013140,30269,6.0,815.94,4895.64
910991,7003678,30560,4.0,861.02,3444.08
910992,7008927,31465,10.0,167.23,1672.3
910993,7010728,31264,9.0,252.81,2275.29
910994,7010563,31354,10.0,868.52,8685.2
910995,7007819,31045,12.0,275.25,3303.0
910996,7013170,30380,4.0,353.87,1415.48
910997,7002847,30580,1.0,987.1,987.1
910998,7007539,30086,12.0,20.85,250.2
910999,7005635,31141,9.0,62.44,561.96
911000,7010189,31232,1.0,939.32,939.32
911001,7010975,30020,6.0,249.33,1495.98
911002,7011531,30239,2.0,1164.98,2329.96
911003,7010102,30626,7.0,935.26,6546.82
911004,7007334,30471,1.0,575.48,575.48
911005,7004110,31164,6.0,660.53,3963.18
911006,7004287,30242,8.0,524.76,4198.08
911007,7007395,30982,4.0,817.49,3269.96
911008,7004730,30690,9.0,179.37,1614.33
911009,7006548,31154,6.0,1161.13,6966.78
911010,7011417,30093,5.0,431.28,2156.4
911011,7002419,30049,11.0,18.04,198.44
911012,7010590,30824,1.0,363.63,363.63
911013,7009818,30821,4.0,1021.48,4085.92
911014,7003703,30972,4.0,100.42,401.68
911015,7006767,31024,1.0,1112.72,1112.72
911016,7004453,30220,2.0,988.41,1976.82
911017,7005780,30850,11.0,587.03,6457.33
911018,7013394,31096,5.0,896.08,4480.4
911019,7001931,31408,4.0,761.18,3044.72
911020,7008776,30230,6.0,461.05,2766.29
911021,7006783,30533,1.0,1048.27,1048.27
911022,7005303,31250,5.0,517.1,2585.5
911023,7007532,30938,4.0,74.81,299.24
911024,7002688,31296,8.0,136.56,1092.48
911025,7011286,31321,2.0,316.97,633.94
911026,7005970,30061,11.0,180.1,1981.08
911027,7002224,30230,7.0,31.55,220.85
911028,7012893,30788,1.0,1024.86,1024.86
911029,7013669,30203,4.0,781.29,3125.16
911030,7001547,30782,11.0,431.17,4742.87
911031,7005160,31072,6.0,1104.52,6627.12
911032,7003224,31128,1.0,195.26,195.26
911033,7012162,31066,5.0,780.26,3901.3
911034,7009445,31209,4.0,1008.54,4034.16
911035,7001160,30784,9.0,980.04,8820.36
911036,7005250,30056,6.0,877.45,5264.7
911037,7006928,31404,10.0,142.36,1423.6
911038,7009753,31430,8.0,651.06,5208.48
911039,7007823,31320,7.0,262.66,1838.62
911040,7003154,30348,6.0,391.03,2346.18
911041,7003594,30985,9.0,1147.61,10328.49
911042,7001016,30454,12.0,986.13,11833.56
911043,7002115,31037,7.0,1004.05,7028.35
911044,7008178,31406,9.0,418.74,3768.66
911045,7014091,31214,7.0,642.65,4498.55
911046,7001125,30955,5.0,475.81,2379.05
911047,7011716,30365,4.0,923.9,3695.6
911048,7002653,30678,4.0,575.45,2301.8
911049,7006143,30749,5.0,99.93,499.65
911050,7012549,30263,2.0,959.55,1919.1
911051,7014687,30571,9.0,182.08,1638.72
911052,7000233,30252,12.0,400.94,4811.28
911053,7009802,31343,10.0,151.45,1514.5
911054,7000051,30360,2.0,27.81,55.62
911055,7006212,31257,2.0,315.7,631.4
911056,7001687,31409,4.0,859.87,3439.48
911057,7009520,31197,6.0,386.3,2317.8
911058,7011646,30926,9.0,833.54,7501.86
911059,7003540,30213,12.0,299.84,3598.08
911060,7014841,31062,2.0,714.71,1429.42
911061,7009015,30283,12.0,232.02,2784.24
911062,7001679,31362,8.0,875.3,7002.4
911063,7014467,31020,10.0,26.68,266.8
911064,7003036,30914,12.0,466.37,5596.44
911065,7004249,30667,9.0,281.23,2531.07
911066,7008196,30714,6.0,1035.17,6211.02
911067,7008475,31034,11.0,836.4,9200.4
911068,7002817,31427,3.0,1123.75,3371.25
911069,7002510,30792,7.0,1141.98,7993.86
911070,7000492,30735,1.0,591.95,591.95
911071,7014381,30829,5.0,1149.8,5749.0
911072,7014137,31416,7.0,729.38,5105.66
911073,7002521,30278,11.0,99.24,1091.64
911074,7011721,30134,2.0,687.1,1374.2
911075,7013578,31471,5.0,832.55,4162.75
911076,7001550,30943,11.0,1004.08,11044.88
911077,7013013,31227,9.0,1164.14,10477.26
911078,7010485,30696,6.0,184.61,1107.66
911079,7008976,30565,2.0,975.44,1950.88
911080,7005092,30120,1.0,706.35,706.35
911081,7008883,31414,3.0,744.06,2232.18
911082,7003329,30778,3.0,577.1,1731.3
911083,7001737,30381,2.0,1116.27,2232.54
911084,7004945,30020,5.0,976.05,4880.25
911085,7003702,30492,12.0,466.03,5592.36
911086,7005405,31050,4.0,1081.34,4325.36
911087,7009187,31294,8.0,811.8,6494.4
911088,7014252,31106,3.0,594.19,1782.57
911089,7007149,30939,9.0,804.38,7239.42
911090,7007452,31486,1.0,226.82,226.82
911091,7010957,30152,4.0,102.33,409.32
911092,7004032,30312,12.0,14.21,170.52
911093,7012378,30231,8.0,742.66,5941.24
911094,7013051,30222,4.0,1062.95,4251.8
911095,7000147,30531,8.0,646.04,5168.32
911096,7004535,30967,10.0,222.98,2229.8
911097,7008021,30997,7.0,317.0,2219.0
911098,7001089,30683,2.0,680.07,1360.14
911099,7009985,30155,5.0,212.92,1064.6
911100,7009948,30353,8.0,269.81,2158.48
911101,7005289,30198,8.0,901.71,7213.68
911102,7008675,30839,3.0,531.36,1594.08
911103,7011045,30159,4.0,93.68,374.72
911104,7006886,31004,2.0,163.18,326.36
911105,7002768,31283,2.0,63.54,127.08
911106,7006468,30515,8.0,405.69,3245.52
911107,7004497,30325,3.0,71.56,214.68
911108,7007572,30521,9.0,917.05,8253.45
911109,7007362,31135,9.0,262.41,2361.69
911110,7005072,30762,9.0,559.16,5032.48
911111,7014866,31059,11.0,110.03,1210.33
911112,7001060,30787,2.0,159.64,319.28
911113,7000535,30960,2.0,729.74,1459.48
911114,7012757,31153,1.0,505.16,505.16
911115,7006473,30050,3.0,1048.84,3146.52
911116,7008285,30228,1.0,524.43,524.43
911117,7000442,31132,2.0,196.71,393.42
911118,7000385,30709,3.0,369.96,1109.88
911119,7014899,31120,6.0,511.86,3071.16
911120,7007935,30890,2.0,599.15,1198.3
911121,7014659,31257,6.0,300.89,1805.34
911122,7007188,30419,11.0,881.31,9694.41
911123,7004824,31465,1.0,1177.91,1177.91
911124,7004032,30109,2.0,214.53,429.06
911125,7003668,31321,4.0,42.9,171.6
911126,7003053,30609,3.0,561.31,1683.93
911127,7012533,30186,5.0,1176.73,5883.65
911128,7010042,31302,10.0,118.38,1183.8
911129,7009767,31411,2.0,521.58,1043.16
911130,7014203,31251,4.0,118.63,474.52
911131,7006680,31099,5.0,947.41,4737.05
911132,7005528,31225,7.0,497.42,3481.94
911133,7006884,31445,12.0,1181.09,14173.08
911134,7005065,31472,8.0,726.49,5811.92
911135,7010471,30529,5.0,321.88,1609.4
911136,7002438,30034,11.0,182.98,2012.78
911137,7002283,30570,5.0,31.46,157.3
911138,7014812,30972,3.0,461.14,1383.42
911139,7001644,31317,4.0,924.62,3698.48
911140,7009934,31057,1.0,562.23,562.23
911141,7005441,31040,7.0,916.0,6412.0
911142,7007132,30067,5.0,1197.71,5988.55
911143,7009541,30360,3.0,144.82,434.46
911144,7012233,30393,3.0,922.31,2766.93
911145,7008832,30534,12.0,154.48,1853.76
911146,7005289,31382,3.0,736.83,2210.49
911147,7009762,30653,2.0,82.33,164.66
911148,7010129,30421,7.0,87.11,609.77
911149,7007848,30002,3.0,641.78,1925.34
911150,7008515,30703,2.0,956.76,1913.52
911151,7012560,31276,3.0,876.73,2630.19
911152,7000405,30639,3.0,632.76,1898.28
911153,7008493,30220,3.0,639.62,1918.86
911154,7012701,30904,3.0,903.28,2709.84
911155,7007212,31108,11.0,851.01,9361.11
911156,7005742,30370,11.0,345.32,3798.52
911157,7014816,30372,1.0,333.04,333.04
911158,7008785,30097,2.0,574.93,1149.86
911159,7007950,30777,7.0,108.7,760.9
911160,7013075,31382,10.0,801.11,8011.1
911161,7005700,30643,5.0,861.46,4307.3
911162,7002293,31209,10.0,886.42,8864.2
911163,7001362,30660,4.0,813.75,3255.0
911164,7012259,30353,10.0,392.28,3922.8
911165,7002555,30268,11.0,655.68,7212.48
911166,7010767,30339,8.0,74.52,596.16
911167,7013788,31202,2.0,1105.63,2211.26
911168,7013754,30823,2.0,141.03,282.06
911169,7001814,30059,11.0,508.39,5592.29
911170,7007379,30339,2.0,1031.03,2062.06
911171,7006127,30261,3.0,722.18,2166.54
911172,7014476,30979,1.0,990.53,990.53
911173,7014752,31021,2.0,488.75,977.5
911174,7009134,31279,7.0,972.88,6810.16
911175,7007623,31055,2.0,477.54,955.08
911176,7013004,31080,12.0,137.73,1652.76
911177,7013964,31288,8.0,796.61,6372.88
911178,7001914,31256,7.0,638.8,4471.6
911179,7012211,30122,8.0,387.27,3098.16
911180,7000143,31471,10.0,179.34,1793.4
911181,7008683,30004,5.0,70.47,352.35
911182,7009174,30423,1.0,376.48,376.48
911183,7002593,31055,11.0,694.95,7644.45
911184,7008794,30463,6.0,372.77,2236.62
911185,7005250,30598,2.0,482.86,965.72
911186,7010732,30386,5.0,327.64,1638.2
911187,7001766,30093,8.0,724.56,5796.48
911188,7010138,30572,6.0,1046.91,6281.46
911189,7013068,31171,3.0,357.32,1071.96
911190,7003146,30239,11.0,805.99,8865.89
911191,7003770,30829,4.0,718.9,2875.6
911192,7014949,30932,7.0,1124.76,7873.32
911193,7010465,30859,4.0,1157.46,4629.84
911194,7014126,30285,12.0,600.56,7206.72
911195,7001216,31416,3.0,817.2,2451.6
911196,7014441,30269,1.0,30.42,30.42
911197,7009816,30271,5.0,814.2,4071.0
911198,7004039,30959,9.0,55.66,500.94
911199,7002794,31335,12.0,86.39,1036.68
911200,7013385,30403,2.0,14.59,29.18
911201,7013114,30724,2.0,433.79,867.58
911202,7007035,30191,8.0,84.47,675.76
911203,7005535,30867,11.0,96.34,1059.74
911204,7012926,30535,9.0,952.09,8568.81
911205,7007790,31284,5.0,91.07,455.35
911206,7005142,31202,12.0,1150.99,13811.88
911207,7012467,31270,6.0,1117.47,6704.82
911208,7009811,30058,3.0,1048.43,3145.29
911209,7002785,31142,1.0,521.75,521.75
911210,7002480,30893,4.0,584.5,2338.0
911211,7006374,30927,4.0,811.85,3247.4
911212,7014937,30311,12.0,286.22,3434.64
911213,7006048,31349,12.0,1020.15,12241.8
911214,7004539,31003,12.0,631.54,7578.48
911215,7004555,30336,1.0,967.83,967.83
911216,7012321,30363,10.0,77.99,779.9
911217,7012376,30218,9.0,172.59,1553.31
911218,7000219,30353,1.0,1070.9,1070.9
911219,7000408,31063,9.0,914.73,8232.57
911220,7014191,30837,9.0,1140.72,10266.48
911221,7011906,31035,1.0,662.43,662.43
911222,7007074,31457,2.0,839.86,1679.73
911223,7005995,30304,4.0,682.78,2731.12
911224,7003015,30427,11.0,824.78,9072.58
911225,7012456,30915,6.0,781.4,4688.4
911226,7000119,30264,1.0,1016.27,1016.27
911227,7005173,31164,5.0,1064.36,5321.8
911228,7014056,30443,2.0,1125.73,2251.46
911229,7006099,30267,2.0,647.1,1294.2
911230,7014830,30677,5.0,610.6,3052.98
911231,7007854,30207,2.0,1082.81,2165.62
911232,7006379,30398,4.0,626.28,2505.12
911233,7006202,30293,9.0,532.2,4789.8
911234,7000827,30570,3.0,23.38,70.14
911235,7011027,30099,7.0,450.53,3153.71
911236,7003827,30552,5.0,70.37,351.85
911237,7014185,31281,10.0,225.45,2254.5
911238,7014108,30643,3.0,162.24,486.72
911239,7007103,30225,4.0,569.28,2277.12
911240,7002215,31296,12.0,681.1,8173.2
911241,7010537,30788,6.0,157.44,944.64
911242,7011754,31132,11.0,221.76,2439.36
911243,7012054,30423,6.0,671.54,4029.24
911244,7008815,30267,12.0,694.94,8339.28
911245,7011793,30891,6.0,34.53,207.18
911246,7003758,30813,6.0,481.21,2887.26
911247,7010449,31397,8.0,994.87,7958.96
911248,7003173,30592,11.0,518.66,5705.26
911249,7004817,30462,5.0,409.15,2045.75
911250,7013433,31190,4.0,610.98,2443.92
911251,7012424,30150,6.0,851.23,5107.38
911252,7000127,30274,9.0,780.73,7026.57
911253,7009686,30131,9.0,567.26,5105.34
911254,7014530,30831,10.0,1041.89,10418.9
911255,7005694,30955,1.0,1020.2,1020.2
911256,7009616,30302,9.0,1171.97,10547.73
911257,7011914,30849,10.0,292.29,2922.9
911258,7002183,30915,5.0,781.7,3908.5
911259,7003402,30589,7.0,990.62,6934.34
911260,7008022,31271,12.0,649.45,7793.4
911261,7011993,31366,6.0,467.07,2802.42
911262,7000341,31414,3.0,538.77,1616.31
911263,7010998,31410,1.0,361.06,361.06
911264,7004065,31030,9.0,87.57,788.13
911265,7014622,31077,6.0,706.33,4237.98
911266,7003420,30311,2.0,893.3,1786.6
911267,7012750,30273,6.0,60.71,364.26
911268,7010444,30630,7.0,68.0,476.0
911269,7012319,30159,4.0,287.26,1149.04
911270,7005642,31117,7.0,881.41,6169.87
911271,7006643,30323,3.0,1106.93,3320.79
911272,7011376,30396,10.0,553.81,5538.1
911273,7009518,31310,12.0,235.47,2825.64
911274,7013200,30773,3.0,602.51,1807.53
911275,7009901,31244,2.0,942.47,1884.94
911276,7003409,31047,5.0,991.58,4957.9
911277,7001864,30704,2.0,738.5,1477.0
911278,7000138,31383,11.0,552.97,6082.67
911279,7002830,31101,2.0,1091.38,2182.76
911280,7012679,30521,4.0,560.02,2240.08
911281,7008872,30953,5.0,57.27,286.35
911282,7005238,31005,6.0,108.83,652.98
911283,7010678,30019,7.0,25.45,178.13
911284,7009452,30467,6.0,1149.08,6894.48
911285,7013431,30568,4.0,1192.67,4770.68
911286,7012861,30220,5.0,257.93,1289.65
911287,7012445,30405,4.0,570.42,2281.68
911288,7007294,30648,3.0,46.94,140.82
911289,7001052,30021,7.0,689.98,4829.86
911290,7003241,31012,4.0,1177.55,4710.2
911291,7010083,30504,1.0,861.13,861.13
911292,7009324,31180,5.0,423.73,2118.65
911293,7006379,31067,10.0,793.24,7932.4
911294,7003700,30620,4.0,473.18,1892.72
911295,7001131,30706,2.0,544.74,1089.47
911296,7003823,30744,11.0,464.27,5106.97
911297,7001999,30854,11.0,411.22,4523.42
911298,7001707,31209,10.0,24.97,249.7
911299,7004541,31164,10.0,1196.61,11966.1
911300,7012668,30145,4.0,717.97,2871.88
911301,7008516,30393,10.0,50.04,500.4
911302,7010830,30608,5.0,337.18,1685.9
911303,7014923,30157,6.0,369.12,2214.72
911304,7010574,31105,12.0,330.07,3960.84
911305,7002246,30104,6.0,235.81,1414.86
911306,7004700,30332,5.0,512.53,2562.65
911307,7006016,30328,5.0,861.06,4305.3
911308,7011293,31429,8.0,965.73,7725.84
911309,7000192,31336,2.0,305.06,610.12
911310,7006817,30318,5.0,132.78,663.9
911311,7003657,30077,8.0,460.9,3687.2
911312,7014596,30261,10.0,133.98,1339.8
911313,7003002,30821,6.0,469.07,2814.42
911314,7011035,30334,11.0,478.01,5258.11
911315,7014306,31303,11.0,592.72,6519.92
911316,7011515,30344,5.0,1141.38,5706.9
911317,7007331,30066,9.0,856.17,7705.53
911318,7011939,30319,2.0,593.19,1186.38
911319,7007884,31248,9.0,875.35,7878.15
911320,7004586,30937,11.0,193.31,2126.41
911321,7009096,30647,5.0,644.62,3223.1
911322,7001414,31092,9.0,294.8,2653.16
911323,7011212,31413,10.0,807.34,8073.4
911324,7012439,31358,5.0,819.42,4097.1
911325,7006913,30265,2.0,505.48,1010.96
911326,7013602,30658,9.0,433.07,3897.63
911327,7011130,30290,6.0,354.83,2128.98
911328,7010532,31116,12.0,700.04,8400.48
911329,7011769,31317,2.0,888.86,1777.72
911330,7008628,30925,7.0,602.31,4216.17
911331,7008525,30826,10.0,1144.75,11447.5
911332,7007879,30623,7.0,923.36,6463.52
911333,7003709,30528,11.0,495.26,5447.86
911334,7007938,30512,4.0,848.33,3393.32
911335,7010907,31229,3.0,237.83,713.49
911336,7003918,30120,6.0,460.53,2763.18
911337,7006924,30877,4.0,1051.84,4207.36
911338,7013002,31488,2.0,99.88,199.76
911339,7013335,30625,1.0,977.66,977.66
911340,7006431,31438,3.0,762.54,2287.62
911341,7014603,30364,11.0,869.3,9562.3
911342,7001988,30484,11.0,695.23,7647.53
911343,7009663,30325,12.0,197.44,2369.28
911344,7010480,30146,1.0,631.52,631.52
911345,7013050,30810,4.0,729.32,2917.28
911346,7013576,30528,9.0,67.02,603.18
911347,7001330,30530,2.0,727.42,1454.84
911348,7005216,31295,7.0,1093.18,7652.26
911349,7014580,31243,8.0,528.75,4230.0
911350,7008960,31371,5.0,1083.6,5418.0
911351,7008579,30868,3.0,159.02,477.06
911352,7013242,30708,9.0,768.3,6914.7
911353,7014067,30268,5.0,181.57,907.85
911354,7007544,30642,12.0,605.34,7264.08
911355,7008751,31102,5.0,1157.99,5789.95
911356,7002695,30570,5.0,70.96,354.8
911357,7009861,31469,6.0,592.82,3556.92
911358,7010760,30021,3.0,435.88,1307.64
911359,7009421,30321,3.0,756.9,2270.7
911360,7000776,30852,11.0,1134.88,12483.68
911361,7002370,31213,5.0,331.67,1658.35
911362,7003853,30140,3.0,1153.5,3460.5
911363,7003549,30507,10.0,73.86,738.6
911364,7008403,30898,1.0,629.49,629.49
911365,7003691,30536,6.0,660.36,3962.16
911366,7001507,30402,5.0,1178.32,5891.6
911367,7014483,30627,5.0,968.47,4842.35
911368,7012950,31145,10.0,1102.94,11029.4
911369,7000397,30405,2.0,899.08,1798.16
911370,7004671,30209,12.0,527.23,6326.76
911371,7004877,30081,1.0,611.5,611.5
911372,7006415,30722,11.0,885.69,9742.59
911373,7008777,30687,12.0,305.57,3666.84
911374,7001876,30491,5.0,902.47,4512.35
911375,7007013,30094,4.0,996.12,3984.48
911376,7008885,31178,3.0,403.84,1211.52
911377,7004282,30648,12.0,349.77,4197.24
911378,7005669,30042,11.0,187.38,2061.18
911379,7004196,31057,3.0,1142.84,3428.52
911380,7008991,30933,2.0,352.3,704.6
911381,7011969,30786,9.0,939.69,8457.21
911382,7012741,30143,8.0,438.46,3507.68
911383,7006440,30059,7.0,1169.46,8186.22
911384,7013775,30815,11.0,301.19,3313.11
911385,7002926,30897,4.0,620.4,2481.58
911386,7001221,30535,11.0,940.68,10347.48
911387,7008354,31312,10.0,445.41,4454.1
911388,7002980,30194,8.0,409.87,3278.96
911389,7008179,30170,10.0,797.76,7977.6
911390,7011788,30477,7.0,335.81,2350.67
911391,7009309,30880,7.0,826.78,5787.46
911392,7005682,31082,4.0,508.95,2035.8
911393,7009592,30838,11.0,373.93,4113.23
911394,7003222,31224,1.0,244.83,244.83
911395,7006112,30326,12.0,664.23,7970.76
911396,7009749,30219,8.0,1181.15,9449.2
911397,7014160,31338,6.0,735.15,4410.9
911398,7006982,30328,10.0,79.41,794.1
911399,7009815,30778,8.0,449.44,3595.52
911400,7008242,31330,8.0,1114.67,8917.36
911401,7003096,30274,11.0,148.46,1633.06
911402,7002271,31027,8.0,384.11,3072.88
911403,7004899,31315,2.0,160.82,321.64
911404,7004503,30400,9.0,1008.04,9072.36
911405,7014286,30235,11.0,729.25,8021.75
911406,7003695,30875,5.0,554.5,2772.5
911407,7005554,31144,11.0,961.78,10579.58
911408,7002541,31490,4.0,713.74,2854.96
911409,7009303,30528,2.0,73.12,146.24
911410,7013655,31266,2.0,962.28,1924.56
911411,7009742,30049,3.0,33.73,101.19
911412,7004720,30725,8.0,813.32,6506.56
911413,7009486,30802,8.0,1031.5,8252.0
911414,7009784,31315,6.0,421.93,2531.58
911415,7013059,30645,5.0,617.42,3087.1
911416,7012069,30502,2.0,1166.13,2332.26
911417,7008829,31447,10.0,701.82,7018.2
911418,7009684,30691,1.0,403.13,403.13
911419,7009416,30435,2.0,495.94,991.88
911420,7000309,30137,12.0,839.26,10071.12
911421,7007236,31131,1.0,802.19,802.19
911422,7002049,31097,10.0,374.44,3744.4
911423,7005777,30134,10.0,641.21,6412.1
911424,7013566,30350,5.0,940.8,4704.0
911425,7011058,30998,2.0,256.78,513.56
911426,7009468,30110,4.0,384.66,1538.64
911427,7007388,31026,12.0,50.99,611.88
911428,7010468,30754,7.0,833.7,5835.9
911429,7006538,30589,4.0,1168.8,4675.2
911430,7012524,30409,3.0,289.86,869.58
911431,7009660,30535,7.0,554.92,3884.44
911432,7004430,31004,7.0,972.52,6807.64
911433,7013383,31080,9.0,749.5,6745.5
911434,7003586,30154,12.0,108.43,1301.19
911435,7000277,31331,8.0,319.07,2552.56
911436,7014789,30249,4.0,225.17,900.68
911437,7008587,31256,8.0,937.42,7499.36
911438,7006783,30481,1.0,675.04,675.04
911439,7009717,30622,8.0,1093.64,8749.12
911440,7000512,30717,6.0,115.47,692.82
911441,7000349,30047,10.0,88.37,883.7
911442,7007458,31251,4.0,293.75,1175.0
911443,7001893,31009,12.0,733.37,8800.44
911444,7006568,30058,10.0,919.99,9199.9
911445,7009445,30578,10.0,1049.36,10493.6
911446,7005006,31464,8.0,552.28,4418.24
911447,7008112,31413,6.0,561.98,3371.88
911448,7011736,30458,12.0,1037.83,12453.96
911449,7002961,30348,10.0,693.92,6939.2
911450,7003097,31372,7.0,1107.7,7753.9
911451,7000553,30710,11.0,768.05,8448.55
911452,7006482,31169,12.0,1197.6,14371.2
911453,7006135,30811,8.0,1096.96,8775.68
911454,7007974,30005,3.0,995.78,2987.34
911455,7002118,31161,4.0,1147.84,4591.36
911456,7005441,30810,1.0,1113.64,1113.64
911457,7002247,30491,2.0,645.89,1291.78
911458,7001305,30837,10.0,442.14,4421.4
911459,7006176,31353,4.0,688.64,2754.56
911460,7007054,30971,9.0,26.75,240.75
911461,7006973,31437,10.0,913.29,9132.9
911462,7010748,31324,3.0,852.98,2558.94
911463,7010525,31188,1.0,807.78,807.78
911464,7014812,30587,1.0,441.98,441.98
911465,7013434,30551,10.0,980.74,9807.4
911466,7003906,30133,5.0,405.59,2027.95
911467,7014724,30546,8.0,229.76,1838.08
911468,7012968,31284,11.0,1160.5,12765.5
911469,7014022,31008,4.0,111.45,445.8
911470,7002234,30766,10.0,311.41,3114.1
911471,7011397,30863,11.0,1110.78,12218.58
911472,7010564,31155,2.0,523.47,1046.94
911473,7011904,31169,11.0,262.51,2887.61
911474,7002077,30276,12.0,564.92,6779.04
911475,7013965,30706,9.0,754.6,6791.4
911476,7000136,30920,8.0,573.26,4586.08
911477,7014174,30576,10.0,262.08,2620.8
911478,7009594,31161,2.0,326.52,653.04
911479,7010351,30038,1.0,127.94,127.94
911480,7000791,30896,8.0,1170.2,9361.6
911481,7014525,30820,9.0,768.75,6918.75
911482,7012009,30518,8.0,775.91,6207.28
911483,7001817,30479,2.0,24.51,49.02
911484,7005303,30380,2.0,1108.08,2216.16
911485,7004075,31387,3.0,997.83,2993.49
911486,7002039,30172,7.0,864.59,6052.13
911487,7014748,30253,4.0,470.3,1881.2
911488,7006026,30861,6.0,981.96,5891.76
911489,7010199,30698,6.0,211.68,1270.08
911490,7007588,30674,7.0,391.65,2741.55
911491,7008273,31264,1.0,729.91,729.91
911492,7010776,31308,5.0,507.6,2538.0
911493,7000417,31273,12.0,920.26,11043.12
911494,7009236,31205,9.0,165.42,1488.78
911495,7008295,30042,4.0,906.02,3624.08
911496,7010441,31273,8.0,872.97,6983.76
911497,7006616,31247,6.0,895.58,5373.48
911498,7013910,30437,10.0,583.24,5832.4
911499,7002550,30880,2.0,452.3,904.6
911500,7009951,31190,3.0,402.1,1206.3
911501,7009865,31208,12.0,1031.72,12380.64
911502,7008981,30334,4.0,123.75,495.0
911503,7013393,30242,2.0,765.79,1531.58
911504,7000579,30018,4.0,762.45,3049.8
911505,7002599,30502,11.0,173.05,1903.55
911506,7013650,30783,12.0,137.81,1653.72
911507,7014684,30070,6.0,217.92,1307.52
911508,7014029,30493,4.0,347.25,1389.0
911509,7014286,30212,9.0,455.05,4095.45
911510,7002859,30898,12.0,542.29,6507.48
911511,7002608,30438,8.0,631.52,5052.16
911512,7003073,30908,7.0,450.09,3150.63
911513,7011789,30443,11.0,1018.43,11202.73
911514,7006825,31453,10.0,1096.61,10966.1
911515,7011426,30390,8.0,110.31,882.48
911516,7002304,31228,5.0,642.9,3214.5
911517,7013028,31438,8.0,977.07,7816.56
911518,7007489,30479,10.0,476.91,4769.1
911519,7002432,30936,8.0,903.7,7229.6
911520,7014428,30639,12.0,915.29,10983.48
911521,7001399,31348,10.0,169.56,1695.6
911522,7010207,31103,2.0,483.25,966.5
911523,7009903,31325,7.0,871.14,6097.98
911524,7008392,30970,11.0,611.27,6723.97
911525,7014460,31500,7.0,693.13,4851.91
911526,7007606,31140,8.0,50.59,404.72
911527,7011483,30494,9.0,684.55,6160.95
911528,7003112,30337,5.0,29.86,149.3
911529,7000120,31092,7.0,478.94,3352.58
911530,7007089,31171,12.0,535.93,6431.16
911531,7008984,31415,4.0,61.69,246.76
911532,7012888,30908,2.0,271.55,543.1
911533,7009515,31247,6.0,405.13,2430.78
911534,7013102,30373,12.0,558.25,6699.0
911535,7006182,31060,10.0,183.41,1834.1
911536,7001450,30675,6.0,446.81,2680.86
911537,7001936,30056,3.0,109.19,327.57
911538,7006212,30612,12.0,1015.24,12182.88
911539,7001873,30546,4.0,292.67,1170.68
911540,7004888,30618,4.0,663.67,2654.68
911541,7010180,30702,5.0,1118.89,5594.45
911542,7003185,30559,11.0,1125.03,12375.33
911543,7005408,30361,12.0,161.46,1937.52
911544,7009133,30644,6.0,557.13,3342.78
911545,7013177,30763,6.0,768.85,4613.1
911546,7001386,30392,5.0,965.14,4825.7
911547,7009498,30052,10.0,990.83,9908.3
911548,7000538,30438,11.0,700.18,7701.98
911549,7014462,30420,8.0,143.42,1147.36
911550,7004330,30643,6.0,325.47,1952.82
911551,7014742,30477,3.0,274.82,824.46
911552,7011328,30875,3.0,658.15,1974.45
911553,7002178,30686,9.0,124.7,1122.3
911554,7007311,30693,4.0,1192.04,4768.16
911555,7003629,30024,2.0,485.33,970.66
911556,7013666,31364,10.0,300.34,3003.4
911557,7010655,30943,4.0,724.74,2898.98
911558,7009183,30102,4.0,143.16,572.64
911559,7004211,30422,2.0,800.29,1600.58
911560,7009315,31232,5.0,1064.25,5321.25
911561,7001813,31140,12.0,1086.0,13032.0
911562,7014553,31056,2.0,372.8,745.6
911563,7007909,30566,1.0,1169.31,1169.31
911564,7005605,31136,5.0,206.27,1031.35
911565,7006748,31161,4.0,458.37,1833.48
911566,7008383,30165,12.0,1097.73,13172.76
911567,7008474,30467,8.0,273.01,2184.08
911568,7012949,30022,7.0,779.68,5457.76
911569,7014327,31201,1.0,693.12,693.12
911570,7012630,31018,7.0,163.99,1147.93
911571,7009918,30927,3.0,938.74,2816.22
911572,7007300,30053,3.0,769.06,2307.18
911573,7006881,31099,10.0,191.69,1916.9
911574,7012663,31097,11.0,921.39,10135.29
911575,7004222,30795,10.0,904.06,9040.6
911576,7009036,30710,8.0,1037.01,8296.08
911577,7009387,30966,5.0,31.69,158.45
911578,7008214,30906,6.0,615.97,3695.82
911579,7001117,30433,2.0,619.88,1239.76
911580,7009115,30580,4.0,935.17,3740.68
911581,7002175,30273,11.0,265.55,2921.05
911582,7014503,30997,6.0,975.08,5850.48
911583,7002375,31142,8.0,735.05,5880.4
911584,7000186,30195,11.0,583.59,6419.49
911585,7005043,31297,11.0,175.76,1933.36
911586,7001817,30530,3.0,40.55,121.65
911587,7004157,30436,1.0,884.49,884.49
911588,7013967,30743,1.0,1174.78,1174.78
911589,7004614,30182,9.0,753.19,6778.71
911590,7012013,30988,4.0,791.61,3166.44
911591,7007579,30937,6.0,538.23,3229.38
911592,7006975,30380,6.0,532.66,3195.96
911593,7000486,30641,6.0,98.31,589.86
911594,7008029,30778,7.0,1045.01,7315.07
911595,7009599,30736,12.0,346.18,4154.16
911596,7008059,30724,5.0,973.85,4869.25
911597,7005765,31226,1.0,777.93,777.93
911598,7013122,31016,4.0,731.93,2927.72
911599,7014421,30123,10.0,751.84,7518.4
911600,7003818,31122,5.0,154.63,773.15
911601,7003601,30143,11.0,610.98,6720.78
911602,7013908,30327,8.0,538.78,4310.24
911603,7000350,30701,6.0,821.34,4928.04
911604,7010585,30859,9.0,782.32,7040.88
911605,7013676,31452,2.0,520.98,1041.96
911606,7006488,30097,11.0,1070.01,11770.11
911607,7001763,30743,9.0,1155.04,10395.36
911608,7002869,30488,3.0,39.67,119.01
911609,7006123,30291,2.0,59.76,119.52
911610,7014156,30082,1.0,3.13,3.13
911611,7009503,31331,1.0,838.74,838.74
911612,7008799,31254,2.0,730.67,1461.34
911613,7009841,31277,8.0,434.38,3475.04
911614,7003849,30222,10.0,242.4,2424.0
911615,7012075,31215,3.0,114.77,344.31
911616,7001643,30186,1.0,1034.03,1034.03
911617,7005293,31165,8.0,725.88,5807.04
911618,7002217,31046,4.0,74.0,296.0
911619,7005899,30473,6.0,285.09,1710.54
911620,7008961,30181,9.0,448.26,4034.34
911621,7005676,30793,11.0,698.88,7687.68
911622,7001259,30068,6.0,759.79,4558.74
911623,7010548,30611,10.0,1118.8,11188.0
911624,7010023,30910,2.0,156.77,313.54
911625,7004322,30198,5.0,208.93,1044.65
911626,7001763,31469,1.0,1109.2,1109.2
911627,7004689,30431,2.0,294.78,589.56
911628,7004821,30080,8.0,1019.49,8155.92
911629,7002504,30986,1.0,121.69,121.69
911630,7004966,30349,5.0,331.73,1658.65
911631,7006098,30536,2.0,1082.79,2165.58
911632,7009778,31469,10.0,592.82,5928.2
911633,7006863,30598,4.0,34.01,136.04
911634,7001188,30059,9.0,571.47,5143.23
911635,7009496,30986,7.0,18.21,127.47
911636,7013832,31498,2.0,1187.69,2375.38
911637,7001282,31474,7.0,262.83,1839.81
911638,7006295,30864,11.0,17.17,188.87
911639,7004447,30548,8.0,1188.84,9510.72
911640,7011722,30128,12.0,260.43,3125.16
911641,7004711,31123,5.0,267.89,1339.45
911642,7012594,30689,5.0,205.92,1029.6
911643,7013585,30935,1.0,185.97,185.97
911644,7008257,30618,7.0,265.31,1857.17
911645,7009039,30143,4.0,349.41,1397.64
911646,7009919,30516,6.0,546.83,3280.98
911647,7012897,30770,8.0,504.83,4038.64
911648,7004907,30593,5.0,756.77,3783.85
911649,7001637,30856,5.0,644.27,3221.35
911650,7008807,30222,7.0,246.34,1724.38
911651,7008319,30192,8.0,305.94,2447.52
911652,7010219,30543,10.0,218.73,2187.3
911653,7004948,30756,11.0,1007.42,11081.62
911654,7006469,30115,4.0,613.37,2453.48
911655,7012681,30223,11.0,353.23,3885.53
911656,7012378,30340,7.0,796.45,5575.15
911657,7002068,30302,11.0,1087.97,11967.67
911658,7008237,31013,7.0,1003.48,7024.36
911659,7003384,30306,4.0,701.41,2805.64
911660,7013330,30886,5.0,616.89,3084.45
911661,7011950,30632,5.0,1145.08,5725.4
911662,7008308,30207,11.0,831.5,9146.5
911663,7013410,30374,3.0,228.13,684.39
911664,7010300,30143,3.0,1147.33,3441.99
911665,7001978,31323,8.0,315.95,2527.6
911666,7001771,30033,11.0,563.96,6203.56
911667,7013490,31473,2.0,779.91,1559.82
911668,7008256,30176,8.0,377.76,3022.08
911669,7011577,30777,8.0,485.02,3880.16
911670,7005523,30001,1.0,1165.74,1165.74
911671,7002333,30646,1.0,412.6,412.6
911672,7011623,30573,2.0,180.53,361.06
911673,7008153,30991,8.0,122.81,982.48
911674,7014882,30606,3.0,56.38,169.14
911675,7012512,30103,6.0,1000.99,6005.94
911676,7007345,30063,2.0,608.4,1216.8
911677,7002629,30490,1.0,191.51,191.51
911678,7010857,31414,10.0,909.91,9099.1
911679,7009068,31355,4.0,267.83,1071.32
911680,7007084,30638,11.0,1028.94,11318.34
911681,7005183,31306,9.0,237.2,2134.8
911682,7013108,30759,5.0,298.09,1490.45
911683,7013771,31384,10.0,250.92,2509.2
911684,7007493,30521,10.0,743.46,7434.6
911685,7012384,31081,10.0,506.69,5066.9
911686,7009560,30591,10.0,756.97,7569.7
911687,7001302,30665,7.0,459.84,3218.88
911688,7014722,31212,4.0,915.98,3663.92
911689,7004568,31339,6.0,1098.58,6591.48
911690,7014380,30682,1.0,387.01,387.01
911691,7011931,30810,4.0,501.43,2005.72
911692,7008334,31248,9.0,574.65,5171.85
911693,7014224,30887,11.0,582.41,6406.51
911694,7003561,30902,3.0,892.66,2677.98
911695,7011270,30807,5.0,43.85,219.25
911696,7005616,31067,1.0,500.74,500.74
911697,7014744,30008,12.0,196.94,2363.28
911698,7008425,30284,11.0,669.98,7369.78
911699,7008881,30376,12.0,467.92,5615.04
911700,7014111,30004,9.0,152.2,1369.8
911701,7001785,30818,1.0,690.55,690.55
911702,7012577,30657,3.0,272.8,818.4
911703,7001061,30511,2.0,809.82,1619.64
911704,7012045,31356,9.0,179.32,1613.88
911705,7012762,30121,4.0,473.29,1893.16
911706,7006239,31098,5.0,973.98,4869.9
911707,7007301,31464,11.0,129.09,1419.99
911708,7014413,30513,8.0,1092.69,8741.52
911709,7014862,30618,1.0,1052.9,1052.9
911710,7001593,30562,7.0,738.14,5166.98
911711,7005819,31214,4.0,518.54,2074.16
911712,7000695,30022,11.0,362.84,3991.24
911713,7001641,30205,8.0,802.99,6423.92
911714,7005711,30814,2.0,333.12,666.24
911715,7008748,30491,2.0,338.17,676.34
911716,7000908,30009,9.0,601.48,5413.32
911717,7007650,30146,5.0,72.72,363.6
911718,7012763,30460,8.0,1006.22,8049.76
911719,7013242,30220,9.0,761.84,6856.56
911720,7008998,31005,5.0,731.41,3657.05
911721,7006728,30336,2.0,751.65,1503.3
911722,7008768,31488,8.0,810.07,6480.56
911723,7009124,31140,6.0,1098.5,6591.0
911724,7006290,30845,3.0,71.6,214.8
911725,7008655,31425,12.0,825.03,9900.36
911726,7000399,30569,8.0,561.02,4488.16
911727,7010541,31041,6.0,492.76,2956.56
911728,7003492,31480,6.0,1081.37,6488.22
911729,7003015,30922,7.0,1060.56,7423.92
911730,7010770,31292,2.0,793.04,1586.08
911731,7013692,30117,5.0,1022.68,5113.4
911732,7012345,31289,8.0,691.76,5534.08
911733,7008097,31023,2.0,201.97,403.94
911734,7002257,30257,1.0,126.44,126.44
911735,7014453,31498,8.0,160.77,1286.16
911736,7008551,30404,1.0,468.46,468.46
911737,7010541,31203,9.0,717.25,6455.25
911738,7009247,31298,8.0,981.89,7855.12
911739,7002827,30526,4.0,694.69,2778.76
911740,7005750,30594,3.0,909.55,2728.65
911741,7007177,30065,4.0,416.93,1667.72
911742,7012422,30095,12.0,1190.84,14290.08
911743,7009293,30068,12.0,50.26,603.12
911744,7004699,30173,7.0,1115.07,7805.49
911745,7014576,30868,7.0,123.91,867.37
911746,7007978,30149,1.0,594.19,594.19
911747,7009427,30807,12.0,1110.01,13320.12
911748,7002808,31443,8.0,442.98,3543.84
911749,7010097,31136,6.0,1028.26,6169.56
911750,7009062,30448,6.0,218.2,1309.2
911751,7010354,30093,11.0,106.98,1176.78
911752,7005535,30126,12.0,269.36,3232.32
911753,7002572,30416,11.0,724.29,7967.19
911754,7004241,31206,8.0,298.75,2390.0
911755,7006475,30903,2.0,601.01,1202.02
911756,7002155,31024,4.0,716.48,2865.92
911757,7013381,31020,2.0,910.16,1820.32
911758,7000520,31364,1.0,890.06,890.06
911759,7013512,30677,1.0,670.36,670.36
911760,7003265,31123,12.0,536.92,6443.04
911761,7010861,30303,1.0,984.26,984.26
911762,7012095,31460,3.0,484.28,1452.84
911763,7010043,30434,2.0,1184.44,2368.88
911764,7007405,31091,8.0,210.76,1686.08
911765,7006551,30671,7.0,1035.08,7245.56
911766,7006366,31480,10.0,925.52,9255.2
911767,7005838,30933,11.0,589.16,6480.76
911768,7000842,31290,11.0,877.77,9655.47
911769,7006590,31191,8.0,1146.31,9170.48
911770,7004728,31366,3.0,862.69,2588.07
911771,7005537,31424,6.0,578.84,3473.04
911772,7003723,30290,6.0,878.35,5270.1
911773,7002461,30785,8.0,28.07,224.56
911774,7004875,30487,4.0,110.74,442.96
911775,7003382,30975,2.0,280.89,561.77
911776,7013621,30931,4.0,758.98,3035.92
911777,7004653,31045,11.0,84.61,930.71
911778,7006735,30645,2.0,658.29,1316.58
911779,7001616,30426,11.0,873.78,9611.58
911780,7014083,30870,11.0,735.85,8094.35
911781,7010744,30064,3.0,385.21,1155.63
911782,7014109,30409,2.0,557.99,1115.98
911783,7013762,31467,5.0,817.62,4088.1
911784,7000530,31142,11.0,197.41,2171.51
911785,7000426,30803,9.0,840.95,7568.55
911786,7007568,30878,8.0,204.49,1635.92
911787,7003717,31415,5.0,856.03,4280.15
911788,7004287,31440,4.0,117.64,470.56
911789,7005669,30790,4.0,1147.49,4589.96
911790,7009808,30062,7.0,1167.43,8172.01
911791,7002569,30389,11.0,1063.25,11695.75
911792,7010070,30367,3.0,717.14,2151.42
911793,7009673,30497,1.0,87.1,87.1
911794,7002108,30128,2.0,283.45,566.9
911795,7010947,30304,2.0,194.73,389.46
911796,7008865,30710,2.0,768.05,1536.1
911797,7013325,30589,8.0,1052.18,8417.44
911798,7007918,30702,11.0,961.25,10573.75
911799,7001144,30538,4.0,522.53,2090.12
911800,7013122,30313,12.0,593.62,7123.44
911801,7012349,30985,6.0,18.13,108.78
911802,7006738,30911,4.0,805.88,3223.52
911803,7002810,31310,5.0,338.05,1690.25
911804,7001782,31306,1.0,311.28,311.28
911805,7011564,31155,11.0,789.22,8681.42
911806,7011828,31271,9.0,775.52,6979.68
911807,7006861,30991,10.0,694.97,6949.7
911808,7008849,30778,9.0,1077.37,9696.33
911809,7001378,31230,6.0,816.08,4896.48
911810,7008267,31489,5.0,1028.86,5144.3
911811,7011832,30969,3.0,655.56,1966.68
911812,7006224,30629,2.0,362.52,725.04
911813,7005007,30970,8.0,447.25,3578.0
911814,7002070,31198,4.0,1125.9,4503.6
911815,7009369,31380,9.0,601.54,5413.86
911816,7012236,31225,1.0,647.94,647.94
911817,7014570,31415,4.0,28.64,114.56
911818,7001478,30964,9.0,139.01,1251.09
911819,7009083,30409,12.0,508.57,6102.84
911820,7007432,30518,4.0,1082.9,4331.6
911821,7007285,30157,12.0,241.22,2894.64
911822,7005895,31202,11.0,1189.61,13085.71
911823,7009436,31212,3.0,1174.07,3522.21
911824,7006582,30125,12.0,107.23,1286.76
911825,7007790,31162,12.0,880.88,10570.56
911826,7008355,30679,12.0,217.68,2612.16
911827,7009680,30854,12.0,1111.04,13332.48
911828,7001065,31385,9.0,1050.55,9454.95
911829,7006450,31115,2.0,1085.13,2170.26
911830,7011441,31196,4.0,897.24,3588.96
911831,7012527,30828,10.0,1168.89,11688.9
911832,7002545,31323,12.0,775.95,9311.4
911833,7001526,30937,11.0,1079.09,11869.99
911834,7013861,31453,7.0,974.03,6818.21
911835,7001786,30444,10.0,461.69,4616.9
911836,7001731,31452,3.0,763.11,2289.33
911837,7008846,30539,5.0,881.11,4405.55
911838,7002094,30417,6.0,1091.17,6547.02
911839,7008539,31450,9.0,863.94,7775.46
911840,7014570,30567,7.0,529.27,3704.89
911841,7000114,30643,12.0,1028.02,12336.24
911842,7008266,31160,10.0,195.53,1955.3
911843,7012625,30169,1.0,59.51,59.51
911844,7010704,30298,2.0,712.59,1425.18
911845,7012506,30522,7.0,862.43,6037.01
911846,7014393,30690,8.0,47.81,382.48
911847,7001597,31327,9.0,1109.6,9986.4
911848,7014002,30849,6.0,74.07,444.42
911849,7009170,30394,3.0,405.42,1216.26
911850,7006647,30937,8.0,573.56,4588.48
911851,7014414,31403,10.0,1145.57,11455.7
911852,7001481,30295,10.0,152.21,1522.1
911853,7007990,30317,8.0,689.59,5516.72
911854,7007603,30369,3.0,1019.93,3059.79
911855,7008494,30115,7.0,922.15,6455.05
911856,7011388,30655,9.0,803.94,7235.46
911857,7009621,31446,10.0,360.39,3603.9
911858,7014019,30600,3.0,57.85,173.55
911859,7000307,30542,12.0,677.38,8128.56
911860,7010166,31340,2.0,525.22,1050.44
911861,7011372,30284,5.0,358.85,1794.25
911862,7005475,30827,3.0,663.94,1991.82
911863,7011417,30384,10.0,131.74,1317.4
911864,7014174,31471,12.0,1076.66,12919.92
911865,7010174,30316,6.0,914.59,5487.54
911866,7007153,30666,10.0,376.69,3766.9
911867,7003141,30499,4.0,531.5,2126.0
911868,7014005,30379,6.0,315.29,1891.74
911869,7004039,30556,1.0,191.15,191.15
911870,7012935,30134,7.0,317.77,2224.39
911871,7012347,31032,7.0,863.4,6043.8
911872,7010124,31065,6.0,793.16,4758.96
911873,7005634,30258,5.0,768.23,3841.15
911874,7005391,31116,2.0,1039.24,2078.48
911875,7003271,30954,12.0,8.72,104.63
911876,7001403,30296,1.0,686.68,686.68
911877,7002546,31043,3.0,275.58,826.74
911878,7003653,30120,5.0,679.78,3398.9
911879,7004782,31222,1.0,11.54,11.54
911880,7007994,30280,12.0,515.33,6183.96
911881,7004642,31131,6.0,78.22,469.32
911882,7000149,30515,4.0,833.67,3334.68
911883,7002308,31266,5.0,960.88,4804.4
911884,7000821,30442,8.0,199.85,1598.8
911885,7013911,31291,8.0,173.01,1384.08
911886,7011353,30208,1.0,642.93,642.93
911887,7003790,31162,12.0,1163.91,13966.92
911888,7012676,30962,1.0,1161.78,1161.78
911889,7000884,30911,4.0,206.97,827.88
911890,7012443,30206,9.0,1056.22,9505.98
911891,7010187,31129,7.0,705.27,4936.86
911892,7002427,30493,1.0,210.08,210.08
911893,7008605,30486,8.0,123.51,988.08
911894,7001142,30120,2.0,539.54,1079.08
911895,7014055,30265,1.0,278.01,278.01
911896,7008332,30415,6.0,1179.87,7079.22
911897,7006283,30683,6.0,1130.93,6785.58
911898,7012443,30835,5.0,151.35,756.75
911899,7007242,30459,4.0,1176.31,4705.24
911900,7001033,30647,5.0,300.91,1504.55
911901,7010802,30633,2.0,391.29,782.58
911902,7002323,30169,5.0,727.48,3637.4
911903,7010692,30207,8.0,909.11,7272.88
911904,7005276,30976,5.0,29.76,148.8
911905,7009422,30563,8.0,995.89,7967.12
911906,7003424,31117,1.0,1172.51,1172.51
911907,7011040,31236,1.0,204.03,204.03
911908,7008674,31011,5.0,436.39,2181.95
911909,7001566,31111,4.0,1160.04,4640.16
911910,7012903,30033,1.0,980.6,980.6
911911,7004844,31471,8.0,172.99,1383.92
911912,7014829,31203,2.0,220.87,441.74
911913,7009515,30342,12.0,124.67,1496.04
911914,7003314,30922,9.0,1047.62,9428.58
911915,7014071,30155,5.0,1134.84,5674.2
911916,7010720,31046,8.0,199.3,1594.4
911917,7008342,30655,9.0,192.3,1730.7
911918,7012603,30404,7.0,715.36,5007.52
911919,7006967,31423,10.0,29.22,292.2
911920,7006908,30222,6.0,370.71,2224.26
911921,7006789,30932,5.0,72.65,363.25
911922,7003170,30277,3.0,301.52,904.56
911923,7010809,30440,11.0,478.35,5261.85
911924,7010967,31500,12.0,883.12,10597.44
911925,7011724,30142,7.0,1110.93,7776.51
911926,7013734,30091,8.0,67.97,543.78
911927,7000153,31003,10.0,164.81,1648.1
911928,7004420,30899,5.0,104.19,520.95
911929,7005505,31166,5.0,576.68,2883.4
911930,7005725,30900,9.0,887.92,7991.28
911931,7003507,30193,9.0,199.95,1799.56
911932,7003215,30153,2.0,941.74,1883.48
911933,7014647,31202,10.0,47.44,474.4
911934,7005265,30317,1.0,736.68,736.68
911935,7006874,30809,11.0,862.04,9482.44
911936,7001076,31356,7.0,36.2,253.4
911937,7002415,31100,7.0,622.98,4360.86
911938,7013474,30866,12.0,884.71,10616.52
911939,7007131,30889,9.0,532.75,4794.75
911940,7013281,31398,8.0,611.54,4892.32
911941,7002797,31053,5.0,560.24,2801.2
911942,7008604,30851,12.0,188.69,2264.28
911943,7013461,30487,2.0,1071.3,2142.6
911944,7012406,30546,12.0,607.64,7291.68
911945,7005204,30706,5.0,755.53,3777.65
911946,7004311,30141,5.0,1141.41,5707.05
911947,7013146,30153,7.0,740.99,5186.93
911948,7009824,30088,12.0,123.72,1484.64
911949,7006668,31174,2.0,641.81,1283.62
911950,7010222,31201,11.0,536.7,5903.7
911951,7009078,30214,12.0,624.61,7495.32
911952,7001810,31381,1.0,425.9,425.9
911953,7009619,30917,12.0,611.4,7336.8
911954,7000617,30990,1.0,98.62,98.62
911955,7012938,31491,11.0,248.13,2729.43
911956,7010701,30568,9.0,571.79,5146.11
911957,7004952,30288,3.0,984.97,2954.91
911958,7006024,30193,4.0,136.93,547.72
911959,7002122,30042,9.0,979.57,8816.13
911960,7005667,31152,7.0,16.35,114.45
911961,7009346,31313,7.0,837.86,5865.02
911962,7003928,30525,7.0,710.03,4970.21
911963,7006604,30135,3.0,636.41,1909.23
911964,7008260,31375,7.0,281.75,1972.25
911965,7007173,30342,9.0,893.59,8042.31
911966,7012892,30916,12.0,649.63,7795.56
911967,7007458,30212,3.0,751.7,2255.1
911968,7006704,30642,9.0,45.75,411.75
911969,7013451,30782,7.0,487.06,3409.42
911970,7008583,30135,9.0,614.74,5532.66
911971,7006559,30990,10.0,291.61,2916.1
911972,7011447,31422,4.0,897.65,3590.6
911973,7010700,30342,11.0,977.25,10749.75
911974,7005988,30838,2.0,245.64,491.28
911975,7009764,31382,5.0,148.62,743.1
911976,7001975,30995,8.0,872.29,6978.32
911977,7002362,30162,6.0,939.76,5638.56
911978,7004987,31371,6.0,793.91,4763.46
911979,7004518,31235,3.0,494.62,1483.86
911980,7003599,30187,2.0,1047.78,2095.56
911981,7012944,31270,9.0,548.77,4938.93
911982,7006662,30492,11.0,582.25,6404.75
911983,7003594,31416,1.0,763.91,763.91
911984,7001966,30484,12.0,629.32,7551.84
911985,7009201,30743,7.0,349.65,2447.55
911986,7010578,30019,12.0,714.57,8574.84
911987,7001481,30769,9.0,1016.36,9147.24
911988,7004428,30933,1.0,1084.75,1084.75
911989,7001820,30052,3.0,642.34,1927.02
911990,7006329,30838,1.0,383.89,383.89
911991,7014882,30382,8.0,1022.08,8176.64
911992,7010726,31157,7.0,305.33,2137.31
911993,7003463,31422,1.0,831.87,831.87
911994,7003859,31161,2.0,904.99,1809.98
911995,7000954,30380,2.0,800.53,1601.06
911996,7007768,30017,7.0,566.22,3963.57
911997,7013998,30276,12.0,265.44,3185.28
911998,7008232,30737,11.0,578.21,6360.31
911999,7006486,30760,8.0,488.36,3906.88
912000,7004820,31463,1.0,844.46,844.46
912001,7008809,30323,7.0,274.85,1923.95
912002,7001177,30019,8.0,234.65,1877.2
912003,7001585,30887,1.0,989.09,989.09
912004,7007017,30829,4.0,257.74,1030.96
912005,7003261,31077,7.0,791.93,5543.51
912006,7005200,30461,7.0,469.61,3287.27
912007,7014533,30417,8.0,344.54,2756.32
912008,7010683,30572,7.0,834.11,5838.77
912009,7002726,30645,9.0,69.45,625.05
912010,7014404,30437,7.0,701.84,4912.88
912011,7013268,30529,11.0,1027.04,11297.44
912012,7008408,30821,10.0,131.21,1312.1
912013,7008580,30720,12.0,1080.95,12971.4
912014,7009264,31340,7.0,892.96,6250.72
912015,7001629,31220,4.0,786.99,3147.96
912016,7008597,30508,6.0,566.8,3400.8
912017,7012031,31265,4.0,853.2,3412.8
912018,7001346,30939,11.0,539.92,5939.12
912019,7013678,30036,11.0,389.69,4286.59
912020,7001848,30950,2.0,692.3,1384.6
912021,7001739,31139,1.0,67.35,67.35
912022,7007192,30059,4.0,238.34,953.36
912023,7001998,30586,5.0,616.51,3082.55
912024,7004436,30148,11.0,657.11,7228.21
912025,7012638,30901,7.0,353.46,2474.22
912026,7001765,30379,1.0,286.4,286.4
912027,7006682,30534,12.0,913.8,10965.6
912028,7010688,30340,9.0,362.33,3260.97
912029,7002468,31141,11.0,832.1,9153.1
912030,7002958,30906,5.0,428.78,2143.9
912031,7012075,31197,9.0,543.85,4894.65
912032,7012720,31188,8.0,180.02,1440.16
912033,7012723,31195,4.0,1159.47,4637.88
912034,7009319,30024,7.0,408.68,2860.76
912035,7009525,30414,4.0,205.56,822.24
912036,7011698,30748,7.0,96.07,672.49
912037,7002798,31279,5.0,528.24,2641.2
912038,7004695,30750,8.0,14.46,115.68
912039,7005675,31220,5.0,626.3,3131.5
912040,7006732,30465,8.0,399.95,3199.6
912041,7006888,30664,8.0,267.26,2138.08
912042,7008101,30867,12.0,100.37,1204.44
912043,7003629,30323,9.0,387.55,3487.95
912044,7005126,30486,5.0,492.5,2462.5
912045,7007871,30806,9.0,227.38,2046.42
912046,7002175,30495,2.0,785.98,1571.96
912047,7008948,31327,4.0,209.9,839.6
912048,7001216,31361,1.0,1051.22,1051.22
912049,7001167,31023,3.0,625.78,1877.34
912050,7000776,30308,9.0,1170.9,10538.1
912051,7008545,30473,7.0,1180.06,8260.42
912052,7014106,31470,9.0,749.18,6742.62
912053,7002133,31270,2.0,1057.55,2115.1
912054,7006503,30078,11.0,405.07,4455.77
912055,7002684,31209,2.0,972.77,1945.54
912056,7005889,30296,7.0,1031.56,7220.92
912057,7011521,31057,8.0,932.98,7463.84
912058,7010469,30794,4.0,162.16,648.64
912059,7003353,31395,3.0,689.24,2067.72
912060,7009866,30467,9.0,640.89,5768.01
912061,7012428,30605,6.0,871.05,5226.3
912062,7008867,30141,9.0,734.02,6606.18
912063,7014474,30942,7.0,496.29,3474.03
912064,7002477,31176,8.0,399.78,3198.24
912065,7012959,31019,7.0,975.79,6830.53
912066,7008953,31385,3.0,460.53,1381.59
912067,7013194,30840,3.0,285.83,857.49
912068,7006213,30874,3.0,930.06,2790.18
912069,7008949,30644,12.0,129.11,1549.32
912070,7010838,30980,5.0,839.74,4198.7
912071,7012221,30415,9.0,517.5,4657.5
912072,7011560,31405,7.0,379.75,2658.25
912073,7011672,30477,10.0,497.6,4976.0
912074,7012426,30412,11.0,531.83,5850.13
912075,7014118,30977,4.0,71.16,284.64
912076,7007575,31045,2.0,1066.12,2132.24
912077,7004436,30249,10.0,177.49,1774.9
912078,7004357,30880,7.0,1154.69,8082.83
912079,7006590,31163,8.0,137.27,1098.16
912080,7012139,31341,9.0,110.31,992.79
912081,7009898,30275,6.0,1016.31,6097.86
912082,7007905,30388,3.0,497.65,1492.95
912083,7004951,31324,12.0,1067.76,12813.12
912084,7007803,31039,12.0,936.74,11240.88
912085,7005346,30045,1.0,490.02,490.02
912086,7001862,30981,6.0,512.57,3075.42
912087,7005963,30645,12.0,469.32,5631.84
912088,7008133,31120,9.0,828.94,7460.46
912089,7005047,30893,12.0,704.62,8455.44
912090,7011846,31329,8.0,510.18,4081.44
912091,7006887,31072,4.0,813.49,3253.96
912092,7008352,31157,8.0,1149.31,9194.48
912093,7006178,30539,3.0,475.02,1425.06
912094,7010738,30413,9.0,1035.42,9318.78
912095,7013238,31227,9.0,271.07,2439.63
912096,7002541,30872,8.0,614.65,4917.2
912097,7000390,30159,4.0,236.13,944.52
912098,7005337,30903,4.0,1035.32,4141.28
912099,7013762,30418,7.0,389.06,2723.42
912100,7001746,30812,12.0,874.11,10489.32
912101,7000397,30493,2.0,54.67,109.34
912102,7001127,30590,4.0,131.87,527.48
912103,7002093,31311,1.0,1036.94,1036.94
912104,7012575,30097,2.0,279.07,558.14
912105,7001963,30174,3.0,442.12,1326.36
912106,7001265,30851,10.0,1040.31,10403.1
912107,7004386,30804,6.0,258.03,1548.18
912108,7011652,31235,2.0,750.15,1500.3
912109,7009428,30863,10.0,1188.26,11882.6
912110,7005767,30245,2.0,434.73,869.46
912111,7000911,31419,5.0,366.55,1832.75
912112,7011502,31098,6.0,221.44,1328.64
912113,7012787,30092,6.0,890.74,5344.44
912114,7007448,31205,9.0,599.88,5398.92
912115,7000382,30525,6.0,1114.52,6687.12
912116,7009264,30962,10.0,630.69,6306.9
912117,7010396,30551,3.0,818.8,2456.4
912118,7002212,30242,4.0,505.05,2020.2
912119,7000721,30223,2.0,1174.45,2348.9
912120,7005729,31201,2.0,476.14,952.28
912121,7007584,31344,11.0,645.41,7099.51
912122,7006802,30150,2.0,915.97,1831.94
912123,7011409,30887,12.0,404.85,4858.2
912124,7002555,30658,5.0,612.43,3062.15
912125,7002361,30440,6.0,1077.32,6463.92
912126,7010873,30645,6.0,1183.55,7101.3
912127,7006379,30148,12.0,257.04,3084.48
912128,7013092,30955,3.0,221.37,664.11
912129,7010006,30611,8.0,154.12,1232.96
912130,7009019,30654,7.0,638.5,4469.5
912131,7011361,30047,5.0,557.61,2788.05
912132,7002305,31346,1.0,679.28,679.28
912133,7007715,30938,8.0,986.73,7893.84
912134,7013104,30734,7.0,735.54,5148.78
912135,7010628,30241,9.0,140.19,1261.71
912136,7011393,31216,6.0,745.65,4473.9
912137,7012969,30041,11.0,507.46,5582.06
912138,7001824,30070,6.0,210.11,1260.66
912139,7009792,30726,3.0,627.15,1881.45
912140,7011984,30425,3.0,520.45,1561.35
912141,7003012,30870,6.0,359.65,2157.9
912142,7012414,31238,11.0,1130.39,12434.29
912143,7000634,30164,10.0,733.78,7337.8
912144,7007737,30998,12.0,742.33,8907.96
912145,7004143,30560,4.0,1048.65,4194.6
912146,7005687,30468,9.0,70.18,631.62
912147,7006883,30786,4.0,544.11,2176.44
912148,7001382,30491,1.0,540.54,540.54
912149,7005427,30273,9.0,102.06,918.54
912150,7000656,30714,5.0,581.67,2908.35
912151,7000754,30250,11.0,1039.96,11439.56
912152,7009153,30736,7.0,968.66,6780.62
912153,7004328,31197,11.0,969.58,10665.38
912154,7009399,31139,1.0,39.38,39.38
912155,7013864,31018,11.0,429.54,4724.94
912156,7006807,30579,9.0,493.47,4441.23
912157,7012288,30631,6.0,825.55,4953.3
912158,7005989,30689,10.0,402.39,4023.9
912159,7009390,31048,10.0,400.34,4003.4
912160,7009708,31306,12.0,1014.45,12173.4
912161,7013992,30860,1.0,134.39,134.39
912162,7000597,31115,10.0,358.29,3582.9
912163,7000679,31315,8.0,68.26,546.08
912164,7002680,30771,8.0,126.73,1013.84
912165,7013399,30037,8.0,992.26,7938.08
912166,7000787,30303,3.0,794.13,2382.39
912167,7013341,30674,8.0,915.87,7326.96
912168,7013541,30824,6.0,984.15,5904.9
912169,7008040,30129,2.0,799.87,1599.74
912170,7003848,30353,6.0,893.53,5361.18
912171,7002220,31172,8.0,324.42,2595.36
912172,7010539,30369,12.0,151.25,1815.0
912173,7010805,30899,7.0,760.69,5324.83
912174,7004784,30244,7.0,944.23,6609.61
912175,7008082,30225,3.0,252.7,758.1
912176,7010647,31360,4.0,626.16,2504.64
912177,7007267,30601,8.0,208.9,1671.2
912178,7008018,30916,5.0,168.43,842.15
912179,7012691,30069,9.0,805.14,7246.26
912180,7001968,31199,7.0,999.53,6996.71
912181,7008966,30787,8.0,402.4,3219.2
912182,7012722,30910,8.0,817.6,6540.8
912183,7004515,31365,3.0,263.02,789.04
912184,7013433,30083,1.0,899.79,899.79
912185,7012230,30675,6.0,177.97,1067.82
912186,7013290,30652,6.0,791.37,4748.22
912187,7006976,30379,10.0,33.38,333.8
912188,7013966,30633,8.0,278.75,2230.0
912189,7010670,30783,10.0,507.8,5078.0
912190,7006466,31332,2.0,408.95,817.9
912191,7002952,31311,10.0,163.93,1639.3
912192,7013974,30331,6.0,1152.06,6912.36
912193,7005703,30885,6.0,791.17,4747.02
912194,7004917,31371,2.0,905.53,1811.06
912195,7004433,30478,5.0,937.54,4687.7
912196,7001759,30695,4.0,1094.76,4379.04
912197,7002421,30491,4.0,907.19,3628.76
912198,7008083,30945,10.0,1159.59,11595.9
912199,7009314,30951,10.0,356.73,3567.3
912200,7014354,31129,3.0,1140.87,3422.61
912201,7010534,31073,6.0,63.63,381.78
912202,7001765,30410,4.0,568.3,2273.2
912203,7014410,31108,3.0,566.79,1700.37
912204,7012115,31322,7.0,969.43,6786.01
912205,7003954,30713,4.0,1004.02,4016.08
912206,7011240,30162,8.0,751.54,6012.32
912207,7012447,31042,11.0,46.47,511.17
912208,7011979,30595,3.0,769.93,2309.79
912209,7005924,31164,11.0,1176.5,12941.5
912210,7005482,30599,6.0,468.85,2813.1
912211,7011867,30752,11.0,965.82,10624.02
912212,7009233,31427,9.0,250.6,2255.4
912213,7012450,30227,9.0,578.97,5210.73
912214,7002550,30134,9.0,94.53,850.77
912215,7003302,30960,2.0,1105.89,2211.78
912216,7012677,30198,7.0,1062.05,7434.35
912217,7013935,30837,2.0,770.56,1541.12
912218,7011102,30984,11.0,768.02,8448.16
912219,7010425,30308,1.0,879.65,879.65
912220,7007554,31224,10.0,678.07,6780.7
912221,7007601,31437,10.0,436.12,4361.2
912222,7005614,30880,12.0,852.16,10225.92
912223,7001446,30728,3.0,821.7,2465.11
912224,7007766,30020,11.0,85.93,945.22
912225,7005570,30361,9.0,1071.76,9645.84
912226,7014677,31264,5.0,337.01,1685.05
912227,7007396,30186,1.0,1108.95,1108.95
912228,7007945,30556,6.0,156.23,937.38
912229,7009151,30117,1.0,585.24,585.24
912230,7014090,30202,8.0,473.17,3785.36
912231,7010377,31172,1.0,371.35,371.35
912232,7013302,31173,10.0,70.02,700.2
912233,7005572,31419,1.0,564.05,564.05
912234,7008339,30985,7.0,821.42,5749.94
912235,7010099,30808,8.0,284.96,2279.68
912236,7005260,31167,1.0,486.67,486.67
912237,7000972,31245,8.0,329.24,2633.92
912238,7002206,30677,10.0,610.6,6105.95
912239,7013347,30390,1.0,185.73,185.73
912240,7002148,30945,6.0,735.68,4414.08
912241,7009757,30028,4.0,983.88,3935.52
912242,7008630,30777,12.0,501.97,6023.64
912243,7008568,30467,4.0,464.6,1858.4
912244,7013221,31065,5.0,489.65,2448.25
912245,7003067,30736,2.0,946.76,1893.52
912246,7009954,31353,2.0,407.94,815.88
912247,7007934,30552,1.0,906.18,906.18
912248,7011176,30568,4.0,916.43,3665.72
912249,7002749,30887,1.0,522.1,522.1
912250,7003428,30239,3.0,540.85,1622.55
912251,7007521,30853,8.0,322.76,2582.08
912252,7013680,30498,6.0,930.79,5584.74
912253,7010661,30057,7.0,39.35,275.45
912254,7011098,30818,12.0,1019.63,12235.56
912255,7002246,30857,2.0,599.95,1199.9
912256,7000361,31223,2.0,510.32,1020.64
912257,7013823,30327,9.0,568.36,5115.24
912258,7001085,30032,8.0,235.74,1885.92
912259,7012295,30009,2.0,573.65,1147.3
912260,7000228,30935,12.0,192.23,2306.77
912261,7003091,30326,1.0,1055.11,1055.11
912262,7000810,30024,11.0,518.56,5704.16
912263,7010249,30343,3.0,946.33,2838.99
912264,7006429,30362,9.0,290.98,2618.82
912265,7003833,30268,12.0,419.77,5037.24
912266,7004921,30674,12.0,666.2,7994.4
912267,7007516,31397,9.0,159.11,1431.99
912268,7000567,30112,6.0,777.22,4663.32
912269,7005896,31106,8.0,423.06,3384.48
912270,7013385,31191,12.0,1035.56,12426.72
912271,7009209,30909,4.0,281.51,1126.04
912272,7014339,30087,5.0,1055.27,5276.35
912273,7000560,31060,8.0,173.99,1391.92
912274,7003874,31151,2.0,698.33,1396.66
912275,7009413,30292,3.0,590.48,1771.45
912276,7009059,30283,3.0,443.88,1331.64
912277,7014995,30126,10.0,865.87,8658.7
912278,7013058,31148,3.0,739.39,2218.17
912279,7012676,30087,4.0,209.01,836.04
912280,7004924,30487,10.0,1085.45,10854.5
912281,7006853,30899,2.0,720.36,1440.72
912282,7003094,30636,4.0,574.22,2296.88
912283,7013716,31397,5.0,687.46,3437.3
912284,7009084,30545,10.0,505.93,5059.3
912285,7006216,30885,2.0,301.12,602.24
912286,7008549,31259,1.0,1081.96,1081.96
912287,7000352,30280,8.0,47.93,383.44
912288,7004836,30686,12.0,140.45,1685.4
912289,7003057,30143,1.0,147.13,147.13
912290,7006742,30722,4.0,161.78,647.12
912291,7000850,30625,4.0,629.76,2519.04
912292,7014528,31153,10.0,603.41,6034.1
912293,7011249,31243,8.0,962.1,7696.8
912294,7001022,31185,9.0,526.5,4738.5
912295,7001670,31185,11.0,790.55,8696.05
912296,7009009,31309,12.0,101.87,1222.44
912297,7004967,30911,5.0,68.94,344.7
912298,7005943,31064,9.0,301.54,2713.86
912299,7006068,30791,8.0,146.94,1175.52
912300,7007424,30918,12.0,279.32,3351.84
912301,7003071,30304,5.0,383.67,1918.35
912302,7003207,31475,6.0,270.94,1625.64
912303,7012222,31093,12.0,207.36,2488.32
912304,7003452,31114,3.0,831.37,2494.11
912305,7002232,30689,11.0,466.47,5131.17
912306,7011757,30227,6.0,1059.69,6358.14
912307,7002599,31332,12.0,410.62,4927.38
912308,7002112,30660,4.0,920.75,3683.0
912309,7012083,31045,2.0,173.64,347.28
912310,7006180,30800,5.0,355.86,1779.3
912311,7010340,30230,8.0,1134.08,9072.64
912312,7001453,31311,3.0,61.57,184.71
912313,7009094,30416,12.0,30.81,369.72
912314,7002557,31154,3.0,436.49,1309.47
912315,7000154,30201,6.0,373.98,2243.9
912316,7006057,31238,7.0,402.79,2819.53
912317,7001370,30309,2.0,661.09,1322.18
912318,7013699,30212,10.0,1033.08,10330.8
912319,7013964,30796,6.0,834.83,5008.98
912320,7008481,30085,11.0,88.39,972.29
912321,7005055,31096,3.0,91.96,275.88
912322,7006324,31315,2.0,570.64,1141.27
912323,7004670,30463,7.0,146.36,1024.52
912324,7001031,30451,9.0,1172.2,10549.8
912325,7005438,30369,11.0,263.07,2893.74
912326,7008252,31053,6.0,143.32,859.92
912327,7012783,30731,5.0,752.78,3763.9
912328,7003434,31327,5.0,995.93,4979.65
912329,7000056,31050,4.0,448.31,1793.24
912330,7002736,31165,12.0,618.74,7424.88
912331,7006178,30954,1.0,705.15,705.15
912332,7012126,30609,8.0,968.72,7749.76
912333,7007099,30181,11.0,145.37,1599.07
912334,7011505,30949,12.0,557.76,6693.12
912335,7004892,30434,4.0,363.39,1453.56
912336,7008745,30841,8.0,609.04,4872.32
912337,7002908,31240,11.0,447.51,4922.61
912338,7008563,30129,7.0,1046.96,7328.72
912339,7003739,30162,6.0,866.73,5200.38
912340,7013564,30817,12.0,422.78,5073.36
912341,7009280,30469,6.0,159.68,958.08
912342,7004777,30261,9.0,179.09,1611.81
912343,7001908,30046,2.0,214.6,429.2
912344,7003835,31058,12.0,309.97,3719.64
912345,7005197,31387,5.0,333.16,1665.8
912346,7006399,30630,11.0,92.83,1021.13
912347,7009699,30817,12.0,958.63,11503.56
912348,7012453,31199,1.0,1048.35,1048.35
912349,7010828,30733,11.0,213.46,2348.06
912350,7001323,30149,9.0,448.66,4037.94
912351,7005679,31244,4.0,640.66,2562.64
912352,7000326,30837,2.0,189.28,378.56
912353,7013860,30527,11.0,87.42,961.62
912354,7012905,31428,9.0,391.09,3519.81
912355,7005793,31368,11.0,1034.64,11381.04
912356,7011345,30402,2.0,72.17,144.34
912357,7004422,30472,5.0,638.45,3192.25
912358,7003182,30832,3.0,810.33,2430.99
912359,7007596,30801,8.0,166.14,1329.12
912360,7002969,30038,5.0,976.36,4881.8
912361,7009247,31051,8.0,401.17,3209.36
912362,7007064,30233,5.0,964.63,4823.15
912363,7001993,31067,11.0,1005.08,11055.88
912364,7006167,30437,10.0,1146.11,11461.1
912365,7014788,30496,4.0,617.76,2471.04
912366,7012900,30394,4.0,735.3,2941.2
912367,7011702,30223,8.0,682.85,5462.8
912368,7002250,30893,2.0,153.59,307.18
912369,7013162,30870,1.0,1159.14,1159.14
912370,7011103,30738,6.0,601.19,3607.14
912371,7004048,30940,11.0,544.24,5986.64
912372,7003519,31142,12.0,65.25,783.0
912373,7009871,30251,3.0,107.49,322.47
912374,7014615,30387,6.0,348.53,2091.18
912375,7002980,30149,5.0,1019.62,5098.1
912376,7014104,30608,6.0,944.31,5665.86
912377,7012480,31232,10.0,90.19,901.9
912378,7008890,30384,5.0,1170.29,5851.45
912379,7009294,30965,6.0,349.03,2094.18
912380,7007022,30773,9.0,300.07,2700.63
912381,7010040,31072,8.0,879.87,7038.96
912382,7012061,30088,4.0,636.76,2547.04
912383,7006618,30771,6.0,493.99,2963.94
912384,7014043,30259,10.0,385.25,3852.5
912385,7002621,30804,6.0,676.58,4059.48
912386,7002897,30114,8.0,791.97,6335.76
912387,7009245,30912,2.0,267.59,535.18
912388,7000101,30702,12.0,475.13,5701.56
912389,7011745,31028,5.0,539.05,2695.25
912390,7008403,30752,1.0,1148.58,1148.58
912391,7013379,31062,1.0,88.46,88.46
912392,7011925,31355,2.0,548.3,1096.6
912393,7005009,30607,9.0,667.89,6011.01
912394,7004235,31215,12.0,407.98,4895.76
912395,7004719,30782,6.0,127.98,767.88
912396,7003822,30150,1.0,669.47,669.47
912397,7010138,30728,9.0,1051.97,9467.73
912398,7007627,31112,2.0,1029.34,2058.68
912399,7010023,30484,9.0,526.98,4742.82
912400,7001441,31316,5.0,376.42,1882.1
912401,7006088,31260,10.0,601.61,6016.1
912402,7002385,30381,2.0,1161.85,2323.7
912403,7000654,30564,12.0,188.78,2265.36
912404,7008157,31139,12.0,1129.68,13556.16
912405,7011091,30402,4.0,394.34,1577.36
912406,7008189,30270,11.0,1113.05,12243.55
912407,7012156,31398,4.0,843.28,3373.12
912408,7003543,30618,11.0,335.06,3685.66
912409,7005269,30866,5.0,209.87,1049.35
912410,7014750,30058,4.0,1074.69,4298.76
912411,7006825,30347,7.0,829.0,5803.0
912412,7009225,30183,7.0,574.27,4019.89
912413,7004337,30498,9.0,651.03,5859.27
912414,7009622,31325,12.0,835.96,10031.52
912415,7008675,30041,2.0,727.06,1454.12
912416,7011646,30699,8.0,696.32,5570.56
912417,7014814,30422,8.0,68.9,551.2
912418,7001333,31327,9.0,143.69,1293.2
912419,7008804,30172,6.0,969.79,5818.74
912420,7002038,31402,8.0,241.96,1935.68
912421,7001658,30570,3.0,968.03,2904.09
912422,7011060,30611,10.0,664.64,6646.4
912423,7002859,30933,1.0,748.26,748.26
912424,7003066,30670,10.0,824.49,8244.9
912425,7007955,30696,9.0,436.89,3932.01
912426,7011795,31398,12.0,730.63,8767.56
912427,7003870,30340,3.0,700.77,2102.31
912428,7012858,30648,2.0,620.25,1240.5
912429,7001959,30535,7.0,549.95,3849.65
912430,7002874,31112,6.0,11.16,66.96
912431,7006470,30034,11.0,720.21,7922.31
912432,7014899,30553,1.0,556.46,556.46
912433,7013535,31104,4.0,619.23,2476.92
912434,7009193,30296,1.0,104.82,104.82
912435,7004236,31024,12.0,1070.45,12845.4
912436,7007236,30865,1.0,187.43,187.43
912437,7008946,31232,3.0,1177.73,3533.19
912438,7006585,31175,9.0,377.46,3397.14
912439,7005331,30041,1.0,546.63,546.63
912440,7005476,30203,10.0,574.33,5743.3
912441,7000292,31123,3.0,31.57,94.71
912442,7003606,30487,1.0,791.64,791.64
912443,7001868,30668,10.0,1123.73,11237.3
912444,7013715,30721,9.0,1019.25,9173.25
912445,7007901,30041,11.0,761.84,8380.24
912446,7011610,31050,1.0,709.16,709.16
912447,7012077,30991,5.0,814.58,4072.9
912448,7013189,30983,9.0,66.57,599.13
912449,7005002,31479,8.0,847.94,6783.52
912450,7003634,30127,12.0,839.56,10074.72
912451,7013448,31474,9.0,1131.62,10184.58
912452,7005168,30018,3.0,396.24,1188.72
912453,7002340,30432,12.0,263.05,3156.6
912454,7012074,31358,10.0,235.22,2352.18
912455,7004646,30336,9.0,770.08,6930.72
912456,7013500,30935,4.0,458.63,1834.52
912457,7012268,31294,1.0,1258.14,1258.14
912458,7014489,30802,1.0,1031.6,1031.6
912459,7001812,31369,10.0,323.23,3232.3
912460,7002106,31411,4.0,1085.57,4342.28
912461,7000104,31267,3.0,568.36,1705.08
912462,7008262,31313,10.0,898.35,8983.5
912463,7004894,30602,6.0,34.37,206.22
912464,7001931,30651,9.0,1128.93,10160.37
912465,7004700,30052,9.0,688.95,6200.55
912466,7006836,31215,1.0,781.56,781.56
912467,7007299,30150,4.0,821.1,3284.4
912468,7001515,31130,4.0,1045.11,4180.44
912469,7011662,31486,11.0,36.94,406.34
912470,7009253,30791,8.0,121.29,970.32
912471,7007140,31044,4.0,708.32,2833.28
912472,7013479,31010,7.0,69.35,485.45
912473,7005121,30997,8.0,117.09,936.72
912474,7009764,30846,2.0,276.24,552.48
912475,7002271,31042,4.0,442.92,1771.68
912476,7003681,30568,1.0,887.66,887.66
912477,7009425,30162,11.0,909.18,10000.98
912478,7002197,30189,11.0,1143.2,12575.2
912479,7004891,30109,8.0,376.51,3012.08
912480,7000502,30875,9.0,160.46,1444.1
912481,7013771,30403,6.0,811.9,4871.4
912482,7003070,31351,4.0,508.45,2033.8
912483,7000323,30316,1.0,1047.35,1047.35
912484,7010824,30324,11.0,518.89,5707.79
912485,7005773,31396,3.0,956.63,2869.89
912486,7000169,31449,2.0,1026.71,2053.42
912487,7000790,31023,6.0,73.14,438.84
912488,7009876,30385,10.0,905.26,9052.6
912489,7010650,30859,12.0,667.85,8014.2
912490,7001352,30300,2.0,948.18,1896.36
912491,7004874,31309,8.0,45.43,363.44
912492,7008978,31063,12.0,943.55,11322.6
912493,7001432,30734,4.0,413.41,1653.64
912494,7012058,30176,2.0,201.31,402.62
912495,7014639,31056,11.0,426.56,4692.16
912496,7005922,30819,8.0,824.36,6594.88
912497,7005458,31156,1.0,23.35,23.35
912498,7004860,30335,2.0,943.73,1887.45
912499,7004145,31307,11.0,1099.57,12095.27
912500,7007714,31205,7.0,650.98,4556.86
912501,7010940,30905,1.0,402.13,402.13
912502,7012654,31011,4.0,49.15,196.6
912503,7010352,30820,3.0,583.63,1750.89
912504,7002480,30711,1.0,851.02,851.02
912505,7005643,30192,3.0,638.21,1914.63
912506,7012055,31349,8.0,904.15,7233.2
912507,7009753,30326,2.0,765.64,1531.28
912508,7005833,30769,11.0,271.27,2983.97
912509,7002685,30343,7.0,89.12,623.84
912510,7003988,31449,12.0,752.21,9026.52
912511,7014211,30133,6.0,337.71,2026.26
912512,7002399,30653,1.0,118.14,118.14
912513,7000794,30420,2.0,341.02,682.04
912514,7011347,30364,7.0,949.9,6649.3
912515,7007697,30605,8.0,367.37,2938.96
912516,7000752,30665,1.0,1080.26,1080.26
912517,7013359,30124,5.0,671.65,3358.25
912518,7011338,31229,10.0,116.23,1162.3
912519,7002014,31165,11.0,788.07,8668.77
912520,7003393,31228,11.0,426.42,4690.62
912521,7000273,30246,3.0,818.61,2455.83
912522,7006272,30712,4.0,51.66,206.64
912523,7004178,30414,9.0,1097.19,9874.71
912524,7002791,30239,8.0,939.27,7514.16
912525,7001711,31375,5.0,497.46,2487.32
912526,7012041,30395,4.0,857.66,3430.64
912527,7012595,30731,6.0,538.69,3232.14
912528,7004177,30019,11.0,921.77,10139.47
912529,7003367,30410,7.0,991.9,6943.3
912530,7005481,31181,1.0,469.82,469.82
912531,7014361,31358,1.0,1153.75,1153.75
912532,7004711,30095,12.0,996.74,11960.88
912533,7014364,30891,11.0,274.75,3022.25
912534,7001726,31443,5.0,1184.64,5923.2
912535,7004890,30732,9.0,274.25,2468.25
912536,7006306,30114,8.0,1138.79,9110.32
912537,7003404,30733,1.0,875.03,875.03
912538,7013664,30828,11.0,610.41,6714.51
912539,7008199,31012,12.0,1057.16,12685.92
912540,7014821,31476,11.0,643.27,7075.97
912541,7004356,30672,7.0,742.81,5199.67
912542,7011695,30588,3.0,703.45,2110.35
912543,7008849,30820,8.0,867.47,6939.76
912544,7011330,30819,6.0,723.8,4342.8
912545,7011772,31430,8.0,558.81,4470.48
912546,7006770,31358,7.0,896.68,6276.76
912547,7012704,30978,8.0,571.03,4568.24
912548,7014113,30824,2.0,965.37,1930.74
912549,7009217,30421,6.0,705.07,4230.42
912550,7003031,30511,6.0,584.9,3509.4
912551,7008531,30698,1.0,235.38,235.38
912552,7005881,30305,9.0,937.1,8433.9
912553,7005190,31027,11.0,882.93,9712.23
912554,7000535,30657,12.0,52.84,634.08
912555,7000546,30458,10.0,457.99,4579.9
912556,7006679,30489,2.0,589.0,1178.0
912557,7007841,31398,7.0,325.47,2278.29
912558,7006139,30597,9.0,162.46,1462.14
912559,7002112,30218,6.0,1116.02,6696.12
912560,7008360,31324,5.0,921.46,4607.3
912561,7012792,31296,9.0,577.71,5199.39
912562,7012566,30996,6.0,1133.38,6800.28
912563,7007779,30981,4.0,910.28,3641.12
912564,7008462,30952,10.0,474.68,4746.8
912565,7003851,30022,12.0,1035.77,12429.24
912566,7013661,31448,10.0,530.86,5308.6
912567,7013628,30780,1.0,167.11,167.11
912568,7007172,30186,5.0,815.9,4079.5
912569,7007043,30066,3.0,929.78,2789.34
912570,7010298,31207,10.0,343.38,3433.8
912571,7001743,30684,10.0,704.28,7042.8
912572,7009567,31277,11.0,735.22,8087.42
912573,7012305,31345,10.0,1191.84,11918.4
912574,7008919,30863,4.0,229.65,918.6
912575,7006125,30337,7.0,822.71,5758.97
912576,7013834,31204,3.0,1162.99,3488.97
912577,7001294,31237,1.0,611.29,611.29
912578,7007738,31434,12.0,851.02,10212.24
912579,7008554,30757,9.0,723.65,6512.85
912580,7011247,30417,10.0,997.76,9977.6
912581,7013419,30833,6.0,599.37,3596.22
912582,7010105,30100,12.0,536.71,6440.52
912583,7009794,30468,8.0,523.24,4185.92
912584,7005358,31085,10.0,367.95,3679.5
912585,7001209,30021,6.0,451.79,2710.74
912586,7005276,31204,10.0,867.98,8679.8
912587,7009170,31328,6.0,348.6,2091.6
912588,7001751,30158,10.0,174.83,1748.34
912589,7012977,30893,3.0,584.5,1753.5
912590,7001959,30707,11.0,93.63,1029.93
912591,7002062,30817,7.0,488.27,3417.89
912592,7011321,30392,8.0,61.19,489.52
912593,7007268,31204,4.0,624.24,2496.96
912594,7007393,30520,6.0,850.14,5100.84
912595,7009929,31116,9.0,308.15,2773.33
912596,7003763,31166,4.0,666.36,2665.44
912597,7004444,31131,11.0,1053.4,11587.4
912598,7005484,30519,11.0,38.39,422.29
912599,7007953,31231,11.0,760.03,8360.33
912600,7013387,30239,7.0,427.09,2989.63
912601,7014467,30484,1.0,281.84,281.84
912602,7014549,30259,9.0,270.93,2438.37
912603,7005011,30734,2.0,551.72,1103.44
912604,7014834,31416,4.0,280.73,1122.92
912605,7011302,31243,2.0,1082.61,2165.22
912606,7001526,30134,1.0,134.17,134.17
912607,7002223,30379,1.0,747.24,747.24
912608,7013081,30925,12.0,478.35,5740.2
912609,7013189,31258,4.0,1022.37,4089.48
912610,7009102,30853,11.0,322.76,3550.36
912611,7006445,31335,6.0,690.69,4144.14
912612,7008414,30520,1.0,507.88,507.88
912613,7014529,30600,6.0,351.73,2110.38
912614,7006406,31208,2.0,936.95,1873.9
912615,7003907,30820,9.0,182.85,1645.65
912616,7004160,30560,12.0,527.55,6330.6
912617,7011033,30922,10.0,667.52,6675.2
912618,7005942,30887,10.0,73.7,737.0
912619,7012904,31337,3.0,148.76,446.28
912620,7008756,30296,12.0,55.52,666.19
912621,7000056,30372,10.0,785.36,7853.6
912622,7000036,30879,3.0,343.73,1031.19
912623,7014141,30733,7.0,266.84,1867.88
912624,7000576,30275,10.0,1060.33,10603.3
912625,7009421,30144,10.0,913.69,9136.9
912626,7002427,30444,1.0,918.43,918.43
912627,7002359,31365,4.0,23.66,94.64
912628,7014380,31114,11.0,379.57,4175.27
912629,7006673,30561,1.0,843.08,843.08
912630,7013590,30049,6.0,932.06,5592.36
912631,7008329,31343,12.0,319.37,3832.44
912632,7010669,30589,9.0,899.34,8094.06
912633,7005546,30074,5.0,950.31,4751.55
912634,7007971,30394,10.0,618.26,6182.6
912635,7008111,31189,2.0,152.44,304.88
912636,7012806,30991,4.0,763.99,3055.96
912637,7013233,31176,8.0,521.48,4171.84
912638,7014334,30820,3.0,955.8,2867.4
912639,7007809,30419,10.0,938.72,9387.2
912640,7012239,30014,2.0,1044.73,2089.46
912641,7006691,30347,11.0,91.95,1011.45
912642,7004146,30045,12.0,116.03,1392.36
912643,7011227,30381,2.0,213.07,426.14
912644,7005049,30845,3.0,301.21,903.63
912645,7004992,30305,10.0,471.69,4716.9
912646,7014429,30494,2.0,553.62,1107.23
912647,7009444,31101,9.0,271.68,2445.12
912648,7001747,30229,3.0,826.75,2480.25
912649,7002437,31402,5.0,534.73,2673.65
912650,7009122,30068,10.0,121.81,1218.1
912651,7000213,30012,5.0,841.18,4205.9
912652,7009071,30663,12.0,77.04,924.48
912653,7010970,30705,11.0,394.56,4340.16
912654,7000074,30379,5.0,1087.36,5436.8
912655,7012138,30284,10.0,331.15,3311.5
912656,7003970,31330,5.0,178.2,891.0
912657,7011816,31445,11.0,931.78,10249.58
912658,7003371,30065,11.0,663.36,7296.96
912659,7011837,31172,4.0,607.0,2428.02
912660,7007951,30772,10.0,685.17,6851.7
912661,7013601,31447,6.0,107.34,644.04
912662,7014050,30841,7.0,639.64,4477.48
912663,7007551,31033,9.0,327.28,2945.52
912664,7012424,30107,8.0,369.97,2959.76
912665,7003714,31414,5.0,1129.72,5648.6
912666,7006417,30083,12.0,886.63,10639.56
912667,7006777,30186,6.0,46.54,279.24
912668,7006103,31071,6.0,198.16,1188.96
912669,7001837,30282,2.0,421.57,843.14
912670,7012111,31194,12.0,491.75,5901.0
912671,7011646,31393,2.0,500.59,1001.18
912672,7003053,30342,8.0,160.43,1283.44
912673,7003513,30734,4.0,120.82,483.28
912674,7008309,30705,5.0,169.35,846.75
912675,7003208,30620,6.0,516.62,3099.75
912676,7009250,30096,2.0,933.9,1867.8
912677,7010380,31164,6.0,410.33,2461.98
912678,7004583,30834,10.0,1041.46,10414.6
912679,7012799,30570,12.0,412.51,4950.12
912680,7000494,30061,2.0,934.28,1868.56
912681,7000643,30267,5.0,604.47,3022.35
912682,7008729,30331,7.0,858.82,6011.74
912683,7012938,30515,3.0,424.5,1273.5
912684,7012583,30779,6.0,269.28,1615.68
912685,7003031,30717,8.0,1055.26,8442.08
912686,7010954,31468,1.0,362.79,362.79
912687,7013423,30547,5.0,966.79,4833.95
912688,7009195,31435,12.0,502.48,6029.76
912689,7008434,30408,1.0,853.04,853.04
912690,7013938,31324,2.0,1302.97,2605.93
912691,7011964,30670,8.0,619.3,4954.4
912692,7013681,30643,2.0,74.76,149.52
912693,7006459,31165,8.0,98.08,784.64
912694,7006513,31253,12.0,691.14,8293.68
912695,7008253,31222,3.0,139.76,419.28
912696,7006279,31174,1.0,196.79,196.79
912697,7008142,31183,12.0,648.07,7776.84
912698,7006378,31052,5.0,507.53,2537.65
912699,7011304,31443,4.0,518.05,2072.2
912700,7014492,30203,10.0,317.57,3175.7
912701,7006227,30092,12.0,645.94,7751.28
912702,7000231,30853,1.0,2552.38,2552.38
912703,7004033,31264,6.0,224.01,1344.06
912704,7002076,31082,7.0,37.6,263.2
912705,7005665,31308,9.0,939.09,8451.81
912706,7003313,30031,10.0,927.36,9273.6
912707,7003625,31316,8.0,530.23,4241.84
912708,7004201,31416,4.0,95.97,383.88
912709,7002095,30577,5.0,662.22,3311.1
912710,7014466,30256,3.0,120.17,360.51
912711,7010926,30682,3.0,575.5,1726.5
912712,7001160,30676,7.0,1049.08,7343.56
912713,7007618,30548,3.0,659.36,1978.08
912714,7000614,31299,8.0,783.38,6267.04
912715,7014788,31285,5.0,951.49,4757.45
912716,7009295,30231,8.0,876.54,7012.32
912717,7007698,31101,1.0,407.97,407.97
912718,7014164,30737,6.0,136.56,819.36
912719,7007339,30685,6.0,1092.2,6553.2
912720,7013875,30467,4.0,1010.49,4041.96
912721,7002102,31011,12.0,645.32,7743.84
912722,7000720,30881,8.0,247.34,1978.72
912723,7002659,30422,5.0,112.57,562.85
912724,7000362,30256,2.0,293.3,586.6
912725,7007463,30920,10.0,880.17,8801.7
912726,7007941,30421,7.0,982.78,6879.46
912727,7012464,30276,5.0,13.71,68.55
912728,7006668,30455,6.0,601.34,3608.04
912729,7011467,31051,6.0,90.82,544.92
912730,7014782,30519,10.0,36.56,365.6
912731,7004758,31027,11.0,1033.47,11368.17
912732,7001073,31305,8.0,771.47,6171.76
912733,7006662,30865,3.0,781.61,2344.83
912734,7012662,30345,3.0,1108.16,3324.48
912735,7001310,31060,5.0,47.01,235.05
912736,7002269,31165,12.0,39.1,469.2
912737,7012540,30297,12.0,655.7,7868.34
912738,7006058,31240,4.0,40.54,162.16
912739,7001929,30865,2.0,1060.77,2121.54
912740,7005116,30968,6.0,673.2,4039.2
912741,7001867,30566,2.0,1080.89,2161.78
912742,7011187,31198,1.0,101.7,101.7
912743,7000824,30902,6.0,93.85,563.1
912744,7013900,31269,1.0,433.63,433.63
912745,7013020,30097,10.0,544.7,5447.0
912746,7004062,30750,3.0,738.92,2216.76
912747,7001878,31205,12.0,1094.21,13130.52
912748,7014538,30257,1.0,462.4,462.4
912749,7000827,30508,10.0,723.4,7234.0
912750,7009577,31160,6.0,206.42,1238.52
912751,7014098,30220,12.0,190.57,2286.84
912752,7011022,30952,2.0,1073.34,2146.68
912753,7007387,31097,9.0,120.96,1088.64
912754,7006582,30008,4.0,698.2,2792.8
912755,7012298,30671,7.0,336.54,2355.78
912756,7007210,30908,8.0,763.6,6108.8
912757,7014209,30717,3.0,176.78,530.34
912758,7013196,30131,11.0,298.52,3283.72
912759,7000038,30776,5.0,452.59,2262.95
912760,7011954,31420,12.0,714.91,8578.92
912761,7008187,31226,7.0,1027.14,7189.98
912762,7007938,31022,11.0,885.62,9741.82
912763,7012936,30256,10.0,1094.95,10949.5
912764,7005289,30388,1.0,186.9,186.9
912765,7014431,31158,10.0,371.47,3714.7
912766,7008857,30617,6.0,1054.46,6326.76
912767,7013251,30166,2.0,169.16,338.32
912768,7005310,31045,4.0,31.36,125.44
912769,7013495,30472,8.0,697.7,5581.6
912770,7011631,30345,7.0,539.58,3777.06
912771,7005998,30399,4.0,658.97,2635.88
912772,7005641,30308,3.0,555.11,1665.33
912773,7002331,31389,3.0,163.74,491.22
912774,7011542,31065,8.0,213.56,1708.48
912775,7013661,30518,12.0,1185.1,14221.2
912776,7006531,30044,4.0,415.08,1660.32
912777,7005293,30142,11.0,36.01,396.11
912778,7009155,30326,5.0,50.34,251.7
912779,7014430,30904,2.0,104.38,208.76
912780,7010771,31046,7.0,454.46,3181.22
912781,7009460,30694,7.0,1155.1,8085.7
912782,7010101,30841,9.0,671.02,6039.18
912783,7014257,30869,11.0,1077.01,11847.11
912784,7008472,30285,3.0,282.35,847.05
912785,7006221,30148,1.0,484.59,484.59
912786,7008821,30913,4.0,19.75,79.0
912787,7010804,30601,5.0,944.69,4723.45
912788,7014855,30769,5.0,729.98,3649.9
912789,7008991,31270,4.0,303.85,1215.4
912790,7004734,31073,3.0,482.47,1447.41
912791,7014745,30204,3.0,270.02,810.06
912792,7003690,31134,11.0,741.09,8151.99
912793,7006512,30442,2.0,793.42,1586.84
912794,7003995,30856,5.0,27.16,135.8
912795,7008406,30060,12.0,286.13,3433.56
912796,7007078,30419,5.0,838.46,4192.27
912797,7012064,30953,7.0,1123.21,7862.47
912798,7005768,30155,2.0,397.6,795.2
912799,7003522,30758,6.0,95.12,570.72
912800,7005896,30772,12.0,58.1,697.2
912801,7002268,30653,11.0,275.45,3029.95
912802,7008924,30341,8.0,707.52,5660.16
912803,7010636,31457,8.0,605.74,4845.92
912804,7011535,30409,10.0,998.56,9985.6
912805,7000649,30124,3.0,870.58,2611.74
912806,7000606,30233,12.0,1088.03,13056.36
912807,7003512,30359,4.0,471.36,1885.44
912808,7008342,31314,10.0,405.0,4050.0
912809,7006909,31142,8.0,870.21,6961.68
912810,7000168,31065,10.0,861.38,8613.8
912811,7014401,30590,6.0,675.25,4051.5
912812,7012411,30190,6.0,849.48,5096.88
912813,7014365,30334,9.0,429.74,3867.66
912814,7010632,30347,11.0,1007.13,11078.43
912815,7006076,30256,6.0,1085.64,6513.84
912816,7003589,30034,5.0,304.15,1520.76
912817,7008732,31063,3.0,720.9,2162.7
912818,7009873,30198,6.0,913.39,5480.34
912819,7011082,31238,4.0,551.92,2207.68
912820,7007559,31185,11.0,1081.3,11894.3
912821,7006423,30176,10.0,869.53,8695.3
912822,7007052,30396,4.0,1127.08,4508.32
912823,7008104,31030,7.0,155.59,1089.13
912824,7009985,31050,12.0,887.11,10645.32
912825,7001247,30877,9.0,103.85,934.65
912826,7014864,30291,11.0,500.16,5501.76
912827,7001329,31314,8.0,111.01,888.08
912828,7010648,30054,5.0,905.35,4526.75
912829,7005326,30276,3.0,517.58,1552.74
912830,7014268,30244,1.0,1131.96,1131.96
912831,7013307,30945,3.0,20.9,62.7
912832,7009796,30199,10.0,97.82,978.2
912833,7009192,30716,8.0,1046.28,8370.24
912834,7003101,30095,5.0,1144.38,5721.9
912835,7003910,31096,3.0,129.15,387.45
912836,7004040,30190,5.0,750.5,3752.5
912837,7014797,30093,10.0,1147.41,11474.1
912838,7005026,31333,11.0,680.77,7488.47
912839,7004797,30191,8.0,79.76,638.08
912840,7000487,30587,11.0,892.07,9812.77
912841,7004191,30498,1.0,516.43,516.43
912842,7003730,30500,1.0,889.58,889.58
912843,7000602,30165,3.0,1009.55,3028.65
912844,7000595,31465,12.0,114.56,1374.72
912845,7014013,31157,12.0,93.81,1125.72
912846,7007970,31241,10.0,702.84,7028.4
912847,7014414,31243,6.0,263.84,1583.04
912848,7009852,31298,10.0,255.44,2554.4
912849,7005829,30192,11.0,592.66,6519.26
912850,7010968,30251,4.0,488.52,1954.08
912851,7012077,30416,8.0,189.46,1515.68
912852,7011997,30107,4.0,123.34,493.36
912853,7008467,31274,7.0,518.38,3628.67
912854,7005467,31365,6.0,55.88,335.28
912855,7000906,30183,12.0,965.71,11588.52
912856,7006092,30059,3.0,727.76,2183.28
912857,7007536,31439,7.0,644.3,4510.1
912858,7013132,31045,5.0,495.12,2475.6
912859,7010254,30294,2.0,291.84,583.68
912860,7002465,30256,11.0,758.26,8340.86
912861,7003346,30803,9.0,307.79,2770.11
912862,7002043,31168,3.0,1030.83,3092.49
912863,7013892,30513,9.0,314.43,2829.87
912864,7000903,30167,5.0,896.56,4482.8
912865,7000947,31414,8.0,244.01,1952.08
912866,7010704,30654,11.0,1189.14,13080.54
912867,7014076,31394,3.0,28.88,86.64
912868,7006729,30701,4.0,1019.28,4077.12
912869,7013164,31438,10.0,365.51,3655.1
912870,7006975,30689,8.0,946.56,7572.48
912871,7008278,30231,4.0,87.66,350.64
912872,7005926,31090,7.0,458.85,3211.95
912873,7003514,31310,9.0,342.03,3078.27
912874,7005486,31476,3.0,1175.6,3526.8
912875,7002471,31195,3.0,1076.29,3228.87
912876,7014634,30818,4.0,617.83,2471.32
912877,7010904,30366,8.0,322.45,2579.6
912878,7010325,31424,8.0,459.29,3674.32
912879,7001434,30507,8.0,568.4,4547.2
912880,7008529,31415,3.0,722.7,2168.1
912881,7014568,30192,3.0,612.79,1838.37
912882,7010105,30045,11.0,555.48,6110.28
912883,7007290,30011,6.0,882.09,5292.54
912884,7001175,30304,10.0,694.18,6941.8
912885,7005429,30792,3.0,505.11,1515.33
912886,7014837,31025,9.0,488.36,4395.24
912887,7004478,30472,8.0,351.42,2811.36
912888,7011329,30186,2.0,211.81,423.62
912889,7011495,30732,7.0,884.48,6191.36
912890,7013162,30654,7.0,312.17,2185.19
912891,7010464,30819,9.0,119.46,1075.14
912892,7011276,30102,9.0,941.95,8477.55
912893,7013312,31293,4.0,577.87,2311.48
912894,7014110,30576,6.0,288.57,1731.42
912895,7009422,31414,10.0,434.73,4347.3
912896,7012457,30235,6.0,778.59,4671.54
912897,7002394,30023,9.0,1066.15,9595.35
912898,7013486,30908,7.0,543.03,3801.21
912899,7005911,30477,3.0,164.52,493.56
912900,7013384,30156,6.0,201.74,1210.44
912901,7002531,30948,7.0,221.55,1550.87
912902,7009589,31097,6.0,376.43,2258.58
912903,7010264,31119,8.0,564.06,4512.48
912904,7009879,30489,10.0,715.19,7151.9
912905,7003147,31392,3.0,1040.37,3121.11
912906,7001809,30729,11.0,962.02,10582.22
912907,7011695,30350,5.0,343.59,1717.95
912908,7013777,31321,11.0,644.46,7089.06
912909,7001090,30279,5.0,598.95,2994.75
912910,7011978,30527,1.0,719.3,719.3
912911,7009718,30841,12.0,1003.37,12040.44
912912,7007687,30040,12.0,351.58,4218.96
912913,7000124,31225,1.0,226.15,226.15
912914,7010235,31236,9.0,983.08,8847.72
912915,7013885,30102,6.0,78.11,468.68
912916,7011461,30726,8.0,976.46,7811.68
912917,7013582,31035,10.0,982.22,9822.2
912918,7004036,31056,3.0,209.07,627.21
912919,7005754,31047,3.0,477.78,1433.34
912920,7000984,31023,7.0,491.3,3439.1
912921,7001736,31100,1.0,457.79,457.79
912922,7008620,30751,3.0,1122.77,3368.31
912923,7014105,30025,1.0,147.28,147.28
912924,7013263,30482,6.0,584.81,3508.86
912925,7006887,31286,5.0,12.09,60.45
912926,7002295,31127,7.0,844.35,5910.45
912927,7010913,30536,1.0,531.92,531.92
912928,7010099,30065,2.0,530.49,1060.98
912929,7010671,30531,9.0,282.17,2539.53
912930,7005564,30334,8.0,348.93,2791.44
912931,7009834,30820,6.0,172.37,1034.22
912932,7004904,30443,3.0,764.66,2293.98
912933,7008873,30361,12.0,914.08,10968.96
912934,7003957,30592,12.0,51.52,618.24
912935,7014582,30054,5.0,868.79,4343.95
912936,7003989,30012,6.0,1107.42,6644.52
912937,7005933,31283,5.0,1034.72,5173.6
912938,7009780,30113,2.0,857.62,1715.24
912939,7000389,30972,7.0,1036.6,7256.2
912940,7010329,31329,10.0,1164.99,11649.9
912941,7009304,31259,4.0,764.23,3056.92
912942,7008415,30416,7.0,988.99,6922.93
912943,7014875,31036,6.0,994.1,5964.6
912944,7014932,30973,1.0,521.3,521.3
912945,7013807,31365,8.0,1084.61,8676.88
912946,7000854,31227,3.0,234.97,704.91
912947,7000798,31313,7.0,64.86,454.02
912948,7007271,30084,7.0,974.14,6818.98
912949,7005813,31309,4.0,1195.83,4783.32
912950,7006091,30341,1.0,390.65,390.65
912951,7011575,30550,9.0,579.04,5211.36
912952,7008936,30611,3.0,697.14,2091.42
912953,7007572,30943,1.0,284.61,284.61
912954,7005260,31317,5.0,272.7,1363.5
912955,7012947,30936,7.0,754.16,5279.12
912956,7008226,30152,5.0,756.72,3783.6
912957,7004919,30682,3.0,672.07,2016.21
912958,7003433,30664,11.0,265.79,2923.69
912959,7012665,31338,4.0,887.94,3551.76
912960,7002309,31046,7.0,165.75,1160.25
912961,7008315,30219,5.0,1174.7,5873.5
912962,7012587,30539,11.0,1017.92,11197.12
912963,7013578,31381,8.0,864.52,6916.16
912964,7011850,31425,9.0,340.16,3061.44
912965,7008631,30791,8.0,274.71,2197.68
912966,7001472,30266,12.0,491.21,5894.52
912967,7000959,30918,6.0,890.69,5344.14
912968,7010334,30164,10.0,523.21,5232.1
912969,7004369,30678,12.0,831.76,9981.12
912970,7006108,30105,12.0,334.22,4010.64
912971,7001990,30869,11.0,779.23,8571.53
912972,7014850,31164,11.0,50.03,550.33
912973,7007685,30331,10.0,239.79,2397.9
912974,7005941,31287,9.0,924.97,8324.73
912975,7012269,31055,4.0,681.45,2725.8
912976,7007336,30917,1.0,30.45,30.45
912977,7010431,31409,6.0,853.55,5121.3
912978,7005640,30790,11.0,34.48,379.28
912979,7013283,31181,12.0,1129.89,13558.68
912980,7003034,30467,1.0,761.18,761.18
912981,7014425,30206,6.0,627.19,3763.14
912982,7013688,30299,2.0,970.91,1941.82
912983,7011519,30272,5.0,380.18,1900.9
912984,7009678,31435,5.0,32.32,161.6
912985,7014821,30198,10.0,617.44,6174.4
912986,7007992,30640,10.0,843.12,8431.2
912987,7009177,31475,7.0,839.51,5876.57
912988,7007010,30567,10.0,1049.26,10492.6
912989,7007051,30722,4.0,1132.27,4529.08
912990,7003894,31034,8.0,276.34,2210.72
912991,7009309,31102,1.0,743.07,743.07
912992,7001717,30008,2.0,1111.1,2222.2
912993,7014461,30373,10.0,79.97,799.7
912994,7012569,30386,6.0,301.96,1811.76
912995,7007905,31209,2.0,485.58,971.16
912996,7013077,31172,10.0,905.45,9054.5
912997,7001077,30473,10.0,15.85,158.5
912998,7014124,31321,2.0,1011.07,2022.14
912999,7012971,30310,6.0,513.61,3081.66
913000,7007302,30430,4.0,822.25,3289.0
913001,7004097,31170,11.0,1088.95,11978.45
913002,7011146,30437,7.0,1007.44,7052.08
913003,7004447,31024,11.0,986.65,10853.15
913004,7005926,30057,8.0,230.3,1842.4
913005,7004276,30197,1.0,1176.38,1176.38
913006,7006236,30562,11.0,788.28,8671.08
913007,7013275,30370,6.0,207.6,1245.6
913008,7012043,31359,8.0,730.2,5841.6
913009,7001276,30902,3.0,310.86,932.58
913010,7014949,30122,12.0,741.5,8898.0
913011,7012373,30662,5.0,504.76,2523.8
913012,7001699,30251,2.0,215.99,431.98
913013,7007222,30980,6.0,46.32,277.92
913014,7011412,30159,7.0,13.95,97.65
913015,7005710,31261,12.0,741.27,8895.24
913016,7002349,31205,1.0,599.88,599.88
913017,7000513,31199,12.0,449.86,5398.32
913018,7006256,31437,2.0,204.25,408.5
913019,7003758,30704,9.0,188.93,1700.37
913020,7006563,30690,5.0,1110.44,5552.2
913021,7012607,30132,12.0,1083.81,13005.72
913022,7005731,31451,10.0,944.07,9440.7
913023,7010419,30197,4.0,74.18,296.72
913024,7012022,31009,3.0,263.11,789.33
913025,7013317,31029,10.0,473.95,4739.5
913026,7003656,31144,11.0,514.47,5659.17
913027,7014528,30960,5.0,1120.6,5603.0
913028,7000997,31378,10.0,1178.7,11787.0
913029,7009277,30176,11.0,493.57,5429.27
913030,7007168,31177,7.0,839.46,5876.22
913031,7008917,30001,12.0,835.17,10022.04
913032,7007273,30893,7.0,364.57,2551.99
913033,7013675,30895,2.0,33.19,66.38
913034,7001519,30242,9.0,502.23,4520.07
913035,7009374,30330,12.0,461.07,5532.84
913036,7008247,31372,1.0,911.9,911.9
913037,7012470,31355,8.0,1131.21,9049.68
913038,7012678,30234,10.0,259.39,2593.9
913039,7010576,31059,5.0,639.48,3197.4
913040,7005270,31464,5.0,46.4,232.0
913041,7000612,30680,12.0,70.75,849.03
913042,7007760,30831,7.0,249.78,1748.46
913043,7001758,30455,9.0,13.88,124.92
913044,7006008,30096,7.0,482.98,3380.86
913045,7007209,30272,12.0,288.48,3461.76
913046,7014232,31395,5.0,227.3,1136.5
913047,7009743,30921,9.0,1026.97,9242.73
913048,7012113,30856,8.0,1005.49,8043.92
913049,7011168,30089,12.0,571.39,6856.68
913050,7002635,30775,4.0,198.73,794.92
913051,7013779,30799,2.0,1074.86,2149.72
913052,7003384,30278,7.0,1136.41,7954.87
913053,7001729,30530,8.0,995.78,7966.24
913054,7012049,30843,12.0,354.34,4252.08
913055,7003659,30192,4.0,893.1,3572.4
913056,7010786,31177,4.0,284.26,1137.04
913057,7010800,30484,2.0,1125.28,2250.56
913058,7012806,30958,4.0,70.32,281.28
913059,7012947,30039,6.0,22.24,133.44
913060,7001002,31151,9.0,879.71,7917.39
913061,7001695,31254,4.0,645.13,2580.52
913062,7005078,30766,8.0,164.91,1319.28
913063,7010963,31068,2.0,512.84,1025.68
913064,7014674,30486,8.0,1007.07,8056.56
913065,7002120,30707,6.0,1026.72,6160.32
913066,7012411,31450,4.0,268.23,1072.92
913067,7000446,30441,5.0,1135.0,5675.0
913068,7006110,31172,8.0,618.96,4951.68
913069,7007722,30872,12.0,992.86,11914.32
913070,7011386,31141,11.0,183.08,2013.88
913071,7006362,30155,3.0,264.37,793.11
913072,7007001,30150,3.0,150.35,451.05
913073,7001506,30204,6.0,292.15,1752.9
913074,7010331,31023,5.0,527.87,2639.35
913075,7004901,31153,1.0,627.68,627.68
913076,7000172,31358,1.0,911.4,911.4
913077,7007285,30400,1.0,880.88,880.88
913078,7013387,30888,3.0,906.74,2720.22
913079,7014124,31461,9.0,134.8,1213.2
913080,7001571,30352,4.0,1142.54,4570.16
913081,7004402,30250,6.0,577.15,3462.9
913082,7008986,31415,2.0,666.76,1333.52
913083,7005124,30495,6.0,839.45,5036.7
913084,7008981,30238,4.0,409.58,1638.32
913085,7005248,30946,5.0,690.21,3451.05
913086,7005635,30607,2.0,450.18,900.36
913087,7007235,30840,10.0,150.56,1505.6
913088,7004845,30448,7.0,146.04,1022.28
913089,7004470,31498,10.0,40.68,406.8
913090,7011115,31458,11.0,862.2,9484.2
913091,7003235,30254,1.0,1191.39,1191.39
913092,7014605,31475,12.0,187.29,2247.48
913093,7008808,30549,5.0,30.58,152.9
913094,7013540,30307,8.0,810.89,6487.12
913095,7009324,30584,8.0,477.94,3823.52
913096,7000711,30434,9.0,575.83,5182.47
913097,7001504,30522,5.0,985.02,4925.1
913098,7012669,30245,1.0,123.86,123.86
913099,7009443,31138,5.0,293.87,1469.35
913100,7007833,31422,7.0,630.12,4410.84
913101,7000516,30076,4.0,433.53,1734.12
913102,7005004,31325,2.0,195.38,390.76
913103,7000553,30946,4.0,615.15,2460.6
913104,7011735,31041,8.0,594.37,4754.96
913105,7014982,31203,3.0,181.22,543.66
913106,7008258,30232,4.0,481.45,1925.8
913107,7000723,30027,1.0,400.46,400.46
913108,7008670,30795,10.0,761.74,7617.4
913109,7004708,30232,8.0,1086.99,8695.92
913110,7012464,30362,11.0,857.44,9431.84
913111,7008646,30339,5.0,342.76,1713.8
913112,7005391,30842,2.0,860.66,1721.32
913113,7010835,30815,11.0,780.81,8588.91
913114,7011501,31430,1.0,598.79,598.79
913115,7010860,31124,6.0,905.54,5433.24
913116,7008262,31091,1.0,526.5,526.5
913117,7000469,31110,1.0,149.38,149.38
913118,7001052,31163,10.0,189.8,1898.0
913119,7009357,30925,9.0,751.73,6765.57
913120,7004801,30981,10.0,1132.81,11328.1
913121,7012868,30779,9.0,75.23,677.07
913122,7010296,31445,1.0,367.89,367.89
913123,7005812,30572,9.0,348.32,3134.88
913124,7012921,31218,5.0,255.87,1279.35
913125,7011187,31001,7.0,55.38,387.66
913126,7011790,30082,2.0,577.5,1155.0
913127,7005858,30308,4.0,610.39,2441.56
913128,7001294,30031,5.0,38.31,191.55
913129,7000094,30563,2.0,1154.57,2309.14
913130,7009803,31358,4.0,659.46,2637.84
913131,7006584,30972,9.0,225.38,2028.42
913132,7011086,30659,1.0,357.69,357.69
913133,7009628,30154,10.0,588.67,5886.7
913134,7011333,31282,2.0,1075.36,2150.72
913135,7003979,31022,10.0,550.67,5506.7
913136,7008771,31052,5.0,516.74,2583.7
913137,7003259,31394,1.0,57.35,57.35
913138,7004822,30090,3.0,584.46,1753.38
913139,7010688,31401,3.0,226.12,678.36
913140,7011016,31290,3.0,486.37,1459.11
913141,7008880,30847,12.0,313.32,3759.84
913142,7012290,30952,7.0,447.21,3130.47
913143,7005004,30438,2.0,995.76,1991.52
913144,7009817,31057,1.0,1142.12,1142.12
913145,7011580,31301,4.0,591.86,2367.44
913146,7012111,30972,9.0,500.1,4500.9
913147,7005840,31369,1.0,1063.18,1063.18
913148,7000301,30929,3.0,303.65,910.95
913149,7013081,30986,12.0,598.78,7185.36
913150,7011888,30636,2.0,469.92,939.84
913151,7004698,30965,7.0,1177.74,8244.18
913152,7006615,30720,2.0,797.73,1595.46
913153,7008893,30194,10.0,291.41,2914.14
913154,7013078,30700,11.0,146.18,1607.98
913155,7010657,31149,1.0,921.29,921.29
913156,7006417,30389,12.0,810.59,9727.08
913157,7013664,30538,2.0,801.14,1602.28
913158,7000610,31121,11.0,798.48,8783.28
913159,7005914,30817,6.0,835.98,5015.88
913160,7008850,31113,2.0,145.25,290.5
913161,7013623,31221,2.0,146.06,292.12
913162,7010984,31363,4.0,784.72,3138.88
913163,7014095,30009,2.0,1016.8,2033.6
913164,7005627,30393,5.0,1177.19,5885.95
913165,7012493,30245,8.0,327.47,2619.76
913166,7005219,30246,10.0,309.54,3095.4
913167,7000760,30681,3.0,1018.38,3055.14
913168,7010258,30747,3.0,635.31,1905.93
913169,7003763,30047,9.0,139.82,1258.38
913170,7003727,31064,6.0,29.43,176.58
913171,7009682,31108,1.0,703.19,703.19
913172,7007167,30616,6.0,614.1,3684.6
913173,7006186,31010,11.0,289.92,3189.12
913174,7009208,30197,7.0,268.53,1879.71
913175,7014104,30890,8.0,1031.46,8251.68
913176,7013479,31184,1.0,917.95,917.95
913177,7014921,30323,4.0,294.09,1176.36
913178,7007486,30351,2.0,559.04,1118.08
913179,7009263,31350,12.0,450.5,5406.0
913180,7004985,31276,9.0,593.33,5339.97
913181,7008010,31488,7.0,777.63,5443.41
913182,7009623,30723,12.0,231.52,2778.24
913183,7011286,31162,4.0,595.54,2382.17
913184,7006629,30049,3.0,765.59,2296.77
913185,7007281,30930,6.0,1073.6,6441.6
913186,7009400,30220,6.0,36.87,221.22
913187,7008689,30394,1.0,196.26,196.26
913188,7008072,30339,12.0,1127.48,13529.76
913189,7011255,30673,10.0,95.11,951.1
913190,7012635,30286,3.0,1062.69,3188.07
913191,7000658,30853,9.0,183.6,1652.4
913192,7000361,30864,11.0,480.62,5286.82
913193,7010907,31471,6.0,409.85,2459.1
913194,7011657,30329,5.0,658.71,3293.55
913195,7007007,31184,1.0,1019.34,1019.34
913196,7006321,30521,7.0,133.85,936.95
913197,7010060,31130,7.0,280.97,1966.79
913198,7008416,31388,6.0,473.71,2842.26
913199,7006527,30080,5.0,849.25,4246.25
913200,7014224,31425,12.0,500.29,6003.48
913201,7013023,30147,1.0,332.94,332.94
913202,7003475,31401,8.0,350.94,2807.52
913203,7006861,30940,7.0,53.71,375.97
913204,7000333,30640,12.0,307.44,3689.28
913205,7006944,30680,4.0,987.49,3949.96
913206,7009023,30205,9.0,187.42,1686.78
913207,7002207,31130,7.0,1108.44,7759.08
913208,7007357,30276,3.0,360.98,1082.94
913209,7004723,30031,5.0,229.8,1149.0
913210,7007537,30982,7.0,712.16,4985.12
913211,7010323,30633,5.0,342.2,1711.0
913212,7006826,31466,2.0,820.27,1640.54
913213,7013305,30100,2.0,635.3,1270.6
913214,7013772,31016,1.0,380.94,380.94
913215,7003380,30808,3.0,537.83,1613.49
913216,7003212,31307,6.0,482.06,2892.36
913217,7004445,31053,5.0,517.7,2588.5
913218,7013330,31275,10.0,1074.83,10748.3
913219,7011668,30325,1.0,650.9,650.9
913220,7000463,30771,7.0,384.06,2688.42
913221,7006661,31491,6.0,308.78,1852.68
913222,7000254,31184,7.0,439.11,3073.77
913223,7000239,30889,10.0,493.32,4933.2
913224,7001983,30355,4.0,332.33,1329.32
913225,7010421,30629,2.0,779.86,1559.72
913226,7012269,31424,7.0,31.65,221.55
913227,7004274,30073,6.0,845.42,5072.52
913228,7009568,31299,4.0,604.84,2419.36
913229,7006979,31304,6.0,951.28,5707.68
913230,7010108,30047,9.0,130.97,1178.73
913231,7005960,31372,11.0,1003.05,11033.55
913232,7012218,30846,12.0,481.98,5783.76
913233,7008305,31303,1.0,161.44,161.44
913234,7003292,30035,10.0,463.49,4634.9
913235,7007592,31040,5.0,603.34,3016.7
913236,7002937,30945,7.0,1148.56,8039.92
913237,7002973,30130,1.0,1106.87,1106.87
913238,7002358,30071,4.0,273.21,1092.84
913239,7012227,30434,3.0,766.17,2298.51
913240,7007919,31072,7.0,863.09,6041.63
913241,7002806,30740,5.0,122.55,612.75
913242,7014947,30253,2.0,1060.68,2121.36
913243,7007011,31059,4.0,1096.95,4387.8
913244,7006171,31309,9.0,843.52,7591.68
913245,7013338,31206,6.0,600.76,3604.58
913246,7011433,30798,10.0,680.24,6802.4
913247,7009373,30336,8.0,274.21,2193.68
913248,7014555,31059,6.0,296.44,1778.64
913249,7005758,31301,10.0,537.74,5377.4
913250,7002401,30481,11.0,663.75,7301.25
913251,7004102,30823,9.0,136.89,1232.01
913252,7000533,30295,11.0,1078.61,11864.71
913253,7009915,31349,1.0,234.26,234.26
913254,7012897,30632,7.0,1173.21,8212.47
913255,7002455,31358,7.0,829.06,5803.42
913256,7006535,30967,4.0,1000.14,4000.56
913257,7004881,30452,10.0,648.45,6484.5
913258,7001506,30265,3.0,521.23,1563.69
913259,7002621,31017,11.0,295.2,3247.2
913260,7014642,30892,7.0,1024.99,7174.93
913261,7008770,30679,5.0,567.66,2838.3
913262,7009691,31193,8.0,793.48,6347.84
913263,7006243,30426,5.0,906.52,4532.6
913264,7000006,30594,2.0,740.21,1480.42
913265,7012813,31394,8.0,145.21,1161.68
913266,7010576,30099,1.0,670.9,670.9
913267,7003490,30620,9.0,412.36,3711.24
913268,7006995,30004,7.0,556.7,3896.9
913269,7011715,30779,10.0,153.64,1536.4
913270,7013711,31470,5.0,790.94,3954.7
913271,7014491,30706,4.0,374.48,1497.92
913272,7008399,30932,8.0,644.72,5157.76
913273,7008837,31336,2.0,487.91,975.82
913274,7000836,31315,11.0,1151.11,12662.21
913275,7009969,31399,10.0,604.23,6042.3
913276,7004285,31451,3.0,480.69,1442.07
913277,7008861,31485,1.0,389.8,389.8
913278,7013911,30401,5.0,211.29,1056.46
913279,7010536,31475,1.0,350.97,350.97
913280,7001532,30014,8.0,338.99,2711.92
913281,7013153,30630,12.0,1164.24,13970.88
913282,7009541,31142,6.0,1197.1,7182.6
913283,7004899,30942,7.0,192.01,1344.07
913284,7009988,30827,10.0,308.5,3085.0
913285,7001619,30694,5.0,520.93,2604.65
913286,7006283,31468,9.0,759.61,6836.49
913287,7002581,31170,9.0,254.17,2287.53
913288,7007546,31230,9.0,1145.61,10310.49
913289,7014097,31475,4.0,1050.16,4200.64
913290,7010149,31213,6.0,633.59,3801.54
913291,7006083,31064,4.0,1150.22,4600.88
913292,7006979,31207,4.0,789.31,3157.24
913293,7009758,31199,4.0,770.33,3081.32
913294,7005336,31016,11.0,449.91,4949.01
913295,7013937,30034,9.0,451.39,4062.51
913296,7011414,31066,7.0,1181.65,8271.55
913297,7014064,31066,5.0,301.73,1508.65
913298,7006769,30385,7.0,383.98,2687.86
913299,7012426,31050,7.0,810.4,5672.8
913300,7014974,31046,5.0,69.32,346.6
913301,7011040,30094,10.0,745.01,7450.1
913302,7003525,31193,3.0,512.78,1538.34
913303,7012745,30239,5.0,359.12,1795.6
913304,7006845,30978,12.0,1148.27,13779.24
913305,7011864,31068,3.0,751.91,2255.73
913306,7009170,31431,8.0,547.36,4378.88
913307,7013682,30935,6.0,1104.39,6626.34
913308,7003768,30231,3.0,742.66,2227.96
913309,7009293,31174,8.0,861.3,6890.4
913310,7014338,30417,4.0,733.59,2934.36
913311,7013875,31323,8.0,581.54,4652.32
913312,7014747,30560,9.0,331.23,2981.07
913313,7002391,30980,6.0,953.32,5719.92
913314,7009260,30674,5.0,177.38,886.9
913315,7010335,31279,1.0,598.98,598.98
913316,7000545,30016,4.0,1079.22,4316.88
913317,7010105,31258,2.0,621.86,1243.72
913318,7006077,30988,6.0,241.28,1447.68
913319,7000237,30258,7.0,760.6,5324.2
913320,7003097,31009,2.0,693.08,1386.16
913321,7010060,30862,9.0,927.22,8344.98
913322,7003937,30593,6.0,223.62,1341.72
913323,7013687,30905,1.0,949.67,949.67
913324,7000028,31008,10.0,312.99,3129.9
913325,7014491,30026,2.0,658.46,1316.92
913326,7007934,31459,1.0,708.09,708.09
913327,7000328,30233,1.0,718.51,718.51
913328,7010394,30635,10.0,255.36,2553.6
913329,7000157,30675,4.0,687.73,2750.92
913330,7000332,30355,5.0,1105.59,5527.95
913331,7000953,30649,8.0,1023.02,8184.16
913332,7010184,30945,12.0,1078.63,12943.56
913333,7010864,31142,3.0,716.38,2149.14
913334,7014262,31165,8.0,161.87,1294.96
913335,7002973,30572,1.0,55.96,55.96
913336,7006612,31152,10.0,697.43,6974.3
913337,7008717,30510,3.0,1158.74,3476.22
913338,7001618,31027,10.0,412.43,4124.3
913339,7005193,30354,11.0,258.76,2846.36
913340,7006917,30553,6.0,1124.99,6749.94
913341,7003827,31157,12.0,886.67,10640.04
913342,7000666,31259,1.0,739.37,739.37
913343,7007434,30227,4.0,1158.55,4634.2
913344,7001837,30046,5.0,1139.48,5697.4
913345,7010004,30332,2.0,362.63,725.26
913346,7002981,30545,3.0,435.78,1307.34
913347,7008754,30393,6.0,362.98,2177.89
913348,7006601,30525,5.0,91.89,459.45
913349,7001710,30939,4.0,40.53,162.12
913350,7010323,31011,10.0,559.44,5594.4
913351,7001211,30115,3.0,200.68,602.04
913352,7003580,30002,2.0,666.66,1333.32
913353,7014787,31126,4.0,553.54,2214.16
913354,7012344,31232,12.0,1109.29,13311.48
913355,7007187,30903,9.0,380.29,3422.61
913356,7002516,30497,6.0,14.92,89.52
913357,7003767,30650,11.0,634.2,6976.2
913358,7010888,30429,7.0,390.1,2730.7
913359,7001867,30429,10.0,377.7,3776.95
913360,7011906,30516,5.0,248.34,1241.7
913361,7006284,30441,3.0,571.13,1713.39
913362,7010896,31404,5.0,436.48,2182.4
913363,7014460,30196,8.0,296.92,2375.36
913364,7011287,30588,6.0,293.77,1762.64
913365,7006445,30610,1.0,579.17,579.17
913366,7011727,31036,1.0,240.99,240.99
913367,7005816,31368,12.0,521.59,6259.08
913368,7001101,30251,4.0,15.07,60.28
913369,7002415,30899,8.0,544.51,4356.08
913370,7002109,31025,11.0,182.29,2005.19
913371,7001111,30147,11.0,243.2,2675.2
913372,7000077,31488,5.0,870.51,4352.55
913373,7006628,31411,1.0,1079.81,1079.81
913374,7010843,30927,6.0,356.77,2140.62
913375,7013016,30504,5.0,861.42,4307.1
913376,7012491,31363,1.0,495.95,495.95
913377,7001118,30379,10.0,628.84,6288.4
913378,7006539,30312,4.0,610.28,2441.12
913379,7000164,30036,7.0,693.56,4854.92
913380,7007798,30306,6.0,110.96,665.76
913381,7011059,31274,5.0,805.13,4025.65
913382,7000436,31435,1.0,36.92,36.92
913383,7002705,30240,3.0,386.75,1160.25
913384,7006626,31234,11.0,643.83,7082.13
913385,7014951,30552,5.0,246.06,1230.3
913386,7004787,30400,5.0,218.38,1091.9
913387,7005807,30812,6.0,491.33,2947.99
913388,7003736,31458,12.0,291.54,3498.48
913389,7002220,30627,3.0,911.24,2733.72
913390,7013767,30215,9.0,80.27,722.43
913391,7013819,30419,7.0,1144.1,8008.7
913392,7005061,30160,3.0,594.79,1784.37
913393,7001483,31099,5.0,94.73,473.65
913394,7002728,31431,1.0,563.35,563.35
913395,7010529,30962,6.0,1151.42,6908.52
913396,7011027,31489,9.0,1015.29,9137.61
913397,7000287,30339,3.0,100.51,301.53
913398,7007638,31264,11.0,283.01,3113.11
913399,7000238,31440,10.0,838.04,8380.4
913400,7000606,30804,12.0,549.61,6595.32
913401,7002862,30632,8.0,650.9,5207.2
913402,7010575,30680,4.0,969.03,3876.12
913403,7002432,30611,2.0,697.14,1394.28
913404,7010690,31213,3.0,1172.42,3517.26
913405,7002396,30730,11.0,913.12,10044.32
913406,7010968,30791,9.0,775.33,6977.97
913407,7005089,30850,11.0,872.8,9600.8
913408,7001851,30893,4.0,1187.79,4751.16
913409,7003347,30437,11.0,720.35,7923.85
913410,7004002,30122,4.0,192.66,770.64
913411,7002130,31102,6.0,910.46,5462.76
913412,7005472,30103,9.0,331.32,2981.88
913413,7003155,30975,11.0,327.1,3598.1
913414,7009117,30653,9.0,321.26,2891.34
913415,7012213,30988,6.0,687.17,4123.02
913416,7005767,31294,6.0,1091.87,6551.22
913417,7005885,31264,9.0,1192.4,10731.6
913418,7013907,31237,7.0,1163.01,8141.07
913419,7011649,30326,3.0,95.93,287.79
913420,7005379,30423,12.0,231.18,2774.16
913421,7007013,30275,3.0,563.97,1691.91
913422,7002630,30897,5.0,130.97,654.84
913423,7009762,30983,9.0,1055.41,9498.69
913424,7012423,30343,2.0,969.65,1939.3
913425,7006511,30510,8.0,835.96,6687.68
913426,7006036,31234,10.0,559.52,5595.2
913427,7008991,30500,3.0,854.73,2564.19
913428,7009965,31479,3.0,413.6,1240.8
913429,7012727,30052,7.0,396.71,2776.97
913430,7011892,30434,2.0,507.56,1015.12
913431,7002445,30835,8.0,589.13,4713.04
913432,7000505,31391,10.0,878.5,8785.0
913433,7007552,30140,3.0,547.33,1641.99
913434,7014791,30677,6.0,1056.61,6339.66
913435,7002947,30550,4.0,337.45,1349.8
913436,7013136,30556,11.0,539.35,5932.85
913437,7007169,31437,4.0,408.1,1632.4
913438,7004062,31231,1.0,282.96,282.96
913439,7013377,31344,8.0,524.67,4197.36
913440,7007922,31395,4.0,106.91,427.64
913441,7011230,30306,4.0,228.49,913.96
913442,7013077,30622,11.0,1164.18,12805.98
913443,7011780,30578,3.0,1127.59,3382.77
913444,7014544,31217,1.0,1072.98,1072.98
913445,7006878,30160,9.0,775.56,6980.04
913446,7005981,31246,11.0,713.32,7846.52
913447,7011462,30576,4.0,400.54,1602.16
913448,7012913,30010,3.0,538.8,1616.4
913449,7000660,30813,1.0,668.6,668.6
913450,7006037,30925,10.0,68.35,683.5
913451,7009429,30194,12.0,598.86,7186.32
913452,7005352,30497,10.0,233.03,2330.3
913453,7010968,30589,1.0,1151.93,1151.93
913454,7006145,31313,8.0,1112.29,8898.32
913455,7013662,30810,4.0,569.47,2277.88
913456,7009380,30127,1.0,701.38,701.38
913457,7011877,30284,1.0,736.48,736.48
913458,7003803,30985,9.0,723.06,6507.54
913459,7008914,31026,8.0,315.51,2524.08
913460,7007397,30684,11.0,414.07,4554.77
913461,7006110,31421,4.0,1084.47,4337.88
913462,7008040,30993,3.0,82.88,248.64
913463,7007793,31108,7.0,688.87,4822.09
913464,7009028,31474,10.0,813.14,8131.45
913465,7009794,30384,1.0,1042.83,1042.83
913466,7011223,30353,7.0,14.71,102.97
913467,7005183,30082,3.0,202.02,606.06
913468,7006850,31225,3.0,1096.22,3288.66
913469,7000963,30418,11.0,987.34,10860.74
913470,7005539,30125,9.0,149.76,1347.84
913471,7001504,30847,2.0,117.61,235.22
913472,7000897,30733,10.0,1024.1,10241.0
913473,7005415,30857,9.0,166.01,1494.09
913474,7010804,30304,10.0,792.11,7921.1
913475,7007829,31293,7.0,1035.67,7249.69
913476,7003627,30625,8.0,1093.98,8751.84
913477,7013723,31203,5.0,489.42,2447.1
913478,7010905,30689,7.0,494.76,3463.28
913479,7004061,30664,12.0,347.85,4174.2
913480,7010550,31114,2.0,376.47,752.94
913481,7003864,31318,5.0,112.57,562.85
913482,7011330,30504,11.0,302.65,3329.15
913483,7013855,30101,1.0,523.49,523.49
913484,7013602,31290,3.0,321.95,965.85
913485,7002583,30817,11.0,1156.25,12718.75
913486,7001332,30564,7.0,256.4,1794.8
913487,7001629,30343,12.0,154.63,1855.56
913488,7014169,30913,7.0,165.77,1160.39
913489,7012399,30695,8.0,398.38,3187.04
913490,7013892,31082,6.0,277.9,1667.4
913491,7004931,30744,5.0,126.75,633.75
913492,7014280,31070,6.0,322.38,1934.28
913493,7013899,31136,6.0,243.89,1463.34
913494,7005660,30956,10.0,568.0,5680.0
913495,7010430,30506,3.0,425.8,1277.4
913496,7000431,30134,12.0,436.26,5235.12
913497,7003967,30963,5.0,433.98,2169.9
913498,7003761,31200,2.0,370.07,740.14
913499,7000935,30454,8.0,376.36,3010.88
913500,7008838,30714,11.0,497.28,5470.08
913501,7003486,30539,5.0,1079.85,5399.25
913502,7010463,30214,4.0,642.85,2571.4
913503,7003078,30686,9.0,149.14,1342.24
913504,7012730,30240,2.0,495.92,991.84
913505,7005494,30880,12.0,298.85,3586.2
913506,7013997,30807,6.0,603.18,3619.08
913507,7008877,30765,10.0,592.64,5926.4
913508,7000234,31061,6.0,1101.6,6609.6
913509,7001092,30716,12.0,867.18,10406.16
913510,7010680,30679,3.0,460.35,1381.05
913511,7006542,30891,11.0,514.97,5664.67
913512,7012236,30934,10.0,666.16,6661.6
913513,7004226,30072,9.0,1099.32,9893.88
913514,7002180,30540,7.0,1114.77,7803.39
913515,7004653,31039,8.0,661.49,5291.92
913516,7012722,31021,12.0,120.14,1441.68
913517,7001076,30184,4.0,811.64,3246.56
913518,7001840,30966,10.0,694.66,6946.6
913519,7004140,30308,10.0,697.21,6972.1
913520,7002228,30182,4.0,452.4,1809.6
913521,7004215,31435,2.0,770.71,1541.42
913522,7002573,31491,5.0,892.11,4460.55
913523,7009429,30225,3.0,426.29,1278.87
913524,7013354,30899,6.0,983.19,5899.14
913525,7003130,31291,9.0,457.67,4119.03
913526,7001783,31286,8.0,711.15,5689.2
913527,7005563,30328,11.0,1187.45,13061.95
913528,7004599,31373,9.0,229.0,2061.0
913529,7003526,31064,10.0,115.85,1158.5
913530,7003077,30514,10.0,388.51,3885.1
913531,7011522,30852,9.0,267.36,2406.24
913532,7004085,30799,10.0,511.08,5110.8
913533,7002251,31224,1.0,908.6,908.6
913534,7001635,30124,6.0,175.27,1051.62
913535,7000439,30388,4.0,130.86,523.44
913536,7002049,30173,12.0,275.04,3300.48
913537,7007269,30209,12.0,1158.39,13900.68
913538,7011492,30223,2.0,1146.79,2293.58
913539,7010042,31326,5.0,354.68,1773.4
913540,7014633,30552,12.0,95.24,1142.88
913541,7005885,30938,9.0,145.43,1308.87
913542,7010655,30805,12.0,963.99,11567.88
913543,7005669,30264,5.0,274.13,1370.65
913544,7001834,30989,12.0,373.1,4477.2
913545,7008518,31086,7.0,672.11,4704.77
913546,7003397,30463,8.0,183.96,1471.68
913547,7003914,30705,6.0,478.66,2871.96
913548,7014623,30454,5.0,369.23,1846.15
913549,7012961,30064,3.0,288.37,865.11
913550,7006843,30407,6.0,927.15,5562.9
913551,7000393,31198,3.0,823.25,2469.75
913552,7010479,31137,6.0,166.06,996.36
913553,7000340,30586,8.0,706.04,5648.32
913554,7006257,31003,9.0,889.09,8001.81
913555,7005445,31025,5.0,598.77,2993.85
913556,7013554,31480,12.0,654.34,7852.02
913557,7011971,31433,7.0,550.46,3853.22
913558,7007629,30649,1.0,411.57,411.57
913559,7014466,30110,4.0,1014.53,4058.12
913560,7005707,30749,10.0,730.32,7303.2
913561,7014697,30732,4.0,69.99,279.96
913562,7006229,30203,1.0,574.33,574.33
913563,7012709,30416,4.0,315.76,1263.04
913564,7002040,30705,6.0,710.23,4261.38
913565,7005471,30004,12.0,52.72,632.64
913566,7010643,30857,6.0,662.14,3972.84
913567,7001625,31430,3.0,606.5,1819.5
913568,7005191,30037,4.0,1163.16,4652.64
913569,7008916,30166,5.0,553.59,2767.95
913570,7002976,31465,1.0,660.33,660.33
913571,7001712,31176,9.0,805.17,7246.53
913572,7012513,31008,1.0,670.69,670.69
913573,7009864,31327,12.0,1113.3,13359.6
913574,7014638,30444,11.0,185.51,2040.61
913575,7014109,31490,3.0,99.36,298.08
913576,7000615,31079,1.0,885.99,885.99
913577,7008514,30692,1.0,421.49,421.49
913578,7011045,31402,11.0,726.32,7989.52
913579,7010755,30420,3.0,125.78,377.34
913580,7011284,30849,12.0,544.32,6531.84
913581,7004036,31197,12.0,788.16,9457.92
913582,7004902,31232,2.0,48.05,96.1
913583,7004887,30413,9.0,100.28,902.52
913584,7009674,30183,6.0,794.81,4768.86
913585,7012667,31219,4.0,681.83,2727.32
913586,7004684,30491,1.0,262.67,262.67
913587,7007882,30472,1.0,452.84,452.84
913588,7006933,31068,11.0,1063.54,11698.94
913589,7011221,30496,12.0,1197.15,14365.8
913590,7006017,30731,11.0,529.0,5819.0
913591,7012115,30737,4.0,982.29,3929.16
913592,7013887,30230,10.0,57.17,571.7
913593,7000303,30742,11.0,830.85,9139.35
913594,7012916,30396,9.0,1194.92,10754.28
913595,7003379,30230,10.0,246.34,2463.4
913596,7005997,30028,12.0,875.58,10506.96
913597,7004552,31280,12.0,48.39,580.68
913598,7010825,31477,3.0,777.42,2332.26
913599,7004005,30756,10.0,243.11,2431.1
913600,7006761,31099,4.0,325.24,1300.96
913601,7010884,31060,6.0,884.83,5308.98
913602,7014542,31320,10.0,687.16,6871.6
913603,7000384,31035,1.0,960.16,960.16
913604,7010254,30777,11.0,934.93,10284.23
913605,7005898,31068,9.0,781.7,7035.3
913606,7010376,30387,6.0,733.09,4398.54
913607,7009639,30320,6.0,451.87,2711.22
913608,7005999,30004,3.0,344.17,1032.51
913609,7000838,30193,10.0,873.19,8731.9
913610,7002173,30102,12.0,162.49,1949.88
913611,7013035,30685,8.0,182.5,1460.0
913612,7001737,31107,12.0,821.64,9859.68
913613,7001359,30382,1.0,635.32,635.32
913614,7008850,30633,6.0,931.89,5591.34
913615,7012550,30701,5.0,1082.54,5412.7
913616,7012935,30617,7.0,299.56,2096.92
913617,7014924,31012,2.0,533.81,1067.62
913618,7010012,30081,6.0,250.48,1502.88
913619,7012945,30370,4.0,855.73,3422.92
913620,7002526,30230,1.0,485.71,485.71
913621,7011232,31492,8.0,1112.77,8902.16
913622,7002498,30388,7.0,82.42,576.94
913623,7001194,30883,8.0,1020.84,8166.72
913624,7001128,31418,7.0,534.65,3742.55
913625,7000463,30948,5.0,1092.83,5464.15
913626,7005280,31442,10.0,31.46,314.6
913627,7002962,30898,4.0,825.75,3303.0
913628,7005209,30424,5.0,1074.24,5371.2
913629,7011169,31114,2.0,598.68,1197.36
913630,7008737,31387,4.0,205.47,821.88
913631,7014005,30620,4.0,971.89,3887.56
913632,7004512,31392,3.0,155.19,465.57
913633,7014795,30671,10.0,679.46,6794.6
913634,7003182,30458,8.0,596.99,4775.92
913635,7007852,30943,6.0,168.53,1011.18
913636,7001836,31242,2.0,1129.08,2258.16
913637,7000364,30740,8.0,180.67,1445.36
913638,7007032,30405,7.0,553.71,3875.97
913639,7013930,31150,7.0,877.72,6144.04
913640,7013678,30165,10.0,662.8,6628.0
913641,7001849,30806,8.0,810.64,6485.12
913642,7005544,30216,10.0,240.96,2409.6
913643,7000660,30576,7.0,1109.64,7767.48
913644,7008130,30064,2.0,129.14,258.28
913645,7010054,30268,10.0,144.2,1442.0
913646,7012419,30805,4.0,331.37,1325.48
913647,7007044,30001,11.0,259.38,2853.18
913648,7009940,30700,11.0,34.93,384.23
913649,7007732,30116,4.0,842.42,3369.68
913650,7014274,30616,5.0,300.46,1502.3
913651,7002156,30509,12.0,761.3,9135.6
913652,7010463,30828,7.0,53.84,376.88
913653,7014918,30063,6.0,117.92,707.52
913654,7004507,31264,9.0,637.63,5738.67
913655,7004919,31396,12.0,735.67,8828.04
913656,7006839,30644,9.0,491.85,4426.65
913657,7002983,31121,2.0,189.72,379.44
913658,7006792,31275,8.0,401.53,3212.24
913659,7004671,30371,7.0,602.58,4218.03
913660,7010507,30942,5.0,1199.33,5996.65
913661,7000856,30897,7.0,575.84,4030.88
913662,7013888,30524,2.0,122.43,244.86
913663,7006531,31124,10.0,903.95,9039.5
913664,7010618,31098,11.0,828.15,9109.65
913665,7000554,31047,11.0,255.76,2813.36
913666,7010129,31264,4.0,995.75,3983.0
913667,7000056,30326,5.0,595.43,2977.15
913668,7007680,31374,7.0,1178.78,8251.46
913669,7000356,30018,4.0,789.62,3158.48
913670,7013900,31388,2.0,524.65,1049.3
913671,7007111,31222,11.0,519.44,5713.84
913672,7006183,30292,1.0,201.6,201.6
913673,7014002,31113,7.0,361.78,2532.46
913674,7012429,30382,9.0,164.6,1481.4
913675,7012923,30018,3.0,373.61,1120.83
913676,7014682,31085,10.0,128.73,1287.31
913677,7007955,30710,5.0,1162.7,5813.5
913678,7008756,31005,9.0,42.65,383.84
913679,7007339,31417,3.0,1031.32,3093.96
913680,7002863,30506,3.0,476.56,1429.68
913681,7003683,30674,3.0,221.51,664.53
913682,7011606,30034,1.0,209.06,209.06
913683,7003675,30195,7.0,705.57,4938.99
913684,7009429,30936,5.0,944.28,4721.4
913685,7005244,30162,4.0,868.67,3474.68
913686,7009682,31164,12.0,371.48,4457.76
913687,7007897,31287,8.0,278.72,2229.76
913688,7013284,31489,2.0,220.81,441.62
913689,7001578,30017,8.0,623.68,4989.44
913690,7007294,30108,5.0,717.56,3587.8
913691,7006575,30743,12.0,986.05,11832.6
913692,7005575,30152,4.0,73.8,295.2
913693,7014979,30147,12.0,330.49,3965.88
913694,7001345,31290,1.0,677.21,677.21
913695,7008009,30541,9.0,127.05,1143.45
913696,7006613,31335,10.0,300.19,3001.9
913697,7004710,30830,1.0,176.61,176.61
913698,7012590,31426,4.0,567.52,2270.08
913699,7003035,30693,2.0,185.99,371.98
913700,7012429,31059,11.0,639.99,7039.89
913701,7010674,30293,10.0,934.64,9346.4
913702,7002627,30267,1.0,139.36,139.36
913703,7008140,30336,6.0,1179.74,7078.44
913704,7001563,31352,8.0,427.45,3419.6
913705,7011500,30022,11.0,87.38,961.18
913706,7011857,30493,3.0,252.84,758.52
913707,7008301,30198,8.0,817.74,6541.92
913708,7005151,31172,11.0,1040.19,11442.09
913709,7013885,30592,2.0,940.33,1880.66
913710,7011273,31248,9.0,674.41,6069.69
913711,7011064,31029,10.0,248.42,2484.21
913712,7013110,30567,5.0,793.03,3965.15
913713,7010539,30430,8.0,204.71,1637.68
913714,7004678,30679,7.0,445.38,3117.66
913715,7002728,30489,4.0,644.16,2576.64
913716,7003827,30279,12.0,934.7,11216.4
913717,7006030,30205,11.0,737.49,8112.39
913718,7010317,30456,12.0,1087.19,13046.28
913719,7014916,30684,1.0,312.98,312.98
913720,7003705,30318,7.0,245.44,1718.08
913721,7001708,31171,9.0,277.57,2498.13
913722,7002182,30338,3.0,956.5,2869.5
913723,7000577,30043,11.0,31.16,342.76
913724,7008702,30737,3.0,813.17,2439.51
913725,7007360,31444,4.0,810.98,3243.92
913726,7002773,30598,8.0,745.49,5963.92
913727,7004940,30282,12.0,634.68,7616.16
913728,7007916,31275,10.0,1024.0,10240.0
913729,7012791,30887,6.0,1105.14,6630.84
913730,7001604,31392,10.0,109.65,1096.5
913731,7013188,31028,12.0,318.8,3825.6
913732,7007673,30491,5.0,119.79,598.95
913733,7014747,30995,3.0,499.24,1497.72
913734,7007935,31232,8.0,1007.66,8061.28
913735,7003892,30430,9.0,1123.06,10107.54
913736,7008701,30079,10.0,588.16,5881.6
913737,7008342,31044,3.0,547.09,1641.27
913738,7004665,31045,9.0,516.41,4647.69
913739,7010746,30958,1.0,429.3,429.3
913740,7005595,30290,6.0,137.34,824.04
913741,7012373,30686,10.0,178.0,1780.0
913742,7012054,30330,9.0,440.91,3968.19
913743,7005491,31223,10.0,843.95,8439.5
913744,7003007,30625,3.0,906.47,2719.41
913745,7004127,31004,4.0,345.44,1381.76
913746,7011777,31330,10.0,245.61,2456.1
913747,7014509,30052,1.0,269.71,269.71
913748,7014818,30350,12.0,584.38,7012.56
913749,7008610,31449,12.0,936.0,11232.0
913750,7011199,30081,4.0,242.34,969.36
913751,7002011,31135,9.0,494.71,4452.39
913752,7008969,30039,1.0,240.97,240.97
913753,7012465,30205,6.0,855.55,5133.3
913754,7009411,30640,2.0,402.17,804.34
913755,7007146,31087,10.0,1000.08,10000.8
913756,7000080,31207,12.0,556.16,6673.92
913757,7011177,31270,5.0,72.56,362.8
913758,7002389,30539,4.0,83.0,332.0
913759,7003306,31466,7.0,736.83,5157.81
913760,7005716,30993,12.0,807.08,9684.96
913761,7010660,30980,10.0,1040.0,10400.0
913762,7003120,30664,5.0,464.97,2324.85
913763,7010669,31089,5.0,272.36,1361.8
913764,7007097,31024,2.0,104.18,208.36
913765,7005417,30553,4.0,23.37,93.48
913766,7000316,30326,7.0,333.45,2334.15
913767,7000954,30482,12.0,987.61,11851.32
913768,7007305,30282,5.0,61.78,308.9
913769,7005337,30846,7.0,457.15,3200.05
913770,7001155,30465,7.0,319.87,2239.09
913771,7010521,30240,7.0,827.54,5792.78
913772,7002287,30398,8.0,937.46,7499.68
913773,7007726,30026,8.0,1152.63,9221.04
913774,7013093,31016,6.0,1044.96,6269.76
913775,7013860,30606,8.0,71.93,575.44
913776,7011794,30664,3.0,312.15,936.45
913777,7000008,30726,3.0,812.34,2437.02
913778,7008712,30422,4.0,771.74,3086.96
913779,7002167,30696,12.0,710.26,8523.12
913780,7010291,30847,3.0,730.9,2192.7
913781,7006170,31177,6.0,297.5,1785.0
913782,7003614,30392,6.0,185.22,1111.35
913783,7001679,30759,9.0,858.63,7727.67
913784,7003943,30584,10.0,479.16,4791.6
913785,7000097,31284,5.0,494.49,2472.45
913786,7004007,30763,8.0,1179.8,9438.4
913787,7000066,30083,6.0,807.95,4847.7
913788,7009648,30234,9.0,174.09,1566.81
913789,7014168,30959,9.0,399.73,3597.57
913790,7003135,30380,10.0,1138.45,11384.5
913791,7001234,31352,4.0,710.59,2842.36
913792,7006730,31448,5.0,1080.4,5402.0
913793,7014017,30392,12.0,755.32,9063.84
913794,7012811,30829,2.0,676.07,1352.14
913795,7005287,30437,1.0,833.78,833.78
913796,7010333,30439,8.0,853.58,6828.64
913797,7009434,31373,3.0,584.32,1752.96
913798,7011701,31239,3.0,412.31,1236.93
913799,7010324,30127,10.0,1186.3,11863.0
913800,7002268,30627,10.0,719.26,7192.6
913801,7011298,30865,11.0,58.03,638.33
913802,7009927,30858,10.0,32.98,329.8
913803,7006533,30373,2.0,713.23,1426.46
913804,7009754,30557,10.0,897.45,8974.5
913805,7013896,31371,8.0,243.1,1944.8
913806,7014740,30118,10.0,540.34,5403.4
913807,7014078,30175,5.0,303.22,1516.1
913808,7014003,31162,10.0,353.09,3530.9
913809,7008530,30855,4.0,44.93,179.72
913810,7005169,30223,7.0,553.77,3876.39
913811,7001598,30192,11.0,1176.35,12939.85
913812,7004070,30906,7.0,718.66,5030.62
913813,7004889,30801,8.0,78.1,624.8
913814,7006699,31106,11.0,221.03,2431.33
913815,7001195,31361,3.0,174.41,523.23
913816,7010018,31347,7.0,905.91,6341.37
913817,7008811,30887,10.0,607.46,6074.6
913818,7010406,30262,4.0,1078.75,4315.0
913819,7011891,31152,3.0,451.7,1355.1
913820,7010007,30666,2.0,1109.91,2219.82
913821,7011518,30219,2.0,1116.29,2232.58
913822,7009114,30796,11.0,936.83,10305.13
913823,7007269,31441,8.0,1151.28,9210.24
913824,7001580,30034,11.0,823.62,9059.82
913825,7008253,30835,6.0,329.18,1975.08
913826,7008996,30727,6.0,42.22,253.32
913827,7007345,30643,11.0,503.16,5534.76
913828,7005547,30483,3.0,639.02,1917.06
913829,7012730,30393,11.0,98.9,1087.9
913830,7012342,30545,12.0,764.37,9172.44
913831,7011685,31014,1.0,308.82,308.82
913832,7014934,31243,7.0,741.59,5191.13
913833,7009117,30287,8.0,960.22,7681.76
913834,7007706,30314,8.0,311.15,2489.2
913835,7012688,31136,5.0,700.0,3500.0
913836,7009639,31472,11.0,346.94,3816.34
913837,7004980,31308,2.0,977.11,1954.22
913838,7004293,30226,8.0,305.91,2447.28
913839,7005026,30605,8.0,781.35,6250.8
913840,7012031,31425,4.0,530.94,2123.76
913841,7014025,31388,1.0,421.55,421.55
913842,7009746,31213,11.0,726.85,7995.35
913843,7010374,30944,8.0,268.67,2149.36
913844,7009472,30348,4.0,218.31,873.24
913845,7000076,31257,10.0,1153.96,11539.6
913846,7000746,30657,12.0,707.06,8484.72
913847,7005341,30768,1.0,820.24,820.24
913848,7005911,31134,3.0,731.44,2194.32
913849,7000261,31204,8.0,51.33,410.64
913850,7001355,31106,5.0,466.61,2333.05
913851,7004700,30324,8.0,941.6,7532.8
913852,7013109,30312,11.0,727.73,8005.03
913853,7007556,30356,8.0,558.88,4471.04
913854,7012101,30357,12.0,383.47,4601.64
913855,7001848,30796,11.0,498.69,5485.59
913856,7005304,31019,8.0,706.14,5649.12
913857,7009053,31054,2.0,334.53,669.06
913858,7000272,31119,11.0,346.05,3806.55
913859,7009175,31321,8.0,597.64,4781.12
913860,7014615,30833,6.0,3.75,22.51
913861,7011528,30268,6.0,480.94,2885.64
913862,7008325,31320,4.0,1105.54,4422.16
913863,7003383,30087,3.0,718.98,2156.94
913864,7009493,31377,7.0,1126.33,7884.31
913865,7013191,31409,8.0,853.55,6828.4
913866,7010370,30951,3.0,179.14,537.42
913867,7013399,30489,6.0,718.22,4309.32
913868,7014013,30001,6.0,615.58,3693.48
913869,7004992,30908,7.0,958.26,6707.82
913870,7005972,30880,4.0,458.51,1834.04
913871,7007396,31269,9.0,192.24,1730.17
913872,7007165,31206,2.0,650.33,1300.66
913873,7004289,30329,5.0,438.95,2194.75
913874,7003618,31177,10.0,100.73,1007.3
913875,7002388,30242,11.0,109.64,1206.04
913876,7013108,30930,10.0,525.76,5257.6
913877,7002603,31458,3.0,564.7,1694.1
913878,7003153,31318,4.0,730.34,2921.36
913879,7005883,31032,8.0,69.86,558.88
913880,7003682,30669,9.0,349.45,3145.05
913881,7013518,30532,9.0,742.05,6678.45
913882,7011879,30528,1.0,217.27,217.27
913883,7008420,31111,12.0,985.97,11831.64
913884,7005493,31433,7.0,471.24,3298.68
913885,7006378,31121,1.0,574.57,574.57
913886,7001526,31050,11.0,527.85,5806.35
913887,7003602,30771,4.0,815.86,3263.44
913888,7014364,30950,1.0,199.69,199.69
913889,7014278,30713,4.0,642.55,2570.2
913890,7009238,30624,2.0,1110.76,2221.52
913891,7012834,30907,10.0,918.16,9181.6
913892,7010454,30119,6.0,588.58,3531.45
913893,7008306,30214,9.0,908.32,8174.88
913894,7005080,30846,6.0,711.95,4271.7
913895,7010862,31132,11.0,184.64,2031.04
913896,7012219,31182,9.0,686.95,6182.55
913897,7004786,31417,8.0,25.59,204.72
913898,7004990,30714,8.0,747.78,5982.24
913899,7008184,30596,7.0,377.36,2641.52
913900,7006246,31286,11.0,1035.68,11392.48
913901,7005118,31027,7.0,277.36,1941.52
913902,7001856,31200,4.0,247.06,988.24
913903,7005596,31268,2.0,1171.2,2342.4
913904,7006581,30366,8.0,466.97,3735.76
913905,7007019,30650,3.0,126.58,379.74
913906,7010601,30620,3.0,1115.22,3345.66
913907,7009002,30371,4.0,802.41,3209.64
913908,7013547,31166,11.0,576.68,6343.48
913909,7002862,31489,2.0,1000.66,2001.32
913910,7008750,30952,9.0,167.59,1508.31
913911,7013212,30941,7.0,965.46,6758.22
913912,7008578,30859,12.0,1168.8,14025.6
913913,7000997,30741,2.0,401.35,802.7
913914,7002809,31129,8.0,35.98,287.84
913915,7007033,30233,2.0,641.78,1283.56
913916,7008992,31001,2.0,653.09,1306.18
913917,7010958,30411,2.0,385.18,770.36
913918,7011285,31248,1.0,1168.74,1168.74
913919,7014280,30627,3.0,199.83,599.49
913920,7011486,31044,9.0,825.67,7431.03
913921,7002486,30401,6.0,515.54,3093.24
913922,7014541,31491,8.0,393.3,3146.4
913923,7003516,30733,7.0,755.8,5290.6
913924,7010340,31378,11.0,33.35,366.85
913925,7007475,31106,12.0,531.29,6375.48
913926,7009770,31307,5.0,376.74,1883.7
913927,7012628,30533,9.0,629.11,5661.99
913928,7014147,31474,1.0,606.07,606.07
913929,7006493,31269,4.0,17.21,68.84
913930,7013256,30701,9.0,683.94,6155.46
913931,7000404,30471,10.0,970.34,9703.4
913932,7013339,30763,2.0,777.24,1554.48
913933,7004226,30113,5.0,955.96,4779.8
913934,7002491,31206,10.0,45.08,450.8
913935,7014942,30424,9.0,999.47,8995.23
913936,7003336,30034,2.0,1137.01,2274.02
913937,7012790,31240,3.0,112.73,338.19
913938,7009865,30556,2.0,361.22,722.44
913939,7011505,31464,9.0,277.55,2497.95
913940,7012559,30347,5.0,1189.58,5947.9
913941,7000339,30216,3.0,932.44,2797.32
913942,7001522,30526,1.0,282.62,282.62
913943,7001273,31308,7.0,722.51,5057.57
913944,7006000,31372,12.0,883.57,10602.84
913945,7005503,30966,5.0,500.05,2500.25
913946,7004329,30413,5.0,189.94,949.7
913947,7014148,30820,5.0,354.82,1774.1
913948,7006363,31039,7.0,1172.12,8204.84
913949,7002411,30138,11.0,1054.14,11595.54
913950,7012430,31374,10.0,535.1,5351.0
913951,7002254,30420,7.0,544.77,3813.39
913952,7008351,30581,9.0,66.45,598.05
913953,7014395,30331,12.0,500.12,6001.44
913954,7004630,30732,2.0,1197.13,2394.26
913955,7002217,30514,10.0,933.12,9331.2
913956,7009445,30630,2.0,1182.85,2365.7
913957,7008551,30793,4.0,936.41,3745.64
913958,7008757,30266,12.0,781.3,9375.6
913959,7011262,30286,8.0,472.55,3780.4
913960,7010909,30608,5.0,278.74,1393.7
913961,7007075,30162,6.0,1027.24,6163.44
913962,7002779,30321,8.0,913.74,7309.92
913963,7011278,30485,9.0,140.16,1261.44
913964,7002034,31035,3.0,953.48,2860.44
913965,7001697,31426,8.0,874.52,6996.16
913966,7014715,31063,1.0,963.68,963.68
913967,7006310,30816,4.0,503.93,2015.72
913968,7008686,31348,10.0,351.6,3516.0
913969,7010169,31029,9.0,1069.51,9625.59
913970,7004116,30322,5.0,796.92,3984.6
913971,7012589,30032,10.0,787.18,7871.8
913972,7014013,31153,11.0,544.88,5993.68
913973,7007815,30069,8.0,263.56,2108.48
913974,7009725,30394,4.0,938.31,3753.24
913975,7009557,30357,12.0,1122.75,13473.0
913976,7008721,30591,10.0,771.0,7710.0
913977,7004781,30918,6.0,1108.62,6651.72
913978,7008731,30987,2.0,1075.16,2150.32
913979,7008021,31269,10.0,629.2,6292.0
913980,7009833,30022,2.0,998.4,1996.8
913981,7012013,30379,2.0,1160.23,2320.46
913982,7012895,30213,11.0,143.68,1580.48
913983,7012698,30948,12.0,397.83,4773.96
913984,7003817,30570,8.0,401.92,3215.36
913985,7011772,30212,7.0,625.91,4381.37
913986,7004697,30558,4.0,857.21,3428.84
913987,7012122,30961,12.0,867.24,10406.88
913988,7003140,31251,11.0,28.5,313.5
913989,7013787,30376,2.0,817.84,1635.68
913990,7001482,30053,4.0,633.41,2533.64
913991,7006790,30413,6.0,19.81,118.86
913992,7000382,30788,8.0,501.47,4011.76
913993,7013874,31030,12.0,411.96,4943.52
913994,7002478,31117,1.0,67.02,67.02
913995,7006960,30372,6.0,883.86,5303.16
913996,7003085,30483,9.0,998.12,8983.08
913997,7009881,30696,9.0,554.85,4993.65
913998,7013128,30811,5.0,980.78,4903.9
913999,7014013,30713,9.0,228.42,2055.78
914000,7000398,30697,8.0,792.93,6343.44
914001,7003402,30195,2.0,711.89,1423.78
914002,7005073,30174,10.0,754.76,7547.6
914003,7005055,31245,5.0,405.48,2027.4
914004,7001728,30636,1.0,362.5,362.5
914005,7004388,31167,11.0,23.91,263.01
914006,7006980,31165,12.0,39.04,468.48
914007,7007938,30316,2.0,829.12,1658.24
914008,7009365,31152,8.0,1147.55,9180.4
914009,7008945,30587,6.0,711.35,4268.1
914010,7007514,30729,12.0,168.06,2016.72
914011,7007489,31496,12.0,562.46,6749.52
914012,7006077,31430,8.0,769.24,6153.92
914013,7012716,30387,7.0,427.36,2991.52
914014,7000229,31164,1.0,611.26,611.26
914015,7002665,31144,10.0,794.35,7943.5
914016,7005488,30335,8.0,512.95,4103.6
914017,7000878,30807,2.0,813.35,1626.7
914018,7010053,31429,1.0,386.54,386.54
914019,7004622,31370,3.0,578.52,1735.56
914020,7010327,30032,7.0,295.16,2066.12
914021,7014707,30979,11.0,38.16,419.76
914022,7005185,30699,6.0,1121.83,6730.98
914023,7003312,31199,1.0,1070.26,1070.26
914024,7010822,31499,9.0,792.13,7129.17
914025,7009411,30471,11.0,250.63,2756.93
914026,7007746,30939,5.0,862.54,4312.7
914027,7014283,31266,10.0,85.9,859.0
914028,7007374,31499,8.0,1168.45,9347.6
914029,7009881,31068,12.0,931.6,11179.2
914030,7007948,31307,3.0,653.52,1960.56
914031,7000257,31058,10.0,491.74,4917.4
914032,7010844,30016,2.0,688.87,1377.74
914033,7000919,30100,5.0,517.86,2589.3
914034,7009965,31100,1.0,789.06,789.06
914035,7006475,31106,10.0,1101.04,11010.4
914036,7014538,31312,11.0,794.61,8740.71
914037,7004349,31328,11.0,569.69,6266.59
914038,7001669,30230,4.0,131.61,526.44
914039,7001449,31265,12.0,402.82,4833.84
914040,7011488,30301,8.0,773.24,6185.92
914041,7013011,31458,10.0,338.48,3384.8
914042,7002819,30072,9.0,877.31,7895.79
914043,7012873,30467,9.0,232.56,2093.04
914044,7009089,30635,12.0,479.24,5750.88
914045,7009089,30651,11.0,49.81,547.91
914046,7003369,30286,6.0,198.52,1191.12
914047,7010707,30502,10.0,254.33,2543.3
914048,7013262,31054,1.0,513.1,513.1
914049,7007645,30692,7.0,29.55,206.85
914050,7000748,30476,8.0,117.71,941.68
914051,7013868,31217,6.0,227.58,1365.48
914052,7009888,30025,11.0,969.84,10668.24
914053,7009008,30258,2.0,774.85,1549.7
914054,7002045,31062,7.0,872.01,6104.07
914055,7010317,30584,1.0,516.76,516.76
914056,7009296,30024,3.0,347.29,1041.87
914057,7002183,31180,4.0,598.13,2392.52
914058,7011961,30546,7.0,1153.3,8073.1
914059,7005034,31302,1.0,520.46,520.46
914060,7011234,31192,11.0,425.9,4684.9
914061,7004198,30508,1.0,947.36,947.36
914062,7000236,30961,8.0,312.16,2497.28
914063,7001287,30491,8.0,902.23,7217.84
914064,7008450,30235,12.0,419.83,5037.96
914065,7005996,30522,11.0,1143.86,12582.46
914066,7001155,30176,6.0,625.96,3755.76
914067,7006897,30979,12.0,63.47,761.64
914068,7002465,31356,4.0,401.12,1604.48
914069,7006331,31093,6.0,288.06,1728.36
914070,7006189,31032,1.0,1118.56,1118.56
914071,7008844,30333,8.0,960.5,7684.0
914072,7013103,30870,3.0,1160.36,3481.08
914073,7001723,30885,8.0,1033.17,8265.36
914074,7007171,30378,4.0,574.15,2296.6
914075,7008153,30449,8.0,232.48,1859.84
914076,7001357,30591,12.0,834.21,10010.52
914077,7009598,30122,7.0,63.81,446.67
914078,7007716,31206,6.0,248.73,1492.38
914079,7000247,31256,8.0,158.25,1266.0
914080,7000546,30024,11.0,234.13,2575.43
914081,7011354,31304,3.0,1095.49,3286.47
914082,7008507,30774,10.0,587.77,5877.7
914083,7004560,30184,8.0,840.92,6727.36
914084,7009912,30075,4.0,174.22,696.88
914085,7005187,30300,8.0,438.87,3510.96
914086,7005717,31399,1.0,633.96,633.96
914087,7000900,30765,2.0,255.13,510.26
914088,7006435,30066,6.0,165.22,991.32
914089,7010223,30917,1.0,208.86,208.86
914090,7007886,31108,7.0,174.46,1221.22
914091,7002949,30694,4.0,1095.01,4380.04
914092,7002191,31385,1.0,1147.15,1147.15
914093,7007487,30001,4.0,50.0,200.0
914094,7008755,31058,1.0,1085.24,1085.24
914095,7009617,30396,11.0,810.11,8911.21
914096,7001075,30265,5.0,677.34,3386.7
914097,7010837,31186,11.0,283.11,3114.21
914098,7009702,30065,8.0,409.1,3272.84
914099,7013686,30010,4.0,839.06,3356.24
914100,7013098,31460,1.0,754.67,754.67
914101,7008812,30560,11.0,295.26,3247.86
914102,7003149,30910,5.0,1186.91,5934.55
914103,7008588,31438,9.0,623.97,5615.73
914104,7012077,30576,9.0,889.34,8004.06
914105,7002146,30056,11.0,835.4,9189.4
914106,7014498,30928,11.0,879.48,9674.28
914107,7009186,30826,8.0,847.93,6783.44
914108,7006912,31087,7.0,1193.08,8351.56
914109,7008435,31218,12.0,523.92,6287.04
914110,7004099,30065,9.0,1114.13,10027.17
914111,7012003,31143,3.0,427.68,1283.04
914112,7008049,30038,9.0,1131.53,10183.77
914113,7001986,31365,12.0,427.62,5131.44
914114,7014884,30199,12.0,1010.04,12120.48
914115,7007502,30918,2.0,693.82,1387.64
914116,7007599,30207,9.0,1199.7,10797.3
914117,7002566,30607,1.0,826.3,826.3
914118,7001204,31492,5.0,1008.72,5043.6
914119,7000171,30082,6.0,702.92,4217.52
914120,7014353,30145,7.0,703.79,4926.53
914121,7006924,30970,5.0,740.76,3703.8
914122,7006962,31230,6.0,215.24,1291.44
914123,7012734,31052,2.0,679.45,1358.9
914124,7005589,30925,10.0,217.45,2174.5
914125,7002263,31242,9.0,108.15,973.35
914126,7005523,30663,4.0,834.92,3339.68
914127,7001475,31226,4.0,1043.26,4173.04
914128,7012926,30137,9.0,1067.37,9606.33
914129,7011843,30481,9.0,153.43,1380.87
914130,7007288,30259,3.0,1034.44,3103.32
914131,7012704,31245,10.0,799.06,7990.6
914132,7003203,31158,7.0,258.3,1808.1
914133,7012778,31458,12.0,1056.35,12676.2
914134,7014032,30185,5.0,476.46,2382.3
914135,7001227,31212,3.0,1162.82,3488.46
914136,7006934,30619,12.0,589.46,7073.52
914137,7000010,31215,1.0,316.06,316.06
914138,7003384,31350,6.0,712.52,4275.12
914139,7001290,31061,7.0,439.53,3076.71
914140,7007727,30161,5.0,715.13,3575.65
914141,7014025,30861,9.0,968.52,8716.68
914142,7002241,30286,8.0,394.63,3157.04
914143,7007223,30136,3.0,948.83,2846.49
914144,7002846,31053,1.0,203.54,203.54
914145,7004707,30914,3.0,697.43,2092.29
914146,7012005,30947,1.0,992.87,992.87
914147,7001238,30295,1.0,233.29,233.29
914148,7008487,31136,7.0,336.45,2355.15
914149,7008735,31297,1.0,1042.37,1042.37
914150,7005037,30662,4.0,948.92,3795.68
914151,7012686,31002,9.0,558.2,5023.84
914152,7009568,30165,10.0,588.1,5881.0
914153,7009669,30689,12.0,640.0,7680.0
914154,7012010,30865,5.0,408.1,2040.5
914155,7006218,30249,11.0,202.45,2226.95
914156,7006019,30959,9.0,138.17,1243.53
914157,7011666,30782,4.0,973.14,3892.56
914158,7001590,30068,7.0,1062.46,7437.22
914159,7005117,31086,1.0,987.25,987.25
914160,7009499,31215,8.0,275.95,2207.6
914161,7009355,31154,7.0,26.77,187.39
914162,7005026,31349,2.0,211.71,423.42
914163,7008032,30857,12.0,265.85,3190.2
914164,7012817,30948,6.0,389.41,2336.46
914165,7007165,31307,6.0,319.77,1918.62
914166,7000544,30770,5.0,198.02,990.1
914167,7005685,30193,11.0,891.89,9810.79
914168,7002635,30704,12.0,275.06,3300.72
914169,7010354,30545,8.0,502.54,4020.32
914170,7002851,30810,1.0,717.22,717.22
914171,7012980,30195,6.0,969.54,5817.24
914172,7004359,30196,2.0,721.59,1443.18
914173,7005886,31214,11.0,613.97,6753.67
914174,7003718,30539,8.0,1152.69,9221.52
914175,7010287,31010,6.0,661.47,3968.82
914176,7012985,30355,8.0,615.15,4921.2
914177,7001737,30311,2.0,561.57,1123.14
914178,7007825,31066,10.0,947.65,9476.5
914179,7014520,30087,11.0,1131.61,12447.71
914180,7013888,30272,7.0,272.93,1910.51
914181,7014595,30342,5.0,1002.7,5013.5
914182,7013675,30496,4.0,132.32,529.28
914183,7008438,30465,4.0,1015.87,4063.48
914184,7003862,30165,8.0,538.11,4304.88
914185,7010785,30430,3.0,136.76,410.28
914186,7001014,30167,7.0,314.94,2204.58
914187,7007044,31129,1.0,502.71,502.71
914188,7001630,31311,2.0,276.65,553.3
914189,7010800,31140,9.0,620.01,5580.09
914190,7007313,30449,6.0,85.08,510.48
914191,7003121,30004,5.0,154.47,772.35
914192,7013785,31136,9.0,584.21,5257.89
914193,7014409,31489,10.0,598.95,5989.5
914194,7000803,30397,6.0,170.44,1022.64
914195,7012996,30027,8.0,346.15,2769.2
914196,7007487,30307,4.0,722.6,2890.4
914197,7014571,30370,10.0,392.53,3925.3
914198,7000321,31386,6.0,528.99,3173.94
914199,7004856,30414,2.0,1145.8,2291.6
914200,7011933,30780,12.0,360.18,4322.16
914201,7007650,31216,6.0,1020.16,6120.96
914202,7010081,31124,5.0,568.45,2842.25
914203,7004829,31420,10.0,808.69,8086.9
914204,7004583,30105,1.0,187.79,187.79
914205,7007406,30806,6.0,185.54,1113.24
914206,7000889,31401,9.0,175.59,1580.31
914207,7005155,31082,7.0,260.42,1822.94
914208,7010700,30225,3.0,597.36,1792.08
914209,7004344,31248,2.0,579.5,1159.0
914210,7011032,31015,7.0,643.01,4501.07
914211,7008405,30812,3.0,321.28,963.84
914212,7013253,30975,6.0,252.9,1517.42
914213,7001695,30838,2.0,557.41,1114.82
914214,7008728,31037,12.0,350.89,4210.68
914215,7003902,30205,2.0,1199.33,2398.66
914216,7008892,30395,11.0,207.36,2281.0
914217,7013474,30657,6.0,106.74,640.44
914218,7006762,31003,11.0,188.89,2077.79
914219,7009506,30669,6.0,81.03,486.18
914220,7007338,30418,1.0,273.33,273.33
914221,7008394,30735,10.0,628.92,6289.2
914222,7000481,30496,8.0,566.98,4535.84
914223,7001922,30827,9.0,561.43,5052.87
914224,7005478,30667,12.0,257.39,3088.68
914225,7008446,30822,4.0,28.52,114.08
914226,7006740,30486,10.0,414.03,4140.3
914227,7008110,30675,5.0,677.16,3385.8
914228,7003935,30398,1.0,1024.03,1024.03
914229,7005002,31435,1.0,543.81,543.81
914230,7000482,30011,11.0,615.85,6774.35
914231,7006241,30875,8.0,1025.96,8207.68
914232,7013550,30628,4.0,884.72,3538.88
914233,7008213,30594,3.0,65.06,195.18
914234,7014287,30938,1.0,931.67,931.67
914235,7009878,31157,2.0,924.69,1849.38
914236,7004174,31304,9.0,500.06,4500.54
914237,7010221,31295,4.0,361.51,1446.04
914238,7006227,30015,9.0,786.9,7082.1
914239,7000319,31147,6.0,1125.23,6751.38
914240,7010925,30144,3.0,754.29,2262.87
914241,7007567,30649,8.0,329.71,2637.68
914242,7003530,30308,12.0,1090.36,13084.32
914243,7004632,30422,7.0,396.02,2772.14
914244,7004191,31376,1.0,1018.98,1018.98
914245,7005833,30163,3.0,663.22,1989.66
914246,7001996,30538,3.0,294.29,882.87
914247,7003165,30267,10.0,114.5,1144.99
914248,7005084,30430,9.0,411.19,3700.71
914249,7014437,30461,1.0,939.5,939.5
914250,7005800,30120,1.0,878.98,878.98
914251,7014932,30779,4.0,1031.28,4125.12
914252,7007370,30908,4.0,244.05,976.2
914253,7005051,31128,6.0,133.57,801.42
914254,7011818,31056,12.0,622.25,7467.0
914255,7011610,30416,9.0,814.24,7328.16
914256,7012627,31249,5.0,595.4,2977.0
914257,7014524,31169,8.0,64.27,514.16
914258,7006622,30555,8.0,1028.21,8225.68
914259,7001274,30145,4.0,1063.47,4253.88
914260,7003240,30736,7.0,958.51,6709.57
914261,7013382,30624,6.0,300.04,1800.24
914262,7010846,30749,10.0,1079.28,10792.8
914263,7014462,30831,11.0,1057.31,11630.41
914264,7013392,30894,8.0,391.49,3131.92
914265,7006200,31211,7.0,1071.43,7500.01
914266,7006159,30579,3.0,502.23,1506.69
914267,7013930,31315,8.0,1083.55,8668.4
914268,7005034,30366,1.0,1108.92,1108.92
914269,7001257,30324,3.0,269.76,809.28
914270,7005277,31255,5.0,228.02,1140.1
914271,7003700,30044,3.0,509.51,1528.53
914272,7012330,31492,10.0,903.39,9033.9
914273,7000432,30967,12.0,787.35,9448.2
914274,7000094,31134,12.0,580.79,6969.48
914275,7007940,31167,8.0,952.0,7616.0
914276,7014305,30530,12.0,1088.9,13066.8
914277,7014832,30277,8.0,386.74,3093.92
914278,7012467,30580,8.0,778.52,6228.16
914279,7012339,30108,4.0,884.62,3538.48
914280,7012986,30552,10.0,652.38,6523.8
914281,7004944,30897,9.0,92.06,828.54
914282,7013304,31183,4.0,68.33,273.32
914283,7007493,31163,10.0,411.91,4119.1
914284,7000723,31249,2.0,626.76,1253.52
914285,7012678,30412,2.0,101.24,202.48
914286,7013060,31492,2.0,310.24,620.48
914287,7008302,31223,3.0,133.88,401.64
914288,7007238,31161,8.0,1007.34,8058.72
914289,7007491,31410,9.0,37.57,338.13
914290,7013852,30181,11.0,1023.06,11253.66
914291,7004625,30793,1.0,514.34,514.34
914292,7000312,30716,11.0,535.93,5895.23
914293,7000115,30091,7.0,103.63,725.41
914294,7012676,30444,4.0,922.09,3688.36
914295,7003925,30954,7.0,940.53,6583.71
914296,7001085,30398,6.0,501.36,3008.16
914297,7007701,30385,3.0,424.9,1274.7
914298,7008978,31107,9.0,1109.8,9988.2
914299,7005226,30613,11.0,509.64,5606.04
914300,7012412,31403,6.0,945.84,5675.04
914301,7013481,30827,6.0,35.78,214.68
914302,7002242,30117,9.0,977.92,8801.28
914303,7011345,31121,11.0,54.79,602.69
914304,7014103,30799,2.0,727.48,1454.96
914305,7008909,31177,6.0,940.89,5645.34
914306,7008062,30777,7.0,20.19,141.33
914307,7007813,30553,10.0,899.02,8990.2
914308,7009182,30242,6.0,135.63,813.78
914309,7006037,30794,12.0,315.54,3786.48
914310,7000616,30358,4.0,244.03,976.12
914311,7001979,30047,8.0,806.82,6454.56
914312,7000541,30819,12.0,701.5,8418.0
914313,7011586,31203,10.0,534.85,5348.5
914314,7003596,30641,5.0,230.3,1151.5
914315,7008114,31168,2.0,1178.77,2357.54
914316,7013961,30658,11.0,82.96,912.56
914317,7002728,31101,1.0,188.07,188.07
914318,7001184,30455,2.0,603.93,1207.86
914319,7005861,31032,4.0,48.98,195.92
914320,7009591,30501,3.0,296.92,890.76
914321,7008681,30946,2.0,901.01,1802.02
914322,7006647,31314,11.0,328.17,3609.87
914323,7010519,30368,5.0,923.5,4617.5
914324,7007417,30595,7.0,220.43,1543.01
914325,7009374,30665,8.0,675.08,5400.64
914326,7010600,31088,10.0,612.51,6125.1
914327,7014739,30204,1.0,692.67,692.67
914328,7007589,30868,2.0,781.77,1563.54
914329,7007996,30215,2.0,374.85,749.7
914330,7014067,30596,4.0,597.41,2389.64
914331,7009497,30044,4.0,10.45,41.8
914332,7013512,30688,3.0,495.39,1486.17
914333,7009874,30495,11.0,987.08,10857.88
914334,7010611,31199,4.0,277.2,1108.8
914335,7013722,30940,10.0,1130.74,11307.4
914336,7009964,30225,4.0,851.62,3406.48
914337,7008457,30428,6.0,422.83,2536.98
914338,7006652,30986,2.0,844.98,1689.96
914339,7014847,30897,3.0,671.53,2014.59
914340,7009030,30605,3.0,144.7,434.1
914341,7005300,31479,7.0,453.02,3171.14
914342,7013741,30994,4.0,1156.98,4627.92
914343,7004308,30183,5.0,974.02,4870.1
914344,7004859,31459,7.0,770.21,5391.47
914345,7012615,31279,1.0,183.88,183.88
914346,7002305,31371,10.0,135.8,1358.0
914347,7008101,30593,5.0,1146.97,5734.85
914348,7011740,31329,4.0,412.38,1649.52
914349,7008576,30277,1.0,96.31,96.31
914350,7010450,30255,10.0,291.61,2916.1
914351,7007123,31343,12.0,514.91,6178.92
914352,7010661,30658,1.0,632.95,632.95
914353,7002941,30030,5.0,874.88,4374.4
914354,7014345,30430,6.0,885.98,5315.85
914355,7008981,30255,3.0,402.03,1206.09
914356,7012843,30460,9.0,797.04,7173.36
914357,7000955,30945,4.0,528.21,2112.84
914358,7010216,30999,4.0,334.34,1337.36
914359,7000961,31283,9.0,581.82,5236.38
914360,7011414,30510,8.0,30.68,245.44
914361,7000160,30242,2.0,1168.84,2337.68
914362,7006388,31144,8.0,305.5,2444.0
914363,7008870,30470,9.0,925.29,8327.61
914364,7004041,30187,12.0,606.42,7277.04
914365,7002492,30488,11.0,10.62,116.82
914366,7014090,30587,1.0,1070.04,1070.04
914367,7006018,30719,10.0,245.0,2450.0
914368,7010845,30418,9.0,758.98,6830.82
914369,7012714,31439,7.0,75.99,531.94
914370,7010907,30631,7.0,89.25,624.75
914371,7008924,31028,3.0,600.76,1802.28
914372,7014617,31041,10.0,26.47,264.7
914373,7008390,30307,5.0,1117.13,5585.65
914374,7007901,30870,9.0,264.39,2379.51
914375,7003408,30337,1.0,605.44,605.44
914376,7014906,31180,12.0,717.18,8606.16
914377,7004077,30396,4.0,735.49,2941.96
914378,7009751,30551,11.0,856.94,9426.34
914379,7009014,30545,8.0,590.41,4723.28
914380,7009598,31035,1.0,948.85,948.85
914381,7002316,30264,6.0,1078.31,6469.86
914382,7005118,30269,10.0,335.28,3352.8
914383,7007387,31069,6.0,134.29,805.74
914384,7005215,30451,11.0,71.21,783.31
914385,7011314,31143,4.0,1187.53,4750.12
914386,7007697,31035,4.0,616.2,2464.8
914387,7000533,30011,2.0,592.83,1185.66
914388,7000619,30724,10.0,547.58,5475.85
914389,7010034,31443,3.0,624.83,1874.49
914390,7013616,30165,8.0,876.72,7013.76
914391,7008729,31141,1.0,500.88,500.88
914392,7010947,31288,8.0,105.08,840.64
914393,7010302,30402,1.0,152.53,152.53
914394,7009686,31496,9.0,826.54,7438.86
914395,7002124,30012,11.0,57.27,629.97
914396,7014335,30448,3.0,748.17,2244.51
914397,7003197,31226,11.0,892.33,9815.63
914398,7005246,31231,5.0,547.33,2736.65
914399,7005166,30325,1.0,342.32,342.32
914400,7009644,31182,9.0,642.9,5786.1
914401,7009910,31282,3.0,28.78,86.34
914402,7008617,30053,5.0,1051.22,5256.1
914403,7009993,30906,3.0,724.41,2173.23
914404,7010253,30488,6.0,371.5,2229.0
914405,7004719,31183,9.0,838.57,7547.13
914406,7009118,30128,2.0,1028.27,2056.54
914407,7010370,31237,3.0,329.29,987.87
914408,7004625,31340,11.0,113.35,1246.85
914409,7003679,30066,1.0,861.21,861.21
914410,7004642,31364,9.0,455.08,4095.72
914411,7009737,31291,7.0,836.0,5852.0
914412,7013196,30801,10.0,319.92,3199.2
914413,7013041,31227,9.0,403.11,3627.99
914414,7006494,30143,1.0,141.69,141.69
914415,7013398,30671,8.0,29.33,234.64
914416,7013643,30201,11.0,229.81,2527.91
914417,7002566,30522,6.0,857.34,5144.04
914418,7005146,31287,1.0,957.02,957.02
914419,7004849,31126,10.0,848.36,8483.6
914420,7006113,31136,11.0,785.66,8642.26
914421,7001206,30414,9.0,151.24,1361.16
914422,7006128,30484,12.0,849.14,10189.68
914423,7006153,30435,6.0,898.75,5392.5
914424,7000624,31044,2.0,978.31,1956.62
914425,7011389,30361,5.0,971.24,4856.2
914426,7013846,30079,12.0,182.13,2185.56
914427,7000899,31022,6.0,568.79,3412.74
914428,7011382,30574,2.0,402.76,805.52
914429,7013744,30035,10.0,136.76,1367.6
914430,7004473,30913,3.0,1133.53,3400.59
914431,7006732,30389,12.0,389.5,4674.0
914432,7012984,30428,7.0,791.19,5538.33
914433,7008589,30075,11.0,30.19,332.09
914434,7011668,31262,6.0,540.78,3244.68
914435,7013655,31252,1.0,584.55,584.55
914436,7010696,30800,11.0,1170.82,12879.02
914437,7001662,30564,12.0,450.3,5403.6
914438,7000245,30405,7.0,21.68,151.76
914439,7013785,30116,6.0,190.08,1140.48
914440,7004308,30428,1.0,1078.63,1078.63
914441,7011007,30119,8.0,363.5,2908.0
914442,7004863,31283,2.0,157.98,315.96
914443,7012129,31257,5.0,1019.08,5095.4
914444,7001240,31174,8.0,541.89,4335.12
914445,7007788,30021,12.0,619.27,7431.24
914446,7007978,30129,9.0,40.95,368.55
914447,7009642,30983,3.0,31.35,94.05
914448,7004612,30144,1.0,589.05,589.05
914449,7000288,30594,4.0,706.22,2824.88
914450,7002591,31321,6.0,57.74,346.44
914451,7013217,30931,6.0,353.58,2121.48
914452,7006003,30504,4.0,498.67,1994.68
914453,7007598,31351,10.0,268.22,2682.2
914454,7002799,31143,8.0,733.73,5869.84
914455,7003698,30022,7.0,164.91,1154.37
914456,7010096,30216,1.0,866.22,866.22
914457,7006829,30513,3.0,1039.65,3118.95
914458,7003773,30259,1.0,1080.0,1080.0
914459,7007898,31297,10.0,236.66,2366.6
914460,7004063,31091,5.0,1029.84,5149.2
914461,7012392,31441,5.0,371.98,1859.9
914462,7007529,30220,4.0,57.29,229.16
914463,7001485,30588,3.0,879.58,2638.74
914464,7008690,30408,3.0,450.86,1352.58
914465,7000586,30231,3.0,762.08,2286.24
914466,7002375,31118,3.0,931.37,2794.11
914467,7009603,31133,10.0,166.23,1662.3
914468,7001034,30630,5.0,952.31,4761.55
914469,7001696,30734,4.0,782.7,3130.8
914470,7000450,30266,3.0,906.79,2720.37
914471,7006601,30341,3.0,611.22,1833.66
914472,7001711,30962,7.0,353.91,2477.37
914473,7001867,30283,7.0,178.89,1252.23
914474,7003195,30851,12.0,260.44,3125.28
914475,7002359,31365,3.0,84.42,253.26
914476,7013562,30588,3.0,513.14,1539.42
914477,7001422,31176,6.0,237.01,1422.06
914478,7012310,30481,3.0,474.01,1422.03
914479,7014841,31230,8.0,551.99,4415.92
914480,7002678,30951,12.0,1183.25,14199.0
914481,7002637,31092,11.0,150.35,1653.85
914482,7006856,30534,8.0,986.84,7894.72
914483,7003303,30347,2.0,277.14,554.28
914484,7002853,30644,4.0,345.51,1382.04
914485,7004736,31340,7.0,31.27,218.89
914486,7013773,30180,10.0,557.72,5577.2
914487,7004340,30643,7.0,989.52,6926.64
914488,7012802,31417,8.0,44.68,357.44
914489,7005521,30844,8.0,269.18,2153.44
914490,7007470,30409,7.0,725.97,5081.79
914491,7009429,30038,3.0,217.0,651.0
914492,7000084,31315,2.0,556.86,1113.72
914493,7003305,30874,7.0,766.46,5365.22
914494,7014326,31115,10.0,1004.28,10042.8
914495,7002158,30499,7.0,815.0,5705.0
914496,7002764,30654,12.0,192.42,2309.05
914497,7006275,30159,4.0,98.31,393.24
914498,7000371,31132,4.0,258.58,1034.32
914499,7000680,30474,12.0,920.85,11050.2
914500,7004342,31249,11.0,1162.25,12784.75
914501,7004311,30512,12.0,776.13,9313.56
914502,7011173,31163,7.0,200.51,1403.57
914503,7001209,30341,7.0,13.44,94.08
914504,7011897,31183,6.0,961.47,5768.82
914505,7000219,31460,6.0,660.16,3960.96
914506,7006727,30624,3.0,44.8,134.4
914507,7014480,30339,6.0,162.99,977.94
914508,7013397,30036,6.0,1198.78,7192.68
914509,7011487,30449,3.0,435.05,1305.15
914510,7003463,30618,7.0,627.53,4392.71
914511,7009036,30526,12.0,800.72,9608.64
914512,7011761,30554,8.0,552.21,4417.68
914513,7006518,31158,6.0,606.32,3637.92
914514,7009708,30173,10.0,1041.17,10411.7
914515,7005737,30751,8.0,627.05,5016.4
914516,7012603,30635,8.0,746.58,5972.64
914517,7008019,30333,9.0,1036.18,9325.62
914518,7005925,31117,9.0,1137.33,10235.97
914519,7003479,30300,1.0,934.41,934.41
914520,7001327,31230,1.0,863.43,863.43
914521,7011223,30707,9.0,1135.08,10215.72
914522,7001377,30687,6.0,504.09,3024.54
914523,7002742,30035,3.0,636.08,1908.24
914524,7009560,31099,6.0,905.8,5434.8
914525,7004157,30630,11.0,790.15,8691.65
914526,7012629,30635,10.0,507.19,5071.9
914527,7013261,30663,1.0,884.55,884.55
914528,7012244,30225,1.0,168.65,168.65
914529,7011150,30611,9.0,383.94,3455.46
914530,7003785,31400,7.0,423.26,2962.82
914531,7012308,30099,5.0,1025.13,5125.65
914532,7013750,31328,1.0,760.98,760.98
914533,7014755,31234,12.0,36.43,437.16
914534,7007871,31014,4.0,113.56,454.24
914535,7011062,31201,8.0,795.65,6365.2
914536,7004743,30200,9.0,852.16,7669.44
914537,7001139,30903,1.0,614.66,614.66
914538,7004841,30820,12.0,108.54,1302.48
914539,7013717,31167,2.0,1184.62,2369.24
914540,7010128,30327,2.0,898.2,1796.4
914541,7003118,30882,2.0,925.45,1850.9
914542,7007301,31281,3.0,1014.23,3042.69
914543,7010719,30079,7.0,391.13,2737.91
914544,7012527,31432,10.0,262.46,2624.6
914545,7014457,31213,7.0,1166.66,8166.62
914546,7014401,30368,7.0,912.11,6384.77
914547,7003715,30531,10.0,582.2,5822.0
914548,7003353,31314,9.0,915.25,8237.25
914549,7010598,31333,11.0,922.64,10149.04
914550,7013155,31153,5.0,622.04,3110.2
914551,7003836,30563,12.0,991.42,11897.04
914552,7007826,31390,1.0,591.94,591.94
914553,7013228,30918,1.0,645.79,645.79
914554,7006840,30637,3.0,893.15,2679.45
914555,7008496,31033,1.0,32.18,32.18
914556,7003080,30938,2.0,1139.14,2278.28
914557,7009050,30825,6.0,838.09,5028.54
914558,7009911,31236,11.0,201.42,2215.62
914559,7001022,31311,2.0,275.65,551.3
914560,7011547,30959,12.0,626.92,7523.04
914561,7014594,30139,12.0,1121.68,13460.16
914562,7002034,30345,11.0,570.56,6276.16
914563,7004373,30675,11.0,598.0,6578.0
914564,7003645,30543,4.0,556.21,2224.84
914565,7014409,31019,9.0,275.99,2483.91
914566,7009225,31179,3.0,1119.54,3358.62
914567,7010913,31374,1.0,539.09,539.09
914568,7005680,30867,11.0,895.44,9849.84
914569,7010949,30607,8.0,705.57,5644.56
914570,7001872,30737,12.0,26.98,323.76
914571,7013732,31417,6.0,473.08,2838.48
914572,7001347,30990,12.0,892.9,10714.8
914573,7004336,31054,11.0,915.76,10073.36
914574,7005304,30965,5.0,723.8,3619.0
914575,7014232,31150,6.0,1166.49,6998.94
914576,7003628,30212,8.0,549.09,4392.72
914577,7006618,31382,11.0,992.03,10912.33
914578,7011006,31236,10.0,826.73,8267.3
914579,7010312,30994,7.0,491.87,3443.09
914580,7009414,31006,10.0,624.61,6246.1
914581,7007251,30220,5.0,194.5,972.5
914582,7006387,31058,4.0,133.93,535.72
914583,7010489,30186,7.0,429.63,3007.41
914584,7010427,30954,2.0,457.38,914.76
914585,7008883,30607,3.0,155.48,466.44
914586,7000651,30540,10.0,934.72,9347.2
914587,7004952,31329,8.0,1147.72,9181.76
914588,7013893,31470,4.0,32.65,130.6
914589,7014876,30806,10.0,128.89,1288.9
914590,7000969,31091,11.0,1084.97,11934.67
914591,7014391,30324,12.0,1086.21,13034.52
914592,7001316,30475,11.0,457.87,5036.57
914593,7002566,31356,4.0,22.8,91.2
914594,7009695,31324,10.0,1134.14,11341.4
914595,7009868,30730,1.0,211.53,211.53
914596,7014843,31247,4.0,659.01,2636.04
914597,7001820,31328,3.0,1134.12,3402.36
914598,7010642,30969,9.0,32.19,289.71
914599,7010809,30697,12.0,323.95,3887.4
914600,7006016,30990,9.0,1081.36,9732.24
914601,7005602,30923,1.0,1105.17,1105.17
914602,7003535,30678,5.0,1136.53,5682.65
914603,7000541,31101,11.0,543.09,5973.99
914604,7006939,31085,7.0,165.91,1161.37
914605,7007083,30252,8.0,343.45,2747.6
914606,7009909,30131,6.0,1017.73,6106.38
914607,7012354,30807,7.0,705.9,4941.3
914608,7008173,31038,8.0,851.82,6814.56
914609,7005318,30705,6.0,369.22,2215.32
914610,7014258,31131,7.0,833.91,5837.37
914611,7005204,30107,3.0,778.78,2336.34
914612,7009408,31234,5.0,728.88,3644.4
914613,7009430,30439,6.0,48.22,289.32
914614,7000102,31376,11.0,361.43,3975.73
914615,7003146,30776,7.0,976.6,6836.2
914616,7006328,30627,2.0,1066.29,2132.58
914617,7013243,31422,7.0,713.9,4997.3
914618,7001359,30863,7.0,409.82,2868.74
914619,7004636,30229,11.0,649.17,7140.87
914620,7012887,30416,12.0,179.7,2156.4
914621,7006703,30418,9.0,54.97,494.73
914622,7012841,30741,7.0,367.05,2569.35
914623,7014392,31453,7.0,619.34,4335.38
914624,7008202,31077,11.0,58.85,647.35
914625,7006890,30522,2.0,547.51,1095.02
914626,7011465,30366,1.0,620.62,620.62
914627,7011628,31075,3.0,343.03,1029.09
914628,7008378,30420,3.0,268.24,804.72
914629,7002077,30868,3.0,1169.57,3508.71
914630,7001716,30792,4.0,767.79,3071.16
914631,7008465,30169,8.0,622.71,4981.68
914632,7000115,30116,10.0,175.06,1750.6
914633,7001535,30883,6.0,699.91,4199.46
914634,7000175,30445,1.0,712.21,712.21
914635,7010657,31370,3.0,123.78,371.34
914636,7010475,30473,2.0,811.58,1623.16
914637,7002724,30488,7.0,168.94,1182.58
914638,7004492,31019,5.0,508.25,2541.25
914639,7013951,30926,12.0,146.34,1756.08
914640,7006570,31188,6.0,221.68,1330.08
914641,7003421,31261,9.0,192.13,1729.17
914642,7006062,30824,10.0,785.53,7855.3
914643,7012698,31128,3.0,835.94,2507.82
914644,7007904,30582,6.0,455.54,2733.24
914645,7010201,30270,8.0,469.66,3757.28
914646,7009826,30667,7.0,298.37,2088.59
914647,7008102,30743,9.0,170.93,1538.37
914648,7010191,30496,8.0,239.76,1918.09
914649,7009713,31467,4.0,1160.63,4642.52
914650,7011416,31229,3.0,426.56,1279.68
914651,7013814,31223,8.0,14.3,114.4
914652,7004571,30958,3.0,298.6,895.8
914653,7011959,31257,6.0,241.56,1449.36
914654,7002295,31144,4.0,684.87,2739.48
914655,7012538,30253,10.0,841.6,8416.0
914656,7014721,31049,8.0,1076.65,8613.2
914657,7000167,31250,9.0,156.38,1407.42
914658,7000675,31440,1.0,287.01,287.01
914659,7006596,30397,11.0,414.3,4557.3
914660,7013636,30877,1.0,3619.17,3619.17
914661,7010412,31080,7.0,1006.41,7044.87
914662,7010061,31178,2.0,989.94,1979.88
914663,7011697,31125,12.0,774.74,9296.88
914664,7009863,30806,1.0,907.74,907.74
914665,7000016,30248,2.0,192.6,385.2
914666,7005053,31271,4.0,934.7,3738.8
914667,7002208,31239,8.0,32.05,256.37
914668,7002186,30229,12.0,326.42,3917.04
914669,7000582,30329,9.0,179.71,1617.39
914670,7007305,30186,7.0,105.49,738.43
914671,7010705,30882,6.0,929.51,5577.06
914672,7001074,30701,3.0,16.42,49.26
914673,7010439,31308,3.0,980.85,2942.55
914674,7013279,31337,12.0,74.08,888.96
914675,7000444,30838,2.0,276.35,552.7
914676,7009911,31201,12.0,34.5,414.0
914677,7013088,30414,4.0,194.97,779.88
914678,7001858,31187,2.0,780.97,1561.94
914679,7007545,31000,5.0,425.93,2129.65
914680,7002194,30018,9.0,350.3,3152.7
914681,7008819,30897,1.0,247.9,247.9
914682,7013809,30469,6.0,1102.03,6612.18
914683,7005630,31121,6.0,356.2,2137.2
914684,7008844,31070,1.0,49.81,49.81
914685,7008338,31043,9.0,588.97,5300.73
914686,7004344,31124,3.0,423.39,1270.17
914687,7000427,31334,12.0,810.12,9721.44
914688,7008165,31287,9.0,862.97,7766.73
914689,7010189,30186,10.0,915.21,9152.1
914690,7005389,31458,1.0,389.1,389.1
914691,7001706,30343,4.0,1152.33,4609.32
914692,7010198,30526,1.0,925.48,925.48
914693,7014296,30628,6.0,1033.24,6199.44
914694,7007594,31032,3.0,258.24,774.72
914695,7010402,31026,8.0,823.48,6587.84
914696,7002493,30652,9.0,1178.44,10605.96
914697,7012396,30136,2.0,228.52,457.04
914698,7000345,30451,2.0,630.04,1260.08
914699,7006156,30901,2.0,166.69,333.38
914700,7009125,30616,10.0,92.78,927.8
914701,7008529,30872,1.0,757.6,757.6
914702,7002179,30800,8.0,82.49,659.92
914703,7014040,30352,12.0,921.32,11055.84
914704,7004364,30603,5.0,395.9,1979.5
914705,7013492,30840,9.0,779.84,7018.56
914706,7006302,30279,1.0,81.38,81.38
914707,7006528,30918,6.0,546.17,3277.02
914708,7013264,30244,11.0,481.52,5296.72
914709,7012215,30911,12.0,478.62,5743.44
914710,7012091,30352,9.0,1146.33,10316.97
914711,7001952,30675,7.0,303.71,2125.97
914712,7012326,30504,4.0,175.29,701.16
914713,7003486,30616,1.0,326.04,326.04
914714,7003256,30283,2.0,179.29,358.58
914715,7010137,30710,10.0,864.94,8649.4
914716,7000778,30512,7.0,734.73,5143.11
914717,7001420,30304,2.0,962.97,1925.94
914718,7002355,30065,6.0,318.13,1908.78
914719,7010982,31026,4.0,195.42,781.68
914720,7009995,30026,12.0,380.18,4562.16
914721,7008690,30445,3.0,238.79,716.37
914722,7002142,31094,11.0,239.47,2634.17
914723,7008128,30889,6.0,472.31,2833.86
914724,7012037,30139,3.0,831.06,2493.18
914725,7014292,30844,7.0,861.85,6032.95
914726,7002099,30459,9.0,1165.93,10493.37
914727,7007279,30190,4.0,913.27,3653.08
914728,7003794,30081,3.0,210.46,631.38
914729,7004726,30944,3.0,454.83,1364.49
914730,7001270,30356,5.0,1017.54,5087.7
914731,7011832,30847,1.0,1161.37,1161.37
914732,7010139,30960,8.0,85.97,687.76
914733,7000571,30513,5.0,332.66,1663.3
914734,7013951,31156,4.0,137.89,551.56
914735,7004574,30077,2.0,200.33,400.66
914736,7012401,31133,11.0,984.08,10824.88
914737,7000768,30944,3.0,844.95,2534.85
914738,7007027,30462,10.0,882.22,8822.2
914739,7010800,31018,11.0,763.37,8397.07
914740,7006336,31379,4.0,23.64,94.56
914741,7013181,30886,2.0,536.41,1072.82
914742,7009047,30660,11.0,1011.21,11123.31
914743,7004922,30639,6.0,256.6,1539.6
914744,7001403,30117,3.0,503.73,1511.19
914745,7009043,30927,7.0,686.56,4805.92
914746,7004274,30371,1.0,725.94,725.94
914747,7014115,30976,4.0,18.61,74.44
914748,7004630,30542,7.0,184.6,1292.2
914749,7009905,31281,9.0,243.3,2189.7
914750,7011155,30818,1.0,545.11,545.11
914751,7007784,30384,2.0,111.85,223.7
914752,7013655,31292,5.0,1017.94,5089.7
914753,7003645,30419,1.0,1145.96,1145.96
914754,7006944,31006,7.0,941.21,6588.47
914755,7006262,30231,3.0,1076.81,3230.43
914756,7014737,30718,7.0,1127.19,7890.33
914757,7012991,30914,4.0,739.54,2958.16
914758,7002301,30996,2.0,86.04,172.08
914759,7008667,30618,8.0,487.54,3900.32
914760,7013812,30400,8.0,135.93,1087.44
914761,7001684,30946,4.0,125.47,501.88
914762,7007231,30002,7.0,447.75,3134.25
914763,7011697,30664,9.0,561.1,5049.9
914764,7009015,30019,4.0,1063.72,4254.88
914765,7000720,30633,5.0,414.23,2071.15
914766,7010895,30982,5.0,284.61,1423.05
914767,7013651,30458,6.0,1013.85,6083.1
914768,7004606,30542,6.0,304.2,1825.2
914769,7013870,30973,10.0,43.55,435.5
914770,7005132,30605,6.0,559.19,3355.14
914771,7002195,30883,12.0,95.2,1142.4
914772,7002974,30895,12.0,854.6,10255.2
914773,7002748,30500,9.0,597.18,5374.62
914774,7011473,31038,2.0,394.12,788.24
914775,7013609,30874,11.0,36.16,397.76
914776,7010103,31307,11.0,302.62,3328.82
914777,7011803,30248,6.0,1183.9,7103.4
914778,7012571,31308,8.0,317.29,2538.32
914779,7000227,30196,12.0,1194.64,14335.68
914780,7008433,31494,12.0,1126.65,13519.8
914781,7008736,30058,2.0,691.18,1382.35
914782,7008942,31410,11.0,581.19,6393.09
914783,7008442,31430,2.0,937.87,1875.74
914784,7013928,30875,6.0,1115.26,6691.56
914785,7014161,30182,11.0,674.74,7422.14
914786,7010072,30153,12.0,1061.07,12732.84
914787,7010380,30995,3.0,657.25,1971.75
914788,7012274,31242,10.0,247.88,2478.8
914789,7005410,31369,8.0,471.41,3771.28
914790,7004215,31433,11.0,403.34,4436.74
914791,7010903,30014,11.0,1072.16,11793.76
914792,7000541,30162,6.0,636.03,3816.18
914793,7009614,30351,7.0,257.8,1804.6
914794,7014412,30869,11.0,328.35,3611.85
914795,7008211,30735,10.0,216.39,2163.9
914796,7008352,31077,7.0,276.51,1935.57
914797,7002124,30045,2.0,279.33,558.66
914798,7014835,30564,6.0,1111.68,6670.08
914799,7014132,31367,2.0,720.0,1440.0
914800,7014793,30552,6.0,446.12,2676.72
914801,7001894,31063,2.0,181.23,362.46
914802,7006044,30762,5.0,217.98,1089.9
914803,7006527,31019,10.0,742.78,7427.8
914804,7006753,31390,1.0,1017.45,1017.45
914805,7014094,30957,10.0,376.07,3760.7
914806,7008443,30023,9.0,1076.74,9690.66
914807,7004388,30299,5.0,375.71,1878.55
914808,7009083,30007,1.0,283.23,283.23
914809,7003111,30745,9.0,719.72,6477.48
914810,7014979,30972,2.0,709.59,1419.18
914811,7006829,30996,9.0,396.41,3567.69
914812,7006798,30978,7.0,867.42,6071.94
914813,7011477,30874,3.0,1055.79,3167.37
914814,7003785,30052,5.0,566.31,2831.55
914815,7008884,31359,6.0,908.34,5450.04
914816,7007462,31130,7.0,1108.57,7759.99
914817,7001277,30180,5.0,423.69,2118.45
914818,7007860,30686,5.0,43.77,218.85
914819,7008163,30416,4.0,24.03,96.12
914820,7013228,30653,1.0,678.61,678.61
914821,7006885,31348,10.0,41.5,415.0
914822,7003532,30239,1.0,1060.94,1060.94
914823,7007327,30026,9.0,1151.99,10367.91
914824,7007211,30092,9.0,382.58,3443.22
914825,7013142,30277,7.0,15.24,106.68
914826,7002654,30656,10.0,983.15,9831.5
914827,7002699,30171,10.0,767.6,7676.0
914828,7007380,30124,4.0,1110.49,4441.96
914829,7004426,30615,10.0,172.01,1720.1
914830,7000030,30597,2.0,391.46,782.92
914831,7002099,31157,6.0,184.66,1107.96
914832,7008952,30174,7.0,296.48,2075.36
914833,7009088,30192,9.0,737.01,6633.09
914834,7013396,31341,7.0,710.77,4975.39
914835,7008388,30891,2.0,199.05,398.1
914836,7007238,30217,8.0,502.78,4022.24
914837,7005277,30057,9.0,445.12,4006.08
914838,7014268,30571,4.0,1101.94,4407.76
914839,7006529,30012,11.0,1032.39,11356.29
914840,7011861,31309,3.0,46.28,138.84
914841,7002406,30326,5.0,283.42,1417.1
914842,7013228,30496,6.0,1128.11,6768.66
914843,7009411,31130,12.0,425.87,5110.44
914844,7009832,31208,2.0,369.96,739.92
914845,7001849,31157,2.0,793.59,1587.18
914846,7005263,30909,4.0,810.24,3240.96
914847,7003640,30178,4.0,1132.79,4531.16
914848,7004582,30196,2.0,853.21,1706.42
914849,7013521,31058,2.0,1092.67,2185.34
914850,7009854,30268,5.0,591.89,2959.45
914851,7004411,30134,2.0,921.7,1843.4
914852,7008886,30853,12.0,846.16,10153.92
914853,7001718,30883,10.0,220.26,2202.6
914854,7009848,30965,10.0,723.8,7238.0
914855,7001127,30868,6.0,788.23,4729.38
914856,7006601,30321,6.0,72.61,435.66
914857,7012975,30686,7.0,350.73,2455.11
914858,7009216,31189,4.0,557.33,2229.32
914859,7005290,31143,8.0,452.12,3616.96
914860,7014683,31264,3.0,734.8,2204.42
914861,7002611,30562,9.0,406.5,3658.5
914862,7000052,30302,7.0,1101.94,7713.58
914863,7013147,30760,6.0,1196.36,7178.16
914864,7005684,30531,8.0,449.92,3599.36
914865,7013904,30833,4.0,599.37,2397.48
914866,7009407,30103,8.0,765.95,6127.6
914867,7003587,31388,10.0,1001.14,10011.4
914868,7010450,31077,5.0,728.95,3644.75
914869,7002853,30763,12.0,937.89,11254.68
914870,7003732,31173,10.0,380.86,3808.6
914871,7004461,30694,9.0,100.15,901.37
914872,7006653,30738,2.0,569.04,1138.08
914873,7007490,30922,6.0,980.51,5883.06
914874,7000817,31349,9.0,731.22,6580.98
914875,7001568,31414,2.0,439.64,879.28
914876,7002719,30725,1.0,806.79,806.79
914877,7003042,30218,9.0,764.37,6879.33
914878,7014474,30110,9.0,110.72,996.48
914879,7012909,31293,1.0,130.99,130.99
914880,7005828,30407,1.0,1121.91,1121.91
914881,7011410,30106,3.0,1054.05,3162.15
914882,7004737,30369,2.0,248.95,497.9
914883,7006978,30989,6.0,702.48,4214.88
914884,7010249,30614,6.0,43.63,261.78
914885,7009195,30587,2.0,981.21,1962.42
914886,7003926,30158,1.0,1185.56,1185.56
914887,7008319,30685,3.0,948.41,2845.23
914888,7002126,30105,7.0,165.34,1157.38
914889,7012110,30720,2.0,314.54,629.08
914890,7003865,30735,4.0,487.55,1950.2
914891,7007227,30306,9.0,1002.17,9019.53
914892,7009703,30334,11.0,929.84,10228.24
914893,7010618,30716,7.0,567.67,3973.69
914894,7002783,30009,11.0,541.85,5960.35
914895,7001171,31203,12.0,58.41,700.92
914896,7011210,30128,4.0,976.05,3904.2
914897,7009690,31069,4.0,728.44,2913.74
914898,7013895,31172,6.0,457.96,2747.76
914899,7010177,30014,10.0,449.84,4498.4
914900,7011793,30380,5.0,503.02,2515.1
914901,7003152,30806,7.0,741.97,5193.79
914902,7003401,31192,12.0,932.77,11193.24
914903,7014291,30872,8.0,324.46,2595.68
914904,7007824,31090,11.0,11.75,129.25
914905,7011506,30454,2.0,1124.05,2248.1
914906,7013490,31103,11.0,428.27,4710.97
914907,7002646,31355,7.0,1162.48,8137.36
914908,7009958,30125,12.0,1092.54,13110.48
914909,7001464,30675,10.0,1149.27,11492.7
914910,7010139,31188,1.0,33.16,33.16
914911,7008088,30253,3.0,741.47,2224.41
914912,7001493,30165,6.0,320.75,1924.52
914913,7003088,31208,6.0,917.35,5504.1
914914,7012434,31479,11.0,232.01,2552.11
914915,7004996,30724,10.0,189.27,1892.7
914916,7014289,30943,1.0,521.64,521.64
914917,7012656,30764,6.0,75.49,452.94
914918,7012426,31339,4.0,56.82,227.28
914919,7006292,30539,7.0,391.53,2740.71
914920,7005459,31045,4.0,178.46,713.84
914921,7010436,30549,9.0,384.99,3464.91
914922,7006682,30128,3.0,1146.99,3440.97
914923,7013953,30838,11.0,329.59,3625.49
914924,7013120,30699,2.0,119.02,238.04
914925,7014705,30495,1.0,782.55,782.55
914926,7011062,30105,7.0,667.26,4670.82
914927,7013190,30626,1.0,495.0,495.0
914928,7012684,31487,9.0,314.89,2834.01
914929,7008362,30178,12.0,439.33,5271.96
914930,7003136,30394,8.0,359.81,2878.48
914931,7004305,31189,6.0,601.26,3607.56
914932,7009524,30037,5.0,862.26,4311.3
914933,7000782,30816,7.0,72.26,505.82
914934,7001703,30629,2.0,130.86,261.72
914935,7000994,30177,10.0,264.73,2647.3
914936,7003837,30739,3.0,120.01,360.03
914937,7008850,30755,7.0,369.58,2587.06
914938,7006280,31198,5.0,715.84,3579.2
914939,7002663,30680,11.0,900.38,9904.18
914940,7005032,30480,8.0,1113.99,8911.92
914941,7006221,31471,10.0,140.03,1400.3
914942,7005716,31360,2.0,840.22,1680.44
914943,7011585,30869,11.0,516.25,5678.75
914944,7001690,30804,11.0,403.67,4440.37
914945,7006491,31000,10.0,635.44,6354.4
914946,7010082,30161,7.0,1057.11,7399.77
914947,7008035,30684,8.0,37.46,299.68
914948,7009513,30619,1.0,915.17,915.17
914949,7001181,30840,8.0,157.34,1258.72
914950,7010470,31483,2.0,440.04,880.08
914951,7002053,30078,7.0,27.2,190.4
914952,7011373,31186,9.0,246.21,2215.89
914953,7000346,30580,11.0,242.55,2668.05
914954,7003954,31283,4.0,1199.01,4796.04
914955,7005808,31401,7.0,496.11,3472.77
914956,7004883,30585,9.0,1119.44,10074.96
914957,7000032,30484,9.0,1132.38,10191.42
914958,7011208,30479,1.0,1167.11,1167.11
914959,7003836,30505,3.0,331.89,995.67
914960,7010925,30401,5.0,686.49,3432.45
914961,7006363,30294,1.0,487.08,487.08
914962,7011526,30853,9.0,830.58,7475.22
914963,7003894,31077,6.0,77.14,462.84
914964,7009073,31403,11.0,110.9,1219.9
914965,7006675,30845,12.0,967.04,11604.48
914966,7008560,30135,11.0,532.62,5858.82
914967,7011752,30265,6.0,910.23,5461.38
914968,7001466,30158,4.0,400.78,1603.12
914969,7013360,30682,10.0,595.24,5952.4
914970,7011377,31165,9.0,754.22,6788.02
914971,7009599,31320,5.0,463.48,2317.4
914972,7013303,30469,3.0,1119.56,3358.68
914973,7003699,30668,4.0,666.49,2665.96
914974,7000770,30919,11.0,314.84,3463.24
914975,7014117,30989,9.0,70.26,632.34
914976,7010211,30663,2.0,1164.23,2328.46
914977,7013898,30615,9.0,1017.57,9158.13
914978,7010276,31464,12.0,741.16,8893.92
914979,7005725,30378,3.0,588.69,1766.08
914980,7008916,31060,3.0,403.25,1209.75
914981,7003380,30255,3.0,583.25,1749.75
914982,7013600,30546,2.0,749.7,1499.4
914983,7010936,30058,12.0,66.57,798.84
914984,7014202,31235,8.0,1005.04,8040.32
914985,7010348,31272,2.0,755.34,1510.68
914986,7012206,31130,6.0,396.41,2378.46
914987,7001529,31363,4.0,205.08,820.32
914988,7004373,30311,12.0,744.41,8932.92
914989,7014732,30402,3.0,337.88,1013.64
914990,7003686,30228,8.0,28.14,225.12
914991,7004436,30183,12.0,150.03,1800.36
914992,7001023,30725,7.0,613.28,4292.96
914993,7012737,31359,11.0,1171.44,12885.84
914994,7003876,30308,7.0,244.24,1709.68
914995,7002687,31111,4.0,312.61,1250.44
914996,7013743,30134,8.0,219.08,1752.64
914997,7014085,30463,11.0,799.93,8799.23
914998,7014065,30741,12.0,423.3,5079.6
914999,7000584,31431,3.0,1089.67,3269.01
915000,7007222,30299,11.0,960.86,10569.46
915001,7014242,30103,2.0,920.95,1841.9
915002,7005544,30112,3.0,418.69,1256.07
915003,7000888,30891,11.0,298.68,3285.48
915004,7002237,30855,7.0,551.7,3861.9
915005,7002124,30006,9.0,770.77,6936.93
915006,7013655,31097,10.0,241.19,2411.9
915007,7014321,31152,10.0,632.61,6326.1
915008,7005781,30880,7.0,132.18,925.26
915009,7009839,30703,2.0,351.72,703.44
915010,7004978,31172,9.0,338.73,3048.57
915011,7012885,30045,3.0,387.2,1161.6
915012,7012099,30143,10.0,502.62,5026.2
915013,7003079,30760,8.0,505.54,4044.32
915014,7006231,31408,4.0,300.68,1202.72
915015,7011032,30842,8.0,525.06,4200.48
915016,7014373,31298,4.0,1147.33,4589.32
915017,7009353,30299,10.0,1095.05,10950.5
915018,7001010,30975,2.0,465.23,930.46
915019,7006919,30432,2.0,256.61,513.22
915020,7008969,30737,3.0,428.28,1284.84
915021,7010656,30220,5.0,756.05,3780.25
915022,7012419,30664,1.0,850.52,850.52
915023,7014938,30622,3.0,271.64,814.92
915024,7000229,30986,6.0,1190.13,7140.78
915025,7013021,31388,7.0,839.93,5879.51
915026,7011609,30898,7.0,230.48,1613.36
915027,7012920,30551,8.0,504.45,4035.6
915028,7013598,30184,5.0,569.52,2847.6
915029,7002778,30416,8.0,1003.87,8030.96
915030,7004766,30449,6.0,813.81,4882.86
915031,7006548,30015,9.0,1113.79,10024.11
915032,7009906,31371,10.0,298.29,2982.94
915033,7014932,31272,2.0,726.01,1452.02
915034,7007513,30816,10.0,63.57,635.7
915035,7004719,31054,6.0,413.32,2479.92
915036,7004242,30593,10.0,1183.9,11839.0
915037,7012734,31341,6.0,667.9,4007.4
915038,7002088,31479,10.0,499.69,4996.9
915039,7010602,30248,6.0,848.41,5090.46
915040,7001427,30535,12.0,495.6,5947.2
915041,7009414,30934,4.0,12.13,48.52
915042,7007662,30299,1.0,938.76,938.76
915043,7006074,31104,10.0,371.34,3713.4
915044,7005253,30434,2.0,335.09,670.18
915045,7007447,30993,5.0,359.49,1797.45
915046,7000987,30583,8.0,470.99,3767.92
915047,7008363,30021,10.0,921.39,9213.9
915048,7011748,30934,8.0,368.88,2951.04
915049,7002553,31460,8.0,388.52,3108.16
915050,7007719,30991,6.0,913.49,5480.94
915051,7003410,31211,4.0,609.94,2439.76
915052,7008399,30380,12.0,516.33,6195.96
915053,7004684,31237,2.0,737.79,1475.58
915054,7005327,30206,7.0,500.33,3502.31
915055,7008802,30309,10.0,387.74,3877.4
915056,7007015,31169,7.0,304.41,2130.87
915057,7012474,30006,3.0,860.47,2581.41
915058,7002581,31103,4.0,793.96,3175.84
915059,7003425,30209,12.0,26.28,315.36
915060,7014696,30381,3.0,651.2,1953.6
915061,7009810,31344,2.0,57.1,114.2
915062,7002384,30719,1.0,575.47,575.47
915063,7005244,31064,8.0,845.04,6760.32
915064,7010416,30640,3.0,802.57,2407.71
915065,7000169,31053,12.0,42.98,515.76
915066,7008806,30793,10.0,678.01,6780.1
915067,7005530,31195,4.0,483.71,1934.84
915068,7009264,30301,12.0,532.72,6392.64
915069,7004993,30355,7.0,466.6,3266.2
915070,7005600,31047,10.0,22.33,223.3
915071,7014572,30906,10.0,498.61,4986.1
915072,7001052,30859,8.0,498.05,3984.4
915073,7014923,31446,6.0,516.34,3098.04
915074,7001826,30647,8.0,906.07,7248.56
915075,7012318,30109,12.0,136.09,1633.08
915076,7002460,30806,4.0,213.92,855.68
915077,7014626,30847,4.0,32.53,130.12
915078,7005625,30520,1.0,161.71,161.71
915079,7004034,31435,2.0,605.07,1210.14
915080,7005818,30745,11.0,314.75,3462.26
915081,7014047,30326,3.0,715.03,2145.09
915082,7002500,30749,1.0,1155.77,1155.77
915083,7009743,31156,2.0,125.12,250.24
915084,7006049,30862,3.0,748.49,2245.47
915085,7014863,30836,5.0,942.46,4712.3
915086,7014759,31013,2.0,50.42,100.84
915087,7011647,30837,6.0,1016.11,6096.66
915088,7004050,31451,2.0,944.07,1888.14
915089,7002761,30926,12.0,774.09,9289.08
915090,7005048,30912,12.0,799.31,9591.72
915091,7013785,30731,9.0,1152.53,10372.77
915092,7004758,30222,9.0,1014.58,9131.22
915093,7006557,31221,6.0,433.62,2601.72
915094,7012875,30208,8.0,1045.43,8363.44
915095,7004697,30908,6.0,775.44,4652.64
915096,7004558,30308,5.0,181.71,908.55
915097,7012120,30752,7.0,1024.48,7171.36
915098,7005973,30469,9.0,933.67,8403.03
915099,7004935,31247,7.0,932.43,6527.01
915100,7012880,30475,12.0,335.23,4022.76
915101,7010336,31004,10.0,725.92,7259.2
915102,7011374,30442,6.0,554.21,3325.26
915103,7004015,30102,11.0,360.53,3965.83
915104,7014195,30619,8.0,1002.14,8017.12
915105,7011525,30177,8.0,594.69,4757.52
915106,7006094,31437,10.0,156.65,1566.5
915107,7006043,30325,4.0,566.71,2266.84
915108,7006479,31343,2.0,435.74,871.48
915109,7001055,30253,7.0,165.66,1159.62
915110,7000524,31497,1.0,197.23,197.23
915111,7010252,31163,5.0,577.62,2888.1
915112,7007781,30211,9.0,272.65,2453.85
915113,7012754,30568,12.0,706.07,8472.84
915114,7006317,30130,12.0,997.59,11971.08
915115,7002471,30459,8.0,24.26,194.08
915116,7009563,30491,12.0,1000.55,12006.6
915117,7007014,30991,7.0,305.88,2141.16
915118,7011952,30697,12.0,666.27,7995.24
915119,7006982,30127,2.0,820.1,1640.2
915120,7004118,30177,12.0,220.26,2643.12
915121,7005016,31196,3.0,772.43,2317.29
915122,7005048,30005,4.0,947.58,3790.32
915123,7008939,30969,4.0,1037.23,4148.92
915124,7005160,30675,7.0,179.71,1257.97
915125,7002360,31025,11.0,86.91,956.01
915126,7008604,31246,1.0,977.93,977.93
915127,7007390,31127,8.0,210.71,1685.68
915128,7006334,30718,10.0,674.42,6744.2
915129,7007265,30958,3.0,819.82,2459.46
915130,7014078,31141,6.0,977.33,5863.98
915131,7014620,31410,5.0,644.12,3220.6
915132,7000822,30212,10.0,221.95,2219.5
915133,7006515,31476,6.0,395.86,2375.16
915134,7006647,30242,5.0,58.01,290.05
915135,7004508,30373,5.0,660.18,3300.9
915136,7011091,31022,1.0,968.57,968.57
915137,7013565,31298,9.0,986.21,8875.89
915138,7009148,30194,3.0,503.6,1510.8
915139,7012698,31341,12.0,1159.46,13913.52
915140,7000162,31235,5.0,500.12,2500.6
915141,7014142,30130,11.0,521.9,5740.9
915142,7014167,30251,7.0,1032.34,7226.38
915143,7002345,31179,1.0,835.22,835.22
915144,7001183,31440,4.0,839.81,3359.24
915145,7013650,30546,7.0,472.04,3304.28
915146,7003845,30197,4.0,865.78,3463.12
915147,7010742,31321,10.0,35.5,355.0
915148,7010209,31169,10.0,329.46,3294.6
915149,7012092,31123,4.0,681.73,2726.92
915150,7009192,30848,3.0,113.36,340.08
915151,7013795,31410,5.0,838.49,4192.45
915152,7006179,30661,9.0,820.13,7381.17
915153,7011733,30498,2.0,203.73,407.46
915154,7014488,30422,2.0,860.0,1720.0
915155,7009175,30562,7.0,808.65,5660.55
915156,7009239,31203,2.0,657.3,1314.6
915157,7014285,31048,7.0,51.43,360.01
915158,7008064,30416,5.0,814.42,4072.1
915159,7000110,30908,9.0,828.37,7455.33
915160,7003919,30763,5.0,423.35,2116.75
915161,7001323,30984,4.0,338.7,1354.8
915162,7007695,31006,3.0,876.33,2628.99
915163,7009303,31355,6.0,277.29,1663.74
915164,7004187,30606,1.0,520.91,520.91
915165,7011569,30046,2.0,213.57,427.14
915166,7006472,31083,2.0,994.1,1988.2
915167,7000513,30661,8.0,158.51,1268.08
915168,7005412,30423,3.0,184.53,553.59
915169,7007687,30723,6.0,78.17,469.02
915170,7013833,31037,11.0,309.8,3407.8
915171,7007156,31046,7.0,987.01,6909.07
915172,7001291,30747,2.0,723.94,1447.88
915173,7010073,30766,6.0,716.49,4298.94
915174,7008675,31499,4.0,1032.42,4129.68
915175,7004909,30715,1.0,1178.47,1178.47
915176,7011623,30951,4.0,476.28,1905.12
915177,7005035,31418,6.0,1019.73,6118.38
915178,7003378,30301,1.0,647.03,647.03
915179,7009574,30002,12.0,464.68,5576.16
915180,7012826,30820,10.0,425.54,4255.4
915181,7013120,31266,12.0,988.92,11867.04
915182,7008157,30462,9.0,59.06,531.54
915183,7006494,30026,12.0,128.12,1537.44
915184,7000860,31178,7.0,847.41,5931.87
915185,7002045,30932,3.0,210.91,632.73
915186,7000925,31089,8.0,215.12,1720.96
915187,7001772,30545,11.0,420.49,4625.39
915188,7000989,30708,11.0,552.41,6076.51
915189,7005884,31345,1.0,629.87,629.87
915190,7006265,31139,4.0,555.28,2221.12
915191,7010262,31229,2.0,1157.88,2315.76
915192,7005140,31177,11.0,666.15,7327.65
915193,7004722,30892,7.0,221.86,1553.02
915194,7012386,31322,9.0,1130.99,10178.91
915195,7000024,30996,8.0,27.72,221.76
915196,7005470,30763,11.0,778.41,8562.51
915197,7010232,31492,8.0,314.64,2517.12
915198,7002815,31214,11.0,229.78,2527.58
915199,7007941,31010,6.0,1176.18,7057.08
915200,7000897,30525,4.0,633.77,2535.08
915201,7002758,30980,7.0,25.59,179.13
915202,7012239,30136,4.0,1149.96,4599.84
915203,7000396,30521,3.0,897.69,2693.07
915204,7008005,30501,8.0,323.89,2591.15
915205,7009289,30769,2.0,953.19,1906.38
915206,7002254,30253,1.0,550.89,550.89
915207,7007630,30938,4.0,544.6,2178.4
915208,7012949,30340,11.0,537.58,5913.38
915209,7013377,31331,12.0,717.39,8608.68
915210,7007617,30722,5.0,668.7,3343.5
915211,7010525,30457,3.0,637.84,1913.52
915212,7001668,31368,6.0,1110.5,6663.0
915213,7009548,30434,12.0,1122.96,13475.52
915214,7004558,30092,4.0,337.4,1349.6
915215,7010105,31431,7.0,567.92,3975.44
915216,7014200,31222,11.0,543.91,5983.01
915217,7013865,30916,6.0,218.87,1313.22
915218,7001083,31247,1.0,85.85,85.85
915219,7006944,30474,5.0,956.61,4783.05
915220,7002463,30574,6.0,1146.94,6881.64
915221,7005626,30797,2.0,1029.13,2058.26
915222,7008311,31066,3.0,489.36,1468.08
915223,7002760,30905,2.0,342.71,685.42
915224,7006735,31239,4.0,17.79,71.16
915225,7013713,30723,7.0,159.06,1113.42
915226,7001886,30098,5.0,1094.78,5473.9
915227,7011789,31382,1.0,392.04,392.04
915228,7007708,30577,6.0,82.7,496.2
915229,7013279,30564,9.0,112.26,1010.34
915230,7003500,31207,7.0,314.99,2204.93
915231,7002868,31296,11.0,130.97,1440.67
915232,7000403,31058,10.0,201.61,2016.1
915233,7008475,31223,1.0,77.58,77.58
915234,7011824,31050,8.0,709.16,5673.32
915235,7012083,30454,11.0,560.28,6163.08
915236,7008878,31000,12.0,293.46,3521.52
915237,7008302,30359,7.0,826.5,5785.5
915238,7000531,30338,8.0,438.94,3511.52
915239,7011510,30597,11.0,469.14,5160.54
915240,7008482,30094,4.0,466.68,1866.72
915241,7001291,30272,2.0,853.39,1706.78
915242,7008746,31094,1.0,1817.07,1817.07
915243,7000134,30126,6.0,676.19,4057.14
915244,7008556,30625,2.0,623.36,1246.72
915245,7009145,30843,2.0,420.18,840.36
915246,7010703,30502,6.0,1160.55,6963.3
915247,7001635,30499,5.0,1052.34,5261.7
915248,7000733,31420,3.0,501.52,1504.56
915249,7010327,31082,1.0,308.62,308.62
915250,7012483,30465,11.0,1111.63,12227.93
915251,7002306,31239,2.0,1067.74,2135.48
915252,7013846,30782,2.0,419.28,838.56
915253,7013086,31497,11.0,130.52,1435.72
915254,7002047,30627,12.0,1104.75,13257.0
915255,7002696,31474,3.0,632.25,1896.75
915256,7014359,30575,5.0,1100.26,5501.3
915257,7013919,30428,9.0,633.34,5700.06
915258,7008846,30520,10.0,171.76,1717.6
915259,7004287,31120,1.0,189.81,189.81
915260,7001150,30069,4.0,777.75,3111.0
915261,7012775,30046,3.0,1189.02,3567.06
915262,7008342,31492,4.0,802.12,3208.48
915263,7012882,30936,4.0,163.76,655.04
915264,7013536,31132,12.0,1183.36,14200.32
915265,7008935,31205,7.0,594.96,4164.72
915266,7008400,30550,5.0,1013.36,5066.8
915267,7014906,31234,6.0,949.9,5699.4
915268,7000331,30792,12.0,568.07,6816.84
915269,7012651,31274,10.0,372.87,3728.7
915270,7010147,30639,2.0,245.81,491.62
915271,7009715,30279,2.0,205.15,410.3
915272,7009797,30131,11.0,772.2,8494.2
915273,7008428,30825,9.0,1092.42,9831.78
915274,7014734,30528,2.0,1000.83,2001.66
915275,7008522,31284,10.0,619.08,6190.8
915276,7003308,30313,7.0,172.76,1209.32
915277,7009680,30069,4.0,913.73,3654.92
915278,7008157,30730,5.0,561.27,2806.35
915279,7013136,30851,7.0,1087.71,7613.97
915280,7010463,31344,2.0,929.71,1859.42
915281,7008364,31268,10.0,333.02,3330.2
915282,7011327,31366,1.0,482.35,482.35
915283,7003621,30021,6.0,1128.61,6771.66
915284,7005344,30539,12.0,109.1,1309.2
915285,7011069,30328,5.0,512.29,2561.45
915286,7003431,30452,12.0,859.19,10310.28
915287,7000312,31055,2.0,665.33,1330.66
915288,7006416,30287,5.0,835.08,4175.4
915289,7009884,30779,1.0,327.91,327.91
915290,7012331,30635,12.0,659.76,7917.12
915291,7008388,31290,2.0,458.76,917.52
915292,7007948,31079,6.0,135.22,811.32
915293,7000249,30717,3.0,936.0,2808.0
915294,7003966,30493,3.0,1100.11,3300.33
915295,7006629,30405,12.0,545.04,6540.48
915296,7011082,31127,12.0,92.84,1114.08
915297,7001225,30039,5.0,240.04,1200.2
915298,7008927,31425,4.0,118.59,474.36
915299,7008324,31482,6.0,54.21,325.26
915300,7005404,31393,9.0,530.48,4774.28
915301,7007336,30428,5.0,661.07,3305.35
915302,7000507,30782,5.0,646.31,3231.55
915303,7013938,31097,1.0,686.79,686.79
915304,7004874,31348,4.0,347.22,1388.88
915305,7011291,30888,4.0,447.41,1789.64
915306,7014881,30768,2.0,1160.3,2320.6
915307,7001734,31048,10.0,506.45,5064.5
915308,7003335,30488,1.0,155.64,155.64
915309,7000220,30333,1.0,133.56,133.56
915310,7009343,30902,7.0,834.8,5843.6
915311,7013310,31369,10.0,783.57,7835.7
915312,7008662,30703,10.0,778.73,7787.3
915313,7002006,31113,1.0,501.77,501.77
915314,7003501,30830,5.0,1160.86,5804.3
915315,7009154,30544,4.0,539.2,2156.8
915316,7007085,31225,11.0,607.35,6680.85
915317,7004180,30963,1.0,639.8,639.8
915318,7014491,31466,4.0,578.59,2314.36
915319,7001225,30427,8.0,257.85,2062.8
915320,7011643,30211,10.0,820.88,8208.8
915321,7000513,30912,10.0,586.05,5860.5
915322,7000025,30376,9.0,703.42,6330.78
915323,7007966,30125,10.0,956.59,9565.9
915324,7010204,30970,5.0,504.28,2521.4
915325,7007781,31363,6.0,180.55,1083.3
915326,7007050,30695,3.0,710.16,2130.48
915327,7001190,30960,4.0,843.01,3372.04
915328,7001428,30072,10.0,149.65,1496.5
915329,7012353,31182,10.0,647.11,6471.1
915330,7002291,30882,1.0,143.45,143.45
915331,7009197,31026,12.0,899.48,10793.76
915332,7006866,30657,1.0,111.2,111.2
915333,7010999,30408,2.0,385.41,770.82
915334,7012358,30481,9.0,625.62,5630.54
915335,7000193,30152,10.0,758.32,7583.15
915336,7014942,31355,4.0,935.85,3743.4
915337,7003176,30266,1.0,867.27,867.27
915338,7012254,30468,12.0,696.96,8363.52
915339,7003831,30267,7.0,471.37,3299.59
915340,7014919,30851,1.0,562.96,562.96
915341,7001243,30718,11.0,515.85,5674.35
915342,7008628,31270,4.0,685.16,2740.64
915343,7003685,30530,3.0,702.81,2108.43
915344,7005708,31246,6.0,1183.44,7100.64
915345,7003949,30977,4.0,437.53,1750.12
915346,7006315,30682,12.0,1008.63,12103.56
915347,7004763,30712,6.0,887.88,5327.28
915348,7008934,31356,5.0,541.75,2708.75
915349,7013828,31219,8.0,491.82,3934.56
915350,7012966,31436,10.0,233.94,2339.4
915351,7003976,31035,5.0,331.83,1659.15
915352,7001238,31463,11.0,537.79,5915.69
915353,7003170,30106,11.0,1048.22,11530.42
915354,7003091,30489,3.0,261.7,785.1
915355,7008047,30257,10.0,409.18,4091.8
915356,7014183,30696,8.0,69.55,556.4
915357,7003835,30899,2.0,848.6,1697.2
915358,7010397,30008,4.0,3.51,14.05
915359,7011048,30624,8.0,15.66,125.28
915360,7002043,30531,11.0,362.78,3990.58
915361,7013220,31041,11.0,518.96,5708.56
915362,7012545,31225,8.0,755.65,6045.2
915363,7010214,30163,6.0,473.54,2841.24
915364,7006491,30213,7.0,725.37,5077.59
915365,7005735,31493,11.0,693.16,7624.76
915366,7001115,31110,3.0,204.9,614.7
915367,7000696,31029,4.0,363.7,1454.8
915368,7003318,30112,1.0,1060.45,1060.45
915369,7009449,30108,11.0,392.92,4322.12
915370,7000398,31306,3.0,579.83,1739.49
915371,7013294,30459,1.0,1056.15,1056.15
915372,7011902,30095,8.0,617.98,4943.84
915373,7011605,30846,6.0,605.0,3630.0
915374,7009091,31339,1.0,698.92,698.92
915375,7011933,31156,3.0,279.59,838.77
915376,7002794,31382,10.0,781.1,7811.0
915377,7013991,31320,4.0,1174.03,4696.12
915378,7005330,30717,11.0,476.16,5237.76
915379,7010759,31192,10.0,236.63,2366.3
915380,7014751,31228,2.0,883.19,1766.38
915381,7012213,31099,10.0,164.64,1646.4
915382,7011168,31236,6.0,1131.59,6789.54
915383,7004214,30920,12.0,221.2,2654.4
915384,7004931,31290,12.0,412.45,4949.4
915385,7004257,31092,4.0,646.6,2586.4
915386,7011041,30484,3.0,518.88,1556.64
915387,7013978,30512,9.0,976.22,8785.98
915388,7000949,30585,3.0,613.52,1840.56
915389,7009433,30746,6.0,1137.02,6822.12
915390,7007182,31326,1.0,1019.51,1019.51
915391,7014634,30830,8.0,634.99,5079.92
915392,7006149,30514,8.0,642.12,5136.96
915393,7009427,30957,3.0,251.06,753.18
915394,7013331,31368,5.0,1125.16,5625.8
915395,7011114,30540,7.0,483.88,3387.16
915396,7005265,30592,5.0,1157.82,5789.1
915397,7008153,31380,9.0,930.66,8375.94
915398,7003545,30597,6.0,814.91,4889.46
915399,7001607,30577,3.0,1137.39,3412.17
915400,7004268,31486,2.0,403.61,807.22
915401,7001516,30871,3.0,848.0,2544.0
915402,7003110,31057,11.0,348.36,3831.96
915403,7003691,31236,8.0,915.09,7320.72
915404,7001279,30208,3.0,880.22,2640.66
915405,7011204,31225,11.0,110.71,1217.81
915406,7003920,30500,6.0,813.75,4882.5
915407,7006994,30340,12.0,695.57,8346.84
915408,7002023,30690,10.0,828.68,8286.8
915409,7000043,30323,3.0,688.99,2066.97
915410,7001625,31247,1.0,1119.86,1119.86
915411,7010303,30930,9.0,1087.63,9788.67
915412,7000796,31158,3.0,930.95,2792.85
915413,7004382,31391,9.0,238.8,2149.2
915414,7011587,31498,5.0,1141.67,5708.35
915415,7004905,30193,7.0,80.07,560.49
915416,7010982,30415,4.0,1130.96,4523.84
915417,7004118,31170,11.0,690.11,7591.21
915418,7007282,30496,1.0,902.52,902.52
915419,7001736,30995,8.0,800.17,6401.36
915420,7002441,30578,5.0,642.32,3211.6
915421,7014198,30645,8.0,673.26,5386.08
915422,7010136,30823,9.0,588.11,5292.99
915423,7007703,31085,12.0,656.35,7876.2
915424,7006719,31344,7.0,472.45,3307.13
915425,7011765,30658,9.0,229.47,2065.23
915426,7007252,30214,1.0,139.75,139.75
915427,7005704,31077,8.0,14.62,116.96
915428,7003111,30354,9.0,1061.44,9552.96
915429,7003728,31015,4.0,846.7,3386.8
915430,7004092,31276,8.0,750.43,6003.44
915431,7005528,30586,3.0,127.57,382.71
915432,7004606,30856,1.0,1065.82,1065.82
915433,7001168,30528,9.0,192.71,1734.41
915434,7002000,31242,3.0,518.43,1555.29
915435,7012857,30732,10.0,357.43,3574.3
915436,7009611,31026,11.0,877.59,9653.49
915437,7000147,31361,1.0,692.36,692.36
915438,7004855,31455,5.0,578.2,2891.0
915439,7011671,30647,7.0,1040.61,7284.27
915440,7009670,30945,9.0,191.62,1724.58
915441,7000709,30684,5.0,901.46,4507.3
915442,7003001,30719,6.0,1051.48,6308.88
915443,7003655,30367,8.0,996.98,7975.84
915444,7004234,30182,11.0,1028.68,11315.48
915445,7004559,30796,9.0,1149.39,10344.51
915446,7008175,30195,7.0,759.65,5317.55
915447,7006980,30174,6.0,597.07,3582.42
915448,7005448,31063,7.0,334.07,2338.49
915449,7012663,31105,9.0,347.39,3126.51
915450,7010043,31500,12.0,1145.1,13741.2
915451,7006317,30301,12.0,605.56,7266.72
915452,7006035,30112,2.0,1060.71,2121.42
915453,7000798,30774,1.0,1192.56,1192.56
915454,7003865,30398,12.0,766.35,9196.2
915455,7007705,30240,9.0,582.4,5241.6
915456,7006925,31240,2.0,74.49,148.98
915457,7006785,30408,1.0,679.99,679.99
915458,7003907,30057,1.0,796.86,796.86
915459,7012636,30448,1.0,1040.85,1040.85
915460,7005858,30209,7.0,673.18,4712.26
915461,7007240,30593,9.0,882.01,7938.09
915462,7010273,30425,12.0,620.04,7440.48
915463,7012222,30790,11.0,832.5,9157.5
915464,7011146,30581,1.0,578.12,578.12
915465,7010864,30328,5.0,287.7,1438.5
915466,7002643,30346,2.0,119.53,239.06
915467,7001273,30388,6.0,463.54,2781.24
915468,7010280,31126,3.0,76.51,229.53
915469,7003527,30148,5.0,215.02,1075.1
915470,7014213,30331,12.0,1152.02,13824.24
915471,7010557,31191,8.0,238.33,1906.64
915472,7005041,30109,8.0,955.49,7643.92
915473,7011507,30812,6.0,949.25,5695.5
915474,7000038,30162,3.0,1073.68,3221.04
915475,7008589,31203,2.0,1145.11,2290.22
915476,7011429,30663,6.0,233.3,1399.8
915477,7000682,30763,6.0,196.52,1179.12
915478,7011356,30008,10.0,577.44,5774.4
915479,7008672,30947,10.0,766.58,7665.8
915480,7005193,30728,3.0,187.67,563.01
915481,7013084,30844,12.0,1063.65,12763.8
915482,7014980,30592,3.0,505.87,1517.61
915483,7014418,31276,2.0,215.39,430.78
915484,7008043,30824,6.0,943.36,5660.16
915485,7013611,30895,8.0,1192.59,9540.72
915486,7010730,30707,8.0,986.61,7892.88
915487,7009194,30103,7.0,521.05,3647.35
915488,7004595,30030,2.0,1174.81,2349.62
915489,7006889,31323,12.0,581.54,6978.48
915490,7005881,31311,11.0,703.03,7733.33
915491,7012300,31456,11.0,432.94,4762.34
915492,7012784,30393,7.0,1110.14,7770.98
915493,7006819,31042,6.0,971.03,5826.18
915494,7013734,31173,11.0,113.12,1244.32
915495,7003877,30055,6.0,773.12,4638.72
915496,7012917,30134,12.0,560.18,6722.16
915497,7011428,30543,10.0,678.01,6780.1
915498,7010927,30268,5.0,296.38,1481.9
915499,7010717,31316,9.0,490.26,4412.34
915500,7010461,31176,4.0,36.87,147.48
915501,7008989,30273,12.0,210.98,2531.76
915502,7010153,30157,1.0,492.8,492.8
915503,7000803,30219,6.0,182.36,1094.16
915504,7002041,31170,5.0,430.22,2151.1
915505,7002810,30689,6.0,255.88,1535.28
915506,7007690,31232,9.0,23.37,210.33
915507,7009019,31448,10.0,283.62,2836.2
915508,7011939,30854,9.0,442.34,3981.06
915509,7008353,30802,4.0,183.16,732.64
915510,7008356,31008,1.0,830.11,830.11
915511,7001377,31053,4.0,912.56,3650.24
915512,7014493,31402,1.0,340.66,340.66
915513,7007950,30813,7.0,1050.32,7352.24
915514,7009429,30002,5.0,1030.94,5154.7
915515,7003179,30440,11.0,857.62,9433.82
915516,7003823,30524,7.0,839.8,5878.6
915517,7009040,30525,9.0,857.31,7715.79
915518,7008576,30337,2.0,74.71,149.42
915519,7009252,30478,10.0,156.84,1568.4
915520,7012209,30746,9.0,151.86,1366.74
915521,7003408,31239,8.0,655.26,5242.08
915522,7000782,31285,2.0,663.44,1326.88
915523,7000212,30016,1.0,387.31,387.31
915524,7002640,30538,9.0,211.2,1900.8
915525,7014934,30734,12.0,168.51,2022.12
915526,7001875,31139,8.0,1045.91,8367.28
915527,7003963,30981,2.0,794.9,1589.8
915528,7010674,30196,6.0,479.44,2876.64
915529,7013816,30958,4.0,233.48,933.92
915530,7007729,30530,10.0,427.02,4270.2
915531,7012331,30107,8.0,588.57,4708.56
915532,7005773,30684,8.0,1113.98,8911.84
915533,7000644,30446,7.0,549.0,3843.0
915534,7010764,30210,2.0,651.31,1302.62
915535,7000136,30576,9.0,490.67,4416.03
915536,7014302,30317,12.0,1175.53,14106.36
915537,7008122,30149,4.0,499.64,1998.56
915538,7009792,31356,5.0,432.63,2163.15
915539,7002067,30244,12.0,506.3,6075.6
915540,7013283,30729,7.0,898.51,6289.57
915541,7014238,30894,11.0,96.15,1057.65
915542,7007624,30209,5.0,232.6,1163.0
915543,7003780,31226,1.0,816.48,816.48
915544,7000923,30558,11.0,277.63,3053.93
915545,7002340,30522,12.0,841.02,10092.24
915546,7003128,30198,8.0,145.72,1165.76
915547,7003417,30104,12.0,492.91,5914.92
915548,7002046,30709,5.0,678.72,3393.6
915549,7002083,30950,1.0,822.15,822.15
915550,7014488,30807,12.0,1015.47,12185.64
915551,7005033,30657,10.0,139.44,1394.4
915552,7002991,31177,1.0,137.01,137.01
915553,7012339,30814,5.0,735.06,3675.3
915554,7007524,30042,7.0,586.28,4103.96
915555,7000674,30206,5.0,686.21,3431.05
915556,7003111,30281,9.0,980.93,8828.37
915557,7014486,30208,12.0,1131.19,13574.28
915558,7014819,31426,4.0,479.18,1916.72
915559,7003007,31126,3.0,1064.71,3194.13
915560,7010431,31166,6.0,952.57,5715.42
915561,7000622,31428,2.0,777.68,1555.36
915562,7013386,31256,10.0,273.73,2737.3
915563,7009600,30146,12.0,279.45,3353.4
915564,7008115,31240,7.0,317.53,2222.71
915565,7004907,31157,9.0,1066.42,9597.78
915566,7006123,30736,5.0,358.06,1790.3
915567,7005126,31359,6.0,852.0,5112.0
915568,7007407,30109,11.0,961.54,10576.94
915569,7014813,31243,8.0,158.01,1264.08
915570,7010724,31098,1.0,688.5,688.5
915571,7005633,30139,6.0,105.66,633.96
915572,7004337,30540,11.0,586.9,6455.9
915573,7010844,30436,1.0,912.56,912.56
915574,7009907,31254,8.0,53.69,429.52
915575,7002474,31188,5.0,261.32,1306.6
915576,7007435,30034,11.0,727.18,7998.98
915577,7000429,30097,1.0,957.9,957.9
915578,7005210,30767,6.0,704.78,4228.68
915579,7006322,31381,5.0,917.71,4588.55
915580,7011323,30555,8.0,259.02,2072.16
915581,7014360,30477,2.0,1108.21,2216.42
915582,7003240,30821,11.0,527.61,5803.71
915583,7008288,30381,5.0,152.44,762.2
915584,7013552,31163,3.0,377.98,1133.94
915585,7002135,30787,6.0,514.45,3086.7
915586,7009152,30610,2.0,1172.5,2345.0
915587,7012150,31492,4.0,562.1,2248.4
915588,7006399,30321,6.0,368.76,2212.56
915589,7010535,30873,8.0,677.64,5421.12
915590,7008990,30272,6.0,476.72,2860.32
915591,7013580,30518,10.0,830.52,8305.2
915592,7010825,30772,3.0,996.32,2988.96
915593,7006005,30390,7.0,291.16,2038.12
915594,7009580,30908,8.0,463.46,3707.68
915595,7001545,31121,6.0,200.07,1200.42
915596,7002192,31143,6.0,919.58,5517.48
915597,7011749,30840,11.0,1191.8,13109.8
915598,7002034,31011,12.0,602.81,7233.72
915599,7012300,31351,11.0,63.45,697.95
915600,7006467,31470,3.0,111.65,334.95
915601,7011820,30501,10.0,324.44,3244.4
915602,7002012,30282,2.0,268.35,536.7
915603,7007427,30060,9.0,216.89,1952.01
915604,7010979,30604,1.0,927.4,927.4
915605,7007361,31386,12.0,517.47,6209.64
915606,7008550,31378,6.0,1025.21,6151.26
915607,7002409,31213,12.0,453.65,5443.8
915608,7006962,30276,7.0,313.08,2191.56
915609,7006525,31031,2.0,271.46,542.92
915610,7007343,30692,7.0,70.49,493.43
915611,7007964,30793,12.0,459.91,5518.92
915612,7006634,31313,4.0,97.68,390.72
915613,7004410,30439,1.0,679.34,679.34
915614,7000400,31031,3.0,1008.43,3025.29
915615,7008049,30179,6.0,76.03,456.18
915616,7010867,30634,10.0,506.4,5064.0
915617,7009229,30648,1.0,170.29,170.29
915618,7005569,31305,10.0,734.33,7343.3
915619,7005363,31048,4.0,511.37,2045.48
915620,7001347,30302,8.0,154.58,1236.64
915621,7002633,30879,2.0,939.95,1879.9
915622,7010916,30108,5.0,305.74,1528.7
915623,7008247,30620,8.0,300.79,2406.32
915624,7006396,30223,10.0,868.03,8680.3
915625,7003731,31363,8.0,331.97,2655.76
915626,7002921,30649,3.0,1039.71,3119.13
915627,7002846,31370,3.0,303.83,911.49
915628,7000162,31496,7.0,186.7,1306.9
915629,7005910,31003,8.0,625.06,5000.48
915630,7004275,31223,9.0,315.1,2835.9
915631,7012603,30743,7.0,837.33,5861.31
915632,7010997,30475,7.0,536.95,3758.65
915633,7010771,30113,4.0,579.07,2316.28
915634,7008518,30806,3.0,849.66,2548.98
915635,7014328,31049,1.0,352.54,352.54
915636,7011381,30651,12.0,614.52,7374.24
915637,7011133,30440,4.0,367.62,1470.48
915638,7005957,30395,12.0,886.85,10642.2
915639,7007995,30786,4.0,117.65,470.6
915640,7014466,30884,2.0,273.77,547.54
915641,7002448,31082,7.0,393.37,2753.58
915642,7014255,31031,3.0,346.92,1040.76
915643,7000958,30380,4.0,230.43,921.72
915644,7006993,30174,8.0,1030.31,8242.48
915645,7000157,31483,2.0,1036.85,2073.7
915646,7009478,30623,8.0,682.29,5458.32
915647,7006254,31066,7.0,771.52,5400.64
915648,7011038,31183,5.0,33.4,167.0
915649,7013621,30972,5.0,455.4,2277.0
915650,7008595,30368,9.0,1125.01,10125.09
915651,7011144,30926,4.0,90.48,361.92
915652,7003664,30451,4.0,438.94,1755.76
915653,7012451,30150,7.0,664.53,4651.71
915654,7011929,30630,7.0,994.04,6958.28
915655,7003056,31255,10.0,708.96,7089.6
915656,7004309,30471,3.0,89.33,267.99
915657,7013294,30840,7.0,827.94,5795.58
915658,7011827,30610,6.0,88.74,532.44
915659,7013102,30580,8.0,798.53,6388.24
915660,7012822,31230,6.0,564.38,3386.28
915661,7001415,30023,5.0,815.84,4079.2
915662,7003309,30263,10.0,795.93,7959.3
915663,7009917,30091,9.0,466.81,4201.29
915664,7011659,31455,3.0,41.31,123.93
915665,7013414,30351,11.0,538.71,5925.81
915666,7004388,31029,3.0,102.75,308.25
915667,7007512,30823,8.0,662.36,5298.88
915668,7005699,31474,12.0,799.75,9597.0
915669,7008394,30962,3.0,510.4,1531.2
915670,7001058,30062,4.0,827.98,3311.92
915671,7011370,30851,8.0,987.18,7897.44
915672,7011025,30114,9.0,293.05,2637.45
915673,7009969,31098,10.0,709.36,7093.6
915674,7007433,31224,5.0,507.35,2536.75
915675,7007051,30535,8.0,304.36,2434.88
915676,7010685,30121,5.0,154.91,774.55
915677,7009381,30555,5.0,901.1,4505.5
915678,7005599,30552,10.0,65.28,652.8
915679,7006536,30380,5.0,1052.65,5263.25
915680,7009391,30122,1.0,302.43,302.43
915681,7007061,31174,8.0,484.62,3876.96
915682,7007743,30579,1.0,946.6,946.6
915683,7008501,31433,7.0,535.34,3747.38
915684,7002918,30428,11.0,204.66,2251.26
915685,7014590,31397,1.0,834.62,834.62
915686,7001722,31393,6.0,828.2,4969.2
915687,7011126,30029,10.0,1056.36,10563.6
915688,7008960,30706,12.0,981.52,11778.24
915689,7007754,30861,10.0,634.11,6341.1
915690,7002557,30844,11.0,561.2,6173.2
915691,7011238,31277,7.0,510.95,3576.65
915692,7011987,30610,4.0,595.4,2381.6
915693,7004355,30007,11.0,105.78,1163.58
915694,7013887,30934,12.0,342.91,4114.92
915695,7000665,30058,6.0,727.75,4366.5
915696,7003898,31257,12.0,834.98,10019.76
915697,7003493,30915,8.0,135.03,1080.24
915698,7008654,31033,5.0,24.59,122.95
915699,7005215,30160,4.0,740.34,2961.36
915700,7002461,31040,7.0,516.54,3615.78
915701,7001790,30960,4.0,243.98,975.92
915702,7008013,31432,11.0,969.71,10666.81
915703,7000669,30654,4.0,924.21,3696.84
915704,7014824,31101,9.0,700.09,6300.81
915705,7010012,30985,5.0,857.55,4287.75
915706,7005828,30289,1.0,1103.57,1103.57
915707,7009762,30834,3.0,139.3,417.9
915708,7003769,30689,8.0,1059.44,8475.52
915709,7006944,30521,7.0,86.2,603.4
915710,7001311,30198,1.0,634.06,634.06
915711,7001810,30818,9.0,1166.38,10497.42
915712,7007815,30920,9.0,69.59,626.31
915713,7005137,31486,11.0,214.61,2360.71
915714,7005501,31048,1.0,87.4,87.4
915715,7008141,30443,6.0,164.04,984.24
915716,7005588,31221,10.0,1095.52,10955.2
915717,7000429,31496,10.0,642.6,6426.0
915718,7001781,30721,4.0,722.27,2889.08
915719,7014866,31213,4.0,692.42,2769.68
915720,7014774,31362,11.0,33.89,372.79
915721,7013410,31130,8.0,1156.3,9250.4
915722,7010089,30677,5.0,880.3,4401.5
915723,7002755,31375,12.0,437.31,5247.72
915724,7010889,30877,3.0,131.11,393.33
915725,7011554,30429,4.0,365.29,1461.16
915726,7004934,31227,6.0,649.18,3895.08
915727,7001120,30411,2.0,153.19,306.38
915728,7000678,31056,7.0,35.39,247.73
915729,7012976,31377,5.0,43.52,217.6
915730,7006261,31059,2.0,401.37,802.74
915731,7000203,30871,5.0,1195.32,5976.6
915732,7009344,31357,11.0,686.61,7552.71
915733,7014913,31220,9.0,1192.65,10733.85
915734,7001049,31387,4.0,169.23,676.92
915735,7013838,30821,4.0,149.64,598.56
915736,7014646,30753,5.0,851.1,4255.5
915737,7010805,30047,12.0,698.9,8386.8
915738,7000038,30839,5.0,479.58,2397.9
915739,7011335,30612,5.0,72.79,363.95
915740,7006845,30873,12.0,310.5,3726.0
915741,7006077,30228,1.0,126.39,126.39
915742,7013331,30694,8.0,276.82,2214.56
915743,7010180,30566,2.0,1104.64,2209.28
915744,7004556,30189,6.0,564.89,3389.34
915745,7002263,30463,6.0,153.55,921.3
915746,7006929,30297,12.0,867.26,10407.12
915747,7008970,30121,6.0,655.3,3931.8
915748,7004650,30288,7.0,32.36,226.52
915749,7002826,30703,12.0,1040.01,12480.12
915750,7012547,30748,11.0,193.06,2123.66
915751,7002852,30182,5.0,1111.66,5558.3
915752,7001376,31405,12.0,771.09,9253.08
915753,7014132,30599,2.0,82.96,165.92
915754,7010523,31088,5.0,1137.44,5687.2
915755,7001231,30175,8.0,416.41,3331.28
915756,7011896,30981,10.0,61.38,613.8
915757,7003243,30505,5.0,988.81,4944.05
915758,7006556,31104,2.0,717.68,1435.36
915759,7004406,30699,9.0,286.42,2577.78
915760,7008563,31060,8.0,255.39,2043.12
915761,7013361,30742,10.0,1067.19,10671.9
915762,7001855,31058,1.0,728.46,728.46
915763,7003434,30861,5.0,629.34,3146.68
915764,7001539,31468,4.0,604.77,2419.08
915765,7005078,30358,11.0,206.52,2271.72
915766,7014573,30490,7.0,580.47,4063.29
915767,7011314,30740,6.0,457.55,2745.3
915768,7002506,30771,11.0,533.4,5867.4
915769,7005123,30245,3.0,786.34,2359.02
915770,7008188,30041,9.0,661.68,5955.12
915771,7012685,31261,3.0,572.38,1717.14
915772,7004517,31070,1.0,872.99,872.99
915773,7003630,30069,3.0,714.54,2143.62
915774,7005737,30155,3.0,834.76,2504.28
915775,7011541,30255,5.0,360.01,1800.05
915776,7009179,30173,2.0,93.08,186.16
915777,7011367,31109,4.0,1103.68,4414.72
915778,7006833,30308,4.0,1013.11,4052.44
915779,7001670,30066,11.0,593.18,6525.04
915780,7014204,31202,8.0,626.02,5008.16
915781,7009522,31076,4.0,582.05,2328.2
915782,7001826,30572,3.0,64.7,194.1
915783,7010291,30047,2.0,27.7,55.4
915784,7014511,31383,8.0,1151.41,9211.28
915785,7002692,31059,10.0,377.18,3771.8
915786,7004111,31188,10.0,54.31,543.1
915787,7002113,30840,11.0,919.31,10112.41
915788,7006631,30104,7.0,39.18,274.26
915789,7011309,30688,6.0,118.43,710.58
915790,7004067,30237,1.0,754.94,754.94
915791,7004392,30247,2.0,480.81,961.62
915792,7012953,30365,4.0,870.02,3480.08
915793,7009708,30747,7.0,347.77,2434.39
915794,7009146,30847,1.0,558.92,558.92
915795,7001664,31261,1.0,1749.62,1749.62
915796,7007077,31031,4.0,133.55,534.2
915797,7004023,31097,4.0,89.94,359.76
915798,7002921,30554,12.0,1048.7,12584.4
915799,7008880,30813,8.0,1098.57,8788.56
915800,7000798,30578,10.0,630.9,6309.0
915801,7006242,30919,1.0,562.71,562.71
915802,7009004,30894,8.0,677.7,5421.6
915803,7011478,30554,4.0,956.91,3827.64
915804,7006739,30062,6.0,775.43,4652.58
915805,7009621,30930,6.0,246.84,1481.04
915806,7001398,30173,12.0,279.88,3358.56
915807,7012036,30498,7.0,668.14,4676.98
915808,7007847,31267,12.0,926.4,11116.8
915809,7006972,30604,3.0,21.88,65.64
915810,7009407,31474,1.0,830.17,830.17
915811,7005157,31418,7.0,418.74,2931.18
915812,7008017,30033,8.0,260.17,2081.36
915813,7009972,30276,10.0,524.62,5246.2
915814,7004956,30635,1.0,721.06,721.06
915815,7001713,30073,7.0,1166.76,8167.32
915816,7008963,30326,9.0,715.03,6435.27
915817,7010803,30014,1.0,597.75,597.75
915818,7011267,30101,9.0,442.86,3985.74
915819,7010502,30863,3.0,1161.53,3484.59
915820,7007582,31370,5.0,89.99,449.95
915821,7000262,30444,4.0,571.42,2285.68
915822,7009374,30528,3.0,296.67,890.01
915823,7004443,30835,11.0,260.31,2863.41
915824,7007713,31317,6.0,655.54,3933.24
915825,7006312,31234,10.0,405.65,4056.5
915826,7000465,30149,2.0,39.88,79.76
915827,7003822,30399,1.0,816.12,816.12
915828,7004231,30159,10.0,722.08,7220.8
915829,7005054,31091,4.0,865.01,3460.04
915830,7007296,30917,8.0,50.16,401.28
915831,7014099,31446,11.0,1042.3,11465.3
915832,7009294,31421,7.0,506.68,3546.76
915833,7013200,30371,7.0,1073.76,7516.32
915834,7005018,30336,11.0,849.62,9345.82
915835,7004539,30835,8.0,210.74,1685.92
915836,7014214,31054,10.0,301.3,3013.0
915837,7005051,31029,8.0,539.5,4316.0
915838,7003531,30947,8.0,803.1,6424.8
915839,7008555,30237,8.0,1077.88,8623.04
915840,7012619,30263,12.0,266.5,3198.0
915841,7009444,30462,8.0,634.35,5074.8
915842,7011914,30247,11.0,509.79,5607.69
915843,7009415,30402,12.0,1071.68,12860.16
915844,7004148,30806,10.0,690.73,6907.3
915845,7004456,30307,4.0,534.25,2137.0
915846,7003974,30568,12.0,406.38,4876.56
915847,7000120,31344,6.0,358.92,2153.52
915848,7002015,30905,7.0,108.93,762.51
915849,7006989,30522,12.0,499.88,5998.56
915850,7009116,31319,6.0,954.85,5729.1
915851,7007174,30936,4.0,270.31,1081.24
915852,7006950,30006,2.0,260.01,520.02
915853,7001403,31365,7.0,414.76,2903.32
915854,7002013,30958,10.0,1188.57,11885.7
915855,7005014,30411,8.0,501.91,4015.28
915856,7005088,30836,9.0,601.53,5413.77
915857,7006943,31140,9.0,595.46,5359.14
915858,7013289,31354,1.0,867.61,867.61
915859,7007930,30575,6.0,772.18,4633.08
915860,7011924,31478,10.0,371.67,3716.7
915861,7007905,30744,7.0,789.31,5525.17
915862,7004942,30120,9.0,1196.74,10770.66
915863,7004335,30980,6.0,1122.42,6734.52
915864,7007315,31445,5.0,485.57,2427.85
915865,7011689,31079,5.0,530.12,2650.6
915866,7012480,30058,9.0,607.81,5470.29
915867,7001937,31319,8.0,32.73,261.84
915868,7001958,30921,12.0,333.42,4001.04
915869,7009080,30451,2.0,477.31,954.62
915870,7007402,30115,8.0,500.76,4006.08
915871,7014440,30884,11.0,667.56,7343.16
915872,7014528,31106,8.0,1144.39,9155.12
915873,7002004,30225,2.0,857.99,1715.98
915874,7006155,30847,1.0,1134.29,1134.29
915875,7003237,30567,1.0,55.82,55.82
915876,7000333,31120,3.0,786.12,2358.38
915877,7003122,30667,9.0,1173.99,10565.91
915878,7008096,31153,12.0,330.59,3967.08
915879,7010088,30408,7.0,1011.92,7083.44
915880,7012172,31324,1.0,352.44,352.44
915881,7004798,30324,9.0,568.63,5117.67
915882,7007241,31249,2.0,599.71,1199.42
915883,7009678,31392,4.0,350.96,1403.84
915884,7006797,30476,3.0,924.01,2772.03
915885,7013863,30505,3.0,127.23,381.69
915886,7003464,30848,9.0,1029.9,9269.1
915887,7002948,31260,3.0,769.95,2309.85
915888,7010562,30502,3.0,563.95,1691.85
915889,7003389,30416,7.0,391.75,2742.25
915890,7001571,30571,8.0,449.22,3593.76
915891,7000585,30501,5.0,227.16,1135.8
915892,7006163,31058,8.0,847.86,6782.88
915893,7012138,30168,2.0,111.72,223.44
915894,7004749,30221,8.0,739.12,5912.96
915895,7011322,30629,9.0,259.15,2332.35
915896,7007051,31132,6.0,58.29,349.74
915897,7014475,31231,11.0,948.72,10435.92
915898,7000527,31140,7.0,1098.2,7687.4
915899,7003869,31048,5.0,672.16,3360.8
915900,7013719,30197,5.0,1086.4,5432.0
915901,7008546,31353,2.0,835.76,1671.52
915902,7001159,31421,2.0,882.71,1765.42
915903,7010556,31478,1.0,488.61,488.61
915904,7004223,30062,2.0,827.98,1655.96
915905,7005357,30950,5.0,513.7,2568.5
915906,7009853,30946,11.0,311.12,3422.32
915907,7008507,31484,7.0,18.71,130.97
915908,7000957,31308,6.0,1077.64,6465.84
915909,7008615,30240,12.0,815.53,9786.36
915910,7008667,30064,7.0,1143.74,8006.18
915911,7009493,30365,3.0,320.26,960.78
915912,7014046,30822,2.0,269.45,538.9
915913,7011597,30725,4.0,373.71,1494.84
915914,7003228,30949,1.0,970.24,970.24
915915,7004111,30011,8.0,466.39,3731.12
915916,7007921,30658,7.0,900.31,6302.17
915917,7001464,30172,6.0,430.67,2584.02
915918,7000728,31114,7.0,885.88,6201.16
915919,7009644,30436,12.0,714.83,8577.96
915920,7008456,30036,5.0,195.41,977.05
915921,7014307,30514,1.0,1109.91,1109.91
915922,7001382,30342,2.0,225.21,450.42
915923,7004740,30952,5.0,1016.41,5082.05
915924,7003596,30762,5.0,188.24,941.2
915925,7006942,30118,1.0,717.98,717.98
915926,7006743,30704,2.0,868.22,1736.44
915927,7007270,31201,12.0,865.1,10381.2
915928,7000583,30327,9.0,983.99,8855.91
915929,7001781,30127,2.0,820.1,1640.2
915930,7010989,30138,12.0,456.05,5472.6
915931,7012552,30696,1.0,519.0,519.0
915932,7004881,30264,8.0,790.15,6321.2
915933,7014207,30600,12.0,309.91,3718.92
915934,7003716,30931,3.0,546.98,1640.94
915935,7000988,30608,3.0,1037.32,3111.96
915936,7009390,30638,3.0,282.59,847.77
915937,7011369,30216,4.0,304.99,1219.96
915938,7014932,31408,12.0,570.01,6840.12
915939,7012269,31120,11.0,743.31,8176.41
915940,7001669,31043,7.0,173.14,1211.98
915941,7012034,30303,10.0,525.68,5256.8
915942,7013272,30144,1.0,884.4,884.4
915943,7010976,30651,12.0,132.42,1589.04
915944,7012422,30954,10.0,518.12,5181.2
915945,7002418,31271,8.0,887.83,7102.64
915946,7003371,30747,1.0,1165.85,1165.85
915947,7013248,31245,11.0,901.49,9916.39
915948,7013063,30550,12.0,1089.43,13073.16
915949,7004198,30591,6.0,692.95,4157.7
915950,7013110,30855,9.0,71.64,644.76
915951,7000641,30571,7.0,745.0,5215.0
915952,7011032,31052,3.0,433.42,1300.26
915953,7004389,30574,4.0,761.15,3044.6
915954,7003330,30253,4.0,118.09,472.36
915955,7014300,30424,5.0,299.02,1495.1
915956,7009753,30930,5.0,798.88,3994.4
915957,7013011,31240,12.0,11.34,136.08
915958,7010679,30435,9.0,16.26,146.34
915959,7005972,30401,9.0,714.34,6429.06
915960,7000268,30608,1.0,228.35,228.35
915961,7005141,30165,3.0,1189.95,3569.85
915962,7015000,31002,7.0,1097.27,7680.89
915963,7014106,31142,1.0,802.12,802.12
915964,7000850,30562,10.0,1169.78,11697.8
915965,7007854,30791,2.0,779.7,1559.4
915966,7000904,30671,3.0,746.67,2240.01
915967,7005649,30764,7.0,231.82,1622.74
915968,7012769,31485,8.0,1084.51,8676.08
915969,7005692,30787,9.0,570.19,5131.71
915970,7008240,31254,6.0,478.95,2873.7
915971,7004801,31304,10.0,964.51,9645.1
915972,7008612,30169,9.0,65.01,585.09
915973,7012240,30864,4.0,224.01,896.04
915974,7012566,31208,9.0,423.95,3815.55
915975,7006485,31383,7.0,605.69,4239.83
915976,7005082,30979,4.0,835.93,3343.72
915977,7005646,31190,8.0,91.15,729.2
915978,7000670,30956,10.0,468.82,4688.2
915979,7004187,30603,12.0,612.19,7346.28
915980,7007827,30892,1.0,267.46,267.46
915981,7011923,31350,9.0,448.4,4035.6
915982,7002342,31036,2.0,1161.08,2322.17
915983,7008221,30751,6.0,828.71,4972.26
915984,7001299,31353,1.0,1134.31,1134.31
915985,7001746,30793,8.0,1074.08,8592.64
915986,7008896,30637,12.0,760.6,9127.2
915987,7010604,31436,8.0,291.51,2332.08
915988,7003274,31192,12.0,765.87,9190.44
915989,7006612,30216,10.0,628.06,6280.6
915990,7002725,30791,7.0,447.86,3135.02
915991,7013622,30341,8.0,182.89,1463.12
915992,7014842,31166,4.0,64.15,256.6
915993,7005839,31352,3.0,197.07,591.21
915994,7009832,31102,5.0,416.04,2080.2
915995,7000083,30815,8.0,384.21,3073.68
915996,7007213,30977,4.0,925.11,3700.44
915997,7007258,30680,11.0,428.36,4711.96
915998,7014042,30435,3.0,420.42,1261.26
915999,7012024,31363,3.0,1150.29,3450.87
916000,7000964,31316,3.0,250.81,752.43
916001,7001454,30780,7.0,12.63,88.41
916002,7006593,30482,8.0,875.4,7003.2
916003,7003962,30023,3.0,413.65,1240.95
916004,7002304,30691,5.0,531.46,2657.3
916005,7014003,31053,4.0,187.0,748.0
916006,7000396,30944,10.0,462.65,4626.5
916007,7002443,31250,12.0,140.27,1683.24
916008,7014147,30098,8.0,773.62,6188.96
916009,7002943,30423,2.0,808.21,1616.42
916010,7012930,31399,6.0,961.73,5770.38
916011,7005017,30711,3.0,844.98,2534.94
916012,7012043,30895,5.0,457.6,2288.0
916013,7002755,30793,3.0,1047.48,3142.44
916014,7005251,30151,5.0,711.69,3558.45
916015,7010090,30253,7.0,1196.13,8372.91
916016,7012824,30969,10.0,939.87,9398.7
916017,7009502,30552,3.0,183.57,550.71
916018,7010249,30581,1.0,1123.17,1123.17
916019,7008566,30644,3.0,1182.47,3547.41
916020,7013382,30040,8.0,518.63,4149.04
916021,7009345,31164,6.0,270.49,1622.94
916022,7012883,30210,2.0,1170.79,2341.58
916023,7003637,30667,5.0,1003.2,5016.0
916024,7000054,30295,12.0,700.78,8409.36
916025,7010251,31329,6.0,363.88,2183.28
916026,7003881,30425,9.0,215.79,1942.11
916027,7011922,31031,6.0,440.9,2645.37
916028,7001575,31418,12.0,870.62,10447.44
916029,7008514,30819,9.0,411.51,3703.59
916030,7013192,30075,11.0,102.49,1127.39
916031,7014413,30424,3.0,310.29,930.87
916032,7002503,30430,8.0,873.95,6991.6
916033,7008698,30667,8.0,604.66,4837.28
916034,7002568,30179,9.0,1154.74,10392.66
916035,7004975,31027,3.0,125.58,376.74
916036,7002824,30516,4.0,954.78,3819.12
916037,7002761,30720,3.0,897.38,2692.14
916038,7003973,30135,9.0,512.36,4611.24
916039,7014202,30731,7.0,326.23,2283.61
916040,7001966,30611,2.0,1075.7,2151.4
916041,7001847,30406,10.0,993.03,9930.3
916042,7004514,30262,7.0,605.37,4237.59
916043,7012921,30941,12.0,679.33,8151.96
916044,7001589,31299,4.0,100.17,400.68
916045,7006031,30609,1.0,727.45,727.45
916046,7008152,30029,11.0,822.18,9043.98
916047,7009047,31212,9.0,108.98,980.82
916048,7010412,30284,8.0,1009.26,8074.08
916049,7000623,30022,7.0,49.16,344.12
916050,7001773,30947,4.0,157.88,631.52
916051,7001844,31419,7.0,1179.71,8257.97
916052,7013923,30656,1.0,970.33,970.33
916053,7011626,30080,6.0,601.37,3608.22
916054,7005677,30331,11.0,501.21,5513.31
916055,7008159,31426,2.0,333.59,667.18
916056,7004644,30714,2.0,1184.44,2368.88
916057,7009272,30360,11.0,530.18,5831.98
916058,7011972,30570,1.0,401.92,401.92
916059,7007399,31115,4.0,117.85,471.4
916060,7000058,30217,12.0,44.09,529.08
916061,7001306,30245,4.0,184.77,739.08
916062,7012935,30801,3.0,435.57,1306.71
916063,7012032,30861,11.0,52.93,582.23
916064,7005832,31105,7.0,512.98,3590.86
916065,7007920,31430,9.0,95.79,862.11
916066,7002558,30347,7.0,657.61,4603.27
916067,7006702,30361,2.0,500.45,1000.9
916068,7013582,30207,4.0,1111.19,4444.76
916069,7005239,30859,3.0,725.08,2175.26
916070,7009974,30856,6.0,219.61,1317.66
916071,7000519,31403,5.0,830.09,4150.45
916072,7009313,30498,9.0,954.88,8593.92
916073,7004170,30924,2.0,511.9,1023.8
916074,7000687,30974,1.0,993.81,993.81
916075,7014394,30516,5.0,13.81,69.05
916076,7005259,31255,12.0,1054.36,12652.32
916077,7011191,30432,8.0,1076.35,8610.8
916078,7003181,30012,9.0,712.3,6410.7
916079,7009699,30072,4.0,1024.24,4096.96
916080,7012177,31366,8.0,850.9,6807.2
916081,7013964,30122,2.0,88.04,176.08
916082,7004583,31497,6.0,1024.32,6145.92
916083,7010776,30965,4.0,114.91,459.64
916084,7004040,30566,5.0,583.54,2917.7
916085,7002087,30713,2.0,29.83,59.66
916086,7010354,30195,7.0,258.91,1812.37
916087,7007891,30651,6.0,742.23,4453.38
916088,7003367,30738,8.0,427.82,3422.56
916089,7000682,31251,4.0,662.7,2650.8
916090,7005245,30657,6.0,323.5,1941.0
916091,7010281,31429,6.0,522.84,3137.04
916092,7000945,30524,3.0,936.38,2809.14
916093,7009836,30582,1.0,899.36,899.36
916094,7002055,31005,12.0,889.65,10675.8
916095,7005916,30372,10.0,46.6,465.96
916096,7008443,31469,10.0,81.76,817.6
916097,7002288,31210,8.0,1000.64,8005.12
916098,7012565,30553,2.0,66.32,132.64
916099,7009974,31433,5.0,823.41,4117.05
916100,7011855,30292,4.0,590.48,2361.94
916101,7000281,30810,4.0,1011.4,4045.6
916102,7009697,31357,2.0,653.9,1307.8
916103,7002177,30521,5.0,922.69,4613.45
916104,7001968,30643,1.0,70.05,70.05
916105,7002669,31480,12.0,1199.89,14398.68
916106,7011506,30452,5.0,819.35,4096.75
916107,7006612,30253,8.0,943.65,7549.2
916108,7001353,30932,4.0,614.33,2457.32
916109,7008627,30980,4.0,1005.89,4023.56
916110,7010908,30562,11.0,775.28,8528.08
916111,7004148,30455,8.0,422.51,3380.08
916112,7011323,31468,4.0,931.66,3726.64
916113,7014541,30331,8.0,787.06,6296.48
916114,7001149,30302,8.0,819.2,6553.6
916115,7002293,30569,8.0,991.15,7929.2
916116,7001596,30222,1.0,358.49,358.49
916117,7005395,31185,7.0,827.43,5792.01
916118,7012271,30056,9.0,768.24,6914.16
916119,7013259,30068,9.0,281.27,2531.43
916120,7012067,30932,2.0,1000.09,2000.18
916121,7007297,31382,10.0,1188.8,11888.0
916122,7002702,30351,12.0,579.64,6955.68
916123,7006247,30433,10.0,624.72,6247.2
916124,7011531,31415,9.0,114.53,1030.77
916125,7013998,30918,11.0,420.35,4623.85
916126,7001559,30499,3.0,640.8,1922.4
916127,7012402,30359,5.0,998.27,4991.35
916128,7012305,31235,7.0,25.64,179.48
916129,7009129,30572,2.0,1091.56,2183.12
916130,7005993,30545,4.0,429.83,1719.32
916131,7011282,30551,4.0,1056.14,4224.56
916132,7013048,30631,4.0,381.14,1524.56
916133,7010682,30710,12.0,394.93,4739.16
916134,7000725,30271,2.0,194.7,389.4
916135,7004342,31411,12.0,281.8,3381.6
916136,7000180,31127,10.0,173.69,1736.9
916137,7013864,31162,9.0,58.27,524.43
916138,7004960,30144,8.0,57.9,463.2
916139,7012049,30842,3.0,389.65,1168.95
916140,7000973,31104,5.0,77.5,387.5
916141,7000171,30528,5.0,1193.04,5965.2
916142,7001098,31231,5.0,1132.07,5660.35
916143,7013480,30695,6.0,714.82,4288.92
916144,7004108,30093,9.0,492.52,4432.68
916145,7014576,30669,3.0,284.26,852.78
916146,7012942,30130,5.0,175.27,876.35
916147,7002805,30403,5.0,229.27,1146.35
916148,7005782,31187,5.0,342.21,1711.05
916149,7003209,30714,2.0,846.48,1692.96
916150,7002328,30753,1.0,382.84,382.84
916151,7008165,30986,4.0,288.9,1155.6
916152,7006911,30036,10.0,977.71,9777.1
916153,7001994,30174,9.0,895.58,8060.22
916154,7004076,31309,1.0,1036.74,1036.74
916155,7001306,30349,8.0,628.45,5027.64
916156,7012452,30937,5.0,995.86,4979.3
916157,7004282,30933,2.0,141.61,283.22
916158,7001274,30003,3.0,232.15,696.45
916159,7006592,31492,11.0,116.29,1279.19
916160,7010566,30448,5.0,431.86,2159.3
916161,7008104,30472,8.0,185.35,1482.8
916162,7004807,30913,4.0,788.08,3152.32
916163,7013669,30321,5.0,565.8,2829.0
916164,7004185,30701,12.0,281.16,3373.92
916165,7003307,31327,7.0,230.21,1611.47
916166,7004288,30232,2.0,840.84,1681.68
916167,7005354,30639,7.0,274.66,1922.62
916168,7005212,30600,12.0,213.55,2562.6
916169,7002072,30751,11.0,1157.48,12732.28
916170,7002061,30789,5.0,239.26,1196.3
916171,7014333,31066,1.0,479.0,479.0
916172,7013990,30119,2.0,588.58,1177.15
916173,7005791,31007,10.0,139.63,1396.31
916174,7000374,30208,9.0,570.21,5131.89
916175,7010840,30983,3.0,960.55,2881.65
916176,7006189,30646,1.0,716.7,716.7
916177,7000197,30095,4.0,910.65,3642.6
916178,7003500,30533,11.0,140.02,1540.22
916179,7008458,31357,4.0,128.7,514.8
916180,7014560,30925,8.0,1092.14,8737.12
916181,7014067,31382,3.0,771.05,2313.15
916182,7005946,30310,5.0,669.8,3349.0
916183,7006315,31328,7.0,19.33,135.31
916184,7000994,31462,3.0,274.7,824.1
916185,7014030,30718,12.0,701.72,8420.64
916186,7010896,30480,3.0,321.04,963.12
916187,7005977,30844,12.0,518.61,6223.32
916188,7001288,31499,1.0,791.28,791.28
916189,7010751,30801,1.0,878.55,878.55
916190,7001415,31439,5.0,1183.44,5917.2
916191,7003727,30837,12.0,758.45,9101.4
916192,7005810,31427,8.0,652.51,5220.08
916193,7011536,30587,9.0,866.97,7802.73
916194,7011771,31004,4.0,229.38,917.52
916195,7010086,31290,2.0,773.28,1546.56
916196,7003095,30419,2.0,182.66,365.32
916197,7000116,30983,11.0,794.02,8734.22
916198,7006834,30277,11.0,842.74,9270.14
916199,7008412,30333,2.0,413.25,826.5
916200,7012012,31314,8.0,928.63,7429.04
916201,7009364,31428,11.0,213.62,2349.82
916202,7010413,30978,2.0,216.53,433.06
916203,7011181,31398,11.0,1059.86,11658.46
916204,7014228,30801,11.0,694.57,7640.27
916205,7001481,30118,3.0,884.93,2654.79
916206,7011630,31491,9.0,96.45,868.05
916207,7000976,30340,3.0,372.61,1117.83
916208,7008482,30306,7.0,256.95,1798.65
916209,7005832,31431,9.0,704.95,6344.55
916210,7002378,30333,4.0,610.69,2442.76
916211,7008943,31461,2.0,1065.85,2131.7
916212,7014803,30055,11.0,449.49,4944.39
916213,7005145,30832,8.0,919.44,7355.52
916214,7000497,30906,12.0,474.51,5694.12
916215,7008084,30735,11.0,1008.18,11089.98
916216,7012602,31157,3.0,461.98,1385.94
916217,7005225,30724,7.0,298.11,2086.77
916218,7007508,31154,5.0,418.49,2092.45
916219,7000782,30918,8.0,765.79,6126.32
916220,7011137,30967,6.0,601.37,3608.22
916221,7006306,30827,6.0,323.49,1940.94
916222,7012545,30678,9.0,888.23,7994.07
916223,7003725,31460,5.0,522.34,2611.7
916224,7002025,30077,6.0,720.41,4322.46
916225,7002184,30197,9.0,1014.85,9133.65
916226,7013108,30003,8.0,489.76,3918.08
916227,7012100,30820,11.0,783.54,8618.94
916228,7005384,31151,8.0,661.48,5291.84
916229,7003529,30728,9.0,1165.13,10486.17
916230,7013964,30629,7.0,711.69,4981.83
916231,7008985,30641,11.0,1110.56,12216.16
916232,7011258,31012,12.0,788.94,9467.28
916233,7003017,30582,5.0,456.72,2283.6
916234,7014160,31464,2.0,311.57,623.14
916235,7003301,30259,5.0,384.55,1922.75
916236,7012792,30367,12.0,195.68,2348.16
916237,7014292,30779,8.0,314.5,2516.0
916238,7012962,30068,9.0,313.55,2821.95
916239,7004147,30297,1.0,289.62,289.62
916240,7005697,30252,4.0,899.76,3599.04
916241,7011954,30425,8.0,105.31,842.48
916242,7008499,30759,11.0,522.66,5749.26
916243,7012748,30126,11.0,1170.06,12870.66
916244,7003491,31416,6.0,1050.08,6300.48
916245,7012067,30731,2.0,533.85,1067.7
916246,7005588,30443,10.0,438.3,4383.0
916247,7011761,30798,9.0,406.13,3655.17
916248,7012967,30708,5.0,1044.34,5221.7
916249,7004712,30674,10.0,1009.89,10098.9
916250,7002270,30135,6.0,52.76,316.56
916251,7005143,31089,8.0,133.62,1068.96
916252,7009781,30196,2.0,16.83,33.66
916253,7014003,30373,9.0,641.7,5775.3
916254,7012849,30589,8.0,393.26,3146.08
916255,7006311,31370,10.0,896.45,8964.5
916256,7012742,31105,11.0,394.73,4342.03
916257,7006168,30181,9.0,50.93,458.37
916258,7000427,31482,11.0,85.8,943.8
916259,7009927,31208,3.0,1034.0,3102.0
916260,7011825,31311,3.0,21.06,63.18
916261,7007834,30110,6.0,20.66,123.96
916262,7001564,30516,8.0,1129.25,9034.0
916263,7007715,30787,6.0,514.12,3084.72
916264,7009286,30309,10.0,34.14,341.4
916265,7012208,31071,1.0,568.47,568.47
916266,7013243,30814,9.0,860.7,7746.3
916267,7003151,31139,11.0,1102.09,12122.99
916268,7003310,31185,7.0,41.35,289.45
916269,7001885,30976,11.0,1111.86,12230.46
916270,7011000,31301,3.0,872.61,2617.83
916271,7014154,30840,6.0,123.55,741.3
916272,7002023,31297,3.0,448.58,1345.74
916273,7011257,30288,2.0,490.6,981.2
916274,7013525,30798,10.0,307.99,3079.9
916275,7013385,31414,4.0,76.33,305.32
916276,7008226,30145,10.0,836.95,8369.5
916277,7005268,30958,8.0,343.17,2745.36
916278,7007824,30855,11.0,1010.26,11112.86
916279,7002080,31204,3.0,306.66,919.98
916280,7011444,30897,6.0,584.59,3507.54
916281,7002661,30193,7.0,1001.56,7010.92
916282,7008406,30864,5.0,485.07,2425.35
916283,7010931,31435,7.0,1068.28,7477.96
916284,7004735,31500,4.0,1155.77,4623.08
916285,7000131,30762,10.0,419.25,4192.5
916286,7014948,30099,10.0,928.13,9281.3
916287,7014220,31095,5.0,1032.43,5162.15
916288,7008038,31138,5.0,458.84,2294.2
916289,7011128,31261,1.0,1319.85,1319.85
916290,7010290,30884,10.0,924.38,9243.8
916291,7012302,30643,12.0,1174.23,14090.76
916292,7009670,31358,8.0,1186.2,9489.6
916293,7007799,31498,9.0,162.57,1463.13
916294,7010782,31366,6.0,546.85,3281.1
916295,7001227,31485,3.0,853.71,2561.13
916296,7003040,30600,3.0,404.87,1214.61
916297,7014503,30980,7.0,431.58,3021.1
916298,7013592,31314,2.0,1162.14,2324.28
916299,7011353,30129,12.0,606.47,7277.64
916300,7013542,31231,6.0,75.96,455.76
916301,7001731,30631,5.0,157.3,786.5
916302,7010418,30384,1.0,136.02,136.02
916303,7012175,30377,1.0,280.03,280.03
916304,7002457,30041,2.0,1048.19,2096.38
916305,7001855,30657,7.0,866.3,6064.1
916306,7005514,31220,5.0,916.12,4580.6
916307,7008909,30013,6.0,836.53,5019.18
916308,7012357,30662,7.0,296.56,2075.92
916309,7001375,31252,10.0,532.64,5326.4
916310,7001445,30040,5.0,1189.8,5949.0
916311,7008086,31496,2.0,454.96,909.92
916312,7010383,30194,6.0,740.76,4444.56
916313,7003899,30001,7.0,537.16,3760.12
916314,7001595,31228,9.0,410.4,3693.6
916315,7006962,30958,9.0,1112.69,10014.21
916316,7005018,30130,8.0,89.29,714.32
916317,7013463,30210,8.0,900.47,7203.76
916318,7008672,30375,6.0,118.74,712.44
916319,7013054,30731,5.0,1027.84,5139.2
916320,7005272,30036,9.0,571.46,5143.14
916321,7010541,31035,9.0,300.29,2702.61
916322,7013471,31280,10.0,726.4,7264.0
916323,7001702,30925,2.0,288.8,577.6
916324,7014319,30971,10.0,1186.71,11867.1
916325,7006578,30262,9.0,750.2,6751.8
916326,7012296,31324,9.0,620.26,5582.34
916327,7004565,31154,4.0,571.04,2284.16
916328,7009279,30150,10.0,746.28,7462.8
916329,7003821,31446,12.0,280.53,3366.36
916330,7006654,31183,3.0,1171.35,3514.05
916331,7000183,30725,7.0,523.65,3665.55
916332,7011557,30523,11.0,887.31,9760.41
916333,7009106,30913,6.0,818.25,4909.5
916334,7006614,30736,2.0,278.57,557.14
916335,7009307,31098,6.0,253.48,1520.88
916336,7013380,30775,9.0,699.62,6296.58
916337,7006896,31355,7.0,963.93,6747.51
916338,7010108,31036,9.0,836.11,7524.99
916339,7006057,30936,2.0,588.37,1176.74
916340,7004797,31374,2.0,539.09,1078.18
916341,7000175,30083,5.0,1137.17,5685.85
916342,7000797,30083,1.0,12.17,12.17
916343,7007952,30481,10.0,726.62,7266.2
916344,7011623,31379,7.0,1135.59,7949.13
916345,7003634,30823,1.0,699.08,699.08
916346,7008636,31487,1.0,688.58,688.58
916347,7007153,30171,4.0,272.98,1091.92
916348,7007037,31452,3.0,855.84,2567.52
916349,7013745,30585,2.0,708.04,1416.08
916350,7000548,30750,4.0,230.18,920.72
916351,7001448,31342,10.0,266.26,2662.6
916352,7010192,30468,8.0,255.27,2042.16
916353,7001881,30715,6.0,498.93,2993.58
916354,7012235,30584,1.0,632.2,632.2
916355,7004014,30416,3.0,976.6,2929.8
916356,7013328,31110,4.0,211.09,844.36
916357,7004093,30405,6.0,677.48,4064.88
916358,7004882,31198,7.0,1190.34,8332.38
916359,7008886,30420,1.0,359.68,359.68
916360,7013254,30429,7.0,1165.7,8159.9
916361,7008316,30846,8.0,1097.33,8778.64
916362,7006796,30122,1.0,99.82,99.82
916363,7007839,31209,8.0,910.6,7284.8
916364,7003853,30547,8.0,658.9,5271.2
916365,7004102,31079,9.0,1000.56,9005.04
916366,7010229,31157,3.0,378.52,1135.56
916367,7006253,30923,5.0,533.76,2668.8
916368,7007260,30235,7.0,554.64,3882.48
916369,7002494,30729,5.0,361.19,1805.95
916370,7008478,30460,9.0,215.97,1943.73
916371,7005008,31057,7.0,264.46,1851.22
916372,7000769,30999,3.0,1120.74,3362.22
916373,7000464,31101,7.0,1012.05,7084.35
916374,7006529,30323,8.0,1056.12,8448.96
916375,7013149,31180,1.0,163.9,163.9
916376,7011655,30183,10.0,256.76,2567.6
916377,7013673,30929,2.0,71.39,142.78
916378,7014893,30303,12.0,97.77,1173.25
916379,7008821,30769,12.0,256.45,3077.39
916380,7006014,30849,6.0,1185.35,7112.1
916381,7002140,31420,7.0,821.25,5748.75
916382,7012354,31162,5.0,558.16,2790.8
916383,7010779,31144,4.0,737.15,2948.6
916384,7003502,30693,7.0,586.81,4107.67
916385,7007699,30708,1.0,228.65,228.65
916386,7014951,31113,10.0,108.09,1080.9
916387,7010476,31230,3.0,942.99,2828.97
916388,7002657,30861,12.0,514.08,6168.96
916389,7014031,31293,6.0,386.81,2320.86
916390,7007252,30597,7.0,729.67,5107.69
916391,7010774,30693,4.0,1015.25,4061.0
916392,7009395,30014,4.0,744.69,2978.76
916393,7005544,31006,9.0,36.29,326.61
916394,7013999,30135,8.0,1114.33,8914.64
916395,7007592,31484,7.0,17.26,120.82
916396,7000204,30273,4.0,1164.84,4659.36
916397,7000760,30989,1.0,281.67,281.67
916398,7006978,30390,6.0,371.76,2230.56
916399,7009246,30220,7.0,153.88,1077.16
916400,7003456,31272,11.0,413.11,4544.21
916401,7004467,31421,7.0,1015.03,7105.21
916402,7006925,30248,8.0,525.42,4203.36
916403,7006699,30343,1.0,1017.78,1017.78
916404,7013436,31331,2.0,26.84,53.68
916405,7012382,30443,8.0,831.88,6655.04
916406,7013511,31012,4.0,1175.82,4703.28
916407,7003296,30195,3.0,59.69,179.07
916408,7000826,30811,12.0,988.54,11862.48
916409,7008137,31200,5.0,1078.03,5390.15
916410,7012427,31360,12.0,979.48,11753.76
916411,7001519,31429,9.0,271.42,2442.78
916412,7001272,31050,2.0,186.01,372.02
916413,7008308,31346,11.0,640.22,7042.42
916414,7010675,30030,7.0,740.71,5184.97
916415,7002904,30085,5.0,432.89,2164.45
916416,7000563,30380,5.0,1181.56,5907.8
916417,7013251,30923,10.0,824.41,8244.1
916418,7003368,30854,1.0,114.44,114.44
916419,7013824,31129,2.0,802.21,1604.42
916420,7003368,30321,11.0,450.71,4957.81
916421,7010205,30551,10.0,497.4,4974.0
916422,7001986,30903,4.0,233.49,933.96
916423,7005640,30376,11.0,310.8,3418.8
916424,7005305,30917,9.0,608.88,5479.92
916425,7004116,30655,12.0,957.8,11493.6
916426,7003445,31238,12.0,444.3,5331.6
916427,7002422,31114,8.0,796.69,6373.52
916428,7004630,30762,7.0,834.97,5844.79
916429,7013107,31356,5.0,1185.98,5929.9
916430,7004500,30295,11.0,593.94,6533.34
916431,7011927,31019,5.0,337.53,1687.65
916432,7009402,31033,2.0,764.56,1529.12
916433,7009653,30622,1.0,398.77,398.77
916434,7010084,30407,4.0,696.67,2786.68
916435,7012839,30437,5.0,531.94,2659.7
916436,7012565,30489,8.0,879.72,7037.76
916437,7008745,30808,4.0,960.47,3841.88
916438,7000840,30876,9.0,559.23,5033.07
916439,7007078,30925,5.0,1027.86,5139.3
916440,7010514,30960,3.0,801.8,2405.4
916441,7014907,31074,7.0,624.81,4373.67
916442,7013592,30593,2.0,826.12,1652.24
916443,7012813,30636,6.0,1144.33,6865.98
916444,7008339,30835,3.0,1040.91,3122.73
916445,7005875,30110,3.0,28.34,85.02
916446,7007732,30382,12.0,873.55,10482.6
916447,7006549,30941,10.0,701.68,7016.8
916448,7001859,31000,10.0,703.41,7034.1
916449,7014518,30106,8.0,545.61,4364.88
916450,7008421,30463,12.0,549.61,6595.32
916451,7013743,30243,3.0,603.53,1810.59
916452,7001038,31413,4.0,1052.63,4210.52
916453,7006291,30533,6.0,1181.54,7089.24
916454,7014867,31226,2.0,455.59,911.18
916455,7006537,30575,5.0,893.38,4466.9
916456,7006195,30283,6.0,702.92,4217.52
916457,7008926,31440,7.0,476.0,3332.0
916458,7012521,31216,7.0,51.93,363.51
916459,7010028,30402,4.0,664.31,2657.24
916460,7011943,30386,10.0,688.87,6888.7
916461,7000088,31114,8.0,325.03,2600.24
916462,7011930,30534,10.0,12.08,120.8
916463,7005341,30030,9.0,1112.24,10010.16
916464,7010631,30971,4.0,827.45,3309.8
916465,7007004,31299,11.0,720.05,7920.55
916466,7007844,31326,5.0,340.38,1701.9
916467,7011328,30024,6.0,607.78,3646.68
916468,7008185,31047,3.0,599.36,1798.08
916469,7001268,31186,5.0,209.43,1047.15
916470,7014205,31074,7.0,393.89,2757.23
916471,7005362,31414,1.0,955.69,955.69
916472,7009464,31126,10.0,617.75,6177.5
916473,7012239,30292,4.0,319.73,1278.92
916474,7008070,31346,5.0,246.59,1232.95
916475,7008336,31148,1.0,1109.78,1109.78
916476,7001695,30217,9.0,913.39,8220.51
916477,7004677,30992,4.0,198.95,795.8
916478,7002255,30636,3.0,758.46,2275.38
916479,7000548,30443,7.0,854.43,5981.01
916480,7010405,30027,4.0,410.24,1640.96
916481,7011685,31128,7.0,815.21,5706.47
916482,7002006,31168,3.0,475.65,1426.95
916483,7005634,31201,3.0,405.24,1215.72
916484,7011777,31180,1.0,1092.04,1092.04
916485,7012722,30114,1.0,438.37,438.37
916486,7012626,30175,6.0,258.53,1551.18
916487,7001744,30177,9.0,402.66,3623.94
916488,7011938,31471,2.0,15.72,31.44
916489,7008520,30874,5.0,427.78,2138.9
916490,7012980,31291,5.0,558.39,2791.95
916491,7006356,30991,3.0,368.68,1106.04
916492,7005602,31349,2.0,127.87,255.74
916493,7014457,31215,7.0,1030.86,7216.02
916494,7002855,30621,8.0,150.8,1206.4
916495,7006881,31252,8.0,800.9,6407.2
916496,7003456,30751,9.0,314.77,2832.93
916497,7011523,30546,5.0,224.95,1124.75
916498,7014649,30964,2.0,819.32,1638.64
916499,7006504,30834,12.0,73.14,877.68
916500,7000948,30497,4.0,564.83,2259.32
916501,7012368,30440,8.0,512.52,4100.16
916502,7001571,30398,3.0,997.22,2991.66
916503,7000047,30622,9.0,1157.54,10417.86
916504,7003152,31243,4.0,528.75,2115.0
916505,7009228,31134,6.0,420.04,2520.24
916506,7011319,30406,1.0,939.37,939.37
916507,7002694,30893,7.0,1133.0,7931.0
916508,7013057,31397,10.0,280.14,2801.4
916509,7014141,30356,3.0,633.59,1900.77
916510,7004239,31058,3.0,678.57,2035.71
916511,7004846,30563,11.0,328.81,3616.91
916512,7012438,30639,6.0,629.45,3776.7
916513,7002858,30971,7.0,429.74,3008.18
916514,7001313,30966,11.0,1133.78,12471.58
916515,7007729,30734,3.0,378.97,1136.91
916516,7007483,30348,10.0,1096.56,10965.6
916517,7003105,30393,7.0,459.58,3217.06
916518,7007264,30903,7.0,333.01,2331.07
916519,7004010,30347,8.0,876.76,7014.08
916520,7010102,31224,10.0,464.22,4642.2
916521,7010087,30677,5.0,536.54,2682.7
916522,7012891,30837,2.0,287.41,574.82
916523,7011753,30539,7.0,654.88,4584.16
916524,7013005,30089,1.0,308.6,308.6
916525,7004925,30341,2.0,365.51,731.02
916526,7010217,31003,9.0,431.14,3880.26
916527,7000553,30957,11.0,167.5,1842.5
916528,7013000,30780,3.0,342.95,1028.85
916529,7001306,30215,11.0,1053.12,11584.32
916530,7010999,31083,1.0,345.66,345.66
916531,7001221,30802,6.0,550.44,3302.64
916532,7013046,30960,6.0,69.32,415.92
916533,7001445,31469,4.0,627.43,2509.72
916534,7009181,30326,5.0,1148.44,5742.2
916535,7006100,30767,2.0,833.86,1667.72
916536,7014558,30018,5.0,896.29,4481.45
916537,7012916,31383,2.0,312.37,624.74
916538,7008401,30218,3.0,603.21,1809.63
916539,7007539,30642,6.0,728.03,4368.18
916540,7006989,31303,3.0,422.06,1266.18
916541,7010549,30892,8.0,714.75,5718.0
916542,7006185,30231,11.0,1199.89,13198.79
916543,7008498,30943,12.0,666.6,7999.2
916544,7009576,30915,10.0,121.55,1215.5
916545,7007491,30444,11.0,1127.48,12402.28
916546,7010993,30607,8.0,233.82,1870.56
916547,7005813,30240,4.0,1030.25,4121.0
916548,7002091,30056,6.0,346.13,2076.78
916549,7005304,30696,3.0,61.0,183.0
916550,7002819,30680,4.0,319.53,1278.12
916551,7001799,31390,4.0,1058.08,4232.32
916552,7000697,31433,5.0,635.37,3176.85
916553,7013754,30422,10.0,1192.95,11929.5
916554,7007324,30373,12.0,1179.29,14151.48
916555,7005587,30254,2.0,1148.74,2297.48
916556,7003008,30878,11.0,874.03,9614.33
916557,7006950,30725,6.0,1154.89,6929.34
916558,7003504,30858,4.0,407.14,1628.58
916559,7000004,30933,6.0,748.26,4489.53
916560,7014683,30806,5.0,936.22,4681.1
916561,7005577,31434,8.0,703.83,5630.64
916562,7007575,30834,9.0,80.44,723.96
916563,7012148,30087,4.0,456.49,1825.96
916564,7014804,30261,8.0,806.69,6453.52
916565,7004337,30876,6.0,934.9,5609.4
916566,7005868,30400,3.0,199.74,599.22
916567,7014559,30831,9.0,703.2,6328.8
916568,7003301,30629,10.0,1069.91,10699.1
916569,7000989,31151,7.0,512.85,3589.95
916570,7011259,30799,3.0,664.67,1994.01
916571,7014628,31060,2.0,197.5,395.0
916572,7005248,31200,9.0,654.5,5890.5
916573,7008860,30659,2.0,826.02,1652.04
916574,7002232,30657,8.0,1086.24,8689.92
916575,7006784,30847,8.0,528.75,4230.0
916576,7014774,30728,1.0,939.6,939.6
916577,7002449,30403,2.0,632.02,1264.04
916578,7013442,31179,1.0,1099.58,1099.58
916579,7002686,30387,2.0,907.56,1815.12
916580,7014931,31419,6.0,649.59,3897.54
916581,7003324,31036,2.0,1157.97,2315.94
916582,7000200,30210,12.0,197.42,2369.04
916583,7013435,31191,11.0,983.16,10814.76
916584,7005821,30893,11.0,138.53,1523.83
916585,7009305,31160,11.0,414.33,4557.63
916586,7012898,30366,4.0,1088.05,4352.2
916587,7005327,30955,4.0,204.65,818.6
916588,7014023,30425,6.0,594.3,3565.8
916589,7003126,30515,8.0,333.92,2671.36
916590,7001796,31344,1.0,511.65,511.65
916591,7005447,31250,7.0,666.44,4665.08
916592,7006739,30622,10.0,659.12,6591.2
916593,7010795,30450,6.0,63.96,383.76
916594,7013011,30417,3.0,370.69,1112.07
916595,7004949,30374,12.0,826.99,9923.88
916596,7005199,31205,1.0,996.94,996.94
916597,7011760,30662,10.0,13.79,137.9
916598,7004112,30198,7.0,229.53,1606.71
916599,7008872,30690,7.0,870.89,6096.23
916600,7005676,30802,4.0,736.29,2945.16
916601,7009481,30656,2.0,1107.69,2215.38
916602,7005924,30551,9.0,254.16,2287.44
916603,7000952,31157,8.0,273.41,2187.28
916604,7001147,30666,5.0,1122.23,5611.15
916605,7010894,30409,1.0,357.37,357.37
916606,7001877,30950,1.0,583.13,583.13
916607,7005702,30392,1.0,518.56,518.56
916608,7013146,30325,2.0,681.49,1362.98
916609,7005280,31248,7.0,337.06,2359.42
916610,7008129,30799,3.0,949.21,2847.63
916611,7014375,31198,5.0,320.74,1603.7
916612,7013640,30379,1.0,641.1,641.1
916613,7013382,31273,7.0,704.06,4928.42
916614,7004720,31031,12.0,857.04,10284.48
916615,7007819,30346,2.0,681.4,1362.8
916616,7003485,30470,1.0,697.18,697.18
916617,7001551,30820,1.0,972.23,972.23
916618,7007435,30460,2.0,537.46,1074.92
916619,7003951,31434,6.0,1175.19,7051.14
916620,7003984,30056,5.0,844.85,4224.25
916621,7002294,30221,4.0,21.47,85.88
916622,7008773,30643,7.0,541.07,3787.49
916623,7010721,30929,9.0,1142.41,10281.69
916624,7003140,31290,10.0,80.11,801.1
916625,7002740,30852,8.0,624.33,4994.64
916626,7011687,30109,11.0,530.67,5837.37
916627,7014505,30731,4.0,364.96,1459.84
916628,7000031,30216,5.0,1098.78,5493.9
916629,7009040,30489,3.0,628.05,1884.15
916630,7004219,30624,11.0,490.57,5396.27
916631,7013191,30533,11.0,578.36,6361.96
916632,7004923,31026,2.0,507.15,1014.3
916633,7012242,30212,1.0,630.99,630.99
916634,7000625,31300,3.0,285.33,855.99
916635,7014526,30430,8.0,549.25,4394.0
916636,7006195,30922,9.0,664.98,5984.82
916637,7000033,30618,11.0,222.69,2449.59
916638,7002451,30864,2.0,486.03,972.06
916639,7009354,30733,8.0,400.03,3200.24
916640,7009265,30629,10.0,480.91,4809.1
916641,7003032,30400,4.0,1088.26,4353.04
916642,7009051,30847,6.0,815.94,4895.64
916643,7010598,30490,12.0,622.43,7469.16
916644,7013036,31474,3.0,826.54,2479.62
916645,7014579,30445,1.0,382.62,382.62
916646,7011136,30793,3.0,70.62,211.86
916647,7011401,30433,4.0,183.93,735.72
916648,7003354,30801,2.0,677.52,1355.04
916649,7002002,30529,7.0,472.53,3307.71
916650,7001706,30657,8.0,323.65,2589.2
916651,7003839,30332,11.0,355.6,3911.6
916652,7003748,30273,10.0,934.13,9341.3
916653,7006865,31206,5.0,1189.41,5947.05
916654,7001865,31339,8.0,118.51,948.08
916655,7013953,30902,9.0,840.87,7567.83
916656,7006845,30245,2.0,21.31,42.62
916657,7004892,31132,3.0,240.17,720.51
916658,7008372,30969,3.0,1022.97,3068.91
916659,7002369,31082,1.0,982.54,982.54
916660,7005620,31276,10.0,487.25,4872.5
916661,7012401,30731,6.0,230.74,1384.44
916662,7014225,30216,5.0,1024.9,5124.5
916663,7001339,31455,10.0,1196.31,11963.1
916664,7006962,31499,8.0,589.69,4717.52
916665,7013345,30922,10.0,1076.25,10762.5
916666,7001708,30238,8.0,564.78,4518.24
916667,7014618,30135,9.0,1147.63,10328.67
916668,7009454,30610,4.0,363.73,1454.92
916669,7009371,31150,2.0,827.69,1655.38
916670,7002380,31057,3.0,854.21,2562.63
916671,7011960,31234,4.0,882.77,3531.08
916672,7004530,30976,12.0,942.31,11307.72
916673,7001614,31307,1.0,403.45,403.45
916674,7007244,30680,10.0,910.84,9108.4
916675,7000646,31039,3.0,866.55,2599.65
916676,7008939,30298,8.0,165.41,1323.28
916677,7011039,30327,10.0,722.99,7229.9
916678,7000439,30843,1.0,1019.42,1019.42
916679,7009736,30051,7.0,559.6,3917.2
916680,7012236,30969,8.0,443.93,3551.44
916681,7006539,31313,2.0,13.26,26.52
916682,7010742,30217,5.0,925.69,4628.45
916683,7010816,31188,6.0,49.3,295.8
916684,7013036,31149,10.0,1191.95,11919.5
916685,7002485,30515,2.0,220.49,440.98
916686,7003183,30167,9.0,881.41,7932.69
916687,7009150,30812,6.0,604.31,3625.86
916688,7001933,30714,4.0,726.96,2907.84
916689,7007777,31438,6.0,189.14,1134.84
916690,7005540,30100,1.0,1039.09,1039.09
916691,7013460,30413,3.0,405.52,1216.56
916692,7013760,30422,1.0,1075.84,1075.84
916693,7009351,30658,8.0,1080.61,8644.88
916694,7004099,31074,11.0,223.78,2461.58
916695,7002952,30537,9.0,1116.72,10050.48
916696,7005805,30631,7.0,1095.85,7670.95
916697,7011945,31373,2.0,435.37,870.74
916698,7013199,30047,12.0,276.96,3323.52
916699,7014478,30782,7.0,662.53,4637.71
916700,7013677,30099,9.0,409.45,3685.05
916701,7007285,30604,8.0,932.08,7456.64
916702,7012107,30541,10.0,539.71,5397.05
916703,7014092,31046,12.0,477.75,5733.0
916704,7012016,31397,6.0,280.14,1680.84
916705,7010237,31463,8.0,794.14,6353.12
916706,7009853,31415,7.0,65.92,461.44
916707,7002565,31300,11.0,818.69,9005.59
916708,7005436,30337,9.0,929.38,8364.42
916709,7003740,31201,11.0,918.64,10105.04
916710,7008676,30677,10.0,350.23,3502.3
916711,7000927,30150,12.0,700.12,8401.44
916712,7008968,30830,3.0,129.87,389.61
916713,7014377,30623,11.0,46.78,514.58
916714,7014291,30542,11.0,654.67,7201.37
916715,7001117,30554,2.0,490.12,980.24
916716,7005231,30237,9.0,125.21,1126.89
916717,7007075,30515,2.0,541.09,1082.18
916718,7014563,31359,9.0,752.95,6776.55
916719,7004222,31500,3.0,1113.03,3339.09
916720,7003599,31106,5.0,942.36,4711.8
916721,7003106,31106,12.0,450.13,5401.56
916722,7000037,30887,8.0,11.86,94.88
916723,7011505,30452,3.0,1168.66,3505.98
916724,7007607,30390,4.0,283.44,1133.76
916725,7007374,30605,12.0,709.62,8515.44
916726,7002071,31423,4.0,767.38,3069.54
916727,7008598,30185,7.0,594.14,4158.98
916728,7000048,30642,8.0,105.7,845.6
916729,7003238,30088,6.0,506.26,3037.56
916730,7012611,30997,4.0,493.59,1974.36
916731,7010138,31157,7.0,1179.23,8254.61
916732,7011451,31421,4.0,1002.33,4009.32
916733,7010556,31047,4.0,877.47,3509.88
916734,7001440,30219,4.0,656.3,2625.2
916735,7011312,30884,10.0,1173.73,11737.3
916736,7010835,30477,10.0,210.39,2103.9
916737,7006359,30221,2.0,63.22,126.44
916738,7010972,31050,6.0,894.03,5364.18
916739,7004722,30479,1.0,773.33,773.33
916740,7009183,30689,4.0,44.57,178.28
916741,7000072,30762,12.0,323.73,3884.76
916742,7001619,30490,1.0,531.41,531.41
916743,7012436,30184,6.0,1098.08,6588.48
916744,7012438,30704,5.0,1037.94,5189.7
916745,7005955,30943,10.0,100.83,1008.3
916746,7006005,30675,8.0,331.68,2653.44
916747,7002731,31063,12.0,638.55,7662.6
916748,7004633,30154,4.0,49.38,197.52
916749,7012601,30313,5.0,937.53,4687.65
916750,7008003,30037,3.0,823.54,2470.62
916751,7007212,30024,12.0,1099.82,13197.84
916752,7009468,30235,5.0,628.03,3140.15
916753,7002763,30674,4.0,336.52,1346.06
916754,7005611,30421,9.0,1173.91,10565.19
916755,7000134,30929,4.0,533.92,2135.68
916756,7007608,30824,1.0,830.21,830.21
916757,7008430,31091,12.0,1015.4,12184.8
916758,7005076,30746,7.0,171.31,1199.17
916759,7003383,31340,2.0,419.03,838.06
916760,7005173,31379,5.0,654.32,3271.6
916761,7002654,30905,5.0,507.95,2539.75
916762,7009578,31048,4.0,318.33,1273.32
916763,7002301,30451,5.0,650.45,3252.25
916764,7010810,30325,7.0,60.27,421.89
916765,7013557,30333,11.0,629.97,6929.67
916766,7013878,30006,9.0,367.63,3308.67
916767,7006770,30078,6.0,730.99,4385.94
916768,7000253,30236,10.0,926.37,9263.7
916769,7005730,30807,8.0,423.79,3390.32
916770,7008134,30839,8.0,596.12,4768.96
916771,7009919,30538,7.0,179.27,1254.89
916772,7009275,30895,11.0,224.62,2470.82
916773,7003336,30121,11.0,114.16,1255.76
916774,7013704,30628,1.0,426.71,426.71
916775,7005677,31228,11.0,642.9,7071.9
916776,7013891,30476,3.0,831.35,2494.05
916777,7010583,30115,6.0,1099.66,6597.96
916778,7013299,30446,1.0,836.76,836.76
916779,7005897,30834,4.0,942.37,3769.48
916780,7006868,31111,7.0,1095.54,7668.78
916781,7012852,30004,10.0,977.94,9779.4
916782,7001405,31356,6.0,1010.37,6062.22
916783,7007448,30875,12.0,787.66,9451.92
916784,7012975,31416,5.0,713.68,3568.4
916785,7011257,31297,1.0,329.08,329.08
916786,7003967,30089,5.0,378.8,1894.0
916787,7012632,30648,3.0,217.81,653.43
916788,7009522,30265,5.0,395.57,1977.85
916789,7002669,30662,3.0,485.05,1455.15
916790,7003237,30579,4.0,974.17,3896.68
916791,7007593,30316,12.0,231.81,2781.72
916792,7001302,30529,6.0,633.7,3802.2
916793,7008446,30259,10.0,446.75,4467.5
916794,7000669,30348,3.0,761.97,2285.91
916795,7003184,31444,1.0,930.79,930.79
916796,7005179,30592,1.0,1112.65,1112.65
916797,7003896,30070,2.0,470.52,941.04
916798,7005766,30528,3.0,1136.37,3409.11
916799,7010086,30945,4.0,52.8,211.2
916800,7002279,31215,3.0,999.03,2997.09
916801,7013853,31210,11.0,473.32,5206.52
916802,7012751,30529,5.0,518.07,2590.35
916803,7008487,30856,5.0,925.2,4626.0
916804,7013077,30116,3.0,1186.85,3560.55
916805,7014379,31315,6.0,975.47,5852.82
916806,7007594,30415,8.0,255.1,2040.8
916807,7000089,30262,5.0,394.42,1972.1
916808,7004012,30788,6.0,879.8,5278.8
916809,7000834,30704,12.0,262.94,3155.28
916810,7010161,31266,6.0,97.96,587.76
916811,7004731,30642,5.0,124.67,623.35
916812,7014425,31068,11.0,216.52,2381.72
916813,7004617,30603,11.0,997.67,10974.37
916814,7012831,30355,4.0,48.1,192.4
916815,7009150,31422,3.0,532.97,1598.91
916816,7010987,30475,4.0,851.95,3407.8
916817,7010974,31232,10.0,572.88,5728.8
916818,7000863,30377,3.0,1119.0,3357.0
916819,7008039,30660,5.0,848.26,4241.3
916820,7010889,31276,1.0,580.54,580.54
916821,7004076,30203,3.0,38.66,115.98
916822,7011745,31297,3.0,81.72,245.16
916823,7004106,30228,8.0,936.9,7495.2
916824,7007047,31312,10.0,863.18,8631.8
916825,7004297,30686,11.0,1001.83,11020.13
916826,7002627,31213,3.0,179.2,537.6
916827,7010172,30466,12.0,908.76,10905.12
916828,7013142,30117,7.0,712.43,4987.01
916829,7011450,30018,8.0,623.92,4991.36
916830,7012267,30670,1.0,1124.89,1124.89
916831,7008177,31313,1.0,842.55,842.55
916832,7009476,31060,7.0,313.02,2191.14
916833,7007932,31175,5.0,137.09,685.45
916834,7008845,30569,6.0,897.43,5384.58
916835,7005185,31274,6.0,672.12,4032.72
916836,7001068,30413,7.0,712.58,4988.06
916837,7009114,30779,9.0,888.8,7999.2
916838,7003445,30275,7.0,567.57,3972.99
916839,7007084,31248,1.0,1197.41,1197.41
916840,7008030,31400,6.0,469.75,2818.5
916841,7011008,30380,2.0,399.44,798.88
916842,7013068,31187,8.0,134.98,1079.84
916843,7002412,31446,7.0,273.36,1913.52
916844,7011205,31399,2.0,477.57,955.14
916845,7014985,31346,2.0,109.8,219.6
916846,7004722,30219,1.0,870.86,870.86
916847,7006734,30156,4.0,939.08,3756.32
916848,7007017,30588,6.0,374.44,2246.64
916849,7013212,31061,11.0,439.53,4834.83
916850,7001872,30666,5.0,389.04,1945.22
916851,7009549,31105,6.0,303.64,1821.84
916852,7011794,30088,3.0,78.38,235.14
916853,7011991,31257,1.0,974.61,974.61
916854,7010849,30181,1.0,896.94,896.94
916855,7012941,31059,8.0,1168.41,9347.28
916856,7000379,30397,11.0,1170.64,12877.04
916857,7003877,31320,10.0,254.57,2545.7
916858,7012750,31214,1.0,3190.98,3190.98
916859,7006161,31072,10.0,12.24,122.4
916860,7005260,30783,11.0,513.44,5647.84
916861,7003333,30199,4.0,268.57,1074.28
916862,7011604,30665,3.0,317.34,952.02
916863,7003502,30319,3.0,1100.64,3301.92
916864,7010940,30117,8.0,131.54,1052.32
916865,7005862,30253,9.0,461.14,4150.26
916866,7009828,30639,5.0,687.43,3437.15
916867,7009372,30587,6.0,864.57,5187.42
916868,7000411,30679,6.0,395.42,2372.52
916869,7009121,30546,10.0,93.48,934.8
916870,7011709,31105,7.0,914.89,6404.23
916871,7013975,30631,6.0,206.35,1238.1
916872,7008535,30575,10.0,521.14,5211.4
916873,7004184,30700,2.0,563.01,1126.02
916874,7001322,30450,6.0,411.84,2471.04
916875,7006692,30215,10.0,537.6,5376.0
916876,7008411,31098,6.0,856.25,5137.5
916877,7007939,30509,3.0,1164.3,3492.9
916878,7014155,30069,2.0,407.85,815.7
916879,7013785,31026,8.0,13.86,110.88
916880,7013277,31418,7.0,218.72,1531.04
916881,7004366,31048,1.0,689.49,689.49
916882,7014801,30309,11.0,676.25,7438.75
916883,7000060,30712,1.0,957.88,957.88
916884,7009883,30174,6.0,752.94,4517.64
916885,7001087,31074,4.0,1157.25,4629.0
916886,7002905,31297,5.0,57.03,285.15
916887,7013724,30062,2.0,914.98,1829.96
916888,7011768,30411,6.0,587.87,3527.22
916889,7001747,30731,2.0,126.09,252.18
916890,7004049,31044,1.0,783.17,783.17
916891,7008947,30408,8.0,709.63,5677.04
916892,7000534,31038,1.0,318.66,318.66
916893,7013833,31126,10.0,436.49,4364.9
916894,7012519,30824,8.0,830.21,6641.68
916895,7013431,30501,4.0,574.53,2298.12
916896,7007212,30402,6.0,455.3,2731.8
916897,7009562,30584,10.0,627.27,6272.7
916898,7001653,30403,12.0,484.83,5817.96
916899,7011328,30459,9.0,247.09,2223.81
916900,7009469,31468,6.0,154.35,926.1
916901,7013817,31358,8.0,11.5,92.0
916902,7000953,30564,4.0,984.51,3938.04
916903,7012314,31080,3.0,971.9,2915.7
916904,7003603,30474,10.0,197.67,1976.7
916905,7003524,30276,3.0,566.17,1698.51
916906,7014386,30006,6.0,728.69,4372.14
916907,7004472,30063,5.0,727.91,3639.55
916908,7006669,31240,6.0,326.98,1961.88
916909,7002337,30809,11.0,791.41,8705.51
916910,7012695,30612,4.0,101.62,406.48
916911,7009042,30388,6.0,407.39,2444.34
916912,7008416,30699,12.0,650.71,7808.52
916913,7011758,30050,3.0,680.79,2042.37
916914,7000092,30780,5.0,143.58,717.9
916915,7008386,31060,1.0,1158.25,1158.25
916916,7014718,30334,1.0,383.79,383.79
916917,7000647,30025,6.0,255.44,1532.64
916918,7008421,30355,3.0,424.92,1274.76
916919,7012319,30924,7.0,957.29,6701.03
916920,7008020,30087,10.0,345.15,3451.5
916921,7012254,31218,5.0,645.32,3226.6
916922,7011639,30238,1.0,292.5,292.5
916923,7003765,30871,10.0,286.87,2868.7
916924,7001312,30975,2.0,32.59,65.18
916925,7005135,30764,12.0,231.82,2781.84
916926,7012835,30478,4.0,568.08,2272.32
916927,7012832,31260,11.0,505.14,5556.54
916928,7013432,30566,11.0,242.27,2664.97
916929,7004708,30431,5.0,395.99,1979.95
916930,7000393,31282,12.0,18.43,221.16
916931,7007828,30024,6.0,774.62,4647.72
916932,7004378,31224,9.0,142.06,1278.54
916933,7010929,30275,5.0,611.74,3058.7
916934,7005333,30709,2.0,823.28,1646.56
916935,7006754,30659,2.0,410.28,820.56
916936,7008909,31063,1.0,722.92,722.92
916937,7003427,30277,12.0,459.13,5509.56
916938,7011435,30529,5.0,1047.56,5237.8
916939,7011931,30067,11.0,1156.59,12722.49
916940,7001951,30218,5.0,252.19,1260.95
916941,7009489,30809,1.0,320.0,320.0
916942,7009470,31173,1.0,868.28,868.28
916943,7008433,31000,8.0,234.42,1875.36
916944,7010153,30083,6.0,239.51,1437.06
916945,7006850,30360,10.0,683.17,6831.7
916946,7010614,31067,8.0,83.63,669.04
916947,7008802,31113,4.0,1011.97,4047.88
916948,7004109,30443,6.0,1011.64,6069.84
916949,7008400,31064,6.0,1024.49,6146.94
916950,7011505,30474,12.0,307.68,3692.16
916951,7014641,30163,8.0,90.92,727.36
916952,7007258,31114,4.0,421.65,1686.6
916953,7001736,30645,12.0,1192.04,14304.48
916954,7000457,31274,4.0,167.59,670.36
916955,7001923,31276,10.0,518.23,5182.3
916956,7012334,30214,7.0,529.45,3706.15
916957,7012829,30347,1.0,245.68,245.68
916958,7012313,30927,7.0,49.47,346.29
916959,7005117,30526,7.0,901.75,6312.25
916960,7003936,30253,10.0,96.1,961.0
916961,7014195,30797,3.0,656.4,1969.2
916962,7008980,30745,12.0,783.26,9399.12
916963,7001161,30226,3.0,979.19,2937.57
916964,7002946,30150,8.0,108.22,865.76
916965,7003415,30287,12.0,451.75,5421.0
916966,7005560,30070,1.0,747.71,747.71
916967,7014115,30259,11.0,931.2,10243.2
916968,7004757,31231,7.0,20.02,140.14
916969,7013003,31401,11.0,541.05,5951.55
916970,7006318,31307,6.0,357.03,2142.18
916971,7010499,30491,9.0,727.22,6544.98
916972,7002271,31471,6.0,384.61,2307.66
916973,7011533,31059,8.0,940.54,7524.32
916974,7002052,30202,8.0,413.3,3306.37
916975,7004006,30598,8.0,364.93,2919.44
916976,7008748,31473,4.0,69.68,278.72
916977,7005232,31432,6.0,306.8,1840.8
916978,7008086,30941,3.0,391.89,1175.67
916979,7013074,30177,2.0,967.41,1934.82
916980,7005308,30627,9.0,316.92,2852.28
916981,7009712,31027,4.0,294.38,1177.52
916982,7009378,31267,3.0,917.92,2753.76
916983,7012506,30881,1.0,1025.18,1025.18
916984,7006422,31307,7.0,383.57,2684.99
916985,7001160,31458,6.0,605.84,3635.04
916986,7010461,31315,12.0,412.85,4954.2
916987,7010798,30375,11.0,193.6,2129.66
916988,7006777,31072,2.0,1168.76,2337.52
916989,7007992,31341,10.0,526.68,5266.8
916990,7007453,30440,3.0,889.1,2667.3
916991,7012055,31238,11.0,1011.0,11121.0
916992,7012885,31116,5.0,276.84,1384.2
916993,7000583,30655,10.0,663.58,6635.8
916994,7012319,31041,6.0,481.14,2886.84
916995,7000206,31166,2.0,1012.01,2024.02
916996,7011561,30506,11.0,407.08,4477.88
916997,7000424,30298,10.0,723.07,7230.7
916998,7005722,30782,1.0,317.48,317.48
916999,7005456,31483,12.0,793.32,9519.84
917000,7008161,30932,2.0,865.25,1730.5
917001,7013533,31383,8.0,989.54,7916.32
917002,7006214,30162,12.0,1125.56,13506.72
917003,7007881,30789,6.0,647.27,3883.62
917004,7000153,31463,3.0,61.96,185.88
917005,7002624,30662,12.0,15.15,181.8
917006,7010090,30431,2.0,743.84,1487.68
917007,7006308,31277,1.0,801.27,801.27
917008,7011382,30801,4.0,980.0,3920.0
917009,7013867,30094,9.0,202.26,1820.34
917010,7001809,31089,4.0,1122.74,4490.96
917011,7003498,31207,12.0,34.24,410.88
917012,7009835,30648,1.0,247.55,247.55
917013,7005982,31500,1.0,1053.51,1053.51
917014,7013637,31249,9.0,890.35,8013.15
917015,7006225,30986,8.0,1119.38,8955.04
917016,7009239,30233,7.0,791.95,5543.65
917017,7001466,30135,11.0,283.98,3123.78
917018,7005906,31370,4.0,534.88,2139.52
917019,7007731,30374,2.0,471.81,943.62
917020,7001406,31047,3.0,1057.78,3173.34
917021,7001405,31253,6.0,553.39,3320.34
917022,7011062,30715,1.0,172.86,172.86
917023,7010770,30463,1.0,606.63,606.63
917024,7003504,31440,2.0,853.96,1707.92
917025,7004744,30817,6.0,301.61,1809.66
917026,7005596,31062,11.0,599.55,6595.05
917027,7010744,31426,10.0,228.31,2283.1
917028,7013158,30919,6.0,252.56,1515.36
917029,7003267,30430,7.0,1151.71,8061.97
917030,7014788,30129,1.0,507.21,507.21
917031,7010300,30961,2.0,959.51,1919.02
917032,7010658,30661,5.0,746.44,3732.2
917033,7001598,30991,6.0,83.61,501.66
917034,7010590,30607,7.0,634.28,4439.96
917035,7009621,30189,5.0,152.0,760.0
917036,7000026,30859,4.0,378.68,1514.72
917037,7003192,30505,6.0,22.62,135.72
917038,7010279,30444,7.0,409.82,2868.74
917039,7000775,30479,8.0,908.96,7271.68
917040,7013769,30660,10.0,553.84,5538.4
917041,7004480,31114,3.0,742.67,2228.01
917042,7004212,31155,8.0,50.34,402.72
917043,7001752,30367,9.0,55.75,501.77
917044,7003273,31435,12.0,1037.09,12445.08
917045,7013902,30612,1.0,1094.59,1094.59
917046,7008046,31328,6.0,347.34,2084.04
917047,7013881,30095,7.0,690.64,4834.48
917048,7003553,31320,4.0,1053.06,4212.24
917049,7001117,31393,5.0,43.06,215.3
917050,7003428,30549,9.0,180.2,1621.8
917051,7001408,30552,11.0,46.47,511.17
917052,7012438,30081,1.0,346.41,346.41
917053,7005078,30702,7.0,495.53,3468.71
917054,7005297,30282,12.0,624.61,7495.32
917055,7009847,30697,4.0,221.81,887.24
917056,7009369,30766,10.0,1158.69,11586.9
917057,7009572,30862,12.0,748.49,8981.88
917058,7001437,31002,6.0,1151.88,6911.28
917059,7000389,30809,5.0,691.28,3456.42
917060,7010973,30527,9.0,488.49,4396.41
917061,7014085,31183,2.0,85.1,170.2
917062,7009440,30427,6.0,910.16,5460.96
917063,7000962,31435,10.0,931.19,9311.9
917064,7013084,30412,7.0,375.46,2628.22
917065,7010065,30960,6.0,524.82,3148.92
917066,7002216,31237,12.0,798.21,9578.52
917067,7009261,30178,4.0,808.43,3233.72
917068,7010487,31464,8.0,1077.83,8622.64
917069,7007962,30763,4.0,1093.19,4372.76
917070,7006062,31202,4.0,163.73,654.92
917071,7001508,31470,1.0,697.24,697.24
917072,7004110,31195,11.0,664.14,7305.54
917073,7014759,31411,8.0,1052.7,8421.6
917074,7008259,30998,3.0,88.76,266.28
917075,7004369,31493,11.0,765.02,8415.22
917076,7012537,30532,1.0,856.19,856.19
917077,7009485,30206,8.0,1172.71,9381.68
917078,7000903,31007,3.0,854.01,2562.03
917079,7005246,30496,10.0,1004.54,10045.4
917080,7011018,31400,9.0,942.13,8479.17
917081,7004992,31417,8.0,209.46,1675.68
917082,7003133,30096,1.0,67.31,67.31
917083,7013330,30967,3.0,545.67,1637.01
917084,7007012,31335,6.0,652.52,3915.12
917085,7005786,31387,2.0,812.32,1624.64
917086,7010315,30618,2.0,615.83,1231.66
917087,7005081,30290,5.0,1007.35,5036.75
917088,7010896,30103,4.0,509.3,2037.2
917089,7003029,30494,12.0,761.97,9143.64
917090,7009592,31136,9.0,168.59,1517.31
917091,7002177,31217,9.0,405.12,3646.08
917092,7005248,30725,11.0,204.61,2250.71
917093,7001315,30304,7.0,805.22,5636.54
917094,7011715,30113,7.0,905.26,6336.82
917095,7012948,30861,2.0,356.05,712.1
917096,7014361,30574,11.0,686.11,7547.21
917097,7011904,31003,1.0,992.89,992.89
917098,7008336,31041,6.0,897.24,5383.44
917099,7000207,31355,2.0,1088.82,2177.64
917100,7010068,31266,5.0,1169.2,5846.0
917101,7003119,30781,10.0,1065.84,10658.4
917102,7008734,30139,2.0,477.98,955.96
917103,7006006,30468,11.0,447.38,4921.18
917104,7001352,30666,11.0,401.4,4415.4
917105,7004491,30319,9.0,165.81,1492.29
917106,7004817,30833,5.0,599.37,2996.85
917107,7001269,30994,8.0,949.83,7598.64
917108,7010063,30282,1.0,1050.48,1050.48
917109,7007743,30472,7.0,1124.06,7868.42
917110,7010789,30062,5.0,203.77,1018.85
917111,7010505,31253,3.0,466.76,1400.28
917112,7004573,30043,6.0,265.6,1593.6
917113,7008025,30566,4.0,782.84,3131.36
917114,7004949,31171,6.0,535.93,3215.58
917115,7003922,31104,2.0,511.54,1023.08
917116,7007353,31067,5.0,261.48,1307.4
917117,7000266,30318,3.0,473.56,1420.7
917118,7014471,30218,10.0,492.37,4923.7
917119,7001079,30136,3.0,974.16,2922.48
917120,7013963,30624,2.0,1594.64,3189.29
917121,7006662,30799,1.0,746.95,746.95
917122,7007189,30041,9.0,623.92,5615.28
917123,7009557,30854,10.0,516.05,5160.5
917124,7006490,31186,6.0,990.02,5940.12
917125,7006924,31328,8.0,656.42,5251.36
917126,7012627,30957,12.0,790.42,9485.04
917127,7003164,31106,6.0,611.18,3667.08
917128,7010751,30645,1.0,469.32,469.32
917129,7014710,30357,8.0,634.82,5078.56
917130,7001788,30434,11.0,549.72,6046.92
917131,7003042,30263,7.0,614.98,4304.86
917132,7011380,30612,7.0,1130.38,7912.66
917133,7001323,30293,3.0,1115.19,3345.57
917134,7013712,30673,10.0,205.61,2056.09
917135,7014127,30056,10.0,625.71,6257.1
917136,7009295,30205,11.0,894.05,9834.55
917137,7011828,30550,11.0,1197.48,13172.28
917138,7005665,31149,10.0,530.69,5306.9
917139,7005290,30379,5.0,818.79,4093.95
917140,7006633,31045,5.0,840.8,4204.0
917141,7007918,31449,2.0,349.81,699.62
917142,7001930,31181,11.0,181.1,1992.1
917143,7012728,30095,11.0,890.85,9799.35
917144,7014454,30876,7.0,1028.43,7199.01
917145,7005520,31115,12.0,456.18,5474.16
917146,7008559,31247,8.0,995.89,7967.12
917147,7000570,30577,6.0,476.27,2857.62
917148,7014188,30570,9.0,377.52,3397.68
917149,7006730,30146,5.0,51.46,257.3
917150,7014595,30596,10.0,1190.29,11902.9
917151,7007707,30671,12.0,954.44,11453.28
917152,7001500,30460,10.0,773.86,7738.6
917153,7001538,30056,3.0,890.04,2670.12
917154,7013294,31075,2.0,957.04,1914.08
917155,7011750,30656,7.0,67.75,474.25
917156,7004045,30646,7.0,916.24,6413.68
917157,7008442,31300,8.0,566.81,4534.48
917158,7013726,30392,2.0,347.72,695.45
917159,7000492,31460,4.0,867.85,3471.4
917160,7000200,30813,6.0,1132.13,6792.78
917161,7004970,30523,7.0,387.86,2715.02
917162,7011108,30198,9.0,796.99,7172.91
917163,7010566,31343,1.0,670.93,670.93
917164,7014459,31482,4.0,723.41,2893.64
917165,7010349,30891,11.0,897.23,9869.53
917166,7004510,31114,6.0,381.48,2288.88
917167,7000196,30265,8.0,521.23,4169.84
917168,7012810,31197,11.0,12.17,133.87
917169,7011889,31400,2.0,90.8,181.6
917170,7002176,30295,6.0,123.7,742.2
917171,7014115,30420,3.0,459.96,1379.88
917172,7000568,30302,2.0,577.88,1155.76
917173,7009648,30442,7.0,476.2,3333.4
917174,7011073,30045,12.0,529.66,6355.92
917175,7000673,31047,4.0,208.84,835.36
917176,7001757,31401,6.0,1085.95,6515.7
917177,7002088,31126,7.0,504.82,3533.74
917178,7014130,30626,5.0,628.45,3142.25
917179,7004943,30079,3.0,1087.35,3262.05
917180,7006859,30429,10.0,936.32,9363.2
917181,7010868,30118,8.0,109.66,877.28
917182,7008167,30790,6.0,271.88,1631.28
917183,7013641,31483,12.0,268.37,3220.44
917184,7006997,30288,6.0,455.99,2735.94
917185,7008397,30909,8.0,208.82,1670.56
917186,7013628,31460,12.0,779.22,9350.64
917187,7014649,30665,2.0,329.16,658.32
917188,7007725,30476,6.0,452.78,2716.68
917189,7011322,31189,6.0,677.2,4063.2
917190,7001836,30864,1.0,389.25,389.25
917191,7005909,30634,10.0,755.87,7558.7
917192,7010744,31043,3.0,786.17,2358.51
917193,7004913,31219,3.0,1157.17,3471.51
917194,7003386,30956,5.0,648.69,3243.45
917195,7000028,30781,2.0,98.06,196.12
917196,7006326,30007,6.0,790.82,4744.92
917197,7009659,30356,1.0,926.27,926.27
917198,7003434,31010,7.0,876.69,6136.83
917199,7003807,30678,5.0,21.79,108.95
917200,7002960,31159,8.0,809.54,6476.32
917201,7005796,30303,9.0,876.98,7892.82
917202,7003533,30159,5.0,400.67,2003.35
917203,7013654,30985,1.0,381.45,381.45
917204,7009564,30539,6.0,287.98,1727.88
917205,7006046,31438,11.0,493.48,5428.28
917206,7010609,30141,2.0,612.81,1225.62
917207,7003168,30524,7.0,975.83,6830.81
917208,7014967,30997,7.0,299.64,2097.48
917209,7010819,30077,3.0,306.74,920.22
917210,7011248,30127,9.0,1086.13,9775.17
917211,7004256,31258,5.0,732.5,3662.5
917212,7014608,31348,7.0,417.97,2925.79
917213,7014425,31110,9.0,751.46,6763.18
917214,7005863,30810,9.0,730.82,6577.38
917215,7007554,30185,6.0,607.61,3645.66
917216,7002577,30440,3.0,542.3,1626.9
917217,7002852,30764,5.0,174.06,870.3
917218,7000841,30085,2.0,194.33,388.66
917219,7003063,30929,12.0,708.05,8496.6
917220,7008679,31394,6.0,903.46,5420.76
917221,7006419,30012,10.0,575.59,5755.9
917222,7006874,30113,8.0,199.73,1597.84
917223,7002395,30388,11.0,793.42,8727.62
917224,7001720,31486,5.0,631.41,3157.05
917225,7005727,31243,11.0,147.58,1623.38
917226,7004449,30207,1.0,577.33,577.33
917227,7002362,30939,10.0,129.04,1290.4
917228,7012749,31442,12.0,937.59,11251.08
917229,7012948,30087,11.0,323.23,3555.53
917230,7003294,30833,11.0,146.83,1615.13
917231,7000427,30048,12.0,195.89,2350.68
917232,7005994,30058,1.0,418.12,418.12
917233,7009967,30296,10.0,1173.88,11738.8
917234,7009065,31451,11.0,799.56,8795.16
917235,7010236,30277,10.0,32.45,324.5
917236,7013374,30648,2.0,1111.68,2223.36
917237,7006264,31177,3.0,663.14,1989.42
917238,7001571,30757,4.0,809.48,3237.92
917239,7008826,31249,3.0,177.17,531.51
917240,7000747,30738,7.0,267.21,1870.47
917241,7005962,30470,9.0,374.07,3366.63
917242,7008981,30336,4.0,733.22,2932.88
917243,7004578,30055,12.0,927.84,11134.08
917244,7008132,30231,5.0,1184.49,5922.45
917245,7007423,30253,4.0,868.49,3473.96
917246,7014149,30123,8.0,917.93,7343.44
917247,7003190,30111,2.0,647.15,1294.3
917248,7006386,31462,1.0,467.69,467.69
917249,7001360,31310,1.0,736.23,736.23
917250,7007015,30381,3.0,681.19,2043.57
917251,7012525,30063,12.0,72.58,870.95
917252,7001999,30243,12.0,960.52,11526.24
917253,7000084,31327,2.0,690.34,1380.68
917254,7008171,30047,11.0,21.85,240.35
917255,7014803,30041,6.0,338.02,2028.12
917256,7008608,31117,12.0,248.2,2978.4
917257,7005562,30672,12.0,519.34,6232.08
917258,7013138,30732,10.0,259.17,2591.7
917259,7009290,31333,4.0,958.56,3834.24
917260,7014345,31261,9.0,917.78,8260.02
917261,7010651,30108,5.0,356.36,1781.8
917262,7014912,30797,1.0,11.96,11.96
917263,7001482,31070,10.0,483.82,4838.2
917264,7001709,31206,2.0,130.82,261.64
917265,7007334,30025,2.0,64.69,129.38
917266,7005850,30920,8.0,363.26,2906.08
917267,7002948,31494,7.0,321.78,2252.46
917268,7008069,30451,11.0,655.04,7205.44
917269,7010110,31328,3.0,139.73,419.19
917270,7005207,31388,8.0,1106.84,8854.72
917271,7013007,30993,2.0,696.34,1392.69
917272,7012065,30723,3.0,217.0,651.0
917273,7001639,31451,2.0,829.69,1659.38
917274,7004423,30240,12.0,1138.17,13658.04
917275,7007323,31182,9.0,86.27,776.43
917276,7010575,30728,5.0,1143.18,5715.9
917277,7005323,31101,8.0,334.1,2672.8
917278,7010586,31250,10.0,239.4,2394.0
917279,7002108,31345,8.0,1076.41,8611.28
917280,7001845,30480,11.0,600.07,6600.77
917281,7008044,30895,12.0,790.73,9488.76
917282,7003014,30958,8.0,716.85,5734.8
917283,7007290,31077,5.0,132.78,663.9
917284,7007047,30332,6.0,957.66,5745.96
917285,7002403,30306,11.0,75.98,835.78
917286,7005599,31314,12.0,1180.5,14166.0
917287,7006035,31027,8.0,659.34,5274.72
917288,7013301,30703,2.0,288.96,577.92
917289,7012796,30393,2.0,122.51,245.02
917290,7004491,30813,1.0,676.82,676.82
917291,7008126,31265,4.0,105.0,420.0
917292,7007717,31301,2.0,353.65,707.3
917293,7012131,30514,12.0,815.43,9785.16
917294,7008841,30658,10.0,871.77,8717.7
917295,7007034,30334,8.0,462.5,3700.0
917296,7009133,30061,7.0,257.56,1802.92
917297,7008073,31123,5.0,528.04,2640.2
917298,7009753,31088,11.0,1135.76,12493.36
917299,7008761,30985,1.0,1138.84,1138.84
917300,7010387,30371,8.0,352.21,2817.68
917301,7003522,30952,3.0,480.39,1441.17
917302,7003678,31287,7.0,269.94,1889.58
917303,7001035,30569,3.0,703.55,2110.65
917304,7004232,30473,9.0,1103.91,9935.19
917305,7001678,31383,3.0,619.57,1858.71
917306,7006285,31475,12.0,1097.82,13173.84
917307,7012860,30087,3.0,214.5,643.5
917308,7002355,30876,3.0,375.1,1125.3
917309,7003072,31210,8.0,173.76,1390.08
917310,7002918,30965,5.0,863.61,4318.05
917311,7012148,30466,11.0,1061.68,11678.48
917312,7005112,30330,6.0,1072.12,6432.72
917313,7003683,30930,5.0,77.42,387.1
917314,7010713,30072,1.0,1010.29,1010.29
917315,7005585,30862,5.0,75.14,375.7
917316,7004433,30988,11.0,1120.16,12321.76
917317,7010762,30041,4.0,1017.49,4069.96
917318,7006667,30480,11.0,546.96,6016.56
917319,7004628,30201,9.0,1095.73,9861.57
917320,7008318,30645,12.0,1073.36,12880.32
917321,7005661,31037,2.0,482.26,964.52
917322,7012328,30983,11.0,872.25,9594.75
917323,7001798,31214,1.0,576.51,576.51
917324,7008380,31066,5.0,637.4,3187.0
917325,7005973,30027,4.0,741.78,2967.12
917326,7001323,30796,3.0,785.87,2357.61
917327,7013681,31264,12.0,894.05,10728.6
917328,7011201,30520,10.0,1126.02,11260.2
917329,7002472,30629,9.0,570.32,5132.88
917330,7004661,31315,11.0,91.82,1010.02
917331,7002752,31131,6.0,673.12,4038.72
917332,7014638,30845,2.0,360.51,721.02
917333,7002978,31223,1.0,517.76,517.76
917334,7000722,31492,11.0,519.85,5718.35
917335,7013156,30880,6.0,291.59,1749.54
917336,7003864,30571,3.0,1194.36,3583.08
917337,7014878,30022,10.0,171.05,1710.5
917338,7009899,31023,4.0,947.9,3791.6
917339,7006165,31410,3.0,383.51,1150.53
917340,7011000,31182,5.0,645.0,3225.02
917341,7006134,30114,1.0,343.42,343.42
917342,7014358,30969,4.0,1130.02,4520.08
917343,7002685,30060,11.0,598.4,6582.4
917344,7003344,30108,8.0,794.65,6357.2
917345,7002302,30921,8.0,1117.87,8942.96
917346,7014314,30819,10.0,776.41,7764.1
917347,7010011,30969,4.0,561.13,2244.52
917348,7004155,30243,3.0,606.15,1818.45
917349,7011341,30231,4.0,341.43,1365.72
917350,7006304,31259,4.0,865.33,3461.32
917351,7007933,30909,5.0,810.17,4050.85
917352,7010249,31215,11.0,656.42,7220.62
917353,7010358,31475,4.0,810.45,3241.8
917354,7008579,31129,6.0,584.12,3504.72
917355,7014858,30632,7.0,1094.05,7658.35
917356,7000117,30090,8.0,332.52,2660.16
917357,7010582,31089,11.0,201.98,2221.78
917358,7007927,31399,12.0,157.42,1889.04
917359,7005966,30133,6.0,625.87,3755.22
917360,7001163,30719,1.0,738.15,738.15
917361,7011753,31466,6.0,866.66,5199.96
917362,7005955,30221,10.0,152.28,1522.79
917363,7014298,31002,8.0,40.25,322.0
917364,7010204,31165,4.0,863.94,3455.76
917365,7006152,30990,7.0,654.94,4584.58
917366,7014485,31185,5.0,68.72,343.6
917367,7007151,30839,7.0,995.53,6968.71
917368,7001517,30439,4.0,276.4,1105.6
917369,7009889,30794,10.0,892.62,8926.2
917370,7014392,30777,6.0,1158.92,6953.52
917371,7006397,31075,6.0,380.16,2280.96
917372,7005248,31447,4.0,181.79,727.16
917373,7012569,30356,8.0,66.19,529.52
917374,7011524,30263,12.0,817.97,9815.64
917375,7009581,30591,5.0,686.15,3430.75
917376,7011732,30600,5.0,509.2,2546.0
917377,7007711,31043,5.0,83.34,416.7
917378,7002563,31086,7.0,811.03,5677.21
917379,7003682,30865,7.0,229.38,1605.66
917380,7013777,30772,7.0,265.79,1860.53
917381,7014408,31225,1.0,1005.3,1005.3
917382,7002128,30551,12.0,816.94,9803.28
917383,7001292,30496,9.0,805.46,7249.14
917384,7007107,30785,4.0,575.15,2300.6
917385,7010951,31188,2.0,420.2,840.4
917386,7007822,31335,7.0,1082.78,7579.46
917387,7006235,30933,4.0,810.45,3241.8
917388,7003025,30537,7.0,496.85,3477.95
917389,7014949,31184,8.0,766.37,6130.96
917390,7008635,30895,7.0,740.9,5186.3
917391,7001073,31134,3.0,646.19,1938.57
917392,7012155,31014,8.0,22.67,181.36
917393,7010630,30115,10.0,997.96,9979.6
917394,7004091,30377,1.0,806.67,806.67
917395,7010090,31099,11.0,565.83,6224.13
917396,7005604,30727,4.0,37.61,150.44
917397,7001668,30493,6.0,470.12,2820.72
917398,7005353,30066,12.0,996.87,11962.44
917399,7014215,30115,9.0,1147.31,10325.79
917400,7004129,30129,10.0,550.91,5509.1
917401,7005311,30895,5.0,336.55,1682.75
917402,7009208,30830,3.0,897.67,2693.01
917403,7003387,30889,4.0,14.89,59.56
917404,7008275,30650,8.0,395.89,3167.12
917405,7014885,31416,4.0,163.22,652.88
917406,7007849,31134,12.0,799.7,9596.4
917407,7011558,30910,5.0,988.59,4942.95
917408,7003619,30347,3.0,1003.85,3011.55
917409,7004684,30846,2.0,107.38,214.76
917410,7011840,30323,2.0,832.68,1665.36
917411,7000529,30132,2.0,1180.97,2361.94
917412,7009574,30141,4.0,965.72,3862.88
917413,7008691,30581,3.0,244.01,732.03
917414,7002042,31388,11.0,557.15,6128.65
917415,7014991,30347,5.0,107.71,538.55
917416,7000311,31499,4.0,164.06,656.24
917417,7002688,31324,1.0,693.2,693.2
917418,7007175,31284,3.0,910.51,2731.53
917419,7001284,31079,12.0,456.52,5478.24
917420,7003167,30714,4.0,150.99,603.96
917421,7000371,31187,6.0,1131.37,6788.22
917422,7009584,30830,5.0,572.61,2863.05
917423,7012921,31058,9.0,287.34,2586.06
917424,7002789,30095,8.0,947.34,7578.72
917425,7013470,30446,8.0,864.07,6912.56
917426,7012479,30721,4.0,1123.27,4493.08
917427,7000366,30476,6.0,633.82,3802.92
917428,7000005,30219,1.0,208.89,208.89
917429,7005101,30340,11.0,1128.2,12410.2
917430,7000339,30496,6.0,722.58,4335.48
917431,7014531,30152,10.0,862.05,8620.5
917432,7014874,30868,9.0,754.27,6788.43
917433,7014868,31373,4.0,312.04,1248.16
917434,7002838,30438,4.0,529.79,2119.16
917435,7013774,30446,4.0,99.95,399.8
917436,7009311,30788,3.0,874.27,2622.81
917437,7001593,30988,6.0,324.29,1945.74
917438,7000959,30689,3.0,452.71,1358.13
917439,7003319,30759,2.0,294.86,589.72
917440,7000629,31394,3.0,500.01,1500.03
917441,7014199,30120,11.0,691.46,7606.06
917442,7006068,30414,10.0,134.28,1342.8
917443,7013156,30267,6.0,695.66,4173.96
917444,7007204,30473,1.0,728.05,728.05
917445,7009896,30195,12.0,192.21,2306.52
917446,7010878,31442,9.0,724.57,6521.13
917447,7014176,30185,6.0,203.16,1218.96
917448,7002363,30134,1.0,126.05,126.05
917449,7000715,30601,3.0,795.94,2387.82
917450,7013810,30386,11.0,1007.78,11085.58
917451,7003900,31487,4.0,31.96,127.84
917452,7002709,31411,1.0,105.48,105.48
917453,7008868,31474,4.0,1080.09,4320.36
917454,7009418,30522,10.0,756.38,7563.8
917455,7000515,30731,8.0,268.22,2145.76
917456,7010876,30118,1.0,1162.62,1162.62
917457,7004254,30462,9.0,186.73,1680.57
917458,7013491,30087,1.0,1052.13,1052.13
917459,7006507,30731,2.0,229.93,459.86
917460,7002557,30007,5.0,706.87,3534.35
917461,7000655,30634,9.0,898.59,8087.31
917462,7014374,31264,11.0,901.32,9914.52
917463,7001884,30994,9.0,542.51,4882.59
917464,7007180,30455,4.0,1090.36,4361.44
917465,7004302,31033,1.0,913.98,913.98
917466,7013540,30277,10.0,119.92,1199.2
917467,7011077,31451,8.0,1152.83,9222.64
917468,7003721,30844,2.0,902.39,1804.78
917469,7011224,30761,4.0,1153.98,4615.92
917470,7000244,31146,5.0,240.85,1204.25
917471,7001297,30686,10.0,38.81,388.1
917472,7009285,30573,7.0,1076.48,7535.36
917473,7002115,31129,12.0,354.46,4253.52
917474,7003678,30703,2.0,1117.44,2234.88
917475,7004965,30077,2.0,175.23,350.46
917476,7011819,30288,10.0,703.03,7030.3
917477,7003135,30938,11.0,1128.59,12414.49
917478,7004648,30822,2.0,306.37,612.74
917479,7013342,31491,2.0,86.4,172.8
917480,7011735,30241,12.0,314.24,3770.88
917481,7004731,30356,4.0,327.44,1309.76
917482,7002631,30008,8.0,49.7,397.6
917483,7013803,30876,5.0,452.97,2264.85
917484,7006819,30586,12.0,828.38,9940.56
917485,7002850,30376,5.0,694.95,3474.75
917486,7002310,30731,4.0,936.1,3744.4
917487,7000791,31183,9.0,224.98,2024.82
917488,7009503,30525,10.0,271.44,2714.4
917489,7003283,31462,5.0,283.62,1418.1
917490,7008095,30776,3.0,918.84,2756.52
917491,7008403,30243,6.0,559.37,3356.22
917492,7010266,30256,3.0,99.12,297.36
917493,7000234,30789,11.0,1040.48,11445.28
917494,7007774,31157,7.0,616.41,4314.87
917495,7005152,31195,9.0,735.42,6618.78
917496,7000996,31500,3.0,612.59,1837.77
917497,7009635,30357,1.0,210.7,210.7
917498,7006955,30658,7.0,467.35,3271.45
917499,7014318,30173,3.0,666.82,2000.46
917500,7001578,30554,6.0,941.0,5646.0
917501,7010458,30926,10.0,284.69,2846.9
917502,7003529,31213,2.0,361.84,723.68
917503,7008098,30290,1.0,310.38,310.38
917504,7007743,30254,2.0,459.83,919.66
917505,7002424,31210,8.0,243.3,1946.4
917506,7004584,30590,12.0,125.63,1507.56
917507,7006902,31304,1.0,69.85,69.85
917508,7004541,30376,6.0,437.89,2627.34
917509,7009682,30797,7.0,325.2,2276.4
917510,7003916,30076,8.0,317.22,2537.76
917511,7009431,31393,4.0,666.48,2665.94
917512,7011596,31296,10.0,642.42,6424.2
917513,7007953,30059,3.0,136.14,408.42
917514,7003962,31313,5.0,85.01,425.05
917515,7008175,30514,8.0,1087.4,8699.2
917516,7005920,31085,12.0,249.38,2992.56
917517,7012509,30976,8.0,538.33,4306.64
917518,7002461,31306,8.0,736.62,5892.96
917519,7001922,30163,3.0,897.62,2692.86
917520,7005923,30446,3.0,263.35,790.05
917521,7011988,30038,3.0,1068.95,3206.85
917522,7006234,31044,12.0,436.42,5237.04
917523,7004797,31152,8.0,781.68,6253.44
917524,7007536,30907,9.0,196.87,1771.83
917525,7000579,31296,12.0,661.39,7936.68
917526,7007462,30780,3.0,480.66,1441.98
917527,7003118,30963,6.0,147.22,883.32
917528,7005059,31128,7.0,309.41,2165.87
917529,7013416,30149,12.0,756.18,9074.16
917530,7002672,30392,2.0,262.35,524.7
917531,7010117,30031,3.0,356.1,1068.3
917532,7013810,31004,9.0,532.03,4788.27
917533,7001180,30317,4.0,687.22,2748.86
917534,7007413,30367,12.0,110.06,1320.72
917535,7010109,30729,8.0,278.76,2230.08
917536,7012699,30167,2.0,177.14,354.28
917537,7004301,30606,3.0,331.13,993.39
917538,7002638,31072,11.0,84.81,932.91
917539,7000911,30793,7.0,1043.67,7305.69
917540,7007180,30871,10.0,577.12,5771.15
917541,7004888,30712,10.0,254.74,2547.4
917542,7001601,30035,8.0,831.31,6650.48
917543,7006987,30250,10.0,427.9,4279.0
917544,7013389,30903,8.0,653.88,5231.04
917545,7013645,30010,12.0,51.67,620.04
917546,7011373,30530,4.0,432.02,1728.08
917547,7009658,30628,4.0,117.8,471.21
917548,7005536,30280,10.0,300.57,3005.7
917549,7008689,30520,12.0,957.29,11487.48
917550,7014313,31433,12.0,680.56,8166.72
917551,7001995,30051,10.0,63.48,634.8
917552,7001840,30582,3.0,521.74,1565.22
917553,7008624,30204,2.0,599.96,1199.92
917554,7008967,30857,2.0,181.51,363.02
917555,7005401,31238,10.0,1110.87,11108.7
917556,7006931,30975,8.0,826.62,6612.96
917557,7002138,30875,9.0,1147.7,10329.3
917558,7009191,31499,9.0,1112.51,10012.59
917559,7008249,31468,1.0,723.93,723.93
917560,7014944,30715,12.0,471.63,5659.56
917561,7011513,30970,12.0,19.72,236.64
917562,7014198,30004,8.0,742.02,5936.16
917563,7012276,30034,2.0,1112.71,2225.42
917564,7011374,31451,8.0,548.06,4384.48
917565,7012649,30028,12.0,709.89,8518.68
917566,7013490,30169,9.0,632.55,5692.95
917567,7014801,31352,9.0,1070.95,9638.55
917568,7005029,31035,9.0,156.15,1405.35
917569,7003878,30544,11.0,388.37,4272.07
917570,7011312,30298,4.0,230.26,921.04
917571,7002941,30114,6.0,37.61,225.66
917572,7008058,30131,9.0,739.21,6652.89
917573,7011956,30740,4.0,759.87,3039.48
917574,7012978,30258,9.0,768.23,6914.07
917575,7004235,30032,4.0,1013.31,4053.24
917576,7003161,30411,9.0,898.78,8089.02
917577,7014882,30957,5.0,694.27,3471.35
917578,7014855,30185,6.0,1132.29,6793.74
917579,7004156,31304,1.0,852.6,852.6
917580,7012516,30462,4.0,683.45,2733.8
917581,7007782,30771,4.0,321.52,1286.08
917582,7009180,30156,10.0,46.93,469.34
917583,7011079,30336,1.0,819.4,819.4
917584,7013935,30928,2.0,513.99,1027.98
917585,7010709,30601,8.0,728.79,5830.32
917586,7008683,30495,8.0,220.97,1767.76
917587,7000630,30496,7.0,639.55,4476.85
917588,7012582,30181,6.0,980.72,5884.32
917589,7002372,30468,3.0,478.95,1436.85
917590,7002039,31403,7.0,1047.67,7333.69
917591,7010354,30314,6.0,402.93,2417.58
917592,7006813,30621,8.0,881.21,7049.68
917593,7000761,30875,1.0,622.6,622.6
917594,7011214,30970,2.0,374.89,749.78
917595,7004932,30891,1.0,184.55,184.55
917596,7004374,31181,9.0,1036.0,9324.0
917597,7002953,31249,11.0,591.09,6501.99
917598,7013266,30613,11.0,732.1,8053.1
917599,7006479,30612,9.0,752.24,6770.16
917600,7001422,30678,11.0,1001.77,11019.47
917601,7006695,30237,1.0,1017.52,1017.52
917602,7002388,30100,6.0,935.91,5615.46
917603,7008549,31024,8.0,225.72,1805.76
917604,7006336,30284,12.0,969.69,11636.28
917605,7011699,30889,1.0,913.46,913.46
917606,7009730,31468,7.0,352.31,2466.17
917607,7002471,31249,3.0,595.4,1786.2
917608,7010870,30705,6.0,295.19,1771.14
917609,7014317,31074,2.0,877.33,1754.66
917610,7013628,31010,4.0,422.66,1690.64
917611,7013984,30807,6.0,362.3,2173.8
917612,7014681,30864,12.0,233.69,2804.28
917613,7009016,31302,7.0,274.04,1918.28
917614,7011555,30144,3.0,243.76,731.28
917615,7011470,30609,5.0,1142.21,5711.05
917616,7013498,30275,6.0,1175.67,7054.02
917617,7012738,31265,6.0,84.71,508.26
917618,7009817,30654,8.0,546.48,4371.84
917619,7003546,31115,2.0,456.18,912.36
917620,7003633,30391,2.0,215.09,430.18
917621,7007189,30226,6.0,382.3,2293.8
917622,7001363,30126,9.0,1180.27,10622.43
917623,7014575,31472,2.0,669.59,1339.18
917624,7012798,31483,7.0,102.3,716.1
917625,7001454,30451,10.0,1005.89,10058.9
917626,7011485,30975,1.0,708.33,708.33
917627,7013302,30141,8.0,987.49,7899.92
917628,7010767,30005,3.0,570.14,1710.42
917629,7000984,31171,2.0,582.39,1164.78
917630,7014692,31368,7.0,1018.65,7130.55
917631,7001241,30698,3.0,538.28,1614.84
917632,7003112,31236,11.0,129.46,1424.06
917633,7005633,30620,12.0,330.8,3969.6
917634,7009026,31449,1.0,1006.74,1006.74
917635,7006472,30323,5.0,1145.24,5726.2
917636,7000515,30651,10.0,1000.21,10002.1
917637,7001325,30260,1.0,602.88,602.88
917638,7005517,31371,2.0,748.32,1496.64
917639,7004681,30927,2.0,278.06,556.12
917640,7012696,30861,12.0,360.56,4326.72
917641,7009254,31357,9.0,413.2,3718.8
917642,7002634,30073,3.0,597.89,1793.67
917643,7000894,31074,2.0,574.42,1148.84
917644,7011068,30971,11.0,770.41,8474.51
917645,7002582,31271,12.0,775.52,9306.24
917646,7011499,30383,12.0,790.97,9491.64
917647,7000583,30939,2.0,1110.48,2220.96
917648,7008273,30310,12.0,1013.83,12165.96
917649,7013334,30340,5.0,1163.06,5815.3
917650,7008458,30467,8.0,238.6,1908.8
917651,7000809,30543,4.0,341.78,1367.12
917652,7001765,30349,8.0,315.1,2520.8
917653,7008570,31136,10.0,573.48,5734.8
917654,7006636,31070,3.0,566.83,1700.49
917655,7002170,30129,12.0,19.1,229.2
917656,7007257,30016,6.0,315.93,1895.58
917657,7003727,30101,12.0,69.61,835.32
917658,7003479,30559,2.0,694.65,1389.3
917659,7001269,31245,10.0,184.95,1849.5
917660,7009251,30754,8.0,312.83,2502.64
917661,7010271,30403,11.0,627.45,6901.95
917662,7001553,31303,4.0,852.42,3409.68
917663,7005862,30466,2.0,1112.64,2225.28
917664,7001563,30981,10.0,388.82,3888.2
917665,7007749,30852,5.0,781.43,3907.15
917666,7010981,30931,3.0,351.32,1053.96
917667,7003724,30768,5.0,1157.66,5788.3
917668,7010513,31486,3.0,1061.19,3183.57
917669,7011443,30018,9.0,660.19,5941.71
917670,7000080,30865,2.0,781.61,1563.22
917671,7013976,31082,6.0,385.62,2313.72
917672,7014106,30154,5.0,942.4,4712.0
917673,7010354,30115,8.0,844.81,6758.48
917674,7010425,31083,2.0,497.25,994.5
917675,7005353,30404,12.0,448.41,5380.92
917676,7008142,30991,1.0,985.59,985.59
917677,7002761,31490,4.0,539.45,2157.8
917678,7009285,31438,4.0,32.99,131.96
917679,7008533,30848,7.0,500.01,3500.07
917680,7009241,30890,3.0,39.62,118.86
917681,7009983,30722,5.0,1170.75,5853.75
917682,7011508,30694,2.0,1084.61,2169.22
917683,7013498,31383,1.0,612.63,612.63
917684,7003508,31467,3.0,1013.57,3040.71
917685,7002565,30909,4.0,570.38,2281.5
917686,7014978,30214,11.0,911.94,10031.34
917687,7002963,30499,5.0,116.6,583.0
917688,7003135,30923,11.0,90.89,999.79
917689,7009901,31446,5.0,1177.7,5888.5
917690,7014799,30661,2.0,1098.09,2196.18
917691,7000071,31022,12.0,996.76,11961.12
917692,7001899,31174,4.0,454.06,1816.24
917693,7013350,31308,11.0,115.36,1268.96
917694,7011714,30159,11.0,656.01,7216.11
917695,7000281,30591,12.0,495.11,5941.32
917696,7006254,30254,8.0,488.47,3907.76
917697,7005551,30986,7.0,589.87,4129.09
917698,7013144,30883,10.0,317.14,3171.4
917699,7011310,30308,8.0,1178.95,9431.6
917700,7002458,30258,12.0,858.11,10297.32
917701,7001658,31480,1.0,841.1,841.1
917702,7008496,31211,4.0,1170.42,4681.68
917703,7013770,30223,8.0,862.62,6900.96
917704,7014619,31112,5.0,443.78,2218.9
917705,7012995,30020,5.0,863.43,4317.15
917706,7005315,30252,8.0,1115.04,8920.32
917707,7003229,31351,4.0,507.45,2029.8
917708,7012222,30304,5.0,35.06,175.3
917709,7013086,31000,6.0,325.79,1954.74
917710,7010801,31069,1.0,901.92,901.92
917711,7014636,31172,3.0,143.31,429.93
917712,7002254,30547,9.0,731.37,6582.33
917713,7001700,30516,10.0,64.54,645.45
917714,7007502,30131,6.0,319.18,1915.08
917715,7006345,31431,4.0,915.01,3660.04
917716,7011095,30885,7.0,668.2,4677.4
917717,7009212,30779,11.0,1119.63,12315.93
917718,7011597,30457,1.0,877.61,877.61
917719,7005208,31219,11.0,294.72,3241.92
917720,7004566,30303,6.0,1146.22,6877.32
917721,7003798,30746,4.0,1105.41,4421.64
917722,7004987,30695,7.0,496.87,3478.09
917723,7014016,30578,12.0,728.14,8737.68
917724,7008985,30473,3.0,1026.65,3079.95
917725,7014093,31327,5.0,47.7,238.5
917726,7002143,30622,2.0,300.01,600.02
917727,7012255,30153,9.0,703.85,6334.65
917728,7012882,30219,9.0,948.66,8537.94
917729,7004724,31152,5.0,147.82,739.1
917730,7000552,30562,4.0,905.89,3623.56
917731,7000900,30106,12.0,128.01,1536.12
917732,7013217,30989,5.0,644.13,3220.65
917733,7013623,30810,2.0,991.01,1982.02
917734,7005129,30228,6.0,549.24,3295.44
917735,7005310,30839,10.0,1114.19,11141.9
917736,7012861,30690,5.0,586.85,2934.25
917737,7011424,30346,8.0,391.95,3135.6
917738,7004345,30187,4.0,896.22,3584.88
917739,7008102,31001,4.0,151.61,606.44
917740,7000177,30285,10.0,606.45,6064.5
917741,7007287,30267,3.0,879.8,2639.4
917742,7006897,31143,10.0,73.65,736.5
917743,7014907,30218,4.0,543.51,2174.04
917744,7003878,30338,6.0,465.62,2793.72
917745,7010335,30855,10.0,719.68,7196.8
917746,7014303,31342,10.0,375.58,3755.8
917747,7009670,30070,9.0,1027.4,9246.6
917748,7001967,30880,12.0,376.37,4516.44
917749,7007736,30080,7.0,747.86,5235.02
917750,7014156,31496,5.0,601.41,3007.05
917751,7013548,31127,7.0,980.21,6861.47
917752,7005491,30609,7.0,766.13,5362.91
917753,7006173,31135,11.0,693.27,7625.97
917754,7013662,30722,5.0,418.18,2090.9
917755,7014978,30722,3.0,754.03,2262.09
917756,7005448,30902,4.0,826.48,3305.92
917757,7001121,30299,5.0,786.8,3934.0
917758,7006925,30560,8.0,1120.89,8967.12
917759,7014062,30256,8.0,498.43,3987.44
917760,7010272,31079,9.0,135.33,1217.97
917761,7000336,31098,9.0,198.64,1787.76
917762,7001438,31289,9.0,1001.72,9015.48
917763,7007710,30744,1.0,1663.12,1663.12
917764,7007457,30687,11.0,344.48,3789.28
917765,7002422,30952,4.0,222.87,891.48
917766,7002700,30409,2.0,1650.85,3301.7
917767,7013614,30410,5.0,741.07,3705.35
917768,7004966,31390,7.0,94.75,663.25
917769,7008513,31431,5.0,182.31,911.55
917770,7005798,31047,6.0,823.81,4942.86
917771,7000740,31105,7.0,955.82,6690.74
917772,7009261,31165,9.0,601.85,5416.65
917773,7000447,30338,7.0,677.87,4745.09
917774,7014531,30117,5.0,453.89,2269.45
917775,7002348,31022,10.0,451.84,4518.4
917776,7004844,30699,4.0,751.28,3005.12
917777,7004782,31142,7.0,725.71,5080.0
917778,7013031,30042,8.0,91.82,734.56
917779,7003905,30752,9.0,30.03,270.27
917780,7000737,30538,2.0,973.5,1947.0
917781,7014907,30306,3.0,849.55,2548.65
917782,7002232,30214,11.0,1018.58,11204.38
917783,7005637,30161,12.0,214.72,2576.64
917784,7012940,30564,8.0,785.23,6281.84
917785,7009332,31279,4.0,852.73,3410.92
917786,7008468,30126,2.0,1112.46,2224.92
917787,7004577,30737,10.0,897.73,8977.3
917788,7013199,31359,5.0,429.55,2147.75
917789,7011247,30772,11.0,591.19,6503.09
917790,7008568,31024,5.0,1037.36,5186.8
917791,7012082,30522,8.0,349.22,2793.76
917792,7001782,30110,12.0,273.4,3280.8
917793,7011890,30668,4.0,666.49,2665.96
917794,7010795,30810,7.0,407.54,2852.78
917795,7000405,31096,8.0,635.52,5084.16
917796,7013122,30707,12.0,796.84,9562.08
917797,7005560,30460,2.0,1111.97,2223.94
917798,7013513,30180,3.0,488.53,1465.59
917799,7008519,31222,1.0,530.73,530.73
917800,7013125,30283,4.0,687.78,2751.12
917801,7004272,31089,5.0,1058.32,5291.6
917802,7005665,30185,1.0,264.05,264.05
917803,7002360,30548,6.0,364.59,2187.54
917804,7001727,31014,4.0,140.82,563.28
917805,7005957,30705,8.0,702.7,5621.6
917806,7005961,30474,3.0,222.31,666.93
917807,7005615,30526,2.0,967.86,1935.72
917808,7012915,31207,2.0,78.99,157.98
917809,7014605,30628,8.0,402.68,3221.44
917810,7001473,30267,3.0,292.51,877.53
917811,7003992,30375,3.0,71.25,213.75
917812,7008006,30008,7.0,520.02,3640.14
917813,7010197,30143,11.0,640.99,7050.89
917814,7006689,30682,10.0,1027.59,10275.9
917815,7002398,30022,8.0,701.23,5609.84
917816,7010984,31238,8.0,324.56,2596.48
917817,7013657,30956,1.0,492.53,492.53
917818,7013549,31013,2.0,15.45,30.9
917819,7012327,30153,3.0,28.65,85.95
917820,7006832,31117,4.0,451.81,1807.24
917821,7008420,30376,6.0,637.04,3822.24
917822,7002381,30597,3.0,236.6,709.8
917823,7014672,31198,3.0,604.25,1812.75
917824,7011021,30144,4.0,901.89,3607.56
917825,7004998,30312,11.0,214.92,2364.12
917826,7000583,31127,1.0,514.11,514.11
917827,7005838,30808,1.0,197.76,197.76
917828,7004846,30940,4.0,524.02,2096.06
917829,7004659,31362,5.0,844.44,4222.2
917830,7004380,30074,1.0,568.39,568.39
917831,7013575,31036,4.0,1131.15,4524.6
917832,7005469,30200,4.0,491.26,1965.04
917833,7008166,31410,12.0,581.19,6974.28
917834,7000491,31435,6.0,397.68,2386.08
917835,7002581,30849,3.0,510.54,1531.64
917836,7010533,31215,6.0,361.61,2169.66
917837,7001501,30570,1.0,1111.3,1111.3
917838,7014879,30668,10.0,564.22,5642.2
917839,7009353,30676,12.0,680.97,8171.64
917840,7010472,30614,4.0,324.07,1296.28
917841,7008390,30186,8.0,1157.09,9256.72
917842,7003907,30644,6.0,269.52,1617.12
917843,7011575,30376,4.0,541.87,2167.48
917844,7013318,31106,11.0,1185.95,13045.45
917845,7008924,30339,6.0,583.81,3502.86
917846,7010995,30872,8.0,712.21,5697.68
917847,7003633,31264,2.0,530.23,1060.46
917848,7001725,30837,10.0,1190.41,11904.1
917849,7009579,30865,5.0,1016.35,5081.75
917850,7003980,31111,3.0,76.65,229.95
917851,7002376,30814,1.0,718.41,718.41
917852,7013663,30296,9.0,725.3,6527.7
917853,7012543,30230,9.0,170.6,1535.4
917854,7013940,31487,12.0,817.49,9809.88
917855,7010379,31312,8.0,462.85,3702.8
917856,7000726,30236,8.0,1182.94,9463.52
917857,7011925,30992,9.0,690.45,6214.05
917858,7005795,30207,8.0,872.19,6977.52
917859,7013626,31492,11.0,834.03,9174.33
917860,7003084,31121,6.0,1075.6,6453.6
917861,7010223,30098,6.0,421.31,2527.86
917862,7001620,30819,4.0,455.31,1821.24
917863,7009586,30851,9.0,778.07,7002.63
917864,7012406,30968,8.0,422.3,3378.4
917865,7008326,30456,9.0,1026.38,9237.42
917866,7009010,30309,5.0,218.81,1094.05
917867,7012465,30632,7.0,538.41,3768.87
917868,7006284,30222,8.0,786.65,6293.2
917869,7001858,31452,7.0,747.45,5232.15
917870,7002288,30807,2.0,922.73,1845.46
917871,7004369,30846,5.0,268.4,1342.0
917872,7005302,30640,7.0,1062.63,7438.41
917873,7004987,30996,1.0,1195.07,1195.07
917874,7003856,30819,7.0,358.76,2511.32
917875,7006474,30711,3.0,308.33,924.99
917876,7014823,30283,9.0,28.67,258.03
917877,7006486,31130,6.0,569.64,3417.84
917878,7000742,31177,6.0,1035.6,6213.6
917879,7008083,30014,4.0,785.46,3141.84
917880,7001055,30415,2.0,16.36,32.72
917881,7003592,30465,8.0,617.15,4937.2
917882,7003420,30919,8.0,308.31,2466.48
917883,7013436,30688,12.0,159.53,1914.36
917884,7007964,30831,6.0,480.22,2881.32
917885,7004683,30672,6.0,367.16,2202.96
917886,7009506,31031,10.0,1170.02,11700.2
917887,7004798,31074,10.0,961.28,9612.8
917888,7005499,30615,5.0,193.35,966.75
917889,7010912,31030,12.0,832.5,9990.0
917890,7003453,30071,2.0,755.6,1511.2
917891,7008148,30214,2.0,413.54,827.08
917892,7004588,30951,6.0,767.38,4604.28
917893,7012178,31272,6.0,669.04,4014.24
917894,7006718,30275,5.0,1092.37,5461.85
917895,7013555,31151,5.0,638.63,3193.15
917896,7004786,30495,11.0,754.89,8303.79
917897,7013820,30823,1.0,65.05,65.05
917898,7014959,30567,12.0,828.4,9940.8
917899,7006317,30360,9.0,146.82,1321.38
917900,7014345,31040,6.0,13.46,80.76
917901,7003380,31488,4.0,860.44,3441.76
917902,7001433,31274,4.0,520.89,2083.56
917903,7004033,30664,4.0,426.71,1706.84
917904,7008771,30192,1.0,253.82,253.82
917905,7011295,30828,12.0,834.0,10008.0
917906,7014822,30726,12.0,411.28,4935.36
917907,7007200,30353,5.0,970.61,4853.05
917908,7008705,31290,4.0,995.56,3982.24
917909,7005207,31149,9.0,1140.41,10263.69
917910,7011644,30378,1.0,192.0,192.0
917911,7000381,31374,4.0,133.2,532.8
917912,7003688,30627,12.0,1075.6,12907.2
917913,7008556,31033,10.0,897.61,8976.1
917914,7005969,30488,12.0,1119.3,13431.6
917915,7001144,31141,9.0,305.95,2753.55
917916,7009211,30371,3.0,488.55,1465.65
917917,7004458,31490,8.0,925.95,7407.6
917918,7011601,31181,7.0,357.75,2504.25
917919,7001709,31465,9.0,796.21,7165.89
917920,7005053,30009,8.0,1043.91,8351.28
917921,7014098,30239,10.0,221.8,2218.0
917922,7003888,30213,12.0,609.29,7311.48
917923,7012267,30154,12.0,61.47,737.64
917924,7000222,30123,9.0,233.93,2105.37
917925,7012898,30097,2.0,1052.69,2105.38
917926,7001917,30992,9.0,149.18,1342.62
917927,7004131,30068,2.0,1110.18,2220.36
917928,7013520,31312,1.0,279.17,279.17
917929,7004487,31183,7.0,707.55,4952.85
917930,7009460,30169,1.0,1104.45,1104.45
917931,7013847,30400,5.0,859.15,4295.75
917932,7010982,31316,1.0,1191.32,1191.32
917933,7011561,30564,7.0,818.81,5731.67
917934,7010093,31431,4.0,1144.23,4576.92
917935,7003510,30988,10.0,760.88,7608.85
917936,7013678,31046,7.0,602.04,4214.28
917937,7013135,30230,3.0,1155.55,3466.65
917938,7007891,31109,9.0,95.38,858.42
917939,7008894,30901,2.0,350.33,700.66
917940,7009319,30903,1.0,601.01,601.01
917941,7004149,31144,6.0,756.95,4541.7
917942,7000460,30346,5.0,212.87,1064.35
917943,7013558,30412,2.0,153.61,307.22
917944,7001576,31323,2.0,59.7,119.4
917945,7007263,30303,5.0,36.06,180.3
917946,7007627,31092,2.0,646.6,1293.2
917947,7013557,30876,9.0,535.39,4818.51
917948,7011699,30786,3.0,310.57,931.71
917949,7012779,31102,4.0,957.94,3831.76
917950,7001736,31087,5.0,167.23,836.15
917951,7002738,30412,3.0,509.45,1528.35
917952,7009564,30811,10.0,821.56,8215.6
917953,7011324,31324,9.0,1039.43,9354.87
917954,7001806,31422,1.0,960.74,960.74
917955,7000768,31346,4.0,1151.92,4607.68
917956,7013287,30102,6.0,1179.71,7078.26
917957,7001012,31191,9.0,826.7,7440.3
917958,7006462,30294,5.0,644.19,3220.95
917959,7000883,31363,7.0,321.55,2250.85
917960,7003019,31324,5.0,558.51,2792.55
917961,7004124,30622,3.0,15.11,45.33
917962,7012722,30636,11.0,414.29,4557.19
917963,7003664,30272,8.0,529.51,4236.08
917964,7004996,30997,8.0,774.56,6196.48
917965,7004509,31353,2.0,956.83,1913.66
917966,7014513,31090,5.0,155.48,777.4
917967,7003627,31418,5.0,54.2,271.0
917968,7001331,30307,6.0,491.85,2951.1
917969,7001507,30261,5.0,1082.77,5413.85
917970,7003131,30058,12.0,858.1,10297.2
917971,7004706,30760,12.0,967.16,11605.92
917972,7008383,30952,4.0,499.68,1998.72
917973,7013230,30172,9.0,1064.1,9576.9
917974,7007454,30324,8.0,372.37,2978.96
917975,7006959,30176,1.0,970.65,970.65
917976,7004460,31360,4.0,709.77,2839.08
917977,7002761,30540,7.0,1027.55,7192.85
917978,7012059,31320,5.0,130.03,650.15
917979,7011714,30759,11.0,774.18,8515.98
917980,7013868,30465,10.0,394.85,3948.5
917981,7009695,30432,3.0,1092.58,3277.74
917982,7011784,31154,11.0,624.72,6871.92
917983,7001323,30558,11.0,1017.59,11193.49
917984,7013305,31479,4.0,1068.97,4275.88
917985,7014410,31147,12.0,650.61,7807.32
917986,7011009,30242,2.0,487.91,975.82
917987,7005418,30651,9.0,122.72,1104.48
917988,7002529,30271,3.0,1181.96,3545.88
917989,7014938,31124,9.0,971.84,8746.56
917990,7007221,30667,9.0,848.9,7640.1
917991,7011299,30424,1.0,368.81,368.81
917992,7006824,30056,2.0,1074.23,2148.46
917993,7010655,30597,9.0,1060.95,9548.55
917994,7001567,30822,8.0,1141.9,9135.2
917995,7007862,31495,2.0,1194.2,2388.4
917996,7009247,30669,5.0,656.24,3281.2
917997,7014023,30321,6.0,1171.93,7031.58
917998,7014848,31365,4.0,137.55,550.2
917999,7009204,30009,7.0,533.11,3731.77
918000,7000029,30467,1.0,827.61,827.61
918001,7001713,30399,6.0,239.06,1434.36
918002,7012872,31152,11.0,803.21,8835.31
918003,7005505,31201,8.0,96.32,770.56
918004,7010060,30073,6.0,226.06,1356.36
918005,7008330,30093,1.0,1071.27,1071.27
918006,7004289,30584,2.0,316.2,632.4
918007,7007250,31275,6.0,1179.96,7079.76
918008,7013915,31243,11.0,711.92,7831.12
918009,7004557,30879,9.0,850.64,7655.76
918010,7008676,30095,10.0,560.81,5608.1
918011,7004448,31255,12.0,335.41,4024.92
918012,7000720,31410,11.0,47.83,526.13
918013,7006360,30237,2.0,748.96,1497.92
918014,7012567,30342,12.0,12.77,153.24
918015,7009179,31474,7.0,68.44,479.08
918016,7014124,31422,9.0,367.27,3305.43
918017,7010183,30094,12.0,950.28,11403.36
918018,7003268,31219,12.0,1055.0,12660.0
918019,7012945,30194,11.0,959.13,10550.43
918020,7012425,30190,7.0,1162.96,8140.72
918021,7012078,31042,3.0,568.54,1705.62
918022,7008368,30919,9.0,1021.03,9189.27
918023,7012176,30178,3.0,79.9,239.7
918024,7005037,30352,1.0,768.73,768.73
918025,7005817,30971,3.0,24.17,72.51
918026,7007743,30777,10.0,301.47,3014.7
918027,7008198,30771,2.0,670.37,1340.74
918028,7014865,30458,4.0,452.91,1811.64
918029,7005096,31328,5.0,1146.38,5731.9
918030,7004235,31233,3.0,12.6,37.8
918031,7000202,31340,1.0,984.52,984.52
918032,7005284,30793,9.0,237.18,2134.62
918033,7010848,31044,7.0,329.11,2303.77
918034,7000248,30067,8.0,375.72,3005.76
918035,7011396,30448,10.0,695.96,6959.6
918036,7008395,30787,11.0,592.1,6513.1
918037,7009822,31283,2.0,636.64,1273.28
918038,7012783,31238,12.0,764.79,9177.48
918039,7011909,31428,1.0,1196.27,1196.27
918040,7010104,30570,4.0,585.96,2343.84
918041,7011528,30992,11.0,463.08,5093.88
918042,7013533,31408,9.0,274.25,2468.25
918043,7008685,30725,9.0,302.29,2720.64
918044,7005513,31011,3.0,42.03,126.09
918045,7010056,30729,12.0,956.56,11478.72
918046,7008386,31124,2.0,1034.65,2069.3
918047,7006427,31465,2.0,516.34,1032.68
918048,7002441,30273,8.0,752.48,6019.84
918049,7004633,31284,8.0,294.71,2357.68
918050,7005905,30123,8.0,255.37,2042.96
918051,7011729,30506,12.0,312.86,3754.32
918052,7011753,31355,4.0,455.14,1820.56
918053,7009219,30014,9.0,634.33,5708.97
918054,7014549,30689,2.0,523.04,1046.08
918055,7004103,30217,4.0,266.03,1064.12
918056,7005871,31015,5.0,491.42,2457.1
918057,7004043,30851,12.0,222.98,2675.76
918058,7002745,30136,5.0,1039.24,5196.2
918059,7001468,30609,6.0,281.42,1688.52
918060,7014015,30582,7.0,76.58,536.05
918061,7012546,30544,1.0,204.98,204.98
918062,7003892,30330,10.0,361.91,3619.1
918063,7014853,30496,3.0,1174.28,3522.84
918064,7012810,30139,5.0,207.48,1037.4
918065,7011278,30066,1.0,250.79,250.79
918066,7008409,31246,7.0,421.5,2950.5
918067,7006688,30023,9.0,432.5,3892.5
918068,7000011,31158,5.0,879.97,4399.85
918069,7002767,30488,10.0,341.3,3413.0
918070,7006864,31471,12.0,824.55,9894.6
918071,7014345,31138,5.0,139.49,697.45
918072,7011119,30651,4.0,28.52,114.08
918073,7005572,30187,9.0,1134.98,10214.82
918074,7010209,30873,5.0,39.21,196.05
918075,7009360,30233,12.0,260.79,3129.48
918076,7002684,31467,2.0,443.77,887.54
918077,7007938,30552,2.0,1140.55,2281.1
918078,7012858,31229,11.0,767.01,8437.11
918079,7005507,31405,3.0,331.57,994.71
918080,7008371,30094,4.0,1169.63,4678.52
918081,7000086,31000,5.0,745.17,3725.85
918082,7012801,31197,6.0,164.7,988.2
918083,7002169,30206,9.0,253.12,2278.08
918084,7006073,30661,7.0,877.12,6139.84
918085,7009290,31495,7.0,105.01,735.07
918086,7007434,30360,11.0,481.68,5298.48
918087,7009247,31301,4.0,1003.06,4012.24
918088,7014210,30709,8.0,229.9,1839.2
918089,7003709,30682,7.0,653.91,4577.37
918090,7008399,30575,6.0,523.31,3139.86
918091,7000327,30961,8.0,823.72,6589.76
918092,7001449,30380,8.0,438.54,3508.32
918093,7011442,30992,7.0,357.35,2501.45
918094,7009686,30511,12.0,1036.33,12435.96
918095,7013308,30744,12.0,789.31,9471.72
918096,7007946,30475,3.0,854.17,2562.51
918097,7010218,30215,4.0,729.0,2916.0
918098,7003315,30366,2.0,933.52,1867.04
918099,7013220,31487,10.0,1089.48,10894.8
918100,7002758,31304,3.0,84.74,254.22
918101,7006460,30650,8.0,645.38,5163.04
918102,7003272,30446,4.0,574.21,2296.84
918103,7014020,30092,7.0,1030.69,7214.83
918104,7012776,30244,2.0,1141.16,2282.32
918105,7007903,30816,9.0,1012.09,9108.81
918106,7003420,31157,2.0,115.06,230.12
918107,7012645,30378,8.0,989.31,7914.48
918108,7010661,30980,3.0,21.94,65.82
918109,7010663,31384,6.0,533.55,3201.3
918110,7003050,30972,2.0,552.54,1105.08
918111,7007311,31147,8.0,20.02,160.16
918112,7014004,30765,6.0,348.57,2091.42
918113,7009745,30318,7.0,866.64,6066.48
918114,7012528,31399,11.0,534.15,5875.65
918115,7011520,31286,5.0,561.84,2809.2
918116,7009827,31389,12.0,258.62,3103.44
918117,7013183,31404,5.0,146.63,733.15
918118,7002453,30979,2.0,535.11,1070.22
918119,7000461,31059,8.0,1153.04,9224.32
918120,7013966,31498,4.0,1039.32,4157.28
918121,7001434,30509,2.0,255.07,510.14
918122,7010244,30641,10.0,799.02,7990.2
918123,7005104,30725,6.0,1139.67,6838.02
918124,7005695,30769,3.0,1124.7,3374.1
918125,7008473,30373,8.0,912.6,7300.8
918126,7004853,30843,6.0,345.08,2070.48
918127,7007140,30959,12.0,821.55,9858.6
918128,7014649,30321,1.0,94.47,94.47
918129,7000148,31304,7.0,749.59,5247.13
918130,7011594,30609,4.0,309.32,1237.28
918131,7008911,30152,5.0,74.29,371.45
918132,7001449,30045,10.0,501.97,5019.7
918133,7003432,31457,4.0,549.97,2199.88
918134,7004820,31415,6.0,121.75,730.5
918135,7005892,30597,8.0,462.86,3702.88
918136,7002766,30733,10.0,152.03,1520.3
918137,7009385,30839,9.0,480.86,4327.74
918138,7009301,30170,5.0,205.52,1027.6
918139,7013601,31343,11.0,1030.67,11337.37
918140,7013393,30766,2.0,716.49,1432.98
918141,7010047,30170,1.0,525.8,525.8
918142,7002423,30008,12.0,340.34,4084.08
918143,7012911,30939,8.0,314.27,2514.16
918144,7010003,30072,6.0,320.04,1920.24
918145,7008926,30535,4.0,628.84,2515.36
918146,7007721,31174,3.0,947.24,2841.72
918147,7006941,31411,4.0,971.84,3887.36
918148,7013711,30712,3.0,485.33,1455.99
918149,7006658,30323,3.0,986.0,2958.0
918150,7006280,30392,3.0,215.56,646.68
918151,7005476,30255,12.0,357.43,4289.16
918152,7013051,30114,2.0,492.34,984.68
918153,7002411,31277,7.0,684.2,4789.4
918154,7012850,30059,6.0,833.03,4998.18
918155,7003585,31371,1.0,809.88,809.88
918156,7010752,30516,11.0,935.32,10288.52
918157,7004674,30629,8.0,1030.72,8245.76
918158,7010032,30393,4.0,193.78,775.12
918159,7007038,30735,7.0,462.68,3238.76
918160,7011801,30361,12.0,545.78,6549.36
918161,7007294,30987,10.0,625.06,6250.6
918162,7003085,31098,11.0,914.18,10055.98
918163,7014227,30337,7.0,491.45,3440.15
918164,7013421,31384,2.0,988.01,1976.02
918165,7010456,30400,11.0,1011.33,11124.63
918166,7001412,31074,8.0,524.2,4193.6
918167,7014338,30812,11.0,725.41,7979.51
918168,7012953,30174,5.0,157.92,789.6
918169,7004342,31486,10.0,957.21,9572.1
918170,7014021,30606,1.0,1164.81,1164.81
918171,7001564,30145,2.0,533.03,1066.06
918172,7013430,31476,9.0,821.81,7396.29
918173,7001016,30781,6.0,459.1,2754.6
918174,7006366,30910,10.0,304.35,3043.5
918175,7012185,31121,3.0,420.85,1262.55
918176,7003482,31389,9.0,588.07,5292.63
918177,7001796,30434,3.0,518.41,1555.23
918178,7000127,30776,5.0,286.51,1432.55
918179,7004317,31060,9.0,181.48,1633.32
918180,7007606,31406,9.0,593.68,5343.12
918181,7014466,30069,5.0,435.41,2177.05
918182,7003049,30674,8.0,1074.9,8599.2
918183,7012733,31270,4.0,52.81,211.24
918184,7014499,30083,11.0,1041.25,11453.75
918185,7003802,30466,4.0,572.78,2291.12
918186,7005007,30028,7.0,263.13,1841.91
918187,7005933,30102,12.0,368.62,4423.44
918188,7005188,30977,5.0,766.6,3833.0
918189,7005272,30628,2.0,943.97,1887.94
918190,7000517,30806,4.0,793.42,3173.68
918191,7010591,30004,3.0,530.94,1592.81
918192,7008020,31275,12.0,174.77,2097.24
918193,7014675,30356,4.0,216.54,866.16
918194,7010613,30483,7.0,961.06,6727.42
918195,7009404,30023,12.0,588.03,7056.36
918196,7011045,31363,11.0,72.63,798.93
918197,7006968,30772,4.0,299.89,1199.56
918198,7002566,30670,4.0,105.92,423.68
918199,7002012,30594,8.0,1044.66,8357.28
918200,7007836,30285,7.0,787.53,5512.71
918201,7013895,30011,2.0,249.23,498.46
918202,7014977,30304,9.0,342.38,3081.42
918203,7009611,30212,9.0,220.52,1984.68
918204,7003007,30851,10.0,18.54,185.4
918205,7009136,30130,11.0,765.25,8417.75
918206,7003559,30401,5.0,482.67,2413.35
918207,7000052,31089,4.0,687.25,2749.0
918208,7003882,30866,11.0,1044.03,11484.33
918209,7005191,31201,4.0,426.52,1706.08
918210,7004001,31459,11.0,1176.61,12942.71
918211,7006095,30817,7.0,623.93,4367.51
918212,7003627,30205,6.0,1000.02,6000.12
918213,7006734,31056,8.0,229.19,1833.52
918214,7002909,30843,2.0,352.86,705.72
918215,7007400,30748,2.0,636.6,1273.19
918216,7001083,30449,7.0,938.79,6571.53
918217,7004408,31404,7.0,790.03,5530.21
918218,7013412,30554,1.0,815.64,815.64
918219,7009443,31426,11.0,471.53,5186.83
918220,7009044,30532,9.0,195.48,1759.32
918221,7009384,31140,12.0,77.14,925.67
918222,7005299,31489,9.0,506.9,4562.1
918223,7000033,30654,10.0,565.42,5654.2
918224,7001865,30083,4.0,1114.2,4456.8
918225,7000869,30116,5.0,567.39,2836.95
918226,7001006,30373,8.0,623.22,4985.76
918227,7000169,30285,3.0,1112.48,3337.44
918228,7007358,31411,3.0,937.05,2811.15
918229,7008444,30056,1.0,1001.26,1001.26
918230,7013751,30863,3.0,987.16,2961.48
918231,7009911,30322,4.0,349.19,1396.76
918232,7001322,31451,9.0,1185.8,10672.2
918233,7012204,30649,1.0,423.48,423.48
918234,7003120,31272,7.0,587.51,4112.57
918235,7006169,31477,10.0,809.73,8097.3
918236,7004599,30141,11.0,773.88,8512.68
918237,7001990,31196,11.0,89.8,987.8
918238,7008851,30196,11.0,164.65,1811.15
918239,7000232,30858,5.0,643.94,3219.7
918240,7000191,30238,3.0,559.36,1678.08
918241,7011195,30778,12.0,717.14,8605.68
918242,7002749,30051,7.0,538.94,3772.58
918243,7011732,31321,4.0,537.03,2148.12
918244,7010920,30493,6.0,393.43,2360.58
918245,7009076,31127,11.0,656.13,7217.43
918246,7014859,30821,5.0,969.91,4849.55
918247,7011211,30021,7.0,551.56,3860.92
918248,7002876,30241,10.0,269.09,2690.9
918249,7005156,30060,3.0,239.69,719.07
918250,7003071,30193,5.0,827.54,4137.7
918251,7002196,31094,4.0,348.57,1394.28
918252,7005978,30735,2.0,561.28,1122.56
918253,7005331,31247,12.0,476.75,5721.0
918254,7012585,30436,3.0,317.47,952.41
918255,7006544,30756,7.0,1061.69,7431.83
918256,7013251,30904,10.0,668.3,6683.0
918257,7006609,30174,3.0,710.17,2130.51
918258,7004921,30970,3.0,504.28,1512.84
918259,7000639,30353,1.0,207.44,207.44
918260,7000522,30927,5.0,785.39,3926.95
918261,7000744,31325,7.0,726.43,5085.01
918262,7012043,30663,8.0,407.32,3258.56
918263,7012695,30457,8.0,974.82,7798.56
918264,7006044,30287,11.0,515.78,5673.58
918265,7009638,30649,3.0,103.68,311.04
918266,7013479,31268,1.0,297.83,297.83
918267,7005566,31124,5.0,85.98,429.9
918268,7013131,31372,11.0,563.53,6198.83
918269,7012483,31285,7.0,19.38,135.66
918270,7006773,30212,1.0,1058.41,1058.41
918271,7003345,31085,3.0,744.91,2234.73
918272,7003254,30150,2.0,674.41,1348.82
918273,7007883,31412,12.0,101.79,1221.48
918274,7003716,30195,9.0,1152.29,10370.61
918275,7010806,30899,3.0,1151.16,3453.48
918276,7006464,30945,4.0,381.68,1526.72
918277,7000087,31240,3.0,1025.81,3077.43
918278,7004229,30589,4.0,44.75,179.0
918279,7002377,30636,7.0,974.84,6823.88
918280,7009607,30102,3.0,1194.85,3584.55
918281,7004973,30149,6.0,1158.83,6952.98
918282,7004237,30784,10.0,991.84,9918.4
918283,7000147,31269,3.0,168.17,504.51
918284,7009069,30319,9.0,657.7,5919.3
918285,7005849,30691,3.0,525.31,1575.93
918286,7005384,30342,2.0,1085.41,2170.82
918287,7008235,30513,9.0,963.43,8670.87
918288,7013595,30414,9.0,854.08,7686.72
918289,7005927,30070,8.0,271.52,2172.16
918290,7007510,30306,11.0,178.23,1960.49
918291,7012686,30256,6.0,681.3,4087.8
918292,7001575,31194,8.0,244.4,1955.2
918293,7013079,30040,4.0,1003.52,4014.08
918294,7007697,30570,9.0,237.12,2134.08
918295,7008600,31315,12.0,841.44,10097.28
918296,7014583,30724,6.0,532.86,3197.16
918297,7009054,30104,11.0,264.06,2904.66
918298,7009805,30805,3.0,628.76,1886.28
918299,7001959,31333,3.0,659.28,1977.84
918300,7004513,30027,1.0,778.53,778.53
918301,7014400,30774,2.0,1126.08,2252.16
918302,7006223,30028,4.0,116.82,467.28
918303,7000455,30106,12.0,559.51,6714.12
918304,7011743,30886,6.0,1091.98,6551.88
918305,7008395,30738,8.0,343.16,2745.28
918306,7005893,30395,2.0,606.15,1212.3
918307,7008920,31332,10.0,410.62,4106.15
918308,7009413,30202,1.0,702.98,702.98
918309,7003289,30832,8.0,45.22,361.76
918310,7006428,30366,4.0,658.78,2635.12
918311,7006442,31113,8.0,963.74,7709.92
918312,7003298,30891,7.0,1115.5,7808.5
918313,7005414,31376,10.0,252.75,2527.5
918314,7013297,30962,2.0,1011.22,2022.44
918315,7007918,31473,2.0,987.11,1974.22
918316,7008573,30314,6.0,158.03,948.18
918317,7004025,30401,3.0,440.36,1321.08
918318,7009273,31111,6.0,1036.3,6217.8
918319,7006814,31217,8.0,688.84,5510.72
918320,7011044,30119,2.0,859.74,1719.48
918321,7008281,30281,6.0,854.3,5125.8
918322,7004895,30407,8.0,617.47,4939.76
918323,7012101,30358,12.0,897.42,10769.04
918324,7012629,30468,11.0,126.8,1394.8
918325,7000981,30264,2.0,689.03,1378.06
918326,7010817,30873,4.0,862.03,3448.12
918327,7003019,30579,5.0,963.19,4815.95
918328,7011085,30469,8.0,937.74,7501.92
918329,7003346,30362,7.0,1034.42,7240.94
918330,7004505,30733,11.0,88.19,970.09
918331,7011245,30282,1.0,1100.44,1100.44
918332,7008937,31477,2.0,798.91,1597.82
918333,7005111,30691,11.0,278.34,3061.74
918334,7006238,30732,1.0,973.08,973.08
918335,7000688,30608,8.0,493.17,3945.36
918336,7003120,30222,1.0,1088.54,1088.54
918337,7009302,30628,10.0,242.43,2424.34
918338,7010162,30621,10.0,1134.76,11347.6
918339,7007023,30541,7.0,1196.69,8376.83
918340,7013743,31154,2.0,1008.99,2017.98
918341,7001093,30376,5.0,735.99,3679.95
918342,7001380,31074,5.0,579.41,2897.05
918343,7003042,31371,2.0,496.94,993.87
918344,7011383,31292,8.0,1134.62,9076.96
918345,7002404,30153,7.0,260.89,1826.23
918346,7007326,30844,2.0,246.19,492.38
918347,7005077,31404,12.0,448.23,5378.76
918348,7011144,30942,2.0,734.27,1468.54
918349,7002022,31497,6.0,444.31,2665.86
918350,7002734,30244,1.0,104.49,104.49
918351,7010059,31441,11.0,991.94,10911.34
918352,7004882,31348,2.0,663.09,1326.18
918353,7004164,31057,2.0,694.65,1389.3
918354,7006083,30508,1.0,118.33,118.33
918355,7006040,31021,2.0,54.38,108.76
918356,7007187,31293,2.0,212.8,425.6
918357,7001919,30614,6.0,1016.3,6097.8
918358,7002489,31087,10.0,1078.9,10789.0
918359,7014262,30252,7.0,961.62,6731.34
918360,7003104,30681,8.0,989.28,7914.24
918361,7010012,31206,3.0,886.16,2658.48
918362,7006977,30322,11.0,937.69,10314.59
918363,7009899,30413,8.0,1062.46,8499.68
918364,7006726,30479,8.0,342.38,2739.04
918365,7011896,30133,3.0,647.47,1942.41
918366,7003563,30074,5.0,636.63,3183.15
918367,7000661,30330,2.0,881.48,1762.96
918368,7001181,31462,2.0,546.99,1093.98
918369,7014436,30390,10.0,228.41,2284.1
918370,7010048,30292,4.0,615.41,2461.64
918371,7010656,30527,11.0,803.94,8843.34
918372,7013379,30451,2.0,377.6,755.2
918373,7014860,30350,1.0,794.88,794.88
918374,7014775,31439,3.0,773.28,2319.84
918375,7005883,31112,10.0,590.45,5904.5
918376,7013635,30105,2.0,644.55,1289.1
918377,7004887,30631,3.0,1010.39,3031.17
918378,7010189,30190,2.0,35.36,70.72
918379,7011904,30260,9.0,780.77,7026.93
918380,7008321,31350,10.0,512.4,5124.0
918381,7013962,30025,10.0,516.98,5169.85
918382,7004720,31049,2.0,647.54,1295.08
918383,7007810,31236,12.0,680.85,8170.2
918384,7007340,30415,10.0,432.86,4328.6
918385,7003234,30878,7.0,122.72,859.04
918386,7008536,31309,11.0,498.19,5480.09
918387,7013041,31084,9.0,644.15,5797.35
918388,7006727,30525,10.0,752.42,7524.2
918389,7011640,30323,7.0,1097.02,7679.14
918390,7006041,30845,11.0,1112.53,12237.83
918391,7013084,30081,3.0,21.29,63.87
918392,7013655,30365,5.0,187.02,935.1
918393,7011212,30404,2.0,314.29,628.58
918394,7006702,31227,6.0,1131.04,6786.24
918395,7007143,30784,5.0,322.46,1612.3
918396,7012728,31195,11.0,297.37,3271.07
918397,7010042,30484,1.0,964.04,964.04
918398,7010072,30357,8.0,224.43,1795.44
918399,7000790,31363,11.0,797.35,8770.85
918400,7006587,31018,6.0,330.86,1985.16
918401,7006997,30808,7.0,991.75,6942.25
918402,7006086,30130,12.0,712.88,8554.56
918403,7014652,30122,1.0,411.05,411.05
918404,7014368,30210,4.0,503.05,2012.2
918405,7006311,30948,6.0,148.11,888.66
918406,7010765,30523,10.0,440.24,4402.4
918407,7007715,31356,1.0,401.12,401.12
918408,7006551,31073,9.0,224.89,2024.01
918409,7002507,30648,3.0,862.2,2586.6
918410,7007970,30216,11.0,1197.88,13176.68
918411,7010075,31331,3.0,832.97,2498.91
918412,7002327,31416,9.0,41.09,369.81
918413,7002793,30544,10.0,36.27,362.7
918414,7014979,30370,3.0,651.65,1954.95
918415,7010773,31352,6.0,715.63,4293.78
918416,7007592,30320,10.0,1012.05,10120.5
918417,7005455,30358,4.0,717.07,2868.28
918418,7012305,30079,9.0,415.5,3739.5
918419,7007433,30526,9.0,908.74,8178.66
918420,7014970,30541,4.0,274.08,1096.32
918421,7002541,30108,12.0,332.62,3991.44
918422,7010457,31387,2.0,308.19,616.38
918423,7002992,30480,1.0,2510.87,2510.87
918424,7012899,30577,5.0,662.22,3311.1
918425,7003676,30585,11.0,975.29,10728.19
918426,7000839,30893,9.0,947.96,8531.64
918427,7004776,31491,1.0,663.65,663.65
918428,7011661,31120,2.0,15.58,31.16
918429,7004117,30735,4.0,88.92,355.68
918430,7003901,30626,1.0,509.55,509.55
918431,7007744,30697,9.0,778.49,7006.41
918432,7005476,30950,2.0,1020.77,2041.54
918433,7010444,30517,2.0,111.44,222.88
918434,7010915,30741,7.0,777.87,5445.09
918435,7010520,31458,1.0,284.75,284.75
918436,7002135,31101,8.0,946.17,7569.36
918437,7014466,30269,12.0,656.04,7872.48
918438,7008097,30141,8.0,970.46,7763.68
918439,7009571,30900,9.0,51.02,459.18
918440,7003326,31260,4.0,417.28,1669.12
918441,7001634,30342,8.0,219.59,1756.72
918442,7012222,31442,10.0,465.41,4654.1
918443,7001223,31053,5.0,538.2,2690.98
918444,7003106,31386,8.0,403.25,3226.0
918445,7001695,31430,4.0,20.44,81.76
918446,7011812,30443,9.0,296.1,2664.9
918447,7000792,30603,11.0,481.91,5301.01
918448,7005571,31355,8.0,877.46,7019.68
918449,7009056,31204,6.0,884.85,5309.1
918450,7011878,30850,1.0,496.29,496.29
918451,7011223,31356,2.0,375.23,750.46
918452,7006305,31441,10.0,1132.28,11322.8
918453,7009782,30962,5.0,962.1,4810.5
918454,7006921,30165,9.0,1108.04,9972.36
918455,7004401,31058,4.0,92.55,370.2
918456,7010216,31104,10.0,612.02,6120.2
918457,7010846,30198,7.0,585.18,4096.26
918458,7014842,31494,3.0,961.38,2884.14
918459,7005529,30505,11.0,225.0,2475.0
918460,7014227,30878,10.0,1002.38,10023.8
918461,7004663,31203,1.0,362.16,362.16
918462,7012424,30384,4.0,677.12,2708.48
918463,7009037,30174,10.0,639.47,6394.7
918464,7000754,31002,10.0,68.67,686.7
918465,7001037,30999,1.0,1184.93,1184.93
918466,7005882,30207,2.0,1192.55,2385.1
918467,7009028,30910,9.0,1152.41,10371.69
918468,7003965,31293,9.0,843.34,7590.06
918469,7005261,30271,9.0,238.96,2150.63
918470,7007503,30821,6.0,502.33,3013.98
918471,7007137,31332,10.0,960.88,9608.8
918472,7007061,31331,4.0,293.98,1175.92
918473,7002529,30711,3.0,40.59,121.77
918474,7011704,30224,7.0,727.04,5089.28
918475,7008557,30275,11.0,976.66,10743.26
918476,7010915,30399,12.0,600.81,7209.72
918477,7012592,30039,6.0,503.27,3019.62
918478,7012197,31423,9.0,684.7,6162.3
918479,7006340,31210,1.0,627.89,627.89
918480,7007455,31218,2.0,335.82,671.64
918481,7001176,31230,2.0,591.04,1182.08
918482,7006664,30366,6.0,475.61,2853.66
918483,7001113,30339,7.0,551.73,3862.11
918484,7014680,30635,6.0,305.42,1832.52
918485,7012557,31050,3.0,464.89,1394.67
918486,7011426,30210,10.0,218.24,2182.4
918487,7012470,30162,12.0,870.61,10447.32
918488,7009039,30450,8.0,1183.59,9468.72
918489,7000375,31317,6.0,1106.4,6638.4
918490,7007911,30366,10.0,509.75,5097.5
918491,7009380,30018,8.0,24.08,192.64
918492,7006630,30595,1.0,464.88,464.88
918493,7011096,30729,9.0,1033.81,9304.29
918494,7011114,30759,9.0,265.62,2390.58
918495,7014438,30564,3.0,661.69,1985.07
918496,7001773,30256,6.0,1051.14,6306.84
918497,7014823,30461,2.0,497.19,994.38
918498,7003935,31390,9.0,864.63,7781.67
918499,7007096,30917,1.0,1042.9,1042.9
918500,7010791,31381,6.0,731.08,4386.48
918501,7012599,30561,7.0,796.53,5575.71
918502,7007992,30282,10.0,529.83,5298.3
918503,7014800,31269,6.0,720.41,4322.46
918504,7008455,30591,12.0,214.27,2571.24
918505,7014196,30858,8.0,494.23,3953.84
918506,7006815,31158,1.0,393.37,393.37
918507,7013537,31333,11.0,357.59,3933.49
918508,7005418,30091,9.0,504.77,4542.93
918509,7011311,30287,11.0,225.37,2479.07
918510,7001337,31251,7.0,15.28,106.96
918511,7004665,30481,11.0,1101.06,12111.66
918512,7005629,30791,3.0,1064.15,3192.45
918513,7007252,30602,9.0,1083.18,9748.62
918514,7009683,30450,2.0,255.68,511.36
918515,7000459,31334,6.0,138.11,828.66
918516,7014282,30176,5.0,171.0,855.0
918517,7007529,31086,5.0,787.7,3938.5
918518,7008103,30259,8.0,457.13,3657.04
918519,7011792,30765,11.0,823.69,9060.59
918520,7007740,30112,3.0,1014.26,3042.79
918521,7009643,30832,8.0,719.42,5755.36
918522,7005340,30058,8.0,211.96,1695.68
918523,7010787,31371,12.0,40.54,486.48
918524,7005468,31235,4.0,15.32,61.28
918525,7001626,30984,5.0,755.18,3775.9
918526,7002961,31483,7.0,1145.56,8018.92
918527,7001692,30725,8.0,900.55,7204.4
918528,7006969,30846,11.0,932.22,10254.42
918529,7009444,31166,5.0,568.11,2840.55
918530,7001965,30888,3.0,408.53,1225.59
918531,7006717,31279,4.0,377.74,1510.96
918532,7003436,31487,7.0,371.66,2601.62
918533,7000688,30093,5.0,1147.47,5737.35
918534,7012727,30157,5.0,649.66,3248.3
918535,7013834,30158,5.0,355.94,1779.7
918536,7003974,30352,5.0,730.02,3650.1
918537,7009155,30494,9.0,296.98,2672.82
918538,7004853,30509,4.0,1077.83,4311.32
918539,7002437,30830,9.0,752.0,6768.0
918540,7007750,30057,5.0,452.15,2260.75
918541,7012012,30988,8.0,538.24,4305.92
918542,7013399,30648,9.0,713.88,6424.92
918543,7005862,30731,10.0,1155.35,11553.5
918544,7003873,30894,4.0,1046.15,4184.6
918545,7008851,31122,10.0,489.67,4896.7
918546,7011796,30484,7.0,259.14,1813.98
918547,7013686,30147,2.0,105.23,210.46
918548,7010946,30547,9.0,1122.06,10098.54
918549,7009786,30614,9.0,103.08,927.72
918550,7001321,31436,10.0,1035.22,10352.2
918551,7005967,30792,5.0,1067.12,5335.6
918552,7007177,30338,8.0,888.49,7107.92
918553,7003910,30321,2.0,106.68,213.36
918554,7014580,30438,8.0,1068.02,8544.16
918555,7004837,30583,5.0,326.24,1631.2
918556,7014627,30002,1.0,140.63,140.63
918557,7008701,30956,12.0,1180.63,14167.56
918558,7009915,31162,9.0,323.93,2915.37
918559,7012011,30025,9.0,79.62,716.58
918560,7003028,30766,12.0,1095.54,13146.48
918561,7010798,30122,7.0,399.16,2794.12
918562,7002359,30944,1.0,718.79,718.79
918563,7011304,30578,8.0,845.28,6762.24
918564,7007836,30802,8.0,875.53,7004.24
918565,7007457,30304,1.0,579.91,579.91
918566,7014489,30292,3.0,590.48,1771.45
918567,7008285,30777,6.0,946.82,5680.92
918568,7007406,31165,6.0,1135.31,6811.86
918569,7002081,30647,6.0,379.63,2277.78
918570,7012117,30682,4.0,599.21,2396.84
918571,7008283,31451,7.0,944.07,6608.49
918572,7007863,31169,10.0,142.8,1428.0
918573,7010087,30846,8.0,489.66,3917.28
918574,7000993,30132,5.0,799.68,3998.4
918575,7009878,31135,6.0,387.58,2325.48
918576,7000906,30654,11.0,697.49,7672.39
918577,7010993,30521,10.0,1143.56,11435.6
918578,7011657,30592,9.0,701.5,6313.5
918579,7000238,30176,1.0,352.57,352.57
918580,7004182,31089,8.0,174.73,1397.84
918581,7012403,30246,12.0,248.54,2982.48
918582,7005381,30697,11.0,183.24,2015.64
918583,7001636,30988,3.0,934.97,2804.91
918584,7003727,30464,5.0,1046.14,5230.7
918585,7000385,30874,1.0,659.27,659.27
918586,7012362,30348,2.0,883.16,1766.32
918587,7013037,31468,7.0,371.76,2602.32
918588,7007267,31046,3.0,455.76,1367.28
918589,7007185,30664,6.0,442.99,2657.94
918590,7008551,30255,4.0,1182.5,4730.0
918591,7011728,30729,5.0,90.24,451.2
918592,7009152,30833,1.0,368.99,368.99
918593,7007731,30428,3.0,990.05,2970.15
918594,7000720,31480,7.0,64.17,449.19
918595,7010961,30728,1.0,549.89,549.89
918596,7013131,31119,3.0,650.88,1952.64
918597,7000973,30949,7.0,789.64,5527.48
918598,7010852,30544,9.0,826.09,7434.81
918599,7003504,31500,3.0,569.01,1707.03
918600,7005986,31347,3.0,779.48,2338.44
918601,7009625,30129,8.0,214.76,1718.06
918602,7004126,31168,7.0,553.65,3875.55
918603,7005520,30464,11.0,1183.2,13015.2
918604,7008642,30623,10.0,1046.84,10468.4
918605,7005519,30556,6.0,1050.62,6303.72
918606,7014307,30740,4.0,1011.74,4046.96
918607,7007563,31080,1.0,380.43,380.43
918608,7008974,30254,1.0,972.46,972.46
918609,7005110,31278,2.0,141.25,282.5
918610,7010992,30300,11.0,317.81,3495.91
918611,7010942,31368,11.0,141.51,1556.66
918612,7007778,31003,10.0,211.12,2111.2
918613,7003718,30033,6.0,40.13,240.78
918614,7002170,30129,8.0,49.0,392.0
918615,7000549,30331,4.0,71.26,285.04
918616,7002659,30226,6.0,605.76,3634.56
918617,7011693,30433,9.0,758.69,6828.21
918618,7004877,30802,6.0,880.88,5285.28
918619,7000976,30656,11.0,654.12,7195.32
918620,7007080,31116,9.0,1194.98,10754.82
918621,7012580,31189,6.0,610.41,3662.46
918622,7008115,30561,3.0,543.61,1630.83
918623,7000166,30581,4.0,120.83,483.32
918624,7003444,31054,12.0,99.33,1191.96
918625,7011023,30838,2.0,273.63,547.26
918626,7011650,31295,11.0,517.72,5694.92
918627,7002472,30275,9.0,325.04,2925.36
918628,7001162,30364,8.0,754.17,6033.36
918629,7011401,30352,10.0,873.26,8732.6
918630,7012247,30274,7.0,1058.17,7407.19
918631,7007206,30875,5.0,530.29,2651.47
918632,7013419,30285,2.0,1105.07,2210.14
918633,7000924,31330,11.0,1068.22,11750.42
918634,7011891,30332,7.0,700.67,4904.69
918635,7008110,30630,8.0,1062.37,8498.96
918636,7003590,31500,2.0,506.25,1012.5
918637,7002240,30618,8.0,558.29,4466.32
918638,7008434,30850,12.0,512.06,6144.72
918639,7004253,31109,3.0,22.16,66.48
918640,7005887,31108,6.0,1030.15,6180.9
918641,7000798,31083,3.0,980.52,2941.56
918642,7003077,30873,10.0,648.79,6487.9
918643,7014838,30156,2.0,1199.89,2399.78
918644,7000643,30046,7.0,726.25,5083.75
918645,7001944,30362,1.0,463.94,463.94
918646,7006479,30714,10.0,883.78,8837.8
918647,7011966,31039,11.0,150.85,1659.35
918648,7005239,31408,10.0,1135.16,11351.6
918649,7014260,30823,9.0,537.32,4835.88
918650,7008522,30817,12.0,992.07,11904.84
918651,7005663,30277,3.0,301.52,904.56
918652,7006725,30082,3.0,1011.08,3033.24
918653,7003308,31469,3.0,674.21,2022.63
918654,7004936,31162,5.0,1152.56,5762.8
918655,7002364,30872,5.0,848.65,4243.25
918656,7007027,30338,11.0,1191.81,13109.91
918657,7008730,31294,1.0,617.35,617.35
918658,7001743,30692,3.0,421.49,1264.47
918659,7003813,30451,8.0,37.96,303.68
918660,7005745,31020,7.0,959.51,6716.57
918661,7006470,30785,7.0,762.09,5334.63
918662,7001406,31194,11.0,828.12,9109.32
918663,7004735,30353,8.0,854.67,6837.36
918664,7003555,30794,3.0,175.49,526.47
918665,7014835,30709,6.0,336.77,2020.62
918666,7002316,30733,2.0,1058.81,2117.62
918667,7009246,30298,7.0,113.4,793.8
918668,7002032,31037,1.0,1048.19,1048.19
918669,7008066,30786,5.0,1189.49,5947.45
918670,7003763,30764,10.0,178.06,1780.6
918671,7003241,31410,4.0,278.0,1112.0
918672,7005772,30496,7.0,1085.75,7600.25
918673,7011219,30035,5.0,816.46,4082.3
918674,7014951,31455,3.0,965.74,2897.22
918675,7008506,30587,9.0,402.06,3618.54
918676,7007640,30802,9.0,828.53,7456.77
918677,7001562,30936,5.0,600.79,3003.95
918678,7009921,30694,7.0,587.7,4113.9
918679,7011950,31372,1.0,840.5,840.5
918680,7011508,30232,9.0,601.64,5414.76
918681,7008367,31281,9.0,1165.0,10485.0
918682,7002535,31487,3.0,42.07,126.21
918683,7009875,31039,2.0,516.17,1032.34
918684,7001945,31076,6.0,1189.02,7134.12
918685,7004125,30636,12.0,212.04,2544.48
918686,7008672,30814,1.0,211.34,211.34
918687,7010458,30678,11.0,1043.7,11480.7
918688,7004879,31485,7.0,1188.41,8318.87
918689,7014712,30061,7.0,225.05,1575.35
918690,7014355,30452,10.0,825.71,8257.1
918691,7001387,31307,5.0,266.57,1332.85
918692,7012961,30068,6.0,1000.86,6005.16
918693,7012326,30562,7.0,944.33,6610.31
918694,7007026,30659,10.0,258.86,2588.6
918695,7014626,30399,9.0,636.73,5730.57
918696,7003256,30996,9.0,1129.43,10164.87
918697,7011015,31029,4.0,380.68,1522.73
918698,7007531,30471,5.0,965.0,4825.0
918699,7006440,30513,12.0,747.54,8970.48
918700,7014598,31241,3.0,59.64,178.92
918701,7011521,30567,8.0,201.97,1615.76
918702,7009028,30545,6.0,197.42,1184.52
918703,7014769,31328,6.0,348.76,2092.56
918704,7010391,30762,2.0,1155.03,2310.06
918705,7004005,30380,1.0,389.83,389.83
918706,7008957,31123,12.0,493.11,5917.32
918707,7006637,30282,3.0,1005.72,3017.16
918708,7008796,30126,3.0,425.93,1277.79
918709,7014695,31184,5.0,162.01,810.05
918710,7004727,30660,5.0,402.97,2014.85
918711,7010107,30661,9.0,1014.74,9132.66
918712,7011269,31464,4.0,174.69,698.74
918713,7009842,30082,11.0,386.18,4247.98
918714,7007201,30417,12.0,806.07,9672.84
918715,7011089,30621,10.0,1142.84,11428.4
918716,7007293,30153,8.0,397.92,3183.36
918717,7003471,31186,7.0,425.1,2975.7
918718,7004247,31233,2.0,887.56,1775.12
918719,7013612,30276,9.0,405.11,3645.99
918720,7014178,30140,12.0,669.22,8030.64
918721,7013256,30731,4.0,1107.72,4430.88
918722,7004339,30782,11.0,257.0,2827.0
918723,7013510,30708,12.0,1113.74,13364.88
918724,7000820,30491,10.0,1190.01,11900.1
918725,7006791,31071,9.0,891.02,8019.18
918726,7011403,30262,2.0,885.39,1770.78
918727,7004981,31121,7.0,971.15,6798.05
918728,7008598,31359,1.0,213.63,213.63
918729,7011664,31113,4.0,486.66,1946.64
918730,7004023,30784,11.0,107.78,1185.58
918731,7010269,30283,3.0,512.34,1537.02
918732,7002680,30545,7.0,774.87,5424.09
918733,7000290,30769,8.0,301.36,2410.88
918734,7010282,30254,6.0,847.35,5084.1
918735,7001313,31489,10.0,458.65,4586.5
918736,7001623,31429,2.0,1170.43,2340.86
918737,7014923,31387,2.0,941.4,1882.8
918738,7005533,30913,4.0,355.19,1420.76
918739,7012396,30114,9.0,1002.46,9022.14
918740,7003474,30405,8.0,50.55,404.4
918741,7007851,30307,5.0,935.53,4677.65
918742,7004952,30150,3.0,649.95,1949.85
918743,7011740,31241,3.0,120.19,360.57
918744,7006868,30703,3.0,486.35,1459.05
918745,7001791,30850,10.0,570.66,5706.6
918746,7005856,30391,8.0,808.84,6470.72
918747,7008979,30374,12.0,1112.45,13349.4
918748,7012728,30045,10.0,756.74,7567.4
918749,7008115,31462,4.0,27.1,108.4
918750,7010664,31050,3.0,755.74,2267.22
918751,7003794,31214,12.0,502.41,6028.92
918752,7008551,30632,2.0,532.44,1064.88
918753,7010741,30827,12.0,883.98,10607.76
918754,7008170,30289,2.0,453.49,906.98
918755,7014702,30651,7.0,724.31,5070.17
918756,7007243,31443,2.0,688.54,1377.08
918757,7002899,30066,12.0,538.05,6456.6
918758,7012326,30278,9.0,184.14,1657.26
918759,7004101,30500,5.0,553.18,2765.9
918760,7007609,30946,5.0,645.8,3229.0
918761,7000929,30526,4.0,260.71,1042.84
918762,7010674,31243,12.0,663.6,7963.2
918763,7008918,30901,11.0,940.93,10350.23
918764,7006883,31408,7.0,352.34,2466.38
918765,7013870,31123,6.0,916.8,5500.8
918766,7004507,30025,11.0,643.08,7073.88
918767,7013867,30092,4.0,265.88,1063.52
918768,7010994,30137,3.0,1022.1,3066.3
918769,7014741,31079,10.0,597.46,5974.6
918770,7010068,30517,8.0,1076.58,8612.64
918771,7006187,31431,1.0,721.15,721.15
918772,7010109,30477,5.0,32.5,162.5
918773,7006448,30733,12.0,514.01,6168.12
918774,7001529,30534,7.0,80.1,560.7
918775,7001705,30051,11.0,927.24,10199.64
918776,7009300,30984,7.0,824.39,5770.73
918777,7000717,30253,2.0,401.6,803.2
918778,7011309,30758,1.0,1066.01,1066.01
918779,7009381,31115,3.0,81.73,245.19
918780,7000091,30629,5.0,1017.07,5085.35
918781,7005954,31009,12.0,268.51,3222.12
918782,7002578,31189,6.0,1094.37,6566.22
918783,7008819,31067,2.0,922.03,1844.06
918784,7013738,30854,4.0,1067.29,4269.16
918785,7003795,31314,7.0,822.32,5756.24
918786,7011604,30449,7.0,264.83,1853.81
918787,7004008,30913,10.0,751.46,7514.6
918788,7012289,30762,1.0,796.85,796.85
918789,7005572,30121,3.0,467.91,1403.73
918790,7005006,30148,11.0,373.29,4106.19
918791,7003879,30676,3.0,680.97,2042.91
918792,7003724,30239,3.0,828.25,2484.75
918793,7009030,30499,10.0,107.22,1072.2
918794,7012049,30956,4.0,530.26,2121.06
918795,7012167,31253,2.0,1024.46,2048.92
918796,7013528,31449,7.0,696.19,4873.33
918797,7007834,30641,4.0,369.09,1476.36
918798,7011594,31024,6.0,154.01,924.06
918799,7013212,30299,4.0,1137.2,4548.8
918800,7009046,30609,7.0,734.66,5142.62
918801,7008595,30299,3.0,228.12,684.36
918802,7009216,31481,12.0,311.83,3741.96
918803,7011934,30412,3.0,237.43,712.29
918804,7013104,30754,10.0,991.95,9919.5
918805,7001351,30746,11.0,692.47,7617.17
918806,7012741,30243,6.0,279.18,1675.08
918807,7012100,31062,2.0,1197.25,2394.5
918808,7007216,30321,2.0,1054.27,2108.54
918809,7009440,30137,10.0,87.55,875.5
918810,7010149,31474,11.0,831.31,9144.41
918811,7003455,31067,2.0,927.41,1854.82
918812,7007824,30290,12.0,336.32,4035.84
918813,7004690,30201,8.0,858.23,6865.84
918814,7006636,30672,11.0,354.28,3897.08
918815,7012398,31248,6.0,983.18,5899.08
918816,7008159,30497,7.0,426.38,2984.66
918817,7014620,30456,12.0,752.16,9025.92
918818,7007332,31148,4.0,207.79,831.16
918819,7014262,30789,3.0,250.55,751.65
918820,7011728,30141,5.0,701.99,3509.95
918821,7003550,30631,12.0,772.58,9270.96
918822,7004999,30971,9.0,362.9,3266.1
918823,7012875,30321,7.0,95.48,668.36
918824,7010736,30384,8.0,375.43,3003.44
918825,7011145,31148,1.0,3672.46,3672.46
918826,7001610,30682,10.0,256.15,2561.5
918827,7000109,30269,7.0,886.93,6208.51
918828,7007760,30950,1.0,507.28,507.28
918829,7001880,30801,3.0,302.31,906.93
918830,7006057,30548,12.0,625.86,7510.38
918831,7011018,30410,8.0,405.15,3241.2
918832,7000597,30042,7.0,697.17,4880.19
918833,7014911,30616,10.0,1160.68,11606.8
918834,7014405,30054,1.0,611.6,611.6
918835,7000794,31116,8.0,202.34,1618.72
918836,7001141,30359,4.0,646.04,2584.16
918837,7007663,31333,7.0,672.24,4705.68
918838,7006163,31428,5.0,87.12,435.6
918839,7013560,30216,7.0,423.47,2964.29
918840,7007426,30355,8.0,135.67,1085.36
918841,7001649,30116,9.0,371.26,3341.34
918842,7005298,30409,7.0,362.73,2539.11
918843,7013029,31499,11.0,610.09,6710.99
918844,7008259,30283,3.0,914.29,2742.87
918845,7008345,30840,10.0,177.19,1771.9
918846,7003792,30988,6.0,740.26,4441.56
918847,7000128,30056,8.0,465.57,3724.56
918848,7008565,31326,7.0,618.7,4330.9
918849,7005648,30993,9.0,1163.99,10475.91
918850,7004292,31155,7.0,1141.08,7987.56
918851,7003034,31035,10.0,793.38,7933.8
918852,7011209,30071,9.0,818.78,7369.02
918853,7005808,31102,1.0,436.49,436.49
918854,7011426,30842,3.0,246.72,740.16
918855,7000728,30499,11.0,988.73,10876.03
918856,7009079,31020,9.0,831.48,7483.32
918857,7010947,31021,5.0,742.17,3710.85
918858,7012149,31481,9.0,255.07,2295.63
918859,7002775,30937,1.0,1045.63,1045.63
918860,7013814,30540,8.0,47.06,376.48
918861,7006128,30680,9.0,905.61,8150.49
918862,7008701,30748,10.0,712.31,7123.1
918863,7007416,30597,12.0,29.91,358.92
918864,7010508,31073,2.0,411.1,822.2
918865,7004099,30985,6.0,734.88,4409.28
918866,7004116,30283,10.0,579.62,5796.2
918867,7007062,30358,2.0,304.58,609.16
918868,7013211,30405,7.0,79.17,554.19
918869,7009003,31097,3.0,532.28,1596.84
918870,7012756,30588,1.0,527.36,527.36
918871,7003546,30332,8.0,1196.07,9568.56
918872,7007400,30492,11.0,285.89,3144.79
918873,7006318,30892,12.0,476.96,5723.52
918874,7004405,30903,11.0,990.66,10897.26
918875,7014198,30263,8.0,796.58,6372.64
918876,7006889,30300,5.0,1155.25,5776.25
918877,7000732,31415,4.0,555.98,2223.92
918878,7014414,30110,4.0,1051.9,4207.6
918879,7008127,30997,8.0,107.69,861.52
918880,7011988,30925,6.0,939.52,5637.12
918881,7014167,30491,6.0,682.55,4095.3
918882,7005843,30839,2.0,139.72,279.44
918883,7010744,30623,2.0,208.76,417.52
918884,7009787,31429,11.0,1133.32,12466.52
918885,7002224,30638,10.0,943.33,9433.3
918886,7000854,31488,9.0,477.21,4294.89
918887,7010470,31168,2.0,616.18,1232.36
918888,7003144,30828,6.0,29.72,178.32
918889,7013801,30609,4.0,867.94,3471.76
918890,7004261,31155,9.0,1182.94,10646.46
918891,7009224,30391,2.0,409.84,819.68
918892,7006106,31247,6.0,579.53,3477.18
918893,7012121,30597,2.0,474.82,949.63
918894,7012566,30696,12.0,372.11,4465.32
918895,7010062,30498,11.0,954.63,10500.93
918896,7001813,31431,1.0,404.49,404.49
918897,7006027,30044,9.0,166.57,1499.13
918898,7013758,30017,1.0,430.67,430.67
918899,7002883,30105,3.0,526.77,1580.31
918900,7012929,30074,3.0,719.23,2157.69
918901,7009747,30398,4.0,455.76,1823.04
918902,7013873,30731,5.0,1048.88,5244.4
918903,7009557,30306,3.0,471.08,1413.24
918904,7004437,30584,8.0,620.67,4965.36
918905,7003555,31024,11.0,1008.51,11093.61
918906,7006129,30292,4.0,1141.51,4566.04
918907,7009942,30677,2.0,344.16,688.32
918908,7001478,30276,5.0,580.2,2901.0
918909,7000552,31453,8.0,409.09,3272.72
918910,7002841,30133,5.0,296.67,1483.35
918911,7014941,30598,6.0,19.93,119.58
918912,7014064,31399,1.0,420.99,420.99
918913,7012206,30864,1.0,599.76,599.76
918914,7006151,30553,6.0,494.3,2965.8
918915,7012491,30769,12.0,1129.72,13556.64
918916,7000190,30424,6.0,687.91,4127.46
918917,7004520,31486,6.0,735.33,4411.98
918918,7001421,30717,5.0,67.88,339.4
918919,7011792,31209,9.0,803.98,7235.82
918920,7006776,30848,1.0,642.52,642.52
918921,7011940,31078,8.0,852.88,6823.04
918922,7011884,30741,9.0,194.0,1745.96
918923,7006707,30015,1.0,888.15,888.15
918924,7004500,30569,10.0,1064.02,10640.2
918925,7005789,30229,4.0,435.37,1741.48
918926,7010996,30818,9.0,980.09,8820.81
918927,7003818,31120,5.0,1102.08,5510.4
918928,7013281,30825,1.0,150.77,150.77
918929,7002652,30722,3.0,808.06,2424.2
918930,7014991,31014,4.0,56.45,225.8
918931,7007603,31271,9.0,33.9,305.1
918932,7000710,30687,9.0,453.68,4083.12
918933,7006401,30593,4.0,318.02,1272.08
918934,7004034,31039,7.0,11.84,82.88
918935,7000753,31446,4.0,989.32,3957.28
918936,7013128,31012,9.0,344.42,3099.78
918937,7004883,31441,10.0,1078.72,10787.2
918938,7011366,30990,7.0,969.81,6788.67
918939,7012565,30568,5.0,734.08,3670.4
918940,7012453,30911,10.0,284.89,2848.9
918941,7007721,30499,5.0,1057.23,5286.15
918942,7005565,30462,5.0,181.53,907.65
918943,7005488,31346,1.0,818.4,818.4
918944,7010784,31467,10.0,713.39,7133.9
918945,7006730,30500,12.0,111.51,1338.12
918946,7014648,31226,6.0,297.5,1785.0
918947,7011730,31328,11.0,961.93,10581.23
918948,7013637,31394,8.0,461.27,3690.16
918949,7007167,30040,7.0,598.92,4192.47
918950,7007399,31189,8.0,677.12,5416.96
918951,7001624,30978,6.0,340.12,2040.72
918952,7006721,30664,7.0,224.2,1569.4
918953,7008922,31451,1.0,1118.72,1118.72
918954,7009871,30574,9.0,914.68,8232.12
918955,7014488,30709,2.0,272.88,545.76
918956,7007107,30773,6.0,711.73,4270.38
918957,7004034,30443,4.0,163.65,654.6
918958,7004476,30456,6.0,787.73,4726.38
918959,7002754,30636,7.0,772.45,5407.15
918960,7006033,31064,12.0,939.61,11275.32
918961,7002148,31472,7.0,1044.28,7309.96
918962,7012405,30182,11.0,128.59,1414.49
918963,7008828,30542,7.0,882.59,6178.13
918964,7012476,30718,10.0,587.34,5873.4
918965,7006594,30895,9.0,143.76,1293.84
918966,7002611,31453,8.0,524.89,4199.12
918967,7002186,30097,9.0,592.88,5335.92
918968,7004730,31382,11.0,761.0,8371.0
918969,7004344,30704,1.0,346.85,346.85
918970,7003101,31292,2.0,785.98,1571.97
918971,7009360,31398,5.0,805.43,4027.15
918972,7011950,30921,1.0,617.45,617.45
918973,7013121,30683,8.0,1110.3,8882.4
918974,7005590,31360,1.0,1194.65,1194.65
918975,7014809,30449,6.0,278.7,1672.2
918976,7012671,31196,5.0,1153.48,5767.4
918977,7004636,30658,6.0,164.31,985.86
918978,7000605,30634,2.0,1035.27,2070.54
918979,7014416,31028,6.0,1010.72,6064.32
918980,7004101,30424,8.0,478.03,3824.24
918981,7011911,30133,9.0,1094.82,9853.38
918982,7006219,31119,3.0,384.61,1153.83
918983,7014073,31114,4.0,565.91,2263.64
918984,7004452,30356,7.0,56.39,394.73
918985,7003945,30854,3.0,944.42,2833.26
918986,7000712,30185,8.0,981.39,7851.12
918987,7003671,30380,7.0,262.27,1835.89
918988,7007660,30060,3.0,1064.22,3192.66
918989,7002540,30009,3.0,238.23,714.69
918990,7002200,31315,1.0,584.41,584.41
918991,7004965,30483,9.0,1014.12,9127.08
918992,7005386,30549,11.0,596.37,6560.07
918993,7007310,30634,10.0,281.23,2812.3
918994,7001618,30461,9.0,1099.24,9893.16
918995,7007269,31173,1.0,84.87,84.87
918996,7014851,30888,1.0,1067.94,1067.94
918997,7012554,30314,7.0,1103.72,7726.04
918998,7004229,31426,9.0,1056.14,9505.26
918999,7003513,30621,1.0,239.63,239.63
919000,7006285,31083,11.0,941.85,10360.35
919001,7002084,30250,2.0,644.75,1289.5
919002,7001158,30996,12.0,1172.52,14070.24
919003,7009707,30714,7.0,119.12,833.84
919004,7014875,30062,8.0,240.91,1927.28
919005,7011031,30618,7.0,898.79,6291.53
919006,7007753,30278,1.0,841.05,841.05
919007,7001104,30503,9.0,424.68,3822.12
919008,7010414,31450,5.0,1031.85,5159.25
919009,7009883,30540,4.0,940.63,3762.52
919010,7010500,30650,7.0,691.91,4843.37
919011,7000802,31194,3.0,614.42,1843.26
919012,7002223,30373,8.0,70.41,563.28
919013,7006603,31181,3.0,79.97,239.91
919014,7012049,30687,10.0,1021.75,10217.5
919015,7010905,31276,8.0,326.56,2612.48
919016,7009405,30951,7.0,189.79,1328.53
919017,7013121,30978,8.0,508.91,4071.28
919018,7005546,30662,1.0,568.04,568.04
919019,7013000,30490,12.0,284.33,3411.96
919020,7009225,31305,3.0,285.91,857.73
919021,7013788,30395,6.0,781.72,4690.32
919022,7011955,31339,2.0,951.83,1903.66
919023,7007350,30746,3.0,1069.49,3208.47
919024,7012585,30021,9.0,377.59,3398.31
919025,7000989,30656,11.0,654.12,7195.32
919026,7009404,31366,9.0,233.14,2098.26
919027,7014353,31347,9.0,699.83,6298.47
919028,7007436,30386,6.0,285.73,1714.38
919029,7007984,30217,8.0,1125.43,9003.44
919030,7005208,30209,9.0,63.44,570.96
919031,7002873,30010,4.0,327.06,1308.24
919032,7003126,31380,11.0,307.16,3378.76
919033,7004360,31151,1.0,1156.59,1156.59
919034,7011013,30786,5.0,944.61,4723.05
919035,7004360,30273,3.0,84.37,253.11
919036,7013180,30877,2.0,460.25,920.5
919037,7002453,30411,6.0,310.08,1860.48
919038,7009791,31192,11.0,457.16,5028.76
919039,7004541,30433,9.0,948.71,8538.39
919040,7002985,30932,7.0,43.02,301.14
919041,7002340,30958,10.0,515.43,5154.3
919042,7000903,31107,12.0,66.07,792.84
919043,7011130,30637,1.0,794.44,794.44
919044,7006854,30388,2.0,358.83,717.66
919045,7002194,30802,3.0,655.43,1966.29
919046,7006281,30840,1.0,1033.06,1033.06
919047,7007997,31343,10.0,906.67,9066.7
919048,7006212,31341,3.0,1063.9,3191.7
919049,7002956,30570,5.0,933.54,4667.7
919050,7007318,31305,2.0,297.33,594.66
919051,7012116,30759,8.0,336.63,2693.04
919052,7008203,30338,5.0,489.99,2449.95
919053,7012422,31377,4.0,373.07,1492.28
919054,7010673,30841,6.0,829.69,4978.14
919055,7012270,31101,2.0,122.08,244.16
919056,7000370,31260,2.0,1174.45,2348.9
919057,7008492,30373,5.0,1020.1,5100.5
919058,7008733,30291,11.0,646.01,7106.11
919059,7013329,31474,4.0,633.91,2535.64
919060,7011542,30954,2.0,964.69,1929.38
919061,7006182,31029,12.0,1066.82,12801.84
919062,7002143,31275,9.0,20.2,181.8
919063,7008954,30933,2.0,492.86,985.72
919064,7008694,30615,10.0,134.98,1349.8
919065,7011005,31254,5.0,137.25,686.25
919066,7014546,30641,6.0,1142.64,6855.84
919067,7011536,30140,8.0,57.78,462.24
919068,7010850,30796,1.0,858.55,858.55
919069,7003937,30753,12.0,1114.06,13368.72
919070,7004751,30061,5.0,1147.48,5737.4
919071,7000489,30080,5.0,319.09,1595.45
919072,7013664,31135,10.0,990.99,9909.9
919073,7012562,30373,3.0,157.13,471.39
919074,7000631,30337,1.0,147.3,147.3
919075,7003551,30785,8.0,959.78,7678.24
919076,7008860,30242,10.0,262.36,2623.6
919077,7004316,30911,5.0,346.44,1732.2
919078,7001343,30716,3.0,31.76,95.28
919079,7011501,31406,6.0,1102.08,6612.48
919080,7000487,30790,10.0,130.96,1309.6
919081,7013264,30360,1.0,231.51,231.51
919082,7007732,30797,7.0,144.2,1009.4
919083,7005903,30552,5.0,545.39,2726.95
919084,7001946,30967,11.0,1107.28,12180.08
919085,7000610,30458,4.0,1023.82,4095.28
919086,7001098,30286,11.0,58.47,643.17
919087,7006120,30343,6.0,1199.74,7198.44
919088,7009554,30895,6.0,875.02,5250.12
919089,7005705,31236,1.0,187.62,187.62
919090,7004332,30109,12.0,749.37,8992.44
919091,7009333,30977,5.0,273.8,1369.0
919092,7008718,31337,10.0,937.17,9371.7
919093,7013207,30713,3.0,1074.69,3224.07
919094,7006259,30859,9.0,63.42,570.78
919095,7002676,30823,4.0,648.62,2594.48
919096,7010685,30859,10.0,319.41,3194.1
919097,7006512,31341,1.0,1163.4,1163.4
919098,7011265,31019,10.0,455.96,4559.6
919099,7000027,30916,11.0,1165.54,12820.94
919100,7009796,30983,12.0,591.5,7098.0
919101,7001877,30909,8.0,994.33,7954.64
919102,7014905,31487,10.0,404.15,4041.5
919103,7012461,31202,6.0,626.02,3756.12
919104,7012550,30882,10.0,687.64,6876.4
919105,7014644,31059,11.0,949.72,10446.92
919106,7007950,30750,5.0,1155.03,5775.15
919107,7007998,30372,5.0,624.59,3122.95
919108,7003311,30821,11.0,951.64,10468.04
919109,7006395,30713,10.0,510.06,5100.6
919110,7010065,30386,12.0,1029.18,12350.16
919111,7014938,30987,8.0,275.72,2205.76
919112,7008528,31286,11.0,794.56,8740.16
919113,7002767,30440,10.0,848.37,8483.7
919114,7010655,30031,5.0,832.42,4162.1
919115,7006707,31331,3.0,204.5,613.5
919116,7013707,31460,7.0,228.3,1598.1
919117,7008199,30520,5.0,793.69,3968.45
919118,7007332,31417,12.0,679.88,8158.56
919119,7003478,30143,5.0,1077.63,5388.15
919120,7001190,30552,11.0,323.98,3563.78
919121,7011520,30760,3.0,324.87,974.61
919122,7010192,30475,10.0,69.34,693.4
919123,7011074,31023,4.0,898.47,3593.88
919124,7012312,31089,3.0,1139.88,3419.64
919125,7006734,30192,11.0,294.56,3240.16
919126,7012966,30526,11.0,206.53,2271.83
919127,7011459,30072,11.0,386.44,4250.84
919128,7004079,31478,11.0,208.07,2288.77
919129,7001090,30086,6.0,1071.39,6428.34
919130,7012490,30071,2.0,747.47,1494.94
919131,7006024,30381,10.0,621.24,6212.4
919132,7004416,31441,9.0,867.43,7806.87
919133,7003426,31341,5.0,183.82,919.1
919134,7011775,31378,6.0,132.46,794.76
919135,7001950,30296,1.0,370.45,370.45
919136,7001488,31360,7.0,687.94,4815.58
919137,7007408,30395,10.0,628.33,6283.3
919138,7001767,31294,12.0,144.4,1732.8
919139,7002473,30972,3.0,392.45,1177.35
919140,7009392,30216,9.0,413.22,3718.98
919141,7005260,31197,11.0,1112.13,12233.43
919142,7009874,30922,10.0,1148.45,11484.5
919143,7008723,30021,7.0,611.05,4277.35
919144,7007855,31281,1.0,1176.2,1176.2
919145,7011990,30448,6.0,1101.55,6609.3
919146,7012359,30135,5.0,217.5,1087.5
919147,7011859,30647,5.0,833.93,4169.65
919148,7014846,30815,2.0,405.11,810.22
919149,7007642,30610,6.0,183.87,1103.22
919150,7004124,31244,6.0,27.41,164.46
919151,7008830,31018,6.0,32.89,197.34
919152,7013150,30494,9.0,118.74,1068.66
919153,7001390,30673,7.0,593.29,4153.03
919154,7002143,30005,7.0,286.06,2002.42
919155,7011398,30845,7.0,1078.74,7551.18
919156,7013155,30975,2.0,19.32,38.64
919157,7009442,30490,2.0,90.44,180.88
919158,7008068,31371,11.0,428.75,4716.25
919159,7006877,30105,3.0,377.25,1131.75
919160,7006610,31105,9.0,635.09,5715.81
919161,7001372,30238,4.0,76.96,307.84
919162,7013748,30197,10.0,898.33,8983.3
919163,7004250,30436,5.0,772.74,3863.7
919164,7002473,30794,12.0,588.71,7064.52
919165,7012155,30524,4.0,712.69,2850.76
919166,7007545,30401,2.0,587.82,1175.64
919167,7003036,30258,3.0,1095.35,3286.05
919168,7005322,30462,1.0,315.51,315.51
919169,7013572,30511,10.0,861.85,8618.5
919170,7000640,30359,12.0,975.47,11705.64
919171,7005246,30135,1.0,335.01,335.01
919172,7013968,30743,3.0,1025.1,3075.3
919173,7006076,31172,10.0,840.53,8405.3
919174,7008520,31266,2.0,502.64,1005.28
919175,7012297,30117,3.0,852.58,2557.74
919176,7010152,30112,6.0,763.47,4580.82
919177,7009255,30842,9.0,158.99,1430.91
919178,7005254,31465,5.0,1122.4,5612.0
919179,7005981,30205,10.0,1029.85,10298.5
919180,7002160,31485,7.0,780.75,5465.25
919181,7012711,31444,12.0,116.81,1401.72
919182,7008541,30946,8.0,362.01,2896.08
919183,7005012,30102,3.0,133.26,399.78
919184,7007484,31286,12.0,263.83,3165.96
919185,7003430,30087,12.0,1053.15,12637.8
919186,7004670,30351,11.0,256.61,2822.71
919187,7004653,31451,9.0,119.72,1077.48
919188,7007771,31471,10.0,729.2,7292.0
919189,7014231,30209,9.0,698.5,6286.5
919190,7003574,31012,9.0,1127.45,10147.05
919191,7000192,31128,9.0,1066.59,9599.31
919192,7006604,30704,7.0,888.6,6220.2
919193,7005921,30107,3.0,588.57,1765.71
919194,7010951,30222,5.0,960.16,4800.8
919195,7001552,30469,10.0,321.58,3215.8
919196,7011144,30271,10.0,94.28,942.8
919197,7003955,30581,3.0,1141.05,3423.15
919198,7004290,31285,12.0,116.22,1394.64
919199,7003823,30961,11.0,202.66,2229.26
919200,7003740,31299,8.0,725.02,5800.16
919201,7004397,30907,7.0,614.6,4302.2
919202,7000864,30168,3.0,638.78,1916.34
919203,7008719,31335,5.0,637.78,3188.9
919204,7011973,31280,1.0,48.06,48.06
919205,7004434,31068,3.0,1172.09,3516.27
919206,7008941,30407,2.0,319.75,639.5
919207,7010971,30135,12.0,16.6,199.19
919208,7001720,31226,12.0,732.12,8785.44
919209,7009097,31171,9.0,878.97,7910.73
919210,7003887,30778,8.0,377.59,3020.72
919211,7014699,30308,10.0,1042.21,10422.1
919212,7007016,30464,9.0,868.3,7814.7
919213,7007663,31461,6.0,1065.5,6393.0
919214,7009062,31381,10.0,858.0,8580.0
919215,7002032,30898,6.0,929.02,5574.12
919216,7004398,31138,8.0,672.26,5378.08
919217,7003706,30787,3.0,170.36,511.08
919218,7000422,31231,11.0,760.03,8360.33
919219,7004262,30984,4.0,929.4,3717.6
919220,7001594,31096,7.0,608.59,4260.13
919221,7010629,30442,11.0,22.03,242.33
919222,7014633,30261,5.0,184.83,924.15
919223,7002009,31264,6.0,832.26,4993.56
919224,7005351,30858,3.0,148.21,444.63
919225,7007355,30161,1.0,558.59,558.59
919226,7001290,30115,9.0,46.01,414.09
919227,7009077,30140,7.0,467.76,3274.32
919228,7012921,30917,8.0,226.43,1811.44
919229,7014710,30832,3.0,1054.32,3162.96
919230,7008731,30443,4.0,287.51,1150.04
919231,7013161,30593,10.0,626.89,6268.9
919232,7007572,30566,11.0,593.17,6524.87
919233,7009448,30861,8.0,573.23,4585.84
919234,7012293,31157,3.0,83.03,249.09
919235,7002639,30651,4.0,760.15,3040.6
919236,7004769,31360,3.0,409.87,1229.61
919237,7012571,30434,12.0,507.45,6089.4
919238,7010552,30792,8.0,328.54,2628.32
919239,7001735,30576,10.0,250.14,2501.4
919240,7009108,30747,9.0,943.14,8488.26
919241,7002108,31062,1.0,676.98,676.98
919242,7003670,31269,8.0,28.6,228.8
919243,7000934,30192,8.0,58.76,470.08
919244,7008197,30479,3.0,759.76,2279.28
919245,7008113,30497,11.0,730.51,8035.61
919246,7009490,30367,8.0,47.67,381.36
919247,7013107,30937,11.0,182.97,2012.67
919248,7011070,30951,6.0,59.23,355.38
919249,7009559,30852,2.0,433.28,866.56
919250,7011753,30202,12.0,473.17,5678.04
919251,7010089,30309,9.0,297.07,2673.63
919252,7007086,30278,9.0,22.6,203.41
919253,7006331,30947,1.0,708.17,708.17
919254,7008336,31285,2.0,1099.88,2199.76
919255,7010781,30871,4.0,386.18,1544.72
919256,7009375,30905,1.0,636.25,636.25
919257,7003684,30869,3.0,72.37,217.11
919258,7013132,31053,6.0,142.46,854.75
919259,7007446,30599,6.0,461.36,2768.16
919260,7008536,31182,7.0,319.39,2235.73
919261,7013289,30289,5.0,48.18,240.9
919262,7005490,31277,11.0,556.46,6121.06
919263,7013258,30537,3.0,817.67,2453.01
919264,7010603,30150,7.0,513.85,3596.95
919265,7006383,31209,9.0,134.44,1209.96
919266,7001195,30601,3.0,318.1,954.3
919267,7011426,31156,10.0,327.42,3274.2
919268,7006706,30799,4.0,992.61,3970.44
919269,7001896,30956,12.0,300.1,3601.2
919270,7009315,31375,12.0,325.68,3908.16
919271,7008006,30533,7.0,690.71,4834.97
919272,7014693,30590,5.0,632.33,3161.65
919273,7000607,30271,8.0,1136.88,9095.04
919274,7002848,30011,8.0,216.83,1734.64
919275,7001555,30612,1.0,1007.52,1007.52
919276,7002569,30373,10.0,809.14,8091.4
919277,7006486,30338,5.0,1035.5,5177.5
919278,7009324,30579,5.0,1162.66,5813.3
919279,7007583,30446,1.0,54.55,54.55
919280,7002221,30665,5.0,754.67,3773.35
919281,7006531,30964,1.0,837.32,837.32
919282,7009296,31241,11.0,763.62,8399.82
919283,7008773,31087,8.0,826.81,6614.48
919284,7012908,30530,8.0,408.64,3269.12
919285,7005299,31003,1.0,1192.1,1192.1
919286,7009050,30358,7.0,205.95,1441.65
919287,7009168,31209,12.0,311.44,3737.28
919288,7006265,30326,8.0,653.01,5224.08
919289,7010303,30196,10.0,498.76,4987.6
919290,7013084,30362,11.0,550.57,6056.27
919291,7001669,30842,7.0,1118.41,7828.87
919292,7002692,30983,2.0,475.45,950.9
919293,7012104,30287,1.0,695.54,695.54
919294,7011792,31304,2.0,862.27,1724.54
919295,7008715,31081,12.0,465.61,5587.32
919296,7001159,31036,7.0,761.55,5330.85
919297,7004933,30139,10.0,351.74,3517.4
919298,7012974,30468,11.0,1193.48,13128.28
919299,7003744,30857,4.0,619.46,2477.84
919300,7007125,31365,2.0,226.18,452.36
919301,7007667,30006,7.0,366.61,2566.27
919302,7005367,30761,8.0,175.17,1401.36
919303,7004533,31239,11.0,81.41,895.51
919304,7013252,30570,2.0,809.85,1619.7
919305,7005023,31392,11.0,650.44,7154.84
919306,7006877,30628,12.0,302.68,3632.16
919307,7007870,30774,10.0,745.56,7455.65
919308,7012377,31316,4.0,666.57,2666.28
919309,7014433,31376,8.0,350.29,2802.32
919310,7005328,31416,2.0,117.94,235.88
919311,7003813,30587,11.0,437.51,4812.61
919312,7008363,31348,9.0,255.4,2298.6
919313,7004360,30540,1.0,1197.52,1197.52
919314,7006307,30631,3.0,12.72,38.16
919315,7012735,30415,6.0,1153.8,6922.8
919316,7012214,30513,2.0,519.94,1039.88
919317,7000569,30430,11.0,447.14,4918.54
919318,7010237,30860,4.0,961.48,3845.92
919319,7012876,30288,7.0,1006.92,7048.44
919320,7009446,30147,4.0,731.13,2924.52
919321,7012985,31412,9.0,1043.34,9390.06
919322,7009297,30356,1.0,453.19,453.19
919323,7009864,31464,8.0,985.62,7884.96
919324,7004703,30797,5.0,340.48,1702.41
919325,7006732,30495,10.0,1043.31,10433.1
919326,7006193,30081,1.0,299.9,299.9
919327,7004417,30227,1.0,767.76,767.76
919328,7009383,30672,7.0,367.16,2570.12
919329,7006172,30158,8.0,534.91,4279.28
919330,7007522,30063,6.0,878.52,5271.12
919331,7002274,30553,10.0,204.05,2040.5
919332,7004017,30499,6.0,641.05,3846.3
919333,7001595,30599,11.0,131.24,1443.64
919334,7012465,30711,10.0,910.1,9101.0
919335,7012717,31420,11.0,792.62,8718.82
919336,7002790,31127,11.0,514.11,5655.21
919337,7006852,31152,6.0,377.88,2267.28
919338,7006818,30013,1.0,140.32,140.32
919339,7011299,31391,9.0,1075.66,9680.94
919340,7012795,30632,3.0,1182.82,3548.46
919341,7014269,31452,7.0,1021.63,7151.41
919342,7011762,31388,4.0,656.54,2626.16
919343,7004238,30499,11.0,698.0,7678.0
919344,7001302,31127,9.0,991.83,8926.47
919345,7004813,30214,1.0,526.66,526.66
919346,7006717,30337,4.0,697.53,2790.12
919347,7010209,30295,8.0,523.79,4190.32
919348,7009583,30290,10.0,335.3,3353.0
919349,7001765,30618,4.0,921.17,3684.68
919350,7006273,31329,2.0,358.04,716.08
919351,7009168,31397,7.0,919.29,6435.03
919352,7003474,30719,3.0,571.37,1714.11
919353,7012008,31188,10.0,17.27,172.7
919354,7007491,31153,5.0,88.99,444.95
919355,7007785,30556,8.0,406.45,3251.6
919356,7008577,30076,5.0,825.5,4127.5
919357,7005651,30972,6.0,700.55,4203.3
919358,7004448,30830,12.0,878.5,10542.0
919359,7000463,31467,7.0,787.15,5510.05
919360,7004718,31162,7.0,1169.31,8185.17
919361,7007647,30891,1.0,829.29,829.29
919362,7009702,30959,10.0,1031.87,10318.7
919363,7003787,31393,11.0,220.93,2430.19
919364,7011528,30719,7.0,86.31,604.17
919365,7003147,30897,10.0,873.53,8735.3
919366,7013550,31080,3.0,568.02,1704.06
919367,7000944,31097,6.0,1021.31,6127.86
919368,7006967,31431,10.0,567.92,5679.2
919369,7013447,30657,9.0,819.25,7373.25
919370,7012594,30806,6.0,1161.03,6966.18
919371,7003979,30809,12.0,1108.19,13298.28
919372,7006496,30994,1.0,97.95,97.95
919373,7010436,31029,3.0,541.35,1624.05
919374,7013746,30109,4.0,224.97,899.88
919375,7006320,30516,12.0,236.18,2834.16
919376,7005551,30439,1.0,137.36,137.36
919377,7012430,30759,6.0,930.59,5583.54
919378,7014307,30454,8.0,972.98,7783.84
919379,7008765,30978,6.0,888.94,5333.64
919380,7006302,30299,1.0,50.18,50.18
919381,7008520,30939,6.0,721.8,4330.8
919382,7013709,31246,6.0,756.49,4538.94
919383,7008957,30071,3.0,1009.85,3029.55
919384,7002125,31309,1.0,175.77,175.77
919385,7006688,31151,7.0,80.19,561.33
919386,7012961,30308,9.0,143.02,1287.18
919387,7005997,31106,8.0,267.9,2143.2
919388,7014450,31448,5.0,44.32,221.6
919389,7006930,30073,9.0,286.43,2577.87
919390,7007973,30287,4.0,899.23,3596.92
919391,7005675,30871,4.0,461.8,1847.2
919392,7005458,30580,9.0,5.49,49.43
919393,7014983,30127,4.0,1180.16,4720.64
919394,7010270,30466,6.0,888.89,5333.34
919395,7002791,30401,2.0,651.13,1302.26
919396,7007428,30616,12.0,445.34,5344.08
919397,7007125,30040,4.0,934.29,3737.16
919398,7002118,30590,12.0,225.75,2709.0
919399,7002791,30798,7.0,112.92,790.44
919400,7011423,30882,6.0,1153.18,6919.08
919401,7008497,30134,3.0,1107.79,3323.37
919402,7004715,31265,6.0,201.18,1207.08
919403,7003004,30979,7.0,350.83,2455.81
919404,7000992,30772,1.0,90.55,90.55
919405,7014823,30935,3.0,1068.54,3205.62
919406,7001905,31441,4.0,47.82,191.28
919407,7011970,30299,8.0,291.32,2330.56
919408,7007245,30237,9.0,439.35,3954.15
919409,7012410,31059,11.0,1159.92,12759.12
919410,7005491,30826,5.0,390.21,1951.05
919411,7002312,30207,6.0,113.0,678.02
919412,7008453,30234,11.0,723.86,7962.46
919413,7009905,31153,7.0,494.22,3459.54
919414,7010973,30799,6.0,507.45,3044.7
919415,7014167,31237,6.0,611.29,3667.74
919416,7005505,30325,11.0,1112.05,12232.55
919417,7014127,30329,7.0,994.03,6958.21
919418,7014888,30027,11.0,629.52,6924.72
919419,7014775,30008,2.0,178.05,356.1
919420,7014509,31344,7.0,410.03,2870.21
919421,7005750,30857,1.0,887.45,887.45
919422,7001314,31078,5.0,814.58,4072.9
919423,7005645,30852,2.0,112.12,224.24
919424,7012661,30729,5.0,264.02,1320.1
919425,7004933,31169,4.0,32.97,131.88
919426,7008686,30283,6.0,258.43,1550.58
919427,7014600,30269,11.0,760.31,8363.41
919428,7006542,30302,6.0,1195.22,7171.32
919429,7007331,31154,6.0,559.92,3359.52
919430,7014030,31437,1.0,231.84,231.84
919431,7008484,30391,9.0,152.88,1375.92
919432,7000567,30206,10.0,252.18,2521.8
919433,7012343,31417,10.0,344.66,3446.6
919434,7004260,30412,9.0,107.77,969.93
919435,7008246,31477,10.0,654.47,6544.7
919436,7012059,30903,8.0,601.01,4808.08
919437,7014319,30296,4.0,316.39,1265.56
919438,7011302,30939,2.0,229.56,459.12
919439,7008837,30877,4.0,431.64,1726.56
919440,7000261,30534,9.0,337.18,3034.58
919441,7003868,30186,5.0,328.42,1642.1
919442,7010096,31220,4.0,170.36,681.44
919443,7006352,30680,4.0,270.71,1082.84
919444,7008538,31121,1.0,898.23,898.23
919445,7010735,30862,11.0,741.28,8154.08
919446,7014515,30161,12.0,654.86,7858.32
919447,7012726,30024,5.0,529.44,2647.2
919448,7014151,30415,12.0,696.89,8362.68
919449,7000067,30806,3.0,733.52,2200.56
919450,7014744,30707,11.0,713.25,7845.75
919451,7011200,30436,1.0,25.59,25.59
919452,7000807,30728,6.0,827.91,4967.46
919453,7009864,30375,7.0,238.34,1668.38
919454,7009325,30069,5.0,620.09,3100.45
919455,7001344,30941,9.0,571.32,5141.88
919456,7006063,30727,1.0,648.38,648.38
919457,7002915,30097,8.0,500.29,4002.32
919458,7011720,31163,12.0,1027.0,12324.0
919459,7013196,31204,10.0,552.89,5528.9
919460,7003915,31218,1.0,545.09,545.09
919461,7011044,31334,6.0,924.67,5548.02
919462,7003662,30282,12.0,627.54,7530.48
919463,7007067,30411,9.0,932.74,8394.66
919464,7003384,30536,6.0,621.2,3727.2
919465,7011440,30754,2.0,405.26,810.52
919466,7008027,30532,8.0,372.59,2980.72
919467,7004274,31051,8.0,584.72,4677.76
919468,7006553,30017,8.0,1011.48,8091.84
919469,7013244,30200,11.0,533.22,5865.42
919470,7009898,30877,3.0,1049.17,3147.51
919471,7003745,30635,9.0,981.41,8832.69
919472,7013737,31459,6.0,690.76,4144.56
919473,7012347,30277,2.0,536.1,1072.2
919474,7011584,30532,8.0,368.27,2946.16
919475,7001338,31361,10.0,1184.67,11846.7
919476,7000523,30432,5.0,704.19,3520.95
919477,7010507,30819,4.0,730.45,2921.8
919478,7003858,31304,3.0,597.11,1791.33
919479,7006933,30492,4.0,299.02,1196.08
919480,7002808,30698,8.0,496.66,3973.28
919481,7013431,30900,12.0,227.59,2731.08
919482,7014281,30796,3.0,187.31,561.93
919483,7005016,30097,4.0,647.4,2589.6
919484,7002334,31412,6.0,1186.34,7118.04
919485,7002402,30600,12.0,1134.12,13609.44
919486,7006714,30234,8.0,964.45,7715.6
919487,7002560,31036,5.0,535.48,2677.4
919488,7010040,30956,1.0,200.63,200.63
919489,7009818,31304,12.0,621.45,7457.4
919490,7004868,30646,6.0,716.7,4300.2
919491,7008428,30683,5.0,734.96,3674.8
919492,7011046,31438,4.0,461.29,1845.16
919493,7014044,31355,4.0,1149.52,4598.08
919494,7012448,30106,4.0,285.79,1143.16
919495,7007403,30968,12.0,18.67,224.04
919496,7006666,30787,7.0,164.24,1149.68
919497,7004137,30388,6.0,213.19,1279.14
919498,7008307,30021,7.0,137.59,963.13
919499,7003664,30700,5.0,279.73,1398.65
919500,7005445,30540,4.0,724.71,2898.84
919501,7013582,31033,3.0,807.97,2423.91
919502,7012965,31381,5.0,1126.8,5634.0
919503,7011792,30374,5.0,1162.5,5812.5
919504,7005458,30520,11.0,241.61,2657.71
919505,7005289,30131,9.0,413.48,3721.32
919506,7014006,30237,1.0,438.64,438.64
919507,7012659,30322,3.0,1018.14,3054.42
919508,7009772,31345,12.0,584.53,7014.36
919509,7005335,30431,1.0,1143.43,1143.43
919510,7008539,31486,12.0,603.74,7244.88
919511,7008327,30071,7.0,125.4,877.8
919512,7000571,30755,7.0,712.53,4987.71
919513,7000507,30160,8.0,531.69,4253.52
919514,7008470,30288,8.0,111.19,889.5
919515,7007566,30573,3.0,1043.11,3129.33
919516,7001020,30096,7.0,687.34,4811.38
919517,7008993,30493,2.0,953.46,1906.92
919518,7012165,30057,4.0,610.94,2443.74
919519,7006057,30001,5.0,641.4,3207.0
919520,7014966,30939,7.0,144.62,1012.34
919521,7010000,31301,6.0,401.59,2409.54
919522,7014623,30845,10.0,582.56,5825.6
919523,7002316,30025,5.0,770.99,3854.95
919524,7010314,31031,10.0,493.18,4931.8
919525,7013000,30142,5.0,122.06,610.3
919526,7003594,30391,9.0,501.61,4514.49
919527,7002704,30792,7.0,538.11,3766.77
919528,7010984,30841,7.0,1022.09,7154.63
919529,7001160,31250,12.0,197.64,2371.68
919530,7000351,31391,3.0,1176.41,3529.23
919531,7012638,30424,11.0,39.66,436.26
919532,7001113,31221,10.0,1151.55,11515.5
919533,7014725,31441,3.0,168.45,505.35
919534,7012946,30623,6.0,440.43,2642.58
919535,7012754,31243,10.0,224.07,2240.7
919536,7011626,31455,5.0,265.3,1326.5
919537,7012748,30787,1.0,562.15,562.15
919538,7014496,30013,3.0,1007.45,3022.35
919539,7000146,31383,2.0,385.24,770.48
919540,7007813,30092,4.0,765.04,3060.16
919541,7003082,30383,8.0,37.98,303.84
919542,7002487,30629,2.0,463.97,927.94
919543,7011365,31173,10.0,194.32,1943.24
919544,7003214,30054,12.0,124.4,1492.8
919545,7004724,30255,5.0,245.54,1227.7
919546,7000980,30588,10.0,167.22,1672.2
919547,7011094,30583,1.0,382.47,382.47
919548,7013228,31282,4.0,914.6,3658.4
919549,7011640,31484,6.0,940.41,5642.46
919550,7006868,30957,12.0,321.47,3857.64
919551,7005934,31025,1.0,995.0,995.0
919552,7006092,30714,10.0,578.51,5785.1
919553,7013407,30332,6.0,1107.52,6645.12
919554,7014898,30415,2.0,112.92,225.84
919555,7011612,30439,8.0,623.34,4986.72
919556,7012375,30383,4.0,398.4,1593.6
919557,7001104,31424,2.0,370.89,741.78
919558,7010931,30047,5.0,156.89,784.45
919559,7002685,31260,5.0,839.51,4197.55
919560,7006658,30200,12.0,342.74,4112.88
919561,7006599,30874,8.0,363.01,2904.08
919562,7006515,30325,5.0,750.32,3751.6
919563,7010197,31444,12.0,314.17,3770.04
919564,7006305,30819,9.0,1119.34,10074.06
919565,7000216,30546,9.0,135.95,1223.55
919566,7008027,30504,9.0,25.67,231.03
919567,7010728,31299,9.0,253.0,2277.0
919568,7009210,30733,12.0,716.42,8597.04
919569,7002046,30778,7.0,847.52,5932.64
919570,7006156,30786,5.0,321.95,1609.75
919571,7005433,30105,8.0,287.99,2303.92
919572,7006808,30564,9.0,461.36,4152.24
919573,7014830,30897,4.0,843.75,3375.0
919574,7003858,30436,9.0,187.18,1684.62
919575,7010073,30649,2.0,218.49,436.98
919576,7014755,30340,6.0,104.07,624.42
919577,7011066,31054,12.0,1157.43,13889.16
919578,7009892,30970,11.0,1191.1,13102.1
919579,7002182,31228,3.0,581.09,1743.27
919580,7008194,30743,5.0,486.82,2434.1
919581,7003091,30604,2.0,442.57,885.14
919582,7013262,30042,1.0,1053.26,1053.26
919583,7004122,30664,11.0,744.96,8194.56
919584,7009079,30977,1.0,741.59,741.59
919585,7005567,30006,8.0,467.82,3742.56
919586,7012431,30904,5.0,822.15,4110.75
919587,7008172,30174,10.0,449.95,4499.5
919588,7010113,30373,4.0,690.98,2763.92
919589,7004832,30940,6.0,463.1,2778.61
919590,7012139,30544,1.0,688.68,688.68
919591,7010584,30195,6.0,508.56,3051.36
919592,7008476,30550,2.0,215.32,430.64
919593,7009124,30082,4.0,467.69,1870.76
919594,7000731,30623,6.0,330.64,1983.84
919595,7000151,31133,11.0,263.87,2902.57
919596,7013283,30682,3.0,549.67,1649.01
919597,7001585,30007,5.0,678.99,3394.95
919598,7012470,31395,11.0,85.14,936.54
919599,7002412,30593,4.0,321.3,1285.2
919600,7012743,30611,10.0,847.41,8474.1
919601,7008142,30180,9.0,738.67,6648.03
919602,7004724,30932,10.0,921.36,9213.6
919603,7014945,30973,8.0,803.73,6429.84
919604,7012532,31214,1.0,533.74,533.74
919605,7014165,30555,6.0,37.55,225.3
919606,7003074,30105,3.0,946.79,2840.37
919607,7006967,30568,11.0,163.16,1794.76
919608,7002013,31279,10.0,1093.72,10937.2
919609,7000752,30411,6.0,482.45,2894.7
919610,7011328,30263,10.0,1137.15,11371.5
919611,7008270,30632,9.0,248.06,2232.53
919612,7012220,31001,2.0,501.76,1003.52
919613,7004852,30928,4.0,1042.98,4171.92
919614,7004410,30922,7.0,914.64,6402.48
919615,7009629,30277,1.0,777.38,777.38
919616,7014781,30149,11.0,372.26,4094.86
919617,7006035,30261,11.0,453.06,4983.66
919618,7007396,30581,1.0,777.91,777.91
919619,7012774,30460,8.0,711.92,5695.36
919620,7005762,31094,7.0,1161.83,8132.81
919621,7002253,30629,3.0,666.11,1998.34
919622,7005208,30676,2.0,1002.38,2004.76
919623,7008348,30239,2.0,124.46,248.92
919624,7005571,30886,10.0,1000.3,10003.0
919625,7004641,30651,3.0,803.67,2411.01
919626,7004001,30037,10.0,681.26,6812.6
919627,7004870,31204,10.0,598.13,5981.3
919628,7005528,30014,12.0,871.77,10461.24
919629,7004424,31144,5.0,594.47,2972.35
919630,7013723,30263,10.0,757.65,7576.5
919631,7007886,30328,8.0,920.03,7360.24
919632,7012305,30543,10.0,149.48,1494.8
919633,7007603,30373,9.0,1107.68,9969.12
919634,7009522,31405,10.0,809.96,8099.6
919635,7007963,31423,2.0,403.41,806.82
919636,7010166,31101,4.0,369.12,1476.48
919637,7008493,30561,10.0,792.54,7925.4
919638,7004196,31236,1.0,705.93,705.93
919639,7000265,30374,9.0,516.3,4646.7
919640,7005922,30513,9.0,458.54,4126.86
919641,7007102,30790,2.0,253.19,506.38
919642,7004331,31072,10.0,45.88,458.8
919643,7000321,31255,11.0,166.81,1834.91
919644,7013251,30826,12.0,1186.12,14233.44
919645,7012022,30518,10.0,1114.69,11146.9
919646,7005875,30309,11.0,781.71,8598.81
919647,7006827,30674,12.0,1179.59,14155.08
919648,7008140,30251,10.0,1159.23,11592.3
919649,7011755,31481,7.0,58.87,412.09
919650,7012417,30253,11.0,450.81,4958.91
919651,7004835,30017,10.0,673.82,6738.2
919652,7003877,30580,6.0,1026.87,6161.22
919653,7011699,31435,11.0,433.64,4770.04
919654,7010909,31116,12.0,330.38,3964.56
919655,7002418,30937,8.0,371.12,2968.96
919656,7013134,31370,12.0,687.46,8249.52
919657,7001693,30862,1.0,1146.01,1146.01
919658,7002554,30983,9.0,1176.12,10585.08
919659,7004706,30488,9.0,640.08,5760.72
919660,7003177,31006,4.0,158.34,633.36
919661,7000594,31056,7.0,872.5,6107.5
919662,7009281,30383,4.0,1142.29,4569.16
919663,7012990,31323,9.0,763.19,6868.71
919664,7000602,30945,1.0,281.72,281.72
919665,7012207,31115,12.0,456.18,5474.16
919666,7014204,30948,3.0,398.47,1195.41
919667,7002901,30938,11.0,565.02,6215.22
919668,7007987,31452,10.0,755.28,7552.8
919669,7011407,30800,11.0,255.26,2807.88
919670,7005930,31416,9.0,981.97,8837.73
919671,7011050,30303,10.0,60.03,600.3
919672,7012058,30984,11.0,1111.36,12224.96
919673,7003134,30553,5.0,848.02,4240.1
919674,7014040,30307,11.0,514.1,5655.1
919675,7011932,30181,7.0,992.37,6946.59
919676,7012931,30427,6.0,1000.08,6000.48
919677,7013990,30944,3.0,818.53,2455.59
919678,7012117,30350,1.0,617.87,617.87
919679,7010268,30536,2.0,660.36,1320.72
919680,7005108,31454,9.0,473.68,4263.12
919681,7007608,30763,8.0,499.01,3992.08
919682,7001401,30664,10.0,106.02,1060.22
919683,7014617,31246,1.0,1188.68,1188.68
919684,7006576,31143,6.0,96.59,579.54
919685,7008964,30571,9.0,452.84,4075.56
919686,7005260,30243,11.0,435.13,4786.43
919687,7011403,30024,10.0,650.14,6501.4
919688,7005333,30857,7.0,1091.26,7638.82
919689,7014277,30604,1.0,291.79,291.79
919690,7005272,30225,10.0,882.33,8823.3
919691,7010678,31153,6.0,128.72,772.32
919692,7011419,31364,6.0,920.98,5525.88
919693,7007036,31182,8.0,1163.04,9304.32
919694,7007955,30719,9.0,1179.54,10615.86
919695,7014800,30819,3.0,1119.66,3358.98
919696,7006957,30758,11.0,709.58,7805.38
919697,7007758,30824,1.0,421.52,421.52
919698,7003569,30884,12.0,425.73,5108.76
919699,7002026,30444,12.0,220.04,2640.48
919700,7010709,30064,10.0,905.81,9058.1
919701,7004722,30064,8.0,830.95,6647.6
919702,7000023,30248,8.0,129.96,1039.68
919703,7001390,30964,3.0,884.55,2653.65
919704,7006885,31079,1.0,1141.13,1141.13
919705,7013934,30154,7.0,95.74,670.18
919706,7010805,31452,9.0,1021.05,9189.45
919707,7000460,31045,3.0,855.82,2567.46
919708,7011562,31044,5.0,416.7,2083.5
919709,7003358,31309,11.0,1014.2,11156.2
919710,7005789,31337,9.0,666.41,5997.69
919711,7004981,30039,8.0,283.43,2267.44
919712,7010870,30677,5.0,804.3,4021.5
919713,7004009,31411,12.0,177.39,2128.68
919714,7013398,31167,3.0,516.65,1549.95
919715,7011053,30111,6.0,484.7,2908.2
919716,7001680,30463,9.0,752.96,6776.64
919717,7004976,30388,5.0,299.93,1499.65
919718,7009971,30077,5.0,1063.34,5316.7
919719,7007752,30998,9.0,595.71,5361.39
919720,7011068,30875,12.0,712.43,8549.16
919721,7012884,30798,8.0,407.32,3258.56
919722,7013094,30749,4.0,407.85,1631.4
919723,7001998,30976,7.0,822.56,5757.92
919724,7007140,30795,9.0,237.96,2141.64
919725,7001634,31290,1.0,426.88,426.88
919726,7001101,30071,6.0,1030.15,6180.9
919727,7011573,30413,4.0,781.9,3127.6
919728,7009312,30716,6.0,436.64,2619.84
919729,7002707,30854,1.0,963.68,963.68
919730,7006403,30865,8.0,1009.28,8074.24
919731,7006093,30494,1.0,895.01,895.01
919732,7006452,30789,8.0,836.69,6693.52
919733,7010411,30034,9.0,942.42,8481.78
919734,7004105,30622,11.0,111.48,1226.28
919735,7008061,30982,2.0,838.89,1677.78
919736,7005729,30008,8.0,717.43,5739.44
919737,7006685,31370,8.0,59.58,476.6
919738,7014089,30517,10.0,780.32,7803.2
919739,7004483,30358,10.0,1025.11,10251.1
919740,7005967,30521,6.0,139.46,836.76
919741,7014659,31459,7.0,239.3,1675.1
919742,7003720,30766,1.0,541.16,541.16
919743,7008555,30464,10.0,938.6,9386.0
919744,7007723,30737,9.0,1168.48,10516.32
919745,7005632,30869,11.0,931.47,10246.17
919746,7001460,30589,12.0,1116.75,13401.0
919747,7012083,30889,4.0,270.04,1080.16
919748,7011725,30307,7.0,854.77,5983.39
919749,7003088,30509,6.0,770.8,4624.8
919750,7005751,30799,11.0,804.89,8853.79
919751,7002357,30035,1.0,1002.91,1002.91
919752,7011491,30831,9.0,1120.15,10081.35
919753,7009065,30520,6.0,783.2,4699.2
919754,7011988,30835,10.0,1114.65,11146.5
919755,7008371,30338,10.0,449.77,4497.7
919756,7011563,30087,2.0,60.51,121.02
919757,7001476,30645,1.0,233.63,233.63
919758,7004643,30467,12.0,271.9,3262.8
919759,7011619,31493,11.0,442.02,4862.22
919760,7008692,30790,1.0,804.46,804.46
919761,7012782,30416,4.0,923.11,3692.44
919762,7001918,30507,3.0,167.29,501.86
919763,7002194,31012,8.0,491.67,3933.36
919764,7003152,30118,9.0,523.27,4709.43
919765,7011453,30378,4.0,132.46,529.84
919766,7009754,30095,1.0,254.2,254.2
919767,7014909,31104,3.0,303.9,911.7
919768,7014918,30389,4.0,241.4,965.6
919769,7005066,31438,11.0,854.26,9396.86
919770,7005932,31391,12.0,57.77,693.26
919771,7009468,31139,2.0,347.31,694.62
919772,7013250,31066,8.0,300.41,2403.28
919773,7004720,30804,7.0,597.86,4185.02
919774,7014553,30621,5.0,472.58,2362.9
919775,7003319,30355,12.0,1037.41,12448.92
919776,7006933,30676,3.0,774.26,2322.78
919777,7008942,30378,1.0,461.79,461.79
919778,7008778,30287,4.0,121.69,486.76
919779,7013195,31369,12.0,1142.88,13714.56
919780,7002760,31010,11.0,323.98,3563.78
919781,7005202,30474,5.0,1005.63,5028.15
919782,7001967,30046,3.0,301.39,904.17
919783,7013074,31035,10.0,344.82,3448.2
919784,7010165,30269,6.0,693.12,4158.72
919785,7002479,30921,10.0,1174.86,11748.6
919786,7011699,30997,12.0,1167.23,14006.76
919787,7014879,30577,5.0,1091.13,5455.65
919788,7005337,30748,7.0,35.54,248.78
919789,7014009,31286,3.0,277.42,832.26
919790,7005120,30432,6.0,790.33,4741.98
919791,7006856,30539,8.0,542.45,4339.6
919792,7005074,30400,9.0,280.84,2527.56
919793,7003164,30320,2.0,274.69,549.38
919794,7006936,30414,7.0,32.09,224.63
919795,7010512,30607,11.0,433.87,4772.57
919796,7003465,31301,3.0,14.36,43.08
919797,7000077,30254,4.0,1025.36,4101.44
919798,7001698,30291,5.0,559.39,2796.95
919799,7006290,30654,2.0,578.95,1157.9
919800,7011403,31250,12.0,515.54,6186.48
919801,7009513,30717,1.0,111.62,111.62
919802,7003912,31415,6.0,685.78,4114.68
919803,7010312,31065,3.0,489.65,1468.95
919804,7006114,31165,6.0,103.16,618.96
919805,7013823,31346,7.0,657.47,4602.29
919806,7001216,30167,6.0,172.01,1032.06
919807,7003535,31388,10.0,98.47,984.7
919808,7013027,30348,1.0,233.06,233.06
919809,7007620,30791,8.0,90.69,725.49
919810,7012994,31366,12.0,283.53,3402.39
919811,7003096,30724,8.0,1134.88,9079.04
919812,7006498,31475,10.0,1002.34,10023.4
919813,7000898,31467,5.0,167.95,839.75
919814,7008807,30434,10.0,583.05,5830.5
919815,7001542,30609,7.0,300.33,2102.31
919816,7014386,30291,6.0,791.9,4751.4
919817,7002947,30076,9.0,348.13,3133.17
919818,7013955,31168,10.0,578.98,5789.8
919819,7012393,30110,4.0,806.1,3224.4
919820,7011744,30665,10.0,217.2,2172.0
919821,7009033,30525,11.0,83.42,917.62
919822,7010992,31411,1.0,764.09,764.09
919823,7001848,30769,8.0,568.29,4546.32
919824,7009236,30730,12.0,210.8,2529.6
919825,7012039,31077,9.0,564.45,5080.05
919826,7002351,31167,9.0,1013.38,9120.42
919827,7007485,30942,7.0,186.6,1306.2
919828,7006330,31440,7.0,604.11,4228.77
919829,7008507,30238,1.0,489.4,489.4
919830,7014290,30702,2.0,641.61,1283.22
919831,7013622,30225,4.0,312.9,1251.6
919832,7014718,30534,12.0,128.59,1543.08
919833,7012093,30557,10.0,771.46,7714.6
919834,7014705,31283,2.0,665.62,1331.24
919835,7005485,30005,10.0,978.63,9786.3
919836,7010206,31377,4.0,781.07,3124.28
919837,7012192,31284,11.0,619.08,6809.88
919838,7012627,31300,8.0,1053.09,8424.72
919839,7000756,30901,3.0,66.3,198.9
919840,7009095,30304,10.0,123.56,1235.6
919841,7007200,31040,7.0,1010.68,7074.76
919842,7005065,30106,9.0,607.44,5466.96
919843,7002718,30708,8.0,924.51,7396.08
919844,7004116,31139,7.0,1143.73,8006.11
919845,7010225,31471,12.0,766.98,9203.76
919846,7004970,30482,5.0,437.77,2188.85
919847,7014302,30349,1.0,1167.16,1167.16
919848,7008510,30797,7.0,278.62,1950.34
919849,7013233,30050,2.0,756.5,1513.0
919850,7000705,30599,1.0,986.57,986.57
919851,7000889,30767,6.0,81.01,486.06
919852,7014885,30068,6.0,905.92,5435.52
919853,7001872,31434,2.0,773.69,1547.38
919854,7010134,30300,5.0,986.91,4934.55
919855,7013646,30278,10.0,700.58,7005.8
919856,7000359,31123,5.0,458.18,2290.9
919857,7014032,30799,10.0,259.53,2595.3
919858,7011213,30739,10.0,261.04,2610.4
919859,7010970,30324,10.0,642.24,6422.4
919860,7006483,30128,12.0,1057.9,12694.8
919861,7008106,30590,1.0,1064.95,1064.95
919862,7003399,30286,5.0,1129.45,5647.25
919863,7010118,30226,8.0,191.2,1529.6
919864,7004167,30742,1.0,817.87,817.87
919865,7010412,30194,11.0,156.34,1719.74
919866,7012882,30336,6.0,894.93,5369.58
919867,7000274,30165,2.0,949.88,1899.76
919868,7008603,31098,5.0,857.08,4285.4
919869,7001737,30365,4.0,192.78,771.12
919870,7009782,31054,6.0,663.91,3983.46
919871,7004637,30140,5.0,94.95,474.75
919872,7012983,30314,5.0,596.72,2983.6
919873,7010314,31170,1.0,40.59,40.59
919874,7008630,30169,12.0,861.92,10343.04
919875,7006051,31333,9.0,909.59,8186.31
919876,7014557,30025,3.0,614.51,1843.53
919877,7000913,30147,6.0,221.7,1330.2
919878,7012740,31150,4.0,817.68,3270.72
919879,7013591,31275,1.0,927.76,927.76
919880,7011765,31223,3.0,867.24,2601.72
919881,7002488,31404,8.0,491.76,3934.08
919882,7012007,30328,11.0,1074.18,11815.98
919883,7005981,30648,11.0,910.54,10015.94
919884,7007267,30754,3.0,700.99,2102.97
919885,7007527,30588,7.0,157.91,1105.37
919886,7006334,31015,6.0,1173.11,7038.66
919887,7012237,30786,10.0,843.24,8432.4
919888,7002281,30279,10.0,297.06,2970.6
919889,7003260,30671,12.0,282.39,3388.68
919890,7011243,30929,2.0,1069.27,2138.54
919891,7002657,31124,5.0,836.63,4183.15
919892,7006154,30387,9.0,337.38,3036.42
919893,7001652,30977,11.0,233.05,2563.55
919894,7012547,30406,9.0,929.28,8363.52
919895,7012378,30940,2.0,758.3,1516.6
919896,7004729,30829,10.0,367.41,3674.1
919897,7007888,31384,12.0,159.84,1918.08
919898,7005152,31085,2.0,862.48,1724.96
919899,7008477,30684,9.0,503.45,4531.05
919900,7007506,31049,8.0,124.02,992.16
919901,7006383,30715,10.0,255.07,2550.7
919902,7012484,31255,9.0,926.59,8339.31
919903,7007823,31296,8.0,701.15,5609.2
919904,7007830,30489,12.0,498.36,5980.32
919905,7007395,31310,1.0,71.07,71.07
919906,7009355,31284,4.0,698.28,2793.12
919907,7000046,30449,3.0,67.29,201.87
919908,7000802,30442,7.0,841.74,5892.18
919909,7009464,31335,6.0,534.33,3205.98
919910,7010912,30888,10.0,28.75,287.5
919911,7006833,30390,3.0,619.25,1857.75
919912,7007257,31456,2.0,1125.52,2251.04
919913,7002811,30410,5.0,542.26,2711.3
919914,7005510,30914,1.0,850.01,850.01
919915,7011931,30127,8.0,290.92,2327.36
919916,7000934,31069,8.0,1109.41,8875.28
919917,7009812,31457,12.0,498.84,5986.08
919918,7005278,31299,8.0,427.13,3417.03
919919,7000234,30260,12.0,227.51,2730.12
919920,7009545,30509,5.0,564.2,2821.0
919921,7005916,30356,1.0,873.15,873.15
919922,7002150,31000,1.0,204.91,204.91
919923,7003587,30917,3.0,135.39,406.17
919924,7008318,30385,7.0,535.47,3748.29
919925,7008500,30427,10.0,742.22,7422.2
919926,7013821,31461,3.0,926.49,2779.47
919927,7002312,30443,5.0,180.09,900.45
919928,7004134,31220,11.0,511.84,5630.24
919929,7004036,30662,12.0,744.81,8937.72
919930,7014025,31420,2.0,1086.1,2172.2
919931,7008622,30605,9.0,827.15,7444.35
919932,7012240,30425,4.0,401.44,1605.76
919933,7001349,31067,12.0,843.82,10125.84
919934,7004126,30806,1.0,886.01,886.01
919935,7004564,30471,8.0,764.98,6119.84
919936,7011711,30800,3.0,69.76,209.28
919937,7012284,30442,10.0,188.65,1886.5
919938,7012996,30867,7.0,1023.49,7164.43
919939,7007420,31209,5.0,1071.86,5359.3
919940,7002701,30519,6.0,920.59,5523.54
919941,7007854,30418,1.0,11.81,11.81
919942,7004538,30384,4.0,839.94,3359.76
919943,7011803,31289,3.0,458.4,1375.2
919944,7010706,30237,11.0,1121.31,12334.41
919945,7007443,30814,4.0,236.51,946.04
919946,7007872,30612,8.0,316.76,2534.08
919947,7009422,30149,4.0,943.4,3773.6
919948,7003248,30103,12.0,339.27,4071.24
919949,7010529,31232,6.0,240.5,1443.0
919950,7013297,30614,8.0,562.39,4499.12
919951,7002867,30659,3.0,1149.08,3447.24
919952,7000197,31146,9.0,287.34,2586.06
919953,7014093,31024,12.0,426.08,5112.96
919954,7011888,30634,7.0,440.2,3081.4
919955,7006690,30037,12.0,399.22,4790.64
919956,7010868,30921,10.0,1050.96,10509.6
919957,7010713,30047,10.0,1117.07,11170.7
919958,7006985,30679,9.0,1140.69,10266.21
919959,7011644,31347,1.0,314.92,314.92
919960,7010189,30961,3.0,716.94,2150.82
919961,7003567,31283,7.0,880.23,6161.61
919962,7014012,31230,7.0,1029.8,7208.6
919963,7003035,31490,1.0,1005.89,1005.89
919964,7005614,30267,12.0,630.31,7563.72
919965,7011873,30234,7.0,82.6,578.2
919966,7009504,30190,2.0,196.16,392.32
919967,7005187,31126,12.0,137.16,1645.92
919968,7008374,31166,1.0,365.57,365.57
919969,7014525,30871,5.0,577.12,2885.58
919970,7007218,30798,6.0,753.0,4518.0
919971,7012779,31324,7.0,197.03,1379.21
919972,7012026,31087,3.0,1000.75,3002.25
919973,7002341,30369,12.0,1007.39,12088.68
919974,7007083,30514,5.0,658.25,3291.25
919975,7003276,30455,10.0,812.18,8121.8
919976,7012483,31237,5.0,767.22,3836.1
919977,7010673,30640,5.0,1195.6,5978.0
919978,7012567,30258,3.0,798.85,2396.55
919979,7002744,30759,5.0,1036.37,5181.85
919980,7013998,31402,2.0,122.29,244.58
919981,7011409,30971,5.0,558.23,2791.15
919982,7003843,30378,9.0,486.08,4374.72
919983,7002450,30517,12.0,844.54,10134.48
919984,7002625,30322,3.0,688.78,2066.34
919985,7010692,31196,4.0,1164.79,4659.16
919986,7014720,30724,11.0,429.44,4723.84
919987,7007218,30613,4.0,497.88,1991.52
919988,7012138,30782,12.0,938.33,11259.96
919989,7001843,30520,11.0,1196.12,13157.32
919990,7002646,30361,5.0,84.24,421.2
919991,7000578,30829,8.0,473.87,3790.96
919992,7014901,31070,2.0,1102.47,2204.94
919993,7009938,30796,6.0,869.96,5219.76
919994,7004736,31034,1.0,117.72,117.72
919995,7010060,30940,10.0,346.12,3461.2
919996,7001761,31291,5.0,1108.68,5543.4
919997,7005105,30377,5.0,146.81,734.05
919998,7013724,30084,5.0,849.77,4248.85
919999,7002819,31038,3.0,399.05,1197.15
920000,7012526,30908,3.0,451.64,1354.92
920001,7013755,30444,2.0,683.08,1366.16
920002,7012955,31430,3.0,1004.22,3012.66
920003,7010682,30265,3.0,1076.23,3228.69
920004,7012540,30524,11.0,586.23,6448.53
920005,7006430,31399,11.0,302.93,3332.23
920006,7011742,30397,10.0,677.77,6777.7
920007,7013893,31394,4.0,206.11,824.44
920008,7003554,30520,5.0,434.07,2170.35
920009,7005274,30532,12.0,499.15,5989.8
920010,7014328,31496,8.0,1086.21,8689.68
920011,7002231,30762,6.0,582.84,3497.04
920012,7009957,31296,9.0,365.16,3286.44
920013,7014305,30160,3.0,142.07,426.21
920014,7004175,30770,10.0,171.32,1713.2
920015,7014256,30563,7.0,981.92,6873.44
920016,7009279,30970,3.0,115.29,345.87
920017,7000349,30541,10.0,462.47,4624.7
920018,7001234,31187,8.0,1020.96,8167.68
920019,7001608,31374,12.0,369.23,4430.76
920020,7001950,31478,7.0,941.55,6590.85
920021,7009712,30707,4.0,961.83,3847.32
920022,7008902,31225,7.0,621.19,4348.33
920023,7014740,31174,6.0,380.98,2285.88
920024,7011468,30358,6.0,770.39,4622.34
920025,7010758,30969,11.0,325.19,3577.09
920026,7005968,30649,9.0,8.21,73.88
920027,7006005,30417,11.0,947.34,10420.74
920028,7005138,30909,3.0,921.56,2764.68
920029,7005817,31352,12.0,497.01,5964.12
920030,7009980,30867,11.0,553.47,6088.17
920031,7007102,30485,1.0,180.57,180.57
920032,7001065,30383,9.0,1097.26,9875.34
920033,7013795,31186,2.0,675.91,1351.82
920034,7002434,31468,5.0,693.85,3469.25
920035,7007861,30759,6.0,1128.05,6768.3
920036,7006261,30552,2.0,1150.4,2300.8
920037,7006146,30328,1.0,161.72,161.72
920038,7005883,31460,11.0,610.76,6718.36
920039,7001531,30185,12.0,726.92,8723.04
920040,7012438,30103,9.0,123.32,1109.88
920041,7001273,31248,3.0,284.36,853.08
920042,7003576,30560,3.0,398.3,1194.9
920043,7011410,30074,10.0,495.57,4955.7
920044,7009196,30157,10.0,921.01,9210.1
920045,7009370,30969,9.0,65.33,587.97
920046,7005169,30020,11.0,792.12,8713.32
920047,7007154,30534,10.0,136.57,1365.7
920048,7002656,30731,3.0,965.22,2895.66
920049,7013593,31237,1.0,1117.0,1117.0
920050,7009235,31268,5.0,350.45,1752.25
920051,7008321,30868,3.0,709.22,2127.66
920052,7006553,30900,8.0,218.41,1747.28
920053,7001703,30976,10.0,823.03,8230.3
920054,7009806,30988,2.0,1150.02,2300.04
920055,7004276,31223,6.0,612.13,3672.78
920056,7007895,30394,1.0,1044.05,1044.05
920057,7002433,30359,6.0,430.63,2583.78
920058,7011712,30134,5.0,726.7,3633.5
920059,7014147,30075,11.0,624.52,6869.72
920060,7005837,30100,8.0,355.8,2846.4
920061,7004529,31406,12.0,988.75,11865.0
920062,7008742,30159,8.0,922.16,7377.28
920063,7006961,30818,7.0,1083.32,7583.24
920064,7013351,31159,6.0,1146.51,6879.06
920065,7001183,30069,7.0,576.32,4034.24
920066,7008245,30345,9.0,282.28,2540.52
920067,7005966,31339,11.0,121.58,1337.38
920068,7005774,30389,11.0,854.99,9404.89
920069,7010686,30120,6.0,1194.65,7167.9
920070,7005637,31213,12.0,473.59,5683.08
920071,7011474,30879,6.0,204.05,1224.3
920072,7000305,30848,11.0,669.37,7363.07
920073,7013287,30393,10.0,413.34,4133.4
920074,7014516,30844,6.0,533.67,3202.02
920075,7000525,30882,10.0,89.27,892.7
920076,7004046,31119,4.0,429.96,1719.84
920077,7009782,30146,12.0,636.49,7637.88
920078,7001541,30963,11.0,1152.6,12678.6
920079,7006038,31217,9.0,1143.23,10289.07
920080,7001621,30353,10.0,1113.87,11138.7
920081,7014621,31355,8.0,609.77,4878.16
920082,7003304,30508,8.0,502.76,4022.08
920083,7004453,30253,4.0,1177.98,4711.92
920084,7004426,31146,12.0,294.15,3529.8
920085,7000087,30296,5.0,123.62,618.1
920086,7006427,31378,9.0,1173.06,10557.54
920087,7005622,31189,4.0,857.31,3429.24
920088,7002022,31156,5.0,789.85,3949.25
920089,7013263,30092,7.0,498.37,3488.59
920090,7010726,31293,5.0,154.01,770.05
920091,7000801,30729,2.0,1021.49,2042.98
920092,7010628,30855,2.0,802.6,1605.2
920093,7002690,30636,7.0,417.76,2924.32
920094,7014787,30961,12.0,588.54,7062.48
920095,7007741,31215,8.0,282.73,2261.84
920096,7011648,30514,1.0,1108.52,1108.52
920097,7000467,30438,12.0,1061.42,12737.04
920098,7007058,30138,2.0,867.67,1735.34
920099,7012345,31417,12.0,529.7,6356.4
920100,7010824,31369,11.0,186.5,2051.5
920101,7013918,30542,1.0,616.14,616.14
920102,7011971,31329,9.0,160.72,1446.48
920103,7012769,31367,6.0,322.36,1934.16
920104,7011676,31474,10.0,1159.25,11592.5
920105,7009306,30213,8.0,752.56,6020.48
920106,7006975,30183,5.0,123.13,615.65
920107,7001184,31411,11.0,694.68,7641.48
920108,7005360,30549,11.0,960.71,10567.81
920109,7011256,30835,12.0,1172.47,14069.64
920110,7014087,30860,6.0,614.77,3688.62
920111,7008789,30364,5.0,370.02,1850.1
920112,7008488,31471,7.0,374.46,2621.25
920113,7005786,31481,3.0,231.38,694.14
920114,7007461,30981,6.0,430.59,2583.54
920115,7002666,31076,10.0,13.83,138.3
920116,7010004,30951,7.0,594.64,4162.48
920117,7013543,30975,4.0,818.42,3273.68
920118,7005255,30363,9.0,547.02,4923.18
920119,7005676,31031,2.0,560.37,1120.74
920120,7007914,30644,7.0,557.13,3899.91
920121,7006883,30081,12.0,810.34,9724.08
920122,7010153,30433,4.0,230.62,922.48
920123,7006410,30520,6.0,1011.23,6067.38
920124,7009598,30093,11.0,671.0,7381.0
920125,7010806,31495,7.0,661.19,4628.33
920126,7002204,30816,11.0,785.65,8642.15
920127,7002354,31320,7.0,1190.12,8330.84
920128,7004194,30841,9.0,1034.95,9314.55
920129,7007524,31076,2.0,732.09,1464.18
920130,7002688,30569,4.0,132.7,530.8
920131,7003560,30757,6.0,545.44,3272.64
920132,7001910,31323,1.0,265.59,265.59
920133,7000273,30781,7.0,783.1,5481.7
920134,7006191,30970,8.0,537.93,4303.44
920135,7005537,30397,9.0,107.76,969.84
920136,7000306,30426,7.0,1014.16,7099.12
920137,7014506,31469,4.0,592.82,2371.28
920138,7011486,30871,5.0,856.91,4284.55
920139,7001148,31397,6.0,242.16,1452.96
920140,7003113,30227,8.0,97.77,782.16
920141,7008833,31118,1.0,177.53,177.53
920142,7005520,30346,8.0,1183.58,9468.64
920143,7008827,30573,9.0,972.82,8755.38
920144,7007623,30239,5.0,993.03,4965.15
920145,7002920,31194,10.0,931.31,9313.1
920146,7000067,31161,12.0,1028.01,12336.12
920147,7007931,30115,1.0,877.87,877.87
920148,7002956,31212,9.0,130.75,1176.75
920149,7007923,30315,3.0,521.56,1564.68
920150,7007316,31122,7.0,566.36,3964.52
920151,7001174,30498,4.0,1126.11,4504.44
920152,7011870,30711,5.0,838.94,4194.7
920153,7012410,30176,1.0,162.76,162.76
920154,7008940,30714,5.0,583.17,2915.85
920155,7014026,30604,5.0,1180.01,5900.05
920156,7000793,30934,9.0,90.17,811.53
920157,7003051,30920,9.0,1062.13,9559.17
920158,7009400,30120,10.0,654.32,6543.2
920159,7004008,30253,1.0,76.34,76.34
920160,7005551,30204,5.0,593.96,2969.8
920161,7008594,30450,9.0,540.58,4865.22
920162,7006324,31144,5.0,731.46,3657.3
920163,7001226,30635,9.0,14.83,133.47
920164,7009444,31462,3.0,797.81,2393.43
920165,7012852,30122,10.0,399.16,3991.6
920166,7007797,30935,6.0,445.34,2672.04
920167,7012652,30038,2.0,678.81,1357.62
920168,7001496,30873,9.0,453.19,4078.71
920169,7012276,30698,11.0,847.25,9319.75
920170,7000506,30520,5.0,966.94,4834.7
920171,7008059,31363,12.0,756.76,9081.12
920172,7008763,30286,7.0,144.98,1014.86
920173,7003050,30362,4.0,220.1,880.4
920174,7014298,30484,2.0,151.89,303.78
920175,7006751,31219,2.0,111.58,223.16
920176,7003192,30675,12.0,350.9,4210.8
920177,7012254,31007,3.0,1101.37,3304.11
920178,7005482,30094,4.0,718.0,2872.0
920179,7006212,30176,10.0,716.66,7166.6
920180,7007377,30425,12.0,33.04,396.48
920181,7005651,31159,11.0,994.26,10936.86
920182,7012653,31342,1.0,399.8,399.8
920183,7004291,30325,8.0,446.1,3568.8
920184,7002088,30931,2.0,382.23,764.46
920185,7001685,30123,11.0,195.96,2155.52
920186,7013152,30707,3.0,938.6,2815.8
920187,7009141,30221,6.0,648.26,3889.56
920188,7006506,30536,9.0,1149.37,10344.33
920189,7005621,31317,8.0,363.64,2909.12
920190,7009435,30436,12.0,82.12,985.45
920191,7008978,31361,2.0,95.85,191.7
920192,7007963,30909,12.0,19.83,237.96
920193,7006438,31162,3.0,668.26,2004.78
920194,7007887,31124,6.0,311.81,1870.86
920195,7005462,30805,8.0,809.43,6475.44
920196,7002387,31112,3.0,172.6,517.8
920197,7005083,30407,3.0,394.91,1184.73
920198,7000580,30406,2.0,231.19,462.38
920199,7008092,31351,4.0,702.38,2809.52
920200,7001266,30884,4.0,1162.94,4651.76
920201,7011751,30004,6.0,220.42,1322.52
920202,7006737,30568,11.0,987.36,10860.96
920203,7009438,31158,2.0,509.88,1019.76
920204,7012394,31066,9.0,346.69,3120.21
920205,7008525,30290,11.0,965.6,10621.6
920206,7006527,30070,12.0,969.32,11631.84
920207,7006229,31006,3.0,567.94,1703.82
920208,7010462,31336,5.0,143.78,718.9
920209,7009711,30409,6.0,725.97,4355.82
920210,7001550,30789,5.0,53.46,267.3
920211,7009654,30473,2.0,769.82,1539.63
920212,7008295,31244,12.0,242.24,2906.88
920213,7011611,31470,10.0,91.82,918.2
920214,7001148,30443,1.0,831.88,831.88
920215,7002987,30180,9.0,259.27,2333.43
920216,7013352,30110,2.0,979.96,1959.92
920217,7014619,31113,9.0,537.2,4834.8
920218,7000759,30354,10.0,116.45,1164.5
920219,7005836,30960,7.0,274.62,1922.34
920220,7007418,31239,6.0,230.18,1381.08
920221,7002886,30938,1.0,790.57,790.57
920222,7009427,30369,5.0,427.54,2137.7
920223,7014454,30848,6.0,897.82,5386.92
920224,7003017,30070,11.0,133.68,1470.48
920225,7010411,30832,2.0,124.22,248.44
920226,7001303,30510,1.0,1024.59,1024.59
920227,7012028,31391,7.0,506.61,3546.27
920228,7008810,30956,11.0,200.83,2209.1
920229,7011915,30600,10.0,603.06,6030.6
920230,7009064,30314,8.0,781.91,6255.28
920231,7002096,30755,6.0,723.42,4340.52
920232,7001641,30987,11.0,666.82,7334.96
920233,7014920,30407,8.0,454.88,3639.04
920234,7001543,30253,10.0,768.06,7680.6
920235,7013301,30657,6.0,88.6,531.6
920236,7012296,30219,7.0,522.3,3656.1
920237,7000322,31269,6.0,261.08,1566.48
920238,7009239,30294,9.0,121.03,1089.27
920239,7008791,30523,1.0,674.43,674.43
920240,7014627,30800,10.0,477.93,4779.3
920241,7001193,30603,3.0,348.04,1044.12
920242,7011967,30737,1.0,325.94,325.94
920243,7003659,31326,3.0,852.39,2557.17
920244,7000628,30739,3.0,187.14,561.42
920245,7001714,30256,10.0,681.64,6816.4
920246,7008833,30302,9.0,389.57,3506.13
920247,7004536,30207,2.0,1034.45,2068.9
920248,7010494,30844,8.0,316.82,2534.56
920249,7010328,31142,8.0,47.9,383.2
920250,7014184,31024,6.0,894.37,5366.22
920251,7012668,31169,9.0,391.9,3527.1
920252,7006265,30501,7.0,846.32,5924.24
920253,7013736,30812,5.0,713.11,3565.55
920254,7001045,31406,8.0,176.17,1409.36
920255,7000045,30560,3.0,502.26,1506.78
920256,7003405,31367,8.0,550.58,4404.64
920257,7003342,30937,5.0,226.47,1132.35
920258,7013923,30331,11.0,146.25,1608.75
920259,7001809,30302,6.0,1068.74,6412.44
920260,7001491,30921,1.0,461.64,461.64
920261,7006951,31233,6.0,1178.91,7073.46
920262,7013440,31066,7.0,57.8,404.6
920263,7002445,30381,6.0,703.94,4223.64
920264,7011378,31219,11.0,772.29,8495.19
920265,7012102,30163,6.0,994.61,5967.66
920266,7012347,30796,12.0,602.26,7227.12
920267,7008966,31185,11.0,308.68,3395.48
920268,7010405,31011,5.0,967.54,4837.7
920269,7006628,30525,11.0,926.86,10195.46
920270,7008247,31025,9.0,338.06,3042.54
920271,7012977,30669,5.0,754.71,3773.55
920272,7010862,31036,2.0,777.34,1554.68
920273,7008070,30840,3.0,890.47,2671.41
920274,7012854,30191,1.0,151.86,151.86
920275,7001603,30333,12.0,83.64,1003.68
920276,7011576,30806,10.0,281.31,2813.1
920277,7010743,31040,12.0,733.76,8805.12
920278,7002660,30109,6.0,138.56,831.36
920279,7007968,31018,6.0,68.93,413.58
920280,7004711,30636,6.0,1019.95,6119.7
920281,7008121,30058,10.0,66.7,667.0
920282,7002177,30551,12.0,975.44,11705.28
920283,7008176,30962,9.0,633.65,5702.85
920284,7004290,30107,10.0,409.01,4090.1
920285,7004205,30219,10.0,844.25,8442.5
920286,7013451,31075,7.0,624.95,4374.65
920287,7013390,30803,7.0,1185.15,8296.05
920288,7013616,30911,11.0,48.25,530.75
920289,7008912,30809,3.0,939.58,2818.74
920290,7014997,30726,9.0,47.12,424.08
920291,7008460,31099,3.0,772.33,2316.99
920292,7001206,30155,8.0,131.53,1052.24
920293,7013126,31086,11.0,15.99,175.89
920294,7014272,30213,2.0,472.71,945.42
920295,7009755,31383,8.0,294.89,2359.12
920296,7010856,31221,1.0,631.79,631.79
920297,7012482,30260,8.0,766.17,6129.36
920298,7005702,31050,5.0,1067.33,5336.65
920299,7002008,30269,12.0,187.76,2253.12
920300,7005353,31401,11.0,669.81,7367.91
920301,7008914,31122,2.0,347.7,695.4
920302,7000029,30127,9.0,1034.04,9306.36
920303,7007508,30954,10.0,723.15,7231.5
920304,7009897,31483,6.0,246.81,1480.86
920305,7001104,30294,12.0,500.9,6010.8
920306,7001611,30602,10.0,571.27,5712.7
920307,7010480,31258,4.0,281.98,1127.92
920308,7005602,30107,11.0,1021.4,11235.4
920309,7004010,30831,1.0,1135.24,1135.24
920310,7012625,31048,3.0,950.17,2850.51
920311,7012891,30970,7.0,1171.43,8200.01
920312,7010018,31479,11.0,361.99,3981.89
920313,7003227,30961,9.0,1076.25,9686.25
920314,7000766,30185,9.0,392.89,3536.01
920315,7008793,30205,10.0,671.99,6719.9
920316,7011082,30865,7.0,585.04,4095.28
920317,7003368,30533,4.0,615.17,2460.68
920318,7004267,30758,7.0,973.51,6814.57
920319,7006579,30334,11.0,493.52,5428.72
920320,7001046,30366,12.0,862.11,10345.32
920321,7007886,31247,12.0,614.23,7370.76
920322,7001152,30058,5.0,718.18,3590.9
920323,7002999,30385,4.0,1029.37,4117.48
920324,7004185,30923,5.0,528.52,2642.6
920325,7000431,30189,12.0,352.15,4225.8
920326,7004292,31210,4.0,319.97,1279.88
920327,7002305,30164,5.0,789.32,3946.6
920328,7005607,30052,6.0,1055.66,6333.96
920329,7012467,31279,4.0,829.63,3318.52
920330,7001568,31465,8.0,113.01,904.08
920331,7011454,30909,12.0,153.33,1839.96
920332,7002907,30301,1.0,927.98,927.98
920333,7012948,30364,7.0,731.05,5117.35
920334,7004892,31442,6.0,932.64,5595.84
920335,7006970,30632,8.0,197.98,1583.84
920336,7001776,30282,12.0,555.1,6661.2
920337,7008500,31137,7.0,1106.16,7743.12
920338,7014289,31308,4.0,23.56,94.24
920339,7002622,30139,10.0,413.07,4130.7
920340,7000940,30824,11.0,1074.58,11820.38
920341,7014888,30870,11.0,1141.39,12555.29
920342,7007813,30483,12.0,296.58,3558.96
920343,7008195,31410,1.0,105.96,105.96
920344,7011466,30089,1.0,378.8,378.8
920345,7002174,30370,10.0,14.06,140.6
920346,7005868,31079,7.0,621.63,4351.41
920347,7000417,30473,1.0,706.45,706.45
920348,7005167,30610,10.0,198.39,1983.9
920349,7009483,31493,3.0,654.39,1963.17
920350,7009453,30053,1.0,820.36,820.36
920351,7007323,31265,6.0,475.97,2855.82
920352,7002720,30855,8.0,425.46,3403.68
920353,7000187,31160,9.0,202.69,1824.21
920354,7001425,30553,11.0,168.89,1857.78
920355,7005370,31366,9.0,546.85,4921.65
920356,7005159,30615,12.0,936.42,11237.04
920357,7002192,31414,2.0,474.33,948.66
920358,7009853,30490,10.0,819.05,8190.5
920359,7012153,31027,5.0,1170.5,5852.5
920360,7010496,31407,12.0,85.88,1030.56
920361,7013346,30709,2.0,1156.68,2313.36
920362,7001346,30791,10.0,652.92,6529.2
920363,7005427,31054,3.0,44.73,134.19
920364,7009550,31260,11.0,1036.12,11397.32
920365,7008881,30034,12.0,163.01,1956.12
920366,7010938,30515,8.0,46.32,370.56
920367,7006711,30142,9.0,96.71,870.39
920368,7003890,31433,2.0,197.56,395.12
920369,7008358,30120,12.0,1056.92,12683.04
920370,7007345,30526,10.0,692.3,6923.0
920371,7002561,30954,5.0,518.12,2590.6
920372,7008733,30831,7.0,854.02,5978.14
920373,7006650,31073,1.0,82.41,82.41
920374,7013045,30172,6.0,44.14,264.84
920375,7006557,31361,7.0,479.03,3353.21
920376,7002579,30071,10.0,950.29,9502.9
920377,7003851,30762,1.0,535.49,535.49
920378,7011443,31358,1.0,32.62,32.62
920379,7002239,30513,3.0,1059.96,3179.88
920380,7012751,30310,5.0,1053.29,5266.45
920381,7006857,30421,8.0,987.88,7903.04
920382,7005614,30710,11.0,1170.53,12875.83
920383,7007800,30918,8.0,151.22,1209.74
920384,7000283,30933,1.0,50.09,50.09
920385,7001304,31128,10.0,372.99,3729.9
920386,7009413,30361,6.0,962.19,5773.14
920387,7014957,30869,5.0,274.89,1374.45
920388,7008604,31071,3.0,630.81,1892.43
920389,7006054,30354,10.0,1022.25,10222.5
920390,7013714,30683,6.0,1181.14,7086.84
920391,7005203,31393,5.0,291.66,1458.3
920392,7003133,30413,3.0,1023.89,3071.67
920393,7005044,31253,1.0,1100.26,1100.26
920394,7002044,30285,11.0,976.4,10740.4
920395,7006569,31175,11.0,775.93,8535.23
920396,7012088,31348,12.0,624.07,7488.84
920397,7010806,31331,12.0,613.63,7363.56
920398,7008322,30653,1.0,979.27,979.27
920399,7014059,30927,1.0,107.1,107.1
920400,7001568,31161,7.0,779.45,5456.15
920401,7003200,30351,3.0,374.59,1123.77
920402,7004700,30519,8.0,109.5,876.0
920403,7000705,30862,10.0,755.7,7557.0
920404,7000122,30450,6.0,992.34,5954.04
920405,7004685,30365,10.0,894.82,8948.2
920406,7005181,30459,8.0,1199.23,9593.84
920407,7012324,30144,11.0,458.06,5038.66
920408,7010417,31468,3.0,753.27,2259.81
920409,7002790,31236,2.0,801.21,1602.42
920410,7010361,31200,2.0,147.02,294.04
920411,7012640,31487,2.0,778.79,1557.58
920412,7002497,31246,3.0,826.14,2478.41
920413,7008796,30454,3.0,560.28,1680.84
920414,7002414,30184,2.0,1083.44,2166.88
920415,7005943,30776,10.0,612.41,6124.1
920416,7012237,30899,7.0,1038.56,7269.92
920417,7004073,30288,9.0,666.65,5999.85
920418,7000614,31156,6.0,991.99,5951.94
920419,7012777,30535,12.0,1129.66,13555.92
920420,7002410,30994,5.0,78.57,392.85
920421,7011827,30714,5.0,407.62,2038.1
920422,7006189,30408,10.0,64.21,642.1
920423,7009752,31192,9.0,1002.03,9018.27
920424,7009591,31271,1.0,340.74,340.74
920425,7005457,30750,9.0,1078.3,9704.7
920426,7000333,30210,3.0,189.42,568.26
920427,7012073,31278,10.0,86.84,868.4
920428,7011703,31452,10.0,919.97,9199.7
920429,7008928,30244,5.0,158.05,790.25
920430,7013163,30695,3.0,105.31,315.93
920431,7009839,31113,6.0,486.66,2919.96
920432,7005237,30249,2.0,663.98,1327.96
920433,7011198,30243,2.0,212.16,424.32
920434,7004822,30229,11.0,155.22,1707.42
920435,7012085,30956,12.0,530.26,6363.18
920436,7002784,30229,9.0,206.78,1861.02
920437,7006199,30294,5.0,1063.73,5318.65
920438,7004156,30537,10.0,894.13,8941.3
920439,7008692,31456,12.0,1082.27,12987.24
920440,7006913,31175,1.0,901.96,901.96
920441,7005186,30186,1.0,541.1,541.1
920442,7002509,31060,9.0,783.56,7052.04
920443,7012712,30308,8.0,722.58,5780.64
920444,7013090,30016,7.0,597.07,4179.49
920445,7001270,31397,11.0,46.89,515.79
920446,7008763,30621,11.0,261.7,2878.7
920447,7009247,30480,3.0,153.63,460.89
920448,7007674,30924,5.0,811.11,4055.55
920449,7012443,30950,3.0,670.4,2011.2
920450,7006343,31004,6.0,265.8,1594.8
920451,7000877,31199,5.0,685.2,3426.0
920452,7004658,30164,10.0,479.6,4796.0
920453,7010608,31340,12.0,706.85,8482.2
920454,7009895,30022,8.0,1083.66,8669.28
920455,7005573,30659,9.0,87.7,789.3
920456,7006387,30908,12.0,208.14,2497.68
920457,7011879,30412,7.0,757.03,5299.21
920458,7007332,30013,3.0,24.58,73.74
920459,7009416,30857,12.0,107.79,1293.48
920460,7009546,31001,3.0,793.64,2380.92
920461,7008779,31452,6.0,821.89,4931.34
920462,7014200,30541,2.0,303.33,606.66
920463,7010899,31476,8.0,214.91,1719.28
920464,7010173,30775,3.0,105.57,316.71
920465,7002349,31244,11.0,745.34,8198.74
920466,7005467,30763,10.0,751.52,7515.2
920467,7006722,30681,2.0,1001.83,2003.66
920468,7005684,30885,7.0,217.46,1522.22
920469,7012456,31253,8.0,472.81,3782.48
920470,7010090,30900,6.0,805.74,4834.44
920471,7007844,30640,3.0,645.3,1935.9
920472,7004476,30276,6.0,1026.76,6160.56
920473,7010616,30278,7.0,653.6,4575.2
920474,7000418,30377,1.0,575.38,575.38
920475,7001980,30608,1.0,594.65,594.65
920476,7002409,30631,7.0,1092.64,7648.48
920477,7005440,31458,3.0,1141.92,3425.76
920478,7002815,30639,12.0,955.48,11465.76
920479,7005699,30276,10.0,1038.07,10380.7
920480,7004025,31429,8.0,137.41,1099.28
920481,7012531,31277,4.0,92.64,370.56
920482,7011168,30198,5.0,694.48,3472.4
920483,7014660,30859,4.0,471.8,1887.2
920484,7012036,30199,8.0,538.92,4311.36
920485,7010799,30385,3.0,961.57,2884.71
920486,7010155,30532,6.0,756.39,4538.34
920487,7005196,31302,1.0,1127.21,1127.21
920488,7004705,30159,2.0,840.88,1681.75
920489,7008861,31165,11.0,782.57,8608.27
920490,7009928,30912,11.0,1106.57,12172.27
920491,7006959,30339,7.0,750.94,5256.58
920492,7007792,31296,1.0,175.65,175.65
920493,7011744,31344,7.0,943.06,6601.42
920494,7003833,30748,10.0,636.6,6365.95
920495,7003266,30787,9.0,1090.39,9813.51
920496,7004352,31365,4.0,82.27,329.08
920497,7005977,30594,12.0,760.84,9130.08
920498,7000890,30581,3.0,803.82,2411.46
920499,7004937,30720,6.0,1085.36,6512.16
920500,7011826,30591,9.0,318.06,2862.54
920501,7007858,30761,4.0,880.32,3521.28
920502,7012356,30417,12.0,709.48,8513.76
920503,7004895,30339,8.0,255.7,2045.6
920504,7008499,31378,8.0,1195.46,9563.68
920505,7013482,30844,7.0,584.34,4090.34
920506,7007736,30866,2.0,521.1,1042.2
920507,7007247,31342,4.0,483.68,1934.72
920508,7005597,31290,4.0,1087.56,4350.24
920509,7004723,31001,10.0,233.2,2332.0
920510,7005269,30491,6.0,399.71,2398.26
920511,7008414,30262,7.0,941.49,6590.43
920512,7001842,30473,12.0,1028.95,12347.4
920513,7007682,31338,9.0,840.94,7568.46
920514,7009340,30298,5.0,180.45,902.25
920515,7008428,31227,3.0,620.08,1860.24
920516,7009724,30639,12.0,977.2,11726.4
920517,7001606,30266,11.0,266.66,2933.3
920518,7010292,31210,11.0,586.58,6452.38
920519,7013793,30752,7.0,1017.43,7122.01
920520,7012610,30031,3.0,347.15,1041.45
920521,7006092,31414,5.0,440.73,2203.65
920522,7011163,30314,1.0,686.29,686.29
920523,7009059,31394,7.0,102.19,715.33
920524,7001812,31211,10.0,540.42,5404.2
920525,7009818,30641,8.0,816.7,6533.6
920526,7012671,31004,8.0,195.36,1562.88
920527,7009372,30845,1.0,1166.02,1166.02
920528,7003097,30811,8.0,700.13,5601.04
920529,7001733,30452,1.0,288.14,288.14
920530,7008565,30799,9.0,35.01,315.09
920531,7006400,31201,1.0,300.92,300.92
920532,7001748,31480,8.0,40.89,327.12
920533,7010425,31244,12.0,585.48,7025.76
920534,7003714,30246,7.0,712.09,4984.63
920535,7006648,31017,8.0,599.28,4794.24
920536,7004655,30806,10.0,367.12,3671.2
920537,7013247,30542,7.0,654.67,4582.69
920538,7010182,31104,10.0,1072.89,10728.9
920539,7002138,31030,11.0,436.42,4800.62
920540,7005712,30438,5.0,931.23,4656.15
920541,7002903,31408,2.0,570.01,1140.02
920542,7000103,30980,8.0,377.47,3019.76
920543,7004978,31480,1.0,889.78,889.78
920544,7004615,30525,3.0,410.87,1232.61
920545,7009501,30575,9.0,384.04,3456.36
920546,7011154,30290,2.0,383.29,766.58
920547,7009026,30199,9.0,680.22,6121.98
920548,7004419,30939,10.0,442.66,4426.6
920549,7000694,30739,9.0,23.74,213.66
920550,7007405,30852,5.0,861.73,4308.65
920551,7005050,30081,7.0,464.22,3249.54
920552,7010789,30468,1.0,628.4,628.4
920553,7010307,30355,12.0,881.71,10580.52
920554,7010731,31101,11.0,944.67,10391.37
920555,7005848,30498,10.0,685.25,6852.5
920556,7009401,30482,1.0,193.39,193.39
920557,7001001,30301,6.0,970.66,5823.96
920558,7002427,31044,12.0,178.18,2138.13
920559,7007046,30815,7.0,1006.26,7043.82
920560,7009496,30669,2.0,460.66,921.32
920561,7007621,31334,11.0,122.91,1352.01
920562,7005677,30680,6.0,856.96,5141.76
920563,7007636,30840,10.0,911.6,9116.0
920564,7013182,30297,9.0,120.95,1088.55
920565,7005607,31064,2.0,137.21,274.42
920566,7011982,30090,3.0,486.58,1459.74
920567,7008984,31403,3.0,1134.21,3402.63
920568,7010163,31060,11.0,375.69,4132.59
920569,7014065,31238,2.0,1052.19,2104.38
920570,7005224,31318,6.0,372.32,2233.92
920571,7010941,31089,5.0,302.19,1510.93
920572,7002271,31134,12.0,644.87,7738.44
920573,7013748,30837,3.0,167.16,501.48
920574,7008078,30247,9.0,881.35,7932.15
920575,7002722,30355,8.0,1065.01,8520.08
920576,7014357,30491,3.0,241.31,723.93
920577,7014117,31211,9.0,618.98,5570.82
920578,7000549,30889,11.0,1046.78,11514.58
920579,7000338,31134,10.0,513.96,5139.6
920580,7001081,31036,5.0,771.89,3859.45
920581,7002608,30008,4.0,427.1,1708.4
920582,7003649,30056,11.0,780.36,8583.96
920583,7009797,30392,1.0,236.08,236.08
920584,7014994,30722,7.0,865.17,6056.19
920585,7006559,31400,3.0,1055.31,3165.93
920586,7000498,30755,3.0,144.39,433.17
920587,7012288,30129,9.0,637.08,5733.72
920588,7008794,30418,3.0,616.36,1849.08
920589,7014966,30876,2.0,684.65,1369.3
920590,7011318,30107,7.0,903.96,6327.72
920591,7011830,30080,12.0,514.27,6171.24
920592,7005623,31260,10.0,182.62,1826.2
920593,7004211,30594,7.0,224.88,1574.16
920594,7013507,31038,10.0,235.5,2355.0
920595,7011614,30565,7.0,261.24,1828.68
920596,7004333,30159,9.0,319.57,2876.13
920597,7004866,30573,10.0,1177.42,11774.2
920598,7005104,31381,11.0,767.88,8446.68
920599,7006925,30957,9.0,623.73,5613.57
920600,7005094,30271,2.0,224.15,448.3
920601,7010259,31232,10.0,469.8,4698.0
920602,7012324,30693,9.0,490.9,4418.1
920603,7010820,31458,5.0,664.92,3324.6
920604,7009947,31201,6.0,1022.79,6136.74
920605,7001064,30535,12.0,707.65,8491.8
920606,7014782,30018,2.0,681.01,1362.02
920607,7003561,31238,12.0,331.25,3975.0
920608,7005240,31498,2.0,1017.5,2035.0
920609,7001049,30387,7.0,1040.71,7284.97
920610,7006375,30364,9.0,661.41,5952.69
920611,7008143,31236,9.0,893.74,8043.66
920612,7004901,30486,11.0,38.74,426.14
920613,7014874,30551,2.0,290.05,580.1
920614,7006659,30092,3.0,1008.56,3025.68
920615,7006086,30494,4.0,804.51,3218.04
920616,7010127,30883,6.0,928.69,5572.14
920617,7003768,30449,11.0,730.91,8040.01
920618,7007450,31014,11.0,603.56,6639.16
920619,7010116,30663,1.0,1054.17,1054.17
920620,7004622,30068,10.0,918.59,9185.9
920621,7010459,31152,4.0,941.32,3765.28
920622,7010097,30231,3.0,739.42,2218.26
920623,7001089,30666,12.0,389.04,4668.54
920624,7008802,30516,12.0,709.81,8517.72
920625,7011024,30372,5.0,991.04,4955.2
920626,7000442,31038,9.0,63.4,570.6
920627,7002864,31428,8.0,762.95,6103.6
920628,7014647,30973,3.0,53.67,161.01
920629,7011307,30615,10.0,158.67,1586.7
920630,7004467,30492,8.0,239.55,1916.4
920631,7012332,31423,7.0,812.39,5686.73
920632,7004101,30886,1.0,96.18,96.18
920633,7012615,30067,6.0,881.92,5291.52
920634,7009011,30203,6.0,276.11,1656.66
920635,7010671,31093,8.0,219.13,1753.04
920636,7000944,30806,2.0,846.33,1692.66
920637,7004465,31289,2.0,416.07,832.14
920638,7006124,31228,10.0,579.8,5798.0
920639,7013539,30128,1.0,47.17,47.17
920640,7006616,30220,5.0,209.35,1046.75
920641,7004227,30218,12.0,213.06,2556.72
920642,7007551,30649,9.0,427.86,3850.74
920643,7006746,31447,9.0,273.92,2465.28
920644,7003598,30336,2.0,694.02,1388.04
920645,7011904,31277,10.0,193.59,1935.9
920646,7013579,30088,6.0,123.32,739.92
920647,7005345,31190,12.0,172.54,2070.48
920648,7002064,30069,6.0,213.4,1280.4
920649,7010066,30098,6.0,715.22,4291.32
920650,7005839,31459,1.0,866.49,866.49
920651,7008579,30540,3.0,340.13,1020.39
920652,7011053,31056,11.0,76.08,836.88
920653,7009708,31180,9.0,997.15,8974.35
920654,7014527,30294,2.0,562.41,1124.82
920655,7002911,30044,12.0,361.63,4339.56
920656,7003950,31445,12.0,877.83,10533.96
920657,7008499,31354,1.0,1014.73,1014.73
920658,7011264,30220,11.0,31.61,347.71
920659,7005008,30966,2.0,446.25,892.5
920660,7004286,30504,9.0,360.27,3242.43
920661,7000177,30012,2.0,1000.37,2000.74
920662,7013703,30689,12.0,347.22,4166.64
920663,7012547,30438,1.0,170.14,170.14
920664,7000415,30411,12.0,501.91,6022.92
920665,7004252,30425,2.0,416.21,832.42
920666,7008191,30527,5.0,1083.16,5415.8
920667,7013395,30866,5.0,790.75,3953.75
920668,7006411,30516,4.0,926.87,3707.48
920669,7008242,30710,1.0,144.77,144.77
920670,7000940,31292,9.0,1196.78,10771.02
920671,7011261,30262,3.0,698.89,2096.67
920672,7003460,31139,8.0,175.62,1404.96
920673,7000551,30534,2.0,548.65,1097.3
920674,7001093,30686,4.0,630.37,2521.48
920675,7004528,31159,1.0,610.89,610.89
920676,7012586,30707,4.0,153.23,612.92
920677,7010675,31364,5.0,107.27,536.35
920678,7000778,31196,8.0,576.58,4612.64
920679,7004229,30875,2.0,658.15,1316.3
920680,7000118,31034,7.0,737.93,5165.51
920681,7014775,30587,5.0,864.57,4322.85
920682,7007931,30132,6.0,529.37,3176.22
920683,7011053,31369,3.0,370.5,1111.5
920684,7003238,30912,7.0,19.48,136.36
920685,7007302,30446,3.0,955.76,2867.28
920686,7008944,31269,5.0,840.75,4203.75
920687,7007190,30328,6.0,707.47,4244.82
920688,7005228,30993,9.0,614.78,5533.02
920689,7012315,30245,9.0,772.53,6952.77
920690,7011350,30981,4.0,970.25,3881.0
920691,7005467,30132,12.0,585.44,7025.34
920692,7009102,31044,1.0,1037.9,1037.9
920693,7014101,30198,10.0,1184.88,11848.8
920694,7007902,30326,7.0,947.14,6629.98
920695,7004845,31209,7.0,1043.42,7303.94
920696,7014073,30194,7.0,850.12,5950.84
920697,7003517,30037,11.0,27.34,300.74
920698,7005988,30262,12.0,1139.59,13675.08
920699,7013717,30276,2.0,499.33,998.66
920700,7002304,30570,6.0,446.27,2677.62
920701,7003462,30035,10.0,1074.31,10743.1
920702,7001392,30441,7.0,592.01,4144.07
920703,7010756,30389,11.0,830.38,9134.18
920704,7011545,30117,12.0,900.26,10803.12
920705,7008247,30640,8.0,956.72,7653.76
920706,7000471,31407,4.0,441.72,1766.88
920707,7002552,30307,8.0,483.38,3867.04
920708,7000532,30167,9.0,756.18,6805.62
920709,7013711,30329,1.0,886.41,886.41
920710,7014759,30280,12.0,989.52,11874.24
920711,7009231,30264,12.0,1199.74,14396.88
920712,7001387,31280,1.0,939.94,939.94
920713,7007738,30505,5.0,439.16,2195.8
920714,7010854,30821,2.0,795.7,1591.4
920715,7011915,31353,11.0,212.95,2342.45
920716,7009750,30474,10.0,183.12,1831.2
920717,7001344,30146,2.0,834.8,1669.6
920718,7004238,30032,3.0,997.89,2993.67
920719,7013441,30090,12.0,434.72,5216.64
920720,7009155,31317,11.0,689.64,7586.04
920721,7008519,31438,12.0,757.81,9093.72
920722,7002238,30104,5.0,985.34,4926.7
920723,7002008,30413,8.0,742.64,5941.12
920724,7009745,30911,2.0,783.21,1566.42
920725,7001086,31121,2.0,1634.78,3269.55
920726,7003581,31479,3.0,1010.19,3030.57
920727,7013199,31047,7.0,832.62,5828.34
920728,7009343,31456,7.0,1061.39,7429.73
920729,7006910,30086,4.0,213.46,853.84
920730,7009330,31405,5.0,17.97,89.85
920731,7004307,31328,9.0,882.14,7939.26
920732,7008623,30658,3.0,236.68,710.04
920733,7010370,30903,8.0,462.01,3696.08
920734,7003037,30922,4.0,1173.88,4695.52
920735,7007425,31401,5.0,818.16,4090.8
920736,7003194,30426,11.0,513.64,5650.04
920737,7005988,30009,8.0,101.49,811.92
920738,7003420,31344,7.0,378.51,2649.57
920739,7005079,30210,1.0,526.95,526.95
920740,7004041,30944,1.0,778.31,778.31
920741,7014237,30817,12.0,130.02,1560.24
920742,7011985,30734,1.0,344.22,344.22
920743,7009152,30182,1.0,352.48,352.48
920744,7012846,30734,10.0,432.54,4325.4
920745,7003395,30371,8.0,681.28,5450.24
920746,7005864,30850,2.0,964.54,1929.08
920747,7002676,30508,2.0,614.35,1228.7
920748,7008307,30341,7.0,1025.52,7178.64
920749,7012849,30935,7.0,380.72,2665.04
920750,7001609,31474,5.0,1035.01,5175.05
920751,7001621,31244,6.0,215.0,1290.0
920752,7006109,31362,6.0,415.95,2495.7
920753,7003115,31089,11.0,347.63,3823.93
920754,7009340,31455,12.0,1099.62,13195.44
920755,7001038,31401,10.0,880.44,8804.4
920756,7004433,30329,1.0,49.09,49.09
920757,7010034,30762,2.0,728.99,1457.98
920758,7004018,31163,3.0,78.63,235.89
920759,7009711,30681,2.0,321.13,642.26
920760,7009543,30100,1.0,1010.57,1010.57
920761,7011760,30344,10.0,715.79,7157.9
920762,7002729,30658,10.0,468.12,4681.2
920763,7013293,30204,10.0,711.99,7119.9
920764,7006462,31271,6.0,1010.12,6060.72
920765,7014066,30390,6.0,568.66,3411.96
920766,7000608,31489,9.0,893.57,8042.13
920767,7001488,31274,8.0,464.27,3714.16
920768,7004229,31168,7.0,192.53,1347.71
920769,7002171,31376,9.0,28.43,255.87
920770,7003656,30105,5.0,1075.29,5376.45
920771,7002746,31036,12.0,734.99,8819.88
920772,7008565,31188,1.0,508.69,508.69
920773,7001877,31075,12.0,1197.87,14374.44
920774,7014795,30730,2.0,815.23,1630.46
920775,7007932,30268,12.0,1099.21,13190.52
920776,7002239,31242,8.0,175.28,1402.24
920777,7011466,30538,2.0,1030.74,2061.48
920778,7000062,30030,4.0,69.2,276.8
920779,7010555,30702,11.0,863.13,9494.43
920780,7005819,31154,9.0,308.75,2778.75
920781,7008707,30232,7.0,1042.01,7294.07
920782,7008183,30531,1.0,504.52,504.52
920783,7002576,31377,5.0,211.46,1057.3
920784,7005286,30655,6.0,952.09,5712.54
920785,7000807,31451,8.0,864.52,6916.16
920786,7009783,30361,11.0,29.55,325.05
920787,7013087,31446,2.0,63.49,126.98
920788,7000103,30005,12.0,514.32,6171.84
920789,7010952,30396,4.0,1183.72,4734.88
920790,7006478,30590,4.0,661.43,2645.72
920791,7007314,30792,6.0,266.0,1596.0
920792,7013310,31267,3.0,286.8,860.4
920793,7002839,30908,9.0,316.59,2849.28
920794,7002441,30402,12.0,704.9,8458.8
920795,7014376,31288,5.0,823.64,4118.2
920796,7001647,30395,9.0,874.75,7872.75
920797,7009849,31143,8.0,1128.2,9025.6
920798,7001556,30080,10.0,192.2,1922.0
920799,7001749,31434,2.0,60.95,121.9
920800,7005220,30003,9.0,299.29,2693.61
920801,7010506,30769,2.0,836.37,1672.74
920802,7005686,31265,3.0,1151.51,3454.53
920803,7000633,30884,8.0,721.85,5774.8
920804,7007460,30205,5.0,760.76,3803.8
920805,7002798,30024,6.0,165.07,990.42
920806,7009519,30789,8.0,369.4,2955.2
920807,7014331,30470,2.0,198.47,396.94
920808,7001344,30929,8.0,1122.62,8980.96
920809,7005813,30317,2.0,478.36,956.72
920810,7010354,30973,10.0,465.35,4653.5
920811,7008278,31227,1.0,975.47,975.47
920812,7001307,30200,3.0,520.94,1562.82
920813,7010205,31116,8.0,276.84,2214.72
920814,7003670,30881,7.0,605.62,4239.34
920815,7002025,30432,3.0,490.87,1472.61
920816,7012066,30371,2.0,1078.66,2157.32
920817,7011217,30992,1.0,670.53,670.53
920818,7013220,30577,10.0,463.11,4631.1
920819,7009364,30569,9.0,992.3,8930.7
920820,7014358,30236,11.0,545.62,6001.82
920821,7005042,31129,6.0,1049.67,6298.02
920822,7012841,31236,8.0,1018.27,8146.16
920823,7007956,31500,2.0,363.22,726.44
920824,7007289,30475,6.0,42.45,254.7
920825,7003339,31413,10.0,1093.16,10931.6
920826,7011324,30325,1.0,78.8,78.8
920827,7007473,31327,12.0,291.12,3493.44
920828,7000419,30614,8.0,79.15,633.2
920829,7011690,31462,10.0,1119.26,11192.6
920830,7010726,30743,9.0,925.72,8331.48
920831,7005370,30082,9.0,732.5,6592.5
920832,7011610,30908,12.0,923.23,11078.76
920833,7009615,30788,12.0,475.59,5707.08
920834,7003554,30596,3.0,139.0,417.0
920835,7013313,30415,6.0,208.67,1252.02
920836,7012345,31490,9.0,752.82,6775.38
920837,7005743,30461,7.0,142.79,999.53
920838,7012744,30299,11.0,753.82,8292.02
920839,7007402,30206,1.0,1163.68,1163.68
920840,7014040,31184,10.0,469.37,4693.7
920841,7004281,30430,1.0,1040.15,1040.15
920842,7006888,30524,8.0,923.47,7387.76
920843,7013996,30643,7.0,440.11,3080.77
920844,7011566,31232,6.0,483.41,2900.46
920845,7004900,30274,10.0,138.57,1385.7
920846,7003037,31033,7.0,764.56,5351.92
920847,7003473,30657,3.0,1136.99,3410.97
920848,7009395,30408,11.0,254.0,2794.0
920849,7000486,30465,1.0,603.42,603.42
920850,7009476,30093,10.0,256.47,2564.7
920851,7002515,30674,9.0,917.14,8254.26
920852,7003626,30848,10.0,216.42,2164.2
920853,7014642,30127,8.0,982.42,7859.36
920854,7005559,31179,5.0,416.91,2084.55
920855,7010968,31001,9.0,132.96,1196.64
920856,7006129,30318,3.0,128.76,386.28
920857,7014905,31261,1.0,646.61,646.61
920858,7009562,30576,12.0,227.1,2725.2
920859,7002702,30526,4.0,164.83,659.32
920860,7014570,30444,4.0,178.48,713.92
920861,7008342,30554,5.0,808.23,4041.15
920862,7004592,30475,9.0,420.85,3787.65
920863,7014097,31089,3.0,378.38,1135.14
920864,7004127,30722,7.0,216.52,1515.64
920865,7014596,30871,6.0,166.79,1000.74
920866,7007457,30589,4.0,1038.79,4155.16
920867,7004202,30486,1.0,572.82,572.82
920868,7010610,30303,8.0,829.38,6635.04
920869,7013660,31215,8.0,988.04,7904.32
920870,7001794,30690,5.0,919.57,4597.85
920871,7011349,30334,10.0,1153.55,11535.5
920872,7003393,30889,12.0,293.03,3516.36
920873,7003243,30703,8.0,283.05,2264.4
920874,7012428,31378,2.0,723.24,1446.48
920875,7010030,30409,7.0,864.49,6051.43
920876,7006828,31205,8.0,99.08,792.64
920877,7000479,30317,5.0,610.32,3051.6
920878,7013634,30824,8.0,1147.09,9176.72
920879,7006602,30912,10.0,107.21,1072.1
920880,7001006,31324,9.0,343.17,3088.53
920881,7011611,30318,9.0,270.01,2430.09
920882,7013908,31451,2.0,1009.88,2019.76
920883,7001892,30606,1.0,1147.4,1147.4
920884,7013883,30452,3.0,997.25,2991.75
920885,7002972,30357,2.0,146.23,292.46
920886,7004749,31234,7.0,1135.24,7946.68
920887,7004769,30691,11.0,751.27,8263.97
920888,7008028,30335,4.0,642.7,2570.8
920889,7009723,31176,12.0,635.48,7625.76
920890,7003539,30887,3.0,1053.68,3161.04
920891,7014097,30119,8.0,813.65,6509.2
920892,7009263,31490,8.0,693.08,5544.68
920893,7005777,30742,6.0,214.23,1285.38
920894,7009111,30365,11.0,983.94,10823.34
920895,7011748,30059,6.0,927.41,5564.46
920896,7014726,30568,7.0,574.99,4024.93
920897,7009230,31043,9.0,1168.69,10518.21
920898,7011481,30693,5.0,468.69,2343.47
920899,7004518,30016,2.0,851.07,1702.14
920900,7001763,31138,1.0,411.56,411.56
920901,7014198,30545,11.0,324.62,3570.82
920902,7003887,30664,1.0,176.56,176.56
920903,7002077,31184,3.0,678.33,2034.99
920904,7005618,30695,12.0,675.75,8109.0
920905,7005526,30944,4.0,151.59,606.36
920906,7000686,30278,3.0,684.06,2052.18
920907,7005201,30668,9.0,160.14,1441.26
920908,7005596,30764,1.0,327.49,327.49
920909,7008923,31372,4.0,279.88,1119.52
920910,7010725,30400,9.0,1037.76,9339.84
920911,7012077,30195,5.0,857.42,4287.1
920912,7012584,30645,10.0,535.69,5356.9
920913,7006349,31400,1.0,37.46,37.46
920914,7004052,31122,11.0,633.19,6965.09
920915,7005314,30222,3.0,358.67,1076.01
920916,7005091,31352,2.0,515.44,1030.88
920917,7014895,30543,4.0,721.81,2887.24
920918,7008598,31156,12.0,306.29,3675.48
920919,7005679,31394,9.0,868.35,7815.15
920920,7011907,31399,6.0,77.68,466.08
920921,7003866,31130,2.0,651.33,1302.66
920922,7006936,31087,12.0,1113.35,13360.2
920923,7007288,31133,7.0,178.65,1250.55
920924,7004900,31123,2.0,269.01,538.02
920925,7006795,30872,4.0,187.79,751.17
920926,7003463,30257,6.0,123.96,743.76
920927,7010730,31064,11.0,627.62,6903.82
920928,7007224,30509,6.0,546.51,3279.06
920929,7013623,30412,12.0,695.58,8346.96
920930,7002631,31369,3.0,348.63,1045.89
920931,7009919,30298,5.0,746.14,3730.7
920932,7014344,31369,3.0,802.89,2408.67
920933,7004306,31179,11.0,78.61,864.71
920934,7013344,30596,9.0,656.01,5904.09
920935,7006860,30241,4.0,1191.87,4767.48
920936,7014378,31426,5.0,1115.33,5576.65
920937,7004622,30647,7.0,691.37,4839.59
920938,7012177,30888,5.0,792.42,3962.1
920939,7012509,30233,12.0,321.95,3863.4
920940,7011351,30870,12.0,674.22,8090.64
920941,7006674,31411,3.0,197.1,591.3
920942,7010373,30906,8.0,842.41,6739.28
920943,7008546,30391,11.0,958.17,10539.87
920944,7013604,30992,4.0,58.11,232.44
920945,7011639,30357,8.0,22.21,177.68
920946,7006864,31469,10.0,421.73,4217.3
920947,7000260,31180,8.0,1022.99,8183.92
920948,7013997,31371,3.0,934.12,2802.36
920949,7002130,30897,6.0,862.73,5176.38
920950,7003475,31235,8.0,1042.4,8339.2
920951,7007595,30826,12.0,132.75,1593.0
920952,7002587,30139,4.0,92.08,368.32
920953,7008024,30515,9.0,1154.15,10387.35
920954,7006457,30430,3.0,414.04,1242.12
920955,7012094,30369,2.0,954.87,1909.74
920956,7011197,30526,9.0,694.69,6252.21
920957,7013406,30477,3.0,1013.55,3040.65
920958,7004492,30748,8.0,771.16,6169.28
920959,7013598,31381,1.0,881.35,881.35
920960,7012539,31026,7.0,111.92,783.44
920961,7012932,31262,7.0,695.86,4871.02
920962,7005162,31405,9.0,1098.43,9885.87
920963,7011931,31088,9.0,331.12,2980.08
920964,7001206,31220,1.0,737.15,737.15
920965,7010407,31419,8.0,225.96,1807.68
920966,7006254,30647,1.0,405.17,405.17
920967,7013135,30377,11.0,531.49,5846.39
920968,7007121,31099,12.0,859.68,10316.16
920969,7004712,30303,4.0,207.08,828.32
920970,7006302,31077,4.0,114.4,457.6
920971,7000786,30130,8.0,1081.69,8653.52
920972,7011910,30083,4.0,932.23,3728.92
920973,7001227,30151,2.0,272.02,544.04
920974,7001532,30827,9.0,886.11,7974.99
920975,7000541,30166,9.0,1168.23,10514.07
920976,7002888,30506,8.0,1173.32,9386.56
920977,7012373,30393,1.0,572.69,572.69
920978,7003278,30247,5.0,804.06,4020.32
920979,7007292,30556,3.0,439.24,1317.72
920980,7011778,30062,6.0,1031.49,6188.94
920981,7011751,30358,4.0,62.41,249.64
920982,7010604,30268,10.0,480.94,4809.4
920983,7002435,31461,3.0,689.89,2069.67
920984,7013854,30919,2.0,1134.59,2269.18
920985,7000875,31108,11.0,991.77,10909.47
920986,7002970,30916,5.0,406.08,2030.4
920987,7005512,30431,7.0,921.79,6452.53
920988,7001444,31142,1.0,747.43,747.43
920989,7004433,30949,12.0,73.65,883.8
920990,7007018,31367,1.0,1151.46,1151.46
920991,7003150,30657,1.0,651.05,651.05
920992,7007263,31330,3.0,736.68,2210.04
920993,7012070,30117,3.0,675.52,2026.56
920994,7004477,30660,5.0,952.99,4764.95
920995,7012815,30895,7.0,647.54,4532.78
920996,7008049,31096,4.0,239.38,957.52
920997,7012982,31369,9.0,635.04,5715.36
920998,7014817,30189,3.0,177.25,531.75
920999,7007383,30949,7.0,70.98,496.86
921000,7001418,30909,3.0,1093.55,3280.65
921001,7008507,30443,4.0,1011.66,4046.64
921002,7006316,30870,4.0,931.51,3726.04
921003,7014609,30442,12.0,167.16,2005.92
921004,7001174,31217,12.0,743.15,8917.8
921005,7009469,30608,12.0,55.21,662.56
921006,7002043,30414,1.0,414.61,414.61
921007,7013170,31349,3.0,1199.91,3599.73
921008,7002771,30313,6.0,761.9,4571.4
921009,7013562,30822,2.0,864.38,1728.76
921010,7003895,30091,11.0,621.12,6832.32
921011,7009908,30402,1.0,135.82,135.82
921012,7011332,30235,12.0,16.07,192.84
921013,7003883,30937,3.0,555.9,1667.68
921014,7006565,31060,8.0,881.57,7052.56
921015,7005014,30178,8.0,1078.01,8624.08
921016,7002857,31244,3.0,1038.48,3115.44
921017,7012012,30811,10.0,809.33,8093.3
921018,7012891,30614,12.0,438.29,5259.48
921019,7009213,31301,11.0,387.26,4259.86
921020,7006422,30564,10.0,1104.6,11046.0
921021,7006862,30146,3.0,665.66,1996.98
921022,7011990,30055,4.0,962.62,3850.48
921023,7003638,30280,4.0,279.47,1117.88
921024,7000476,30708,9.0,484.58,4361.22
921025,7002893,31042,6.0,317.3,1903.8
921026,7004199,31267,2.0,767.14,1534.28
921027,7008950,30194,4.0,116.55,466.2
921028,7006666,30568,8.0,529.3,4234.4
921029,7006002,31143,1.0,372.74,372.74
921030,7005061,31041,7.0,338.18,2367.26
921031,7010761,30034,8.0,70.61,564.88
921032,7005745,30818,7.0,918.11,6426.77
921033,7004626,31328,3.0,341.17,1023.51
921034,7003532,30795,7.0,987.38,6911.66
921035,7008201,30341,5.0,53.16,265.8
921036,7003466,30341,8.0,197.91,1583.28
921037,7000035,31229,9.0,940.12,8461.08
921038,7008321,30116,2.0,469.48,938.96
921039,7014248,30556,7.0,865.25,6056.75
921040,7003016,30099,10.0,99.0,990.0
921041,7002536,30700,4.0,697.97,2791.88
921042,7006053,31471,9.0,240.86,2167.74
921043,7009227,30771,1.0,423.57,423.57
921044,7002812,31367,2.0,687.36,1374.72
921045,7007082,30292,7.0,255.49,1788.42
921046,7007323,31430,5.0,156.98,784.9
921047,7005793,30297,6.0,838.43,5030.58
921048,7009562,30193,3.0,792.02,2376.06
921049,7012717,31374,12.0,437.32,5247.84
921050,7003867,30596,2.0,160.59,321.18
921051,7009359,30746,10.0,621.81,6218.1
921052,7013654,30177,8.0,809.52,6476.16
921053,7008074,30378,12.0,1047.42,12569.04
921054,7014625,30617,6.0,680.79,4084.74
921055,7009344,31331,12.0,388.64,4663.68
921056,7000707,30177,2.0,272.93,545.86
921057,7011094,31142,10.0,676.01,6760.1
921058,7013419,31060,5.0,943.54,4717.7
921059,7007573,31114,6.0,484.9,2909.4
921060,7014618,31206,7.0,554.51,3881.57
921061,7013228,30375,5.0,657.9,3289.5
921062,7005546,31209,11.0,602.78,6630.58
921063,7012982,31351,2.0,717.36,1434.72
921064,7014155,30272,5.0,967.21,4836.05
921065,7000409,31204,11.0,1026.19,11288.09
921066,7005097,30107,7.0,489.33,3425.31
921067,7006391,31159,2.0,629.41,1258.82
921068,7003036,30120,1.0,74.23,74.23
921069,7013537,30700,12.0,462.88,5554.56
921070,7005610,30688,8.0,1044.96,8359.68
921071,7002475,30983,8.0,193.56,1548.48
921072,7013296,30235,5.0,336.57,1682.85
921073,7010130,30066,10.0,978.76,9787.6
921074,7014635,30201,3.0,931.94,2795.82
921075,7006243,30274,10.0,745.53,7455.3
921076,7014090,31109,6.0,648.41,3890.46
921077,7012435,30578,8.0,286.26,2290.08
921078,7009145,30455,2.0,490.98,981.96
921079,7002330,30825,2.0,478.8,957.6
921080,7008622,31428,2.0,577.84,1155.68
921081,7010669,30613,7.0,1196.68,8376.76
921082,7000516,31079,4.0,117.96,471.84
921083,7003854,30526,5.0,694.69,3473.45
921084,7006248,30510,8.0,925.69,7405.52
921085,7006437,30344,10.0,715.79,7157.9
921086,7010321,31288,4.0,49.94,199.76
921087,7014421,31274,7.0,310.47,2173.29
921088,7010929,31221,11.0,123.56,1359.16
921089,7001631,31146,10.0,529.11,5291.1
921090,7010302,31128,12.0,520.7,6248.4
921091,7014689,31284,11.0,1123.86,12362.46
921092,7011706,30901,2.0,268.74,537.48
921093,7010025,30812,7.0,1030.71,7214.97
921094,7000407,30030,5.0,793.93,3969.65
921095,7002274,30007,7.0,923.42,6463.94
921096,7007227,30493,11.0,436.78,4804.58
921097,7005415,30465,8.0,563.62,4508.96
921098,7009319,30871,8.0,766.41,6131.28
921099,7010332,30481,12.0,387.56,4650.72
921100,7014322,30738,2.0,39.91,79.82
921101,7006394,30791,4.0,1103.91,4415.64
921102,7009480,31332,2.0,233.76,467.52
921103,7013979,30137,8.0,1130.02,9040.16
921104,7006911,31395,4.0,92.09,368.36
921105,7011859,30956,3.0,831.78,2495.34
921106,7002664,30495,4.0,268.29,1073.16
921107,7002160,30251,8.0,707.83,5662.64
921108,7003411,30826,8.0,1031.98,8255.84
921109,7005546,31380,6.0,603.26,3619.56
921110,7004062,30816,2.0,240.41,480.82
921111,7007663,30419,4.0,795.6,3182.4
921112,7011946,30641,3.0,141.82,425.46
921113,7000746,30879,5.0,1192.53,5962.65
921114,7000408,31446,10.0,666.34,6663.4
921115,7004955,30468,2.0,155.7,311.4
921116,7008138,30871,3.0,1186.64,3559.92
921117,7007969,30287,2.0,724.45,1448.9
921118,7014906,31024,4.0,983.76,3935.04
921119,7014428,30713,4.0,129.85,519.4
921120,7011411,30078,7.0,294.76,2063.32
921121,7002024,31006,9.0,127.91,1151.19
921122,7000105,30661,4.0,834.82,3339.28
921123,7004931,30280,9.0,507.13,4564.17
921124,7000914,30989,9.0,766.99,6902.91
921125,7003431,30324,3.0,30.7,92.1
921126,7003291,31149,12.0,400.26,4803.12
921127,7006000,30986,8.0,127.17,1017.36
921128,7010380,31233,11.0,629.19,6921.09
921129,7013945,30411,7.0,820.89,5746.23
921130,7000772,30485,4.0,250.23,1000.92
921131,7005116,31295,7.0,437.54,3062.78
921132,7000224,30416,9.0,702.3,6320.7
921133,7000075,31181,1.0,57.77,57.77
921134,7000207,30319,7.0,774.4,5420.8
921135,7009780,31494,2.0,1054.16,2108.32
921136,7008246,30196,11.0,563.59,6199.49
921137,7010383,31324,6.0,228.59,1371.54
921138,7002181,31076,9.0,1023.97,9215.73
921139,7011126,31463,11.0,984.2,10826.2
921140,7007618,31405,4.0,555.94,2223.76
921141,7008489,31019,8.0,100.38,803.04
921142,7012557,30731,12.0,761.23,9134.76
921143,7009604,30271,6.0,54.64,327.84
921144,7010909,31033,5.0,854.39,4271.95
921145,7000189,31195,6.0,125.49,752.94
921146,7004653,30199,12.0,10.66,127.92
921147,7007173,30056,10.0,857.82,8578.2
921148,7012539,31133,7.0,454.47,3181.29
921149,7004807,30275,1.0,86.37,86.37
921150,7012734,30549,4.0,709.74,2838.96
921151,7000138,30098,10.0,390.95,3909.5
921152,7005449,31469,1.0,1259.48,1259.48
921153,7002309,31192,7.0,858.09,6006.63
921154,7001984,30466,9.0,302.25,2720.25
921155,7012979,31280,9.0,138.58,1247.22
921156,7010991,30892,6.0,442.57,2655.42
921157,7007391,30996,6.0,727.51,4365.06
921158,7009509,31041,9.0,971.48,8743.32
921159,7002481,30256,10.0,490.5,4905.0
921160,7009058,30842,11.0,689.25,7581.75
921161,7010270,30863,1.0,845.59,845.59
921162,7014825,30231,10.0,274.14,2741.4
921163,7009807,30337,5.0,881.13,4405.65
921164,7010298,30146,11.0,640.41,7044.51
921165,7001338,31127,10.0,438.08,4380.8
921166,7001778,30264,9.0,1064.8,9583.2
921167,7013678,30400,10.0,560.62,5606.2
921168,7000627,30316,4.0,389.43,1557.72
921169,7007496,31184,5.0,422.67,2113.35
921170,7003036,31440,2.0,838.92,1677.85
921171,7008400,30639,5.0,516.63,2583.15
921172,7004829,31150,12.0,827.69,9932.28
921173,7003784,30175,9.0,983.8,8854.2
921174,7009897,30301,8.0,1002.89,8023.12
921175,7013409,30975,10.0,984.27,9842.7
921176,7011547,30245,10.0,532.02,5320.2
921177,7008902,30867,1.0,281.14,281.14
921178,7014369,30421,10.0,1130.22,11302.2
921179,7000376,30403,6.0,166.32,997.92
921180,7004658,31114,7.0,349.64,2447.48
921181,7013580,30128,12.0,80.79,969.48
921182,7004793,30195,7.0,1139.68,7977.76
921183,7013453,31008,6.0,898.28,5389.68
921184,7008772,30656,5.0,553.26,2766.3
921185,7014267,30161,3.0,770.81,2312.43
921186,7007968,31479,12.0,135.6,1627.2
921187,7004325,30431,2.0,440.0,880.0
921188,7002098,31107,1.0,230.21,230.21
921189,7005630,31008,2.0,236.88,473.76
921190,7001935,30178,12.0,947.82,11373.84
921191,7007951,30126,9.0,751.11,6759.99
921192,7008594,30499,11.0,309.15,3400.65
921193,7007526,30602,12.0,122.18,1466.16
921194,7008180,31325,8.0,1199.4,9595.2
921195,7010696,30912,12.0,755.28,9063.36
921196,7007473,31083,2.0,206.75,413.5
921197,7009051,30829,7.0,610.14,4270.98
921198,7000108,30483,8.0,1126.66,9013.28
921199,7011964,31471,2.0,651.07,1302.14
921200,7005279,30885,3.0,1119.24,3357.72
921201,7013648,30120,2.0,493.42,986.84
921202,7008115,30825,2.0,991.9,1983.8
921203,7001703,30672,12.0,367.16,4405.92
921204,7010202,30998,9.0,379.77,3417.93
921205,7002538,30600,5.0,480.76,2403.8
921206,7012245,30207,12.0,1044.07,12528.84
921207,7003426,31268,5.0,706.82,3534.1
921208,7008628,31115,4.0,568.33,2273.32
921209,7013124,31005,3.0,1052.59,3157.77
921210,7012558,31057,11.0,339.76,3737.36
921211,7006226,31354,7.0,871.05,6097.35
921212,7004132,30170,1.0,781.46,781.46
921213,7005674,30895,5.0,227.01,1135.05
921214,7005457,31334,9.0,56.89,512.01
921215,7004015,30128,11.0,280.77,3088.47
921216,7014229,30123,2.0,875.0,1750.0
921217,7006863,31173,8.0,445.65,3565.2
921218,7000275,31333,5.0,840.74,4203.7
921219,7007974,30979,8.0,381.76,3054.08
921220,7006366,31383,11.0,760.76,8368.36
921221,7003103,30062,6.0,174.53,1047.18
921222,7012358,31305,8.0,17.05,136.4
921223,7014544,31493,10.0,576.87,5768.7
921224,7008112,30135,8.0,25.04,200.32
921225,7005080,30018,5.0,853.39,4266.95
921226,7006733,30917,3.0,720.74,2162.22
921227,7000429,30276,12.0,517.58,6210.96
921228,7012032,30230,9.0,909.2,8182.8
921229,7008790,30007,8.0,643.18,5145.44
921230,7013918,30934,12.0,394.85,4738.2
921231,7010737,31091,11.0,759.04,8349.44
921232,7000600,31445,10.0,280.13,2801.3
921233,7009080,31382,9.0,29.82,268.38
921234,7007467,30595,9.0,1092.12,9829.08
921235,7012839,31409,1.0,613.46,613.46
921236,7000325,30356,10.0,1186.96,11869.6
921237,7013235,30037,7.0,545.54,3818.78
921238,7011644,30352,4.0,281.88,1127.52
921239,7005168,30192,6.0,463.43,2780.58
921240,7012443,30840,5.0,58.26,291.3
921241,7000625,30861,4.0,1162.39,4649.56
921242,7000047,30399,2.0,525.89,1051.78
921243,7003827,31359,10.0,321.91,3219.1
921244,7014359,30108,7.0,598.07,4186.49
921245,7007788,30654,10.0,996.64,9966.4
921246,7012554,30854,4.0,100.69,402.76
