inventory_id,store_id,product_id,stock_units,reorder_level,last_restock_date,expiry_date
500001,6135,30435,20.0,32.0,2026-08-18,2026-08-19
500002,6003,31198,441.0,44.0,2026-08-18,2026-08-19
500003,6076,31361,237.0,82.0,2026-08-18,2026-08-19
500004,6018,31429,749.0,85.0,2026-08-18,2026-08-19
500005,6032,31064,620.0,41.0,2026-08-18,2026-08-19
500006,6054,31045,19.0,98.0,2026-08-18,2026-08-19
500007,6005,30921,95.0,22.0,2026-08-18,2026-08-19
500008,6031,30734,565.0,50.0,2026-08-18,2026-08-19
500009,6099,30392,253.0,40.0,2026-08-18,2026-08-19
500010,6045,30547,708.0,44.0,2026-08-18,2026-08-19
500011,6018,31438,89.0,18.0,2026-08-18,2026-08-19
500012,6085,30172,656.0,76.0,2026-08-18,2026-08-19
500013,6062,30055,160.0,94.0,2026-08-18,2026-08-19
500014,6050,31386,495.0,13.0,2026-08-18,2026-08-19
500015,6024,30413,501.0,89.0,2026-08-18,2026-08-19
500016,6008,30921,631.0,96.0,2026-08-18,2026-08-19
500017,6092,30498,381.0,18.0,2026-08-18,2026-08-19
500018,6059,31132,325.0,60.0,2026-08-18,2026-08-19
500019,6045,30251,0.0,18.0,2026-08-18,2026-08-19
500020,6138,30108,115.0,83.0,2026-08-18,2026-08-19
500021,6079,30503,710.0,7.0,2026-08-18,2026-08-19
500022,6014,30141,161.0,75.0,2026-08-18,2026-08-19
500023,6150,31220,567.0,18.0,2026-08-18,2026-08-19
500024,6039,30665,450.0,95.0,2026-08-18,2026-08-19
500025,6018,30416,655.0,52.61587436332768,2026-08-18,2026-08-19
500026,6080,31469,375.0,6.0,2026-08-18,2026-08-19
500027,6104,30162,469.0,58.0,2026-08-18,2026-08-19
500028,6118,30281,34.0,87.0,2026-08-18,2026-08-19
500029,6038,30722,782.0,70.0,2026-08-18,2026-08-19
500030,6132,30815,442.0,13.0,2026-08-18,2026-08-19
500031,6067,31083,97.0,38.0,2026-08-18,2026-08-19
500032,6069,30203,659.0,89.0,2026-08-18,2026-08-19
500033,6033,30908,774.0,34.0,2026-08-18,2026-08-19
500034,6052,30576,165.0,13.0,2026-08-18,2026-08-19
500035,6005,31391,337.0,9.0,2026-08-18,2026-08-19
500036,6109,31368,391.0,16.0,2026-08-18,2026-08-19
500037,6116,31162,0.0,100.0,2026-08-18,2026-08-19
500038,6096,31211,723.0,51.0,2026-08-18,2026-08-19
500039,6066,30234,622.0,97.0,2026-08-18,2026-08-19
500040,6148,31356,27.0,73.0,2026-08-18,2026-08-19
500041,6040,30152,134.0,67.0,2026-08-18,2026-08-19
500042,6072,31057,171.0,22.0,2026-08-18,2026-08-19
500043,6092,30778,334.0,88.0,2026-08-18,2026-08-19
500044,6088,30971,160.0,42.0,2026-08-18,2026-08-19
500045,6001,30150,164.0,84.0,2026-08-18,2026-08-19
500046,6037,31211,150.0,87.0,2026-08-18,2026-08-19
500047,6141,31132,396.0,50.0,2026-08-18,2026-08-19
500048,6120,31153,361.0,44.0,2026-08-18,2026-08-19
500049,6021,30256,32.0,42.0,2026-08-18,2026-08-19
500050,6047,31300,586.0,85.0,2026-08-18,2026-08-19
500051,6017,31370,382.0,59.0,2026-08-18,2026-08-19
500052,6146,30927,242.0,72.0,2026-08-18,2026-08-19
500053,6094,31092,369.0,86.0,2026-08-18,2026-08-19
500054,6045,30024,137.0,72.0,2026-08-18,2026-08-19
500055,6075,30423,357.0,42.0,2026-08-18,2026-08-19
500056,6147,30913,287.0,38.0,2026-08-18,2026-08-19
500057,6145,30706,154.0,36.0,2026-08-18,2026-08-19
500058,6123,30860,584.0,89.0,2026-08-18,2026-08-19
500059,6091,30744,644.0,74.0,2026-08-18,2026-08-19
500060,6037,31425,87.0,78.0,2026-08-18,2026-08-19
500061,6146,31019,125.0,57.0,2026-08-18,2026-08-19
500062,6062,30342,293.0,98.0,2026-08-18,2026-08-19
500063,6020,30502,39.0,98.0,2026-08-18,2026-08-19
500064,6076,30313,88.0,48.0,2026-08-18,2026-08-19
500065,6127,31429,228.0,52.61587436332768,2026-08-18,2026-08-19
500066,6005,30303,150.0,76.0,2026-08-18,2026-08-19
500067,6083,30626,468.0,28.0,2026-08-18,2026-08-19
500068,6147,30481,665.0,24.0,2026-08-18,2026-08-19
500069,6037,30191,3.0,71.0,2026-08-18,2026-08-19
500070,6047,30547,654.0,65.0,2026-08-18,2026-08-19
500071,6129,30634,299.0,52.61587436332768,2026-08-18,2026-08-19
500072,6102,30733,403.0,61.0,2026-08-18,2026-08-19
500073,6017,30645,719.0,27.0,2026-08-18,2026-08-19
500074,6055,31350,261.0,95.0,2026-08-18,2026-08-19
500075,6106,31380,124.0,85.0,2026-08-18,2026-08-19
500076,6035,31153,362.0,30.0,2026-08-18,2026-08-19
500077,6100,30083,730.0,27.0,2026-08-18,2026-08-19
500078,6033,30936,549.0,27.0,2026-08-18,2026-08-19
500079,6016,31339,109.0,26.0,2026-08-18,2026-08-19
500080,6023,31404,742.0,36.0,2026-08-18,2026-08-19
500081,6027,30103,301.0,23.0,2026-08-18,2026-08-19
500082,6011,30865,0.0,80.0,2026-08-18,2026-08-19
500083,6027,30899,68.0,52.61587436332768,2026-08-18,2026-08-19
500084,6148,30158,96.0,5.0,2026-08-18,2026-08-19
500085,6138,31328,0.0,55.0,2026-08-18,2026-08-19
500086,6012,30359,473.0,27.0,2026-08-18,2026-08-19
500087,6029,31121,48.0,65.0,2026-08-18,2026-08-19
500088,6003,31025,248.0,22.0,2026-08-18,2026-08-19
500089,6061,30398,32.0,25.0,2026-08-18,2026-08-19
500090,6120,31226,452.0,83.0,2026-08-18,2026-08-19
500091,6102,30708,65.0,12.0,2026-08-18,2026-08-19
500092,6019,31074,721.0,45.0,2026-08-18,2026-08-19
500093,6023,31002,723.0,54.0,2026-08-18,2026-08-19
500094,6122,30690,774.0,44.0,2026-08-18,2026-08-19
500095,6098,30132,436.0,75.0,2026-08-18,2026-08-19
500096,6119,31176,328.0,86.0,2026-08-18,2026-08-19
500097,6077,30982,247.0,50.0,2026-08-18,2026-08-19
500098,6110,30415,305.0,100.0,2026-08-18,2026-08-19
500099,6081,31498,792.0,53.0,2026-08-18,2026-08-19
500100,6013,30344,218.0,88.0,2026-08-18,2026-08-19
500101,6117,30992,177.0,52.0,2026-08-18,2026-08-19
500102,6071,31298,84.0,44.0,2026-08-18,2026-08-19
500103,6129,30585,132.0,16.0,2026-08-18,2026-08-19
500104,6089,30199,125.0,24.0,2026-08-18,2026-08-19
500105,6121,30295,536.0,78.0,2026-08-18,2026-08-19
500106,6041,30413,443.0,39.0,2026-08-18,2026-08-19
500107,6139,30192,706.0,95.0,2026-08-18,2026-08-19
500108,6040,30637,192.0,68.0,2026-08-18,2026-08-19
500109,6099,30210,0.0,7.0,2026-08-18,2026-08-19
500110,6074,30175,598.0,90.0,2026-08-18,2026-08-19
500111,6141,30166,510.0,52.61587436332768,2026-08-18,2026-08-19
500112,6050,30103,319.0,93.0,2026-08-18,2026-08-19
500113,6024,30630,452.0,44.0,2026-08-18,2026-08-19
500114,6030,30061,347.0,68.0,2026-08-18,2026-08-19
500115,6049,30155,0.0,57.0,2026-08-18,2026-08-19
500116,6134,31383,0.0,25.0,2026-08-18,2026-08-19
500117,6121,30205,0.0,60.0,2026-08-18,2026-08-19
500118,6059,30122,705.0,34.0,2026-08-18,2026-08-19
500119,6109,31360,288.0,77.0,2026-08-18,2026-08-19
500120,6016,30915,68.0,38.0,2026-08-18,2026-08-19
500121,6108,31431,612.0,52.61587436332768,2026-08-18,2026-08-19
500122,6042,30410,0.0,93.0,2026-08-18,2026-08-19
500123,6124,30547,506.0,84.0,2026-08-18,2026-08-19
500124,6025,31017,182.0,63.0,2026-08-18,2026-08-19
500125,6034,30159,0.0,48.0,2026-08-18,2026-08-19
500126,6077,30452,393.0,63.0,2026-08-18,2026-08-19
500127,6065,30689,721.0,83.0,2026-08-18,2026-08-19
500128,6022,31448,562.0,64.0,2026-08-18,2026-08-19
500129,6124,30873,295.0,20.0,2026-08-18,2026-08-19
500130,6121,30488,349.0,72.0,2026-08-18,2026-08-19
500131,6059,31046,520.0,14.0,2026-08-18,2026-08-19
500132,6134,30426,130.0,29.0,2026-08-18,2026-08-19
500133,6055,31004,92.0,52.61587436332768,2026-08-18,2026-08-19
500134,6091,30003,687.0,64.0,2026-08-18,2026-08-19
500135,6040,31499,73.0,71.0,2026-08-18,2026-08-19
500136,6133,30729,597.0,23.0,2026-08-18,2026-08-19
500137,6038,30179,133.0,31.0,2026-08-18,2026-08-19
500138,6141,31023,539.0,75.0,2026-08-18,2026-08-19
500139,6136,30977,514.0,97.0,2026-08-18,2026-08-19
500140,6132,31195,534.0,16.0,2026-08-18,2026-08-19
500141,6140,31083,671.0,27.0,2026-08-18,2026-08-19
500142,6015,30679,383.0,50.0,2026-08-18,2026-08-19
500143,6065,30354,396.0,12.0,2026-08-18,2026-08-19
500144,6102,30741,0.0,61.0,2026-08-18,2026-08-19
500145,6122,30304,540.0,82.0,2026-08-18,2026-08-19
500146,6046,31375,411.0,69.0,2026-08-18,2026-08-19
500147,6130,30782,184.0,36.0,2026-08-18,2026-08-19
500148,6043,30513,571.0,49.0,2026-08-18,2026-08-19
500149,6149,30456,666.0,78.0,2026-08-18,2026-08-19
500150,6112,31184,470.0,46.0,2026-08-18,2026-08-19
500151,6101,30687,376.0,91.0,2026-08-18,2026-08-19
500152,6135,30606,346.0,74.0,2026-08-18,2026-08-19
500153,6066,30684,379.0,83.0,2026-08-18,2026-08-19
500154,6150,30167,535.0,24.0,2026-08-18,2026-08-19
500155,6120,30149,644.0,53.0,2026-08-18,2026-08-19
500156,6129,31035,153.0,68.0,2026-08-18,2026-08-19
500157,6138,30020,616.0,20.0,2026-08-18,2026-08-19
500158,6003,30618,379.0,92.0,2026-08-18,2026-08-19
500159,6121,30670,654.0,78.0,2026-08-18,2026-08-19
500160,6071,31133,311.0,30.0,2026-08-18,2026-08-19
500161,6124,30005,708.0,7.0,2026-08-18,2026-08-19
500162,6078,30463,344.0,67.0,2026-08-18,2026-08-19
500163,6137,30328,159.0,86.0,2026-08-18,2026-08-19
500164,6089,30140,760.0,8.0,2026-08-18,2026-08-19
500165,6016,31416,276.0,50.0,2026-08-18,2026-08-19
500166,6002,30832,0.0,20.0,2026-08-18,2026-08-19
500167,6008,30068,460.0,39.0,2026-08-18,2026-08-19
500168,6132,30150,577.0,65.0,2026-08-18,2026-08-19
500169,6135,30216,783.0,89.0,2026-08-18,2026-08-19
500170,6104,30639,407.0,83.0,2026-08-18,2026-08-19
500171,6132,31158,0.0,27.0,2026-08-18,2026-08-19
500172,6116,31282,718.0,65.0,2026-08-18,2026-08-19
500173,6113,31060,790.0,79.0,2026-08-18,2026-08-19
500174,6049,30482,120.0,80.0,2026-08-18,2026-08-19
500175,6060,30672,619.0,82.0,2026-08-18,2026-08-19
500176,6026,30514,513.0,12.0,2026-08-18,2026-08-19
500177,6146,30657,704.0,79.0,2026-08-18,2026-08-19
500178,6144,30265,436.0,46.0,2026-08-18,2026-08-19
500179,6096,31285,791.0,18.0,2026-08-18,2026-08-19
500180,6138,30179,101.0,52.61587436332768,2026-08-18,2026-08-19
500181,6090,31455,12.0,88.0,2026-08-18,2026-08-19
500182,6045,30492,117.0,33.0,2026-08-18,2026-08-19
500183,6020,30736,420.0,58.0,2026-08-18,2026-08-19
500184,6128,30800,382.0,44.0,2026-08-18,2026-08-19
500185,6041,31085,167.0,28.0,2026-08-18,2026-08-19
500186,6057,31240,202.0,5.0,2026-08-18,2026-08-19
500187,6076,31204,168.0,60.0,2026-08-18,2026-08-19
500188,6010,30100,529.0,55.0,2026-08-18,2026-08-19
500189,6004,31050,329.0,33.0,2026-08-18,2026-08-19
500190,6113,31051,782.0,21.0,2026-08-18,2026-08-19
500191,6050,30826,292.0,9.0,2026-08-18,2026-08-19
500192,6083,31390,738.0,25.0,2026-08-18,2026-08-19
500193,6031,30157,687.0,18.0,2026-08-18,2026-08-19
500194,6008,30297,678.0,84.0,2026-08-18,2026-08-19
500195,6115,31294,293.0,55.0,2026-08-18,2026-08-19
500196,6124,30858,780.0,82.0,2026-08-18,2026-08-19
500197,6076,31377,764.0,94.0,2026-08-18,2026-08-19
500198,6133,30309,73.0,6.0,2026-08-18,2026-08-19
500199,6001,30467,291.0,44.0,2026-08-18,2026-08-19
500200,6096,30086,522.0,42.0,2026-08-18,2026-08-19
500201,6143,31028,566.0,45.0,2026-08-18,2026-08-19
500202,6126,30337,54.0,35.0,2026-08-18,2026-08-19
500203,6130,30344,390.0,52.61587436332768,2026-08-18,2026-08-19
500204,6085,30218,41.0,62.0,2026-08-18,2026-08-19
500205,6010,30973,304.0,52.61587436332768,2026-08-18,2026-08-19
500206,6136,30957,346.0,65.0,2026-08-18,2026-08-19
500207,6022,31382,150.0,100.0,2026-08-18,2026-08-19
500208,6137,30595,743.0,75.0,2026-08-18,2026-08-19
500209,6115,30509,731.0,51.0,2026-08-18,2026-08-19
500210,6131,30538,575.0,59.0,2026-08-18,2026-08-19
500211,6137,31397,450.0,19.0,2026-08-18,2026-08-19
500212,6094,30087,405.0,61.0,2026-08-18,2026-08-19
500213,6090,30068,54.0,35.0,2026-08-18,2026-08-19
500214,6120,31499,462.0,94.0,2026-08-18,2026-08-19
500215,6071,30783,723.0,5.0,2026-08-18,2026-08-19
500216,6112,31017,462.0,48.0,2026-08-18,2026-08-19
500217,6098,30161,165.0,39.0,2026-08-18,2026-08-19
500218,6076,30906,69.0,52.61587436332768,2026-08-18,2026-08-19
500219,6053,30319,577.0,98.0,2026-08-18,2026-08-19
500220,6146,31119,787.0,53.0,2026-08-18,2026-08-19
500221,6100,30695,458.0,55.0,2026-08-18,2026-08-19
500222,6121,30013,376.0,88.0,2026-08-18,2026-08-19
500223,6106,30225,670.0,49.0,2026-08-18,2026-08-19
500224,6111,30943,673.0,37.0,2026-08-18,2026-08-19
500225,6093,30041,135.0,52.61587436332768,2026-08-18,2026-08-19
500226,6109,31416,320.0,13.0,2026-08-18,2026-08-19
500227,6050,30393,401.0,53.0,2026-08-18,2026-08-19
500228,6077,30920,669.0,80.0,2026-08-18,2026-08-19
500229,6062,30259,204.0,54.0,2026-08-18,2026-08-19
500230,6135,31051,694.0,100.0,2026-08-18,2026-08-19
500231,6034,30542,221.0,48.0,2026-08-18,2026-08-19
500232,6051,31476,643.0,56.0,2026-08-18,2026-08-19
500233,6008,30069,629.0,17.0,2026-08-18,2026-08-19
500234,6093,31168,421.0,12.0,2026-08-18,2026-08-19
500235,6093,30543,140.0,93.0,2026-08-18,2026-08-19
500236,6007,31021,56.0,97.0,2026-08-18,2026-08-19
500237,6081,30335,657.0,81.0,2026-08-18,2026-08-19
500238,6146,30022,119.0,74.0,2026-08-18,2026-08-19
500239,6094,30672,700.0,77.0,2026-08-18,2026-08-19
500240,6002,30304,244.0,62.0,2026-08-18,2026-08-19
500241,6117,30590,623.0,84.0,2026-08-18,2026-08-19
500242,6123,30456,612.0,29.0,2026-08-18,2026-08-19
500243,6086,31482,137.0,92.0,2026-08-18,2026-08-19
500244,6100,30487,338.0,69.0,2026-08-18,2026-08-19
500245,6104,30350,525.0,81.0,2026-08-18,2026-08-19
500246,6103,30131,639.0,30.0,2026-08-18,2026-08-19
500247,6142,30364,68.0,70.0,2026-08-18,2026-08-19
500248,6024,30440,0.0,30.0,2026-08-18,2026-08-19
500249,6116,30183,80.0,43.0,2026-08-18,2026-08-19
500250,6090,31321,699.0,84.0,2026-08-18,2026-08-19
500251,6012,30691,656.0,7.0,2026-08-18,2026-08-19
500252,6033,30585,277.0,46.0,2026-08-18,2026-08-19
500253,6113,30740,726.0,71.0,2026-08-18,2026-08-19
500254,6062,30569,0.0,55.0,2026-08-18,2026-08-19
500255,6095,30556,0.0,94.0,2026-08-18,2026-08-19
500256,6105,31457,21.0,39.0,2026-08-18,2026-08-19
500257,6102,30056,621.0,55.0,2026-08-18,2026-08-19
500258,6015,30435,780.0,71.0,2026-08-18,2026-08-19
500259,6144,30903,583.0,41.0,2026-08-18,2026-08-19
500260,6101,31470,441.0,81.0,2026-08-18,2026-08-19
500261,6086,30604,332.0,78.0,2026-08-18,2026-08-19
500262,6049,31255,779.0,37.0,2026-08-18,2026-08-19
500263,6134,30680,86.0,20.0,2026-08-18,2026-08-19
500264,6101,30527,661.0,56.0,2026-08-18,2026-08-19
500265,6104,30673,647.0,80.0,2026-08-18,2026-08-19
500266,6150,30276,669.0,86.0,2026-08-18,2026-08-19
500267,6027,31356,195.0,46.0,2026-08-18,2026-08-19
500268,6047,30978,84.0,82.0,2026-08-18,2026-08-19
500269,6004,30769,65.0,46.0,2026-08-18,2026-08-19
500270,6029,30002,747.0,12.0,2026-08-18,2026-08-19
500271,6009,30926,257.0,91.0,2026-08-18,2026-08-19
500272,6116,31058,382.0,19.0,2026-08-18,2026-08-19
500273,6013,31337,738.0,98.0,2026-08-18,2026-08-19
500274,6136,30499,516.0,5.0,2026-08-18,2026-08-19
500275,6007,30072,755.0,40.0,2026-08-18,2026-08-19
500276,6104,31001,625.0,52.61587436332768,2026-08-18,2026-08-19
500277,6020,31118,736.0,53.0,2026-08-18,2026-08-19
500278,6104,30276,103.0,99.0,2026-08-18,2026-08-19
500279,6020,30792,761.0,9.0,2026-08-18,2026-08-19
500280,6036,31052,52.0,7.0,2026-08-18,2026-08-19
500281,6075,30626,408.0,94.0,2026-08-18,2026-08-19
500282,6041,31115,702.0,85.0,2026-08-18,2026-08-19
500283,6127,30729,532.0,55.0,2026-08-18,2026-08-19
500284,6085,30084,1.0,37.0,2026-08-18,2026-08-19
500285,6112,30975,160.0,20.0,2026-08-18,2026-08-19
500286,6067,30615,632.0,64.0,2026-08-18,2026-08-19
500287,6100,30975,538.0,23.0,2026-08-18,2026-08-19
500288,6105,31274,583.0,18.0,2026-08-18,2026-08-19
500289,6071,31045,662.0,46.0,2026-08-18,2026-08-19
500290,6126,30937,427.0,90.0,2026-08-18,2026-08-19
500291,6039,31421,717.0,37.0,2026-08-18,2026-08-19
500292,6071,30771,358.0,52.0,2026-08-18,2026-08-19
500293,6115,30096,97.0,29.0,2026-08-18,2026-08-19
500294,6010,30505,540.0,23.0,2026-08-18,2026-08-19
500295,6071,30633,148.0,73.0,2026-08-18,2026-08-19
500296,6051,30428,26.0,74.0,2026-08-18,2026-08-19
500297,6055,30898,136.0,13.0,2026-08-18,2026-08-19
500298,6009,30219,459.0,52.61587436332768,2026-08-18,2026-08-19
500299,6140,30499,109.0,14.0,2026-08-18,2026-08-19
500300,6037,30808,543.0,92.0,2026-08-18,2026-08-19
500301,6101,30779,217.0,16.0,2026-08-18,2026-08-19
500302,6096,30379,750.0,56.0,2026-08-18,2026-08-19
500303,6029,30566,36.0,72.0,2026-08-18,2026-08-19
500304,6134,31337,84.0,30.0,2026-08-18,2026-08-19
500305,6130,30782,367.0,78.0,2026-08-18,2026-08-19
500306,6061,30442,648.0,18.0,2026-08-18,2026-08-19
500307,6087,31486,0.0,69.0,2026-08-18,2026-08-19
500308,6055,30789,619.0,68.0,2026-08-18,2026-08-19
500309,6007,31073,330.0,52.61587436332768,2026-08-18,2026-08-19
500310,6039,31194,331.0,100.0,2026-08-18,2026-08-19
500311,6010,30939,13.0,16.0,2026-08-18,2026-08-19
500312,6100,31213,532.0,21.0,2026-08-18,2026-08-19
500313,6081,30055,692.0,26.0,2026-08-18,2026-08-19
500314,6020,30893,169.0,43.0,2026-08-18,2026-08-19
500315,6012,31100,452.0,30.0,2026-08-18,2026-08-19
500316,6076,31412,342.0,100.0,2026-08-18,2026-08-19
500317,6141,31253,464.0,7.0,2026-08-18,2026-08-19
500318,6018,31245,328.0,37.0,2026-08-18,2026-08-19
500319,6116,30285,0.0,61.0,2026-08-18,2026-08-19
500320,6004,30200,298.0,24.0,2026-08-18,2026-08-19
500321,6130,31064,577.0,48.0,2026-08-18,2026-08-19
500322,6144,30824,265.0,47.0,2026-08-18,2026-08-19
500323,6057,30024,368.0,24.0,2026-08-18,2026-08-19
500324,6067,31285,439.0,73.0,2026-08-18,2026-08-19
500325,6084,30985,148.0,14.0,2026-08-18,2026-08-19
500326,6069,30944,784.0,34.0,2026-08-18,2026-08-19
500327,6147,30489,759.0,70.0,2026-08-18,2026-08-19
500328,6052,30454,654.0,21.0,2026-08-18,2026-08-19
500329,6120,31113,63.0,73.0,2026-08-18,2026-08-19
500330,6021,30331,181.0,68.0,2026-08-18,2026-08-19
500331,6087,30477,25.0,38.0,2026-08-18,2026-08-19
500332,6093,30031,76.0,63.0,2026-08-18,2026-08-19
500333,6036,31010,0.0,78.0,2026-08-18,2026-08-19
500334,6055,31031,313.0,69.0,2026-08-18,2026-08-19
500335,6084,30065,591.0,69.0,2026-08-18,2026-08-19
500336,6071,31111,369.0,94.0,2026-08-18,2026-08-19
500337,6016,30554,735.0,23.0,2026-08-18,2026-08-19
500338,6009,30679,51.0,78.0,2026-08-18,2026-08-19
500339,6083,30940,144.0,5.0,2026-08-18,2026-08-19
500340,6104,30353,0.0,88.0,2026-08-18,2026-08-19
500341,6001,31138,0.0,70.0,2026-08-18,2026-08-19
500342,6031,30085,0.0,74.0,2026-08-18,2026-08-19
500343,6140,31403,407.0,44.0,2026-08-18,2026-08-19
500344,6010,30747,266.0,5.0,2026-08-18,2026-08-19
500345,6055,30501,578.0,11.0,2026-08-18,2026-08-19
500346,6024,30394,375.0,86.0,2026-08-18,2026-08-19
500347,6018,31480,568.0,5.0,2026-08-18,2026-08-19
500348,6010,31247,657.0,6.0,2026-08-18,2026-08-19
500349,6060,30621,88.0,93.0,2026-08-18,2026-08-19
500350,6089,30187,716.0,51.0,2026-08-18,2026-08-19
500351,6072,30158,607.0,14.0,2026-08-18,2026-08-19
500352,6006,31195,326.0,32.0,2026-08-18,2026-08-19
500353,6079,30557,677.0,70.0,2026-08-18,2026-08-19
500354,6149,30009,348.0,89.0,2026-08-18,2026-08-19
500355,6104,31360,463.0,46.0,2026-08-18,2026-08-19
500356,6078,31315,756.0,14.0,2026-08-18,2026-08-19
500357,6066,30231,339.0,93.0,2026-08-18,2026-08-19
500358,6063,30052,147.0,31.0,2026-08-18,2026-08-19
500359,6046,31177,450.0,60.0,2026-08-18,2026-08-19
500360,6088,30543,492.0,37.0,2026-08-18,2026-08-19
500361,6060,30116,0.0,71.0,2026-08-18,2026-08-19
500362,6135,30277,252.0,16.0,2026-08-18,2026-08-19
500363,6113,30901,118.0,16.0,2026-08-18,2026-08-19
500364,6071,30950,52.0,82.0,2026-08-18,2026-08-19
500365,6021,31406,767.0,38.0,2026-08-18,2026-08-19
500366,6035,30186,278.0,52.0,2026-08-18,2026-08-19
500367,6134,31136,194.0,50.0,2026-08-18,2026-08-19
500368,6105,31115,158.0,59.0,2026-08-18,2026-08-19
500369,6104,30124,586.0,18.0,2026-08-18,2026-08-19
500370,6030,31077,18.0,52.61587436332768,2026-08-18,2026-08-19
500371,6032,30372,0.0,15.0,2026-08-18,2026-08-19
500372,6145,30081,34.0,7.0,2026-08-18,2026-08-19
500373,6056,30194,787.0,52.61587436332768,2026-08-18,2026-08-19
500374,6114,30216,548.0,62.0,2026-08-18,2026-08-19
500375,6024,30658,719.0,72.0,2026-08-18,2026-08-19
500376,6106,30364,513.0,19.0,2026-08-18,2026-08-19
500377,6060,30712,460.0,60.0,2026-08-18,2026-08-19
500378,6046,30059,118.0,41.0,2026-08-18,2026-08-19
500379,6043,30187,319.0,21.0,2026-08-18,2026-08-19
500380,6065,30293,313.0,82.0,2026-08-18,2026-08-19
500381,6148,30353,748.0,86.0,2026-08-18,2026-08-19
500382,6101,30209,726.0,19.0,2026-08-18,2026-08-19
500383,6109,31297,130.0,58.0,2026-08-18,2026-08-19
500384,6070,30691,786.0,51.0,2026-08-18,2026-08-19
500385,6110,30662,0.0,82.0,2026-08-18,2026-08-19
500386,6011,30556,53.0,71.0,2026-08-18,2026-08-19
500387,6106,30344,706.0,89.0,2026-08-18,2026-08-19
500388,6115,31075,0.0,52.61587436332768,2026-08-18,2026-08-19
500389,6031,31376,246.0,90.0,2026-08-18,2026-08-19
500390,6083,31184,583.0,91.0,2026-08-18,2026-08-19
500391,6131,30509,195.0,60.0,2026-08-18,2026-08-19
500392,6034,31373,347.0,72.0,2026-08-18,2026-08-19
500393,6141,31396,583.0,75.0,2026-08-18,2026-08-19
500394,6143,30803,507.0,57.0,2026-08-18,2026-08-19
500395,6010,31129,331.0,20.0,2026-08-18,2026-08-19
500396,6118,30977,654.0,79.0,2026-08-18,2026-08-19
500397,6048,30246,40.0,29.0,2026-08-18,2026-08-19
500398,6011,31451,235.0,10.0,2026-08-18,2026-08-19
500399,6001,31014,452.0,94.0,2026-08-18,2026-08-19
500400,6098,31068,94.0,24.0,2026-08-18,2026-08-19
500401,6108,31298,565.0,91.0,2026-08-18,2026-08-19
500402,6113,30430,28.0,8.0,2026-08-18,2026-08-19
500403,6036,31408,308.0,80.0,2026-08-18,2026-08-19
500404,6125,30985,617.0,52.61587436332768,2026-08-18,2026-08-19
500405,6107,30914,537.0,92.0,2026-08-18,2026-08-19
500406,6096,30040,293.0,71.0,2026-08-18,2026-08-19
500407,6108,30086,623.0,33.0,2026-08-18,2026-08-19
500408,6063,31073,204.0,24.0,2026-08-18,2026-08-19
500409,6047,30729,265.0,50.0,2026-08-18,2026-08-19
500410,6143,31208,410.0,61.0,2026-08-18,2026-08-19
500411,6127,30207,602.0,35.0,2026-08-18,2026-08-19
500412,6063,30465,132.0,16.0,2026-08-18,2026-08-19
500413,6084,30692,519.0,88.0,2026-08-18,2026-08-19
500414,6150,30304,218.0,58.0,2026-08-18,2026-08-19
500415,6014,30120,202.0,40.0,2026-08-18,2026-08-19
500416,6116,30970,233.0,82.0,2026-08-18,2026-08-19
500417,6037,31132,315.0,93.0,2026-08-18,2026-08-19
500418,6029,30094,380.0,7.0,2026-08-18,2026-08-19
500419,6116,30123,59.0,38.0,2026-08-18,2026-08-19
500420,6041,31088,661.0,100.0,2026-08-18,2026-08-19
500421,6108,30972,38.0,99.0,2026-08-18,2026-08-19
500422,6108,30078,365.0,36.0,2026-08-18,2026-08-19
500423,6086,31377,0.0,46.0,2026-08-18,2026-08-19
500424,6112,30836,612.0,55.0,2026-08-18,2026-08-19
500425,6052,30976,778.0,83.0,2026-08-18,2026-08-19
500426,6079,31052,231.0,56.0,2026-08-18,2026-08-19
500427,6102,31300,452.0,60.0,2026-08-18,2026-08-19
500428,6034,31387,773.0,18.0,2026-08-18,2026-08-19
500429,6069,31207,234.0,57.0,2026-08-18,2026-08-19
500430,6085,30821,535.0,98.0,2026-08-18,2026-08-19
500431,6021,30187,255.0,50.0,2026-08-18,2026-08-19
500432,6116,30739,359.0,28.0,2026-08-18,2026-08-19
500433,6064,30989,768.0,76.0,2026-08-18,2026-08-19
500434,6093,30392,201.0,29.0,2026-08-18,2026-08-19
500435,6122,31330,407.0,52.61587436332768,2026-08-18,2026-08-19
500436,6138,30228,237.0,76.0,2026-08-18,2026-08-19
500437,6072,31263,699.0,7.0,2026-08-18,2026-08-19
500438,6150,31045,509.0,21.0,2026-08-18,2026-08-19
500439,6038,31201,694.0,53.0,2026-08-18,2026-08-19
500440,6122,31326,4.0,52.61587436332768,2026-08-18,2026-08-19
500441,6019,30616,771.0,52.61587436332768,2026-08-18,2026-08-19
500442,6027,30910,7.0,44.0,2026-08-18,2026-08-19
500443,6120,31008,671.0,17.0,2026-08-18,2026-08-19
500444,6102,31328,642.0,93.0,2026-08-18,2026-08-19
500445,6031,30576,471.0,38.0,2026-08-18,2026-08-19
500446,6084,30179,22.0,52.61587436332768,2026-08-18,2026-08-19
500447,6080,30329,53.0,52.61587436332768,2026-08-18,2026-08-19
500448,6059,31127,677.0,24.0,2026-08-18,2026-08-19
500449,6009,30140,691.0,29.0,2026-08-18,2026-08-19
500450,6061,30424,503.0,44.0,2026-08-18,2026-08-19
500451,6147,31312,240.0,62.0,2026-08-18,2026-08-19
500452,6056,30275,629.0,52.61587436332768,2026-08-18,2026-08-19
500453,6097,30247,738.0,42.0,2026-08-18,2026-08-19
500454,6001,30763,414.0,76.0,2026-08-18,2026-08-19
500455,6072,31003,198.0,9.0,2026-08-18,2026-08-19
500456,6064,31038,588.0,52.61587436332768,2026-08-18,2026-08-19
500457,6071,30044,480.0,76.0,2026-08-18,2026-08-19
500458,6015,30976,440.0,21.0,2026-08-18,2026-08-19
500459,6090,31461,359.0,18.0,2026-08-18,2026-08-19
500460,6060,30612,436.0,68.0,2026-08-18,2026-08-19
500461,6102,30842,35.0,85.0,2026-08-18,2026-08-19
500462,6149,31498,228.0,89.0,2026-08-18,2026-08-19
500463,6055,31237,85.0,9.0,2026-08-18,2026-08-19
500464,6090,31122,172.0,52.61587436332768,2026-08-18,2026-08-19
500465,6139,31149,568.0,85.0,2026-08-18,2026-08-19
500466,6077,30738,256.0,91.0,2026-08-18,2026-08-19
500467,6050,30924,682.0,16.0,2026-08-18,2026-08-19
500468,6148,31107,64.0,82.0,2026-08-18,2026-08-19
500469,6100,31404,84.0,40.0,2026-08-18,2026-08-19
500470,6011,30137,767.0,19.0,2026-08-18,2026-08-19
500471,6124,30629,790.0,55.0,2026-08-18,2026-08-19
500472,6020,30954,517.0,21.0,2026-08-18,2026-08-19
500473,6117,30532,88.0,66.0,2026-08-18,2026-08-19
500474,6036,30139,735.0,49.0,2026-08-18,2026-08-19
500475,6031,30534,756.0,35.0,2026-08-18,2026-08-19
500476,6053,30760,635.0,48.0,2026-08-18,2026-08-19
500477,6129,30583,558.0,48.0,2026-08-18,2026-08-19
500478,6114,31212,742.0,71.0,2026-08-18,2026-08-19
500479,6037,31294,593.0,42.0,2026-08-18,2026-08-19
500480,6123,30973,676.0,100.0,2026-08-18,2026-08-19
500481,6093,31307,209.0,59.0,2026-08-18,2026-08-19
500482,6013,30860,337.0,63.0,2026-08-18,2026-08-19
500483,6033,30295,379.0,87.0,2026-08-18,2026-08-19
500484,6006,30656,549.0,70.0,2026-08-18,2026-08-19
500485,6107,31237,627.0,89.0,2026-08-18,2026-08-19
500486,6126,30057,518.0,56.0,2026-08-18,2026-08-19
500487,6066,30658,301.0,66.0,2026-08-18,2026-08-19
500488,6059,30878,365.0,43.0,2026-08-18,2026-08-19
500489,6113,30182,196.0,19.0,2026-08-18,2026-08-19
500490,6120,30396,0.0,55.0,2026-08-18,2026-08-19
500491,6100,31375,141.0,64.0,2026-08-18,2026-08-19
500492,6089,30422,32.0,5.0,2026-08-18,2026-08-19
500493,6045,31053,446.0,65.0,2026-08-18,2026-08-19
500494,6109,30617,481.0,49.0,2026-08-18,2026-08-19
500495,6032,30257,182.0,43.0,2026-08-18,2026-08-19
500496,6063,31427,605.0,55.0,2026-08-18,2026-08-19
500497,6005,31321,154.0,78.0,2026-08-18,2026-08-19
500498,6056,30887,0.0,53.0,2026-08-18,2026-08-19
500499,6077,30576,732.0,50.0,2026-08-18,2026-08-19
500500,6125,30918,753.0,13.0,2026-08-18,2026-08-19
500501,6058,30597,780.0,92.0,2026-08-18,2026-08-19
500502,6035,30512,71.0,22.0,2026-08-18,2026-08-19
500503,6116,31363,124.0,47.0,2026-08-18,2026-08-19
500504,6068,30268,293.0,68.0,2026-08-18,2026-08-19
500505,6096,31366,151.0,67.0,2026-08-18,2026-08-19
500506,6104,31223,329.0,93.0,2026-08-18,2026-08-19
500507,6130,30593,120.0,16.0,2026-08-18,2026-08-19
500508,6096,30483,118.0,6.0,2026-08-18,2026-08-19
500509,6058,30310,719.0,52.61587436332768,2026-08-18,2026-08-19
500510,6023,31234,589.0,61.0,2026-08-18,2026-08-19
500511,6075,30242,315.0,90.0,2026-08-18,2026-08-19
500512,6061,30372,673.0,11.0,2026-08-18,2026-08-19
500513,6090,31238,319.0,86.0,2026-08-18,2026-08-19
500514,6017,31081,95.0,92.0,2026-08-18,2026-08-19
500515,6061,30222,0.0,100.0,2026-08-18,2026-08-19
500516,6077,30851,615.0,35.0,2026-08-18,2026-08-19
500517,6055,31050,369.0,75.0,2026-08-18,2026-08-19
500518,6110,30446,699.0,85.0,2026-08-18,2026-08-19
500519,6095,31477,334.0,12.0,2026-08-18,2026-08-19
500520,6080,31405,448.0,35.0,2026-08-18,2026-08-19
500521,6089,30241,485.0,57.0,2026-08-18,2026-08-19
500522,6032,30321,743.0,52.61587436332768,2026-08-18,2026-08-19
500523,6026,30718,750.0,86.0,2026-08-18,2026-08-19
500524,6119,30344,667.0,14.0,2026-08-18,2026-08-19
500525,6065,31379,90.0,27.0,2026-08-18,2026-08-19
500526,6035,31194,146.0,8.0,2026-08-18,2026-08-19
500527,6006,30302,56.0,58.0,2026-08-18,2026-08-19
500528,6049,30081,133.0,7.0,2026-08-18,2026-08-19
500529,6079,31347,267.0,72.0,2026-08-18,2026-08-19
500530,6023,30271,650.0,54.0,2026-08-18,2026-08-19
500531,6077,31316,55.0,20.0,2026-08-18,2026-08-19
500532,6088,30258,596.0,59.0,2026-08-18,2026-08-19
500533,6035,30540,653.0,58.0,2026-08-18,2026-08-19
500534,6098,30501,454.0,74.0,2026-08-18,2026-08-19
500535,6012,30062,484.0,71.0,2026-08-18,2026-08-19
500536,6022,30747,228.0,61.0,2026-08-18,2026-08-19
500537,6058,31360,759.0,20.0,2026-08-18,2026-08-19
500538,6115,30804,270.0,30.0,2026-08-18,2026-08-19
500539,6086,30863,686.0,90.0,2026-08-18,2026-08-19
500540,6134,31314,573.0,8.0,2026-08-18,2026-08-19
500541,6113,30807,435.0,33.0,2026-08-18,2026-08-19
500542,6102,31234,533.0,13.0,2026-08-18,2026-08-19
500543,6007,30816,268.0,20.0,2026-08-18,2026-08-19
500544,6144,30453,719.0,65.0,2026-08-18,2026-08-19
500545,6130,31312,428.0,41.0,2026-08-18,2026-08-19
500546,6066,31142,528.0,17.0,2026-08-18,2026-08-19
500547,6002,30518,579.0,79.0,2026-08-18,2026-08-19
500548,6055,30862,777.0,83.0,2026-08-18,2026-08-19
500549,6142,30327,507.0,90.0,2026-08-18,2026-08-19
500550,6126,30149,481.0,55.0,2026-08-18,2026-08-19
500551,6008,31100,121.0,63.0,2026-08-18,2026-08-19
500552,6140,30036,214.0,66.0,2026-08-18,2026-08-19
500553,6106,30560,291.0,40.0,2026-08-18,2026-08-19
500554,6111,30003,750.0,47.0,2026-08-18,2026-08-19
500555,6041,30986,685.0,51.0,2026-08-18,2026-08-19
500556,6146,31287,154.0,89.0,2026-08-18,2026-08-19
500557,6023,31219,704.0,90.0,2026-08-18,2026-08-19
500558,6143,30729,787.0,63.0,2026-08-18,2026-08-19
500559,6079,30659,507.0,27.0,2026-08-18,2026-08-19
500560,6115,30654,336.0,51.0,2026-08-18,2026-08-19
500561,6026,31117,393.0,26.0,2026-08-18,2026-08-19
500562,6056,30786,788.0,98.0,2026-08-18,2026-08-19
500563,6122,30281,752.0,78.0,2026-08-18,2026-08-19
500564,6106,30213,106.0,5.0,2026-08-18,2026-08-19
500565,6011,30079,602.0,5.0,2026-08-18,2026-08-19
500566,6023,30967,23.0,26.0,2026-08-18,2026-08-19
500567,6105,31383,146.0,52.61587436332768,2026-08-18,2026-08-19
500568,6029,31086,695.0,54.0,2026-08-18,2026-08-19
500569,6126,30561,96.0,61.0,2026-08-18,2026-08-19
500570,6029,30769,645.0,56.0,2026-08-18,2026-08-19
500571,6026,31384,794.0,71.0,2026-08-18,2026-08-19
500572,6075,30939,8.0,66.0,2026-08-18,2026-08-19
500573,6041,30967,693.0,40.0,2026-08-18,2026-08-19
500574,6133,30095,370.0,49.0,2026-08-18,2026-08-19
500575,6140,30492,145.0,46.0,2026-08-18,2026-08-19
500576,6146,30227,523.0,10.0,2026-08-18,2026-08-19
500577,6080,30323,664.0,69.0,2026-08-18,2026-08-19
500578,6120,30745,74.0,81.0,2026-08-18,2026-08-19
500579,6071,30799,328.0,93.0,2026-08-18,2026-08-19
500580,6077,30163,0.0,89.0,2026-08-18,2026-08-19
500581,6051,31363,724.0,80.0,2026-08-18,2026-08-19
500582,6030,31204,794.0,98.0,2026-08-18,2026-08-19
500583,6148,30265,250.0,73.0,2026-08-18,2026-08-19
500584,6048,30306,492.0,69.0,2026-08-18,2026-08-19
500585,6103,31129,327.0,49.0,2026-08-18,2026-08-19
500586,6072,31346,328.0,89.0,2026-08-18,2026-08-19
500587,6137,30934,315.0,36.0,2026-08-18,2026-08-19
500588,6060,31417,265.0,12.0,2026-08-18,2026-08-19
500589,6036,31360,261.0,58.0,2026-08-18,2026-08-19
500590,6016,30118,178.0,52.61587436332768,2026-08-18,2026-08-19
500591,6111,30541,221.0,76.0,2026-08-18,2026-08-19
500592,6111,31279,0.0,31.0,2026-08-18,2026-08-19
500593,6127,30548,396.0,24.0,2026-08-18,2026-08-19
500594,6107,30937,692.0,97.0,2026-08-18,2026-08-19
500595,6040,30447,450.0,91.0,2026-08-18,2026-08-19
500596,6140,30160,609.0,28.0,2026-08-18,2026-08-19
500597,6010,30216,0.0,31.0,2026-08-18,2026-08-19
500598,6006,30871,239.0,13.0,2026-08-18,2026-08-19
500599,6025,30509,497.0,30.0,2026-08-18,2026-08-19
500600,6133,30088,307.0,34.0,2026-08-18,2026-08-19
500601,6074,30207,298.0,24.0,2026-08-18,2026-08-19
500602,6070,31032,304.0,82.0,2026-08-18,2026-08-19
500603,6083,30864,700.0,23.0,2026-08-18,2026-08-19
500604,6132,30664,99.0,81.0,2026-08-18,2026-08-19
500605,6047,30994,0.0,52.61587436332768,2026-08-18,2026-08-19
500606,6052,30390,305.0,55.0,2026-08-18,2026-08-19
500607,6129,30489,245.0,71.0,2026-08-18,2026-08-19
500608,6034,31407,0.0,52.0,2026-08-18,2026-08-19
500609,6078,30633,320.0,34.0,2026-08-18,2026-08-19
500610,6097,31015,250.0,65.0,2026-08-18,2026-08-19
500611,6016,30100,180.0,13.0,2026-08-18,2026-08-19
500612,6127,30010,352.0,75.0,2026-08-18,2026-08-19
500613,6125,30027,569.0,58.0,2026-08-18,2026-08-19
500614,6043,31477,495.0,11.0,2026-08-18,2026-08-19
500615,6126,30826,170.0,14.0,2026-08-18,2026-08-19
500616,6112,31257,796.0,58.0,2026-08-18,2026-08-19
500617,6127,30490,454.0,8.0,2026-08-18,2026-08-19
500618,6080,30433,665.0,13.0,2026-08-18,2026-08-19
500619,6060,31360,39.0,83.0,2026-08-18,2026-08-19
500620,6084,30976,293.0,18.0,2026-08-18,2026-08-19
500621,6045,30949,443.0,35.0,2026-08-18,2026-08-19
500622,6148,30558,725.0,32.0,2026-08-18,2026-08-19
500623,6015,30408,0.0,59.0,2026-08-18,2026-08-19
500624,6018,30033,649.0,40.0,2026-08-18,2026-08-19
500625,6066,31445,115.0,31.0,2026-08-18,2026-08-19
500626,6040,30214,10.0,93.0,2026-08-18,2026-08-19
500627,6146,30618,9.0,42.0,2026-08-18,2026-08-19
500628,6146,31489,99.0,64.0,2026-08-18,2026-08-19
500629,6056,30311,267.0,11.0,2026-08-18,2026-08-19
500630,6115,30051,190.0,54.0,2026-08-18,2026-08-19
500631,6093,30806,179.0,99.0,2026-08-18,2026-08-19
500632,6084,30480,216.0,87.0,2026-08-18,2026-08-19
500633,6099,30237,129.0,71.0,2026-08-18,2026-08-19
500634,6105,30604,230.0,37.0,2026-08-18,2026-08-19
500635,6146,30067,171.0,52.61587436332768,2026-08-18,2026-08-19
500636,6044,30718,394.0,79.0,2026-08-18,2026-08-19
500637,6006,31336,130.0,64.0,2026-08-18,2026-08-19
500638,6051,31401,141.0,75.0,2026-08-18,2026-08-19
500639,6054,31144,325.0,52.61587436332768,2026-08-18,2026-08-19
500640,6057,31286,752.0,98.0,2026-08-18,2026-08-19
500641,6046,30996,650.0,35.0,2026-08-18,2026-08-19
500642,6114,30728,167.0,46.0,2026-08-18,2026-08-19
500643,6017,31007,519.0,15.0,2026-08-18,2026-08-19
500644,6032,30485,553.0,27.0,2026-08-18,2026-08-19
500645,6093,31096,793.0,100.0,2026-08-18,2026-08-19
500646,6120,31471,508.0,24.0,2026-08-18,2026-08-19
500647,6103,30905,775.0,85.0,2026-08-18,2026-08-19
500648,6138,30481,45.0,52.61587436332768,2026-08-18,2026-08-19
500649,6023,30994,300.0,13.0,2026-08-18,2026-08-19
500650,6086,31136,244.0,95.0,2026-08-18,2026-08-19
500651,6069,30794,91.0,77.0,2026-08-18,2026-08-19
500652,6083,30855,640.0,20.0,2026-08-18,2026-08-19
500653,6091,30291,0.0,100.0,2026-08-18,2026-08-19
500654,6102,30151,450.0,92.0,2026-08-18,2026-08-19
500655,6133,30320,24.0,54.0,2026-08-18,2026-08-19
500656,6143,30648,322.0,91.0,2026-08-18,2026-08-19
500657,6030,30058,671.0,35.0,2026-08-18,2026-08-19
500658,6014,30110,559.0,89.0,2026-08-18,2026-08-19
500659,6089,30445,780.0,87.0,2026-08-18,2026-08-19
500660,6010,30178,384.0,63.0,2026-08-18,2026-08-19
500661,6120,30893,0.0,32.0,2026-08-18,2026-08-19
500662,6129,31265,76.0,89.0,2026-08-18,2026-08-19
500663,6115,30488,342.0,37.0,2026-08-18,2026-08-19
500664,6072,31165,592.0,66.0,2026-08-18,2026-08-19
500665,6121,30721,231.0,30.0,2026-08-18,2026-08-19
500666,6025,30190,409.0,96.0,2026-08-18,2026-08-19
500667,6108,30873,536.0,30.0,2026-08-18,2026-08-19
500668,6076,31142,211.0,61.0,2026-08-18,2026-08-19
500669,6116,30565,377.0,19.0,2026-08-18,2026-08-19
500670,6098,30660,775.0,8.0,2026-08-18,2026-08-19
500671,6037,31327,680.0,92.0,2026-08-18,2026-08-19
500672,6067,30180,655.0,18.0,2026-08-18,2026-08-19
500673,6109,30086,212.0,68.0,2026-08-18,2026-08-19
500674,6010,31368,478.0,43.0,2026-08-18,2026-08-19
500675,6004,30071,153.0,64.0,2026-08-18,2026-08-19
500676,6126,30570,129.0,54.0,2026-08-18,2026-08-19
500677,6092,31225,560.0,48.0,2026-08-18,2026-08-19
500678,6132,30356,409.0,57.0,2026-08-18,2026-08-19
500679,6084,31410,67.0,85.0,2026-08-18,2026-08-19
500680,6036,31476,301.0,99.0,2026-08-18,2026-08-19
500681,6145,31025,791.0,81.0,2026-08-18,2026-08-19
500682,6074,30034,327.0,6.0,2026-08-18,2026-08-19
500683,6031,31003,168.0,46.0,2026-08-18,2026-08-19
500684,6033,30221,18.0,9.0,2026-08-18,2026-08-19
500685,6065,31001,248.0,40.0,2026-08-18,2026-08-19
500686,6144,30648,498.0,12.0,2026-08-18,2026-08-19
500687,6138,30342,520.0,83.0,2026-08-18,2026-08-19
500688,6147,30803,708.0,82.0,2026-08-18,2026-08-19
500689,6094,30466,287.0,37.0,2026-08-18,2026-08-19
500690,6055,30821,685.0,7.0,2026-08-18,2026-08-19
500691,6088,31370,770.0,66.0,2026-08-18,2026-08-19
500692,6069,30525,460.0,19.0,2026-08-18,2026-08-19
500693,6037,30308,305.0,70.0,2026-08-18,2026-08-19
500694,6104,30483,383.0,38.0,2026-08-18,2026-08-19
500695,6123,30319,294.0,55.0,2026-08-18,2026-08-19
500696,6048,31113,0.0,67.0,2026-08-18,2026-08-19
500697,6040,30646,121.0,79.0,2026-08-18,2026-08-19
500698,6044,30052,378.0,37.0,2026-08-18,2026-08-19
500699,6105,30817,340.0,81.0,2026-08-18,2026-08-19
500700,6008,30438,616.0,25.0,2026-08-18,2026-08-19
500701,6107,31092,513.0,12.0,2026-08-18,2026-08-19
500702,6079,30592,714.0,25.0,2026-08-18,2026-08-19
500703,6105,30846,124.0,52.61587436332768,2026-08-18,2026-08-19
500704,6062,31146,589.0,55.0,2026-08-18,2026-08-19
500705,6107,31114,261.0,87.0,2026-08-18,2026-08-19
500706,6054,30293,0.0,52.61587436332768,2026-08-18,2026-08-19
500707,6017,30419,448.0,75.0,2026-08-18,2026-08-19
500708,6026,30484,335.0,63.0,2026-08-18,2026-08-19
500709,6068,30851,42.0,37.0,2026-08-18,2026-08-19
500710,6072,30425,90.0,41.0,2026-08-18,2026-08-19
500711,6028,30986,246.0,66.0,2026-08-18,2026-08-19
500712,6091,30574,120.0,74.0,2026-08-18,2026-08-19
500713,6090,30385,138.0,27.0,2026-08-18,2026-08-19
500714,6037,30284,614.0,18.0,2026-08-18,2026-08-19
500715,6057,30647,49.0,95.0,2026-08-18,2026-08-19
500716,6124,31047,121.0,59.0,2026-08-18,2026-08-19
500717,6017,30595,685.0,28.0,2026-08-18,2026-08-19
500718,6115,30061,423.0,37.0,2026-08-18,2026-08-19
500719,6015,31500,736.0,15.0,2026-08-18,2026-08-19
500720,6058,30627,0.0,89.0,2026-08-18,2026-08-19
500721,6116,30549,19.0,94.0,2026-08-18,2026-08-19
500722,6023,30884,414.0,69.0,2026-08-18,2026-08-19
500723,6120,30900,320.0,51.0,2026-08-18,2026-08-19
500724,6094,30459,761.0,30.0,2026-08-18,2026-08-19
500725,6002,30995,329.0,9.0,2026-08-18,2026-08-19
500726,6107,31325,73.0,72.0,2026-08-18,2026-08-19
500727,6099,30520,482.0,91.0,2026-08-18,2026-08-19
500728,6142,31405,565.0,100.0,2026-08-18,2026-08-19
500729,6085,30347,544.0,47.0,2026-08-18,2026-08-19
500730,6038,30752,635.0,80.0,2026-08-18,2026-08-19
500731,6091,31104,26.0,31.0,2026-08-18,2026-08-19
500732,6026,30710,408.0,45.0,2026-08-18,2026-08-19
500733,6037,30642,281.0,37.0,2026-08-18,2026-08-19
500734,6027,30970,290.0,39.0,2026-08-18,2026-08-19
500735,6097,31090,84.0,61.0,2026-08-18,2026-08-19
500736,6020,30839,392.0,72.0,2026-08-18,2026-08-19
500737,6054,31093,220.0,61.0,2026-08-18,2026-08-19
500738,6084,30042,526.0,40.0,2026-08-18,2026-08-19
500739,6006,30570,357.0,68.0,2026-08-18,2026-08-19
500740,6038,30398,409.0,12.0,2026-08-18,2026-08-19
500741,6087,30294,127.0,34.0,2026-08-18,2026-08-19
500742,6129,30570,352.0,82.0,2026-08-18,2026-08-19
500743,6002,31053,525.0,69.0,2026-08-18,2026-08-19
500744,6066,31140,646.0,38.0,2026-08-18,2026-08-19
500745,6103,30629,394.0,38.0,2026-08-18,2026-08-19
500746,6014,30316,462.0,38.0,2026-08-18,2026-08-19
500747,6110,30296,226.0,63.0,2026-08-18,2026-08-19
500748,6116,31206,161.0,48.0,2026-08-18,2026-08-19
500749,6088,30252,605.0,44.0,2026-08-18,2026-08-19
500750,6043,30133,412.0,44.0,2026-08-18,2026-08-19
500751,6079,30247,326.0,70.0,2026-08-18,2026-08-19
500752,6119,31395,40.0,52.61587436332768,2026-08-18,2026-08-19
500753,6005,30649,523.0,85.0,2026-08-18,2026-08-19
500754,6053,31274,422.0,35.0,2026-08-18,2026-08-19
500755,6087,30666,774.0,56.0,2026-08-18,2026-08-19
500756,6018,30288,413.0,52.61587436332768,2026-08-18,2026-08-19
500757,6100,30338,81.0,10.0,2026-08-18,2026-08-19
500758,6134,30244,253.0,25.0,2026-08-18,2026-08-19
500759,6145,30750,495.0,66.0,2026-08-18,2026-08-19
500760,6144,30414,81.0,46.0,2026-08-18,2026-08-19
500761,6149,30039,778.0,88.0,2026-08-18,2026-08-19
500762,6092,31499,725.0,99.0,2026-08-18,2026-08-19
500763,6075,30816,0.0,78.0,2026-08-18,2026-08-19
500764,6052,30643,172.0,36.0,2026-08-18,2026-08-19
500765,6029,30227,367.0,56.0,2026-08-18,2026-08-19
500766,6083,30004,380.0,88.0,2026-08-18,2026-08-19
500767,6150,30488,36.0,73.0,2026-08-18,2026-08-19
500768,6022,31250,165.0,42.0,2026-08-18,2026-08-19
500769,6041,30486,467.0,58.0,2026-08-18,2026-08-19
500770,6039,30354,62.0,47.0,2026-08-18,2026-08-19
500771,6136,31027,422.0,79.0,2026-08-18,2026-08-19
500772,6147,30310,242.0,13.0,2026-08-18,2026-08-19
500773,6098,31492,0.0,33.0,2026-08-18,2026-08-19
500774,6018,31392,769.0,79.0,2026-08-18,2026-08-19
500775,6081,30715,274.0,48.0,2026-08-18,2026-08-19
500776,6015,30277,207.0,43.0,2026-08-18,2026-08-19
500777,6075,30546,26.0,23.0,2026-08-18,2026-08-19
500778,6081,30312,379.0,93.0,2026-08-18,2026-08-19
500779,6082,31018,391.0,71.0,2026-08-18,2026-08-19
500780,6004,30088,715.0,9.0,2026-08-18,2026-08-19
500781,6006,30956,371.0,52.0,2026-08-18,2026-08-19
500782,6143,30604,107.0,57.0,2026-08-18,2026-08-19
500783,6143,30085,395.0,10.0,2026-08-18,2026-08-19
500784,6112,30449,366.0,65.0,2026-08-18,2026-08-19
500785,6062,30009,126.0,52.61587436332768,2026-08-18,2026-08-19
500786,6075,31370,631.0,17.0,2026-08-18,2026-08-19
500787,6078,30309,404.0,52.61587436332768,2026-08-18,2026-08-19
500788,6040,30130,96.0,90.0,2026-08-18,2026-08-19
500789,6136,30293,118.0,55.0,2026-08-18,2026-08-19
500790,6100,30866,753.0,25.0,2026-08-18,2026-08-19
500791,6063,30456,475.0,61.0,2026-08-18,2026-08-19
500792,6020,30689,0.0,35.0,2026-08-18,2026-08-19
500793,6024,30359,340.0,87.0,2026-08-18,2026-08-19
500794,6148,30706,100.0,56.0,2026-08-18,2026-08-19
500795,6032,31298,0.0,41.0,2026-08-18,2026-08-19
500796,6139,30549,0.0,99.0,2026-08-18,2026-08-19
500797,6094,31469,239.0,58.0,2026-08-18,2026-08-19
500798,6074,31332,273.0,9.0,2026-08-18,2026-08-19
500799,6022,31387,9.0,96.0,2026-08-18,2026-08-19
500800,6034,31151,719.0,79.0,2026-08-18,2026-08-19
500801,6092,30621,465.0,82.0,2026-08-18,2026-08-19
500802,6146,31234,629.0,42.0,2026-08-18,2026-08-19
500803,6138,30528,425.0,17.0,2026-08-18,2026-08-19
500804,6047,30762,441.0,57.0,2026-08-18,2026-08-19
500805,6129,30843,783.0,66.0,2026-08-18,2026-08-19
500806,6058,30867,547.0,69.0,2026-08-18,2026-08-19
500807,6027,30980,254.0,18.0,2026-08-18,2026-08-19
500808,6099,30774,75.0,84.0,2026-08-18,2026-08-19
500809,6079,31012,484.0,62.0,2026-08-18,2026-08-19
500810,6143,30195,382.0,7.0,2026-08-18,2026-08-19
500811,6077,30600,736.0,8.0,2026-08-18,2026-08-19
500812,6056,30122,346.0,52.61587436332768,2026-08-18,2026-08-19
500813,6125,30619,215.0,36.0,2026-08-18,2026-08-19
500814,6082,31496,48.0,53.0,2026-08-18,2026-08-19
500815,6035,30485,447.0,44.0,2026-08-18,2026-08-19
500816,6063,30064,393.0,37.0,2026-08-18,2026-08-19
500817,6147,31373,188.0,67.0,2026-08-18,2026-08-19
500818,6068,31355,442.0,60.0,2026-08-18,2026-08-19
500819,6027,31432,16.0,52.61587436332768,2026-08-18,2026-08-19
500820,6118,30873,259.0,77.0,2026-08-18,2026-08-19
500821,6002,31337,402.0,67.0,2026-08-18,2026-08-19
500822,6110,30654,155.0,73.0,2026-08-18,2026-08-19
500823,6057,30075,113.0,19.0,2026-08-18,2026-08-19
500824,6145,30307,473.0,71.0,2026-08-18,2026-08-19
500825,6008,30698,169.0,11.0,2026-08-18,2026-08-19
500826,6014,30528,98.0,49.0,2026-08-18,2026-08-19
500827,6050,30363,53.0,98.0,2026-08-18,2026-08-19
500828,6066,30909,201.0,35.0,2026-08-18,2026-08-19
500829,6107,30662,87.0,38.0,2026-08-18,2026-08-19
500830,6140,30310,242.0,50.0,2026-08-18,2026-08-19
500831,6071,30284,88.0,77.0,2026-08-18,2026-08-19
500832,6041,30499,514.0,38.0,2026-08-18,2026-08-19
500833,6002,30314,374.0,76.0,2026-08-18,2026-08-19
500834,6061,30077,216.0,60.0,2026-08-18,2026-08-19
500835,6055,31224,0.0,7.0,2026-08-18,2026-08-19
500836,6015,31439,573.0,75.0,2026-08-18,2026-08-19
500837,6126,30643,484.0,58.0,2026-08-18,2026-08-19
500838,6132,31337,274.0,59.0,2026-08-18,2026-08-19
500839,6150,30861,320.0,68.0,2026-08-18,2026-08-19
500840,6066,30364,384.0,66.0,2026-08-18,2026-08-19
500841,6062,30157,23.0,25.0,2026-08-18,2026-08-19
500842,6084,31391,291.0,12.0,2026-08-18,2026-08-19
500843,6146,30413,477.0,57.0,2026-08-18,2026-08-19
500844,6016,30242,84.0,74.0,2026-08-18,2026-08-19
500845,6139,30362,751.0,17.0,2026-08-18,2026-08-19
500846,6039,30153,210.0,42.0,2026-08-18,2026-08-19
500847,6057,30291,442.0,16.0,2026-08-18,2026-08-19
500848,6019,30097,523.0,23.0,2026-08-18,2026-08-19
500849,6131,30841,573.0,63.0,2026-08-18,2026-08-19
500850,6070,30950,419.0,52.61587436332768,2026-08-18,2026-08-19
500851,6062,30558,175.0,41.0,2026-08-18,2026-08-19
500852,6130,30125,350.0,24.0,2026-08-18,2026-08-19
500853,6096,30887,183.0,60.0,2026-08-18,2026-08-19
500854,6130,30446,467.0,18.0,2026-08-18,2026-08-19
500855,6070,31424,203.0,52.61587436332768,2026-08-18,2026-08-19
500856,6008,30494,147.0,88.0,2026-08-18,2026-08-19
500857,6135,30819,215.0,51.0,2026-08-18,2026-08-19
500858,6090,31176,592.0,76.0,2026-08-18,2026-08-19
500859,6117,30874,797.0,30.0,2026-08-18,2026-08-19
500860,6094,30058,403.0,36.0,2026-08-18,2026-08-19
500861,6013,30476,395.0,35.0,2026-08-18,2026-08-19
500862,6027,31256,614.0,46.0,2026-08-18,2026-08-19
500863,6113,30678,419.0,94.0,2026-08-18,2026-08-19
500864,6037,30423,566.0,52.61587436332768,2026-08-18,2026-08-19
500865,6123,31046,629.0,61.0,2026-08-18,2026-08-19
500866,6002,30734,528.0,78.0,2026-08-18,2026-08-19
500867,6033,30475,573.0,17.0,2026-08-18,2026-08-19
500868,6123,30224,313.0,96.0,2026-08-18,2026-08-19
500869,6105,30970,322.0,58.0,2026-08-18,2026-08-19
500870,6012,30772,195.0,20.0,2026-08-18,2026-08-19
500871,6015,30304,220.0,47.0,2026-08-18,2026-08-19
500872,6045,30783,578.0,61.0,2026-08-18,2026-08-19
500873,6054,31229,198.0,79.0,2026-08-18,2026-08-19
500874,6076,31264,716.0,73.0,2026-08-18,2026-08-19
500875,6108,30337,306.0,56.0,2026-08-18,2026-08-19
500876,6142,30675,538.0,53.0,2026-08-18,2026-08-19
500877,6121,30556,637.0,27.0,2026-08-18,2026-08-19
500878,6037,31305,81.0,88.0,2026-08-18,2026-08-19
500879,6002,30192,615.0,18.0,2026-08-18,2026-08-19
500880,6136,30600,391.0,99.0,2026-08-18,2026-08-19
500881,6104,30418,624.0,60.0,2026-08-18,2026-08-19
500882,6056,31415,748.0,27.0,2026-08-18,2026-08-19
500883,6069,30726,94.0,35.0,2026-08-18,2026-08-19
500884,6052,31077,279.0,96.0,2026-08-18,2026-08-19
500885,6105,30230,758.0,89.0,2026-08-18,2026-08-19
500886,6066,31225,270.0,52.61587436332768,2026-08-18,2026-08-19
500887,6125,31396,175.0,72.0,2026-08-18,2026-08-19
500888,6046,30834,0.0,33.0,2026-08-18,2026-08-19
500889,6058,30186,419.0,31.0,2026-08-18,2026-08-19
500890,6142,30441,485.0,29.0,2026-08-18,2026-08-19
500891,6092,30121,523.0,96.0,2026-08-18,2026-08-19
500892,6083,30611,699.0,87.0,2026-08-18,2026-08-19
500893,6068,30045,226.0,43.0,2026-08-18,2026-08-19
500894,6091,30015,57.0,87.0,2026-08-18,2026-08-19
500895,6124,30051,291.0,48.0,2026-08-18,2026-08-19
500896,6088,30728,265.0,80.0,2026-08-18,2026-08-19
500897,6097,30535,0.0,63.0,2026-08-18,2026-08-19
500898,6080,30721,332.0,61.0,2026-08-18,2026-08-19
500899,6077,30106,122.0,9.0,2026-08-18,2026-08-19
500900,6048,30308,328.0,45.0,2026-08-18,2026-08-19
500901,6061,31292,449.0,71.0,2026-08-18,2026-08-19
500902,6142,31368,391.0,12.0,2026-08-18,2026-08-19
500903,6135,30281,644.0,11.0,2026-08-18,2026-08-19
500904,6122,31168,734.0,95.0,2026-08-18,2026-08-19
500905,6051,30790,286.0,11.0,2026-08-18,2026-08-19
500906,6032,30199,404.0,88.0,2026-08-18,2026-08-19
500907,6032,30369,218.0,41.0,2026-08-18,2026-08-19
500908,6019,30966,332.0,35.0,2026-08-18,2026-08-19
500909,6037,30090,542.0,97.0,2026-08-18,2026-08-19
500910,6043,30969,298.0,52.61587436332768,2026-08-18,2026-08-19
500911,6002,31497,624.0,50.0,2026-08-18,2026-08-19
500912,6127,31078,343.0,60.0,2026-08-18,2026-08-19
500913,6034,30258,682.0,65.0,2026-08-18,2026-08-19
500914,6093,30280,683.0,52.61587436332768,2026-08-18,2026-08-19
500915,6097,30913,168.0,50.0,2026-08-18,2026-08-19
500916,6046,31082,444.0,42.0,2026-08-18,2026-08-19
500917,6109,30838,677.0,52.61587436332768,2026-08-18,2026-08-19
500918,6120,30978,530.0,15.0,2026-08-18,2026-08-19
500919,6083,30137,427.0,52.61587436332768,2026-08-18,2026-08-19
500920,6066,30980,581.0,52.61587436332768,2026-08-18,2026-08-19
500921,6075,30739,611.0,29.0,2026-08-18,2026-08-19
500922,6006,31347,133.0,88.0,2026-08-18,2026-08-19
500923,6068,30765,0.0,87.0,2026-08-18,2026-08-19
500924,6125,31199,722.0,51.0,2026-08-18,2026-08-19
500925,6086,30356,606.0,6.0,2026-08-18,2026-08-19
500926,6146,31260,526.0,13.0,2026-08-18,2026-08-19
500927,6085,30684,44.0,86.0,2026-08-18,2026-08-19
500928,6093,30641,0.0,74.0,2026-08-18,2026-08-19
500929,6101,30732,593.0,21.0,2026-08-18,2026-08-19
500930,6127,31315,0.0,60.0,2026-08-18,2026-08-19
500931,6009,30525,102.0,89.0,2026-08-18,2026-08-19
500932,6039,30454,551.0,7.0,2026-08-18,2026-08-19
500933,6030,31015,634.0,99.0,2026-08-18,2026-08-19
500934,6134,30820,0.0,33.0,2026-08-18,2026-08-19
500935,6121,30975,643.0,73.0,2026-08-18,2026-08-19
500936,6019,30289,58.0,53.0,2026-08-18,2026-08-19
500937,6104,30987,689.0,94.0,2026-08-18,2026-08-19
500938,6133,31287,130.0,82.0,2026-08-18,2026-08-19
500939,6142,31041,417.0,6.0,2026-08-18,2026-08-19
500940,6001,31418,690.0,44.0,2026-08-18,2026-08-19
500941,6132,31064,182.0,100.0,2026-08-18,2026-08-19
500942,6102,31251,596.0,81.0,2026-08-18,2026-08-19
500943,6131,30507,617.0,64.0,2026-08-18,2026-08-19
500944,6049,31362,654.0,36.0,2026-08-18,2026-08-19
500945,6021,31251,435.0,92.0,2026-08-18,2026-08-19
500946,6139,31179,754.0,58.0,2026-08-18,2026-08-19
500947,6039,30503,335.0,34.0,2026-08-18,2026-08-19
500948,6066,31264,266.0,91.0,2026-08-18,2026-08-19
500949,6069,31029,159.0,52.61587436332768,2026-08-18,2026-08-19
500950,6017,30728,118.0,27.0,2026-08-18,2026-08-19
500951,6010,30801,291.0,52.61587436332768,2026-08-18,2026-08-19
500952,6146,31480,330.0,35.0,2026-08-18,2026-08-19
500953,6102,31005,204.0,60.0,2026-08-18,2026-08-19
500954,6130,30067,688.0,75.0,2026-08-18,2026-08-19
500955,6030,30086,504.0,44.0,2026-08-18,2026-08-19
500956,6029,30134,576.0,76.0,2026-08-18,2026-08-19
500957,6142,30996,2.0,92.0,2026-08-18,2026-08-19
500958,6053,30758,382.0,68.0,2026-08-18,2026-08-19
500959,6149,31292,530.0,55.0,2026-08-18,2026-08-19
500960,6130,30531,265.0,14.0,2026-08-18,2026-08-19
500961,6021,30355,542.0,18.0,2026-08-18,2026-08-19
500962,6068,30783,294.0,96.0,2026-08-18,2026-08-19
500963,6090,30443,733.0,77.0,2026-08-18,2026-08-19
500964,6137,31025,225.0,66.0,2026-08-18,2026-08-19
500965,6015,30378,684.0,52.61587436332768,2026-08-18,2026-08-19
500966,6050,30676,664.0,20.0,2026-08-18,2026-08-19
500967,6122,30331,625.0,14.0,2026-08-18,2026-08-19
500968,6003,30965,261.0,56.0,2026-08-18,2026-08-19
500969,6050,30404,506.0,39.0,2026-08-18,2026-08-19
500970,6045,30734,0.0,12.0,2026-08-18,2026-08-19
500971,6060,31453,516.0,25.0,2026-08-18,2026-08-19
500972,6144,31243,70.0,53.0,2026-08-18,2026-08-19
500973,6013,30281,241.0,90.0,2026-08-18,2026-08-19
500974,6056,30407,272.0,54.0,2026-08-18,2026-08-19
500975,6057,30812,771.0,42.0,2026-08-18,2026-08-19
500976,6103,30139,16.0,30.0,2026-08-18,2026-08-19
500977,6083,30274,212.0,8.0,2026-08-18,2026-08-19
500978,6006,30320,636.0,91.0,2026-08-18,2026-08-19
500979,6100,30921,637.0,5.0,2026-08-18,2026-08-19
500980,6021,30823,750.0,93.0,2026-08-18,2026-08-19
500981,6055,31052,86.0,79.0,2026-08-18,2026-08-19
500982,6051,30337,208.0,77.0,2026-08-18,2026-08-19
500983,6048,31190,387.0,79.0,2026-08-18,2026-08-19
500984,6135,31103,35.0,52.61587436332768,2026-08-18,2026-08-19
500985,6150,31366,456.0,40.0,2026-08-18,2026-08-19
500986,6063,31464,258.0,94.0,2026-08-18,2026-08-19
500987,6050,30679,545.0,80.0,2026-08-18,2026-08-19
500988,6086,30408,269.0,41.0,2026-08-18,2026-08-19
500989,6009,30119,609.0,57.0,2026-08-18,2026-08-19
500990,6055,30108,469.0,78.0,2026-08-18,2026-08-19
500991,6022,30373,269.0,52.61587436332768,2026-08-18,2026-08-19
500992,6109,30359,134.0,44.0,2026-08-18,2026-08-19
500993,6029,30813,645.0,20.0,2026-08-18,2026-08-19
500994,6044,31120,700.0,51.0,2026-08-18,2026-08-19
500995,6016,30679,685.0,64.0,2026-08-18,2026-08-19
500996,6079,30446,292.0,46.0,2026-08-18,2026-08-19
500997,6097,31210,267.0,61.0,2026-08-18,2026-08-19
500998,6095,30471,0.0,94.0,2026-08-18,2026-08-19
500999,6078,30731,236.0,94.0,2026-08-18,2026-08-19
501000,6036,31291,587.0,36.0,2026-08-18,2026-08-19
501001,6099,30999,318.0,52.61587436332768,2026-08-18,2026-08-19
501002,6001,31005,689.0,50.0,2026-08-18,2026-08-19
501003,6105,30439,327.0,87.0,2026-08-18,2026-08-19
501004,6136,30687,246.0,14.0,2026-08-18,2026-08-19
501005,6120,31048,730.0,79.0,2026-08-18,2026-08-19
501006,6034,30223,798.0,63.0,2026-08-18,2026-08-19
501007,6057,30532,243.0,15.0,2026-08-18,2026-08-19
501008,6086,30354,299.0,5.0,2026-08-18,2026-08-19
501009,6058,30908,426.0,25.0,2026-08-18,2026-08-19
501010,6023,30477,247.0,53.0,2026-08-18,2026-08-19
501011,6081,30773,222.0,88.0,2026-08-18,2026-08-19
501012,6140,30204,586.0,55.0,2026-08-18,2026-08-19
501013,6136,31146,499.0,63.0,2026-08-18,2026-08-19
501014,6023,30870,634.0,27.0,2026-08-18,2026-08-19
501015,6099,31111,131.0,29.0,2026-08-18,2026-08-19
501016,6063,30394,103.0,64.0,2026-08-18,2026-08-19
501017,6032,30641,552.0,20.0,2026-08-18,2026-08-19
501018,6011,31096,410.0,25.0,2026-08-18,2026-08-19
501019,6101,30111,556.0,39.0,2026-08-18,2026-08-19
501020,6117,30330,405.0,28.0,2026-08-18,2026-08-19
501021,6091,30417,107.0,41.0,2026-08-18,2026-08-19
501022,6150,30470,689.0,34.0,2026-08-18,2026-08-19
501023,6006,30262,115.0,19.0,2026-08-18,2026-08-19
501024,6056,30680,51.0,66.0,2026-08-18,2026-08-19
501025,6137,30090,23.0,84.0,2026-08-18,2026-08-19
501026,6006,30549,343.0,7.0,2026-08-18,2026-08-19
501027,6125,30782,597.0,64.0,2026-08-18,2026-08-19
501028,6020,31362,413.0,18.0,2026-08-18,2026-08-19
501029,6081,31437,145.0,93.0,2026-08-18,2026-08-19
501030,6103,31042,607.0,35.0,2026-08-18,2026-08-19
501031,6026,31315,395.0,25.0,2026-08-18,2026-08-19
501032,6117,30618,0.0,80.0,2026-08-18,2026-08-19
501033,6117,31143,516.0,70.0,2026-08-18,2026-08-19
501034,6035,31163,153.0,81.0,2026-08-18,2026-08-19
501035,6080,31458,151.0,34.0,2026-08-18,2026-08-19
501036,6086,30299,184.0,52.61587436332768,2026-08-18,2026-08-19
501037,6113,30440,739.0,35.0,2026-08-18,2026-08-19
501038,6015,30077,388.0,7.0,2026-08-18,2026-08-19
501039,6100,31045,728.0,26.0,2026-08-18,2026-08-19
501040,6017,31132,502.0,72.0,2026-08-18,2026-08-19
501041,6115,30685,366.0,87.0,2026-08-18,2026-08-19
501042,6041,30944,433.0,76.0,2026-08-18,2026-08-19
501043,6062,30591,16.0,44.0,2026-08-18,2026-08-19
501044,6069,30522,142.0,80.0,2026-08-18,2026-08-19
501045,6144,31025,708.0,7.0,2026-08-18,2026-08-19
501046,6126,31118,539.0,100.0,2026-08-18,2026-08-19
501047,6095,30836,0.0,17.0,2026-08-18,2026-08-19
501048,6069,30323,0.0,62.0,2026-08-18,2026-08-19
501049,6147,30485,89.0,20.0,2026-08-18,2026-08-19
501050,6137,30404,713.0,53.0,2026-08-18,2026-08-19
501051,6041,30284,356.0,22.0,2026-08-18,2026-08-19
501052,6056,30859,418.0,98.0,2026-08-18,2026-08-19
501053,6014,31217,260.0,41.0,2026-08-18,2026-08-19
501054,6050,30732,285.0,48.0,2026-08-18,2026-08-19
501055,6106,30079,572.0,93.0,2026-08-18,2026-08-19
501056,6055,30353,769.0,11.0,2026-08-18,2026-08-19
501057,6142,30015,339.0,89.0,2026-08-18,2026-08-19
501058,6102,30045,635.0,84.0,2026-08-18,2026-08-19
501059,6052,30907,194.0,22.0,2026-08-18,2026-08-19
501060,6066,30493,381.0,17.0,2026-08-18,2026-08-19
501061,6116,30100,464.0,83.0,2026-08-18,2026-08-19
501062,6009,30363,259.0,54.0,2026-08-18,2026-08-19
501063,6053,30581,128.0,23.0,2026-08-18,2026-08-19
501064,6113,30791,367.0,45.0,2026-08-18,2026-08-19
501065,6028,31135,365.0,94.0,2026-08-18,2026-08-19
501066,6098,31458,293.0,99.0,2026-08-18,2026-08-19
501067,6002,31359,713.0,55.0,2026-08-18,2026-08-19
501068,6048,30595,627.0,28.0,2026-08-18,2026-08-19
501069,6088,31426,676.0,74.0,2026-08-18,2026-08-19
501070,6053,30455,589.0,13.0,2026-08-18,2026-08-19
501071,6043,30190,230.0,8.0,2026-08-18,2026-08-19
501072,6106,30587,325.0,52.61587436332768,2026-08-18,2026-08-19
501073,6140,30839,105.0,69.0,2026-08-18,2026-08-19
501074,6026,30748,71.0,90.0,2026-08-18,2026-08-19
501075,6072,30726,554.0,98.0,2026-08-18,2026-08-19
501076,6039,31335,775.0,39.0,2026-08-18,2026-08-19
501077,6098,30796,696.0,43.0,2026-08-18,2026-08-19
501078,6142,31478,742.0,91.0,2026-08-18,2026-08-19
501079,6095,30331,727.0,85.0,2026-08-18,2026-08-19
501080,6089,31248,598.0,66.0,2026-08-18,2026-08-19
501081,6069,30831,0.0,93.0,2026-08-18,2026-08-19
501082,6035,30915,242.0,91.0,2026-08-18,2026-08-19
501083,6127,30821,92.0,20.0,2026-08-18,2026-08-19
501084,6030,30389,617.0,87.0,2026-08-18,2026-08-19
501085,6076,30751,93.0,86.0,2026-08-18,2026-08-19
501086,6097,31451,391.0,100.0,2026-08-18,2026-08-19
501087,6076,31233,157.0,65.0,2026-08-18,2026-08-19
501088,6049,30504,80.0,30.0,2026-08-18,2026-08-19
501089,6065,31193,137.0,22.0,2026-08-18,2026-08-19
501090,6091,30729,378.0,13.0,2026-08-18,2026-08-19
501091,6094,30919,146.0,77.0,2026-08-18,2026-08-19
501092,6056,30895,8.0,7.0,2026-08-18,2026-08-19
501093,6005,31360,38.0,29.0,2026-08-18,2026-08-19
501094,6113,30740,251.0,47.0,2026-08-18,2026-08-19
501095,6070,30301,16.0,40.0,2026-08-18,2026-08-19
501096,6054,30855,600.0,22.0,2026-08-18,2026-08-19
501097,6025,30246,408.0,12.0,2026-08-18,2026-08-19
501098,6018,31498,580.0,99.0,2026-08-18,2026-08-19
501099,6059,30824,561.0,52.0,2026-08-18,2026-08-19
501100,6090,30692,582.0,56.0,2026-08-18,2026-08-19
501101,6097,30802,144.0,33.0,2026-08-18,2026-08-19
501102,6047,30706,473.0,96.0,2026-08-18,2026-08-19
501103,6142,30614,559.0,51.0,2026-08-18,2026-08-19
501104,6108,31101,100.0,80.0,2026-08-18,2026-08-19
501105,6034,30080,366.0,42.0,2026-08-18,2026-08-19
501106,6033,30802,618.0,75.0,2026-08-18,2026-08-19
501107,6009,30184,597.0,61.0,2026-08-18,2026-08-19
501108,6145,30585,270.0,24.0,2026-08-18,2026-08-19
501109,6105,31261,322.0,56.0,2026-08-18,2026-08-19
501110,6010,30186,186.0,79.0,2026-08-18,2026-08-19
501111,6111,30863,165.0,78.0,2026-08-18,2026-08-19
501112,6128,31164,479.0,88.0,2026-08-18,2026-08-19
501113,6099,31268,569.0,78.0,2026-08-18,2026-08-19
501114,6030,30392,380.0,62.0,2026-08-18,2026-08-19
501115,6012,30269,208.0,98.0,2026-08-18,2026-08-19
501116,6139,30137,303.0,52.61587436332768,2026-08-18,2026-08-19
501117,6052,31407,798.0,56.0,2026-08-18,2026-08-19
501118,6120,30571,189.0,84.0,2026-08-18,2026-08-19
501119,6053,31261,691.0,11.0,2026-08-18,2026-08-19
501120,6105,31301,177.0,12.0,2026-08-18,2026-08-19
501121,6017,30983,613.0,74.0,2026-08-18,2026-08-19
501122,6034,30829,0.0,44.0,2026-08-18,2026-08-19
501123,6148,30697,499.0,42.0,2026-08-18,2026-08-19
501124,6067,30064,82.0,5.0,2026-08-18,2026-08-19
501125,6013,30623,129.0,9.0,2026-08-18,2026-08-19
501126,6106,31256,578.0,63.0,2026-08-18,2026-08-19
501127,6060,30829,107.0,97.0,2026-08-18,2026-08-19
501128,6054,30449,617.0,97.0,2026-08-18,2026-08-19
501129,6064,31336,702.0,80.0,2026-08-18,2026-08-19
501130,6114,31006,513.0,66.0,2026-08-18,2026-08-19
501131,6069,30403,1.0,52.61587436332768,2026-08-18,2026-08-19
501132,6058,30374,481.0,81.0,2026-08-18,2026-08-19
501133,6100,30882,100.0,32.0,2026-08-18,2026-08-19
501134,6122,31318,614.0,94.0,2026-08-18,2026-08-19
501135,6093,31323,0.0,20.0,2026-08-18,2026-08-19
501136,6127,31219,747.0,77.0,2026-08-18,2026-08-19
501137,6015,30233,75.0,15.0,2026-08-18,2026-08-19
501138,6025,31120,419.0,68.0,2026-08-18,2026-08-19
501139,6022,31381,400.0,99.0,2026-08-18,2026-08-19
501140,6017,30922,250.0,8.0,2026-08-18,2026-08-19
501141,6125,30275,368.0,12.0,2026-08-18,2026-08-19
501142,6018,30038,0.0,52.61587436332768,2026-08-18,2026-08-19
501143,6055,31225,232.0,53.0,2026-08-18,2026-08-19
501144,6040,30056,486.0,36.0,2026-08-18,2026-08-19
501145,6020,30891,368.0,55.0,2026-08-18,2026-08-19
501146,6030,31007,208.0,42.0,2026-08-18,2026-08-19
501147,6146,30329,482.0,68.0,2026-08-18,2026-08-19
501148,6037,30114,144.0,66.0,2026-08-18,2026-08-19
501149,6090,30466,662.0,34.0,2026-08-18,2026-08-19
501150,6107,31084,0.0,85.0,2026-08-18,2026-08-19
501151,6101,30020,277.0,7.0,2026-08-18,2026-08-19
501152,6021,30166,659.0,75.0,2026-08-18,2026-08-19
501153,6133,30083,436.0,86.0,2026-08-18,2026-08-19
501154,6035,31218,8.0,21.0,2026-08-18,2026-08-19
501155,6143,31254,0.0,13.0,2026-08-18,2026-08-19
501156,6081,31391,667.0,12.0,2026-08-18,2026-08-19
501157,6088,30509,343.0,48.0,2026-08-18,2026-08-19
501158,6073,31368,722.0,98.0,2026-08-18,2026-08-19
501159,6046,30203,242.0,8.0,2026-08-18,2026-08-19
501160,6115,30824,291.0,52.61587436332768,2026-08-18,2026-08-19
501161,6103,30599,496.0,85.0,2026-08-18,2026-08-19
501162,6044,31138,252.0,27.0,2026-08-18,2026-08-19
501163,6019,30934,332.0,77.0,2026-08-18,2026-08-19
501164,6073,31482,408.0,95.0,2026-08-18,2026-08-19
501165,6112,30243,408.0,51.0,2026-08-18,2026-08-19
501166,6051,30702,576.0,54.0,2026-08-18,2026-08-19
501167,6084,31438,259.0,65.0,2026-08-18,2026-08-19
501168,6093,30960,721.0,96.0,2026-08-18,2026-08-19
501169,6142,31309,461.0,66.0,2026-08-18,2026-08-19
501170,6130,31216,670.0,21.0,2026-08-18,2026-08-19
501171,6076,30411,678.0,68.0,2026-08-18,2026-08-19
501172,6123,31151,751.0,21.0,2026-08-18,2026-08-19
501173,6081,30113,0.0,75.0,2026-08-18,2026-08-19
501174,6012,30935,130.0,68.0,2026-08-18,2026-08-19
501175,6141,30349,668.0,41.0,2026-08-18,2026-08-19
501176,6027,30080,753.0,52.0,2026-08-18,2026-08-19
501177,6150,30954,71.0,31.0,2026-08-18,2026-08-19
501178,6090,30611,579.0,52.61587436332768,2026-08-18,2026-08-19
501179,6108,31485,489.0,50.0,2026-08-18,2026-08-19
501180,6026,30210,429.0,78.0,2026-08-18,2026-08-19
501181,6093,31109,455.0,79.0,2026-08-18,2026-08-19
501182,6025,30511,334.0,10.0,2026-08-18,2026-08-19
501183,6018,31488,62.0,84.0,2026-08-18,2026-08-19
501184,6129,30545,651.0,60.0,2026-08-18,2026-08-19
501185,6109,30133,746.0,68.0,2026-08-18,2026-08-19
501186,6149,30851,80.0,60.0,2026-08-18,2026-08-19
501187,6121,30890,230.0,95.0,2026-08-18,2026-08-19
501188,6028,30989,415.0,89.0,2026-08-18,2026-08-19
501189,6107,31198,178.0,97.0,2026-08-18,2026-08-19
501190,6141,30246,278.0,34.0,2026-08-18,2026-08-19
501191,6080,31157,250.0,55.0,2026-08-18,2026-08-19
501192,6118,30876,677.0,27.0,2026-08-18,2026-08-19
501193,6089,31012,405.0,78.0,2026-08-18,2026-08-19
501194,6038,30173,705.0,95.0,2026-08-18,2026-08-19
501195,6117,31342,552.0,35.0,2026-08-18,2026-08-19
501196,6143,30386,543.0,25.0,2026-08-18,2026-08-19
501197,6116,30417,188.0,84.0,2026-08-18,2026-08-19
501198,6065,31485,522.0,91.0,2026-08-18,2026-08-19
501199,6108,30436,60.0,22.0,2026-08-18,2026-08-19
501200,6097,30786,581.0,34.0,2026-08-18,2026-08-19
501201,6068,30488,283.0,88.0,2026-08-18,2026-08-19
501202,6067,30062,248.0,19.0,2026-08-18,2026-08-19
501203,6027,31217,553.0,62.0,2026-08-18,2026-08-19
501204,6014,30671,98.0,62.0,2026-08-18,2026-08-19
501205,6072,30911,721.0,33.0,2026-08-18,2026-08-19
501206,6011,30580,470.0,9.0,2026-08-18,2026-08-19
501207,6010,31307,598.0,73.0,2026-08-18,2026-08-19
501208,6145,31464,504.0,33.0,2026-08-18,2026-08-19
501209,6021,31310,147.0,44.0,2026-08-18,2026-08-19
501210,6139,31033,299.0,42.0,2026-08-18,2026-08-19
501211,6106,30584,545.0,31.0,2026-08-18,2026-08-19
501212,6105,31082,242.0,62.0,2026-08-18,2026-08-19
501213,6116,31290,430.0,63.0,2026-08-18,2026-08-19
501214,6073,31377,528.0,14.0,2026-08-18,2026-08-19
501215,6072,31283,706.0,26.0,2026-08-18,2026-08-19
501216,6106,31289,233.0,31.0,2026-08-18,2026-08-19
501217,6116,30915,777.0,63.0,2026-08-18,2026-08-19
501218,6010,30036,204.0,58.0,2026-08-18,2026-08-19
501219,6094,31342,399.0,53.0,2026-08-18,2026-08-19
501220,6118,31062,249.0,62.0,2026-08-18,2026-08-19
501221,6045,30655,162.0,8.0,2026-08-18,2026-08-19
501222,6130,30827,178.0,46.0,2026-08-18,2026-08-19
501223,6010,31087,611.0,48.0,2026-08-18,2026-08-19
501224,6021,31216,478.0,57.0,2026-08-18,2026-08-19
501225,6008,30294,479.0,97.0,2026-08-18,2026-08-19
501226,6078,31476,470.0,39.0,2026-08-18,2026-08-19
501227,6046,30170,62.0,52.61587436332768,2026-08-18,2026-08-19
501228,6054,31146,207.0,66.0,2026-08-18,2026-08-19
501229,6109,31099,774.0,73.0,2026-08-18,2026-08-19
501230,6058,30634,775.0,31.0,2026-08-18,2026-08-19
501231,6044,31320,64.0,23.0,2026-08-18,2026-08-19
501232,6039,31472,580.0,64.0,2026-08-18,2026-08-19
501233,6084,30218,537.0,23.0,2026-08-18,2026-08-19
501234,6136,30792,18.0,20.0,2026-08-18,2026-08-19
501235,6024,30416,416.0,85.0,2026-08-18,2026-08-19
501236,6124,30699,413.0,17.0,2026-08-18,2026-08-19
501237,6083,30950,347.0,75.0,2026-08-18,2026-08-19
501238,6055,31483,75.0,98.0,2026-08-18,2026-08-19
501239,6058,30392,445.0,7.0,2026-08-18,2026-08-19
501240,6055,30848,313.0,37.0,2026-08-18,2026-08-19
501241,6107,31284,741.0,19.0,2026-08-18,2026-08-19
501242,6085,31137,578.0,28.0,2026-08-18,2026-08-19
501243,6011,30746,323.0,35.0,2026-08-18,2026-08-19
501244,6071,30830,321.0,52.61587436332768,2026-08-18,2026-08-19
501245,6117,30118,462.0,16.0,2026-08-18,2026-08-19
501246,6048,31107,186.0,49.0,2026-08-18,2026-08-19
501247,6148,30910,346.0,25.0,2026-08-18,2026-08-19
501248,6150,30090,756.0,46.0,2026-08-18,2026-08-19
501249,6068,30075,724.0,10.0,2026-08-18,2026-08-19
501250,6085,30655,175.0,65.0,2026-08-18,2026-08-19
501251,6115,30356,642.0,83.0,2026-08-18,2026-08-19
501252,6011,31281,776.0,94.0,2026-08-18,2026-08-19
501253,6009,30573,108.0,58.0,2026-08-18,2026-08-19
501254,6116,30496,339.0,23.0,2026-08-18,2026-08-19
501255,6081,30764,537.0,13.0,2026-08-18,2026-08-19
501256,6095,30454,205.0,52.61587436332768,2026-08-18,2026-08-19
501257,6063,31423,0.0,47.0,2026-08-18,2026-08-19
501258,6015,30714,40.0,97.0,2026-08-18,2026-08-19
501259,6082,31074,520.0,41.0,2026-08-18,2026-08-19
501260,6032,30344,332.0,63.0,2026-08-18,2026-08-19
501261,6099,30293,148.0,100.0,2026-08-18,2026-08-19
501262,6094,30353,444.0,49.0,2026-08-18,2026-08-19
501263,6120,30836,110.0,47.0,2026-08-18,2026-08-19
501264,6027,30366,742.0,52.61587436332768,2026-08-18,2026-08-19
501265,6081,30721,361.0,78.0,2026-08-18,2026-08-19
501266,6099,30471,71.0,21.0,2026-08-18,2026-08-19
501267,6022,30425,422.0,21.0,2026-08-18,2026-08-19
501268,6086,30307,376.0,49.0,2026-08-18,2026-08-19
501269,6078,30812,257.0,50.0,2026-08-18,2026-08-19
501270,6092,30154,702.0,59.0,2026-08-18,2026-08-19
501271,6119,30432,357.0,9.0,2026-08-18,2026-08-19
501272,6118,31496,667.0,46.0,2026-08-18,2026-08-19
501273,6111,30703,725.0,91.0,2026-08-18,2026-08-19
501274,6036,30598,234.0,19.0,2026-08-18,2026-08-19
501275,6109,31263,177.0,81.0,2026-08-18,2026-08-19
501276,6038,30405,140.0,80.0,2026-08-18,2026-08-19
501277,6048,30979,52.0,42.0,2026-08-18,2026-08-19
501278,6050,31158,547.0,15.0,2026-08-18,2026-08-19
501279,6063,30164,153.0,58.0,2026-08-18,2026-08-19
501280,6085,30370,784.0,39.0,2026-08-18,2026-08-19
501281,6065,31291,207.0,59.0,2026-08-18,2026-08-19
501282,6107,31455,516.0,63.0,2026-08-18,2026-08-19
501283,6060,30011,397.0,26.0,2026-08-18,2026-08-19
501284,6055,30236,426.0,68.0,2026-08-18,2026-08-19
501285,6104,31306,464.0,52.61587436332768,2026-08-18,2026-08-19
501286,6122,30679,0.0,56.0,2026-08-18,2026-08-19
501287,6074,30467,82.0,38.0,2026-08-18,2026-08-19
501288,6147,30217,323.0,17.0,2026-08-18,2026-08-19
501289,6026,30005,604.0,82.0,2026-08-18,2026-08-19
501290,6121,30786,617.0,39.0,2026-08-18,2026-08-19
501291,6065,30734,402.0,56.0,2026-08-18,2026-08-19
501292,6083,31196,16.0,52.0,2026-08-18,2026-08-19
501293,6089,31382,294.0,44.0,2026-08-18,2026-08-19
501294,6025,30288,551.0,80.0,2026-08-18,2026-08-19
501295,6019,30442,617.0,87.0,2026-08-18,2026-08-19
501296,6037,30994,592.0,16.0,2026-08-18,2026-08-19
501297,6146,31256,313.0,97.0,2026-08-18,2026-08-19
501298,6100,30048,413.0,95.0,2026-08-18,2026-08-19
501299,6067,30174,181.0,82.0,2026-08-18,2026-08-19
501300,6036,30994,306.0,23.0,2026-08-18,2026-08-19
501301,6082,31444,587.0,52.0,2026-08-18,2026-08-19
501302,6088,31357,216.0,57.0,2026-08-18,2026-08-19
501303,6043,30252,157.0,47.0,2026-08-18,2026-08-19
501304,6019,31304,448.0,89.0,2026-08-18,2026-08-19
501305,6005,30888,0.0,42.0,2026-08-18,2026-08-19
501306,6014,30633,312.0,56.0,2026-08-18,2026-08-19
501307,6082,31333,482.0,43.0,2026-08-18,2026-08-19
501308,6128,31006,532.0,91.0,2026-08-18,2026-08-19
501309,6042,30646,365.0,23.0,2026-08-18,2026-08-19
501310,6022,30876,167.0,25.0,2026-08-18,2026-08-19
501311,6087,31419,326.0,93.0,2026-08-18,2026-08-19
501312,6075,30922,527.0,78.0,2026-08-18,2026-08-19
501313,6101,31040,388.0,96.0,2026-08-18,2026-08-19
501314,6082,31003,541.0,47.0,2026-08-18,2026-08-19
501315,6122,30849,407.0,95.0,2026-08-18,2026-08-19
501316,6002,30487,547.0,69.0,2026-08-18,2026-08-19
501317,6145,30432,791.0,81.0,2026-08-18,2026-08-19
501318,6051,31098,719.0,66.0,2026-08-18,2026-08-19
501319,6062,30408,499.0,54.0,2026-08-18,2026-08-19
501320,6025,30119,152.0,15.0,2026-08-18,2026-08-19
501321,6130,30056,370.0,35.0,2026-08-18,2026-08-19
501322,6113,30502,318.0,50.0,2026-08-18,2026-08-19
501323,6096,31210,518.0,46.0,2026-08-18,2026-08-19
501324,6024,30319,92.0,19.0,2026-08-18,2026-08-19
501325,6131,31198,449.0,48.0,2026-08-18,2026-08-19
501326,6015,30045,641.0,18.0,2026-08-18,2026-08-19
501327,6035,31319,0.0,39.0,2026-08-18,2026-08-19
501328,6116,30956,189.0,81.0,2026-08-18,2026-08-19
501329,6144,31245,668.0,49.0,2026-08-18,2026-08-19
501330,6090,31274,116.0,96.0,2026-08-18,2026-08-19
501331,6006,30160,11.0,33.0,2026-08-18,2026-08-19
501332,6057,30640,145.0,47.0,2026-08-18,2026-08-19
501333,6015,30458,752.0,95.0,2026-08-18,2026-08-19
501334,6059,30846,0.0,63.0,2026-08-18,2026-08-19
501335,6127,30459,606.0,5.0,2026-08-18,2026-08-19
501336,6008,30028,376.0,90.0,2026-08-18,2026-08-19
501337,6078,30783,3.0,33.0,2026-08-18,2026-08-19
501338,6081,30175,519.0,23.0,2026-08-18,2026-08-19
501339,6138,30699,736.0,89.0,2026-08-18,2026-08-19
501340,6149,31105,496.0,36.0,2026-08-18,2026-08-19
501341,6071,31137,6.0,73.0,2026-08-18,2026-08-19
501342,6047,30756,275.0,21.0,2026-08-18,2026-08-19
501343,6141,30057,86.0,72.0,2026-08-18,2026-08-19
501344,6020,30762,409.0,52.61587436332768,2026-08-18,2026-08-19
501345,6137,31300,63.0,81.0,2026-08-18,2026-08-19
501346,6002,31212,604.0,82.0,2026-08-18,2026-08-19
501347,6039,30713,562.0,91.0,2026-08-18,2026-08-19
501348,6146,30042,409.0,36.0,2026-08-18,2026-08-19
501349,6039,30499,347.0,70.0,2026-08-18,2026-08-19
501350,6030,31146,349.0,27.0,2026-08-18,2026-08-19
501351,6089,30528,0.0,33.0,2026-08-18,2026-08-19
501352,6104,30656,310.0,58.0,2026-08-18,2026-08-19
501353,6020,30727,653.0,50.0,2026-08-18,2026-08-19
501354,6103,30976,641.0,47.0,2026-08-18,2026-08-19
501355,6088,31031,425.0,80.0,2026-08-18,2026-08-19
501356,6011,31453,2.0,14.0,2026-08-18,2026-08-19
501357,6056,30364,85.0,43.0,2026-08-18,2026-08-19
501358,6092,30664,691.0,29.0,2026-08-18,2026-08-19
501359,6002,30638,0.0,81.0,2026-08-18,2026-08-19
501360,6142,30800,646.0,66.0,2026-08-18,2026-08-19
501361,6067,30270,96.0,74.0,2026-08-18,2026-08-19
501362,6065,30383,178.0,23.0,2026-08-18,2026-08-19
501363,6073,31227,361.0,59.0,2026-08-18,2026-08-19
501364,6099,31004,746.0,36.0,2026-08-18,2026-08-19
501365,6111,30423,538.0,26.0,2026-08-18,2026-08-19
501366,6104,31311,565.0,81.0,2026-08-18,2026-08-19
501367,6018,30408,737.0,68.0,2026-08-18,2026-08-19
501368,6031,30583,227.0,49.0,2026-08-18,2026-08-19
501369,6091,30157,265.0,33.0,2026-08-18,2026-08-19
501370,6014,31351,709.0,20.0,2026-08-18,2026-08-19
501371,6117,31299,789.0,52.61587436332768,2026-08-18,2026-08-19
501372,6131,30525,637.0,37.0,2026-08-18,2026-08-19
501373,6009,31067,753.0,34.0,2026-08-18,2026-08-19
501374,6027,30523,13.0,31.0,2026-08-18,2026-08-19
501375,6036,31386,214.0,36.0,2026-08-18,2026-08-19
501376,6122,31328,446.0,19.0,2026-08-18,2026-08-19
501377,6095,30009,179.0,41.0,2026-08-18,2026-08-19
501378,6034,30937,775.0,13.0,2026-08-18,2026-08-19
501379,6100,30541,160.0,27.0,2026-08-18,2026-08-19
501380,6084,31021,609.0,18.0,2026-08-18,2026-08-19
501381,6112,30231,185.0,54.0,2026-08-18,2026-08-19
501382,6017,30954,8.0,53.0,2026-08-18,2026-08-19
501383,6035,30594,641.0,17.0,2026-08-18,2026-08-19
501384,6070,30511,203.0,15.0,2026-08-18,2026-08-19
501385,6146,30745,28.0,66.0,2026-08-18,2026-08-19
501386,6093,31023,748.0,96.0,2026-08-18,2026-08-19
501387,6136,30732,510.0,71.0,2026-08-18,2026-08-19
501388,6116,31457,419.0,50.0,2026-08-18,2026-08-19
501389,6061,31453,374.0,16.0,2026-08-18,2026-08-19
501390,6125,30788,262.0,96.0,2026-08-18,2026-08-19
501391,6077,31472,409.0,20.0,2026-08-18,2026-08-19
501392,6014,30396,342.0,32.0,2026-08-18,2026-08-19
501393,6111,30417,522.0,45.0,2026-08-18,2026-08-19
501394,6077,30239,84.0,12.0,2026-08-18,2026-08-19
501395,6095,30396,713.0,6.0,2026-08-18,2026-08-19
501396,6077,31317,22.0,98.0,2026-08-18,2026-08-19
501397,6100,30627,136.0,26.0,2026-08-18,2026-08-19
501398,6048,30771,701.0,52.61587436332768,2026-08-18,2026-08-19
501399,6020,30277,769.0,47.0,2026-08-18,2026-08-19
501400,6066,30204,262.0,32.0,2026-08-18,2026-08-19
501401,6106,31460,431.0,53.0,2026-08-18,2026-08-19
501402,6129,30866,0.0,29.0,2026-08-18,2026-08-19
501403,6088,30635,375.0,19.0,2026-08-18,2026-08-19
501404,6007,30740,687.0,35.0,2026-08-18,2026-08-19
501405,6144,31398,255.0,52.0,2026-08-18,2026-08-19
501406,6079,30803,149.0,90.0,2026-08-18,2026-08-19
501407,6149,31331,196.0,58.0,2026-08-18,2026-08-19
501408,6118,30414,610.0,59.0,2026-08-18,2026-08-19
501409,6048,30889,70.0,72.0,2026-08-18,2026-08-19
501410,6111,30608,361.0,96.0,2026-08-18,2026-08-19
501411,6098,31149,601.0,13.0,2026-08-18,2026-08-19
501412,6082,31103,710.0,68.0,2026-08-18,2026-08-19
501413,6037,30520,0.0,44.0,2026-08-18,2026-08-19
501414,6059,30713,714.0,18.0,2026-08-18,2026-08-19
501415,6119,30021,194.0,11.0,2026-08-18,2026-08-19
501416,6143,30919,61.0,66.0,2026-08-18,2026-08-19
501417,6073,31278,454.0,91.0,2026-08-18,2026-08-19
501418,6101,31013,528.0,11.0,2026-08-18,2026-08-19
501419,6010,30503,457.0,9.0,2026-08-18,2026-08-19
501420,6017,31222,767.0,10.0,2026-08-18,2026-08-19
501421,6052,31224,395.0,88.0,2026-08-18,2026-08-19
501422,6111,30475,752.0,75.0,2026-08-18,2026-08-19
501423,6014,30117,275.0,60.0,2026-08-18,2026-08-19
501424,6083,31354,342.0,82.0,2026-08-18,2026-08-19
501425,6057,31097,120.0,93.0,2026-08-18,2026-08-19
501426,6098,30300,743.0,52.61587436332768,2026-08-18,2026-08-19
501427,6026,30884,645.0,91.0,2026-08-18,2026-08-19
501428,6040,31448,680.0,86.0,2026-08-18,2026-08-19
501429,6008,30272,525.0,77.0,2026-08-18,2026-08-19
501430,6113,30649,391.0,87.0,2026-08-18,2026-08-19
501431,6105,31258,771.0,47.0,2026-08-18,2026-08-19
501432,6084,30346,105.0,31.0,2026-08-18,2026-08-19
501433,6109,30085,60.0,41.0,2026-08-18,2026-08-19
501434,6056,30401,0.0,9.0,2026-08-18,2026-08-19
501435,6017,30343,64.0,83.0,2026-08-18,2026-08-19
501436,6058,30187,0.0,19.0,2026-08-18,2026-08-19
501437,6006,30103,547.0,35.0,2026-08-18,2026-08-19
501438,6031,31374,374.0,47.0,2026-08-18,2026-08-19
501439,6012,31439,316.0,30.0,2026-08-18,2026-08-19
501440,6002,30627,29.0,60.0,2026-08-18,2026-08-19
501441,6032,31416,532.0,34.0,2026-08-18,2026-08-19
501442,6026,31415,96.0,89.0,2026-08-18,2026-08-19
501443,6137,30762,164.0,68.0,2026-08-18,2026-08-19
501444,6096,30603,468.0,79.0,2026-08-18,2026-08-19
501445,6118,30721,636.0,34.0,2026-08-18,2026-08-19
501446,6034,31085,123.0,68.0,2026-08-18,2026-08-19
501447,6069,31249,390.0,77.0,2026-08-18,2026-08-19
501448,6049,31004,296.0,35.0,2026-08-18,2026-08-19
501449,6089,30394,271.0,7.0,2026-08-18,2026-08-19
501450,6014,30598,687.0,31.0,2026-08-18,2026-08-19
501451,6117,31469,210.0,92.0,2026-08-18,2026-08-19
501452,6113,30812,0.0,37.0,2026-08-18,2026-08-19
501453,6071,31120,442.0,11.0,2026-08-18,2026-08-19
501454,6048,31168,0.0,58.0,2026-08-18,2026-08-19
501455,6091,30274,196.0,74.0,2026-08-18,2026-08-19
501456,6026,30166,0.0,45.0,2026-08-18,2026-08-19
501457,6063,30374,766.0,15.0,2026-08-18,2026-08-19
501458,6105,30700,566.0,82.0,2026-08-18,2026-08-19
501459,6109,31023,316.0,52.61587436332768,2026-08-18,2026-08-19
501460,6008,31158,265.0,18.0,2026-08-18,2026-08-19
501461,6072,30884,583.0,59.0,2026-08-18,2026-08-19
501462,6052,30609,564.0,84.0,2026-08-18,2026-08-19
501463,6052,30737,195.0,51.0,2026-08-18,2026-08-19
501464,6084,31426,459.0,31.0,2026-08-18,2026-08-19
501465,6075,30982,139.0,84.0,2026-08-18,2026-08-19
501466,6142,30259,385.0,59.0,2026-08-18,2026-08-19
501467,6128,31310,791.0,66.0,2026-08-18,2026-08-19
501468,6102,31419,369.0,17.0,2026-08-18,2026-08-19
501469,6144,31139,764.0,6.0,2026-08-18,2026-08-19
501470,6067,30922,34.0,36.0,2026-08-18,2026-08-19
501471,6030,30908,563.0,92.0,2026-08-18,2026-08-19
501472,6070,30917,0.0,28.0,2026-08-18,2026-08-19
501473,6015,30649,781.0,27.0,2026-08-18,2026-08-19
501474,6123,30786,285.0,64.0,2026-08-18,2026-08-19
501475,6064,31040,156.0,37.0,2026-08-18,2026-08-19
501476,6127,30812,726.0,27.0,2026-08-18,2026-08-19
501477,6050,30880,407.0,79.0,2026-08-18,2026-08-19
501478,6087,31116,465.0,5.0,2026-08-18,2026-08-19
501479,6030,30830,659.0,51.0,2026-08-18,2026-08-19
501480,6015,30126,396.0,14.0,2026-08-18,2026-08-19
501481,6114,30913,780.0,22.0,2026-08-18,2026-08-19
501482,6042,31458,317.0,86.0,2026-08-18,2026-08-19
501483,6088,30289,514.0,60.0,2026-08-18,2026-08-19
501484,6084,30208,770.0,52.61587436332768,2026-08-18,2026-08-19
501485,6058,30262,84.0,52.61587436332768,2026-08-18,2026-08-19
501486,6051,30327,27.0,52.61587436332768,2026-08-18,2026-08-19
501487,6071,31124,0.0,95.0,2026-08-18,2026-08-19
501488,6008,31199,319.0,100.0,2026-08-18,2026-08-19
501489,6006,30707,443.0,47.0,2026-08-18,2026-08-19
501490,6027,31106,415.0,52.61587436332768,2026-08-18,2026-08-19
501491,6130,30593,150.0,61.0,2026-08-18,2026-08-19
501492,6108,30183,624.0,39.0,2026-08-18,2026-08-19
501493,6089,30646,800.0,42.0,2026-08-18,2026-08-19
501494,6009,30910,704.0,50.0,2026-08-18,2026-08-19
501495,6142,31297,31.0,86.0,2026-08-18,2026-08-19
501496,6130,31490,500.0,61.0,2026-08-18,2026-08-19
501497,6097,31286,244.0,98.0,2026-08-18,2026-08-19
501498,6077,30777,283.0,38.0,2026-08-18,2026-08-19
501499,6102,31094,799.0,78.0,2026-08-18,2026-08-19
501500,6107,30923,800.0,45.0,2026-08-18,2026-08-19
501501,6068,30346,231.0,50.0,2026-08-18,2026-08-19
501502,6040,30742,643.0,76.0,2026-08-18,2026-08-19
501503,6036,31250,644.0,52.61587436332768,2026-08-18,2026-08-19
501504,6050,30628,647.0,52.61587436332768,2026-08-18,2026-08-19
501505,6134,30077,479.0,68.0,2026-08-18,2026-08-19
501506,6086,31230,548.0,95.0,2026-08-18,2026-08-19
501507,6140,30405,273.0,76.0,2026-08-18,2026-08-19
501508,6063,30608,0.0,59.0,2026-08-18,2026-08-19
501509,6112,30097,520.0,58.0,2026-08-18,2026-08-19
501510,6022,30054,212.0,69.0,2026-08-18,2026-08-19
501511,6069,30019,250.0,39.0,2026-08-18,2026-08-19
501512,6008,30428,210.0,46.0,2026-08-18,2026-08-19
501513,6145,30037,654.0,50.0,2026-08-18,2026-08-19
501514,6150,31034,0.0,65.0,2026-08-18,2026-08-19
501515,6059,30662,697.0,19.0,2026-08-18,2026-08-19
501516,6092,30917,605.0,52.61587436332768,2026-08-18,2026-08-19
501517,6131,30806,323.0,79.0,2026-08-18,2026-08-19
501518,6060,31452,348.0,22.0,2026-08-18,2026-08-19
501519,6120,31177,689.0,15.0,2026-08-18,2026-08-19
501520,6024,30421,667.0,18.0,2026-08-18,2026-08-19
501521,6006,31050,746.0,5.0,2026-08-18,2026-08-19
501522,6114,31486,779.0,97.0,2026-08-18,2026-08-19
501523,6009,30628,760.0,54.0,2026-08-18,2026-08-19
501524,6136,31110,176.0,20.0,2026-08-18,2026-08-19
501525,6114,30796,328.0,89.0,2026-08-18,2026-08-19
501526,6136,30204,463.0,99.0,2026-08-18,2026-08-19
501527,6031,30920,700.0,52.61587436332768,2026-08-18,2026-08-19
501528,6064,31437,541.0,53.0,2026-08-18,2026-08-19
501529,6009,31085,447.0,81.0,2026-08-18,2026-08-19
501530,6106,31309,765.0,25.0,2026-08-18,2026-08-19
501531,6090,31462,137.0,53.0,2026-08-18,2026-08-19
501532,6120,30922,392.0,36.0,2026-08-18,2026-08-19
501533,6113,31171,528.0,63.0,2026-08-18,2026-08-19
501534,6040,30783,526.0,23.0,2026-08-18,2026-08-19
501535,6017,31190,375.0,43.0,2026-08-18,2026-08-19
501536,6076,31227,638.0,48.0,2026-08-18,2026-08-19
501537,6017,30645,539.0,34.0,2026-08-18,2026-08-19
501538,6009,31330,239.0,50.0,2026-08-18,2026-08-19
501539,6024,31366,798.0,56.0,2026-08-18,2026-08-19
501540,6104,30905,382.0,38.0,2026-08-18,2026-08-19
501541,6034,30672,167.0,52.61587436332768,2026-08-18,2026-08-19
501542,6108,30967,173.0,46.0,2026-08-18,2026-08-19
501543,6001,31066,471.0,52.0,2026-08-18,2026-08-19
501544,6093,31263,671.0,88.0,2026-08-18,2026-08-19
501545,6085,30244,379.0,84.0,2026-08-18,2026-08-19
501546,6097,30497,148.0,32.0,2026-08-18,2026-08-19
501547,6081,31338,660.0,30.0,2026-08-18,2026-08-19
501548,6111,30532,248.0,52.61587436332768,2026-08-18,2026-08-19
501549,6072,31440,124.0,17.0,2026-08-18,2026-08-19
501550,6089,30026,119.0,52.0,2026-08-18,2026-08-19
501551,6112,30990,600.0,27.0,2026-08-18,2026-08-19
501552,6054,30159,443.0,40.0,2026-08-18,2026-08-19
501553,6149,30465,676.0,78.0,2026-08-18,2026-08-19
501554,6133,30983,759.0,65.0,2026-08-18,2026-08-19
501555,6020,30605,0.0,28.0,2026-08-18,2026-08-19
501556,6050,30399,265.0,52.61587436332768,2026-08-18,2026-08-19
501557,6142,31213,103.0,22.0,2026-08-18,2026-08-19
501558,6050,30968,213.0,60.0,2026-08-18,2026-08-19
501559,6137,30696,420.0,27.0,2026-08-18,2026-08-19
501560,6122,30219,724.0,40.0,2026-08-18,2026-08-19
501561,6146,30867,15.0,70.0,2026-08-18,2026-08-19
501562,6034,31220,491.0,17.0,2026-08-18,2026-08-19
501563,6053,30783,106.0,34.0,2026-08-18,2026-08-19
501564,6131,31041,749.0,78.0,2026-08-18,2026-08-19
501565,6056,31055,723.0,59.0,2026-08-18,2026-08-19
501566,6047,30484,0.0,92.0,2026-08-18,2026-08-19
501567,6072,30928,608.0,52.61587436332768,2026-08-18,2026-08-19
501568,6029,30460,673.0,78.0,2026-08-18,2026-08-19
501569,6079,30427,703.0,63.0,2026-08-18,2026-08-19
501570,6118,30546,322.0,92.0,2026-08-18,2026-08-19
501571,6055,30973,557.0,28.0,2026-08-18,2026-08-19
501572,6099,30520,125.0,96.0,2026-08-18,2026-08-19
501573,6023,30696,419.0,20.0,2026-08-18,2026-08-19
501574,6129,31076,184.0,26.0,2026-08-18,2026-08-19
501575,6087,30038,350.0,52.61587436332768,2026-08-18,2026-08-19
501576,6126,30051,274.0,67.0,2026-08-18,2026-08-19
501577,6124,31272,548.0,97.0,2026-08-18,2026-08-19
501578,6111,30742,487.0,56.0,2026-08-18,2026-08-19
501579,6059,30581,10.0,23.0,2026-08-18,2026-08-19
501580,6030,30895,540.0,81.0,2026-08-18,2026-08-19
501581,6129,30837,8.0,72.0,2026-08-18,2026-08-19
501582,6096,31135,145.0,99.0,2026-08-18,2026-08-19
501583,6137,30225,466.0,52.61587436332768,2026-08-18,2026-08-19
501584,6109,30721,479.0,60.0,2026-08-18,2026-08-19
501585,6087,30293,96.0,10.0,2026-08-18,2026-08-19
501586,6057,30917,759.0,49.0,2026-08-18,2026-08-19
501587,6086,30029,588.0,97.0,2026-08-18,2026-08-19
501588,6077,30816,42.0,66.0,2026-08-18,2026-08-19
501589,6060,30772,486.0,23.0,2026-08-18,2026-08-19
501590,6069,30058,194.0,58.0,2026-08-18,2026-08-19
501591,6030,31282,195.0,81.0,2026-08-18,2026-08-19
501592,6019,31030,411.0,100.0,2026-08-18,2026-08-19
501593,6143,31412,658.0,72.0,2026-08-18,2026-08-19
501594,6097,30254,554.0,100.0,2026-08-18,2026-08-19
501595,6114,30557,483.0,91.0,2026-08-18,2026-08-19
501596,6082,31410,3.0,79.0,2026-08-18,2026-08-19
501597,6091,30956,221.0,11.0,2026-08-18,2026-08-19
501598,6067,30326,426.0,64.0,2026-08-18,2026-08-19
501599,6108,31065,573.0,99.0,2026-08-18,2026-08-19
501600,6037,30455,566.0,64.0,2026-08-18,2026-08-19
501601,6131,30877,800.0,79.0,2026-08-18,2026-08-19
501602,6065,30685,86.0,11.0,2026-08-18,2026-08-19
501603,6028,30614,28.0,94.0,2026-08-18,2026-08-19
501604,6071,31445,761.0,37.0,2026-08-18,2026-08-19
501605,6099,31387,461.0,99.0,2026-08-18,2026-08-19
501606,6002,30208,336.0,63.0,2026-08-18,2026-08-19
501607,6069,30461,539.0,41.0,2026-08-18,2026-08-19
501608,6078,30610,632.0,52.61587436332768,2026-08-18,2026-08-19
501609,6009,30540,755.0,66.0,2026-08-18,2026-08-19
501610,6128,30538,694.0,14.0,2026-08-18,2026-08-19
501611,6063,30768,125.0,52.61587436332768,2026-08-18,2026-08-19
501612,6101,31021,560.0,13.0,2026-08-18,2026-08-19
501613,6129,30984,775.0,95.0,2026-08-18,2026-08-19
501614,6107,30807,749.0,73.0,2026-08-18,2026-08-19
501615,6010,30067,639.0,56.0,2026-08-18,2026-08-19
501616,6079,31476,111.0,52.61587436332768,2026-08-18,2026-08-19
501617,6071,31014,739.0,23.0,2026-08-18,2026-08-19
501618,6063,30246,395.0,54.0,2026-08-18,2026-08-19
501619,6035,30928,335.0,9.0,2026-08-18,2026-08-19
501620,6052,30424,196.0,37.0,2026-08-18,2026-08-19
501621,6136,30165,451.0,97.0,2026-08-18,2026-08-19
501622,6002,31334,383.0,75.0,2026-08-18,2026-08-19
501623,6013,31423,462.0,52.61587436332768,2026-08-18,2026-08-19
501624,6066,30020,502.0,54.0,2026-08-18,2026-08-19
501625,6111,30671,753.0,91.0,2026-08-18,2026-08-19
501626,6109,30682,30.0,31.0,2026-08-18,2026-08-19
501627,6062,30543,529.0,53.0,2026-08-18,2026-08-19
501628,6054,30449,326.0,65.0,2026-08-18,2026-08-19
501629,6141,30350,82.0,63.0,2026-08-18,2026-08-19
501630,6056,30624,45.0,97.0,2026-08-18,2026-08-19
501631,6046,30028,622.0,95.0,2026-08-18,2026-08-19
501632,6058,30331,139.0,40.0,2026-08-18,2026-08-19
501633,6011,30189,500.0,29.0,2026-08-18,2026-08-19
501634,6015,30471,141.0,40.0,2026-08-18,2026-08-19
501635,6135,30116,368.0,68.0,2026-08-18,2026-08-19
501636,6066,30408,582.0,74.0,2026-08-18,2026-08-19
501637,6128,30271,262.0,11.0,2026-08-18,2026-08-19
501638,6042,30511,691.0,12.0,2026-08-18,2026-08-19
501639,6115,31048,247.0,80.0,2026-08-18,2026-08-19
501640,6146,30007,184.0,52.61587436332768,2026-08-18,2026-08-19
501641,6138,31471,492.0,50.0,2026-08-18,2026-08-19
501642,6139,30149,784.0,44.0,2026-08-18,2026-08-19
501643,6082,30075,715.0,87.0,2026-08-18,2026-08-19
501644,6053,30901,284.0,92.0,2026-08-18,2026-08-19
501645,6138,30117,8.0,62.0,2026-08-18,2026-08-19
501646,6036,30262,79.0,25.0,2026-08-18,2026-08-19
501647,6112,30909,481.0,37.0,2026-08-18,2026-08-19
501648,6007,31206,95.0,15.0,2026-08-18,2026-08-19
501649,6039,30141,43.0,13.0,2026-08-18,2026-08-19
501650,6075,30339,88.0,35.0,2026-08-18,2026-08-19
501651,6017,30816,430.0,67.0,2026-08-18,2026-08-19
501652,6089,31407,665.0,22.0,2026-08-18,2026-08-19
501653,6074,31207,273.0,90.0,2026-08-18,2026-08-19
501654,6100,30348,192.0,16.0,2026-08-18,2026-08-19
501655,6015,30906,763.0,20.0,2026-08-18,2026-08-19
501656,6029,31161,0.0,61.0,2026-08-18,2026-08-19
501657,6124,30590,324.0,59.0,2026-08-18,2026-08-19
501658,6070,30994,738.0,75.0,2026-08-18,2026-08-19
501659,6086,30625,747.0,41.0,2026-08-18,2026-08-19
501660,6101,30221,291.0,92.0,2026-08-18,2026-08-19
501661,6077,30995,16.0,75.0,2026-08-18,2026-08-19
501662,6075,30899,397.0,20.0,2026-08-18,2026-08-19
501663,6111,31123,387.0,70.0,2026-08-18,2026-08-19
501664,6123,30881,179.0,39.0,2026-08-18,2026-08-19
501665,6028,31160,543.0,62.0,2026-08-18,2026-08-19
501666,6079,30382,304.0,52.61587436332768,2026-08-18,2026-08-19
501667,6040,30439,466.0,9.0,2026-08-18,2026-08-19
501668,6108,30803,613.0,53.0,2026-08-18,2026-08-19
501669,6015,30207,48.0,55.0,2026-08-18,2026-08-19
501670,6017,30571,390.0,46.0,2026-08-18,2026-08-19
501671,6021,31055,348.0,85.0,2026-08-18,2026-08-19
501672,6146,30287,38.0,37.0,2026-08-18,2026-08-19
501673,6132,30254,363.0,35.0,2026-08-18,2026-08-19
501674,6007,30903,774.0,23.0,2026-08-18,2026-08-19
501675,6012,30131,158.0,52.61587436332768,2026-08-18,2026-08-19
501676,6118,30718,782.0,40.0,2026-08-18,2026-08-19
501677,6144,31086,133.0,33.0,2026-08-18,2026-08-19
501678,6116,30827,547.0,14.0,2026-08-18,2026-08-19
501679,6004,30519,450.0,49.0,2026-08-18,2026-08-19
501680,6088,30392,95.0,68.0,2026-08-18,2026-08-19
501681,6054,30222,634.0,52.61587436332768,2026-08-18,2026-08-19
501682,6128,31120,292.0,5.0,2026-08-18,2026-08-19
501683,6136,30574,495.0,63.0,2026-08-18,2026-08-19
501684,6090,30916,0.0,64.0,2026-08-18,2026-08-19
501685,6063,30595,131.0,72.0,2026-08-18,2026-08-19
501686,6022,30574,707.0,88.0,2026-08-18,2026-08-19
501687,6116,31052,303.0,16.0,2026-08-18,2026-08-19
501688,6063,31230,371.0,85.0,2026-08-18,2026-08-19
501689,6038,30491,670.0,14.0,2026-08-18,2026-08-19
501690,6128,30414,137.0,8.0,2026-08-18,2026-08-19
501691,6062,31231,701.0,30.0,2026-08-18,2026-08-19
501692,6044,30583,26.0,72.0,2026-08-18,2026-08-19
501693,6103,30071,283.0,99.0,2026-08-18,2026-08-19
501694,6014,31083,368.0,11.0,2026-08-18,2026-08-19
501695,6040,30368,86.0,51.0,2026-08-18,2026-08-19
501696,6048,30085,503.0,23.0,2026-08-18,2026-08-19
501697,6147,30630,605.0,9.0,2026-08-18,2026-08-19
501698,6108,30803,732.0,98.0,2026-08-18,2026-08-19
501699,6123,31442,229.0,19.0,2026-08-18,2026-08-19
501700,6085,30615,499.0,62.0,2026-08-18,2026-08-19
501701,6092,30869,123.0,88.0,2026-08-18,2026-08-19
501702,6113,31459,759.0,92.0,2026-08-18,2026-08-19
501703,6147,30041,60.0,27.0,2026-08-18,2026-08-19
501704,6015,30201,309.0,65.0,2026-08-18,2026-08-19
501705,6043,30667,302.0,42.0,2026-08-18,2026-08-19
501706,6047,31068,20.0,74.0,2026-08-18,2026-08-19
501707,6033,30172,476.0,56.0,2026-08-18,2026-08-19
501708,6117,30504,736.0,79.0,2026-08-18,2026-08-19
501709,6088,30435,423.0,25.0,2026-08-18,2026-08-19
501710,6116,30522,519.0,93.0,2026-08-18,2026-08-19
501711,6108,30162,760.0,71.0,2026-08-18,2026-08-19
501712,6093,30197,57.0,94.0,2026-08-18,2026-08-19
501713,6126,30649,95.0,98.0,2026-08-18,2026-08-19
501714,6148,30202,199.0,8.0,2026-08-18,2026-08-19
501715,6130,30558,342.0,84.0,2026-08-18,2026-08-19
501716,6058,30764,573.0,20.0,2026-08-18,2026-08-19
501717,6129,30339,745.0,74.0,2026-08-18,2026-08-19
501718,6050,31171,552.0,80.0,2026-08-18,2026-08-19
501719,6069,30226,159.0,43.0,2026-08-18,2026-08-19
501720,6070,30940,0.0,73.0,2026-08-18,2026-08-19
501721,6134,30684,649.0,13.0,2026-08-18,2026-08-19
501722,6100,31264,0.0,37.0,2026-08-18,2026-08-19
501723,6101,31035,233.0,12.0,2026-08-18,2026-08-19
501724,6068,30941,610.0,75.0,2026-08-18,2026-08-19
501725,6040,30253,159.0,52.61587436332768,2026-08-18,2026-08-19
501726,6085,31281,407.0,25.0,2026-08-18,2026-08-19
501727,6099,30401,128.0,19.0,2026-08-18,2026-08-19
501728,6136,31213,294.0,37.0,2026-08-18,2026-08-19
501729,6015,30035,60.0,92.0,2026-08-18,2026-08-19
501730,6062,30131,326.0,71.0,2026-08-18,2026-08-19
501731,6080,30225,547.0,76.0,2026-08-18,2026-08-19
501732,6063,30112,405.0,87.0,2026-08-18,2026-08-19
501733,6140,30152,782.0,27.0,2026-08-18,2026-08-19
501734,6132,30643,147.0,79.0,2026-08-18,2026-08-19
501735,6017,30970,760.0,82.0,2026-08-18,2026-08-19
501736,6016,30949,153.0,45.0,2026-08-18,2026-08-19
501737,6015,30694,590.0,64.0,2026-08-18,2026-08-19
501738,6034,30669,753.0,93.0,2026-08-18,2026-08-19
501739,6106,30396,155.0,18.0,2026-08-18,2026-08-19
501740,6101,30922,273.0,36.0,2026-08-18,2026-08-19
501741,6004,30333,591.0,24.0,2026-08-18,2026-08-19
501742,6040,30828,337.0,52.61587436332768,2026-08-18,2026-08-19
501743,6133,30841,267.0,37.0,2026-08-18,2026-08-19
501744,6016,30116,99.0,52.61587436332768,2026-08-18,2026-08-19
501745,6008,30793,278.0,19.0,2026-08-18,2026-08-19
501746,6120,30555,12.0,30.0,2026-08-18,2026-08-19
501747,6075,31068,110.0,45.0,2026-08-18,2026-08-19
501748,6111,31500,380.0,88.0,2026-08-18,2026-08-19
501749,6064,30960,578.0,38.0,2026-08-18,2026-08-19
501750,6034,31371,96.0,71.0,2026-08-18,2026-08-19
501751,6083,31278,325.0,62.0,2026-08-18,2026-08-19
501752,6095,31284,248.0,45.0,2026-08-18,2026-08-19
501753,6131,30217,393.0,33.0,2026-08-18,2026-08-19
501754,6009,30673,710.0,14.0,2026-08-18,2026-08-19
501755,6124,31434,730.0,12.0,2026-08-18,2026-08-19
501756,6047,30486,41.0,87.0,2026-08-18,2026-08-19
501757,6132,30421,796.0,92.0,2026-08-18,2026-08-19
501758,6038,31041,717.0,18.0,2026-08-18,2026-08-19
501759,6149,30335,368.0,73.0,2026-08-18,2026-08-19
501760,6032,30819,481.0,7.0,2026-08-18,2026-08-19
501761,6093,31034,603.0,30.0,2026-08-18,2026-08-19
501762,6034,30548,388.0,60.0,2026-08-18,2026-08-19
501763,6060,30383,620.0,76.0,2026-08-18,2026-08-19
501764,6090,30174,299.0,26.0,2026-08-18,2026-08-19
501765,6135,30552,312.0,39.0,2026-08-18,2026-08-19
501766,6019,30712,418.0,58.0,2026-08-18,2026-08-19
501767,6085,31154,673.0,43.0,2026-08-18,2026-08-19
501768,6046,30103,175.0,55.0,2026-08-18,2026-08-19
501769,6107,30722,766.0,76.0,2026-08-18,2026-08-19
501770,6106,30361,172.0,31.0,2026-08-18,2026-08-19
501771,6030,31298,675.0,16.0,2026-08-18,2026-08-19
501772,6109,31132,631.0,40.0,2026-08-18,2026-08-19
501773,6057,30781,0.0,19.0,2026-08-18,2026-08-19
501774,6006,31361,737.0,11.0,2026-08-18,2026-08-19
501775,6102,30834,360.0,73.0,2026-08-18,2026-08-19
501776,6121,31344,25.0,76.0,2026-08-18,2026-08-19
501777,6110,30860,138.0,92.0,2026-08-18,2026-08-19
501778,6132,30819,363.0,68.0,2026-08-18,2026-08-19
501779,6085,30401,641.0,14.0,2026-08-18,2026-08-19
501780,6065,30711,234.0,98.0,2026-08-18,2026-08-19
501781,6100,31024,388.0,9.0,2026-08-18,2026-08-19
501782,6124,30971,36.0,72.0,2026-08-18,2026-08-19
501783,6066,31206,445.0,85.0,2026-08-18,2026-08-19
501784,6067,31434,778.0,63.0,2026-08-18,2026-08-19
501785,6021,30018,434.0,70.0,2026-08-18,2026-08-19
501786,6007,30049,18.0,52.61587436332768,2026-08-18,2026-08-19
501787,6150,30645,606.0,40.0,2026-08-18,2026-08-19
501788,6079,31476,225.0,14.0,2026-08-18,2026-08-19
501789,6100,30290,201.0,71.0,2026-08-18,2026-08-19
501790,6032,30021,452.0,17.0,2026-08-18,2026-08-19
501791,6006,30389,753.0,8.0,2026-08-18,2026-08-19
501792,6087,30236,242.0,54.0,2026-08-18,2026-08-19
501793,6128,31127,201.0,35.0,2026-08-18,2026-08-19
501794,6048,31264,538.0,65.0,2026-08-18,2026-08-19
501795,6068,30059,62.0,89.0,2026-08-18,2026-08-19
501796,6069,30318,555.0,45.0,2026-08-18,2026-08-19
501797,6047,30522,140.0,30.0,2026-08-18,2026-08-19
501798,6074,30670,664.0,66.0,2026-08-18,2026-08-19
501799,6047,31133,682.0,33.0,2026-08-18,2026-08-19
501800,6087,30545,32.0,46.0,2026-08-18,2026-08-19
501801,6028,30929,192.0,56.0,2026-08-18,2026-08-19
501802,6057,31306,536.0,79.0,2026-08-18,2026-08-19
501803,6058,30936,386.0,52.61587436332768,2026-08-18,2026-08-19
501804,6010,30042,2.0,98.0,2026-08-18,2026-08-19
501805,6118,31430,119.0,63.0,2026-08-18,2026-08-19
501806,6045,30018,398.0,29.0,2026-08-18,2026-08-19
501807,6012,30971,155.0,72.0,2026-08-18,2026-08-19
501808,6114,30271,327.0,13.0,2026-08-18,2026-08-19
501809,6135,31429,140.0,61.0,2026-08-18,2026-08-19
501810,6056,30302,0.0,100.0,2026-08-18,2026-08-19
501811,6035,31277,672.0,57.0,2026-08-18,2026-08-19
501812,6099,30654,556.0,75.0,2026-08-18,2026-08-19
501813,6126,30493,24.0,5.0,2026-08-18,2026-08-19
501814,6060,31443,593.0,52.61587436332768,2026-08-18,2026-08-19
501815,6096,30329,245.0,45.0,2026-08-18,2026-08-19
501816,6086,30643,502.0,95.0,2026-08-18,2026-08-19
501817,6142,31326,234.0,66.0,2026-08-18,2026-08-19
501818,6014,30716,400.0,96.0,2026-08-18,2026-08-19
501819,6040,30797,264.0,66.0,2026-08-18,2026-08-19
501820,6060,30558,404.0,43.0,2026-08-18,2026-08-19
501821,6069,30751,290.0,76.0,2026-08-18,2026-08-19
501822,6027,30475,16.0,28.0,2026-08-18,2026-08-19
501823,6007,31209,179.0,87.0,2026-08-18,2026-08-19
501824,6074,31268,6.0,27.0,2026-08-18,2026-08-19
501825,6106,31231,290.0,88.0,2026-08-18,2026-08-19
501826,6079,30114,330.0,37.0,2026-08-18,2026-08-19
501827,6063,30126,36.0,79.0,2026-08-18,2026-08-19
501828,6096,30234,611.0,91.0,2026-08-18,2026-08-19
501829,6069,30586,86.0,64.0,2026-08-18,2026-08-19
501830,6133,31262,239.0,9.0,2026-08-18,2026-08-19
501831,6066,31009,422.0,70.0,2026-08-18,2026-08-19
501832,6136,30934,290.0,74.0,2026-08-18,2026-08-19
501833,6143,30615,736.0,39.0,2026-08-18,2026-08-19
501834,6032,30802,740.0,52.61587436332768,2026-08-18,2026-08-19
501835,6075,30944,224.0,95.0,2026-08-18,2026-08-19
501836,6128,30664,110.0,6.0,2026-08-18,2026-08-19
501837,6079,31305,401.0,23.0,2026-08-18,2026-08-19
501838,6137,30750,14.0,59.0,2026-08-18,2026-08-19
501839,6090,30537,494.0,83.0,2026-08-18,2026-08-19
501840,6140,31380,35.0,62.0,2026-08-18,2026-08-19
501841,6101,30463,143.0,5.0,2026-08-18,2026-08-19
501842,6115,30943,588.0,80.0,2026-08-18,2026-08-19
501843,6083,30278,301.0,83.0,2026-08-18,2026-08-19
501844,6090,30308,293.0,96.0,2026-08-18,2026-08-19
501845,6011,31186,38.0,19.0,2026-08-18,2026-08-19
501846,6074,31142,108.0,67.0,2026-08-18,2026-08-19
501847,6020,30085,166.0,34.0,2026-08-18,2026-08-19
501848,6145,30980,119.0,97.0,2026-08-18,2026-08-19
501849,6121,30030,580.0,22.0,2026-08-18,2026-08-19
501850,6122,31070,358.0,39.0,2026-08-18,2026-08-19
501851,6081,30997,225.0,83.0,2026-08-18,2026-08-19
501852,6009,30394,0.0,8.0,2026-08-18,2026-08-19
501853,6104,30122,768.0,47.0,2026-08-18,2026-08-19
501854,6027,31338,586.0,77.0,2026-08-18,2026-08-19
501855,6093,31330,518.0,60.0,2026-08-18,2026-08-19
501856,6096,30961,621.0,87.0,2026-08-18,2026-08-19
501857,6092,31072,28.0,10.0,2026-08-18,2026-08-19
501858,6017,30094,0.0,23.0,2026-08-18,2026-08-19
501859,6048,31077,32.0,12.0,2026-08-18,2026-08-19
501860,6022,30912,267.0,38.0,2026-08-18,2026-08-19
501861,6039,30399,63.0,31.0,2026-08-18,2026-08-19
501862,6112,30818,491.0,18.0,2026-08-18,2026-08-19
501863,6080,30912,152.0,84.0,2026-08-18,2026-08-19
501864,6009,30002,13.0,62.0,2026-08-18,2026-08-19
501865,6150,30041,204.0,52.61587436332768,2026-08-18,2026-08-19
501866,6130,30909,220.0,5.0,2026-08-18,2026-08-19
501867,6073,30362,269.0,88.0,2026-08-18,2026-08-19
501868,6112,30077,779.0,94.0,2026-08-18,2026-08-19
501869,6050,30945,594.0,45.0,2026-08-18,2026-08-19
501870,6102,31455,369.0,83.0,2026-08-18,2026-08-19
501871,6014,30051,663.0,69.0,2026-08-18,2026-08-19
501872,6007,30633,608.0,38.0,2026-08-18,2026-08-19
501873,6121,31341,785.0,24.0,2026-08-18,2026-08-19
501874,6127,30048,509.0,65.0,2026-08-18,2026-08-19
501875,6023,30977,223.0,85.0,2026-08-18,2026-08-19
501876,6081,30093,401.0,89.0,2026-08-18,2026-08-19
501877,6059,31220,149.0,60.0,2026-08-18,2026-08-19
501878,6003,30097,679.0,41.0,2026-08-18,2026-08-19
501879,6078,31243,59.0,52.61587436332768,2026-08-18,2026-08-19
501880,6027,31054,86.0,75.0,2026-08-18,2026-08-19
501881,6072,31315,482.0,61.0,2026-08-18,2026-08-19
501882,6133,31446,78.0,82.0,2026-08-18,2026-08-19
501883,6034,30859,713.0,57.0,2026-08-18,2026-08-19
501884,6102,30709,304.0,29.0,2026-08-18,2026-08-19
501885,6141,30662,637.0,65.0,2026-08-18,2026-08-19
501886,6128,30877,307.0,12.0,2026-08-18,2026-08-19
501887,6001,30097,469.0,81.0,2026-08-18,2026-08-19
501888,6067,30204,280.0,31.0,2026-08-18,2026-08-19
501889,6149,30102,648.0,52.61587436332768,2026-08-18,2026-08-19
501890,6097,30527,214.0,71.0,2026-08-18,2026-08-19
501891,6015,30844,780.0,49.0,2026-08-18,2026-08-19
501892,6079,30371,424.0,91.0,2026-08-18,2026-08-19
501893,6109,30566,406.0,81.0,2026-08-18,2026-08-19
501894,6094,31295,382.0,58.0,2026-08-18,2026-08-19
501895,6060,30221,449.0,54.0,2026-08-18,2026-08-19
501896,6004,30686,535.0,20.0,2026-08-18,2026-08-19
501897,6001,30566,388.0,52.61587436332768,2026-08-18,2026-08-19
501898,6070,30434,384.0,23.0,2026-08-18,2026-08-19
501899,6074,31322,133.0,11.0,2026-08-18,2026-08-19
501900,6079,31204,112.0,14.0,2026-08-18,2026-08-19
501901,6014,31201,628.0,47.0,2026-08-18,2026-08-19
501902,6097,30805,214.0,15.0,2026-08-18,2026-08-19
501903,6048,30135,474.0,40.0,2026-08-18,2026-08-19
501904,6054,31187,610.0,42.0,2026-08-18,2026-08-19
501905,6071,30812,492.0,55.0,2026-08-18,2026-08-19
501906,6136,31136,176.0,52.61587436332768,2026-08-18,2026-08-19
501907,6133,30907,340.0,51.0,2026-08-18,2026-08-19
501908,6144,30161,262.0,26.0,2026-08-18,2026-08-19
501909,6040,30402,717.0,57.0,2026-08-18,2026-08-19
501910,6057,30713,546.0,25.0,2026-08-18,2026-08-19
501911,6015,30669,674.0,57.0,2026-08-18,2026-08-19
501912,6105,30444,692.0,62.0,2026-08-18,2026-08-19
501913,6067,30208,69.0,52.61587436332768,2026-08-18,2026-08-19
501914,6047,30097,622.0,27.0,2026-08-18,2026-08-19
501915,6013,31182,718.0,68.0,2026-08-18,2026-08-19
501916,6004,30198,700.0,15.0,2026-08-18,2026-08-19
501917,6074,31201,77.0,52.61587436332768,2026-08-18,2026-08-19
501918,6109,30483,52.0,33.0,2026-08-18,2026-08-19
501919,6001,30199,274.0,78.0,2026-08-18,2026-08-19
501920,6029,31454,201.0,33.0,2026-08-18,2026-08-19
501921,6150,30085,98.0,67.0,2026-08-18,2026-08-19
501922,6129,30548,377.0,36.0,2026-08-18,2026-08-19
501923,6036,30489,571.0,94.0,2026-08-18,2026-08-19
501924,6050,31230,0.0,52.0,2026-08-18,2026-08-19
501925,6085,30547,513.0,27.0,2026-08-18,2026-08-19
501926,6081,31493,98.0,53.0,2026-08-18,2026-08-19
501927,6113,31169,756.0,11.0,2026-08-18,2026-08-19
501928,6027,31448,438.0,43.0,2026-08-18,2026-08-19
501929,6079,30357,560.0,67.0,2026-08-18,2026-08-19
501930,6010,31484,788.0,71.0,2026-08-18,2026-08-19
501931,6062,30501,282.0,66.0,2026-08-18,2026-08-19
501932,6043,30182,690.0,52.61587436332768,2026-08-18,2026-08-19
501933,6027,31453,708.0,53.0,2026-08-18,2026-08-19
501934,6097,31189,658.0,30.0,2026-08-18,2026-08-19
501935,6126,30998,36.0,10.0,2026-08-18,2026-08-19
501936,6128,30727,84.0,30.0,2026-08-18,2026-08-19
501937,6131,30350,102.0,8.0,2026-08-18,2026-08-19
501938,6052,30340,754.0,87.0,2026-08-18,2026-08-19
501939,6031,31471,86.0,75.0,2026-08-18,2026-08-19
501940,6006,30836,444.0,13.0,2026-08-18,2026-08-19
501941,6131,30818,275.0,45.0,2026-08-18,2026-08-19
501942,6062,30598,419.0,48.0,2026-08-18,2026-08-19
501943,6116,30041,552.0,30.0,2026-08-18,2026-08-19
501944,6095,31037,73.0,52.61587436332768,2026-08-18,2026-08-19
501945,6036,30968,257.0,76.0,2026-08-18,2026-08-19
501946,6130,30441,170.0,85.0,2026-08-18,2026-08-19
501947,6103,31417,569.0,12.0,2026-08-18,2026-08-19
501948,6031,30132,642.0,50.0,2026-08-18,2026-08-19
501949,6107,30331,501.0,45.0,2026-08-18,2026-08-19
501950,6007,31307,770.0,38.0,2026-08-18,2026-08-19
501951,6111,30002,327.0,27.0,2026-08-18,2026-08-19
501952,6083,30959,0.0,66.0,2026-08-18,2026-08-19
501953,6084,30464,784.0,52.61587436332768,2026-08-18,2026-08-19
501954,6117,31324,279.0,22.0,2026-08-18,2026-08-19
501955,6097,31066,163.0,52.61587436332768,2026-08-18,2026-08-19
501956,6141,30581,653.0,61.0,2026-08-18,2026-08-19
501957,6111,30991,524.0,20.0,2026-08-18,2026-08-19
501958,6026,30312,790.0,17.0,2026-08-18,2026-08-19
501959,6023,30039,280.0,73.0,2026-08-18,2026-08-19
501960,6010,31040,239.0,95.0,2026-08-18,2026-08-19
501961,6028,30839,624.0,57.0,2026-08-18,2026-08-19
501962,6143,30547,289.0,9.0,2026-08-18,2026-08-19
501963,6033,30343,143.0,29.0,2026-08-18,2026-08-19
501964,6109,31375,675.0,14.0,2026-08-18,2026-08-19
501965,6012,31265,263.0,64.0,2026-08-18,2026-08-19
501966,6071,31392,174.0,14.0,2026-08-18,2026-08-19
501967,6003,30254,51.0,90.0,2026-08-18,2026-08-19
501968,6150,30700,124.0,52.61587436332768,2026-08-18,2026-08-19
501969,6071,30057,692.0,61.0,2026-08-18,2026-08-19
501970,6098,30971,585.0,58.0,2026-08-18,2026-08-19
501971,6099,30409,800.0,92.0,2026-08-18,2026-08-19
501972,6090,30506,80.0,44.0,2026-08-18,2026-08-19
501973,6063,31117,225.0,93.0,2026-08-18,2026-08-19
501974,6038,31354,561.0,69.0,2026-08-18,2026-08-19
501975,6037,30903,357.0,70.0,2026-08-18,2026-08-19
501976,6093,31173,258.0,56.0,2026-08-18,2026-08-19
501977,6103,30142,374.0,84.0,2026-08-18,2026-08-19
501978,6118,30860,536.0,14.0,2026-08-18,2026-08-19
501979,6115,30305,73.0,52.61587436332768,2026-08-18,2026-08-19
501980,6095,30394,364.0,22.0,2026-08-18,2026-08-19
501981,6114,30909,513.0,34.0,2026-08-18,2026-08-19
501982,6018,30984,464.0,63.0,2026-08-18,2026-08-19
501983,6125,30305,122.0,45.0,2026-08-18,2026-08-19
501984,6135,30658,618.0,85.0,2026-08-18,2026-08-19
501985,6023,31270,132.0,52.61587436332768,2026-08-18,2026-08-19
501986,6126,31128,676.0,16.0,2026-08-18,2026-08-19
501987,6092,30887,583.0,12.0,2026-08-18,2026-08-19
501988,6079,30975,0.0,78.0,2026-08-18,2026-08-19
501989,6074,30198,323.0,70.0,2026-08-18,2026-08-19
501990,6020,31098,384.0,52.61587436332768,2026-08-18,2026-08-19
501991,6141,30497,74.0,42.0,2026-08-18,2026-08-19
501992,6023,31247,1.0,11.0,2026-08-18,2026-08-19
501993,6086,30916,254.0,59.0,2026-08-18,2026-08-19
501994,6101,30160,205.0,41.0,2026-08-18,2026-08-19
501995,6003,30827,185.0,92.0,2026-08-18,2026-08-19
501996,6016,30330,460.0,77.0,2026-08-18,2026-08-19
501997,6028,30570,306.0,69.0,2026-08-18,2026-08-19
501998,6102,30991,69.0,72.0,2026-08-18,2026-08-19
501999,6009,30545,494.0,15.0,2026-08-18,2026-08-19
502000,6146,30504,539.0,99.0,2026-08-18,2026-08-19
502001,6028,30619,439.0,72.0,2026-08-18,2026-08-19
502002,6062,31224,664.0,92.0,2026-08-18,2026-08-19
502003,6140,30094,390.0,72.0,2026-08-18,2026-08-19
502004,6132,31143,278.0,25.0,2026-08-18,2026-08-19
502005,6014,31213,177.0,11.0,2026-08-18,2026-08-19
502006,6043,30054,258.0,37.0,2026-08-18,2026-08-19
502007,6058,30464,442.0,39.0,2026-08-18,2026-08-19
502008,6022,31040,34.0,83.0,2026-08-18,2026-08-19
502009,6007,30610,495.0,17.0,2026-08-18,2026-08-19
502010,6083,31176,497.0,52.61587436332768,2026-08-18,2026-08-19
502011,6131,30053,714.0,95.0,2026-08-18,2026-08-19
502012,6064,31062,505.0,91.0,2026-08-18,2026-08-19
502013,6025,31410,548.0,26.0,2026-08-18,2026-08-19
502014,6055,30998,424.0,83.0,2026-08-18,2026-08-19
502015,6069,30396,303.0,36.0,2026-08-18,2026-08-19
502016,6069,31142,145.0,64.0,2026-08-18,2026-08-19
502017,6075,30488,728.0,76.0,2026-08-18,2026-08-19
502018,6090,30402,745.0,95.0,2026-08-18,2026-08-19
502019,6149,31208,308.0,52.0,2026-08-18,2026-08-19
502020,6123,30361,209.0,24.0,2026-08-18,2026-08-19
502021,6127,30792,751.0,8.0,2026-08-18,2026-08-19
502022,6058,30587,780.0,69.0,2026-08-18,2026-08-19
502023,6094,31457,497.0,45.0,2026-08-18,2026-08-19
502024,6043,30045,484.0,94.0,2026-08-18,2026-08-19
502025,6027,30151,149.0,20.0,2026-08-18,2026-08-19
502026,6039,30693,396.0,41.0,2026-08-18,2026-08-19
502027,6062,30985,794.0,14.0,2026-08-18,2026-08-19
502028,6066,30432,474.0,51.0,2026-08-18,2026-08-19
502029,6010,30984,471.0,12.0,2026-08-18,2026-08-19
502030,6002,30005,260.0,20.0,2026-08-18,2026-08-19
502031,6121,30595,318.0,65.0,2026-08-18,2026-08-19
502032,6127,31420,685.0,65.0,2026-08-18,2026-08-19
502033,6120,30119,170.0,5.0,2026-08-18,2026-08-19
502034,6099,30392,443.0,77.0,2026-08-18,2026-08-19
502035,6082,31189,618.0,23.0,2026-08-18,2026-08-19
502036,6119,31287,102.0,15.0,2026-08-18,2026-08-19
502037,6072,30941,198.0,30.0,2026-08-18,2026-08-19
502038,6017,30579,88.0,52.61587436332768,2026-08-18,2026-08-19
502039,6027,30688,587.0,77.0,2026-08-18,2026-08-19
502040,6126,31379,716.0,90.0,2026-08-18,2026-08-19
502041,6111,30360,652.0,10.0,2026-08-18,2026-08-19
502042,6143,30891,457.0,57.0,2026-08-18,2026-08-19
502043,6086,31007,764.0,60.0,2026-08-18,2026-08-19
502044,6008,30056,378.0,61.0,2026-08-18,2026-08-19
502045,6072,31094,229.0,9.0,2026-08-18,2026-08-19
502046,6008,30024,451.0,16.0,2026-08-18,2026-08-19
502047,6053,30985,36.0,27.0,2026-08-18,2026-08-19
502048,6117,30006,510.0,65.0,2026-08-18,2026-08-19
502049,6101,30705,408.0,85.0,2026-08-18,2026-08-19
502050,6019,31217,152.0,12.0,2026-08-18,2026-08-19
502051,6002,30808,720.0,7.0,2026-08-18,2026-08-19
502052,6017,30806,466.0,29.0,2026-08-18,2026-08-19
502053,6098,31483,77.0,84.0,2026-08-18,2026-08-19
502054,6127,30369,487.0,52.61587436332768,2026-08-18,2026-08-19
502055,6093,31120,58.0,70.0,2026-08-18,2026-08-19
502056,6092,30651,136.0,11.0,2026-08-18,2026-08-19
502057,6130,31146,414.0,63.0,2026-08-18,2026-08-19
502058,6107,31131,0.0,62.0,2026-08-18,2026-08-19
502059,6144,30771,419.0,46.0,2026-08-18,2026-08-19
502060,6070,30614,90.0,100.0,2026-08-18,2026-08-19
502061,6064,30365,167.0,76.0,2026-08-18,2026-08-19
502062,6095,30727,644.0,88.0,2026-08-18,2026-08-19
502063,6037,30431,291.0,16.0,2026-08-18,2026-08-19
502064,6072,30725,433.0,98.0,2026-08-18,2026-08-19
502065,6002,30018,367.0,27.0,2026-08-18,2026-08-19
502066,6084,31393,152.0,28.0,2026-08-18,2026-08-19
502067,6002,30423,245.0,52.61587436332768,2026-08-18,2026-08-19
502068,6072,31347,253.0,61.0,2026-08-18,2026-08-19
502069,6082,30700,558.0,67.0,2026-08-18,2026-08-19
502070,6092,31110,339.0,57.0,2026-08-18,2026-08-19
502071,6073,30191,413.0,87.0,2026-08-18,2026-08-19
502072,6064,30390,236.0,52.61587436332768,2026-08-18,2026-08-19
502073,6029,31092,272.0,32.0,2026-08-18,2026-08-19
502074,6050,30109,458.0,88.0,2026-08-18,2026-08-19
502075,6068,31439,153.0,14.0,2026-08-18,2026-08-19
502076,6012,31092,328.0,30.0,2026-08-18,2026-08-19
502077,6086,30495,495.0,87.0,2026-08-18,2026-08-19
502078,6045,30147,673.0,22.0,2026-08-18,2026-08-19
502079,6060,31082,227.0,25.0,2026-08-18,2026-08-19
502080,6141,30590,724.0,39.0,2026-08-18,2026-08-19
502081,6081,30522,622.0,13.0,2026-08-18,2026-08-19
502082,6133,31433,567.0,75.0,2026-08-18,2026-08-19
502083,6115,30351,27.0,7.0,2026-08-18,2026-08-19
502084,6096,30320,227.0,53.0,2026-08-18,2026-08-19
502085,6088,30538,762.0,28.0,2026-08-18,2026-08-19
502086,6074,31285,640.0,72.0,2026-08-18,2026-08-19
502087,6012,30064,315.0,58.0,2026-08-18,2026-08-19
502088,6028,31302,292.0,50.0,2026-08-18,2026-08-19
502089,6135,30912,698.0,52.61587436332768,2026-08-18,2026-08-19
502090,6010,30734,264.0,37.0,2026-08-18,2026-08-19
502091,6021,31035,651.0,27.0,2026-08-18,2026-08-19
502092,6148,30039,641.0,10.0,2026-08-18,2026-08-19
502093,6133,30208,71.0,14.0,2026-08-18,2026-08-19
502094,6119,30334,572.0,22.0,2026-08-18,2026-08-19
502095,6044,31440,285.0,81.0,2026-08-18,2026-08-19
502096,6049,31058,439.0,89.0,2026-08-18,2026-08-19
502097,6051,30243,97.0,51.0,2026-08-18,2026-08-19
502098,6127,31093,114.0,18.0,2026-08-18,2026-08-19
502099,6097,31172,30.0,52.0,2026-08-18,2026-08-19
502100,6012,30115,643.0,28.0,2026-08-18,2026-08-19
502101,6078,30513,392.0,32.0,2026-08-18,2026-08-19
502102,6112,31313,275.0,95.0,2026-08-18,2026-08-19
502103,6026,30195,350.0,65.0,2026-08-18,2026-08-19
502104,6011,30338,187.0,44.0,2026-08-18,2026-08-19
502105,6137,30103,329.0,95.0,2026-08-18,2026-08-19
502106,6080,30251,126.0,20.0,2026-08-18,2026-08-19
502107,6092,30392,800.0,80.0,2026-08-18,2026-08-19
502108,6137,30200,139.0,51.0,2026-08-18,2026-08-19
502109,6148,31363,220.0,58.0,2026-08-18,2026-08-19
502110,6116,30779,169.0,83.0,2026-08-18,2026-08-19
502111,6029,30504,308.0,64.0,2026-08-18,2026-08-19
502112,6057,30845,437.0,52.61587436332768,2026-08-18,2026-08-19
502113,6028,30873,0.0,25.0,2026-08-18,2026-08-19
502114,6117,31226,505.0,21.0,2026-08-18,2026-08-19
502115,6137,31207,287.0,70.0,2026-08-18,2026-08-19
502116,6091,30935,466.0,28.0,2026-08-18,2026-08-19
502117,6019,31138,595.0,61.0,2026-08-18,2026-08-19
502118,6097,30641,49.0,83.0,2026-08-18,2026-08-19
502119,6037,30457,588.0,93.0,2026-08-18,2026-08-19
502120,6083,31359,441.0,49.0,2026-08-18,2026-08-19
502121,6014,30443,209.0,81.0,2026-08-18,2026-08-19
502122,6033,30747,424.0,38.0,2026-08-18,2026-08-19
502123,6032,31130,706.0,50.0,2026-08-18,2026-08-19
502124,6089,31091,442.0,55.0,2026-08-18,2026-08-19
502125,6031,30161,612.0,94.0,2026-08-18,2026-08-19
502126,6144,31333,179.0,46.0,2026-08-18,2026-08-19
502127,6035,30436,191.0,23.0,2026-08-18,2026-08-19
502128,6014,30020,0.0,77.0,2026-08-18,2026-08-19
502129,6084,30938,502.0,37.0,2026-08-18,2026-08-19
502130,6094,31210,800.0,32.0,2026-08-18,2026-08-19
502131,6058,30590,243.0,44.0,2026-08-18,2026-08-19
502132,6097,30803,263.0,97.0,2026-08-18,2026-08-19
502133,6123,30403,439.0,74.0,2026-08-18,2026-08-19
502134,6028,31068,0.0,14.0,2026-08-18,2026-08-19
502135,6145,31296,377.0,25.0,2026-08-18,2026-08-19
502136,6137,30178,743.0,7.0,2026-08-18,2026-08-19
502137,6052,30583,595.0,98.0,2026-08-18,2026-08-19
502138,6109,30357,598.0,87.0,2026-08-18,2026-08-19
502139,6123,31194,738.0,52.61587436332768,2026-08-18,2026-08-19
502140,6114,31490,383.0,70.0,2026-08-18,2026-08-19
502141,6104,31277,210.0,47.0,2026-08-18,2026-08-19
502142,6053,30823,508.0,38.0,2026-08-18,2026-08-19
502143,6093,30923,584.0,52.61587436332768,2026-08-18,2026-08-19
502144,6132,31334,482.0,56.0,2026-08-18,2026-08-19
502145,6127,30709,526.0,86.0,2026-08-18,2026-08-19
502146,6052,30959,0.0,98.0,2026-08-18,2026-08-19
502147,6059,30629,130.0,74.0,2026-08-18,2026-08-19
502148,6112,31236,765.0,62.0,2026-08-18,2026-08-19
502149,6093,31260,627.0,37.0,2026-08-18,2026-08-19
502150,6046,30608,392.0,59.0,2026-08-18,2026-08-19
502151,6042,30504,68.0,40.0,2026-08-18,2026-08-19
502152,6052,31133,604.0,60.0,2026-08-18,2026-08-19
502153,6108,30122,494.0,55.0,2026-08-18,2026-08-19
502154,6148,30098,634.0,66.0,2026-08-18,2026-08-19
502155,6039,31500,271.0,9.0,2026-08-18,2026-08-19
502156,6134,30282,217.0,52.61587436332768,2026-08-18,2026-08-19
502157,6115,31060,510.0,29.0,2026-08-18,2026-08-19
502158,6073,30897,243.0,98.0,2026-08-18,2026-08-19
502159,6040,30598,564.0,17.0,2026-08-18,2026-08-19
502160,6145,30599,178.0,89.0,2026-08-18,2026-08-19
502161,6125,31123,654.0,35.0,2026-08-18,2026-08-19
502162,6082,30923,45.0,49.0,2026-08-18,2026-08-19
502163,6070,30742,485.0,78.0,2026-08-18,2026-08-19
502164,6140,30823,491.0,29.0,2026-08-18,2026-08-19
502165,6119,31189,387.0,94.0,2026-08-18,2026-08-19
502166,6143,30215,717.0,83.0,2026-08-18,2026-08-19
502167,6072,31147,39.0,13.0,2026-08-18,2026-08-19
502168,6130,30957,497.0,56.0,2026-08-18,2026-08-19
502169,6129,31322,588.0,75.0,2026-08-18,2026-08-19
502170,6060,30186,734.0,85.0,2026-08-18,2026-08-19
502171,6099,30632,88.0,81.0,2026-08-18,2026-08-19
502172,6065,30547,599.0,30.0,2026-08-18,2026-08-19
502173,6096,31225,234.0,9.0,2026-08-18,2026-08-19
502174,6054,31369,14.0,52.61587436332768,2026-08-18,2026-08-19
502175,6081,30129,488.0,98.0,2026-08-18,2026-08-19
502176,6056,31452,107.0,65.0,2026-08-18,2026-08-19
502177,6023,30521,347.0,83.0,2026-08-18,2026-08-19
502178,6106,31126,548.0,74.0,2026-08-18,2026-08-19
502179,6030,30169,526.0,12.0,2026-08-18,2026-08-19
502180,6095,30557,157.0,89.0,2026-08-18,2026-08-19
502181,6147,30227,302.0,21.0,2026-08-18,2026-08-19
502182,6143,30812,577.0,36.0,2026-08-18,2026-08-19
502183,6143,31250,718.0,27.0,2026-08-18,2026-08-19
502184,6001,31036,764.0,97.0,2026-08-18,2026-08-19
502185,6148,31212,713.0,25.0,2026-08-18,2026-08-19
502186,6127,31083,284.0,82.0,2026-08-18,2026-08-19
502187,6110,30399,703.0,76.0,2026-08-18,2026-08-19
502188,6092,30694,402.0,22.0,2026-08-18,2026-08-19
502189,6146,30466,566.0,8.0,2026-08-18,2026-08-19
502190,6009,30750,679.0,22.0,2026-08-18,2026-08-19
502191,6101,30303,441.0,98.0,2026-08-18,2026-08-19
502192,6009,31420,317.0,77.0,2026-08-18,2026-08-19
502193,6091,31479,512.0,68.0,2026-08-18,2026-08-19
502194,6147,30384,503.0,23.0,2026-08-18,2026-08-19
502195,6133,31369,60.0,78.0,2026-08-18,2026-08-19
502196,6085,30674,123.0,97.0,2026-08-18,2026-08-19
502197,6015,30767,700.0,92.0,2026-08-18,2026-08-19
502198,6106,30099,116.0,82.0,2026-08-18,2026-08-19
502199,6078,30112,22.0,31.0,2026-08-18,2026-08-19
502200,6050,30793,373.0,46.0,2026-08-18,2026-08-19
502201,6084,31341,500.0,78.0,2026-08-18,2026-08-19
502202,6060,30751,287.0,41.0,2026-08-18,2026-08-19
502203,6095,30704,34.0,77.0,2026-08-18,2026-08-19
502204,6011,30115,470.0,70.0,2026-08-18,2026-08-19
502205,6093,30962,700.0,37.0,2026-08-18,2026-08-19
502206,6004,30489,467.0,72.0,2026-08-18,2026-08-19
502207,6130,30760,540.0,36.0,2026-08-18,2026-08-19
502208,6098,31002,424.0,69.0,2026-08-18,2026-08-19
502209,6045,30321,501.0,38.0,2026-08-18,2026-08-19
502210,6138,30341,300.0,29.0,2026-08-18,2026-08-19
502211,6075,31305,605.0,42.0,2026-08-18,2026-08-19
502212,6013,30256,243.0,11.0,2026-08-18,2026-08-19
502213,6054,30889,252.0,67.0,2026-08-18,2026-08-19
502214,6015,30980,386.0,30.0,2026-08-18,2026-08-19
502215,6048,31202,594.0,10.0,2026-08-18,2026-08-19
502216,6110,30931,127.0,51.0,2026-08-18,2026-08-19
502217,6121,30298,356.0,31.0,2026-08-18,2026-08-19
502218,6055,30801,152.0,21.0,2026-08-18,2026-08-19
502219,6009,30705,684.0,52.61587436332768,2026-08-18,2026-08-19
502220,6031,30524,378.0,5.0,2026-08-18,2026-08-19
502221,6091,30645,256.0,88.0,2026-08-18,2026-08-19
502222,6080,31475,81.0,59.0,2026-08-18,2026-08-19
502223,6066,30722,286.0,99.0,2026-08-18,2026-08-19
502224,6128,31369,427.0,90.0,2026-08-18,2026-08-19
502225,6050,31009,582.0,48.0,2026-08-18,2026-08-19
502226,6026,31344,203.0,39.0,2026-08-18,2026-08-19
502227,6140,31110,468.0,92.0,2026-08-18,2026-08-19
502228,6018,30684,681.0,38.0,2026-08-18,2026-08-19
502229,6135,31050,360.0,39.0,2026-08-18,2026-08-19
502230,6134,30912,72.0,45.0,2026-08-18,2026-08-19
502231,6143,31379,463.0,71.0,2026-08-18,2026-08-19
502232,6108,30278,726.0,91.0,2026-08-18,2026-08-19
502233,6047,30903,770.0,12.0,2026-08-18,2026-08-19
502234,6021,31373,9.0,52.61587436332768,2026-08-18,2026-08-19
502235,6147,31387,482.0,100.0,2026-08-18,2026-08-19
502236,6056,30068,233.0,67.0,2026-08-18,2026-08-19
502237,6022,31012,584.0,91.0,2026-08-18,2026-08-19
502238,6100,30640,675.0,72.0,2026-08-18,2026-08-19
502239,6048,31426,478.0,28.0,2026-08-18,2026-08-19
502240,6021,30227,176.0,66.0,2026-08-18,2026-08-19
502241,6005,31047,762.0,90.0,2026-08-18,2026-08-19
502242,6078,31363,426.0,24.0,2026-08-18,2026-08-19
502243,6109,31170,746.0,89.0,2026-08-18,2026-08-19
502244,6101,30563,154.0,8.0,2026-08-18,2026-08-19
502245,6073,31479,739.0,24.0,2026-08-18,2026-08-19
502246,6051,31258,520.0,30.0,2026-08-18,2026-08-19
502247,6095,30523,437.0,34.0,2026-08-18,2026-08-19
502248,6047,31411,387.0,52.61587436332768,2026-08-18,2026-08-19
502249,6093,31264,741.0,6.0,2026-08-18,2026-08-19
502250,6097,30261,715.0,24.0,2026-08-18,2026-08-19
502251,6059,30723,118.0,41.0,2026-08-18,2026-08-19
502252,6061,30863,392.0,14.0,2026-08-18,2026-08-19
502253,6056,30340,324.0,36.0,2026-08-18,2026-08-19
502254,6094,31103,124.0,55.0,2026-08-18,2026-08-19
502255,6123,30546,634.0,100.0,2026-08-18,2026-08-19
502256,6102,30403,292.0,74.0,2026-08-18,2026-08-19
502257,6130,31050,740.0,67.0,2026-08-18,2026-08-19
502258,6029,30566,441.0,80.0,2026-08-18,2026-08-19
502259,6014,30351,489.0,27.0,2026-08-18,2026-08-19
502260,6005,30538,61.0,70.0,2026-08-18,2026-08-19
502261,6049,30671,703.0,36.0,2026-08-18,2026-08-19
502262,6051,30710,378.0,83.0,2026-08-18,2026-08-19
502263,6025,30706,130.0,15.0,2026-08-18,2026-08-19
502264,6099,30942,196.0,38.0,2026-08-18,2026-08-19
502265,6009,30503,378.0,91.0,2026-08-18,2026-08-19
502266,6137,31288,306.0,88.0,2026-08-18,2026-08-19
502267,6095,31197,258.0,5.0,2026-08-18,2026-08-19
502268,6028,30925,450.0,35.0,2026-08-18,2026-08-19
502269,6004,30026,178.0,54.0,2026-08-18,2026-08-19
502270,6030,31176,110.0,75.0,2026-08-18,2026-08-19
502271,6020,30409,170.0,82.0,2026-08-18,2026-08-19
502272,6075,30349,731.0,69.0,2026-08-18,2026-08-19
502273,6029,31250,465.0,94.0,2026-08-18,2026-08-19
502274,6129,30202,186.0,53.0,2026-08-18,2026-08-19
502275,6059,30205,135.0,17.0,2026-08-18,2026-08-19
502276,6133,30121,125.0,47.0,2026-08-18,2026-08-19
502277,6107,30282,452.0,53.0,2026-08-18,2026-08-19
502278,6049,30229,358.0,80.0,2026-08-18,2026-08-19
502279,6047,30755,493.0,45.0,2026-08-18,2026-08-19
502280,6052,31365,681.0,73.0,2026-08-18,2026-08-19
502281,6015,30893,126.0,8.0,2026-08-18,2026-08-19
502282,6044,30646,696.0,20.0,2026-08-18,2026-08-19
502283,6101,30069,345.0,8.0,2026-08-18,2026-08-19
502284,6003,31392,181.0,16.0,2026-08-18,2026-08-19
502285,6120,30439,460.0,92.0,2026-08-18,2026-08-19
502286,6020,30689,689.0,8.0,2026-08-18,2026-08-19
502287,6121,31328,545.0,94.0,2026-08-18,2026-08-19
502288,6054,30377,770.0,39.0,2026-08-18,2026-08-19
502289,6149,30644,562.0,64.0,2026-08-18,2026-08-19
502290,6110,30005,317.0,57.0,2026-08-18,2026-08-19
502291,6054,30178,259.0,71.0,2026-08-18,2026-08-19
502292,6089,31376,0.0,88.0,2026-08-18,2026-08-19
502293,6096,31335,85.0,56.0,2026-08-18,2026-08-19
502294,6042,31074,704.0,92.0,2026-08-18,2026-08-19
502295,6142,30492,514.0,53.0,2026-08-18,2026-08-19
502296,6074,31212,154.0,74.0,2026-08-18,2026-08-19
502297,6143,30691,599.0,83.0,2026-08-18,2026-08-19
502298,6068,31117,223.0,52.61587436332768,2026-08-18,2026-08-19
502299,6047,30003,471.0,21.0,2026-08-18,2026-08-19
502300,6119,30971,719.0,40.0,2026-08-18,2026-08-19
502301,6063,30183,146.0,54.0,2026-08-18,2026-08-19
502302,6093,30742,488.0,56.0,2026-08-18,2026-08-19
502303,6107,30426,581.0,16.0,2026-08-18,2026-08-19
502304,6120,30886,195.0,50.0,2026-08-18,2026-08-19
502305,6040,31435,757.0,31.0,2026-08-18,2026-08-19
502306,6039,30507,231.0,89.0,2026-08-18,2026-08-19
502307,6145,31124,514.0,39.0,2026-08-18,2026-08-19
502308,6130,30843,334.0,94.0,2026-08-18,2026-08-19
502309,6088,30930,597.0,21.0,2026-08-18,2026-08-19
502310,6097,30372,85.0,59.0,2026-08-18,2026-08-19
502311,6068,30429,129.0,62.0,2026-08-18,2026-08-19
502312,6121,30162,230.0,16.0,2026-08-18,2026-08-19
502313,6001,31154,616.0,80.0,2026-08-18,2026-08-19
502314,6149,30513,372.0,99.0,2026-08-18,2026-08-19
502315,6081,30377,773.0,31.0,2026-08-18,2026-08-19
502316,6126,30519,171.0,14.0,2026-08-18,2026-08-19
502317,6116,30277,760.0,27.0,2026-08-18,2026-08-19
502318,6109,31336,360.0,72.0,2026-08-18,2026-08-19
502319,6098,30082,603.0,37.0,2026-08-18,2026-08-19
502320,6046,31125,613.0,88.0,2026-08-18,2026-08-19
502321,6103,30633,547.0,42.0,2026-08-18,2026-08-19
502322,6081,31261,692.0,58.0,2026-08-18,2026-08-19
502323,6145,30035,477.0,70.0,2026-08-18,2026-08-19
502324,6054,30388,94.0,63.0,2026-08-18,2026-08-19
502325,6089,30621,794.0,69.0,2026-08-18,2026-08-19
502326,6066,31395,397.0,41.0,2026-08-18,2026-08-19
502327,6107,30851,154.0,69.0,2026-08-18,2026-08-19
502328,6118,30992,44.0,47.0,2026-08-18,2026-08-19
502329,6138,31071,511.0,32.0,2026-08-18,2026-08-19
502330,6093,30267,521.0,65.0,2026-08-18,2026-08-19
502331,6007,30846,553.0,64.0,2026-08-18,2026-08-19
502332,6029,30185,485.0,13.0,2026-08-18,2026-08-19
502333,6042,30783,252.0,90.0,2026-08-18,2026-08-19
502334,6115,30781,575.0,25.0,2026-08-18,2026-08-19
502335,6147,30960,175.0,75.0,2026-08-18,2026-08-19
502336,6055,31367,202.0,49.0,2026-08-18,2026-08-19
502337,6132,30094,146.0,16.0,2026-08-18,2026-08-19
502338,6047,30525,388.0,6.0,2026-08-18,2026-08-19
502339,6112,30375,24.0,98.0,2026-08-18,2026-08-19
502340,6133,30277,768.0,56.0,2026-08-18,2026-08-19
502341,6013,31471,74.0,58.0,2026-08-18,2026-08-19
502342,6025,30200,535.0,31.0,2026-08-18,2026-08-19
502343,6002,31205,90.0,63.0,2026-08-18,2026-08-19
502344,6034,31251,778.0,82.0,2026-08-18,2026-08-19
502345,6051,30099,672.0,74.0,2026-08-18,2026-08-19
502346,6106,31335,705.0,11.0,2026-08-18,2026-08-19
502347,6086,30702,688.0,94.0,2026-08-18,2026-08-19
502348,6148,30230,148.0,53.0,2026-08-18,2026-08-19
502349,6003,30752,147.0,29.0,2026-08-18,2026-08-19
502350,6048,30855,193.0,48.0,2026-08-18,2026-08-19
502351,6101,30581,609.0,32.0,2026-08-18,2026-08-19
502352,6046,30104,30.0,91.0,2026-08-18,2026-08-19
502353,6032,30443,424.0,12.0,2026-08-18,2026-08-19
502354,6023,31102,606.0,47.0,2026-08-18,2026-08-19
502355,6094,30920,344.0,50.0,2026-08-18,2026-08-19
502356,6018,30626,441.0,52.61587436332768,2026-08-18,2026-08-19
502357,6041,31011,466.0,90.0,2026-08-18,2026-08-19
502358,6079,30027,261.0,37.0,2026-08-18,2026-08-19
502359,6109,30790,0.0,33.0,2026-08-18,2026-08-19
502360,6091,30469,182.0,77.0,2026-08-18,2026-08-19
502361,6024,31220,466.0,52.61587436332768,2026-08-18,2026-08-19
502362,6042,30680,632.0,86.0,2026-08-18,2026-08-19
502363,6020,30377,445.0,45.0,2026-08-18,2026-08-19
502364,6064,31040,418.0,19.0,2026-08-18,2026-08-19
502365,6046,30143,49.0,43.0,2026-08-18,2026-08-19
502366,6028,31044,740.0,52.61587436332768,2026-08-18,2026-08-19
502367,6003,30293,511.0,71.0,2026-08-18,2026-08-19
502368,6143,30117,0.0,98.0,2026-08-18,2026-08-19
502369,6082,30072,201.0,48.0,2026-08-18,2026-08-19
502370,6136,30568,333.0,27.0,2026-08-18,2026-08-19
502371,6062,30806,503.0,61.0,2026-08-18,2026-08-19
502372,6042,31211,550.0,69.0,2026-08-18,2026-08-19
502373,6149,30107,387.0,43.0,2026-08-18,2026-08-19
502374,6121,31050,656.0,23.0,2026-08-18,2026-08-19
502375,6030,30083,379.0,27.0,2026-08-18,2026-08-19
502376,6104,31060,197.0,64.0,2026-08-18,2026-08-19
502377,6131,30773,0.0,35.0,2026-08-18,2026-08-19
502378,6062,31320,443.0,88.0,2026-08-18,2026-08-19
502379,6009,30168,151.0,8.0,2026-08-18,2026-08-19
502380,6065,31491,547.0,32.0,2026-08-18,2026-08-19
502381,6099,30111,308.0,22.0,2026-08-18,2026-08-19
502382,6033,31206,536.0,42.0,2026-08-18,2026-08-19
502383,6108,30069,750.0,27.0,2026-08-18,2026-08-19
502384,6012,31350,24.0,98.0,2026-08-18,2026-08-19
502385,6102,30816,487.0,88.0,2026-08-18,2026-08-19
502386,6112,30780,622.0,64.0,2026-08-18,2026-08-19
502387,6044,31007,153.0,33.0,2026-08-18,2026-08-19
502388,6113,30887,691.0,93.0,2026-08-18,2026-08-19
502389,6031,31122,493.0,96.0,2026-08-18,2026-08-19
502390,6006,30561,81.0,52.61587436332768,2026-08-18,2026-08-19
502391,6008,31251,794.0,19.0,2026-08-18,2026-08-19
502392,6039,30370,480.0,92.0,2026-08-18,2026-08-19
502393,6133,30364,343.0,52.61587436332768,2026-08-18,2026-08-19
502394,6133,30642,656.0,46.0,2026-08-18,2026-08-19
502395,6105,31445,282.0,23.0,2026-08-18,2026-08-19
502396,6013,30348,797.0,52.61587436332768,2026-08-18,2026-08-19
502397,6098,30386,276.0,76.0,2026-08-18,2026-08-19
502398,6118,30197,743.0,30.0,2026-08-18,2026-08-19
502399,6143,30733,553.0,14.0,2026-08-18,2026-08-19
502400,6115,30068,412.0,32.0,2026-08-18,2026-08-19
502401,6048,30986,686.0,40.0,2026-08-18,2026-08-19
502402,6046,30376,672.0,42.0,2026-08-18,2026-08-19
502403,6053,31302,31.0,70.0,2026-08-18,2026-08-19
502404,6123,31343,404.0,39.0,2026-08-18,2026-08-19
502405,6119,31474,741.0,66.0,2026-08-18,2026-08-19
502406,6028,30314,720.0,35.0,2026-08-18,2026-08-19
502407,6144,31029,440.0,45.0,2026-08-18,2026-08-19
502408,6042,30715,9.0,83.0,2026-08-18,2026-08-19
502409,6083,30536,602.0,45.0,2026-08-18,2026-08-19
502410,6112,31355,374.0,24.0,2026-08-18,2026-08-19
502411,6115,30699,206.0,47.0,2026-08-18,2026-08-19
502412,6029,31329,154.0,21.0,2026-08-18,2026-08-19
502413,6135,30379,607.0,39.0,2026-08-18,2026-08-19
502414,6047,30333,10.0,31.0,2026-08-18,2026-08-19
502415,6059,30780,144.0,52.61587436332768,2026-08-18,2026-08-19
502416,6100,30729,99.0,52.61587436332768,2026-08-18,2026-08-19
502417,6041,30258,27.0,90.0,2026-08-18,2026-08-19
502418,6019,30359,4.0,72.0,2026-08-18,2026-08-19
502419,6060,30768,772.0,96.0,2026-08-18,2026-08-19
502420,6078,30727,86.0,92.0,2026-08-18,2026-08-19
502421,6095,30248,205.0,45.0,2026-08-18,2026-08-19
502422,6021,31468,65.0,78.0,2026-08-18,2026-08-19
502423,6061,30658,565.0,49.0,2026-08-18,2026-08-19
502424,6114,30055,470.0,75.0,2026-08-18,2026-08-19
502425,6050,30413,550.0,69.0,2026-08-18,2026-08-19
502426,6146,31303,367.0,35.0,2026-08-18,2026-08-19
502427,6032,30728,728.0,8.0,2026-08-18,2026-08-19
502428,6095,31245,31.0,39.0,2026-08-18,2026-08-19
502429,6023,31215,678.0,47.0,2026-08-18,2026-08-19
502430,6143,31426,333.0,34.0,2026-08-18,2026-08-19
502431,6056,30980,222.0,26.0,2026-08-18,2026-08-19
502432,6053,30428,213.0,79.0,2026-08-18,2026-08-19
502433,6044,30446,89.0,61.0,2026-08-18,2026-08-19
502434,6123,30657,0.0,6.0,2026-08-18,2026-08-19
502435,6077,30442,219.0,57.0,2026-08-18,2026-08-19
502436,6005,31401,326.0,6.0,2026-08-18,2026-08-19
502437,6139,30370,0.0,20.0,2026-08-18,2026-08-19
502438,6031,31308,117.0,94.0,2026-08-18,2026-08-19
502439,6013,31372,403.0,9.0,2026-08-18,2026-08-19
502440,6144,30225,680.0,65.0,2026-08-18,2026-08-19
502441,6039,31070,470.0,31.0,2026-08-18,2026-08-19
502442,6029,30587,62.0,66.0,2026-08-18,2026-08-19
502443,6140,30237,716.0,8.0,2026-08-18,2026-08-19
502444,6067,30826,404.0,91.0,2026-08-18,2026-08-19
502445,6037,30721,315.0,58.0,2026-08-18,2026-08-19
502446,6081,31015,277.0,76.0,2026-08-18,2026-08-19
502447,6012,30315,322.0,67.0,2026-08-18,2026-08-19
502448,6049,31167,135.0,71.0,2026-08-18,2026-08-19
502449,6042,30705,591.0,30.0,2026-08-18,2026-08-19
502450,6053,30643,674.0,49.0,2026-08-18,2026-08-19
502451,6040,31380,28.0,88.0,2026-08-18,2026-08-19
502452,6048,30268,282.0,16.0,2026-08-18,2026-08-19
502453,6081,31467,699.0,44.0,2026-08-18,2026-08-19
502454,6028,30774,445.0,10.0,2026-08-18,2026-08-19
502455,6072,31187,628.0,84.0,2026-08-18,2026-08-19
502456,6081,30439,256.0,87.0,2026-08-18,2026-08-19
502457,6104,30954,76.0,52.0,2026-08-18,2026-08-19
502458,6107,30507,301.0,14.0,2026-08-18,2026-08-19
502459,6097,30227,356.0,8.0,2026-08-18,2026-08-19
502460,6092,30722,470.0,52.61587436332768,2026-08-18,2026-08-19
502461,6054,31076,584.0,97.0,2026-08-18,2026-08-19
502462,6044,31403,307.0,90.0,2026-08-18,2026-08-19
502463,6117,31242,178.0,55.0,2026-08-18,2026-08-19
502464,6114,30602,508.0,52.0,2026-08-18,2026-08-19
502465,6044,31346,654.0,30.0,2026-08-18,2026-08-19
502466,6025,31386,171.0,80.0,2026-08-18,2026-08-19
502467,6017,30612,474.0,11.0,2026-08-18,2026-08-19
502468,6073,31062,460.0,93.0,2026-08-18,2026-08-19
502469,6102,30515,426.0,13.0,2026-08-18,2026-08-19
502470,6075,31370,251.0,24.0,2026-08-18,2026-08-19
502471,6061,30831,195.0,96.0,2026-08-18,2026-08-19
502472,6018,31407,14.0,55.0,2026-08-18,2026-08-19
502473,6070,30724,620.0,14.0,2026-08-18,2026-08-19
502474,6048,30179,622.0,62.0,2026-08-18,2026-08-19
502475,6054,30088,307.0,98.0,2026-08-18,2026-08-19
502476,6105,31247,569.0,89.0,2026-08-18,2026-08-19
502477,6042,31308,620.0,79.0,2026-08-18,2026-08-19
502478,6138,30494,212.0,55.0,2026-08-18,2026-08-19
502479,6007,30876,0.0,82.0,2026-08-18,2026-08-19
502480,6002,30937,38.0,12.0,2026-08-18,2026-08-19
502481,6102,31485,138.0,9.0,2026-08-18,2026-08-19
502482,6008,31300,509.0,88.0,2026-08-18,2026-08-19
502483,6070,31395,54.0,52.61587436332768,2026-08-18,2026-08-19
502484,6114,30020,162.0,14.0,2026-08-18,2026-08-19
502485,6033,30499,352.0,34.0,2026-08-18,2026-08-19
502486,6131,30587,213.0,20.0,2026-08-18,2026-08-19
502487,6053,31465,510.0,32.0,2026-08-18,2026-08-19
502488,6030,30860,0.0,11.0,2026-08-18,2026-08-19
502489,6060,30316,53.0,98.0,2026-08-18,2026-08-19
502490,6069,30347,753.0,27.0,2026-08-18,2026-08-19
502491,6003,30317,631.0,50.0,2026-08-18,2026-08-19
502492,6089,30438,563.0,27.0,2026-08-18,2026-08-19
502493,6133,31441,501.0,27.0,2026-08-18,2026-08-19
502494,6068,30785,160.0,31.0,2026-08-18,2026-08-19
502495,6011,30859,41.0,6.0,2026-08-18,2026-08-19
502496,6019,31091,97.0,60.0,2026-08-18,2026-08-19
502497,6030,30247,722.0,97.0,2026-08-18,2026-08-19
502498,6064,30943,501.0,69.0,2026-08-18,2026-08-19
502499,6128,31181,165.0,60.0,2026-08-18,2026-08-19
502500,6055,30379,33.0,65.0,2026-08-18,2026-08-19
